original_word,porter,snowball,lancaster,algorithms_agreeing,distinct_stems,notes
$ 6.1 billion,$ 6.1 billion,$ 6.1 billion,$ 6.1 billion,true,$ 6.1 billion,all algorithms agree
$25 billion,$25 billion,$25 billion,$25 billion,true,$25 billion,all algorithms agree
$55 billion,$55 billion,$55 billion,$55 billion,true,$55 billion,all algorithms agree
$840 billion,$840 billion,$840 billion,$840 billion,true,$840 billion,all algorithms agree
're,'re,re,'re,false,'re;re,algorithms diverge (snowball_english reduce this form)
's,'s,'s,'s,true,'s,all algorithms agree
+15.3 percent,+15.3 percent,+15.3 percent,+15.3 percent,true,+15.3 percent,all algorithms agree
+4.5 percent,+4.5 percent,+4.5 percent,+4.5 percent,true,+4.5 percent,all algorithms agree
+8.1 per cent,+8.1 per cent,+8.1 per cent,+8.1 per cent,true,+8.1 per cent,all algorithms agree
+8.4 per cent,+8.4 per cent,+8.4 per cent,+8.4 per cent,true,+8.4 per cent,all algorithms agree
+ci,+ci,+ci,+ci,true,+ci,all algorithms agree
+ve,+ve,+ve,+ve,true,+ve,all algorithms agree
+βi,+βi,+βi,+βi,true,+βi,all algorithms agree
+μi+єi,+μi+єi,+μi+єi,+μi+єi,true,+μi+єi,all algorithms agree
-0.5 per cent,-0.5 per cent,-0.5 per cent,-0.5 per cent,true,-0.5 per cent,all algorithms agree
-0.6 per cent,-0.6 per cent,-0.6 per cent,-0.6 per cent,true,-0.6 per cent,all algorithms agree
-1 per cent,-1 per cent,-1 per cent,-1 per cent,true,-1 per cent,all algorithms agree
-1 percent,-1 percent,-1 percent,-1 percent,true,-1 percent,all algorithms agree
-1.3 per cent,-1.3 per cent,-1.3 per cent,-1.3 per cent,true,-1.3 per cent,all algorithms agree
-1.6 per cent,-1.6 per cent,-1.6 per cent,-1.6 per cent,true,-1.6 per cent,all algorithms agree
-1.8 per cent,-1.8 per cent,-1.8 per cent,-1.8 per cent,true,-1.8 per cent,all algorithms agree
-1.9 per cent,-1.9 per cent,-1.9 per cent,-1.9 per cent,true,-1.9 per cent,all algorithms agree
-10 per cent,-10 per cent,-10 per cent,-10 per cent,true,-10 per cent,all algorithms agree
-10.1 per cent,-10.1 per cent,-10.1 per cent,-10.1 per cent,true,-10.1 per cent,all algorithms agree
-100 per cent,-100 per cent,-100 per cent,-100 per cent,true,-100 per cent,all algorithms agree
-12 per cent,-12 per cent,-12 per cent,-12 per cent,true,-12 per cent,all algorithms agree
-13 per cent,-13 per cent,-13 per cent,-13 per cent,true,-13 per cent,all algorithms agree
-14 per cent,-14 per cent,-14 per cent,-14 per cent,true,-14 per cent,all algorithms agree
-14.1 per cent,-14.1 per cent,-14.1 per cent,-14.1 per cent,true,-14.1 per cent,all algorithms agree
-14.6 per cent,-14.6 per cent,-14.6 per cent,-14.6 per cent,true,-14.6 per cent,all algorithms agree
-15 per cent,-15 per cent,-15 per cent,-15 per cent,true,-15 per cent,all algorithms agree
-16 per cent,-16 per cent,-16 per cent,-16 per cent,true,-16 per cent,all algorithms agree
-17 per cent,-17 per cent,-17 per cent,-17 per cent,true,-17 per cent,all algorithms agree
-18 per cent,-18 per cent,-18 per cent,-18 per cent,true,-18 per cent,all algorithms agree
-2 per cent,-2 per cent,-2 per cent,-2 per cent,true,-2 per cent,all algorithms agree
-2.2 per cent,-2.2 per cent,-2.2 per cent,-2.2 per cent,true,-2.2 per cent,all algorithms agree
-20  per cent,-20  per cent,-20  per cent,-20  per cent,true,-20  per cent,all algorithms agree
-20 per cent,-20 per cent,-20 per cent,-20 per cent,true,-20 per cent,all algorithms agree
-21 per cent,-21 per cent,-21 per cent,-21 per cent,true,-21 per cent,all algorithms agree
-23 per cent,-23 per cent,-23 per cent,-23 per cent,true,-23 per cent,all algorithms agree
-23.7 per cent,-23.7 per cent,-23.7 per cent,-23.7 per cent,true,-23.7 per cent,all algorithms agree
-25 per cent,-25 per cent,-25 per cent,-25 per cent,true,-25 per cent,all algorithms agree
-29 per cent,-29 per cent,-29 per cent,-29 per cent,true,-29 per cent,all algorithms agree
-3 per cent,-3 per cent,-3 per cent,-3 per cent,true,-3 per cent,all algorithms agree
-3.6 per cent,-3.6 per cent,-3.6 per cent,-3.6 per cent,true,-3.6 per cent,all algorithms agree
-3.8 per cent,-3.8 per cent,-3.8 per cent,-3.8 per cent,true,-3.8 per cent,all algorithms agree
-30 per cent,-30 per cent,-30 per cent,-30 per cent,true,-30 per cent,all algorithms agree
-32 per cent,-32 per cent,-32 per cent,-32 per cent,true,-32 per cent,all algorithms agree
-37 per cent,-37 per cent,-37 per cent,-37 per cent,true,-37 per cent,all algorithms agree
-4 per cent,-4 per cent,-4 per cent,-4 per cent,true,-4 per cent,all algorithms agree
-40 per cent,-40 per cent,-40 per cent,-40 per cent,true,-40 per cent,all algorithms agree
-49 per cent,-49 per cent,-49 per cent,-49 per cent,true,-49 per cent,all algorithms agree
-5 per cent,-5 per cent,-5 per cent,-5 per cent,true,-5 per cent,all algorithms agree
-50 per cent,-50 per cent,-50 per cent,-50 per cent,true,-50 per cent,all algorithms agree
-6 per cent,-6 per cent,-6 per cent,-6 per cent,true,-6 per cent,all algorithms agree
-7.7 per cent,-7.7 per cent,-7.7 per cent,-7.7 per cent,true,-7.7 per cent,all algorithms agree
-70 per cent,-70 per cent,-70 per cent,-70 per cent,true,-70 per cent,all algorithms agree
-8 per cent,-8 per cent,-8 per cent,-8 per cent,true,-8 per cent,all algorithms agree
-8.5 per cent,-8.5 per cent,-8.5 per cent,-8.5 per cent,true,-8.5 per cent,all algorithms agree
-8.7 per cent,-8.7 per cent,-8.7 per cent,-8.7 per cent,true,-8.7 per cent,all algorithms agree
-9 per cent,-9 per cent,-9 per cent,-9 per cent,true,-9 per cent,all algorithms agree
-90 per cent,-90 per cent,-90 per cent,-90 per cent,true,-90 per cent,all algorithms agree
-advance,-advanc,-advanc,-advance,false,-advanc;-advance,"algorithms diverge (porter, snowball_english reduce this form)"
-ahead,-ahead,-ahead,-ahead,true,-ahead,all algorithms agree
-based,-base,-base,-based,false,-base;-based,"algorithms diverge (porter, snowball_english reduce this form)"
-bps,-bp,-bps,-bps,false,-bp;-bps,algorithms diverge (porter reduce this form)
-core,-core,-core,-core,true,-core,all algorithms agree
-crore,-crore,-crore,-crore,true,-crore,all algorithms agree
-d,-d,-d,-d,true,-d,all algorithms agree
-day,-day,-day,-day,true,-day,all algorithms agree
-especially,-especi,-especi,-especially,false,-especi;-especially,"algorithms diverge (porter, snowball_english reduce this form)"
-fold,-fold,-fold,-fold,true,-fold,all algorithms agree
-from,-from,-from,-from,true,-from,all algorithms agree
-grade,-grade,-grade,-grade,true,-grade,all algorithms agree
-gramin,-gramin,-gramin,-gramin,true,-gramin,all algorithms agree
-h,-h,-h,-h,true,-h,all algorithms agree
-hour,-hour,-hour,-hour,true,-hour,all algorithms agree
-i,-i,-i,-i,true,-i,all algorithms agree
-including,-includ,-includ,-including,false,-includ;-including,"algorithms diverge (porter, snowball_english reduce this form)"
-is,-i,-is,-is,false,-i;-is,algorithms diverge (porter reduce this form)
-item,-item,-item,-item,true,-item,all algorithms agree
-kilometre,-kilometr,-kilometr,-kilometre,false,-kilometr;-kilometre,"algorithms diverge (porter, snowball_english reduce this form)"
-m,-m,-m,-m,true,-m,all algorithms agree
-mar,-mar,-mar,-mar,true,-mar,all algorithms agree
-minute,-minut,-minut,-minute,false,-minut;-minute,"algorithms diverge (porter, snowball_english reduce this form)"
-month,-month,-month,-month,true,-month,all algorithms agree
-percentage-point,-percentage-point,-percentage-point,-percentage-point,true,-percentage-point,all algorithms agree
-planned,-plan,-plan,-planned,false,-plan;-planned,"algorithms diverge (porter, snowball_english reduce this form)"
-quarters,-quarter,-quarter,-quarters,false,-quarter;-quarters,"algorithms diverge (porter, snowball_english reduce this form)"
-should,-should,-should,-should,true,-should,all algorithms agree
-star,-star,-star,-star,true,-star,all algorithms agree
-such,-such,-such,-such,true,-such,all algorithms agree
-the,-the,-the,-the,true,-the,all algorithms agree
-time,-time,-time,-time,true,-time,all algorithms agree
-to-gdp,-to-gdp,-to-gdp,-to-gdp,true,-to-gdp,all algorithms agree
-ton,-ton,-ton,-ton,true,-ton,all algorithms agree
-tonnes,-tonn,-tonn,-tonnes,false,-tonn;-tonnes,"algorithms diverge (porter, snowball_english reduce this form)"
-tpd,-tpd,-tpd,-tpd,true,-tpd,all algorithms agree
-ujala,-ujala,-ujala,-ujala,true,-ujala,all algorithms agree
-urban,-urban,-urban,-urban,true,-urban,all algorithms agree
-ve,-ve,-ve,-ve,true,-ve,all algorithms agree
-was,-wa,-was,-was,false,-wa;-was,algorithms diverge (porter reduce this form)
-week,-week,-week,-week,true,-week,all algorithms agree
-year,-year,-year,-year,true,-year,all algorithms agree
-year-olds,-year-old,-year-old,-year-olds,false,-year-old;-year-olds,"algorithms diverge (porter, snowball_english reduce this form)"
-yearly,-yearli,-year,-yearly,false,-year;-yearli;-yearly,"algorithms diverge (porter, snowball_english reduce this form)"
-yearly/,-yearly/,-yearly/,-yearly/,true,-yearly/,all algorithms agree
-α,-α,-α,-α,true,-α,all algorithms agree
.brk,.brk,.brk,.brk,true,.brk,all algorithms agree
.mf,.mf,.mf,.mf,true,.mf,all algorithms agree
.nrsc.gov.in/bhuvan_ntl/,.nrsc.gov.in/bhuvan_ntl/,.nrsc.gov.in/bhuvan_ntl/,.nrsc.gov.in/bhuvan_ntl/,true,.nrsc.gov.in/bhuvan_ntl/,all algorithms agree
.o,.o,.o,.o,true,.o,all algorithms agree
.pdf,.pdf,.pdf,.pdf,true,.pdf,all algorithms agree
.the,.the,.the,.the,true,.the,all algorithms agree
.xml,.xml,.xml,.xml,true,.xml,all algorithms agree
//aim.gov.in/images/waste-water-ver,//aim.gov.in/images/waste-water-v,//aim.gov.in/images/waste-water-v,//aim.gov.in/images/waste-water-ver,false,//aim.gov.in/images/waste-water-v;//aim.gov.in/images/waste-water-ver,"algorithms diverge (porter, snowball_english reduce this form)"
//bhoopalapally.telangana.gov.in/tourist-place/kaleshwaram-lift-irrigation-project/,//bhoopalapally.telangana.gov.in/tourist-place/kaleshwaram-lift-irrigation-project/,//bhoopalapally.telangana.gov.in/tourist-place/kaleshwaram-lift-irrigation-project/,//bhoopalapally.telangana.gov.in/tourist-place/kaleshwaram-lift-irrigation-project/,true,//bhoopalapally.telangana.gov.in/tourist-place/kaleshwaram-lift-irrigation-project/,all algorithms agree
//bhuvan-app,//bhuvan-app,//bhuvan-app,//bhuvan-app,true,//bhuvan-app,all algorithms agree
//budgetlab,//budgetlab,//budgetlab,//budgetlab,true,//budgetlab,all algorithms agree
//cbseacademic.nic.in/web_material/circulars/,//cbseacademic.nic.in/web_material/circulars/,//cbseacademic.nic.in/web_material/circulars/,//cbseacademic.nic.in/web_material/circulars/,true,//cbseacademic.nic.in/web_material/circulars/,all algorithms agree
//cdnbbsr.s,//cdnbbsr.,//cdnbbsr.s,//cdnbbsr.s,false,//cdnbbsr.;//cdnbbsr.s,algorithms diverge (porter reduce this form)
//cea.nic.in/,//cea.nic.in/,//cea.nic.in/,//cea.nic.in/,true,//cea.nic.in/,all algorithms agree
//consumeraffairs.nic.in,//consumeraffairs.nic.in,//consumeraffairs.nic.in,//consumeraffairs.nic.in,true,//consumeraffairs.nic.in,all algorithms agree
//data.humdata.org/dataset/social-connectedness-index,//data.humdata.org/dataset/social-connectedness-index,//data.humdata.org/dataset/social-connectedness-index,//data.humdata.org/dataset/social-connectedness-index,true,//data.humdata.org/dataset/social-connectedness-index,all algorithms agree
//dataforgood.facebook.com/,//dataforgood.facebook.com/,//dataforgood.facebook.com/,//dataforgood.facebook.com/,true,//dataforgood.facebook.com/,all algorithms agree
//doi,//doi,//doi,//doi,true,//doi,all algorithms agree
//doi.org/,//doi.org/,//doi.org/,//doi.org/,true,//doi.org/,all algorithms agree
//eadjudication.sebi,//eadjudication.sebi,//eadjudication.sebi,//eadjudication.sebi,true,//eadjudication.sebi,all algorithms agree
//fisheries.bihar.gov.in/stateschemes.aspx,//fisheries.bihar.gov.in/stateschemes.aspx,//fisheries.bihar.gov.in/stateschemes.aspx,//fisheries.bihar.gov.in/stateschemes.aspx,true,//fisheries.bihar.gov.in/stateschemes.aspx,all algorithms agree
//gad.ap.gov.in/,//gad.ap.gov.in/,//gad.ap.gov.in/,//gad.ap.gov.in/,true,//gad.ap.gov.in/,all algorithms agree
//icrier.org/pdf/ultra_processed_food.pdf,//icrier.org/pdf/ultra_processed_food.pdf,//icrier.org/pdf/ultra_processed_food.pdf,//icrier.org/pdf/ultra_processed_food.pdf,true,//icrier.org/pdf/ultra_processed_food.pdf,all algorithms agree
//investor.sebi.gov.in,//investor.sebi.gov.in,//investor.sebi.gov.in,//investor.sebi.gov.in,true,//investor.sebi.gov.in,all algorithms agree
//investor.sebi.gov.in/,//investor.sebi.gov.in/,//investor.sebi.gov.in/,//investor.sebi.gov.in/,true,//investor.sebi.gov.in/,all algorithms agree
//mi.sebi.gov.in/,//mi.sebi.gov.in/,//mi.sebi.gov.in/,//mi.sebi.gov.in/,true,//mi.sebi.gov.in/,all algorithms agree
//missionkakatiya.cgg.gov.in/,//missionkakatiya.cgg.gov.in/,//missionkakatiya.cgg.gov.in/,//missionkakatiya.cgg.gov.in/,true,//missionkakatiya.cgg.gov.in/,all algorithms agree
//nflq.nism.ac.in/,//nflq.nism.ac.in/,//nflq.nism.ac.in/,//nflq.nism.ac.in/,true,//nflq.nism.ac.in/,all algorithms agree
//nism.ac.in,//nism.ac.in,//nism.ac.in,//nism.ac.in,true,//nism.ac.in,all algorithms agree
//online.nism.ac.in,//online.nism.ac.in,//online.nism.ac.in,//online.nism.ac.in,true,//online.nism.ac.in,all algorithms agree
//pledge.cvc.nic.in/,//pledge.cvc.nic.in/,//pledge.cvc.nic.in/,//pledge.cvc.nic.in/,true,//pledge.cvc.nic.in/,all algorithms agree
//rkvy.da.gov.in/uploads/sucessstory/gujarat/,//rkvy.da.gov.in/uploads/sucessstory/gujarat/,//rkvy.da.gov.in/uploads/sucessstory/gujarat/,//rkvy.da.gov.in/uploads/sucessstory/gujarat/,true,//rkvy.da.gov.in/uploads/sucessstory/gujarat/,all algorithms agree
//rtionline.gov.in,//rtionline.gov.in,//rtionline.gov.in,//rtionline.gov.in,true,//rtionline.gov.in,all algorithms agree
//sansad.in/getfile/annex/,//sansad.in/getfile/annex/,//sansad.in/getfile/annex/,//sansad.in/getfile/annex/,true,//sansad.in/getfile/annex/,all algorithms agree
//sebi.gov.in,//sebi.gov.in,//sebi.gov.in,//sebi.gov.in,true,//sebi.gov.in,all algorithms agree
//secure.sebi.gov.in,//secure.sebi.gov.in,//secure.sebi.gov.in,//secure.sebi.gov.in,true,//secure.sebi.gov.in,all algorithms agree
//sice.nism.ac.in/,//sice.nism.ac.in/,//sice.nism.ac.in/,//sice.nism.ac.in/,true,//sice.nism.ac.in/,all algorithms agree
//soilhealth.dac.gov.in/,//soilhealth.dac.gov.in/,//soilhealth.dac.gov.in/,//soilhealth.dac.gov.in/,true,//soilhealth.dac.gov.in/,all algorithms agree
//tinyurl,//tinyurl,//tinyurl,//tinyurl,true,//tinyurl,all algorithms agree
//tinyurl.com/,//tinyurl.com/,//tinyurl.com/,//tinyurl.com/,true,//tinyurl.com/,all algorithms agree
//tinyurl.com/bbce,//tinyurl.com/bbc,//tinyurl.com/bbc,//tinyurl.com/bbce,false,//tinyurl.com/bbc;//tinyurl.com/bbce,"algorithms diverge (porter, snowball_english reduce this form)"
//tinyurl.com/bde,//tinyurl.com/bd,//tinyurl.com/bd,//tinyurl.com/bde,false,//tinyurl.com/bd;//tinyurl.com/bde,"algorithms diverge (porter, snowball_english reduce this form)"
//tinyurl.com/bdfu,//tinyurl.com/bdfu,//tinyurl.com/bdfu,//tinyurl.com/bdfu,true,//tinyurl.com/bdfu,all algorithms agree
//tinyurl.com/bdfuwfdc,//tinyurl.com/bdfuwfdc,//tinyurl.com/bdfuwfdc,//tinyurl.com/bdfuwfdc,true,//tinyurl.com/bdfuwfdc,all algorithms agree
//tinyurl.com/f,//tinyurl.com/f,//tinyurl.com/f,//tinyurl.com/f,true,//tinyurl.com/f,all algorithms agree
//tinyurl.com/mpdyxra,//tinyurl.com/mpdyxra,//tinyurl.com/mpdyxra,//tinyurl.com/mpdyxra,true,//tinyurl.com/mpdyxra,all algorithms agree
//tinyurl.com/mr,//tinyurl.com/mr,//tinyurl.com/mr,//tinyurl.com/mr,true,//tinyurl.com/mr,all algorithms agree
//tinyurl.com/mrcxmn,//tinyurl.com/mrcxmn,//tinyurl.com/mrcxmn,//tinyurl.com/mrcxmn,true,//tinyurl.com/mrcxmn,all algorithms agree
//tinyurl.com/ms,//tinyurl.com/m,//tinyurl.com/m,//tinyurl.com/ms,false,//tinyurl.com/m;//tinyurl.com/ms,"algorithms diverge (porter, snowball_english reduce this form)"
//tinyurl.com/msc,//tinyurl.com/msc,//tinyurl.com/msc,//tinyurl.com/msc,true,//tinyurl.com/msc,all algorithms agree
//tinyurl.com/mt,//tinyurl.com/mt,//tinyurl.com/mt,//tinyurl.com/mt,true,//tinyurl.com/mt,all algorithms agree
//tinyurl.com/mwz,//tinyurl.com/mwz,//tinyurl.com/mwz,//tinyurl.com/mwz,true,//tinyurl.com/mwz,all algorithms agree
//tinyurl.com/nhjsmw,//tinyurl.com/nhjsmw,//tinyurl.com/nhjsmw,//tinyurl.com/nhjsmw,true,//tinyurl.com/nhjsmw,all algorithms agree
//tinyurl.com/p,//tinyurl.com/p,//tinyurl.com/p,//tinyurl.com/p,true,//tinyurl.com/p,all algorithms agree
//tinyurl.com/pz,//tinyurl.com/pz,//tinyurl.com/pz,//tinyurl.com/pz,true,//tinyurl.com/pz,all algorithms agree
//tinyurl.com/swzwfays,//tinyurl.com/swzwfay,//tinyurl.com/swzwfay,//tinyurl.com/swzwfays,false,//tinyurl.com/swzwfay;//tinyurl.com/swzwfays,"algorithms diverge (porter, snowball_english reduce this form)"
//tinyurl.com/uwr,//tinyurl.com/uwr,//tinyurl.com/uwr,//tinyurl.com/uwr,true,//tinyurl.com/uwr,all algorithms agree
//tinyurl.com/vwcxfka,//tinyurl.com/vwcxfka,//tinyurl.com/vwcxfka,//tinyurl.com/vwcxfka,true,//tinyurl.com/vwcxfka,all algorithms agree
//tinyurl.com/wsdmmbjr,//tinyurl.com/wsdmmbjr,//tinyurl.com/wsdmmbjr,//tinyurl.com/wsdmmbjr,true,//tinyurl.com/wsdmmbjr,all algorithms agree
//tinyurl.com/y,//tinyurl.com/i,//tinyurl.com/i,//tinyurl.com/y,false,//tinyurl.com/i;//tinyurl.com/y,"algorithms diverge (porter, snowball_english reduce this form)"
//tinyurl.com/yc,//tinyurl.com/yc,//tinyurl.com/yc,//tinyurl.com/yc,true,//tinyurl.com/yc,all algorithms agree
//tinyurl.com/ycxfedh,//tinyurl.com/ycxfedh,//tinyurl.com/ycxfedh,//tinyurl.com/ycxfedh,true,//tinyurl.com/ycxfedh,all algorithms agree
//tinyurl.com/ycxvk,//tinyurl.com/ycxvk,//tinyurl.com/ycxvk,//tinyurl.com/ycxvk,true,//tinyurl.com/ycxvk,all algorithms agree
//tinyurl.com/yjehzk,//tinyurl.com/yjehzk,//tinyurl.com/yjehzk,//tinyurl.com/yjehzk,true,//tinyurl.com/yjehzk,all algorithms agree
//tinyurl.com/yjvt,//tinyurl.com/yjvt,//tinyurl.com/yjvt,//tinyurl.com/yjvt,true,//tinyurl.com/yjvt,all algorithms agree
//tinyurl.com/ypkzbz,//tinyurl.com/ypkzbz,//tinyurl.com/ypkzbz,//tinyurl.com/ypkzbz,true,//tinyurl.com/ypkzbz,all algorithms agree
//tinyurl.com/ys,//tinyurl.com/i,//tinyurl.com/i,//tinyurl.com/ys,false,//tinyurl.com/i;//tinyurl.com/ys,"algorithms diverge (porter, snowball_english reduce this form)"
//tinyurl.com/ysjnr,//tinyurl.com/ysjnr,//tinyurl.com/ysjnr,//tinyurl.com/ysjnr,true,//tinyurl.com/ysjnr,all algorithms agree
//tinyurl.com/yup,//tinyurl.com/yup,//tinyurl.com/yup,//tinyurl.com/yup,true,//tinyurl.com/yup,all algorithms agree
//tinyurl.com/yzw,//tinyurl.com/yzw,//tinyurl.com/yzw,//tinyurl.com/yzw,true,//tinyurl.com/yzw,all algorithms agree
//tinyurl.com/zxurk,//tinyurl.com/zxurk,//tinyurl.com/zxurk,//tinyurl.com/zxurk,true,//tinyurl.com/zxurk,all algorithms agree
//tribal.nic.in/gapanalysis.aspx,//tribal.nic.in/gapanalysis.aspx,//tribal.nic.in/gapanalysis.aspx,//tribal.nic.in/gapanalysis.aspx,true,//tribal.nic.in/gapanalysis.aspx,all algorithms agree
//udiseplus.gov.in/,//udiseplus.gov.in/,//udiseplus.gov.in/,//udiseplus.gov.in/,true,//udiseplus.gov.in/,all algorithms agree
//watermetro.co.in/about,//watermetro.co.in/about,//watermetro.co.in/about,//watermetro.co.in/about,true,//watermetro.co.in/about,all algorithms agree
//www.elibrary.imf.org/display/book/,//www.elibrary.imf.org/display/book/,//www.elibrary.imf.org/display/book/,//www.elibrary.imf.org/display/book/,true,//www.elibrary.imf.org/display/book/,all algorithms agree
//www.nature.com/articles/s,//www.nature.com/articles/,//www.nature.com/articles/,//www.nature.com/articles/s,false,//www.nature.com/articles/;//www.nature.com/articles/s,"algorithms diverge (porter, snowball_english reduce this form)"
//www.nism.ac.in/,//www.nism.ac.in/,//www.nism.ac.in/,//www.nism.ac.in/,true,//www.nism.ac.in/,all algorithms agree
//www.nism.ac.in/certifications/,//www.nism.ac.in/certifications/,//www.nism.ac.in/certifications/,//www.nism.ac.in/certifications/,true,//www.nism.ac.in/certifications/,all algorithms agree
//www.nism.ac.in/collaborations//,//www.nism.ac.in/collaborations//,//www.nism.ac.in/collaborations//,//www.nism.ac.in/collaborations//,true,//www.nism.ac.in/collaborations//,all algorithms agree
//www.niti.gov.in/sites/default/files/,//www.niti.gov.in/sites/default/files/,//www.niti.gov.in/sites/default/files/,//www.niti.gov.in/sites/default/files/,true,//www.niti.gov.in/sites/default/files/,all algorithms agree
//www.pib.gov.in/,//www.pib.gov.in/,//www.pib.gov.in/,//www.pib.gov.in/,true,//www.pib.gov.in/,all algorithms agree
//www.pib.gov.in/pressnotedetails.aspx,//www.pib.gov.in/pressnotedetails.aspx,//www.pib.gov.in/pressnotedetails.aspx,//www.pib.gov.in/pressnotedetails.aspx,true,//www.pib.gov.in/pressnotedetails.aspx,all algorithms agree
//www.thelancet.com/journals/lancet/article/piis,//www.thelancet.com/journals/lancet/article/pii,//www.thelancet.com/journals/lancet/article/pii,//www.thelancet.com/journals/lancet/article/piis,false,//www.thelancet.com/journals/lancet/article/pii;//www.thelancet.com/journals/lancet/article/piis,"algorithms diverge (porter, snowball_english reduce this form)"
//www.thelancet.com/series-do/ultra-processed-food,//www.thelancet.com/series-do/ultra-processed-food,//www.thelancet.com/series-do/ultra-processed-food,//www.thelancet.com/series-do/ultra-processed-food,true,//www.thelancet.com/series-do/ultra-processed-food,all algorithms agree
/as,/a,/as,/as,false,/a;/as,algorithms diverge (porter reduce this form)
/assistant,/assist,/assist,/assistant,false,/assist;/assistant,"algorithms diverge (porter, snowball_english reduce this form)"
/bhu-aadhaar,/bhu-aadhaar,/bhu-aadhaar,/bhu-aadhaar,true,/bhu-aadhaar,all algorithms agree
/children,/children,/children,/children,true,/children,all algorithms agree
/en/home,/en/hom,/en/hom,/en/home,false,/en/hom;/en/home,"algorithms diverge (porter, snowball_english reduce this form)"
/fulltext,/fulltext,/fulltext,/fulltext,true,/fulltext,all algorithms agree
/ijph.,/ijph.,/ijph.,/ijph.,true,/ijph.,all algorithms agree
/investment,/invest,/invest,/investment,false,/invest;/investment,"algorithms diverge (porter, snowball_english reduce this form)"
/j.cpr.,/j.cpr.,/j.cpr.,/j.cpr.,true,/j.cpr.,all algorithms agree
/j.ijedudev.,/j.ijedudev.,/j.ijedudev.,/j.ijedudev.,true,/j.ijedudev.,all algorithms agree
/j.labeco.,/j.labeco.,/j.labeco.,/j.labeco.,true,/j.labeco.,all algorithms agree
/kwh,/kwh,/kwh,/kwh,true,/kwh,all algorithms agree
/lakh,/lakh,/lakh,/lakh,true,/lakh,all algorithms agree
/lupex,/lupex,/lupex,/lupex,true,/lupex,all algorithms agree
/lxxix-v,/lxxix-v,/lxxix-v,/lxxix-v,true,/lxxix-v,all algorithms agree
/manager,/manag,/manag,/manager,false,/manag;/manager,"algorithms diverge (porter, snowball_english reduce this form)"
/offer,/offer,/offer,/offer,true,/offer,all algorithms agree
/rg.,/rg.,/rg.,/rg.,true,/rg.,all algorithms agree
/s,/s,/s,/s,true,/s,all algorithms agree
/settlement,/settlement,/settlement,/settlement,true,/settlement,all algorithms agree
/state,/state,/state,/state,true,/state,all algorithms agree
/strategies-and-pathways-for-accelerating-growth-in-,/strategies-and-pathways-for-accelerating-growth-in-,/strategies-and-pathways-for-accelerating-growth-in-,/strategies-and-pathways-for-accelerating-growth-in-,true,/strategies-and-pathways-for-accelerating-growth-in-,all algorithms agree
/twec.,/twec.,/twec.,/twec.,true,/twec.,all algorithms agree
/waste-wise-cities.pdf,/waste-wise-cities.pdf,/waste-wise-cities.pdf,/waste-wise-cities.pdf,true,/waste-wise-cities.pdf,all algorithms agree
0.002 per cent,0.002 per cent,0.002 per cent,0.002 per cent,true,0.002 per cent,all algorithms agree
0.1 per cent,0.1 per cent,0.1 per cent,0.1 per cent,true,0.1 per cent,all algorithms agree
0.10 per cent,0.10 per cent,0.10 per cent,0.10 per cent,true,0.10 per cent,all algorithms agree
0.15 per cent,0.15 per cent,0.15 per cent,0.15 per cent,true,0.15 per cent,all algorithms agree
0.19 per cent,0.19 per cent,0.19 per cent,0.19 per cent,true,0.19 per cent,all algorithms agree
0.25 per cent,0.25 per cent,0.25 per cent,0.25 per cent,true,0.25 per cent,all algorithms agree
0.3 per cent,0.3 per cent,0.3 per cent,0.3 per cent,true,0.3 per cent,all algorithms agree
0.37 per cent,0.37 per cent,0.37 per cent,0.37 per cent,true,0.37 per cent,all algorithms agree
0.4 per cent,0.4 per cent,0.4 per cent,0.4 per cent,true,0.4 per cent,all algorithms agree
0.48 million,0.48 million,0.48 million,0.48 million,true,0.48 million,all algorithms agree
0.5 per cent,0.5 per cent,0.5 per cent,0.5 per cent,true,0.5 per cent,all algorithms agree
0.51 per cent,0.51 per cent,0.51 per cent,0.51 per cent,true,0.51 per cent,all algorithms agree
0.6 per cent,0.6 per cent,0.6 per cent,0.6 per cent,true,0.6 per cent,all algorithms agree
0.64 per cent,0.64 per cent,0.64 per cent,0.64 per cent,true,0.64 per cent,all algorithms agree
0.68 per cent,0.68 per cent,0.68 per cent,0.68 per cent,true,0.68 per cent,all algorithms agree
0.69 per cent,0.69 per cent,0.69 per cent,0.69 per cent,true,0.69 per cent,all algorithms agree
0.7 lakh,0.7 lakh,0.7 lakh,0.7 lakh,true,0.7 lakh,all algorithms agree
0.7 per cent,0.7 per cent,0.7 per cent,0.7 per cent,true,0.7 per cent,all algorithms agree
0.79 per cent,0.79 per cent,0.79 per cent,0.79 per cent,true,0.79 per cent,all algorithms agree
0.8 per cent,0.8 per cent,0.8 per cent,0.8 per cent,true,0.8 per cent,all algorithms agree
0.87 per cent,0.87 per cent,0.87 per cent,0.87 per cent,true,0.87 per cent,all algorithms agree
0.9 per cent,0.9 per cent,0.9 per cent,0.9 per cent,true,0.9 per cent,all algorithms agree
0.9 percent,0.9 percent,0.9 percent,0.9 percent,true,0.9 percent,all algorithms agree
0.96 per cent,0.96 per cent,0.96 per cent,0.96 per cent,true,0.96 per cent,all algorithms agree
0.97 per cent,0.97 per cent,0.97 per cent,0.97 per cent,true,0.97 per cent,all algorithms agree
01 april 2023,01 april 2023,01 april 2023,01 april 2023,true,01 april 2023,all algorithms agree
01 april 2025,01 april 2025,01 april 2025,01 april 2025,true,01 april 2025,all algorithms agree
01 december 2025,01 december 2025,01 december 2025,01 december 2025,true,01 december 2025,all algorithms agree
01 january 2026,01 january 2026,01 january 2026,01 january 2026,true,01 january 2026,all algorithms agree
01 october 2025,01 october 2025,01 october 2025,01 october 2025,true,01 october 2025,all algorithms agree
04 december 2025,04 december 2025,04 december 2025,04 december 2025,true,04 december 2025,all algorithms agree
1 april,1 april,1 april,1 april,true,1 april,all algorithms agree
1 april 2016,1 april 2016,1 april 2016,1 april 2016,true,1 april 2016,all algorithms agree
1 april 2025,1 april 2025,1 april 2025,1 april 2025,true,1 april 2025,all algorithms agree
1 dec  2025,1 dec  2025,1 dec  2025,1 dec  2025,true,1 dec  2025,all algorithms agree
1 december 2025,1 december 2025,1 december 2025,1 december 2025,true,1 december 2025,all algorithms agree
1 january,1 januari,1 januari,1 january,false,1 januari;1 january,"algorithms diverge (porter, snowball_english reduce this form)"
1 january 2020,1 january 2020,1 january 2020,1 january 2020,true,1 january 2020,all algorithms agree
1 july 2022,1 july 2022,1 july 2022,1 july 2022,true,1 july 2022,all algorithms agree
1 july 2023,1 july 2023,1 july 2023,1 july 2023,true,1 july 2023,all algorithms agree
1 july 2025,1 july 2025,1 july 2025,1 july 2025,true,1 july 2025,all algorithms agree
1 lakh,1 lakh,1 lakh,1 lakh,true,1 lakh,all algorithms agree
1 may 2025,1 may 2025,1 may 2025,1 may 2025,true,1 may 2025,all algorithms agree
1 november 1993,1 november 1993,1 november 1993,1 november 1993,true,1 november 1993,all algorithms agree
1 october 2025,1 october 2025,1 october 2025,1 october 2025,true,1 october 2025,all algorithms agree
1 per cent,1 per cent,1 per cent,1 per cent,true,1 per cent,all algorithms agree
"1,047.52 million","1,047.52 million","1,047.52 million","1,047.52 million",true,"1,047.52 million",all algorithms agree
"1,168 billion","1,168 billion","1,168 billion","1,168 billion",true,"1,168 billion",all algorithms agree
"1,215 million","1,215 million","1,215 million","1,215 million",true,"1,215 million",all algorithms agree
"1,659 lakh","1,659 lakh","1,659 lakh","1,659 lakh",true,"1,659 lakh",all algorithms agree
"1,837 billion","1,837 billion","1,837 billion","1,837 billion",true,"1,837 billion",all algorithms agree
"1,992 million","1,992 million","1,992 million","1,992 million",true,"1,992 million",all algorithms agree
1.0 crore,1.0 crore,1.0 crore,1.0 crore,true,1.0 crore,all algorithms agree
1.01 crore,1.01 crore,1.01 crore,1.01 crore,true,1.01 crore,all algorithms agree
1.02 per cent,1.02 per cent,1.02 per cent,1.02 per cent,true,1.02 per cent,all algorithms agree
1.03 lakh,1.03 lakh,1.03 lakh,1.03 lakh,true,1.03 lakh,all algorithms agree
1.08 crore,1.08 crore,1.08 crore,1.08 crore,true,1.08 crore,all algorithms agree
1.1 per cent,1.1 per cent,1.1 per cent,1.1 per cent,true,1.1 per cent,all algorithms agree
1.12 lakh,1.12 lakh,1.12 lakh,1.12 lakh,true,1.12 lakh,all algorithms agree
1.13 lakh,1.13 lakh,1.13 lakh,1.13 lakh,true,1.13 lakh,all algorithms agree
1.2 billion,1.2 billion,1.2 billion,1.2 billion,true,1.2 billion,all algorithms agree
1.2 per cent,1.2 per cent,1.2 per cent,1.2 per cent,true,1.2 per cent,all algorithms agree
1.22 lakh,1.22 lakh,1.22 lakh,1.22 lakh,true,1.22 lakh,all algorithms agree
1.25 per cent,1.25 per cent,1.25 per cent,1.25 per cent,true,1.25 per cent,all algorithms agree
1.26 per cent,1.26 per cent,1.26 per cent,1.26 per cent,true,1.26 per cent,all algorithms agree
1.3 per cent,1.3 per cent,1.3 per cent,1.3 per cent,true,1.3 per cent,all algorithms agree
1.31 crore,1.31 crore,1.31 crore,1.31 crore,true,1.31 crore,all algorithms agree
1.38 lakh,1.38 lakh,1.38 lakh,1.38 lakh,true,1.38 lakh,all algorithms agree
1.4 crore,1.4 crore,1.4 crore,1.4 crore,true,1.4 crore,all algorithms agree
1.4 per cent,1.4 per cent,1.4 per cent,1.4 per cent,true,1.4 per cent,all algorithms agree
1.45 lakh,1.45 lakh,1.45 lakh,1.45 lakh,true,1.45 lakh,all algorithms agree
1.47  lakh,1.47  lakh,1.47  lakh,1.47  lakh,true,1.47  lakh,all algorithms agree
1.5 crore,1.5 crore,1.5 crore,1.5 crore,true,1.5 crore,all algorithms agree
1.5 per cent,1.5 per cent,1.5 per cent,1.5 per cent,true,1.5 per cent,all algorithms agree
1.5 percent,1.5 percent,1.5 percent,1.5 percent,true,1.5 percent,all algorithms agree
1.51 crore,1.51 crore,1.51 crore,1.51 crore,true,1.51 crore,all algorithms agree
1.6 billion,1.6 billion,1.6 billion,1.6 billion,true,1.6 billion,all algorithms agree
1.6 lakh,1.6 lakh,1.6 lakh,1.6 lakh,true,1.6 lakh,all algorithms agree
1.61 crore,1.61 crore,1.61 crore,1.61 crore,true,1.61 crore,all algorithms agree
1.61 lakh,1.61 lakh,1.61 lakh,1.61 lakh,true,1.61 lakh,all algorithms agree
1.62 crore,1.62 crore,1.62 crore,1.62 crore,true,1.62 crore,all algorithms agree
1.7 crore,1.7 crore,1.7 crore,1.7 crore,true,1.7 crore,all algorithms agree
1.7 lakh,1.7 lakh,1.7 lakh,1.7 lakh,true,1.7 lakh,all algorithms agree
1.7 per cent,1.7 per cent,1.7 per cent,1.7 per cent,true,1.7 per cent,all algorithms agree
1.7 percent,1.7 percent,1.7 percent,1.7 percent,true,1.7 percent,all algorithms agree
1.73 lakh,1.73 lakh,1.73 lakh,1.73 lakh,true,1.73 lakh,all algorithms agree
1.79 crore,1.79 crore,1.79 crore,1.79 crore,true,1.79 crore,all algorithms agree
1.8 lakh,1.8 lakh,1.8 lakh,1.8 lakh,true,1.8 lakh,all algorithms agree
1.8 million,1.8 million,1.8 million,1.8 million,true,1.8 million,all algorithms agree
1.8 per cent,1.8 per cent,1.8 per cent,1.8 per cent,true,1.8 per cent,all algorithms agree
1.8 percent,1.8 percent,1.8 percent,1.8 percent,true,1.8 percent,all algorithms agree
1.82 lakh,1.82 lakh,1.82 lakh,1.82 lakh,true,1.82 lakh,all algorithms agree
1.9 crore,1.9 crore,1.9 crore,1.9 crore,true,1.9 crore,all algorithms agree
1.9 lakh,1.9 lakh,1.9 lakh,1.9 lakh,true,1.9 lakh,all algorithms agree
1.9 per cent,1.9 per cent,1.9 per cent,1.9 per cent,true,1.9 per cent,all algorithms agree
1.92 per cent,1.92 per cent,1.92 per cent,1.92 per cent,true,1.92 per cent,all algorithms agree
1.97 lakh,1.97 lakh,1.97 lakh,1.97 lakh,true,1.97 lakh,all algorithms agree
10 crore,10 crore,10 crore,10 crore,true,10 crore,all algorithms agree
10 lakh,10 lakh,10 lakh,10 lakh,true,10 lakh,all algorithms agree
10 market,10 market,10 market,10 market,true,10 market,all algorithms agree
10 may,10 may,10 may,10 may,true,10 may,all algorithms agree
10 million,10 million,10 million,10 million,true,10 million,all algorithms agree
10 per cent,10 per cent,10 per cent,10 per cent,true,10 per cent,all algorithms agree
10 percent,10 percent,10 percent,10 percent,true,10 percent,all algorithms agree
10.0 per cent,10.0 per cent,10.0 per cent,10.0 per cent,true,10.0 per cent,all algorithms agree
10.05 crore,10.05 crore,10.05 crore,10.05 crore,true,10.05 crore,all algorithms agree
10.1 per cent,10.1 per cent,10.1 per cent,10.1 per cent,true,10.1 per cent,all algorithms agree
10.2 per cent,10.2 per cent,10.2 per cent,10.2 per cent,true,10.2 per cent,all algorithms agree
10.24 lakh,10.24 lakh,10.24 lakh,10.24 lakh,true,10.24 lakh,all algorithms agree
10.4 per cent,10.4 per cent,10.4 per cent,10.4 per cent,true,10.4 per cent,all algorithms agree
10.45 crore,10.45 crore,10.45 crore,10.45 crore,true,10.45 crore,all algorithms agree
10.5 per cent,10.5 per cent,10.5 per cent,10.5 per cent,true,10.5 per cent,all algorithms agree
10.6 per cent,10.6 per cent,10.6 per cent,10.6 per cent,true,10.6 per cent,all algorithms agree
10.7 per cent,10.7 per cent,10.7 per cent,10.7 per cent,true,10.7 per cent,all algorithms agree
10.8 per cent,10.8 per cent,10.8 per cent,10.8 per cent,true,10.8 per cent,all algorithms agree
10.9 per cent,10.9 per cent,10.9 per cent,10.9 per cent,true,10.9 per cent,all algorithms agree
10.98 crore,10.98 crore,10.98 crore,10.98 crore,true,10.98 crore,all algorithms agree
100 crore,100 crore,100 crore,100 crore,true,100 crore,all algorithms agree
100 per cent,100 per cent,100 per cent,100 per cent,true,100 per cent,all algorithms agree
101.8 crore,101.8 crore,101.8 crore,101.8 crore,true,101.8 crore,all algorithms agree
103.6 per cent,103.6 per cent,103.6 per cent,103.6 per cent,true,103.6 per cent,all algorithms agree
105 per cent,105 per cent,105 per cent,105 per cent,true,105 per cent,all algorithms agree
1052 million,1052 million,1052 million,1052 million,true,1052 million,all algorithms agree
107.2 per cent,107.2 per cent,107.2 per cent,107.2 per cent,true,107.2 per cent,all algorithms agree
11 crore,11 crore,11 crore,11 crore,true,11 crore,all algorithms agree
11 jan. 2026,11 jan. 2026,11 jan. 2026,11 jan. 2026,true,11 jan. 2026,all algorithms agree
11 july,11 juli,11 juli,11 july,false,11 juli;11 july,"algorithms diverge (porter, snowball_english reduce this form)"
11 per cent,11 per cent,11 per cent,11 per cent,true,11 per cent,all algorithms agree
11.1 per cent,11.1 per cent,11.1 per cent,11.1 per cent,true,11.1 per cent,all algorithms agree
11.2 per cent,11.2 per cent,11.2 per cent,11.2 per cent,true,11.2 per cent,all algorithms agree
11.28 per cent,11.28 per cent,11.28 per cent,11.28 per cent,true,11.28 per cent,all algorithms agree
11.3 percent,11.3 percent,11.3 percent,11.3 percent,true,11.3 percent,all algorithms agree
11.4 per cent,11.4 per cent,11.4 per cent,11.4 per cent,true,11.4 per cent,all algorithms agree
11.5 per cent,11.5 per cent,11.5 per cent,11.5 per cent,true,11.5 per cent,all algorithms agree
11.6 per cent,11.6 per cent,11.6 per cent,11.6 per cent,true,11.6 per cent,all algorithms agree
11.7 per cent,11.7 per cent,11.7 per cent,11.7 per cent,true,11.7 per cent,all algorithms agree
11.74 per cent,11.74 per cent,11.74 per cent,11.74 per cent,true,11.74 per cent,all algorithms agree
11.8 per cent,11.8 per cent,11.8 per cent,11.8 per cent,true,11.8 per cent,all algorithms agree
11.9 per cent,11.9 per cent,11.9 per cent,11.9 per cent,true,11.9 per cent,all algorithms agree
112 billion,112 billion,112 billion,112 billion,true,112 billion,all algorithms agree
114.4 per cent,114.4 per cent,114.4 per cent,114.4 per cent,true,114.4 per cent,all algorithms agree
114.51 million,114.51 million,114.51 million,114.51 million,true,114.51 million,all algorithms agree
118.8 per cent,118.8 per cent,118.8 per cent,118.8 per cent,true,118.8 per cent,all algorithms agree
12 aug,12 aug,12 aug,12 aug,true,12 aug,all algorithms agree
12 february 2026,12 february 2026,12 february 2026,12 february 2026,true,12 february 2026,all algorithms agree
12 january 2026,12 january 2026,12 january 2026,12 january 2026,true,12 january 2026,all algorithms agree
12 lakh,12 lakh,12 lakh,12 lakh,true,12 lakh,all algorithms agree
12 per cent,12 per cent,12 per cent,12 per cent,true,12 per cent,all algorithms agree
12.0 percent,12.0 percent,12.0 percent,12.0 percent,true,12.0 percent,all algorithms agree
12.1 per cent,12.1 per cent,12.1 per cent,12.1 per cent,true,12.1 per cent,all algorithms agree
12.2 crore,12.2 crore,12.2 crore,12.2 crore,true,12.2 crore,all algorithms agree
12.2 per cent,12.2 per cent,12.2 per cent,12.2 per cent,true,12.2 per cent,all algorithms agree
12.28 lakh,12.28 lakh,12.28 lakh,12.28 lakh,true,12.28 lakh,all algorithms agree
12.3 per cent,12.3 per cent,12.3 per cent,12.3 per cent,true,12.3 per cent,all algorithms agree
12.4 per cent,12.4 per cent,12.4 per cent,12.4 per cent,true,12.4 per cent,all algorithms agree
12.5 per cent,12.5 per cent,12.5 per cent,12.5 per cent,true,12.5 per cent,all algorithms agree
12.50 crore,12.50 crore,12.50 crore,12.50 crore,true,12.50 crore,all algorithms agree
12.6 per cent,12.6 per cent,12.6 per cent,12.6 per cent,true,12.6 per cent,all algorithms agree
12.77 per cent,12.77 per cent,12.77 per cent,12.77 per cent,true,12.77 per cent,all algorithms agree
12.8 per cent,12.8 per cent,12.8 per cent,12.8 per cent,true,12.8 per cent,all algorithms agree
12.9 crore,12.9 crore,12.9 crore,12.9 crore,true,12.9 crore,all algorithms agree
12.9 per cent,12.9 per cent,12.9 per cent,12.9 per cent,true,12.9 per cent,all algorithms agree
12.91 per cent,12.91 per cent,12.91 per cent,12.91 per cent,true,12.91 per cent,all algorithms agree
120 lakh,120 lakh,120 lakh,120 lakh,true,120 lakh,all algorithms agree
121.75 lakh,121.75 lakh,121.75 lakh,121.75 lakh,true,121.75 lakh,all algorithms agree
122.06 lakh,122.06 lakh,122.06 lakh,122.06 lakh,true,122.06 lakh,all algorithms agree
125 crore,125 crore,125 crore,125 crore,true,125 crore,all algorithms agree
125.3 per cent,125.3 per cent,125.3 per cent,125.3 per cent,true,125.3 per cent,all algorithms agree
127 per cent,127 per cent,127 per cent,127 per cent,true,127 per cent,all algorithms agree
13 aug,13 aug,13 aug,13 aug,true,13 aug,all algorithms agree
13 january 2026,13 january 2026,13 january 2026,13 january 2026,true,13 january 2026,all algorithms agree
13 per cent,13 per cent,13 per cent,13 per cent,true,13 per cent,all algorithms agree
"13,321 crore","13,321 crore","13,321 crore","13,321 crore",true,"13,321 crore",all algorithms agree
13.2 per cent,13.2 per cent,13.2 per cent,13.2 per cent,true,13.2 per cent,all algorithms agree
13.3 per cent,13.3 per cent,13.3 per cent,13.3 per cent,true,13.3 per cent,all algorithms agree
13.4 per cent,13.4 per cent,13.4 per cent,13.4 per cent,true,13.4 per cent,all algorithms agree
13.42 per cent,13.42 per cent,13.42 per cent,13.42 per cent,true,13.42 per cent,all algorithms agree
13.6 per cent,13.6 per cent,13.6 per cent,13.6 per cent,true,13.6 per cent,all algorithms agree
13.8 per cent,13.8 per cent,13.8 per cent,13.8 per cent,true,13.8 per cent,all algorithms agree
13.9 per cent,13.9 per cent,13.9 per cent,13.9 per cent,true,13.9 per cent,all algorithms agree
130 per cent,130 per cent,130 per cent,130 per cent,true,130 per cent,all algorithms agree
132.3 per cent,132.3 per cent,132.3 per cent,132.3 per cent,true,132.3 per cent,all algorithms agree
133.1 per cent,133.1 per cent,133.1 per cent,133.1 per cent,true,133.1 per cent,all algorithms agree
134.2 percent,134.2 percent,134.2 percent,134.2 percent,true,134.2 percent,all algorithms agree
134.9 per cent,134.9 per cent,134.9 per cent,134.9 per cent,true,134.9 per cent,all algorithms agree
136 million,136 million,136 million,136 million,true,136 million,all algorithms agree
138.7 per  cent,138.7 per  cent,138.7 per  cent,138.7 per  cent,true,138.7 per  cent,all algorithms agree
14 aug,14 aug,14 aug,14 aug,true,14 aug,all algorithms agree
14 million,14 million,14 million,14 million,true,14 million,all algorithms agree
14 november 2025,14 november 2025,14 november 2025,14 november 2025,true,14 november 2025,all algorithms agree
14 per cent,14 per cent,14 per cent,14 per cent,true,14 per cent,all algorithms agree
14.0 per cent,14.0 per cent,14.0 per cent,14.0 per cent,true,14.0 per cent,all algorithms agree
14.1 per cent,14.1 per cent,14.1 per cent,14.1 per cent,true,14.1 per cent,all algorithms agree
14.2 per cent,14.2 per cent,14.2 per cent,14.2 per cent,true,14.2 per cent,all algorithms agree
14.3 per cent,14.3 per cent,14.3 per cent,14.3 per cent,true,14.3 per cent,all algorithms agree
14.3 percent,14.3 percent,14.3 percent,14.3 percent,true,14.3 percent,all algorithms agree
14.32 crore,14.32 crore,14.32 crore,14.32 crore,true,14.32 crore,all algorithms agree
14.4 per cent,14.4 per cent,14.4 per cent,14.4 per cent,true,14.4 per cent,all algorithms agree
14.5 per cent,14.5 per cent,14.5 per cent,14.5 per cent,true,14.5 per cent,all algorithms agree
14.7 per cent,14.7 per cent,14.7 per cent,14.7 per cent,true,14.7 per cent,all algorithms agree
14.71 lakh,14.71 lakh,14.71 lakh,14.71 lakh,true,14.71 lakh,all algorithms agree
14.8 per cent,14.8 per cent,14.8 per cent,14.8 per cent,true,14.8 per cent,all algorithms agree
14.9 per cent,14.9 per cent,14.9 per cent,14.9 per cent,true,14.9 per cent,all algorithms agree
14.96 per cent,14.96 per cent,14.96 per cent,14.96 per cent,true,14.96 per cent,all algorithms agree
140 per cent,140 per cent,140 per cent,140 per cent,true,140 per cent,all algorithms agree
140.3 per cent,140.3 per cent,140.3 per cent,140.3 per cent,true,140.3 per cent,all algorithms agree
140.7 per cent,140.7 per cent,140.7 per cent,140.7 per cent,true,140.7 per cent,all algorithms agree
143 million,143 million,143 million,143 million,true,143 million,all algorithms agree
143.3 per cent,143.3 per cent,143.3 per cent,143.3 per cent,true,143.3 per cent,all algorithms agree
143.6 percent,143.6 percent,143.6 percent,143.6 percent,true,143.6 percent,all algorithms agree
144 per cent,144 per cent,144 per cent,144 per cent,true,144 per cent,all algorithms agree
144 percent,144 percent,144 percent,144 percent,true,144 percent,all algorithms agree
145.5 million,145.5 million,145.5 million,145.5 million,true,145.5 million,all algorithms agree
15 billion,15 billion,15 billion,15 billion,true,15 billion,all algorithms agree
15 december 2025,15 december 2025,15 december 2025,15 december 2025,true,15 december 2025,all algorithms agree
15 january 2026,15 january 2026,15 january 2026,15 january 2026,true,15 january 2026,all algorithms agree
15 million,15 million,15 million,15 million,true,15 million,all algorithms agree
15 per cent,15 per cent,15 per cent,15 per cent,true,15 per cent,all algorithms agree
15 sep,15 sep,15 sep,15 sep,true,15 sep,all algorithms agree
15.0 per cent,15.0 per cent,15.0 per cent,15.0 per cent,true,15.0 per cent,all algorithms agree
15.04 per cent,15.04 per cent,15.04 per cent,15.04 per cent,true,15.04 per cent,all algorithms agree
15.1 per cent,15.1 per cent,15.1 per cent,15.1 per cent,true,15.1 per cent,all algorithms agree
15.2 per cent,15.2 per cent,15.2 per cent,15.2 per cent,true,15.2 per cent,all algorithms agree
15.3 per cent,15.3 per cent,15.3 per cent,15.3 per cent,true,15.3 per cent,all algorithms agree
15.34 crore,15.34 crore,15.34 crore,15.34 crore,true,15.34 crore,all algorithms agree
15.4 per cent,15.4 per cent,15.4 per cent,15.4 per cent,true,15.4 per cent,all algorithms agree
15.5 per cent,15.5 per cent,15.5 per cent,15.5 per cent,true,15.5 per cent,all algorithms agree
15.66 lakh,15.66 lakh,15.66 lakh,15.66 lakh,true,15.66 lakh,all algorithms agree
15.7 per cent,15.7 per cent,15.7 per cent,15.7 per cent,true,15.7 per cent,all algorithms agree
15.74 crore,15.74 crore,15.74 crore,15.74 crore,true,15.74 crore,all algorithms agree
15.74 lakh,15.74 lakh,15.74 lakh,15.74 lakh,true,15.74 lakh,all algorithms agree
15.76 crore,15.76 crore,15.76 crore,15.76 crore,true,15.76 crore,all algorithms agree
15.79 lakh,15.79 lakh,15.79 lakh,15.79 lakh,true,15.79 lakh,all algorithms agree
15.8 per cent,15.8 per cent,15.8 per cent,15.8 per cent,true,15.8 per cent,all algorithms agree
15.86 crore,15.86 crore,15.86 crore,15.86 crore,true,15.86 crore,all algorithms agree
150 per cent,150 per cent,150 per cent,150 per cent,true,150 per cent,all algorithms agree
155 per cent,155 per cent,155 per cent,155 per cent,true,155 per cent,all algorithms agree
155.4 per cent,155.4 per cent,155.4 per cent,155.4 per cent,true,155.4 per cent,all algorithms agree
157 per cent,157 per cent,157 per cent,157 per cent,true,157 per cent,all algorithms agree
16 jan 2026,16 jan 2026,16 jan 2026,16 jan 2026,true,16 jan 2026,all algorithms agree
16 january 2026,16 january 2026,16 january 2026,16 january 2026,true,16 january 2026,all algorithms agree
16 lakh,16 lakh,16 lakh,16 lakh,true,16 lakh,all algorithms agree
16 per cent,16 per cent,16 per cent,16 per cent,true,16 per cent,all algorithms agree
16 percent,16 percent,16 percent,16 percent,true,16 percent,all algorithms agree
16 sep,16 sep,16 sep,16 sep,true,16 sep,all algorithms agree
16.1 per cent,16.1 per cent,16.1 per cent,16.1 per cent,true,16.1 per cent,all algorithms agree
16.5 per cent,16.5 per cent,16.5 per cent,16.5 per cent,true,16.5 per cent,all algorithms agree
16.7 per cent,16.7 per cent,16.7 per cent,16.7 per cent,true,16.7 per cent,all algorithms agree
16.8 per cent,16.8 per cent,16.8 per cent,16.8 per cent,true,16.8 per cent,all algorithms agree
16.9 per cent,16.9 per cent,16.9 per cent,16.9 per cent,true,16.9 per cent,all algorithms agree
1603 million,1603 million,1603 million,1603 million,true,1603 million,all algorithms agree
1649.26 lakh,1649.26 lakh,1649.26 lakh,1649.26 lakh,true,1649.26 lakh,all algorithms agree
166 lakh,166 lakh,166 lakh,166 lakh,true,166 lakh,all algorithms agree
169 per cent,169 per cent,169 per cent,169 per cent,true,169 per cent,all algorithms agree
17 per cent,17 per cent,17 per cent,17 per cent,true,17 per cent,all algorithms agree
17 sep,17 sep,17 sep,17 sep,true,17 sep,all algorithms agree
17 september,17 septemb,17 septemb,17 september,false,17 septemb;17 september,"algorithms diverge (porter, snowball_english reduce this form)"
17.1 per cent,17.1 per cent,17.1 per cent,17.1 per cent,true,17.1 per cent,all algorithms agree
17.14 lakh,17.14 lakh,17.14 lakh,17.14 lakh,true,17.14 lakh,all algorithms agree
17.2 per cent,17.2 per cent,17.2 per cent,17.2 per cent,true,17.2 per cent,all algorithms agree
17.32 per cent,17.32 per cent,17.32 per cent,17.32 per cent,true,17.32 per cent,all algorithms agree
17.5 per cent,17.5 per cent,17.5 per cent,17.5 per cent,true,17.5 per cent,all algorithms agree
17.6 per cent,17.6 per cent,17.6 per cent,17.6 per cent,true,17.6 per cent,all algorithms agree
17.7 per cent,17.7 per cent,17.7 per cent,17.7 per cent,true,17.7 per cent,all algorithms agree
17.8 per cent,17.8 per cent,17.8 per cent,17.8 per cent,true,17.8 per cent,all algorithms agree
170 per cent,170 per cent,170 per cent,170 per cent,true,170 per cent,all algorithms agree
174 per cent,174 per cent,174 per cent,174 per cent,true,174 per cent,all algorithms agree
175 per cent,175 per cent,175 per cent,175 per cent,true,175 per cent,all algorithms agree
176 crore,176 crore,176 crore,176 crore,true,176 crore,all algorithms agree
18 december 2025,18 december 2025,18 december 2025,18 december 2025,true,18 december 2025,all algorithms agree
18 july 2025,18 july 2025,18 july 2025,18 july 2025,true,18 july 2025,all algorithms agree
18 lakh,18 lakh,18 lakh,18 lakh,true,18 lakh,all algorithms agree
18 million,18 million,18 million,18 million,true,18 million,all algorithms agree
18 per cent,18 per cent,18 per cent,18 per cent,true,18 per cent,all algorithms agree
18 sep,18 sep,18 sep,18 sep,true,18 sep,all algorithms agree
"18,000 crore","18,000 crore","18,000 crore","18,000 crore",true,"18,000 crore",all algorithms agree
18.1 million,18.1 million,18.1 million,18.1 million,true,18.1 million,all algorithms agree
18.1 percent,18.1 percent,18.1 percent,18.1 percent,true,18.1 percent,all algorithms agree
18.2 per cent,18.2 per cent,18.2 per cent,18.2 per cent,true,18.2 per cent,all algorithms agree
18.3 per cent,18.3 per cent,18.3 per cent,18.3 per cent,true,18.3 per cent,all algorithms agree
18.4 per cent,18.4 per cent,18.4 per cent,18.4 per cent,true,18.4 per cent,all algorithms agree
18.5 per cent,18.5 per cent,18.5 per cent,18.5 per cent,true,18.5 per cent,all algorithms agree
18.6 per cent,18.6 per cent,18.6 per cent,18.6 per cent,true,18.6 per cent,all algorithms agree
18.7 per cent,18.7 per cent,18.7 per cent,18.7 per cent,true,18.7 per cent,all algorithms agree
18.8 crore,18.8 crore,18.8 crore,18.8 crore,true,18.8 crore,all algorithms agree
18.8 million,18.8 million,18.8 million,18.8 million,true,18.8 million,all algorithms agree
18.8 per cent,18.8 per cent,18.8 per cent,18.8 per cent,true,18.8 per cent,all algorithms agree
18.9 per cent,18.9 per cent,18.9 per cent,18.9 per cent,true,18.9 per cent,all algorithms agree
18.91 lakh,18.91 lakh,18.91 lakh,18.91 lakh,true,18.91 lakh,all algorithms agree
183.77 crore,183.77 crore,183.77 crore,183.77 crore,true,183.77 crore,all algorithms agree
187 per cent,187 per cent,187 per cent,187 per cent,true,187 per cent,all algorithms agree
19 dec 2023,19 dec 2023,19 dec 2023,19 dec 2023,true,19 dec 2023,all algorithms agree
19 january 2026,19 january 2026,19 january 2026,19 january 2026,true,19 january 2026,all algorithms agree
19 lakh,19 lakh,19 lakh,19 lakh,true,19 lakh,all algorithms agree
19 per cent,19 per cent,19 per cent,19 per cent,true,19 per cent,all algorithms agree
19 sep,19 sep,19 sep,19 sep,true,19 sep,all algorithms agree
19.0 per cent,19.0 per cent,19.0 per cent,19.0 per cent,true,19.0 per cent,all algorithms agree
19.1 per cent,19.1 per cent,19.1 per cent,19.1 per cent,true,19.1 per cent,all algorithms agree
19.2 per cent,19.2 per cent,19.2 per cent,19.2 per cent,true,19.2 per cent,all algorithms agree
19.28 lakh,19.28 lakh,19.28 lakh,19.28 lakh,true,19.28 lakh,all algorithms agree
19.6 per cent,19.6 per cent,19.6 per cent,19.6 per cent,true,19.6 per cent,all algorithms agree
19.7 per cent,19.7 per cent,19.7 per cent,19.7 per cent,true,19.7 per cent,all algorithms agree
195 per cent,195 per cent,195 per cent,195 per cent,true,195 per cent,all algorithms agree
2   market,2   market,2   market,2   market,true,2   market,all algorithms agree
2  market,2  market,2  market,2  market,true,2  market,all algorithms agree
2 april,2 april,2 april,2 april,true,2 april,all algorithms agree
2 december 2022,2 december 2022,2 december 2022,2 december 2022,true,2 december 2022,all algorithms agree
2 lakh,2 lakh,2 lakh,2 lakh,true,2 lakh,all algorithms agree
2 march,2 march,2 march,2 march,true,2 march,all algorithms agree
2 october 2025,2 october 2025,2 october 2025,2 october 2025,true,2 october 2025,all algorithms agree
2 per cent,2 per cent,2 per cent,2 per cent,true,2 per cent,all algorithms agree
2.0 per cent,2.0 per cent,2.0 per cent,2.0 per cent,true,2.0 per cent,all algorithms agree
2.1 per cent,2.1 per cent,2.1 per cent,2.1 per cent,true,2.1 per cent,all algorithms agree
2.11 per cent,2.11 per cent,2.11 per cent,2.11 per cent,true,2.11 per cent,all algorithms agree
2.12 crore,2.12 crore,2.12 crore,2.12 crore,true,2.12 crore,all algorithms agree
2.14 lakh,2.14 lakh,2.14 lakh,2.14 lakh,true,2.14 lakh,all algorithms agree
2.17 per cent,2.17 per cent,2.17 per cent,2.17 per cent,true,2.17 per cent,all algorithms agree
2.18 lakh,2.18 lakh,2.18 lakh,2.18 lakh,true,2.18 lakh,all algorithms agree
2.2 crore,2.2 crore,2.2 crore,2.2 crore,true,2.2 crore,all algorithms agree
2.2 lakh,2.2 lakh,2.2 lakh,2.2 lakh,true,2.2 lakh,all algorithms agree
2.2 per cent,2.2 per cent,2.2 per cent,2.2 per cent,true,2.2 per cent,all algorithms agree
2.21 lakh,2.21 lakh,2.21 lakh,2.21 lakh,true,2.21 lakh,all algorithms agree
2.29 lakh,2.29 lakh,2.29 lakh,2.29 lakh,true,2.29 lakh,all algorithms agree
2.3 crore,2.3 crore,2.3 crore,2.3 crore,true,2.3 crore,all algorithms agree
2.3 per cent,2.3 per cent,2.3 per cent,2.3 per cent,true,2.3 per cent,all algorithms agree
2.34 million,2.34 million,2.34 million,2.34 million,true,2.34 million,all algorithms agree
2.35 crore,2.35 crore,2.35 crore,2.35 crore,true,2.35 crore,all algorithms agree
2.37 per cent,2.37 per cent,2.37 per cent,2.37 per cent,true,2.37 per cent,all algorithms agree
2.4 per cent,2.4 per cent,2.4 per cent,2.4 per cent,true,2.4 per cent,all algorithms agree
2.43 per  cent,2.43 per  cent,2.43 per  cent,2.43 per  cent,true,2.43 per  cent,all algorithms agree
2.5  billion,2.5  billion,2.5  billion,2.5  billion,true,2.5  billion,all algorithms agree
2.5 crore,2.5 crore,2.5 crore,2.5 crore,true,2.5 crore,all algorithms agree
2.5 lakh,2.5 lakh,2.5 lakh,2.5 lakh,true,2.5 lakh,all algorithms agree
2.5 per cent,2.5 per cent,2.5 per cent,2.5 per cent,true,2.5 per cent,all algorithms agree
2.52 per cent,2.52 per cent,2.52 per cent,2.52 per cent,true,2.52 per cent,all algorithms agree
2.53 million,2.53 million,2.53 million,2.53 million,true,2.53 million,all algorithms agree
2.54 lakh,2.54 lakh,2.54 lakh,2.54 lakh,true,2.54 lakh,all algorithms agree
2.6 per cent,2.6 per cent,2.6 per cent,2.6 per cent,true,2.6 per cent,all algorithms agree
2.68 lakh,2.68 lakh,2.68 lakh,2.68 lakh,true,2.68 lakh,all algorithms agree
2.7 per cent,2.7 per cent,2.7 per cent,2.7 per cent,true,2.7 per cent,all algorithms agree
2.7 percent,2.7 percent,2.7 percent,2.7 percent,true,2.7 percent,all algorithms agree
2.72 lakh crore,2.72 lakh cror,2.72 lakh cror,2.72 lakh crore,false,2.72 lakh cror;2.72 lakh crore,"algorithms diverge (porter, snowball_english reduce this form)"
2.76 crore,2.76 crore,2.76 crore,2.76 crore,true,2.76 crore,all algorithms agree
2.8 crore,2.8 crore,2.8 crore,2.8 crore,true,2.8 crore,all algorithms agree
2.8 lakh,2.8 lakh,2.8 lakh,2.8 lakh,true,2.8 lakh,all algorithms agree
2.8 per cent,2.8 per cent,2.8 per cent,2.8 per cent,true,2.8 per cent,all algorithms agree
2.84 per cent,2.84 per cent,2.84 per cent,2.84 per cent,true,2.84 per cent,all algorithms agree
2.85 crore,2.85 crore,2.85 crore,2.85 crore,true,2.85 crore,all algorithms agree
2.86 crore,2.86 crore,2.86 crore,2.86 crore,true,2.86 crore,all algorithms agree
2.9 per cent,2.9 per cent,2.9 per cent,2.9 per cent,true,2.9 per cent,all algorithms agree
2.93 crore,2.93 crore,2.93 crore,2.93 crore,true,2.93 crore,all algorithms agree
20 crore,20 crore,20 crore,20 crore,true,20 crore,all algorithms agree
20 june 2025,20 june 2025,20 june 2025,20 june 2025,true,20 june 2025,all algorithms agree
20 lakh,20 lakh,20 lakh,20 lakh,true,20 lakh,all algorithms agree
20 november 2025,20 november 2025,20 november 2025,20 november 2025,true,20 november 2025,all algorithms agree
20 per cent,20 per cent,20 per cent,20 per cent,true,20 per cent,all algorithms agree
20 sep,20 sep,20 sep,20 sep,true,20 sep,all algorithms agree
20.08 lakh,20.08 lakh,20.08 lakh,20.08 lakh,true,20.08 lakh,all algorithms agree
20.2 per cent,20.2 per cent,20.2 per cent,20.2 per cent,true,20.2 per cent,all algorithms agree
20.4 per cent,20.4 per cent,20.4 per cent,20.4 per cent,true,20.4 per cent,all algorithms agree
20.57 million,20.57 million,20.57 million,20.57 million,true,20.57 million,all algorithms agree
20.7 per cent,20.7 per cent,20.7 per cent,20.7 per cent,true,20.7 per cent,all algorithms agree
20.8 per cent,20.8 per cent,20.8 per cent,20.8 per cent,true,20.8 per cent,all algorithms agree
20.9 per cent,20.9 per cent,20.9 per cent,20.9 per cent,true,20.9 per cent,all algorithms agree
200 crore,200 crore,200 crore,200 crore,true,200 crore,all algorithms agree
200 per cent,200 per cent,200 per cent,200 per cent,true,200 per cent,all algorithms agree
201.6 per cent,201.6 per cent,201.6 per cent,201.6 per cent,true,201.6 per cent,all algorithms agree
21  december 2025,21  december 2025,21  december 2025,21  december 2025,true,21  december 2025,all algorithms agree
21 november 2025,21 november 2025,21 november 2025,21 november 2025,true,21 november 2025,all algorithms agree
21 per cent,21 per cent,21 per cent,21 per cent,true,21 per cent,all algorithms agree
21 sep,21 sep,21 sep,21 sep,true,21 sep,all algorithms agree
21.1 per cent,21.1 per cent,21.1 per cent,21.1 per cent,true,21.1 per cent,all algorithms agree
21.2 per cent,21.2 per cent,21.2 per cent,21.2 per cent,true,21.2 per cent,all algorithms agree
21.3 per cent,21.3 per cent,21.3 per cent,21.3 per cent,true,21.3 per cent,all algorithms agree
21.4 per cent,21.4 per cent,21.4 per cent,21.4 per cent,true,21.4 per cent,all algorithms agree
21.5 per cent,21.5 per cent,21.5 per cent,21.5 per cent,true,21.5 per cent,all algorithms agree
21.6 crore,21.6 crore,21.6 crore,21.6 crore,true,21.6 crore,all algorithms agree
21.6 per cent,21.6 per cent,21.6 per cent,21.6 per cent,true,21.6 per cent,all algorithms agree
21.7 per cent,21.7 per cent,21.7 per cent,21.7 per cent,true,21.7 per cent,all algorithms agree
21.8 per cent,21.8 per cent,21.8 per cent,21.8 per cent,true,21.8 per cent,all algorithms agree
21.8 percent,21.8 percent,21.8 percent,21.8 percent,true,21.8 percent,all algorithms agree
21.9 per cent,21.9 per cent,21.9 per cent,21.9 per cent,true,21.9 per cent,all algorithms agree
211.7 lakh,211.7 lakh,211.7 lakh,211.7 lakh,true,211.7 lakh,all algorithms agree
213 million,213 million,213 million,213 million,true,213 million,all algorithms agree
219.67 million,219.67 million,219.67 million,219.67 million,true,219.67 million,all algorithms agree
22 lakh,22 lakh,22 lakh,22 lakh,true,22 lakh,all algorithms agree
22 per cent,22 per cent,22 per cent,22 per cent,true,22 per cent,all algorithms agree
22 sep,22 sep,22 sep,22 sep,true,22 sep,all algorithms agree
22.1 per cent,22.1 per cent,22.1 per cent,22.1 per cent,true,22.1 per cent,all algorithms agree
22.2 per cent,22.2 per cent,22.2 per cent,22.2 per cent,true,22.2 per cent,all algorithms agree
22.5 crore,22.5 crore,22.5 crore,22.5 crore,true,22.5 crore,all algorithms agree
22.5 per cent,22.5 per cent,22.5 per cent,22.5 per cent,true,22.5 per cent,all algorithms agree
22.6 per cent,22.6 per cent,22.6 per cent,22.6 per cent,true,22.6 per cent,all algorithms agree
22.62 per cent,22.62 per cent,22.62 per cent,22.62 per cent,true,22.62 per cent,all algorithms agree
22.7 per  cent,22.7 per  cent,22.7 per  cent,22.7 per  cent,true,22.7 per  cent,all algorithms agree
22.8 million,22.8 million,22.8 million,22.8 million,true,22.8 million,all algorithms agree
220 per cent,220 per cent,220 per cent,220 per cent,true,220 per cent,all algorithms agree
228.2 per cent,228.2 per cent,228.2 per cent,228.2 per cent,true,228.2 per cent,all algorithms agree
23 january 2026,23 january 2026,23 january 2026,23 january 2026,true,23 january 2026,all algorithms agree
23 per cent,23 per cent,23 per cent,23 per cent,true,23 per cent,all algorithms agree
23 sep,23 sep,23 sep,23 sep,true,23 sep,all algorithms agree
23.09 lakh,23.09 lakh,23.09 lakh,23.09 lakh,true,23.09 lakh,all algorithms agree
23.3 per cent,23.3 per cent,23.3 per cent,23.3 per cent,true,23.3 per cent,all algorithms agree
23.4 per cent,23.4 per cent,23.4 per cent,23.4 per cent,true,23.4 per cent,all algorithms agree
23.5 per cent,23.5 per cent,23.5 per cent,23.5 per cent,true,23.5 per cent,all algorithms agree
23.6 per cent,23.6 per cent,23.6 per cent,23.6 per cent,true,23.6 per cent,all algorithms agree
23.8 per cent,23.8 per cent,23.8 per cent,23.8 per cent,true,23.8 per cent,all algorithms agree
23.9 per cent,23.9 per cent,23.9 per cent,23.9 per cent,true,23.9 per cent,all algorithms agree
23.92 lakh,23.92 lakh,23.92 lakh,23.92 lakh,true,23.92 lakh,all algorithms agree
233.48 lakh,233.48 lakh,233.48 lakh,233.48 lakh,true,233.48 lakh,all algorithms agree
235 lakh,235 lakh,235 lakh,235 lakh,true,235 lakh,all algorithms agree
239 per cent,239 per cent,239 per cent,239 per cent,true,239 per cent,all algorithms agree
24 february 2024,24 february 2024,24 february 2024,24 february 2024,true,24 february 2024,all algorithms agree
24 january 2025,24 january 2025,24 january 2025,24 january 2025,true,24 january 2025,all algorithms agree
24 per cent,24 per cent,24 per cent,24 per cent,true,24 per cent,all algorithms agree
24 sep,24 sep,24 sep,24 sep,true,24 sep,all algorithms agree
24.2 per cent,24.2 per cent,24.2 per cent,24.2 per cent,true,24.2 per cent,all algorithms agree
24.28 per cent,24.28 per cent,24.28 per cent,24.28 per cent,true,24.28 per cent,all algorithms agree
24.4 per cent,24.4 per cent,24.4 per cent,24.4 per cent,true,24.4 per cent,all algorithms agree
24.6 per cent,24.6 per cent,24.6 per cent,24.6 per cent,true,24.6 per cent,all algorithms agree
24.69 crore,24.69 crore,24.69 crore,24.69 crore,true,24.69 crore,all algorithms agree
24.7 per cent,24.7 per cent,24.7 per cent,24.7 per cent,true,24.7 per cent,all algorithms agree
24.9 per cent,24.9 per cent,24.9 per cent,24.9 per cent,true,24.9 per cent,all algorithms agree
24.92 lakh,24.92 lakh,24.92 lakh,24.92 lakh,true,24.92 lakh,all algorithms agree
245 lakh,245 lakh,245 lakh,245 lakh,true,245 lakh,all algorithms agree
248.3 billion,248.3 billion,248.3 billion,248.3 billion,true,248.3 billion,all algorithms agree
25 apr,25 apr,25 apr,25 apr,true,25 apr,all algorithms agree
25 crore,25 crore,25 crore,25 crore,true,25 crore,all algorithms agree
25 december 2000,25 december 2000,25 december 2000,25 december 2000,true,25 december 2000,all algorithms agree
25 february 2025,25 february 2025,25 february 2025,25 february 2025,true,25 february 2025,all algorithms agree
25 jan,25 jan,25 jan,25 jan,true,25 jan,all algorithms agree
25 lakh,25 lakh,25 lakh,25 lakh,true,25 lakh,all algorithms agree
25 oct,25 oct,25 oct,25 oct,true,25 oct,all algorithms agree
25 per  cent,25 per  cent,25 per  cent,25 per  cent,true,25 per  cent,all algorithms agree
25 per cent,25 per cent,25 per cent,25 per cent,true,25 per cent,all algorithms agree
25 percent,25 percent,25 percent,25 percent,true,25 percent,all algorithms agree
25 sep,25 sep,25 sep,25 sep,true,25 sep,all algorithms agree
25.15 crore,25.15 crore,25.15 crore,25.15 crore,true,25.15 crore,all algorithms agree
25.3 per cent,25.3 per cent,25.3 per cent,25.3 per cent,true,25.3 per cent,all algorithms agree
25.3 percent,25.3 percent,25.3 percent,25.3 percent,true,25.3 percent,all algorithms agree
25.4 per cent,25.4 per cent,25.4 per cent,25.4 per cent,true,25.4 per cent,all algorithms agree
25.5 per cent,25.5 per cent,25.5 per cent,25.5 per cent,true,25.5 per cent,all algorithms agree
25.53 crore,25.53 crore,25.53 crore,25.53 crore,true,25.53 crore,all algorithms agree
25.55 crore,25.55 crore,25.55 crore,25.55 crore,true,25.55 crore,all algorithms agree
25.6 per cent,25.6 per cent,25.6 per cent,25.6 per cent,true,25.6 per cent,all algorithms agree
25.7  per cent,25.7  per cent,25.7  per cent,25.7  per cent,true,25.7  per cent,all algorithms agree
25.7 per cent,25.7 per cent,25.7 per cent,25.7 per cent,true,25.7 per cent,all algorithms agree
25.8 per cent,25.8 per cent,25.8 per cent,25.8 per cent,true,25.8 per cent,all algorithms agree
25.9 per cent,25.9 per cent,25.9 per cent,25.9 per cent,true,25.9 per cent,all algorithms agree
257 lakh,257 lakh,257 lakh,257 lakh,true,257 lakh,all algorithms agree
26 apr,26 apr,26 apr,26 apr,true,26 apr,all algorithms agree
26 december 2025,26 december 2025,26 december 2025,26 december 2025,true,26 december 2025,all algorithms agree
26 may 2025,26 may 2025,26 may 2025,26 may 2025,true,26 may 2025,all algorithms agree
26 oct,26 oct,26 oct,26 oct,true,26 oct,all algorithms agree
26 per cent,26 per cent,26 per cent,26 per cent,true,26 per cent,all algorithms agree
26 separate,26 separ,26 separ,26 separate,false,26 separ;26 separate,"algorithms diverge (porter, snowball_english reduce this form)"
26 september,26 septemb,26 septemb,26 september,false,26 septemb;26 september,"algorithms diverge (porter, snowball_english reduce this form)"
26.2 per cent,26.2 per cent,26.2 per cent,26.2 per cent,true,26.2 per cent,all algorithms agree
26.32 crore,26.32 crore,26.32 crore,26.32 crore,true,26.32 crore,all algorithms agree
26.5 per cent,26.5 per cent,26.5 per cent,26.5 per cent,true,26.5 per cent,all algorithms agree
26.7 per cent,26.7 per cent,26.7 per cent,26.7 per cent,true,26.7 per cent,all algorithms agree
26.8 per cent,26.8 per cent,26.8 per cent,26.8 per cent,true,26.8 per cent,all algorithms agree
263.3 per cent,263.3 per cent,263.3 per cent,263.3 per cent,true,263.3 per cent,all algorithms agree
27 december 2024,27 december 2024,27 december 2024,27 december 2024,true,27 december 2024,all algorithms agree
27 february 2026,27 february 2026,27 february 2026,27 february 2026,true,27 february 2026,all algorithms agree
27 november 2025,27 november 2025,27 november 2025,27 november 2025,true,27 november 2025,all algorithms agree
27 oct,27 oct,27 oct,27 oct,true,27 oct,all algorithms agree
27 per  cent,27 per  cent,27 per  cent,27 per  cent,true,27 per  cent,all algorithms agree
27 per cent,27 per cent,27 per cent,27 per cent,true,27 per cent,all algorithms agree
27.0 per cent,27.0 per cent,27.0 per cent,27.0 per cent,true,27.0 per cent,all algorithms agree
27.1 per cent,27.1 per cent,27.1 per cent,27.1 per cent,true,27.1 per cent,all algorithms agree
27.4 crore,27.4 crore,27.4 crore,27.4 crore,true,27.4 crore,all algorithms agree
27.4 per cent,27.4 per cent,27.4 per cent,27.4 per cent,true,27.4 per cent,all algorithms agree
27.5 per cent,27.5 per cent,27.5 per cent,27.5 per cent,true,27.5 per cent,all algorithms agree
27.6 per cent,27.6 per cent,27.6 per cent,27.6 per cent,true,27.6 per cent,all algorithms agree
27.7 per cent,27.7 per cent,27.7 per cent,27.7 per cent,true,27.7 per cent,all algorithms agree
27.8 per cent,27.8 per cent,27.8 per cent,27.8 per cent,true,27.8 per cent,all algorithms agree
27.9 per cent,27.9 per cent,27.9 per cent,27.9 per cent,true,27.9 per cent,all algorithms agree
28 december,28 decemb,28 decemb,28 december,false,28 decemb;28 december,"algorithms diverge (porter, snowball_english reduce this form)"
28 lakh,28 lakh,28 lakh,28 lakh,true,28 lakh,all algorithms agree
28 may 2026,28 may 2026,28 may 2026,28 may 2026,true,28 may 2026,all algorithms agree
28 november 2025,28 november 2025,28 november 2025,28 november 2025,true,28 november 2025,all algorithms agree
28 oct,28 oct,28 oct,28 oct,true,28 oct,all algorithms agree
28 per cent,28 per cent,28 per cent,28 per cent,true,28 per cent,all algorithms agree
28.1 per cent,28.1 per cent,28.1 per cent,28.1 per cent,true,28.1 per cent,all algorithms agree
28.3 per cent,28.3 per cent,28.3 per cent,28.3 per cent,true,28.3 per cent,all algorithms agree
28.6 per cent,28.6 per cent,28.6 per cent,28.6 per cent,true,28.6 per cent,all algorithms agree
28.6 percent,28.6 percent,28.6 percent,28.6 percent,true,28.6 percent,all algorithms agree
28.7 per cent,28.7 per cent,28.7 per cent,28.7 per cent,true,28.7 per cent,all algorithms agree
28.8 per cent,28.8 per cent,28.8 per cent,28.8 per cent,true,28.8 per cent,all algorithms agree
28.9 per  cent,28.9 per  cent,28.9 per  cent,28.9 per  cent,true,28.9 per  cent,all algorithms agree
280.70 million,280.70 million,280.70 million,280.70 million,true,280.70 million,all algorithms agree
29 january 2025,29 january 2025,29 january 2025,29 january 2025,true,29 january 2025,all algorithms agree
29 million,29 million,29 million,29 million,true,29 million,all algorithms agree
29 nov,29 nov,29 nov,29 nov,true,29 nov,all algorithms agree
29 october 2025,29 october 2025,29 october 2025,29 october 2025,true,29 october 2025,all algorithms agree
29 per cent,29 per cent,29 per cent,29 per cent,true,29 per cent,all algorithms agree
29.3 per cent,29.3 per cent,29.3 per cent,29.3 per cent,true,29.3 per cent,all algorithms agree
29.7 per cent,29.7 per cent,29.7 per cent,29.7 per cent,true,29.7 per cent,all algorithms agree
29.8 per cent,29.8 per cent,29.8 per cent,29.8 per cent,true,29.8 per cent,all algorithms agree
296.53 lakh,296.53 lakh,296.53 lakh,296.53 lakh,true,296.53 lakh,all algorithms agree
3  market,3  market,3  market,3  market,true,3  market,all algorithms agree
3 april,3 april,3 april,3 april,true,3 april,all algorithms agree
3 crore,3 crore,3 crore,3 crore,true,3 crore,all algorithms agree
3 december 2025,3 december 2025,3 december 2025,3 december 2025,true,3 december 2025,all algorithms agree
3 lakh,3 lakh,3 lakh,3 lakh,true,3 lakh,all algorithms agree
3 october 2025,3 october 2025,3 october 2025,3 october 2025,true,3 october 2025,all algorithms agree
3 per cent,3 per cent,3 per cent,3 per cent,true,3 per cent,all algorithms agree
"3,135 per cent","3,135 per cent","3,135 per cent","3,135 per cent",true,"3,135 per cent",all algorithms agree
"3,320 lakh","3,320 lakh","3,320 lakh","3,320 lakh",true,"3,320 lakh",all algorithms agree
"3,577.3 lakh","3,577.3 lakh","3,577.3 lakh","3,577.3 lakh",true,"3,577.3 lakh",all algorithms agree
3.0 per cent,3.0 per cent,3.0 per cent,3.0 per cent,true,3.0 per cent,all algorithms agree
3.07 crore,3.07 crore,3.07 crore,3.07 crore,true,3.07 crore,all algorithms agree
3.09 crore,3.09 crore,3.09 crore,3.09 crore,true,3.09 crore,all algorithms agree
3.1 crore,3.1 crore,3.1 crore,3.1 crore,true,3.1 crore,all algorithms agree
3.1 per cent,3.1 per cent,3.1 per cent,3.1 per cent,true,3.1 per cent,all algorithms agree
3.19 per cent,3.19 per cent,3.19 per cent,3.19 per cent,true,3.19 per cent,all algorithms agree
3.2  per cent,3.2  per cent,3.2  per cent,3.2  per cent,true,3.2  per cent,all algorithms agree
3.2 lakh crore,3.2 lakh cror,3.2 lakh cror,3.2 lakh crore,false,3.2 lakh cror;3.2 lakh crore,"algorithms diverge (porter, snowball_english reduce this form)"
3.2 per cent,3.2 per cent,3.2 per cent,3.2 per cent,true,3.2 per cent,all algorithms agree
3.23 crore,3.23 crore,3.23 crore,3.23 crore,true,3.23 crore,all algorithms agree
3.24 crore,3.24 crore,3.24 crore,3.24 crore,true,3.24 crore,all algorithms agree
3.28 lakh,3.28 lakh,3.28 lakh,3.28 lakh,true,3.28 lakh,all algorithms agree
3.3 crore,3.3 crore,3.3 crore,3.3 crore,true,3.3 crore,all algorithms agree
3.3 million,3.3 million,3.3 million,3.3 million,true,3.3 million,all algorithms agree
3.3 per cent,3.3 per cent,3.3 per cent,3.3 per cent,true,3.3 per cent,all algorithms agree
3.31 per cent,3.31 per cent,3.31 per cent,3.31 per cent,true,3.31 per cent,all algorithms agree
3.4  per cent,3.4  per cent,3.4  per cent,3.4  per cent,true,3.4  per cent,all algorithms agree
3.4 crore,3.4 crore,3.4 crore,3.4 crore,true,3.4 crore,all algorithms agree
3.4 per cent,3.4 per cent,3.4 per cent,3.4 per cent,true,3.4 per cent,all algorithms agree
3.44 lakh,3.44 lakh,3.44 lakh,3.44 lakh,true,3.44 lakh,all algorithms agree
3.48 per cent,3.48 per cent,3.48 per cent,3.48 per cent,true,3.48 per cent,all algorithms agree
3.5 crore,3.5 crore,3.5 crore,3.5 crore,true,3.5 crore,all algorithms agree
3.5 per cent,3.5 per cent,3.5 per cent,3.5 per cent,true,3.5 per cent,all algorithms agree
3.6 lakh,3.6 lakh,3.6 lakh,3.6 lakh,true,3.6 lakh,all algorithms agree
3.6 per  cent,3.6 per  cent,3.6 per  cent,3.6 per  cent,true,3.6 per  cent,all algorithms agree
3.6 per cent,3.6 per cent,3.6 per cent,3.6 per cent,true,3.6 per cent,all algorithms agree
3.60 lakh,3.60 lakh,3.60 lakh,3.60 lakh,true,3.60 lakh,all algorithms agree
3.7 per cent,3.7 per cent,3.7 per cent,3.7 per cent,true,3.7 per cent,all algorithms agree
3.70 crore,3.70 crore,3.70 crore,3.70 crore,true,3.70 crore,all algorithms agree
3.78 lakh,3.78 lakh,3.78 lakh,3.78 lakh,true,3.78 lakh,all algorithms agree
3.8 per cent,3.8 per cent,3.8 per cent,3.8 per cent,true,3.8 per cent,all algorithms agree
3.86 crore,3.86 crore,3.86 crore,3.86 crore,true,3.86 crore,all algorithms agree
3.9 crore,3.9 crore,3.9 crore,3.9 crore,true,3.9 crore,all algorithms agree
3.9 per cent,3.9 per cent,3.9 per cent,3.9 per cent,true,3.9 per cent,all algorithms agree
3.95  lakh,3.95  lakh,3.95  lakh,3.95  lakh,true,3.95  lakh,all algorithms agree
30  per cent,30  per cent,30  per cent,30  per cent,true,30  per cent,all algorithms agree
30 december 2025,30 december 2025,30 december 2025,30 december 2025,true,30 december 2025,all algorithms agree
30 june 2026,30 june 2026,30 june 2026,30 june 2026,true,30 june 2026,all algorithms agree
30 lakh,30 lakh,30 lakh,30 lakh,true,30 lakh,all algorithms agree
30 million,30 million,30 million,30 million,true,30 million,all algorithms agree
30 nov,30 nov,30 nov,30 nov,true,30 nov,all algorithms agree
30 november 2025,30 november 2025,30 november 2025,30 november 2025,true,30 november 2025,all algorithms agree
30 october 2025,30 october 2025,30 october 2025,30 october 2025,true,30 october 2025,all algorithms agree
30 per cent,30 per cent,30 per cent,30 per cent,true,30 per cent,all algorithms agree
30 percent,30 percent,30 percent,30 percent,true,30 percent,all algorithms agree
30 september 2025,30 september 2025,30 september 2025,30 september 2025,true,30 september 2025,all algorithms agree
30.0 per cent,30.0 per cent,30.0 per cent,30.0 per cent,true,30.0 per cent,all algorithms agree
30.12 lakh,30.12 lakh,30.12 lakh,30.12 lakh,true,30.12 lakh,all algorithms agree
30.4 per cent,30.4 per cent,30.4 per cent,30.4 per cent,true,30.4 per cent,all algorithms agree
30.5 per cent,30.5 per cent,30.5 per cent,30.5 per cent,true,30.5 per cent,all algorithms agree
30.65 lakh,30.65 lakh,30.65 lakh,30.65 lakh,true,30.65 lakh,all algorithms agree
30.7 per cent,30.7 per cent,30.7 per cent,30.7 per cent,true,30.7 per cent,all algorithms agree
30.8per cent,30.8per cent,30.8per cent,30.8per cent,true,30.8per cent,all algorithms agree
308 lakh,308 lakh,308 lakh,308 lakh,true,308 lakh,all algorithms agree
31 crore,31 crore,31 crore,31 crore,true,31 crore,all algorithms agree
31 dec 2025,31 dec 2025,31 dec 2025,31 dec 2025,true,31 dec 2025,all algorithms agree
31 december 2025,31 december 2025,31 december 2025,31 december 2025,true,31 december 2025,all algorithms agree
31 january 2025,31 january 2025,31 january 2025,31 january 2025,true,31 january 2025,all algorithms agree
31 march 2025,31 march 2025,31 march 2025,31 march 2025,true,31 march 2025,all algorithms agree
31 march 2026,31 march 2026,31 march 2026,31 march 2026,true,31 march 2026,all algorithms agree
31 march 2036,31 march 2036,31 march 2036,31 march 2036,true,31 march 2036,all algorithms agree
31 nov,31 nov,31 nov,31 nov,true,31 nov,all algorithms agree
31 october 2025,31 october 2025,31 october 2025,31 october 2025,true,31 october 2025,all algorithms agree
31 per cent,31 per cent,31 per cent,31 per cent,true,31 per cent,all algorithms agree
31.1 per cent,31.1 per cent,31.1 per cent,31.1 per cent,true,31.1 per cent,all algorithms agree
31.3 per cent,31.3 per cent,31.3 per cent,31.3 per cent,true,31.3 per cent,all algorithms agree
31.5 crore,31.5 crore,31.5 crore,31.5 crore,true,31.5 crore,all algorithms agree
31.5 per cent,31.5 per cent,31.5 per cent,31.5 per cent,true,31.5 per cent,all algorithms agree
31.8 per cent,31.8 per cent,31.8 per cent,31.8 per cent,true,31.8 per cent,all algorithms agree
31.9 per cent,31.9 per cent,31.9 per cent,31.9 per cent,true,31.9 per cent,all algorithms agree
32 lakh,32 lakh,32 lakh,32 lakh,true,32 lakh,all algorithms agree
32 nov,32 nov,32 nov,32 nov,true,32 nov,all algorithms agree
32 per cent,32 per cent,32 per cent,32 per cent,true,32 per cent,all algorithms agree
32.1  million,32.1  million,32.1  million,32.1  million,true,32.1  million,all algorithms agree
32.1 per cent,32.1 per cent,32.1 per cent,32.1 per cent,true,32.1 per cent,all algorithms agree
32.3 per cent,32.3 per cent,32.3 per cent,32.3 per cent,true,32.3 per cent,all algorithms agree
32.7 per cent,32.7 per cent,32.7 per cent,32.7 per cent,true,32.7 per cent,all algorithms agree
32.8 per cent,32.8 per cent,32.8 per cent,32.8 per cent,true,32.8 per cent,all algorithms agree
32.82 crore,32.82 crore,32.82 crore,32.82 crore,true,32.82 crore,all algorithms agree
32.9 per cent,32.9 per cent,32.9 per cent,32.9 per cent,true,32.9 per cent,all algorithms agree
327 per cent,327 per cent,327 per cent,327 per cent,true,327 per cent,all algorithms agree
33 nov,33 nov,33 nov,33 nov,true,33 nov,all algorithms agree
33 per cent,33 per cent,33 per cent,33 per cent,true,33 per cent,all algorithms agree
33.33 per cent,33.33 per cent,33.33 per cent,33.33 per cent,true,33.33 per cent,all algorithms agree
33.54 million,33.54 million,33.54 million,33.54 million,true,33.54 million,all algorithms agree
33.7 per cent,33.7 per cent,33.7 per cent,33.7 per cent,true,33.7 per cent,all algorithms agree
33.8 per cent,33.8 per cent,33.8 per cent,33.8 per cent,true,33.8 per cent,all algorithms agree
33.83 crore,33.83 crore,33.83 crore,33.83 crore,true,33.83 crore,all algorithms agree
330 lakh,330 lakh,330 lakh,330 lakh,true,330 lakh,all algorithms agree
34 nov,34 nov,34 nov,34 nov,true,34 nov,all algorithms agree
34 per cent,34 per cent,34 per cent,34 per cent,true,34 per cent,all algorithms agree
34.2 per cent,34.2 per cent,34.2 per cent,34.2 per cent,true,34.2 per cent,all algorithms agree
34.3 per cent,34.3 per cent,34.3 per cent,34.3 per cent,true,34.3 per cent,all algorithms agree
34.42 lakh,34.42 lakh,34.42 lakh,34.42 lakh,true,34.42 lakh,all algorithms agree
34.6 per cent,34.6 per cent,34.6 per cent,34.6 per cent,true,34.6 per cent,all algorithms agree
34.7 per cent,34.7 per cent,34.7 per cent,34.7 per cent,true,34.7 per cent,all algorithms agree
34.8 crore,34.8 crore,34.8 crore,34.8 crore,true,34.8 crore,all algorithms agree
34.8 per cent,34.8 per cent,34.8 per cent,34.8 per cent,true,34.8 per cent,all algorithms agree
34.9 per cent,34.9 per cent,34.9 per cent,34.9 per cent,true,34.9 per cent,all algorithms agree
35 crore,35 crore,35 crore,35 crore,true,35 crore,all algorithms agree
35 lakh,35 lakh,35 lakh,35 lakh,true,35 lakh,all algorithms agree
35 nov,35 nov,35 nov,35 nov,true,35 nov,all algorithms agree
35 per cent,35 per cent,35 per cent,35 per cent,true,35 per cent,all algorithms agree
35.1 per cent,35.1 per cent,35.1 per cent,35.1 per cent,true,35.1 per cent,all algorithms agree
35.4 per cent,35.4 per cent,35.4 per cent,35.4 per cent,true,35.4 per cent,all algorithms agree
35.5 per cent,35.5 per cent,35.5 per cent,35.5 per cent,true,35.5 per cent,all algorithms agree
35.9 per cent,35.9 per cent,35.9 per cent,35.9 per cent,true,35.9 per cent,all algorithms agree
36 nov,36 nov,36 nov,36 nov,true,36 nov,all algorithms agree
36 per cent,36 per cent,36 per cent,36 per cent,true,36 per cent,all algorithms agree
36.2 per cent,36.2 per cent,36.2 per cent,36.2 per cent,true,36.2 per cent,all algorithms agree
36.3 per cent,36.3 per cent,36.3 per cent,36.3 per cent,true,36.3 per cent,all algorithms agree
36.6 per cent,36.6 per cent,36.6 per cent,36.6 per cent,true,36.6 per cent,all algorithms agree
36.63 crore,36.63 crore,36.63 crore,36.63 crore,true,36.63 crore,all algorithms agree
36.67 crore,36.67 crore,36.67 crore,36.67 crore,true,36.67 crore,all algorithms agree
36.8 per cent,36.8 per cent,36.8 per cent,36.8 per cent,true,36.8 per cent,all algorithms agree
36.9 crore,36.9 crore,36.9 crore,36.9 crore,true,36.9 crore,all algorithms agree
367.72 million,367.72 million,367.72 million,367.72 million,true,367.72 million,all algorithms agree
37 dec,37 dec,37 dec,37 dec,true,37 dec,all algorithms agree
37 per cent,37 per cent,37 per cent,37 per cent,true,37 per cent,all algorithms agree
37.1 per cent,37.1 per cent,37.1 per cent,37.1 per cent,true,37.1 per cent,all algorithms agree
37.3 per cent,37.3 per cent,37.3 per cent,37.3 per cent,true,37.3 per cent,all algorithms agree
37.5 per cent,37.5 per cent,37.5 per cent,37.5 per cent,true,37.5 per cent,all algorithms agree
37.6 per cent,37.6 per cent,37.6 per cent,37.6 per cent,true,37.6 per cent,all algorithms agree
37.8 per cent,37.8 per cent,37.8 per cent,37.8 per cent,true,37.8 per cent,all algorithms agree
375 per cent,375 per cent,375 per cent,375 per cent,true,375 per cent,all algorithms agree
38 dec,38 dec,38 dec,38 dec,true,38 dec,all algorithms agree
38 per cent,38 per cent,38 per cent,38 per cent,true,38 per cent,all algorithms agree
38.1 per cent,38.1 per cent,38.1 per cent,38.1 per cent,true,38.1 per cent,all algorithms agree
38.2 per cent,38.2 per cent,38.2 per cent,38.2 per cent,true,38.2 per cent,all algorithms agree
38.3 per cent,38.3 per cent,38.3 per cent,38.3 per cent,true,38.3 per cent,all algorithms agree
38.4 per cent,38.4 per cent,38.4 per cent,38.4 per cent,true,38.4 per cent,all algorithms agree
38.5 per cent,38.5 per cent,38.5 per cent,38.5 per cent,true,38.5 per cent,all algorithms agree
38.7 per cent,38.7 per cent,38.7 per cent,38.7 per cent,true,38.7 per cent,all algorithms agree
38.8 per cent,38.8 per cent,38.8 per cent,38.8 per cent,true,38.8 per cent,all algorithms agree
389.09 crore,389.09 crore,389.09 crore,389.09 crore,true,389.09 crore,all algorithms agree
389.65 lakh,389.65 lakh,389.65 lakh,389.65 lakh,true,389.65 lakh,all algorithms agree
39 dec,39 dec,39 dec,39 dec,true,39 dec,all algorithms agree
39 million,39 million,39 million,39 million,true,39 million,all algorithms agree
39 per cent,39 per cent,39 per cent,39 per cent,true,39 per cent,all algorithms agree
39.04 lakh,39.04 lakh,39.04 lakh,39.04 lakh,true,39.04 lakh,all algorithms agree
39.1 per cent,39.1 per cent,39.1 per cent,39.1 per cent,true,39.1 per cent,all algorithms agree
39.2 per cent,39.2 per cent,39.2 per cent,39.2 per cent,true,39.2 per cent,all algorithms agree
39.5 per cent,39.5 per cent,39.5 per cent,39.5 per cent,true,39.5 per cent,all algorithms agree
39.6 per cent,39.6 per cent,39.6 per cent,39.6 per cent,true,39.6 per cent,all algorithms agree
39.7 per cent,39.7 per cent,39.7 per cent,39.7 per cent,true,39.7 per cent,all algorithms agree
39.86 crore,39.86 crore,39.86 crore,39.86 crore,true,39.86 crore,all algorithms agree
4  market,4  market,4  market,4  market,true,4  market,all algorithms agree
4 april,4 april,4 april,4 april,true,4 april,all algorithms agree
4 april 2024,4 april 2024,4 april 2024,4 april 2024,true,4 april 2024,all algorithms agree
4 billion,4 billion,4 billion,4 billion,true,4 billion,all algorithms agree
4 crore,4 crore,4 crore,4 crore,true,4 crore,all algorithms agree
4 lakh,4 lakh,4 lakh,4 lakh,true,4 lakh,all algorithms agree
4 per cent,4 per cent,4 per cent,4 per cent,true,4 per cent,all algorithms agree
4 percent,4 percent,4 percent,4 percent,true,4 percent,all algorithms agree
4.0 per cent,4.0 per cent,4.0 per cent,4.0 per cent,true,4.0 per cent,all algorithms agree
4.1 per cent,4.1 per cent,4.1 per cent,4.1 per cent,true,4.1 per cent,all algorithms agree
4.14 crore,4.14 crore,4.14 crore,4.14 crore,true,4.14 crore,all algorithms agree
4.19 crore,4.19 crore,4.19 crore,4.19 crore,true,4.19 crore,all algorithms agree
4.2 million,4.2 million,4.2 million,4.2 million,true,4.2 million,all algorithms agree
4.2 per cent,4.2 per cent,4.2 per cent,4.2 per cent,true,4.2 per cent,all algorithms agree
4.3 per cent,4.3 per cent,4.3 per cent,4.3 per cent,true,4.3 per cent,all algorithms agree
4.33 crore,4.33 crore,4.33 crore,4.33 crore,true,4.33 crore,all algorithms agree
4.39 lakh,4.39 lakh,4.39 lakh,4.39 lakh,true,4.39 lakh,all algorithms agree
4.4 million,4.4 million,4.4 million,4.4 million,true,4.4 million,all algorithms agree
4.4 per cent,4.4 per cent,4.4 per cent,4.4 per cent,true,4.4 per cent,all algorithms agree
4.45 per cent,4.45 per cent,4.45 per cent,4.45 per cent,true,4.45 per cent,all algorithms agree
4.46 crore,4.46 crore,4.46 crore,4.46 crore,true,4.46 crore,all algorithms agree
4.5 million,4.5 million,4.5 million,4.5 million,true,4.5 million,all algorithms agree
4.5 per cent,4.5 per cent,4.5 per cent,4.5 per cent,true,4.5 per cent,all algorithms agree
4.53 lakh,4.53 lakh,4.53 lakh,4.53 lakh,true,4.53 lakh,all algorithms agree
4.6 crore,4.6 crore,4.6 crore,4.6 crore,true,4.6 crore,all algorithms agree
4.6 per cent,4.6 per cent,4.6 per cent,4.6 per cent,true,4.6 per cent,all algorithms agree
4.61 per cent,4.61 per cent,4.61 per cent,4.61 per cent,true,4.61 per cent,all algorithms agree
4.62 per cent,4.62 per cent,4.62 per cent,4.62 per cent,true,4.62 per cent,all algorithms agree
4.7 per cent,4.7 per cent,4.7 per cent,4.7 per cent,true,4.7 per cent,all algorithms agree
4.8 per cent,4.8 per cent,4.8 per cent,4.8 per cent,true,4.8 per cent,all algorithms agree
4.9 per cent,4.9 per cent,4.9 per cent,4.9 per cent,true,4.9 per cent,all algorithms agree
4.91 per cent,4.91 per cent,4.91 per cent,4.91 per cent,true,4.91 per cent,all algorithms agree
4.95 crore,4.95 crore,4.95 crore,4.95 crore,true,4.95 crore,all algorithms agree
4.98 per cent,4.98 per cent,4.98 per cent,4.98 per cent,true,4.98 per cent,all algorithms agree
40 crore,40 crore,40 crore,40 crore,true,40 crore,all algorithms agree
40 dec,40 dec,40 dec,40 dec,true,40 dec,all algorithms agree
40 million,40 million,40 million,40 million,true,40 million,all algorithms agree
40 per cent,40 per cent,40 per cent,40 per cent,true,40 per cent,all algorithms agree
40.13 crore,40.13 crore,40.13 crore,40.13 crore,true,40.13 crore,all algorithms agree
40.3 per cent,40.3 per cent,40.3 per cent,40.3 per cent,true,40.3 per cent,all algorithms agree
40.5 per cent,40.5 per cent,40.5 per cent,40.5 per cent,true,40.5 per cent,all algorithms agree
40.7 per cent,40.7 per cent,40.7 per cent,40.7 per cent,true,40.7 per cent,all algorithms agree
41 dec,41 dec,41 dec,41 dec,true,41 dec,all algorithms agree
41 per cent,41 per cent,41 per cent,41 per cent,true,41 per cent,all algorithms agree
41.2 per cent,41.2 per cent,41.2 per cent,41.2 per cent,true,41.2 per cent,all algorithms agree
41.4 per cent,41.4 per cent,41.4 per cent,41.4 per cent,true,41.4 per cent,all algorithms agree
41.6 per cent,41.6 per cent,41.6 per cent,41.6 per cent,true,41.6 per cent,all algorithms agree
41.7 per cent,41.7 per cent,41.7 per cent,41.7 per cent,true,41.7 per cent,all algorithms agree
411.8 million,411.8 million,411.8 million,411.8 million,true,411.8 million,all algorithms agree
412 million,412 million,412 million,412 million,true,412 million,all algorithms agree
42 dec,42 dec,42 dec,42 dec,true,42 dec,all algorithms agree
42 lakh,42 lakh,42 lakh,42 lakh,true,42 lakh,all algorithms agree
42 per cent,42 per cent,42 per cent,42 per cent,true,42 per cent,all algorithms agree
42.3 per cent,42.3 per cent,42.3 per cent,42.3 per cent,true,42.3 per cent,all algorithms agree
42.4 per cent,42.4 per cent,42.4 per cent,42.4 per cent,true,42.4 per cent,all algorithms agree
42.66 crore,42.66 crore,42.66 crore,42.66 crore,true,42.66 crore,all algorithms agree
42.78  crore,42.78  crore,42.78  crore,42.78  crore,true,42.78  crore,all algorithms agree
43 dec,43 dec,43 dec,43 dec,true,43 dec,all algorithms agree
43 per cent,43 per cent,43 per cent,43 per cent,true,43 per cent,all algorithms agree
43.3 per cent,43.3 per cent,43.3 per cent,43.3 per cent,true,43.3 per cent,all algorithms agree
43.47 lakh,43.47 lakh,43.47 lakh,43.47 lakh,true,43.47 lakh,all algorithms agree
43.5 per cent,43.5 per cent,43.5 per cent,43.5 per cent,true,43.5 per cent,all algorithms agree
43.7 per cent,43.7 per cent,43.7 per cent,43.7 per cent,true,43.7 per cent,all algorithms agree
430 lakh,430 lakh,430 lakh,430 lakh,true,430 lakh,all algorithms agree
44 dec,44 dec,44 dec,44 dec,true,44 dec,all algorithms agree
44 per cent,44 per cent,44 per cent,44 per cent,true,44 per cent,all algorithms agree
"44,664 crore","44,664 crore","44,664 crore","44,664 crore",true,"44,664 crore",all algorithms agree
44.4 per cent,44.4 per cent,44.4 per cent,44.4 per cent,true,44.4 per cent,all algorithms agree
44.7 per cent,44.7 per cent,44.7 per cent,44.7 per cent,true,44.7 per cent,all algorithms agree
45 dec,45 dec,45 dec,45 dec,true,45 dec,all algorithms agree
45 million,45 million,45 million,45 million,true,45 million,all algorithms agree
45 per cent,45 per cent,45 per cent,45 per cent,true,45 per cent,all algorithms agree
"45,638 thousand","45,638 thousand","45,638 thousand","45,638 thousand",true,"45,638 thousand",all algorithms agree
45.0 per cent,45.0 per cent,45.0 per cent,45.0 per cent,true,45.0 per cent,all algorithms agree
45.4 per cent,45.4 per cent,45.4 per cent,45.4 per cent,true,45.4 per cent,all algorithms agree
45.9 per cent,45.9 per cent,45.9 per cent,45.9 per cent,true,45.9 per cent,all algorithms agree
453 million,453 million,453 million,453 million,true,453 million,all algorithms agree
46 dec,46 dec,46 dec,46 dec,true,46 dec,all algorithms agree
46 per cent,46 per cent,46 per cent,46 per cent,true,46 per cent,all algorithms agree
46.1 per cent,46.1 per cent,46.1 per cent,46.1 per cent,true,46.1 per cent,all algorithms agree
46.3 per cent,46.3 per cent,46.3 per cent,46.3 per cent,true,46.3 per cent,all algorithms agree
46.5 per cent,46.5 per cent,46.5 per cent,46.5 per cent,true,46.5 per cent,all algorithms agree
47 dec,47 dec,47 dec,47 dec,true,47 dec,all algorithms agree
47 lakh,47 lakh,47 lakh,47 lakh,true,47 lakh,all algorithms agree
47 per cent,47 per cent,47 per cent,47 per cent,true,47 per cent,all algorithms agree
47.4 per cent,47.4 per cent,47.4 per cent,47.4 per cent,true,47.4 per cent,all algorithms agree
47.7 per cent,47.7 per cent,47.7 per cent,47.7 per cent,true,47.7 per cent,all algorithms agree
47.76 lakh,47.76 lakh,47.76 lakh,47.76 lakh,true,47.76 lakh,all algorithms agree
48 jan,48 jan,48 jan,48 jan,true,48 jan,all algorithms agree
48 lakh,48 lakh,48 lakh,48 lakh,true,48 lakh,all algorithms agree
48 per cent,48 per cent,48 per cent,48 per cent,true,48 per cent,all algorithms agree
48.22 lakh,48.22 lakh,48.22 lakh,48.22 lakh,true,48.22 lakh,all algorithms agree
48.3 per cent,48.3 per cent,48.3 per cent,48.3 per cent,true,48.3 per cent,all algorithms agree
48.58 per cent,48.58 per cent,48.58 per cent,48.58 per cent,true,48.58 per cent,all algorithms agree
48.7 per cent,48.7 per cent,48.7 per cent,48.7 per cent,true,48.7 per cent,all algorithms agree
48.8 per cent,48.8 per cent,48.8 per cent,48.8 per cent,true,48.8 per cent,all algorithms agree
49  per cent,49  per cent,49  per cent,49  per cent,true,49  per cent,all algorithms agree
49 jan,49 jan,49 jan,49 jan,true,49 jan,all algorithms agree
49 per cent,49 per cent,49 per cent,49 per cent,true,49 per cent,all algorithms agree
49.6 per cent,49.6 per cent,49.6 per cent,49.6 per cent,true,49.6 per cent,all algorithms agree
49.8 per cent,49.8 per cent,49.8 per cent,49.8 per cent,true,49.8 per cent,all algorithms agree
49.83 per cent,49.83 per cent,49.83 per cent,49.83 per cent,true,49.83 per cent,all algorithms agree
49.9 per cent,49.9 per cent,49.9 per cent,49.9 per cent,true,49.9 per cent,all algorithms agree
491.7 per cent,491.7 per cent,491.7 per cent,491.7 per cent,true,491.7 per cent,all algorithms agree
5 april,5 april,5 april,5 april,true,5 april,all algorithms agree
5 crore,5 crore,5 crore,5 crore,true,5 crore,all algorithms agree
5 per cent,5 per cent,5 per cent,5 per cent,true,5 per cent,all algorithms agree
5.0 per cent,5.0 per cent,5.0 per cent,5.0 per cent,true,5.0 per cent,all algorithms agree
5.02 per cent,5.02 per cent,5.02 per cent,5.02 per cent,true,5.02 per cent,all algorithms agree
5.1 per cent,5.1 per cent,5.1 per cent,5.1 per cent,true,5.1 per cent,all algorithms agree
5.15 per cent,5.15 per cent,5.15 per cent,5.15 per cent,true,5.15 per cent,all algorithms agree
5.18 lakh,5.18 lakh,5.18 lakh,5.18 lakh,true,5.18 lakh,all algorithms agree
5.2 lakh,5.2 lakh,5.2 lakh,5.2 lakh,true,5.2 lakh,all algorithms agree
5.2 per cent,5.2 per cent,5.2 per cent,5.2 per cent,true,5.2 per cent,all algorithms agree
5.23 lakh,5.23 lakh,5.23 lakh,5.23 lakh,true,5.23 lakh,all algorithms agree
5.25 per cent,5.25 per cent,5.25 per cent,5.25 per cent,true,5.25 per cent,all algorithms agree
5.3 million,5.3 million,5.3 million,5.3 million,true,5.3 million,all algorithms agree
5.3 per cent,5.3 per cent,5.3 per cent,5.3 per cent,true,5.3 per cent,all algorithms agree
5.38 per cent,5.38 per cent,5.38 per cent,5.38 per cent,true,5.38 per cent,all algorithms agree
5.4 crore,5.4 crore,5.4 crore,5.4 crore,true,5.4 crore,all algorithms agree
5.4 per cent,5.4 per cent,5.4 per cent,5.4 per cent,true,5.4 per cent,all algorithms agree
5.43 lakh,5.43 lakh,5.43 lakh,5.43 lakh,true,5.43 lakh,all algorithms agree
5.5 crore,5.5 crore,5.5 crore,5.5 crore,true,5.5 crore,all algorithms agree
5.5 per cent,5.5 per cent,5.5 per cent,5.5 per cent,true,5.5 per cent,all algorithms agree
5.6 per cent,5.6 per cent,5.6 per cent,5.6 per cent,true,5.6 per cent,all algorithms agree
5.7 lakh,5.7 lakh,5.7 lakh,5.7 lakh,true,5.7 lakh,all algorithms agree
5.7 per cent,5.7 per cent,5.7 per cent,5.7 per cent,true,5.7 per cent,all algorithms agree
5.8 per cent,5.8 per cent,5.8 per cent,5.8 per cent,true,5.8 per cent,all algorithms agree
5.86 crore,5.86 crore,5.86 crore,5.86 crore,true,5.86 crore,all algorithms agree
5.9 crore,5.9 crore,5.9 crore,5.9 crore,true,5.9 crore,all algorithms agree
5.9 per cent,5.9 per cent,5.9 per cent,5.9 per cent,true,5.9 per cent,all algorithms agree
5.98 crore,5.98 crore,5.98 crore,5.98 crore,true,5.98 crore,all algorithms agree
50 jan,50 jan,50 jan,50 jan,true,50 jan,all algorithms agree
50 per  cent,50 per  cent,50 per  cent,50 per  cent,true,50 per  cent,all algorithms agree
50 per cent,50 per cent,50 per cent,50 per cent,true,50 per cent,all algorithms agree
50 percent,50 percent,50 percent,50 percent,true,50 percent,all algorithms agree
50.1 per cent,50.1 per cent,50.1 per cent,50.1 per cent,true,50.1 per cent,all algorithms agree
50.5 per cent,50.5 per cent,50.5 per cent,50.5 per cent,true,50.5 per cent,all algorithms agree
50.9 per cent,50.9 per cent,50.9 per cent,50.9 per cent,true,50.9 per cent,all algorithms agree
51 mar,51 mar,51 mar,51 mar,true,51 mar,all algorithms agree
51 per cent,51 per cent,51 per cent,51 per cent,true,51 per cent,all algorithms agree
51.2 per cent,51.2 per cent,51.2 per cent,51.2 per cent,true,51.2 per cent,all algorithms agree
51.4 per cent,51.4 per cent,51.4 per cent,51.4 per cent,true,51.4 per cent,all algorithms agree
51.5 per cent,51.5 per cent,51.5 per cent,51.5 per cent,true,51.5 per cent,all algorithms agree
51.7 per cent,51.7 per cent,51.7 per cent,51.7 per cent,true,51.7 per cent,all algorithms agree
51.9 per cent,51.9 per cent,51.9 per cent,51.9 per cent,true,51.9 per cent,all algorithms agree
51.93 per cent,51.93 per cent,51.93 per cent,51.93 per cent,true,51.93 per cent,all algorithms agree
52 per cent,52 per cent,52 per cent,52 per cent,true,52 per cent,all algorithms agree
52.2 per cent,52.2 per cent,52.2 per cent,52.2 per cent,true,52.2 per cent,all algorithms agree
52.4 per cent,52.4 per cent,52.4 per cent,52.4 per cent,true,52.4 per cent,all algorithms agree
52.7 per cent,52.7 per cent,52.7 per cent,52.7 per cent,true,52.7 per cent,all algorithms agree
52.8 per cent,52.8 per cent,52.8 per cent,52.8 per cent,true,52.8 per cent,all algorithms agree
52.9 per cent,52.9 per cent,52.9 per cent,52.9 per cent,true,52.9 per cent,all algorithms agree
53 lakh,53 lakh,53 lakh,53 lakh,true,53 lakh,all algorithms agree
53 per cent,53 per cent,53 per cent,53 per cent,true,53 per cent,all algorithms agree
53.2 per cent,53.2 per cent,53.2 per cent,53.2 per cent,true,53.2 per cent,all algorithms agree
53.5 per cent,53.5 per cent,53.5 per cent,53.5 per cent,true,53.5 per cent,all algorithms agree
53.6 per  cent,53.6 per  cent,53.6 per  cent,53.6 per  cent,true,53.6 per  cent,all algorithms agree
53.6 per cent,53.6 per cent,53.6 per cent,53.6 per cent,true,53.6 per cent,all algorithms agree
53.81 per cent,53.81 per cent,53.81 per cent,53.81 per cent,true,53.81 per cent,all algorithms agree
54 per cent,54 per cent,54 per cent,54 per cent,true,54 per cent,all algorithms agree
54 percent,54 percent,54 percent,54 percent,true,54 percent,all algorithms agree
54.1 per cent,54.1 per cent,54.1 per cent,54.1 per cent,true,54.1 per cent,all algorithms agree
54.5 per cent,54.5 per cent,54.5 per cent,54.5 per cent,true,54.5 per cent,all algorithms agree
54.7 per cent,54.7 per cent,54.7 per cent,54.7 per cent,true,54.7 per cent,all algorithms agree
55 lakh,55 lakh,55 lakh,55 lakh,true,55 lakh,all algorithms agree
55 per cent,55 per cent,55 per cent,55 per cent,true,55 per cent,all algorithms agree
55.02 crore,55.02 crore,55.02 crore,55.02 crore,true,55.02 crore,all algorithms agree
55.3 per cent,55.3 per cent,55.3 per cent,55.3 per cent,true,55.3 per cent,all algorithms agree
55.45 crore,55.45 crore,55.45 crore,55.45 crore,true,55.45 crore,all algorithms agree
55.5 per cent,55.5 per cent,55.5 per cent,55.5 per cent,true,55.5 per cent,all algorithms agree
55.8 per cent,55.8 per cent,55.8 per cent,55.8 per cent,true,55.8 per cent,all algorithms agree
56 crore,56 crore,56 crore,56 crore,true,56 crore,all algorithms agree
"56,000 crore","56,000 crore","56,000 crore","56,000 crore",true,"56,000 crore",all algorithms agree
56.15 crore,56.15 crore,56.15 crore,56.15 crore,true,56.15 crore,all algorithms agree
56.2 crore,56.2 crore,56.2 crore,56.2 crore,true,56.2 crore,all algorithms agree
56.2 per cent,56.2 per cent,56.2 per cent,56.2 per cent,true,56.2 per cent,all algorithms agree
56.25 per cent,56.25 per cent,56.25 per cent,56.25 per cent,true,56.25 per cent,all algorithms agree
56.3 per cent,56.3 per cent,56.3 per cent,56.3 per cent,true,56.3 per cent,all algorithms agree
56.4 per cent,56.4 per cent,56.4 per cent,56.4 per cent,true,56.4 per cent,all algorithms agree
56.5 per cent,56.5 per cent,56.5 per cent,56.5 per cent,true,56.5 per cent,all algorithms agree
56.6 per  cent,56.6 per  cent,56.6 per  cent,56.6 per  cent,true,56.6 per  cent,all algorithms agree
56.6 per cent,56.6 per cent,56.6 per cent,56.6 per cent,true,56.6 per cent,all algorithms agree
56.7 per cent,56.7 per cent,56.7 per cent,56.7 per cent,true,56.7 per cent,all algorithms agree
57 lakh,57 lakh,57 lakh,57 lakh,true,57 lakh,all algorithms agree
57 per cent,57 per cent,57 per cent,57 per cent,true,57 per cent,all algorithms agree
57.01 per cent,57.01 per cent,57.01 per cent,57.01 per cent,true,57.01 per cent,all algorithms agree
57.7 per cent,57.7 per cent,57.7 per cent,57.7 per cent,true,57.7 per cent,all algorithms agree
575 million,575 million,575 million,575 million,true,575 million,all algorithms agree
58 per cent,58 per cent,58 per cent,58 per cent,true,58 per cent,all algorithms agree
"58,617 thousand","58,617 thousand","58,617 thousand","58,617 thousand",true,"58,617 thousand",all algorithms agree
58.1 per cent,58.1 per cent,58.1 per cent,58.1 per cent,true,58.1 per cent,all algorithms agree
58.2 per cent,58.2 per cent,58.2 per cent,58.2 per cent,true,58.2 per cent,all algorithms agree
58.3 per cent,58.3 per cent,58.3 per cent,58.3 per cent,true,58.3 per cent,all algorithms agree
58.4 per cent,58.4 per cent,58.4 per cent,58.4 per cent,true,58.4 per cent,all algorithms agree
58.6 per cent,58.6 per cent,58.6 per cent,58.6 per cent,true,58.6 per cent,all algorithms agree
58.7 per cent,58.7 per cent,58.7 per cent,58.7 per cent,true,58.7 per cent,all algorithms agree
58.8 per cent,58.8 per cent,58.8 per cent,58.8 per cent,true,58.8 per cent,all algorithms agree
58.9 per cent,58.9 per cent,58.9 per cent,58.9 per cent,true,58.9 per cent,all algorithms agree
59 per cent,59 per cent,59 per cent,59 per cent,true,59 per cent,all algorithms agree
6 crore,6 crore,6 crore,6 crore,true,6 crore,all algorithms agree
6 june 2025,6 june 2025,6 june 2025,6 june 2025,true,6 june 2025,all algorithms agree
6 lakh,6 lakh,6 lakh,6 lakh,true,6 lakh,all algorithms agree
6 may,6 may,6 may,6 may,true,6 may,all algorithms agree
6 per cent,6 per cent,6 per cent,6 per cent,true,6 per cent,all algorithms agree
"6,460 crore","6,460 crore","6,460 crore","6,460 crore",true,"6,460 crore",all algorithms agree
6.0 per cent,6.0 per cent,6.0 per cent,6.0 per cent,true,6.0 per cent,all algorithms agree
6.1 crore,6.1 crore,6.1 crore,6.1 crore,true,6.1 crore,all algorithms agree
6.1 per cent,6.1 per cent,6.1 per cent,6.1 per cent,true,6.1 per cent,all algorithms agree
6.2 crore,6.2 crore,6.2 crore,6.2 crore,true,6.2 crore,all algorithms agree
6.2 per cent,6.2 per cent,6.2 per cent,6.2 per cent,true,6.2 per cent,all algorithms agree
6.3 per cent,6.3 per cent,6.3 per cent,6.3 per cent,true,6.3 per cent,all algorithms agree
6.39 lakh,6.39 lakh,6.39 lakh,6.39 lakh,true,6.39 lakh,all algorithms agree
6.4 per cent,6.4 per cent,6.4 per cent,6.4 per cent,true,6.4 per cent,all algorithms agree
6.48 per cent,6.48 per cent,6.48 per cent,6.48 per cent,true,6.48 per cent,all algorithms agree
6.5 lakh,6.5 lakh,6.5 lakh,6.5 lakh,true,6.5 lakh,all algorithms agree
6.5 per cent,6.5 per cent,6.5 per cent,6.5 per cent,true,6.5 per cent,all algorithms agree
6.6 crore,6.6 crore,6.6 crore,6.6 crore,true,6.6 crore,all algorithms agree
6.6 per  cent,6.6 per  cent,6.6 per  cent,6.6 per  cent,true,6.6 per  cent,all algorithms agree
6.6 per cent,6.6 per cent,6.6 per cent,6.6 per cent,true,6.6 per cent,all algorithms agree
6.65 lakh,6.65 lakh,6.65 lakh,6.65 lakh,true,6.65 lakh,all algorithms agree
6.65 per cent,6.65 per cent,6.65 per cent,6.65 per cent,true,6.65 per cent,all algorithms agree
6.67 per cent,6.67 per cent,6.67 per cent,6.67 per cent,true,6.67 per cent,all algorithms agree
6.68 per cent,6.68 per cent,6.68 per cent,6.68 per cent,true,6.68 per cent,all algorithms agree
6.7 per cent,6.7 per cent,6.7 per cent,6.7 per cent,true,6.7 per cent,all algorithms agree
6.72 crore,6.72 crore,6.72 crore,6.72 crore,true,6.72 crore,all algorithms agree
6.8 crore,6.8 crore,6.8 crore,6.8 crore,true,6.8 crore,all algorithms agree
6.8 per cent,6.8 per cent,6.8 per cent,6.8 per cent,true,6.8 per cent,all algorithms agree
6.85 lakh,6.85 lakh,6.85 lakh,6.85 lakh,true,6.85 lakh,all algorithms agree
6.9 crore,6.9 crore,6.9 crore,6.9 crore,true,6.9 crore,all algorithms agree
6.9 per cent,6.9 per cent,6.9 per cent,6.9 per cent,true,6.9 per cent,all algorithms agree
6.96 per cent,6.96 per cent,6.96 per cent,6.96 per cent,true,6.96 per cent,all algorithms agree
60 lakh,60 lakh,60 lakh,60 lakh,true,60 lakh,all algorithms agree
60 million,60 million,60 million,60 million,true,60 million,all algorithms agree
60 per cent,60 per cent,60 per cent,60 per cent,true,60 per cent,all algorithms agree
60.1 per cent,60.1 per cent,60.1 per cent,60.1 per cent,true,60.1 per cent,all algorithms agree
60.3 per cent,60.3 per cent,60.3 per cent,60.3 per cent,true,60.3 per cent,all algorithms agree
60.4 per cent,60.4 per cent,60.4 per cent,60.4 per cent,true,60.4 per cent,all algorithms agree
60.7 per cent,60.7 per cent,60.7 per cent,60.7 per cent,true,60.7 per cent,all algorithms agree
60.98 crore,60.98 crore,60.98 crore,60.98 crore,true,60.98 crore,all algorithms agree
600 million,600 million,600 million,600 million,true,600 million,all algorithms agree
61 per cent,61 per cent,61 per cent,61 per cent,true,61 per cent,all algorithms agree
61.1 per cent,61.1 per cent,61.1 per cent,61.1 per cent,true,61.1 per cent,all algorithms agree
61.2 crore,61.2 crore,61.2 crore,61.2 crore,true,61.2 crore,all algorithms agree
61.4 per cent,61.4 per cent,61.4 per cent,61.4 per cent,true,61.4 per cent,all algorithms agree
61.5 per cent,61.5 per cent,61.5 per cent,61.5 per cent,true,61.5 per cent,all algorithms agree
61.7 per cent,61.7 per cent,61.7 per cent,61.7 per cent,true,61.7 per cent,all algorithms agree
61.9 per cent,61.9 per cent,61.9 per cent,61.9 per cent,true,61.9 per cent,all algorithms agree
62 per cent,62 per cent,62 per cent,62 per cent,true,62 per cent,all algorithms agree
62.0 per cent,62.0 per cent,62.0 per cent,62.0 per cent,true,62.0 per cent,all algorithms agree
62.3 per cent,62.3 per cent,62.3 per cent,62.3 per cent,true,62.3 per cent,all algorithms agree
62.8 per cent,62.8 per cent,62.8 per cent,62.8 per cent,true,62.8 per cent,all algorithms agree
627 lakh,627 lakh,627 lakh,627 lakh,true,627 lakh,all algorithms agree
63  per cent,63  per cent,63  per cent,63  per cent,true,63  per cent,all algorithms agree
63 per  cent,63 per  cent,63 per  cent,63 per  cent,true,63 per  cent,all algorithms agree
63 per cent,63 per cent,63 per cent,63 per cent,true,63 per cent,all algorithms agree
63.2 per cent,63.2 per cent,63.2 per cent,63.2 per cent,true,63.2 per cent,all algorithms agree
63.5 per cent,63.5 per cent,63.5 per cent,63.5 per cent,true,63.5 per cent,all algorithms agree
64.1 per cent,64.1 per cent,64.1 per cent,64.1 per cent,true,64.1 per cent,all algorithms agree
64.2 per cent,64.2 per cent,64.2 per cent,64.2 per cent,true,64.2 per cent,all algorithms agree
64.3 per cent,64.3 per cent,64.3 per cent,64.3 per cent,true,64.3 per cent,all algorithms agree
64.5 per cent,64.5 per cent,64.5 per cent,64.5 per cent,true,64.5 per cent,all algorithms agree
64.9 per cent,64.9 per cent,64.9 per cent,64.9 per cent,true,64.9 per cent,all algorithms agree
65 per cent,65 per cent,65 per cent,65 per cent,true,65 per cent,all algorithms agree
65.2 per cent,65.2 per cent,65.2 per cent,65.2 per cent,true,65.2 per cent,all algorithms agree
65.5 per cent,65.5 per cent,65.5 per cent,65.5 per cent,true,65.5 per cent,all algorithms agree
65.9 per cent,65.9 per cent,65.9 per cent,65.9 per cent,true,65.9 per cent,all algorithms agree
66 per cent,66 per cent,66 per cent,66 per cent,true,66 per cent,all algorithms agree
66.2 per cent,66.2 per cent,66.2 per cent,66.2 per cent,true,66.2 per cent,all algorithms agree
665 million,665 million,665 million,665 million,true,665 million,all algorithms agree
67 per cent,67 per cent,67 per cent,67 per cent,true,67 per cent,all algorithms agree
67.2 per cent,67.2 per cent,67.2 per cent,67.2 per cent,true,67.2 per cent,all algorithms agree
67.3 per cent,67.3 per cent,67.3 per cent,67.3 per cent,true,67.3 per cent,all algorithms agree
67.32 per cent,67.32 per cent,67.32 per cent,67.32 per cent,true,67.32 per cent,all algorithms agree
67.8 per cent,67.8 per cent,67.8 per cent,67.8 per cent,true,67.8 per cent,all algorithms agree
68 per cent,68 per cent,68 per cent,68 per cent,true,68 per cent,all algorithms agree
68.2 per cent,68.2 per cent,68.2 per cent,68.2 per cent,true,68.2 per cent,all algorithms agree
69 lakh,69 lakh,69 lakh,69 lakh,true,69 lakh,all algorithms agree
69 per cent,69 per cent,69 per cent,69 per cent,true,69 per cent,all algorithms agree
69.2 per cent,69.2 per cent,69.2 per cent,69.2 per cent,true,69.2 per cent,all algorithms agree
690 million,690 million,690 million,690 million,true,690 million,all algorithms agree
7 crore,7 crore,7 crore,7 crore,true,7 crore,all algorithms agree
7 january 2025,7 january 2025,7 january 2025,7 january 2025,true,7 january 2025,all algorithms agree
7 may,7 may,7 may,7 may,true,7 may,all algorithms agree
7 may 2025,7 may 2025,7 may 2025,7 may 2025,true,7 may 2025,all algorithms agree
7 per cent,7 per cent,7 per cent,7 per cent,true,7 per cent,all algorithms agree
7.0 per cent,7.0 per cent,7.0 per cent,7.0 per cent,true,7.0 per cent,all algorithms agree
7.07 lakh,7.07 lakh,7.07 lakh,7.07 lakh,true,7.07 lakh,all algorithms agree
7.09 per cent,7.09 per cent,7.09 per cent,7.09 per cent,true,7.09 per cent,all algorithms agree
7.1 per cent,7.1 per cent,7.1 per cent,7.1 per cent,true,7.1 per cent,all algorithms agree
7.1 percent,7.1 percent,7.1 percent,7.1 percent,true,7.1 percent,all algorithms agree
7.11 per cent,7.11 per cent,7.11 per cent,7.11 per cent,true,7.11 per cent,all algorithms agree
7.12 per cent,7.12 per cent,7.12 per cent,7.12 per cent,true,7.12 per cent,all algorithms agree
7.14 per cent,7.14 per cent,7.14 per cent,7.14 per cent,true,7.14 per cent,all algorithms agree
7.2 crore,7.2 crore,7.2 crore,7.2 crore,true,7.2 crore,all algorithms agree
7.2 lakh,7.2 lakh,7.2 lakh,7.2 lakh,true,7.2 lakh,all algorithms agree
7.2 per cent,7.2 per cent,7.2 per cent,7.2 per cent,true,7.2 per cent,all algorithms agree
7.25 per cent,7.25 per cent,7.25 per cent,7.25 per cent,true,7.25 per cent,all algorithms agree
7.3 per cent,7.3 per cent,7.3 per cent,7.3 per cent,true,7.3 per cent,all algorithms agree
7.4 per cent,7.4 per cent,7.4 per cent,7.4 per cent,true,7.4 per cent,all algorithms agree
7.44 lakh,7.44 lakh,7.44 lakh,7.44 lakh,true,7.44 lakh,all algorithms agree
7.47 crore,7.47 crore,7.47 crore,7.47 crore,true,7.47 crore,all algorithms agree
7.5 per cent,7.5 per cent,7.5 per cent,7.5 per cent,true,7.5 per cent,all algorithms agree
7.6 crore,7.6 crore,7.6 crore,7.6 crore,true,7.6 crore,all algorithms agree
7.6 per cent,7.6 per cent,7.6 per cent,7.6 per cent,true,7.6 per cent,all algorithms agree
7.61 per cent,7.61 per cent,7.61 per cent,7.61 per cent,true,7.61 per cent,all algorithms agree
7.7 per cent,7.7 per cent,7.7 per cent,7.7 per cent,true,7.7 per cent,all algorithms agree
7.71 per cent,7.71 per cent,7.71 per cent,7.71 per cent,true,7.71 per cent,all algorithms agree
7.72 crore,7.72 crore,7.72 crore,7.72 crore,true,7.72 crore,all algorithms agree
7.75 crore,7.75 crore,7.75 crore,7.75 crore,true,7.75 crore,all algorithms agree
7.8 per cent,7.8 per cent,7.8 per cent,7.8 per cent,true,7.8 per cent,all algorithms agree
7.9 crore,7.9 crore,7.9 crore,7.9 crore,true,7.9 crore,all algorithms agree
7.9 per cent,7.9 per cent,7.9 per cent,7.9 per cent,true,7.9 per cent,all algorithms agree
7.97 per cent,7.97 per cent,7.97 per cent,7.97 per cent,true,7.97 per cent,all algorithms agree
70 million,70 million,70 million,70 million,true,70 million,all algorithms agree
70 per cent,70 per cent,70 per cent,70 per cent,true,70 per cent,all algorithms agree
70 percent,70 percent,70 percent,70 percent,true,70 percent,all algorithms agree
70.9 per cent,70.9 per cent,70.9 per cent,70.9 per cent,true,70.9 per cent,all algorithms agree
71.4 per cent,71.4 per cent,71.4 per cent,71.4 per cent,true,71.4 per cent,all algorithms agree
72 per cent,72 per cent,72 per cent,72 per cent,true,72 per cent,all algorithms agree
72.1 per cent,72.1 per cent,72.1 per cent,72.1 per cent,true,72.1 per cent,all algorithms agree
72.2 per cent,72.2 per cent,72.2 per cent,72.2 per cent,true,72.2 per cent,all algorithms agree
72.7 per cent,72.7 per cent,72.7 per cent,72.7 per cent,true,72.7 per cent,all algorithms agree
72.99 per cent,72.99 per cent,72.99 per cent,72.99 per cent,true,72.99 per cent,all algorithms agree
73 per cent,73 per cent,73 per cent,73 per cent,true,73 per cent,all algorithms agree
73 percent,73 percent,73 percent,73 percent,true,73 percent,all algorithms agree
73.3 per cent,73.3 per cent,73.3 per cent,73.3 per cent,true,73.3 per cent,all algorithms agree
73.8 per cent,73.8 per cent,73.8 per cent,73.8 per cent,true,73.8 per cent,all algorithms agree
74 per cent,74 per cent,74 per cent,74 per cent,true,74 per cent,all algorithms agree
74.1 per cent,74.1 per cent,74.1 per cent,74.1 per cent,true,74.1 per cent,all algorithms agree
75 marked,75 mark,75 mark,75 marked,false,75 mark;75 marked,"algorithms diverge (porter, snowball_english reduce this form)"
75 per cent,75 per cent,75 per cent,75 per cent,true,75 per cent,all algorithms agree
75.23 per cent,75.23 per cent,75.23 per cent,75.23 per cent,true,75.23 per cent,all algorithms agree
75.5 per cent,75.5 per cent,75.5 per cent,75.5 per cent,true,75.5 per cent,all algorithms agree
75.8 per cent,75.8 per cent,75.8 per cent,75.8 per cent,true,75.8 per cent,all algorithms agree
76 per cent,76 per cent,76 per cent,76 per cent,true,76 per cent,all algorithms agree
76 percent,76 percent,76 percent,76 percent,true,76 percent,all algorithms agree
76.23 million,76.23 million,76.23 million,76.23 million,true,76.23 million,all algorithms agree
76.3 per cent,76.3 per cent,76.3 per cent,76.3 per cent,true,76.3 per cent,all algorithms agree
76.98 lakh,76.98 lakh,76.98 lakh,76.98 lakh,true,76.98 lakh,all algorithms agree
77 lakh,77 lakh,77 lakh,77 lakh,true,77 lakh,all algorithms agree
77 per cent,77 per cent,77 per cent,77 per cent,true,77 per cent,all algorithms agree
77.2 per cent,77.2 per cent,77.2 per cent,77.2 per cent,true,77.2 per cent,all algorithms agree
77.5 per cent,77.5 per cent,77.5 per cent,77.5 per cent,true,77.5 per cent,all algorithms agree
77.7 per cent,77.7 per cent,77.7 per cent,77.7 per cent,true,77.7 per cent,all algorithms agree
78 per cent,78 per cent,78 per cent,78 per cent,true,78 per cent,all algorithms agree
78.7 per cent,78.7 per cent,78.7 per cent,78.7 per cent,true,78.7 per cent,all algorithms agree
78.9 crore,78.9 crore,78.9 crore,78.9 crore,true,78.9 crore,all algorithms agree
79 per cent,79 per cent,79 per cent,79 per cent,true,79 per cent,all algorithms agree
79.2 per cent,79.2 per cent,79.2 per cent,79.2 per cent,true,79.2 per cent,all algorithms agree
79.4 per cent,79.4 per cent,79.4 per cent,79.4 per cent,true,79.4 per cent,all algorithms agree
79.7  per  cent,79.7  per  cent,79.7  per  cent,79.7  per  cent,true,79.7  per  cent,all algorithms agree
8 crore,8 crore,8 crore,8 crore,true,8 crore,all algorithms agree
8 january 2025,8 january 2025,8 january 2025,8 january 2025,true,8 january 2025,all algorithms agree
8 january 2026,8 january 2026,8 january 2026,8 january 2026,true,8 january 2026,all algorithms agree
8 lakh crore,8 lakh cror,8 lakh cror,8 lakh crore,false,8 lakh cror;8 lakh crore,"algorithms diverge (porter, snowball_english reduce this form)"
8 may,8 may,8 may,8 may,true,8 may,all algorithms agree
8 per cent,8 per cent,8 per cent,8 per cent,true,8 per cent,all algorithms agree
8.0 per cent,8.0 per cent,8.0 per cent,8.0 per cent,true,8.0 per cent,all algorithms agree
8.1 per cent,8.1 per cent,8.1 per cent,8.1 per cent,true,8.1 per cent,all algorithms agree
8.2 million,8.2 million,8.2 million,8.2 million,true,8.2 million,all algorithms agree
8.2 per cent,8.2 per cent,8.2 per cent,8.2 per cent,true,8.2 per cent,all algorithms agree
8.24 per cent,8.24 per cent,8.24 per cent,8.24 per cent,true,8.24 per cent,all algorithms agree
8.26 per cent,8.26 per cent,8.26 per cent,8.26 per cent,true,8.26 per cent,all algorithms agree
8.3 crore,8.3 crore,8.3 crore,8.3 crore,true,8.3 crore,all algorithms agree
8.3 per cent,8.3 per cent,8.3 per cent,8.3 per cent,true,8.3 per cent,all algorithms agree
8.4 per cent,8.4 per cent,8.4 per cent,8.4 per cent,true,8.4 per cent,all algorithms agree
8.47 crore,8.47 crore,8.47 crore,8.47 crore,true,8.47 crore,all algorithms agree
8.5 per cent,8.5 per cent,8.5 per cent,8.5 per cent,true,8.5 per cent,all algorithms agree
8.6 per cent,8.6 per cent,8.6 per cent,8.6 per cent,true,8.6 per cent,all algorithms agree
8.60 per cent,8.60 per cent,8.60 per cent,8.60 per cent,true,8.60 per cent,all algorithms agree
8.7 lakh,8.7 lakh,8.7 lakh,8.7 lakh,true,8.7 lakh,all algorithms agree
8.7 per cent,8.7 per cent,8.7 per cent,8.7 per cent,true,8.7 per cent,all algorithms agree
8.71 per cent,8.71 per cent,8.71 per cent,8.71 per cent,true,8.71 per cent,all algorithms agree
8.77 per cent,8.77 per cent,8.77 per cent,8.77 per cent,true,8.77 per cent,all algorithms agree
8.79 per cent,8.79 per cent,8.79 per cent,8.79 per cent,true,8.79 per cent,all algorithms agree
8.8 per cent,8.8 per cent,8.8 per cent,8.8 per cent,true,8.8 per cent,all algorithms agree
8.9 per cent,8.9 per cent,8.9 per cent,8.9 per cent,true,8.9 per cent,all algorithms agree
8.9 percent,8.9 percent,8.9 percent,8.9 percent,true,8.9 percent,all algorithms agree
80 crore,80 crore,80 crore,80 crore,true,80 crore,all algorithms agree
80 per cent,80 per cent,80 per cent,80 per cent,true,80 per cent,all algorithms agree
80.2 per cent,80.2 per cent,80.2 per cent,80.2 per cent,true,80.2 per cent,all algorithms agree
80.8 per cent,80.8 per cent,80.8 per cent,80.8 per cent,true,80.8 per cent,all algorithms agree
80.9 per cent,80.9 per cent,80.9 per cent,80.9 per cent,true,80.9 per cent,all algorithms agree
81 crore,81 crore,81 crore,81 crore,true,81 crore,all algorithms agree
81 lakh,81 lakh,81 lakh,81 lakh,true,81 lakh,all algorithms agree
81 per cent,81 per cent,81 per cent,81 per cent,true,81 per cent,all algorithms agree
81.31 per cent,81.31 per cent,81.31 per cent,81.31 per cent,true,81.31 per cent,all algorithms agree
81.35 crore,81.35 crore,81.35 crore,81.35 crore,true,81.35 crore,all algorithms agree
82 per cent,82 per cent,82 per cent,82 per cent,true,82 per cent,all algorithms agree
82.13 per cent,82.13 per cent,82.13 per cent,82.13 per cent,true,82.13 per cent,all algorithms agree
82.3 per cent,82.3 per cent,82.3 per cent,82.3 per cent,true,82.3 per cent,all algorithms agree
82.6 per cent,82.6 per cent,82.6 per cent,82.6 per cent,true,82.6 per cent,all algorithms agree
83 lakh,83 lakh,83 lakh,83 lakh,true,83 lakh,all algorithms agree
83 per cent,83 per cent,83 per cent,83 per cent,true,83 per cent,all algorithms agree
83.3 per cent,83.3 per cent,83.3 per cent,83.3 per cent,true,83.3 per cent,all algorithms agree
83.74 per cent,83.74 per cent,83.74 per cent,83.74 per cent,true,83.74 per cent,all algorithms agree
84 per cent,84 per cent,84 per cent,84 per cent,true,84 per cent,all algorithms agree
84.8 per cent,84.8 per cent,84.8 per cent,84.8 per cent,true,84.8 per cent,all algorithms agree
84.9 per cent,84.9 per cent,84.9 per cent,84.9 per cent,true,84.9 per cent,all algorithms agree
85 per cent,85 per cent,85 per cent,85 per cent,true,85 per cent,all algorithms agree
85.5 per cent,85.5 per cent,85.5 per cent,85.5 per cent,true,85.5 per cent,all algorithms agree
85.6 per cent,85.6 per cent,85.6 per cent,85.6 per cent,true,85.6 per cent,all algorithms agree
85.8 per cent,85.8 per cent,85.8 per cent,85.8 per cent,true,85.8 per cent,all algorithms agree
85.9 per cent,85.9 per cent,85.9 per cent,85.9 per cent,true,85.9 per cent,all algorithms agree
86 crore,86 crore,86 crore,86 crore,true,86 crore,all algorithms agree
86 per cent,86 per cent,86 per cent,86 per cent,true,86 per cent,all algorithms agree
86.2 per cent,86.2 per cent,86.2 per cent,86.2 per cent,true,86.2 per cent,all algorithms agree
86.30 lakh,86.30 lakh,86.30 lakh,86.30 lakh,true,86.30 lakh,all algorithms agree
86.76 per cent,86.76 per cent,86.76 per cent,86.76 per cent,true,86.76 per cent,all algorithms agree
86.8 per cent,86.8 per cent,86.8 per cent,86.8 per cent,true,86.8 per cent,all algorithms agree
87 per cent,87 per cent,87 per cent,87 per cent,true,87 per cent,all algorithms agree
87.2 per cent,87.2 per cent,87.2 per cent,87.2 per cent,true,87.2 per cent,all algorithms agree
87.5 per cent,87.5 per cent,87.5 per cent,87.5 per cent,true,87.5 per cent,all algorithms agree
88 per cent,88 per cent,88 per cent,88 per cent,true,88 per cent,all algorithms agree
88.1 per cent,88.1 per cent,88.1 per cent,88.1 per cent,true,88.1 per cent,all algorithms agree
88.14 lakh,88.14 lakh,88.14 lakh,88.14 lakh,true,88.14 lakh,all algorithms agree
88.32 million,88.32 million,88.32 million,88.32 million,true,88.32 million,all algorithms agree
88.4 per cent,88.4 per cent,88.4 per cent,88.4 per cent,true,88.4 per cent,all algorithms agree
88.6 per cent,88.6 per cent,88.6 per cent,88.6 per cent,true,88.6 per cent,all algorithms agree
89 per cent,89 per cent,89 per cent,89 per cent,true,89 per cent,all algorithms agree
89.1 per cent,89.1 per cent,89.1 per cent,89.1 per cent,true,89.1 per cent,all algorithms agree
89.3 per cent,89.3 per cent,89.3 per cent,89.3 per cent,true,89.3 per cent,all algorithms agree
89.5 per cent,89.5 per cent,89.5 per cent,89.5 per cent,true,89.5 per cent,all algorithms agree
89.8 per cent,89.8 per cent,89.8 per cent,89.8 per cent,true,89.8 per cent,all algorithms agree
9 april 2025,9 april 2025,9 april 2025,9 april 2025,true,9 april 2025,all algorithms agree
9 crore,9 crore,9 crore,9 crore,true,9 crore,all algorithms agree
9 lakh,9 lakh,9 lakh,9 lakh,true,9 lakh,all algorithms agree
9 may,9 may,9 may,9 may,true,9 may,all algorithms agree
9 may 2025,9 may 2025,9 may 2025,9 may 2025,true,9 may 2025,all algorithms agree
9 per cent,9 per cent,9 per cent,9 per cent,true,9 per cent,all algorithms agree
9.0 per cent,9.0 per cent,9.0 per cent,9.0 per cent,true,9.0 per cent,all algorithms agree
9.02 million,9.02 million,9.02 million,9.02 million,true,9.02 million,all algorithms agree
9.1 per cent,9.1 per cent,9.1 per cent,9.1 per cent,true,9.1 per cent,all algorithms agree
9.13 million,9.13 million,9.13 million,9.13 million,true,9.13 million,all algorithms agree
9.2 crore,9.2 crore,9.2 crore,9.2 crore,true,9.2 crore,all algorithms agree
9.2 per  cent,9.2 per  cent,9.2 per  cent,9.2 per  cent,true,9.2 per  cent,all algorithms agree
9.2 per cent,9.2 per cent,9.2 per cent,9.2 per cent,true,9.2 per cent,all algorithms agree
9.21 per cent,9.21 per cent,9.21 per cent,9.21 per cent,true,9.21 per cent,all algorithms agree
9.3 per cent,9.3 per cent,9.3 per cent,9.3 per cent,true,9.3 per cent,all algorithms agree
9.39 per cent,9.39 per cent,9.39 per cent,9.39 per cent,true,9.39 per cent,all algorithms agree
9.4 per cent,9.4 per cent,9.4 per cent,9.4 per cent,true,9.4 per cent,all algorithms agree
9.5 per cent,9.5 per cent,9.5 per cent,9.5 per cent,true,9.5 per cent,all algorithms agree
9.6 per cent,9.6 per cent,9.6 per cent,9.6 per cent,true,9.6 per cent,all algorithms agree
9.63 million,9.63 million,9.63 million,9.63 million,true,9.63 million,all algorithms agree
9.7 per cent,9.7 per cent,9.7 per cent,9.7 per cent,true,9.7 per cent,all algorithms agree
9.8 per cent,9.8 per cent,9.8 per cent,9.8 per cent,true,9.8 per cent,all algorithms agree
9.9 lakh,9.9 lakh,9.9 lakh,9.9 lakh,true,9.9 lakh,all algorithms agree
9.9 per cent,9.9 per cent,9.9 per cent,9.9 per cent,true,9.9 per cent,all algorithms agree
90 lakh,90 lakh,90 lakh,90 lakh,true,90 lakh,all algorithms agree
90 per cent,90 per cent,90 per cent,90 per cent,true,90 per cent,all algorithms agree
90.5 per cent,90.5 per cent,90.5 per cent,90.5 per cent,true,90.5 per cent,all algorithms agree
91 per cent,91 per cent,91 per cent,91 per cent,true,91 per cent,all algorithms agree
91.6 per cent,91.6 per cent,91.6 per cent,91.6 per cent,true,91.6 per cent,all algorithms agree
91.94 per cent,91.94 per cent,91.94 per cent,91.94 per cent,true,91.94 per cent,all algorithms agree
92 per cent,92 per cent,92 per cent,92 per cent,true,92 per cent,all algorithms agree
92.1 per cent,92.1 per cent,92.1 per cent,92.1 per cent,true,92.1 per cent,all algorithms agree
92.8 per cent,92.8 per cent,92.8 per cent,92.8 per cent,true,92.8 per cent,all algorithms agree
93.1 per cent,93.1 per cent,93.1 per cent,93.1 per cent,true,93.1 per cent,all algorithms agree
933 million,933 million,933 million,933 million,true,933 million,all algorithms agree
94 per cent,94 per cent,94 per cent,94 per cent,true,94 per cent,all algorithms agree
94.0 per cent,94.0 per cent,94.0 per cent,94.0 per cent,true,94.0 per cent,all algorithms agree
94.3 per  cent,94.3 per  cent,94.3 per  cent,94.3 per  cent,true,94.3 per  cent,all algorithms agree
94.4 per cent,94.4 per cent,94.4 per cent,94.4 per cent,true,94.4 per cent,all algorithms agree
94.5 per cent,94.5 per cent,94.5 per cent,94.5 per cent,true,94.5 per cent,all algorithms agree
94.53 million,94.53 million,94.53 million,94.53 million,true,94.53 million,all algorithms agree
94.6 per cent,94.6 per cent,94.6 per cent,94.6 per cent,true,94.6 per cent,all algorithms agree
94.81 per cent,94.81 per cent,94.81 per cent,94.81 per cent,true,94.81 per cent,all algorithms agree
95 per cent,95 per cent,95 per cent,95 per cent,true,95 per cent,all algorithms agree
95.2 per  cent,95.2 per  cent,95.2 per  cent,95.2 per  cent,true,95.2 per  cent,all algorithms agree
95.73 per cent,95.73 per cent,95.73 per cent,95.73 per cent,true,95.73 per cent,all algorithms agree
96 per cent,96 per cent,96 per cent,96 per cent,true,96 per cent,all algorithms agree
96.02 lakh,96.02 lakh,96.02 lakh,96.02 lakh,true,96.02 lakh,all algorithms agree
96.4 per cent,96.4 per cent,96.4 per cent,96.4 per cent,true,96.4 per cent,all algorithms agree
96.40 million,96.40 million,96.40 million,96.40 million,true,96.40 million,all algorithms agree
96.96 crore,96.96 crore,96.96 crore,96.96 crore,true,96.96 crore,all algorithms agree
97 per cent,97 per cent,97 per cent,97 per cent,true,97 per cent,all algorithms agree
97.5 per cent,97.5 per cent,97.5 per cent,97.5 per cent,true,97.5 per cent,all algorithms agree
97.7 per cent,97.7 per cent,97.7 per cent,97.7 per cent,true,97.7 per cent,all algorithms agree
97.85 million,97.85 million,97.85 million,97.85 million,true,97.85 million,all algorithms agree
97.96 per cent,97.96 per cent,97.96 per cent,97.96 per cent,true,97.96 per cent,all algorithms agree
98 crore,98 crore,98 crore,98 crore,true,98 crore,all algorithms agree
98 per cent,98 per cent,98 per cent,98 per cent,true,98 per cent,all algorithms agree
98.5 per cent,98.5 per cent,98.5 per cent,98.5 per cent,true,98.5 per cent,all algorithms agree
98.8 per cent,98.8 per cent,98.8 per cent,98.8 per cent,true,98.8 per cent,all algorithms agree
98.8 percent,98.8 percent,98.8 percent,98.8 percent,true,98.8 percent,all algorithms agree
98.9 per cent,98.9 per cent,98.9 per cent,98.9 per cent,true,98.9 per cent,all algorithms agree
99 per cent,99 per cent,99 per cent,99 per cent,true,99 per cent,all algorithms agree
99.1 per cent,99.1 per cent,99.1 per cent,99.1 per cent,true,99.1 per cent,all algorithms agree
99.38 per cent,99.38 per cent,99.38 per cent,99.38 per cent,true,99.38 per cent,all algorithms agree
99.5 per cent,99.5 per cent,99.5 per cent,99.5 per cent,true,99.5 per cent,all algorithms agree
99.6 per cent,99.6 per cent,99.6 per cent,99.6 per cent,true,99.6 per cent,all algorithms agree
99.7 per cent,99.7 per cent,99.7 per cent,99.7 per cent,true,99.7 per cent,all algorithms agree
99.8 per cent,99.8 per cent,99.8 per cent,99.8 per cent,true,99.8 per cent,all algorithms agree
99.9 per cent,99.9 per cent,99.9 per cent,99.9 per cent,true,99.9 per cent,all algorithms agree
99.9 percent,99.9 percent,99.9 percent,99.9 percent,true,99.9 percent,all algorithms agree
^data,^data,^data,^data,true,^data,all algorithms agree
^revised,^revis,^revis,^revised,false,^revis;^revised,"algorithms diverge (porter, snowball_english reduce this form)"
_circular_,_circular_,_circular_,_circular_,true,_circular_,all algorithms agree
_counties_levels,_counties_level,_counties_level,_counties_levels,false,_counties_level;_counties_levels,"algorithms diverge (porter, snowball_english reduce this form)"
_english.pdf,_english.pdf,_english.pdf,_english.pdf,true,_english.pdf,all algorithms agree
_id,_id,_id,_id,true,_id,all algorithms agree
_levels,_level,_level,_levels,false,_level;_levels,"algorithms diverge (porter, snowball_english reduce this form)"
_nuts,_nut,_nut,_nuts,false,_nut;_nuts,"algorithms diverge (porter, snowball_english reduce this form)"
_p,_p,_p,_p,true,_p,all algorithms agree
a,a,a,a,true,a,all algorithms agree
a+b,a+b,a+b,a+b,true,a+b,all algorithms agree
a+b+c,a+b+c,a+b+c,a+b+c,true,a+b+c,all algorithms agree
a+b-c,a+b-c,a+b-c,a+b-c,true,a+b-c,all algorithms agree
a-,a-,a-,a-,true,a-,all algorithms agree
a-vis,a-vi,a-vi,a-vis,false,a-vi;a-vis,"algorithms diverge (porter, snowball_english reduce this form)"
a.,a.,a.,a.,true,a.,all algorithms agree
a.m.,a.m.,a.m.,a.m.,true,a.m.,all algorithms agree
a/c,a/c,a/c,a/c,true,a/c,all algorithms agree
aa,aa,aa,aa,true,aa,all algorithms agree
aa-rated,aa-rat,aa-rat,aa-rated,false,aa-rat;aa-rated,"algorithms diverge (porter, snowball_english reduce this form)"
aaa,aaa,aaa,aa,false,aa;aaa,algorithms diverge (lancaster reduce this form)
aaa-rated,aaa-rat,aaa-rat,aaa-rated,false,aaa-rat;aaa-rated,"algorithms diverge (porter, snowball_english reduce this form)"
aaba,aaba,aaba,aab,false,aab;aaba,algorithms diverge (lancaster reduce this form)
aadhaar,aadhaar,aadhaar,aadha,false,aadha;aadhaar,algorithms diverge (lancaster reduce this form)
aadhaar-based,aadhaar-bas,aadhaar-bas,aadhaar-based,false,aadhaar-bas;aadhaar-based,"algorithms diverge (porter, snowball_english reduce this form)"
aadhaar-enabled,aadhaar-en,aadhaar-en,aadhaar-enabled,false,aadhaar-en;aadhaar-enabled,"algorithms diverge (porter, snowball_english reduce this form)"
aadhaar-linked,aadhaar-link,aadhaar-link,aadhaar-linked,false,aadhaar-link;aadhaar-linked,"algorithms diverge (porter, snowball_english reduce this form)"
aadhar,aadhar,aadhar,aadh,false,aadh;aadhar,algorithms diverge (lancaster reduce this form)
aagr,aagr,aagr,aagr,true,aagr,all algorithms agree
aaj,aaj,aaj,aas,false,aaj;aas,algorithms diverge (lancaster reduce this form)
aajeevika,aajeevika,aajeevika,aajeevik,false,aajeevik;aajeevika,algorithms diverge (lancaster reduce this form)
aam,aam,aam,aam,true,aam,all algorithms agree
aam-ayush,aam-ayush,aam-ayush,aam-ayush,true,aam-ayush,all algorithms agree
aams,aam,aam,aam,true,aam,all algorithms agree
aao,aao,aao,aao,true,aao,all algorithms agree
aarogya,aarogya,aarogya,aarogy,false,aarogy;aarogya,algorithms diverge (lancaster reduce this form)
aarthik,aarthik,aarthik,aarthik,true,aarthik,all algorithms agree
aat,aat,aat,aat,true,aat,all algorithms agree
aatmanirbhar,aatmanirbhar,aatmanirbhar,aatmanirbh,false,aatmanirbh;aatmanirbhar,algorithms diverge (lancaster reduce this form)
aatmanirbharta,aatmanirbharta,aatmanirbharta,aatmanirbhart,false,aatmanirbhart;aatmanirbharta,algorithms diverge (lancaster reduce this form)
aawaz,aawaz,aawaz,aawaz,true,aawaz,all algorithms agree
aay,aay,aay,aay,true,aay,all algorithms agree
aayog,aayog,aayog,aayog,true,aayog,all algorithms agree
aayog.,aayog.,aayog.,aayog.,true,aayog.,all algorithms agree
ab,ab,ab,ab,true,ab,all algorithms agree
abadi,abadi,abadi,abad,false,abad;abadi,algorithms diverge (lancaster reduce this form)
abandon,abandon,abandon,abandon,true,abandon,all algorithms agree
abandoned,abandon,abandon,abandon,true,abandon,all algorithms agree
abate,abat,abat,ab,false,ab;abat,"algorithms diverge (lancaster, porter, snowball_english reduce this form)"
abated,abat,abat,ab,false,ab;abat,"algorithms diverge (lancaster, porter, snowball_english reduce this form)"
abatement,abat,abat,ab,false,ab;abat,"algorithms diverge (lancaster, porter, snowball_english reduce this form)"
abatement.,abatement.,abatement.,abatement.,true,abatement.,all algorithms agree
abbreviated,abbrevi,abbrevi,abbrevy,false,abbrevi;abbrevy,"algorithms diverge (lancaster, porter, snowball_english reduce this form)"
abdication,abdic,abdic,abd,false,abd;abdic,"algorithms diverge (lancaster, porter, snowball_english reduce this form)"
abdm,abdm,abdm,abdm,true,abdm,all algorithms agree
abdullah,abdullah,abdullah,abdullah,true,abdullah,all algorithms agree
aberration,aberr,aberr,aber,false,aber;aberr,"algorithms diverge (lancaster, porter, snowball_english reduce this form)"
abets,abet,abet,abet,true,abet,all algorithms agree
abha-janjatiya,abha-janjatiya,abha-janjatiya,abha-janjatiy,false,abha-janjatiy;abha-janjatiya,algorithms diverge (lancaster reduce this form)
abhay,abhay,abhay,abhay,true,abhay,all algorithms agree
abhiyaan,abhiyaan,abhiyaan,abhiya,false,abhiya;abhiyaan,algorithms diverge (lancaster reduce this form)
abhiyan,abhiyan,abhiyan,abhiy,false,abhiy;abhiyan,algorithms diverge (lancaster reduce this form)
abhyuday,abhyuday,abhyuday,abhyuday,true,abhyuday,all algorithms agree
abilities,abil,abil,abl,false,abil;abl,"algorithms diverge (lancaster, porter, snowball_english reduce this form)"
ability,abil,abil,abl,false,abil;abl,"algorithms diverge (lancaster, porter, snowball_english reduce this form)"
able,abl,abl,abl,true,abl,all algorithms agree
abm,abm,abm,abm,true,abm,all algorithms agree
abnormal,abnorm,abnorm,abnorm,true,abnorm,all algorithms agree
aboard,aboard,aboard,aboard,true,aboard,all algorithms agree
abolition,abolit,abolit,abolit,true,abolit,all algorithms agree
about,about,about,about,true,about,all algorithms agree
above,abov,abov,abov,true,abov,all algorithms agree
above-mentioned,above-ment,above-ment,above-mentioned,false,above-ment;above-mentioned,"algorithms diverge (porter, snowball_english reduce this form)"
above-normal,above-norm,above-norm,above-normal,false,above-norm;above-normal,"algorithms diverge (porter, snowball_english reduce this form)"
above-rated,above-r,above-r,above-rated,false,above-r;above-rated,"algorithms diverge (porter, snowball_english reduce this form)"
abovementioned,abovement,abovement,abov,false,abov;abovement,"algorithms diverge (lancaster, porter, snowball_english reduce this form)"
abr,abr,abr,abr,true,abr,all algorithms agree
abreast,abreast,abreast,abreast,true,abreast,all algorithms agree
abridged,abridg,abridg,abridg,true,abridg,all algorithms agree
abroad,abroad,abroad,abroad,true,abroad,all algorithms agree
abrupt,abrupt,abrupt,abrupt,true,abrupt,all algorithms agree
abruptly,abruptli,abrupt,abrupt,false,abrupt;abruptli,"algorithms diverge (lancaster, porter, snowball_english reduce this form)"
absence,absenc,absenc,abs,false,abs;absenc,"algorithms diverge (lancaster, porter, snowball_english reduce this form)"
absent,absent,absent,abs,false,abs;absent,algorithms diverge (lancaster reduce this form)
absolute,absolut,absolut,absolv,false,absolut;absolv,"algorithms diverge (lancaster, porter, snowball_english reduce this form)"
absolutely,absolut,absolut,absolv,false,absolut;absolv,"algorithms diverge (lancaster, porter, snowball_english reduce this form)"
absorb,absorb,absorb,absorb,true,absorb,all algorithms agree
absorbed,absorb,absorb,absorb,true,absorb,all algorithms agree
absorber,absorb,absorb,absorb,true,absorb,all algorithms agree
absorbing,absorb,absorb,absorb,true,absorb,all algorithms agree
absorbs,absorb,absorb,absorb,true,absorb,all algorithms agree
absorption,absorpt,absorpt,absorb,false,absorb;absorpt,"algorithms diverge (lancaster, porter, snowball_english reduce this form)"
absorptive,absorpt,absorpt,absorb,false,absorb;absorpt,"algorithms diverge (lancaster, porter, snowball_english reduce this form)"
abu,abu,abu,abu,true,abu,all algorithms agree
abundance,abund,abund,abund,true,abund,all algorithms agree
abundant,abund,abund,abund,true,abund,all algorithms agree
abuse,abus,abus,abus,true,abus,all algorithms agree
abuses,abus,abus,abus,true,abus,all algorithms agree
ac,ac,ac,ac,true,ac,all algorithms agree
academia,academia,academia,academ,false,academ;academia,algorithms diverge (lancaster reduce this form)
academia-industry,academia-industri,academia-industri,academia-industry,false,academia-industri;academia-industry,"algorithms diverge (porter, snowball_english reduce this form)"
academia.,academia.,academia.,academia.,true,academia.,all algorithms agree
academic,academ,academ,academ,true,academ,all algorithms agree
academicians,academician,academician,academ,false,academ;academician,"algorithms diverge (lancaster, porter, snowball_english reduce this form)"
academy,academi,academi,academy,false,academi;academy,"algorithms diverge (porter, snowball_english reduce this form)"
acc,acc,acc,acc,true,acc,all algorithms agree
accelerate,acceler,acceler,accel,false,accel;acceler,"algorithms diverge (lancaster, porter, snowball_english reduce this form)"
accelerated,acceler,acceler,accel,false,accel;acceler,"algorithms diverge (lancaster, porter, snowball_english reduce this form)"
accelerates,acceler,acceler,accel,false,accel;acceler,"algorithms diverge (lancaster, porter, snowball_english reduce this form)"
accelerating,acceler,acceler,accel,false,accel;acceler,"algorithms diverge (lancaster, porter, snowball_english reduce this form)"
acceleration,acceler,acceler,accel,false,accel;acceler,"algorithms diverge (lancaster, porter, snowball_english reduce this form)"
accelerators,acceler,acceler,accel,false,accel;acceler,"algorithms diverge (lancaster, porter, snowball_english reduce this form)"
accentuated,accentu,accentu,accentu,true,accentu,all algorithms agree
accept,accept,accept,acceiv,false,acceiv;accept,algorithms diverge (lancaster reduce this form)
acceptable,accept,accept,acceiv,false,acceiv;accept,"algorithms diverge (lancaster, porter, snowball_english reduce this form)"
acceptance,accept,accept,acceiv,false,acceiv;accept,"algorithms diverge (lancaster, porter, snowball_english reduce this form)"
accepted,accept,accept,acceiv,false,acceiv;accept,"algorithms diverge (lancaster, porter, snowball_english reduce this form)"
accepting,accept,accept,acceiv,false,acceiv;accept,"algorithms diverge (lancaster, porter, snowball_english reduce this form)"
access,access,access,access,true,access,all algorithms agree
access-based,access-bas,access-bas,access-based,false,access-bas;access-based,"algorithms diverge (porter, snowball_english reduce this form)"
access-controlled,access-control,access-control,access-controlled,false,access-control;access-controlled,"algorithms diverge (porter, snowball_english reduce this form)"
accessed,access,access,access,true,access,all algorithms agree
accessibility,access,access,access,true,access,all algorithms agree
accessible,access,access,access,true,access,all algorithms agree
accessing,access,access,access,true,access,all algorithms agree
accession,access,access,access,true,access,all algorithms agree
accessories,accessori,accessori,access,false,access;accessori,"algorithms diverge (lancaster, porter, snowball_english reduce this form)"
accidents,accid,accid,accid,true,accid,all algorithms agree
accommodate,accommod,accommod,accommod,true,accommod,all algorithms agree
accommodates,accommod,accommod,accommod,true,accommod,all algorithms agree
accommodating,accommod,accommod,accommod,true,accommod,all algorithms agree
accommodation,accommod,accommod,accommod,true,accommod,all algorithms agree
accommodations,accommod,accommod,accommod,true,accommod,all algorithms agree
accommodative,accommod,accommod,accommod,true,accommod,all algorithms agree
accompanied,accompani,accompani,accompany,false,accompani;accompany,"algorithms diverge (lancaster, porter, snowball_english reduce this form)"
accomplishment,accomplish,accomplish,accompl,false,accompl;accomplish,"algorithms diverge (lancaster, porter, snowball_english reduce this form)"
accomplishments,accomplish,accomplish,accompl,false,accompl;accomplish,"algorithms diverge (lancaster, porter, snowball_english reduce this form)"
accordance,accord,accord,accord,true,accord,all algorithms agree
accorded,accord,accord,accord,true,accord,all algorithms agree
according,accord,accord,accord,true,accord,all algorithms agree
accordingly,accordingli,accord,accord,false,accord;accordingli,"algorithms diverge (lancaster, porter, snowball_english reduce this form)"
account,account,account,account,true,account,all algorithms agree
account-samyochit,account-samyochit,account-samyochit,account-samyochit,true,account-samyochit,all algorithms agree
accountability,account,account,account,true,account,all algorithms agree
accountability-could,accountability-could,accountability-could,accountability-could,true,accountability-could,all algorithms agree
accountable,account,account,account,true,account,all algorithms agree
accountancy,account,account,account,true,account,all algorithms agree
accounted,account,account,account,true,account,all algorithms agree
accounting,account,account,account,true,account,all algorithms agree
accounts,account,account,account,true,account,all algorithms agree
accreditation,accredit,accredit,accredit,true,accredit,all algorithms agree
accredited,accredit,accredit,accredit,true,accredit,all algorithms agree
accretion,accret,accret,accret,true,accret,all algorithms agree
accrual,accrual,accrual,accr,false,accr;accrual,algorithms diverge (lancaster reduce this form)
accrue,accru,accru,accru,true,accru,all algorithms agree
accrue.,accrue.,accrue.,accrue.,true,accrue.,all algorithms agree
accrued,accru,accru,accru,true,accru,all algorithms agree
accrues,accru,accru,accru,true,accru,all algorithms agree
accruing,accru,accru,accru,true,accru,all algorithms agree
accumulate,accumul,accumul,accum,false,accum;accumul,"algorithms diverge (lancaster, porter, snowball_english reduce this form)"
accumulated,accumul,accumul,accum,false,accum;accumul,"algorithms diverge (lancaster, porter, snowball_english reduce this form)"
accumulating,accumul,accumul,accum,false,accum;accumul,"algorithms diverge (lancaster, porter, snowball_english reduce this form)"
accumulation,accumul,accumul,accum,false,accum;accumul,"algorithms diverge (lancaster, porter, snowball_english reduce this form)"
accuracy,accuraci,accuraci,acc,false,acc;accuraci,"algorithms diverge (lancaster, porter, snowball_english reduce this form)"
accurate,accur,accur,acc,false,acc;accur,"algorithms diverge (lancaster, porter, snowball_english reduce this form)"
accurately,accur,accur,acc,false,acc;accur,"algorithms diverge (lancaster, porter, snowball_english reduce this form)"
accusations,accus,accus,accus,true,accus,all algorithms agree
accused,accus,accus,accus,true,accus,all algorithms agree
achievable,achiev,achiev,achiev,true,achiev,all algorithms agree
achieve,achiev,achiev,achiev,true,achiev,all algorithms agree
achieved,achiev,achiev,achiev,true,achiev,all algorithms agree
achievement,achiev,achiev,achiev,true,achiev,all algorithms agree
achievements,achiev,achiev,achiev,true,achiev,all algorithms agree
achievers,achiev,achiev,achiev,true,achiev,all algorithms agree
achieving,achiev,achiev,achiev,true,achiev,all algorithms agree
acid,acid,acid,acid,true,acid,all algorithms agree
acknowledge,acknowledg,acknowledg,acknowledg,true,acknowledg,all algorithms agree
acknowledged,acknowledg,acknowledg,acknowledg,true,acknowledg,all algorithms agree
acknowledgement,acknowledg,acknowledg,acknowledg,true,acknowledg,all algorithms agree
acknowledgements,acknowledg,acknowledg,acknowledg,true,acknowledg,all algorithms agree
acknowledges,acknowledg,acknowledg,acknowledg,true,acknowledg,all algorithms agree
acknowledging,acknowledg,acknowledg,acknowledg,true,acknowledg,all algorithms agree
acos,aco,aco,aco,true,aco,all algorithms agree
acquire,acquir,acquir,acquir,true,acquir,all algorithms agree
acquired,acquir,acquir,acquir,true,acquir,all algorithms agree
acquirer,acquir,acquir,acquir,true,acquir,all algorithms agree
acquirers,acquir,acquir,acquir,true,acquir,all algorithms agree
acquiring,acquir,acquir,acquir,true,acquir,all algorithms agree
acquisition,acquisit,acquisit,acquisit,true,acquisit,all algorithms agree
acquisitions,acquisit,acquisit,acquisit,true,acquisit,all algorithms agree
acquitted,acquit,acquit,acquit,true,acquit,all algorithms agree
acre,acr,acr,acr,true,acr,all algorithms agree
acre-based,acre-bas,acre-bas,acre-based,false,acre-bas;acre-based,"algorithms diverge (porter, snowball_english reduce this form)"
acreage,acreag,acreag,acr,false,acr;acreag,"algorithms diverge (lancaster, porter, snowball_english reduce this form)"
acres,acr,acr,acr,true,acr,all algorithms agree
across,across,across,across,true,across,all algorithms agree
across-the-board,across-the-board,across-the-board,across-the-board,true,across-the-board,all algorithms agree
acs,ac,ac,ac,true,ac,all algorithms agree
acs-arr,acs-arr,acs-arr,acs-arr,true,acs-arr,all algorithms agree
act,act,act,act,true,act,all algorithms agree
acted,act,act,act,true,act,all algorithms agree
acting,act,act,act,true,act,all algorithms agree
action,action,action,act,false,act;action,algorithms diverge (lancaster reduce this form)
action-,action-,action-,action-,true,action-,all algorithms agree
actionable,action,action,act,false,act;action,"algorithms diverge (lancaster, porter, snowball_english reduce this form)"
actions,action,action,act,false,act;action,"algorithms diverge (lancaster, porter, snowball_english reduce this form)"
activation,activ,activ,act,false,act;activ,"algorithms diverge (lancaster, porter, snowball_english reduce this form)"
active,activ,activ,act,false,act;activ,"algorithms diverge (lancaster, porter, snowball_english reduce this form)"
actively,activ,activ,act,false,act;activ,"algorithms diverge (lancaster, porter, snowball_english reduce this form)"
activist,activist,activist,act,false,act;activist,algorithms diverge (lancaster reduce this form)
activities,activ,activ,act,false,act;activ,"algorithms diverge (lancaster, porter, snowball_english reduce this form)"
activities-are,activities-ar,activities-ar,activities-are,false,activities-ar;activities-are,"algorithms diverge (porter, snowball_english reduce this form)"
activities.,activities.,activities.,activities.,true,activities.,all algorithms agree
activities/,activities/,activities/,activities/,true,activities/,all algorithms agree
activities/projects,activities/project,activities/project,activities/project,true,activities/project,all algorithms agree
activity,activ,activ,act,false,act;activ,"algorithms diverge (lancaster, porter, snowball_english reduce this form)"
activity-,activity-,activity-,activity-,true,activity-,all algorithms agree
activity-based,activity-bas,activity-bas,activity-based,false,activity-bas;activity-based,"algorithms diverge (porter, snowball_english reduce this form)"
activity.,activity.,activity.,activity.,true,activity.,all algorithms agree
actors,actor,actor,act,false,act;actor,"algorithms diverge (lancaster, porter, snowball_english reduce this form)"
acts,act,act,act,true,act,all algorithms agree
actual,actual,actual,act,false,act;actual,algorithms diverge (lancaster reduce this form)
actually,actual,actual,act,false,act;actual,"algorithms diverge (lancaster, porter, snowball_english reduce this form)"
actuals,actual,actual,act,false,act;actual,"algorithms diverge (lancaster, porter, snowball_english reduce this form)"
actuarial,actuari,actuari,actu,false,actu;actuari,"algorithms diverge (lancaster, porter, snowball_english reduce this form)"
acuite,acuit,acuit,acuit,true,acuit,all algorithms agree
acumen,acumen,acumen,acum,false,acum;acumen,algorithms diverge (lancaster reduce this form)
acute,acut,acut,acut,true,acut,all algorithms agree
acutely,acut,acut,acut,true,acut,all algorithms agree
acuyc,acuyc,acuyc,acuyc,true,acuyc,all algorithms agree
ad,ad,ad,ad,true,ad,all algorithms agree
ad-,ad-,ad-,ad-,true,ad-,all algorithms agree
ad-hoc,ad-hoc,ad-hoc,ad-hoc,true,ad-hoc,all algorithms agree
adalat,adalat,adalat,ad,false,ad;adalat,algorithms diverge (lancaster reduce this form)
adani,adani,adani,adan,false,adan;adani,algorithms diverge (lancaster reduce this form)
adapt,adapt,adapt,adapt,true,adapt,all algorithms agree
adaptability,adapt,adapt,adapt,true,adapt,all algorithms agree
adaptable,adapt,adapt,adapt,true,adapt,all algorithms agree
adaptation,adapt,adapt,adapt,true,adapt,all algorithms agree
adaptation-led,adaptation-l,adaptation-l,adaptation-led,false,adaptation-l;adaptation-led,"algorithms diverge (porter, snowball_english reduce this form)"
adaptations,adapt,adapt,adapt,true,adapt,all algorithms agree
adapted,adapt,adapt,adapt,true,adapt,all algorithms agree
adapting,adapt,adapt,adapt,true,adapt,all algorithms agree
adaptive,adapt,adapt,adapt,true,adapt,all algorithms agree
adaptively,adapt,adapt,adapt,true,adapt,all algorithms agree
adapts,adapt,adapt,adapt,true,adapt,all algorithms agree
adarsh,adarsh,adarsh,adarsh,true,adarsh,all algorithms agree
adb,adb,adb,adb,true,adb,all algorithms agree
add,add,add,ad,false,ad;add,algorithms diverge (lancaster reduce this form)
add-,add-,add-,add-,true,add-,all algorithms agree
add-on,add-on,add-on,add-on,true,add-on,all algorithms agree
adda,adda,adda,add,false,add;adda,algorithms diverge (lancaster reduce this form)
added,ad,ad,ad,true,ad,all algorithms agree
added.,added.,added.,added.,true,added.,all algorithms agree
addendum,addendum,addendum,addend,false,addend;addendum,algorithms diverge (lancaster reduce this form)
addiction,addict,addict,addict,true,addict,all algorithms agree
addiction.,addiction.,addiction.,addiction.,true,addiction.,all algorithms agree
addictive,addict,addict,addict,true,addict,all algorithms agree
addicts,addict,addict,addict,true,addict,all algorithms agree
adding,ad,ad,ad,true,ad,all algorithms agree
addition,addit,addit,addit,true,addit,all algorithms agree
addition-the,addition-th,addition-th,addition-the,false,addition-th;addition-the,"algorithms diverge (porter, snowball_english reduce this form)"
additional,addit,addit,addit,true,addit,all algorithms agree
additionally,addit,addit,addit,true,addit,all algorithms agree
additions,addit,addit,addit,true,addit,all algorithms agree
additives,addit,addit,addit,true,addit,all algorithms agree
address,address,address,address,true,address,all algorithms agree
addressed,address,address,address,true,address,all algorithms agree
addresses,address,address,address,true,address,all algorithms agree
addressing,address,address,address,true,address,all algorithms agree
adds,add,add,ad,false,ad;add,"algorithms diverge (lancaster, porter, snowball_english reduce this form)"
adeel,adeel,adeel,adeel,true,adeel,all algorithms agree
adept,adept,adept,adept,true,adept,all algorithms agree
adequacy,adequaci,adequaci,adequ,false,adequ;adequaci,"algorithms diverge (lancaster, porter, snowball_english reduce this form)"
adequate,adequ,adequ,adequ,true,adequ,all algorithms agree
adequately,adequ,adequ,adequ,true,adequ,all algorithms agree
adham,adham,adham,adham,true,adham,all algorithms agree
adhere,adher,adher,adh,false,adh;adher,"algorithms diverge (lancaster, porter, snowball_english reduce this form)"
adhered,adher,adher,adh,false,adh;adher,"algorithms diverge (lancaster, porter, snowball_english reduce this form)"
adherence,adher,adher,adh,false,adh;adher,"algorithms diverge (lancaster, porter, snowball_english reduce this form)"
adhering,adher,adher,adh,false,adh;adher,"algorithms diverge (lancaster, porter, snowball_english reduce this form)"
adhishthan,adhishthan,adhishthan,adhishth,false,adhishth;adhishthan,algorithms diverge (lancaster reduce this form)
adi,adi,adi,ad,false,ad;adi,algorithms diverge (lancaster reduce this form)
aditya,aditya,aditya,adity,false,adity;aditya,algorithms diverge (lancaster reduce this form)
adivasi,adivasi,adivasi,adivas,false,adivas;adivasi,algorithms diverge (lancaster reduce this form)
adiwasi,adiwasi,adiwasi,adiwas,false,adiwas;adiwasi,algorithms diverge (lancaster reduce this form)
adjudicating,adjud,adjud,adjud,true,adjud,all algorithms agree
adjudication,adjud,adjud,adjud,true,adjud,all algorithms agree
adjudicatory,adjudicatori,adjudicatori,adjud,false,adjud;adjudicatori,"algorithms diverge (lancaster, porter, snowball_english reduce this form)"
adjust,adjust,adjust,adjust,true,adjust,all algorithms agree
adjusted,adjust,adjust,adjust,true,adjust,all algorithms agree
adjusting,adjust,adjust,adjust,true,adjust,all algorithms agree
adjustment,adjust,adjust,adjust,true,adjust,all algorithms agree
adjustments,adjust,adjust,adjust,true,adjust,all algorithms agree
adjustments.,adjustments.,adjustments.,adjustments.,true,adjustments.,all algorithms agree
administered,administ,administ,admin,false,admin;administ,"algorithms diverge (lancaster, porter, snowball_english reduce this form)"
administering,administ,administ,admin,false,admin;administ,"algorithms diverge (lancaster, porter, snowball_english reduce this form)"
administration,administr,administr,admin,false,admin;administr,"algorithms diverge (lancaster, porter, snowball_english reduce this form)"
administrations,administr,administr,admin,false,admin;administr,"algorithms diverge (lancaster, porter, snowball_english reduce this form)"
administrative,administr,administr,admin,false,admin;administr,"algorithms diverge (lancaster, porter, snowball_english reduce this form)"
administrative/civil,administrative/civil,administrative/civil,administrative/civil,true,administrative/civil,all algorithms agree
administratively,administr,administr,admin,false,admin;administr,"algorithms diverge (lancaster, porter, snowball_english reduce this form)"
administrator,administr,administr,admin,false,admin;administr,"algorithms diverge (lancaster, porter, snowball_english reduce this form)"
administrators,administr,administr,admin,false,admin;administr,"algorithms diverge (lancaster, porter, snowball_english reduce this form)"
admissions,admiss,admiss,admit,false,admiss;admit,"algorithms diverge (lancaster, porter, snowball_english reduce this form)"
admitted,admit,admit,admit,true,admit,all algorithms agree
admittedly,admittedli,admit,admit,false,admit;admittedli,"algorithms diverge (lancaster, porter, snowball_english reduce this form)"
admitting,admit,admit,admit,true,admit,all algorithms agree
adolescence,adolesc,adolesc,adolesc,true,adolesc,all algorithms agree
adolescent,adolesc,adolesc,adolesc,true,adolesc,all algorithms agree
adolescents,adolesc,adolesc,adolesc,true,adolesc,all algorithms agree
adopt,adopt,adopt,adopt,true,adopt,all algorithms agree
adopted,adopt,adopt,adopt,true,adopt,all algorithms agree
adopter,adopt,adopt,adopt,true,adopt,all algorithms agree
adopters,adopt,adopt,adopt,true,adopt,all algorithms agree
adopting,adopt,adopt,adopt,true,adopt,all algorithms agree
adoption,adopt,adopt,adopt,true,adopt,all algorithms agree
adopts,adopt,adopt,adopt,true,adopt,all algorithms agree
ads,ad,ad,ad,true,ad,all algorithms agree
adt,adt,adt,adt,true,adt,all algorithms agree
adult,adult,adult,adult,true,adult,all algorithms agree
adulthood,adulthood,adulthood,adult,false,adult;adulthood,algorithms diverge (lancaster reduce this form)
adults,adult,adult,adult,true,adult,all algorithms agree
advance,advanc,advanc,adv,false,adv;advanc,"algorithms diverge (lancaster, porter, snowball_english reduce this form)"
advanced,advanc,advanc,adv,false,adv;advanc,"algorithms diverge (lancaster, porter, snowball_english reduce this form)"
advanced-economy,advanced-economi,advanced-economi,advanced-economy,false,advanced-economi;advanced-economy,"algorithms diverge (porter, snowball_english reduce this form)"
advanced-technology,advanced-technolog,advanced-technolog,advanced-technology,false,advanced-technolog;advanced-technology,"algorithms diverge (porter, snowball_english reduce this form)"
advancement,advanc,advanc,adv,false,adv;advanc,"algorithms diverge (lancaster, porter, snowball_english reduce this form)"
advancements,advanc,advanc,adv,false,adv;advanc,"algorithms diverge (lancaster, porter, snowball_english reduce this form)"
advances,advanc,advanc,adv,false,adv;advanc,"algorithms diverge (lancaster, porter, snowball_english reduce this form)"
advancing,advanc,advanc,adv,false,adv;advanc,"algorithms diverge (lancaster, porter, snowball_english reduce this form)"
advantage,advantag,advantag,adv,false,adv;advantag,"algorithms diverge (lancaster, porter, snowball_english reduce this form)"
advantages,advantag,advantag,adv,false,adv;advantag,"algorithms diverge (lancaster, porter, snowball_english reduce this form)"
advent,advent,advent,adv,false,adv;advent,algorithms diverge (lancaster reduce this form)
adversarial,adversari,adversari,advers,false,advers;adversari,"algorithms diverge (lancaster, porter, snowball_english reduce this form)"
adversaries,adversari,adversari,advers,false,advers;adversari,"algorithms diverge (lancaster, porter, snowball_english reduce this form)"
adverse,advers,advers,advers,true,advers,all algorithms agree
adversely,advers,advers,advers,true,advers,all algorithms agree
advertised,advertis,advertis,advert,false,advert;advertis,"algorithms diverge (lancaster, porter, snowball_english reduce this form)"
advertisement,advertis,advertis,advert,false,advert;advertis,"algorithms diverge (lancaster, porter, snowball_english reduce this form)"
advertisements,advertis,advertis,advert,false,advert;advertis,"algorithms diverge (lancaster, porter, snowball_english reduce this form)"
advertisements.,advertisements.,advertisements.,advertisements.,true,advertisements.,all algorithms agree
advertiser,advertis,advertis,advert,false,advert;advertis,"algorithms diverge (lancaster, porter, snowball_english reduce this form)"
advertisers,advertis,advertis,advert,false,advert;advertis,"algorithms diverge (lancaster, porter, snowball_english reduce this form)"
advertising,advertis,advertis,advert,false,advert;advertis,"algorithms diverge (lancaster, porter, snowball_english reduce this form)"
advice,advic,advic,adv,false,adv;advic,"algorithms diverge (lancaster, porter, snowball_english reduce this form)"
advised,advis,advis,adv,false,adv;advis,"algorithms diverge (lancaster, porter, snowball_english reduce this form)"
adviser,advis,advis,adv,false,adv;advis,"algorithms diverge (lancaster, porter, snowball_english reduce this form)"
advisers,advis,advis,adv,false,adv;advis,"algorithms diverge (lancaster, porter, snowball_english reduce this form)"
advisers/,advisers/,advisers/,advisers/,true,advisers/,all algorithms agree
advises,advis,advis,adv,false,adv;advis,"algorithms diverge (lancaster, porter, snowball_english reduce this form)"
adviso,adviso,adviso,adviso,true,adviso,all algorithms agree
advisor,advisor,advisor,adv,false,adv;advisor,algorithms diverge (lancaster reduce this form)
advisories,advisori,advisori,adv,false,adv;advisori,"algorithms diverge (lancaster, porter, snowball_english reduce this form)"
advisories.,advisories.,advisories.,advisories.,true,advisories.,all algorithms agree
advisors,advisor,advisor,adv,false,adv;advisor,"algorithms diverge (lancaster, porter, snowball_english reduce this form)"
advisory,advisori,advisori,adv,false,adv;advisori,"algorithms diverge (lancaster, porter, snowball_english reduce this form)"
advisory/research,advisory/research,advisory/research,advisory/research,true,advisory/research,all algorithms agree
advocacy,advocaci,advocaci,advoc,false,advoc;advocaci,"algorithms diverge (lancaster, porter, snowball_english reduce this form)"
advocate,advoc,advoc,advoc,true,advoc,all algorithms agree
ae,ae,ae,ae,true,ae,all algorithms agree
aegis,aegi,aegi,aeg,false,aeg;aegi,"algorithms diverge (lancaster, porter, snowball_english reduce this form)"
aerodromes,aerodrom,aerodrom,aerodrom,true,aerodrom,all algorithms agree
aerospace,aerospac,aerospac,aerospac,true,aerospac,all algorithms agree
aerospace-oriented,aerospace-ori,aerospace-ori,aerospace-oriented,false,aerospace-ori;aerospace-oriented,"algorithms diverge (porter, snowball_english reduce this form)"
aes,ae,ae,ae,true,ae,all algorithms agree
affai,affai,affai,affa,false,affa;affai,algorithms diverge (lancaster reduce this form)
affairs,affair,affair,affair,true,affair,all algorithms agree
affect,affect,affect,affect,true,affect,all algorithms agree
affected,affect,affect,affect,true,affect,all algorithms agree
affecting,affect,affect,affect,true,affect,all algorithms agree
affects,affect,affect,affect,true,affect,all algorithms agree
affiliated,affili,affili,affy,false,affili;affy,"algorithms diverge (lancaster, porter, snowball_english reduce this form)"
affirm,affirm,affirm,affirm,true,affirm,all algorithms agree
affirmative,affirm,affirm,affirm,true,affirm,all algorithms agree
affirmed,affirm,affirm,affirm,true,affirm,all algorithms agree
afford,afford,afford,afford,true,afford,all algorithms agree
affordability,afford,afford,afford,true,afford,all algorithms agree
affordable,afford,afford,afford,true,afford,all algorithms agree
afforded,afford,afford,afford,true,afford,all algorithms agree
affords,afford,afford,afford,true,afford,all algorithms agree
afforestation,afforest,afforest,afforest,true,afforest,all algorithms agree
afghanistan,afghanistan,afghanistan,afgh,false,afgh;afghanistan,algorithms diverge (lancaster reduce this form)
aforementioned,aforement,aforement,af,false,af;aforement,"algorithms diverge (lancaster, porter, snowball_english reduce this form)"
aforesaid,aforesaid,aforesaid,aforesaid,true,aforesaid,all algorithms agree
africa,africa,africa,afric,false,afric;africa,algorithms diverge (lancaster reduce this form)
african,african,african,afr,false,afr;african,algorithms diverge (lancaster reduce this form)
after,after,after,aft,false,aft;after,algorithms diverge (lancaster reduce this form)
after-sales,after-sal,after-sal,after-sales,false,after-sal;after-sales,"algorithms diverge (porter, snowball_english reduce this form)"
aftermath,aftermath,aftermath,afterma,false,afterma;aftermath,algorithms diverge (lancaster reduce this form)
again,again,again,again,true,again,all algorithms agree
against,against,against,against,true,against,all algorithms agree
agartala,agartala,agartala,agartal,false,agartal;agartala,algorithms diverge (lancaster reduce this form)
agarwal,agarw,agarw,agarw,true,agarw,all algorithms agree
age,age,age,ag,false,ag;age,algorithms diverge (lancaster reduce this form)
age-appropriate,age-appropri,age-appropri,age-appropriat,false,age-appropri;age-appropriat,"algorithms diverge (lancaster, porter, snowball_english reduce this form)"
age-based,age-bas,age-bas,age-based,false,age-bas;age-based,"algorithms diverge (porter, snowball_english reduce this form)"
age-friendly,age-friendli,age-friend,age-friendly,false,age-friend;age-friendli;age-friendly,"algorithms diverge (porter, snowball_english reduce this form)"
age-group,age-group,age-group,age-group,true,age-group,all algorithms agree
age-old,age-old,age-old,age-old,true,age-old,all algorithms agree
age-specific,age-specif,age-specif,age-specific,false,age-specif;age-specific,"algorithms diverge (porter, snowball_english reduce this form)"
aged,age,age,ag,false,ag;age,"algorithms diverge (lancaster, porter, snowball_english reduce this form)"
ageing,age,age,ag,false,ag;age,"algorithms diverge (lancaster, porter, snowball_english reduce this form)"
agencies,agenc,agenc,ag,false,ag;agenc,"algorithms diverge (lancaster, porter, snowball_english reduce this form)"
agencies-to,agencies-to,agencies-to,agencies-to,true,agencies-to,all algorithms agree
agencies.,agencies.,agencies.,agencies.,true,agencies.,all algorithms agree
agency,agenc,agenc,ag,false,ag;agenc,"algorithms diverge (lancaster, porter, snowball_english reduce this form)"
agency-the,agency-th,agency-th,agency-the,false,agency-th;agency-the,"algorithms diverge (porter, snowball_english reduce this form)"
agenda,agenda,agenda,agend,false,agend;agenda,algorithms diverge (lancaster reduce this form)
agent,agent,agent,ag,false,ag;agent,algorithms diverge (lancaster reduce this form)
agents,agent,agent,ag,false,ag;agent,"algorithms diverge (lancaster, porter, snowball_english reduce this form)"
ages,age,age,ag,false,ag;age,"algorithms diverge (lancaster, porter, snowball_english reduce this form)"
agglomerated,agglomer,agglomer,agglom,false,agglom;agglomer,"algorithms diverge (lancaster, porter, snowball_english reduce this form)"
agglomeration,agglomer,agglomer,agglom,false,agglom;agglomer,"algorithms diverge (lancaster, porter, snowball_english reduce this form)"
agglomeration-led,agglomeration-l,agglomeration-l,agglomeration-led,false,agglomeration-l;agglomeration-led,"algorithms diverge (porter, snowball_english reduce this form)"
agglomerations,agglomer,agglomer,agglom,false,agglom;agglomer,"algorithms diverge (lancaster, porter, snowball_english reduce this form)"
aggravated,aggrav,aggrav,aggrav,true,aggrav,all algorithms agree
aggravating,aggrav,aggrav,aggrav,true,aggrav,all algorithms agree
aggregate,aggreg,aggreg,aggreg,true,aggreg,all algorithms agree
aggregated,aggreg,aggreg,aggreg,true,aggreg,all algorithms agree
aggregates,aggreg,aggreg,aggreg,true,aggreg,all algorithms agree
aggregating,aggreg,aggreg,aggreg,true,aggreg,all algorithms agree
aggregation,aggreg,aggreg,aggreg,true,aggreg,all algorithms agree
aggregator,aggreg,aggreg,aggreg,true,aggreg,all algorithms agree
aggregators,aggreg,aggreg,aggreg,true,aggreg,all algorithms agree
aggression,aggress,aggress,aggress,true,aggress,all algorithms agree
aggressive,aggress,aggress,aggress,true,aggress,all algorithms agree
aggrieved,aggriev,aggriev,aggriev,true,aggriev,all algorithms agree
agile,agil,agil,agil,true,agil,all algorithms agree
agility,agil,agil,agil,true,agil,all algorithms agree
agility.,agility.,agility.,agility.,true,agility.,all algorithms agree
aging,age,age,ag,false,ag;age,"algorithms diverge (lancaster, porter, snowball_english reduce this form)"
agm,agm,agm,agm,true,agm,all algorithms agree
agnikul,agnikul,agnikul,agnik,false,agnik;agnikul,algorithms diverge (lancaster reduce this form)
ago,ago,ago,ago,true,ago,all algorithms agree
agr,agr,agr,agr,true,agr,all algorithms agree
agra,agra,agra,agr,false,agr;agra,algorithms diverge (lancaster reduce this form)
agrarian,agrarian,agrarian,agr,false,agr;agrarian,algorithms diverge (lancaster reduce this form)
agrawal,agraw,agraw,agraw,true,agraw,all algorithms agree
agreed,agre,agre,agree,false,agre;agree,"algorithms diverge (lancaster, porter, snowball_english reduce this form)"
agreement,agreement,agreement,agr,false,agr;agreement,algorithms diverge (lancaster reduce this form)
agreements,agreement,agreement,agr,false,agr;agreement,"algorithms diverge (lancaster, porter, snowball_english reduce this form)"
agri,agri,agri,agr,false,agr;agri,algorithms diverge (lancaster reduce this form)
agri-allied,agri-,agri-,agri-allied,false,agri-;agri-allied,"algorithms diverge (porter, snowball_english reduce this form)"
agri-data,agri-data,agri-data,agri-data,true,agri-data,all algorithms agree
agri-food,agri-food,agri-food,agri-food,true,agri-food,all algorithms agree
agri-infrastructure,agri-infrastructur,agri-infrastructur,agri-infrastructure,false,agri-infrastructur;agri-infrastructure,"algorithms diverge (porter, snowball_english reduce this form)"
agri-input,agri-input,agri-input,agri-input,true,agri-input,all algorithms agree
agri-nutri,agri-nutri,agri-nutri,agri-nutr,false,agri-nutr;agri-nutri,algorithms diverge (lancaster reduce this form)
agri-parks,agri-park,agri-park,agri-parks,false,agri-park;agri-parks,"algorithms diverge (porter, snowball_english reduce this form)"
agri-preneurs,agri-preneur,agri-preneur,agri-preneurs,false,agri-preneur;agri-preneurs,"algorithms diverge (porter, snowball_english reduce this form)"
agri-tech,agri-tech,agri-tech,agri-tech,true,agri-tech,all algorithms agree
agri-value,agri-valu,agri-valu,agri-value,false,agri-valu;agri-value,"algorithms diverge (porter, snowball_english reduce this form)"
agribusiness,agribusi,agribusi,agribusy,false,agribusi;agribusy,"algorithms diverge (lancaster, porter, snowball_english reduce this form)"
agribusinesses,agribusi,agribusi,agribusy,false,agribusi;agribusy,"algorithms diverge (lancaster, porter, snowball_english reduce this form)"
agricultural,agricultur,agricultur,agricult,false,agricult;agricultur,"algorithms diverge (lancaster, porter, snowball_english reduce this form)"
agriculture,agricultur,agricultur,agricult,false,agricult;agricultur,"algorithms diverge (lancaster, porter, snowball_english reduce this form)"
agristack,agristack,agristack,agristack,true,agristack,all algorithms agree
agrivet,agrivet,agrivet,agrivet,true,agrivet,all algorithms agree
agro-advisory,agro-advisori,agro-advisori,agro-advisory,false,agro-advisori;agro-advisory,"algorithms diverge (porter, snowball_english reduce this form)"
agro-climatic,agro-climat,agro-climat,agro-climatic,false,agro-climat;agro-climatic,"algorithms diverge (porter, snowball_english reduce this form)"
agro-climatically,agro-climat,agro-climat,agro-climatically,false,agro-climat;agro-climatically,"algorithms diverge (porter, snowball_english reduce this form)"
agro-ecological,agro-ecolog,agro-ecolog,agro-ecological,false,agro-ecolog;agro-ecological,"algorithms diverge (porter, snowball_english reduce this form)"
agro-processing,agro-process,agro-process,agro-processing,false,agro-process;agro-processing,"algorithms diverge (porter, snowball_english reduce this form)"
agrobiodiversity,agrobiodivers,agrobiodivers,agrobiodivers,true,agrobiodivers,all algorithms agree
agroforestry,agroforestri,agroforestri,agroforestry,false,agroforestri;agroforestry,"algorithms diverge (porter, snowball_english reduce this form)"
agronomic,agronom,agronom,agronom,true,agronom,all algorithms agree
agronomically,agronom,agronom,agronom,true,agronom,all algorithms agree
agronomy,agronomi,agronomi,agronom,false,agronom;agronomi,"algorithms diverge (lancaster, porter, snowball_english reduce this form)"
agronomy-,agronomy-,agronomy-,agronomy-,true,agronomy-,all algorithms agree
ahead,ahead,ahead,ahead,true,ahead,all algorithms agree
ahidf,ahidf,ahidf,ahidf,true,ahidf,all algorithms agree
ahmedabad,ahmedabad,ahmedabad,ahmedabad,true,ahmedabad,all algorithms agree
ai,ai,ai,ai,true,ai,all algorithms agree
ai-,ai-,ai-,ai-,true,ai-,all algorithms agree
ai-assisted,ai-assist,ai-assist,ai-assisted,false,ai-assist;ai-assisted,"algorithms diverge (porter, snowball_english reduce this form)"
ai-based,ai-bas,ai-bas,ai-based,false,ai-bas;ai-based,"algorithms diverge (porter, snowball_english reduce this form)"
ai-disruption,ai-disrupt,ai-disrupt,ai-disruption,false,ai-disrupt;ai-disruption,"algorithms diverge (porter, snowball_english reduce this form)"
ai-driven,ai-driven,ai-driven,ai-driven,true,ai-driven,all algorithms agree
ai-enabled,ai-en,ai-en,ai-enabled,false,ai-en;ai-enabled,"algorithms diverge (porter, snowball_english reduce this form)"
ai-exposed,ai-expos,ai-expos,ai-exposed,false,ai-expos;ai-exposed,"algorithms diverge (porter, snowball_english reduce this form)"
ai-generated,ai-gener,ai-gener,ai-generated,false,ai-gener;ai-generated,"algorithms diverge (porter, snowball_english reduce this form)"
ai-in-telecom,ai-in-telecom,ai-in-telecom,ai-in-telecom,true,ai-in-telecom,all algorithms agree
ai-induced,ai-induc,ai-induc,ai-induced,false,ai-induc;ai-induced,"algorithms diverge (porter, snowball_english reduce this form)"
ai-infused,ai-infus,ai-infus,ai-infused,false,ai-infus;ai-infused,"algorithms diverge (porter, snowball_english reduce this form)"
ai-intensive,ai-intens,ai-intens,ai-intensive,false,ai-intens;ai-intensive,"algorithms diverge (porter, snowball_english reduce this form)"
ai-literate,ai-liter,ai-liter,ai-literate,false,ai-liter;ai-literate,"algorithms diverge (porter, snowball_english reduce this form)"
ai-only,ai-onli,ai-on,ai-only,false,ai-on;ai-onli;ai-only,"algorithms diverge (porter, snowball_english reduce this form)"
ai-os,ai-o,ai-o,ai-os,false,ai-o;ai-os,"algorithms diverge (porter, snowball_english reduce this form)"
ai-powered,ai-pow,ai-pow,ai-powered,false,ai-pow;ai-powered,"algorithms diverge (porter, snowball_english reduce this form)"
ai-ready,ai-readi,ai-readi,ai-ready,false,ai-readi;ai-ready,"algorithms diverge (porter, snowball_english reduce this form)"
ai-related,ai-rel,ai-rel,ai-related,false,ai-rel;ai-related,"algorithms diverge (porter, snowball_english reduce this form)"
ai-salient,ai-sali,ai-sali,ai-salient,false,ai-sali;ai-salient,"algorithms diverge (porter, snowball_english reduce this form)"
ai-solutions,ai-solut,ai-solut,ai-solutions,false,ai-solut;ai-solutions,"algorithms diverge (porter, snowball_english reduce this form)"
ai.,ai.,ai.,ai.,true,ai.,all algorithms agree
ai/ml,ai/ml,ai/ml,ai/ml,true,ai/ml,all algorithms agree
aic,aic,aic,aic,true,aic,all algorithms agree
aicte,aict,aict,aict,true,aict,all algorithms agree
aicte-industry,aicte-industri,aicte-industri,aicte-industry,false,aicte-industri;aicte-industry,"algorithms diverge (porter, snowball_english reduce this form)"
aicte.,aicte.,aicte.,aicte.,true,aicte.,all algorithms agree
aid,aid,aid,aid,true,aid,all algorithms agree
aided,aid,aid,aid,true,aid,all algorithms agree
aiding,aid,aid,aid,true,aid,all algorithms agree
aidis,aidi,aidi,aid,false,aid;aidi,"algorithms diverge (lancaster, porter, snowball_english reduce this form)"
aif,aif,aif,aif,true,aif,all algorithms agree
aifs,aif,aif,aif,true,aif,all algorithms agree
aiggpa.mp.gov.in/uploads/project/mpes_,aiggpa.mp.gov.in/uploads/project/mpes_,aiggpa.mp.gov.in/uploads/project/mpes_,aiggpa.mp.gov.in/uploads/project/mpes_,true,aiggpa.mp.gov.in/uploads/project/mpes_,all algorithms agree
aiib,aiib,aiib,aiib,true,aiib,all algorithms agree
aiims,aiim,aiim,aiim,true,aiim,all algorithms agree
aim,aim,aim,aim,true,aim,all algorithms agree
aimc,aimc,aimc,aimc,true,aimc,all algorithms agree
aimed,aim,aim,aim,true,aim,all algorithms agree
aiming,aim,aim,aim,true,aim,all algorithms agree
aimlessly,aimlessli,aimless,aimless,false,aimless;aimlessli,"algorithms diverge (lancaster, porter, snowball_english reduce this form)"
aims,aim,aim,aim,true,aim,all algorithms agree
air,air,air,air,true,air,all algorithms agree
air-conditioned,air-condit,air-condit,air-conditioned,false,air-condit;air-conditioned,"algorithms diverge (porter, snowball_english reduce this form)"
aircraft,aircraft,aircraft,aircraft,true,aircraft,all algorithms agree
aired,air,air,air,true,air,all algorithms agree
airport,airport,airport,airport,true,airport,all algorithms agree
airports,airport,airport,airport,true,airport,all algorithms agree
ais,ai,ai,ai,true,ai,all algorithms agree
aishe,aish,aish,aish,true,aish,all algorithms agree
aiwg,aiwg,aiwg,aiwg,true,aiwg,all algorithms agree
ajay,ajay,ajay,ajay,true,ajay,all algorithms agree
ajeevika,ajeevika,ajeevika,ajeevik,false,ajeevik;ajeevika,algorithms diverge (lancaster reduce this form)
akaike,akaik,akaik,akaik,true,akaik,all algorithms agree
akbar-birbal,akbar-birb,akbar-birb,akbar-birbal,false,akbar-birb;akbar-birbal,"algorithms diverge (porter, snowball_english reduce this form)"
akin,akin,akin,akin,true,akin,all algorithms agree
akα,akα,akα,akα,true,akα,all algorithms agree
al,al,al,al,true,al,all algorithms agree
al.,al.,al.,al.,true,al.,all algorithms agree
alarming,alarm,alarm,alarm,true,alarm,all algorithms agree
alarmist,alarmist,alarmist,alarm,false,alarm;alarmist,algorithms diverge (lancaster reduce this form)
albanesi,albanesi,albanesi,albanes,false,albanes;albanesi,algorithms diverge (lancaster reduce this form)
albeit,albeit,albeit,albeit,true,albeit,all algorithms agree
alberto,alberto,alberto,alberto,true,alberto,all algorithms agree
alcohol,alcohol,alcohol,alcohol,true,alcohol,all algorithms agree
alert,alert,alert,alert,true,alert,all algorithms agree
alerts,alert,alert,alert,true,alert,all algorithms agree
algo,algo,algo,algo,true,algo,all algorithms agree
algorithm-driven,algorithm-driven,algorithm-driven,algorithm-driven,true,algorithm-driven,all algorithms agree
algorithmic,algorithm,algorithm,algorithm,true,algorithm,all algorithms agree
algorithms,algorithm,algorithm,algorithm,true,algorithm,all algorithms agree
ali,ali,ali,al,false,al;ali,algorithms diverge (lancaster reduce this form)
alia,alia,alia,al,false,al;alia,algorithms diverge (lancaster reduce this form)
aliasgar,aliasgar,aliasgar,aliasg,false,aliasg;aliasgar,algorithms diverge (lancaster reduce this form)
alice,alic,alic,al,false,al;alic,"algorithms diverge (lancaster, porter, snowball_english reduce this form)"
align,align,align,align,true,align,all algorithms agree
aligned,align,align,align,true,align,all algorithms agree
aligning,align,align,align,true,align,all algorithms agree
alignment,align,align,align,true,align,all algorithms agree
alignments,align,align,align,true,align,all algorithms agree
aligns,align,align,align,true,align,all algorithms agree
alike,alik,alik,alik,true,alik,all algorithms agree
alive,aliv,aliv,al,false,al;aliv,"algorithms diverge (lancaster, porter, snowball_english reduce this form)"
all,all,all,al,false,al;all,algorithms diverge (lancaster reduce this form)
all-,all-,all-,all-,true,all-,all algorithms agree
all-cause,all-caus,all-caus,all-cause,false,all-caus;all-cause,"algorithms diverge (porter, snowball_english reduce this form)"
all-india,all-india,all-india,all-india,true,all-india,all algorithms agree
all-time,all-tim,all-tim,all-time,false,all-tim;all-time,"algorithms diverge (porter, snowball_english reduce this form)"
all-weather,all-weath,all-weath,all-weather,false,all-weath;all-weather,"algorithms diverge (porter, snowball_english reduce this form)"
allegations,alleg,alleg,alleg,true,alleg,all algorithms agree
allege,alleg,alleg,alleg,true,alleg,all algorithms agree
alleged,alleg,alleg,alleg,true,alleg,all algorithms agree
allegedly,allegedli,alleg,alleg,false,alleg;allegedli,"algorithms diverge (lancaster, porter, snowball_english reduce this form)"
alleging,alleg,alleg,alleg,true,alleg,all algorithms agree
alleppey,alleppey,alleppey,alleppey,true,alleppey,all algorithms agree
alleviate,allevi,allevi,allevy,false,allevi;allevy,"algorithms diverge (lancaster, porter, snowball_english reduce this form)"
alleviating,allevi,allevi,allevy,false,allevi;allevy,"algorithms diverge (lancaster, porter, snowball_english reduce this form)"
alleviation,allevi,allevi,allevy,false,allevi;allevy,"algorithms diverge (lancaster, porter, snowball_english reduce this form)"
alliance,allianc,allianc,al,false,al;allianc,"algorithms diverge (lancaster, porter, snowball_english reduce this form)"
alliances,allianc,allianc,al,false,al;allianc,"algorithms diverge (lancaster, porter, snowball_english reduce this form)"
allied,alli,alli,al,false,al;alli,"algorithms diverge (lancaster, porter, snowball_english reduce this form)"
allies,alli,alli,al,false,al;alli,"algorithms diverge (lancaster, porter, snowball_english reduce this form)"
allocate,alloc,alloc,alloc,true,alloc,all algorithms agree
allocated,alloc,alloc,alloc,true,alloc,all algorithms agree
allocating,alloc,alloc,alloc,true,alloc,all algorithms agree
allocation,alloc,alloc,alloc,true,alloc,all algorithms agree
allocation.,allocation.,allocation.,allocation.,true,allocation.,all algorithms agree
allocation/,allocation/,allocation/,allocation/,true,allocation/,all algorithms agree
allocations,alloc,alloc,alloc,true,alloc,all algorithms agree
allocative,alloc,alloc,alloc,true,alloc,all algorithms agree
allotment,allot,allot,allot,true,allot,all algorithms agree
allotments,allot,allot,allot,true,allot,all algorithms agree
allotted,allot,allot,allot,true,allot,all algorithms agree
allottees,allotte,allotte,allot,false,allot;allotte,"algorithms diverge (lancaster, porter, snowball_english reduce this form)"
allow,allow,allow,allow,true,allow,all algorithms agree
allowance,allow,allow,allow,true,allow,all algorithms agree
allowances,allow,allow,allow,true,allow,all algorithms agree
allowed,allow,allow,allow,true,allow,all algorithms agree
allowed/partially,allowed/parti,allowed/parti,allowed/partially,false,allowed/parti;allowed/partially,"algorithms diverge (porter, snowball_english reduce this form)"
allowing,allow,allow,allow,true,allow,all algorithms agree
allows,allow,allow,allow,true,allow,all algorithms agree
ally,alli,alli,al,false,al;alli,"algorithms diverge (lancaster, porter, snowball_english reduce this form)"
almost,almost,almost,almost,true,almost,all algorithms agree
alok,alok,alok,alok,true,alok,all algorithms agree
alokar,alokar,alokar,alok,false,alok;alokar,algorithms diverge (lancaster reduce this form)
alone,alon,alon,alon,true,alon,all algorithms agree
along,along,along,along,true,along,all algorithms agree
alongside,alongsid,alongsid,alongsid,true,alongsid,all algorithms agree
already,alreadi,alreadi,already,false,alreadi;already,"algorithms diverge (porter, snowball_english reduce this form)"
als,al,al,al,true,al,all algorithms agree
also,also,also,also,true,also,all algorithms agree
alter,alter,alter,alt,false,alt;alter,algorithms diverge (lancaster reduce this form)
alterations,alter,alter,alt,false,alt;alter,"algorithms diverge (lancaster, porter, snowball_english reduce this form)"
altered,alter,alter,alt,false,alt;alter,"algorithms diverge (lancaster, porter, snowball_english reduce this form)"
altering,alter,alter,alt,false,alt;alter,"algorithms diverge (lancaster, porter, snowball_english reduce this form)"
alternate,altern,altern,altern,true,altern,all algorithms agree
alternative,altern,altern,altern,true,altern,all algorithms agree
alternative-fuel,alternative-fuel,alternative-fuel,alternative-fuel,true,alternative-fuel,all algorithms agree
alternatively,altern,altern,altern,true,altern,all algorithms agree
alternatives,altern,altern,altern,true,altern,all algorithms agree
alters,alter,alter,alt,false,alt;alter,"algorithms diverge (lancaster, porter, snowball_english reduce this form)"
although,although,although,although,true,although,all algorithms agree
altogether,altogeth,altogeth,altogeth,true,altogeth,all algorithms agree
aluminium,aluminium,aluminium,alumin,false,alumin;aluminium,algorithms diverge (lancaster reduce this form)
alumni,alumni,alumni,alumn,false,alumn;alumni,algorithms diverge (lancaster reduce this form)
alumni-,alumni-,alumni-,alumni-,true,alumni-,all algorithms agree
always,alway,alway,alway,true,alway,all algorithms agree
am,am,am,am,true,am,all algorithms agree
amalgamated,amalgam,amalgam,amalgam,true,amalgam,all algorithms agree
amalgamation,amalgam,amalgam,amalgam,true,amalgam,all algorithms agree
amanda,amanda,amanda,amand,false,amand;amanda,algorithms diverge (lancaster reduce this form)
amaravati,amaravati,amaravati,amaravat,false,amaravat;amaravati,algorithms diverge (lancaster reduce this form)
amarjeet,amarjeet,amarjeet,amarjeet,true,amarjeet,all algorithms agree
ambassador,ambassador,ambassador,ambassad,false,ambassad;ambassador,algorithms diverge (lancaster reduce this form)
ambiguity,ambigu,ambigu,ambigu,true,ambigu,all algorithms agree
ambiguous,ambigu,ambigu,ambigu,true,ambigu,all algorithms agree
ambit,ambit,ambit,ambit,true,ambit,all algorithms agree
ambition,ambit,ambit,ambit,true,ambit,all algorithms agree
ambitions,ambit,ambit,ambit,true,ambit,all algorithms agree
ambitious,ambiti,ambiti,amb,false,amb;ambiti,"algorithms diverge (lancaster, porter, snowball_english reduce this form)"
ambulances,ambul,ambul,amb,false,amb;ambul,"algorithms diverge (lancaster, porter, snowball_english reduce this form)"
ambulatory,ambulatori,ambulatori,amb,false,amb;ambulatori,"algorithms diverge (lancaster, porter, snowball_english reduce this form)"
amc,amc,amc,amc,true,amc,all algorithms agree
amcs,amc,amc,amc,true,amc,all algorithms agree
amend,amend,amend,amend,true,amend,all algorithms agree
amended,amend,amend,amend,true,amend,all algorithms agree
amending,amend,amend,amend,true,amend,all algorithms agree
amendment,amend,amend,amend,true,amend,all algorithms agree
amendments,amend,amend,amend,true,amend,all algorithms agree
amenities,amen,amen,am,false,am;amen,"algorithms diverge (lancaster, porter, snowball_english reduce this form)"
america,america,america,americ,false,americ;america,algorithms diverge (lancaster reduce this form)
american,american,american,am,false,am;american,algorithms diverge (lancaster reduce this form)
amfi,amfi,amfi,amf,false,amf;amfi,algorithms diverge (lancaster reduce this form)
ami,ami,ami,am,false,am;ami,algorithms diverge (lancaster reduce this form)
amicable,amic,amic,am,false,am;amic,"algorithms diverge (lancaster, porter, snowball_english reduce this form)"
amid,amid,amid,amid,true,amid,all algorithms agree
amidst,amidst,amidst,amidst,true,amidst,all algorithms agree
amit,amit,amit,amit,true,amit,all algorithms agree
ammonia,ammonia,ammonia,ammon,false,ammon;ammonia,algorithms diverge (lancaster reduce this form)
among,among,among,among,true,among,all algorithms agree
amongst,amongst,amongst,amongst,true,amongst,all algorithms agree
amount,amount,amount,amount,true,amount,all algorithms agree
amounted,amount,amount,amount,true,amount,all algorithms agree
amounting,amount,amount,amount,true,amount,all algorithms agree
amounts,amount,amount,amount,true,amount,all algorithms agree
amoxicillin,amoxicillin,amoxicillin,amoxicillin,true,amoxicillin,all algorithms agree
amphitheatres,amphitheatr,amphitheatr,amphith,false,amphith;amphitheatr,"algorithms diverge (lancaster, porter, snowball_english reduce this form)"
ampicillin,ampicillin,ampicillin,ampicillin,true,ampicillin,all algorithms agree
ample,ampl,ampl,ampl,true,ampl,all algorithms agree
amplification,amplif,amplif,ampl,false,ampl;amplif,"algorithms diverge (lancaster, porter, snowball_english reduce this form)"
amplified,amplifi,amplifi,ampl,false,ampl;amplifi,"algorithms diverge (lancaster, porter, snowball_english reduce this form)"
amplifiers,amplifi,amplifi,ampl,false,ampl;amplifi,"algorithms diverge (lancaster, porter, snowball_english reduce this form)"
amplifies,amplifi,amplifi,ampl,false,ampl;amplifi,"algorithms diverge (lancaster, porter, snowball_english reduce this form)"
amplify,amplifi,amplifi,ampl,false,ampl;amplifi,"algorithms diverge (lancaster, porter, snowball_english reduce this form)"
amplifying,amplifi,amplifi,ampl,false,ampl;amplifi,"algorithms diverge (lancaster, porter, snowball_english reduce this form)"
amrit,amrit,amrit,amrit,true,amrit,all algorithms agree
amritsar,amritsar,amritsar,amrits,false,amrits;amritsar,algorithms diverge (lancaster reduce this form)
amrut,amrut,amrut,amrut,true,amrut,all algorithms agree
amstad,amstad,amstad,amstad,true,amstad,all algorithms agree
amsterdam,amsterdam,amsterdam,amsterdam,true,amsterdam,all algorithms agree
amt,amt,amt,amt,true,amt,all algorithms agree
amy,ami,ami,amy,false,ami;amy,"algorithms diverge (porter, snowball_english reduce this form)"
an,an,an,an,true,an,all algorithms agree
anaemia,anaemia,anaemia,anaem,false,anaem;anaemia,algorithms diverge (lancaster reduce this form)
anaesthesia,anaesthesia,anaesthesia,anaesthes,false,anaesthes;anaesthesia,algorithms diverge (lancaster reduce this form)
analogous,analog,analog,analog,true,analog,all algorithms agree
analyse,analys,analys,analys,true,analys,all algorithms agree
analysed,analys,analys,analys,true,analys,all algorithms agree
analyses,analys,analys,analys,true,analys,all algorithms agree
analyses-spanning,analyses-span,analyses-span,analyses-spanning,false,analyses-span;analyses-spanning,"algorithms diverge (porter, snowball_english reduce this form)"
analysing,analys,analys,analys,true,analys,all algorithms agree
analysis,analysi,analysi,analys,false,analys;analysi,"algorithms diverge (lancaster, porter, snowball_english reduce this form)"
analysis.,analysis.,analysis.,analysis.,true,analysis.,all algorithms agree
analyst,analyst,analyst,analyst,true,analyst,all algorithms agree
analysts,analyst,analyst,analyst,true,analyst,all algorithms agree
analytical,analyt,analyt,analys,false,analys;analyt,"algorithms diverge (lancaster, porter, snowball_english reduce this form)"
analytically,analyt,analyt,analys,false,analys;analyt,"algorithms diverge (lancaster, porter, snowball_english reduce this form)"
analytics,analyt,analyt,analys,false,analys;analyt,"algorithms diverge (lancaster, porter, snowball_english reduce this form)"
analyze,analyz,analyz,analys,false,analys;analyz,"algorithms diverge (lancaster, porter, snowball_english reduce this form)"
analyzed,analyz,analyz,analys,false,analys;analyz,"algorithms diverge (lancaster, porter, snowball_english reduce this form)"
analyzes,analyz,analyz,analys,false,analys;analyz,"algorithms diverge (lancaster, porter, snowball_english reduce this form)"
anand,anand,anand,anand,true,anand,all algorithms agree
ananth,ananth,ananth,anan,false,anan;ananth,algorithms diverge (lancaster reduce this form)
anantha,anantha,anantha,ananth,false,ananth;anantha,algorithms diverge (lancaster reduce this form)
anchor,anchor,anchor,anch,false,anch;anchor,algorithms diverge (lancaster reduce this form)
anchored,anchor,anchor,anch,false,anch;anchor,"algorithms diverge (lancaster, porter, snowball_english reduce this form)"
anchoring,anchor,anchor,anch,false,anch;anchor,"algorithms diverge (lancaster, porter, snowball_english reduce this form)"
anchors,anchor,anchor,anch,false,anch;anchor,"algorithms diverge (lancaster, porter, snowball_english reduce this form)"
ancient,ancient,ancient,ant,false,ancient;ant,algorithms diverge (lancaster reduce this form)
ancillary,ancillari,ancillari,ancil,false,ancil;ancillari,"algorithms diverge (lancaster, porter, snowball_english reduce this form)"
and,and,and,and,true,and,all algorithms agree
and/,and/,and/,and/,true,and/,all algorithms agree
and/or,and/or,and/or,and/or,true,and/or,all algorithms agree
andaman,andaman,andaman,andam,false,andam;andaman,algorithms diverge (lancaster reduce this form)
anderson,anderson,anderson,anderson,true,anderson,all algorithms agree
andhra,andhra,andhra,andhr,false,andhr;andhra,algorithms diverge (lancaster reduce this form)
android,android,android,android,true,android,all algorithms agree
andré,andré,andré,andré,true,andré,all algorithms agree
anecdotal,anecdot,anecdot,anecdot,true,anecdot,all algorithms agree
anek,anek,anek,anek,true,anek,all algorithms agree
anganwadi,anganwadi,anganwadi,anganwad,false,anganwad;anganwadi,algorithms diverge (lancaster reduce this form)
anganwadis,anganwadi,anganwadi,anganwad,false,anganwad;anganwadi,"algorithms diverge (lancaster, porter, snowball_english reduce this form)"
angel,angel,angel,angel,true,angel,all algorithms agree
anger,anger,anger,ang,false,ang;anger,algorithms diverge (lancaster reduce this form)
angle,angl,angl,angl,true,angl,all algorithms agree
animal,anim,anim,anim,true,anim,all algorithms agree
animals,anim,anim,anim,true,anim,all algorithms agree
animation,anim,anim,anim,true,anim,all algorithms agree
anm,anm,anm,anm,true,anm,all algorithms agree
anms,anm,anm,anm,true,anm,all algorithms agree
anna,anna,anna,ann,false,ann;anna,algorithms diverge (lancaster reduce this form)
annaprashan,annaprashan,annaprashan,annaprash,false,annaprash;annaprashan,algorithms diverge (lancaster reduce this form)
annexure,annexur,annexur,annex,false,annex;annexur,"algorithms diverge (lancaster, porter, snowball_english reduce this form)"
annonae,annona,annona,annona,true,annona,all algorithms agree
announced,announc,announc,annount,false,announc;annount,"algorithms diverge (lancaster, porter, snowball_english reduce this form)"
announcement,announc,announc,annount,false,announc;annount,"algorithms diverge (lancaster, porter, snowball_english reduce this form)"
announcements,announc,announc,annount,false,announc;annount,"algorithms diverge (lancaster, porter, snowball_english reduce this form)"
announcements.,announcements.,announcements.,announcements.,true,announcements.,all algorithms agree
announces,announc,announc,annount,false,announc;annount,"algorithms diverge (lancaster, porter, snowball_english reduce this form)"
annual,annual,annual,an,false,an;annual,algorithms diverge (lancaster reduce this form)
annual/,annual/,annual/,annual/,true,annual/,all algorithms agree
annualised,annualis,annualis,an,false,an;annualis,"algorithms diverge (lancaster, porter, snowball_english reduce this form)"
annualized,annual,annual,an,false,an;annual,"algorithms diverge (lancaster, porter, snowball_english reduce this form)"
annually,annual,annual,an,false,an;annual,"algorithms diverge (lancaster, porter, snowball_english reduce this form)"
annually.,annually.,annually.,annually.,true,annually.,all algorithms agree
annuity,annuiti,annuiti,annu,false,annu;annuiti,"algorithms diverge (lancaster, porter, snowball_english reduce this form)"
annuity-style,annuity-styl,annuity-styl,annuity-style,false,annuity-styl;annuity-style,"algorithms diverge (porter, snowball_english reduce this form)"
annum,annum,annum,ann,false,ann;annum,algorithms diverge (lancaster reduce this form)
annum-into,annum-into,annum-into,annum-into,true,annum-into,all algorithms agree
anomalies,anomali,anomali,anoma,false,anoma;anomali,"algorithms diverge (lancaster, porter, snowball_english reduce this form)"
anonymised,anonymis,anonymis,anonym,false,anonym;anonymis,"algorithms diverge (lancaster, porter, snowball_english reduce this form)"
anonymity,anonym,anonym,anonym,true,anonym,all algorithms agree
anonymous,anonym,anonym,anonym,true,anonym,all algorithms agree
another,anoth,anoth,anoth,true,anoth,all algorithms agree
anpr,anpr,anpr,anpr,true,anpr,all algorithms agree
anr,anr,anr,anr,true,anr,all algorithms agree
anrf,anrf,anrf,anrf,true,anrf,all algorithms agree
answer,answer,answer,answ,false,answ;answer,algorithms diverge (lancaster reduce this form)
answered,answer,answer,answ,false,answ;answer,"algorithms diverge (lancaster, porter, snowball_english reduce this form)"
answers,answer,answer,answ,false,answ;answer,"algorithms diverge (lancaster, porter, snowball_english reduce this form)"
antagonists,antagonist,antagonist,antagon,false,antagon;antagonist,"algorithms diverge (lancaster, porter, snowball_english reduce this form)"
antariksh,antariksh,antariksh,antariksh,true,antariksh,all algorithms agree
ante,ant,ant,ant,true,ant,all algorithms agree
antenatal,antenat,antenat,ant,false,ant;antenat,"algorithms diverge (lancaster, porter, snowball_english reduce this form)"
anti,anti,anti,ant,false,ant;anti,algorithms diverge (lancaster reduce this form)
anti-corruption,anti-corrupt,anti-corrupt,anti-corruption,false,anti-corrupt;anti-corruption,"algorithms diverge (porter, snowball_english reduce this form)"
anti-fraud,anti-fraud,anti-fraud,anti-fraud,true,anti-fraud,all algorithms agree
anti-harassment,anti-harass,anti-harass,anti-harassment,false,anti-harass;anti-harassment,"algorithms diverge (porter, snowball_english reduce this form)"
anti-immigrant,anti-immigr,anti-immigr,anti-immigrant,false,anti-immigr;anti-immigrant,"algorithms diverge (porter, snowball_english reduce this form)"
anti-money,anti-money,anti-money,anti-money,true,anti-money,all algorithms agree
anti-retaliation,anti-retali,anti-retali,anti-retaliation,false,anti-retali;anti-retaliation,"algorithms diverge (porter, snowball_english reduce this form)"
antibiotic,antibiot,antibiot,antibiot,true,antibiot,all algorithms agree
antibiotics,antibiot,antibiot,antibiot,true,antibiot,all algorithms agree
anticipate,anticip,anticip,anticip,true,anticip,all algorithms agree
anticipated,anticip,anticip,anticip,true,anticip,all algorithms agree
anticipating,anticip,anticip,anticip,true,anticip,all algorithms agree
anticipation,anticip,anticip,anticip,true,anticip,all algorithms agree
anticipatory,anticipatori,anticipatori,anticip,false,anticip;anticipatori,"algorithms diverge (lancaster, porter, snowball_english reduce this form)"
antivirals,antivir,antivir,antivir,true,antivir,all algorithms agree
antyodaya,antyodaya,antyodaya,antyoday,false,antyoday;antyodaya,algorithms diverge (lancaster reduce this form)
anuradha,anuradha,anuradha,anuradh,false,anuradh;anuradha,algorithms diverge (lancaster reduce this form)
anusandhan,anusandhan,anusandhan,anusandh,false,anusandh;anusandhan,algorithms diverge (lancaster reduce this form)
anusuchit,anusuchit,anusuchit,anusuchit,true,anusuchit,all algorithms agree
anxiety,anxieti,anxieti,anxy,false,anxieti;anxy,"algorithms diverge (lancaster, porter, snowball_english reduce this form)"
anxious,anxiou,anxious,anxy,false,anxiou;anxious;anxy,"algorithms diverge (lancaster, porter reduce this form)"
any,ani,ani,any,false,ani;any,"algorithms diverge (porter, snowball_english reduce this form)"
anybody,anybodi,anybodi,anybody,false,anybodi;anybody,"algorithms diverge (porter, snowball_english reduce this form)"
anyone,anyon,anyon,anyon,true,anyon,all algorithms agree
anything,anyth,anyth,anyth,true,anyth,all algorithms agree
anytime,anytim,anytim,anytim,true,anytim,all algorithms agree
anywhere,anywher,anywher,anywh,false,anywh;anywher,"algorithms diverge (lancaster, porter, snowball_english reduce this form)"
ao,ao,ao,ao,true,ao,all algorithms agree
ap,ap,ap,ap,true,ap,all algorithms agree
apa,apa,apa,ap,false,ap;apa,algorithms diverge (lancaster reduce this form)
apaar,apaar,apaar,apa,false,apa;apaar,algorithms diverge (lancaster reduce this form)
apart,apart,apart,apart,true,apart,all algorithms agree
aperture,apertur,apertur,apert,false,apert;apertur,"algorithms diverge (lancaster, porter, snowball_english reduce this form)"
apex,apex,apex,apex,true,apex,all algorithms agree
api,api,api,ap,false,ap;api,algorithms diverge (lancaster reduce this form)
api-based,api-bas,api-bas,api-based,false,api-bas;api-based,"algorithms diverge (porter, snowball_english reduce this form)"
apis,api,api,ap,false,ap;api,"algorithms diverge (lancaster, porter, snowball_english reduce this form)"
apis-possess,apis-possess,apis-possess,apis-possess,true,apis-possess,all algorithms agree
apl,apl,apl,apl,true,apl,all algorithms agree
apmc,apmc,apmc,apmc,true,apmc,all algorithms agree
apmi,apmi,apmi,apm,false,apm;apmi,algorithms diverge (lancaster reduce this form)
apna,apna,apna,apn,false,apn;apna,algorithms diverge (lancaster reduce this form)
apolitical,apolit,apolit,apolit,true,apolit,all algorithms agree
app,app,app,ap,false,ap;app,algorithms diverge (lancaster reduce this form)
app-based,app-bas,app-bas,app-based,false,app-bas;app-based,"algorithms diverge (porter, snowball_english reduce this form)"
appalachian,appalachian,appalachian,appalach,false,appalach;appalachian,algorithms diverge (lancaster reduce this form)
apparatus,apparatu,apparatus,apparat,false,apparat;apparatu;apparatus,"algorithms diverge (lancaster, porter reduce this form)"
apparel,apparel,apparel,apparel,true,apparel,all algorithms agree
apparent,appar,appar,app,false,app;appar,"algorithms diverge (lancaster, porter, snowball_english reduce this form)"
appeal,appeal,appeal,ap,false,ap;appeal,algorithms diverge (lancaster reduce this form)
appeal/review/settlement,appeal/review/settl,appeal/review/settl,appeal/review/settlement,false,appeal/review/settl;appeal/review/settlement,"algorithms diverge (porter, snowball_english reduce this form)"
appeals,appeal,appeal,ap,false,ap;appeal,"algorithms diverge (lancaster, porter, snowball_english reduce this form)"
appear,appear,appear,appear,true,appear,all algorithms agree
appeared,appear,appear,appear,true,appear,all algorithms agree
appearing,appear,appear,appear,true,appear,all algorithms agree
appearing.,appearing.,appearing.,appearing.,true,appearing.,all algorithms agree
appears,appear,appear,appear,true,appear,all algorithms agree
appellant,appel,appel,appel,true,appel,all algorithms agree
appellants,appel,appel,appel,true,appel,all algorithms agree
appellate,appel,appel,appel,true,appel,all algorithms agree
appetite,appetit,appetit,appetit,true,appetit,all algorithms agree
appl,appl,appl,appl,true,appl,all algorithms agree
appliance,applianc,applianc,apply,false,applianc;apply,"algorithms diverge (lancaster, porter, snowball_english reduce this form)"
appliances,applianc,applianc,apply,false,applianc;apply,"algorithms diverge (lancaster, porter, snowball_english reduce this form)"
applicability,applic,applic,appl,false,appl;applic,"algorithms diverge (lancaster, porter, snowball_english reduce this form)"
applicable,applic,applic,appl,false,appl;applic,"algorithms diverge (lancaster, porter, snowball_english reduce this form)"
applicant,applic,applic,appl,false,appl;applic,"algorithms diverge (lancaster, porter, snowball_english reduce this form)"
applicants,applic,applic,appl,false,appl;applic,"algorithms diverge (lancaster, porter, snowball_english reduce this form)"
application,applic,applic,apply,false,applic;apply,"algorithms diverge (lancaster, porter, snowball_english reduce this form)"
application-,application-,application-,application-,true,application-,all algorithms agree
application-led,application-l,application-l,application-led,false,application-l;application-led,"algorithms diverge (porter, snowball_english reduce this form)"
application-specific,application-specif,application-specif,application-specific,false,application-specif;application-specific,"algorithms diverge (porter, snowball_english reduce this form)"
applications,applic,applic,apply,false,applic;apply,"algorithms diverge (lancaster, porter, snowball_english reduce this form)"
applications/appeals,applications/app,applications/app,applications/appeal,false,applications/app;applications/appeal,"algorithms diverge (lancaster, porter, snowball_english reduce this form)"
applied,appli,appli,apply,false,appli;apply,"algorithms diverge (lancaster, porter, snowball_english reduce this form)"
applies,appli,appli,apply,false,appli;apply,"algorithms diverge (lancaster, porter, snowball_english reduce this form)"
apply,appli,appli,apply,false,appli;apply,"algorithms diverge (porter, snowball_english reduce this form)"
applying,appli,appli,apply,false,appli;apply,"algorithms diverge (lancaster, porter, snowball_english reduce this form)"
appoint,appoint,appoint,appoint,true,appoint,all algorithms agree
appointed,appoint,appoint,appoint,true,appoint,all algorithms agree
appointees,appointe,appointe,appoint,false,appoint;appointe,"algorithms diverge (lancaster, porter, snowball_english reduce this form)"
appointing,appoint,appoint,appoint,true,appoint,all algorithms agree
appointment,appoint,appoint,appoint,true,appoint,all algorithms agree
appointment/nomination,appointment/nomin,appointment/nomin,appointment/nomination,false,appointment/nomin;appointment/nomination,"algorithms diverge (porter, snowball_english reduce this form)"
appointments,appoint,appoint,appoint,true,appoint,all algorithms agree
appoints,appoint,appoint,appoint,true,appoint,all algorithms agree
appraisal,apprais,apprais,appra,false,appra;apprais,"algorithms diverge (lancaster, porter, snowball_english reduce this form)"
appraising,apprais,apprais,appra,false,appra;apprais,"algorithms diverge (lancaster, porter, snowball_english reduce this form)"
appreciate,appreci,appreci,apprecy,false,appreci;apprecy,"algorithms diverge (lancaster, porter, snowball_english reduce this form)"
appreciated,appreci,appreci,apprecy,false,appreci;apprecy,"algorithms diverge (lancaster, porter, snowball_english reduce this form)"
appreciating,appreci,appreci,apprecy,false,appreci;apprecy,"algorithms diverge (lancaster, porter, snowball_english reduce this form)"
appreciation,appreci,appreci,apprecy,false,appreci;apprecy,"algorithms diverge (lancaster, porter, snowball_english reduce this form)"
apprentices,apprentic,apprentic,appr,false,appr;apprentic,"algorithms diverge (lancaster, porter, snowball_english reduce this form)"
apprenticeship,apprenticeship,apprenticeship,appr,false,appr;apprenticeship,algorithms diverge (lancaster reduce this form)
apprenticeship-embedded,apprenticeship-embed,apprenticeship-embed,apprenticeship-embedded,false,apprenticeship-embed;apprenticeship-embedded,"algorithms diverge (porter, snowball_english reduce this form)"
apprenticeships,apprenticeship,apprenticeship,appr,false,appr;apprenticeship,"algorithms diverge (lancaster, porter, snowball_english reduce this form)"
apprised,appris,appris,appr,false,appr;appris,"algorithms diverge (lancaster, porter, snowball_english reduce this form)"
approach,approach,approach,approach,true,approach,all algorithms agree
approach-emphasising,approach-emphasis,approach-emphasis,approach-emphasising,false,approach-emphasis;approach-emphasising,"algorithms diverge (porter, snowball_english reduce this form)"
approach.,approach.,approach.,approach.,true,approach.,all algorithms agree
approached,approach,approach,approach,true,approach,all algorithms agree
approaches,approach,approach,approach,true,approach,all algorithms agree
approaches.,approaches.,approaches.,approaches.,true,approaches.,all algorithms agree
approaching,approach,approach,approach,true,approach,all algorithms agree
appropriate,appropri,appropri,appropry,false,appropri;appropry,"algorithms diverge (lancaster, porter, snowball_english reduce this form)"
appropriately,appropri,appropri,appropry,false,appropri;appropry,"algorithms diverge (lancaster, porter, snowball_english reduce this form)"
approval,approv,approv,approv,true,approv,all algorithms agree
approvals,approv,approv,approv,true,approv,all algorithms agree
approve,approv,approv,approv,true,approv,all algorithms agree
approved,approv,approv,approv,true,approv,all algorithms agree
approx,approx,approx,approx,true,approx,all algorithms agree
approximate,approxim,approxim,approxim,true,approxim,all algorithms agree
approximately,approxim,approxim,approxim,true,approxim,all algorithms agree
apps,app,app,ap,false,ap;app,"algorithms diverge (lancaster, porter, snowball_english reduce this form)"
apr,apr,apr,apr,true,apr,all algorithms agree
apr-,apr-,apr-,apr-,true,apr-,all algorithms agree
apr-dec,apr-dec,apr-dec,apr-dec,true,apr-dec,all algorithms agree
aprc,aprc,aprc,aprc,true,aprc,all algorithms agree
april,april,april,april,true,april,all algorithms agree
april  2020,april  2020,april  2020,april  2020,true,april  2020,all algorithms agree
april  2025,april  2025,april  2025,april  2025,true,april  2025,all algorithms agree
april 2011,april 2011,april 2011,april 2011,true,april 2011,all algorithms agree
april 2015,april 2015,april 2015,april 2015,true,april 2015,all algorithms agree
april 2016,april 2016,april 2016,april 2016,true,april 2016,all algorithms agree
april 2018,april 2018,april 2018,april 2018,true,april 2018,all algorithms agree
april 2020,april 2020,april 2020,april 2020,true,april 2020,all algorithms agree
april 2021,april 2021,april 2021,april 2021,true,april 2021,all algorithms agree
april 2023,april 2023,april 2023,april 2023,true,april 2023,all algorithms agree
april 2024,april 2024,april 2024,april 2024,true,april 2024,all algorithms agree
april 2025,april 2025,april 2025,april 2025,true,april 2025,all algorithms agree
april 2026,april 2026,april 2026,april 2026,true,april 2026,all algorithms agree
april-,april-,april-,april-,true,april-,all algorithms agree
april-august,april-august,april-august,april-august,true,april-august,all algorithms agree
april-december,april-decemb,april-decemb,april-december,false,april-decemb;april-december,"algorithms diverge (porter, snowball_english reduce this form)"
april-november,april-novemb,april-novemb,april-november,false,april-novemb;april-november,"algorithms diverge (porter, snowball_english reduce this form)"
april-october,april-octob,april-octob,april-october,false,april-octob;april-october,"algorithms diverge (porter, snowball_english reduce this form)"
aptitude,aptitud,aptitud,aptitud,true,aptitud,all algorithms agree
aptitudes,aptitud,aptitud,aptitud,true,aptitud,all algorithms agree
aptly,aptli,apt,apt,false,apt;aptli,"algorithms diverge (lancaster, porter, snowball_english reduce this form)"
apy,api,api,apy,false,api;apy,"algorithms diverge (porter, snowball_english reduce this form)"
aquaculture,aquacultur,aquacultur,aquacult,false,aquacult;aquacultur,"algorithms diverge (lancaster, porter, snowball_english reduce this form)"
aquatic,aquat,aquat,aqu,false,aqu;aquat,"algorithms diverge (lancaster, porter, snowball_english reduce this form)"
aquifers,aquif,aquif,aqu,false,aqu;aquif,"algorithms diverge (lancaster, porter, snowball_english reduce this form)"
ar,ar,ar,ar,true,ar,all algorithms agree
ar-,ar-,ar-,ar-,true,ar-,all algorithms agree
arabia,arabia,arabia,arab,false,arab;arabia,algorithms diverge (lancaster reduce this form)
araria,araria,araria,arar,false,arar;araria,algorithms diverge (lancaster reduce this form)
araya,araya,araya,aray,false,aray;araya,algorithms diverge (lancaster reduce this form)
arbitrage,arbitrag,arbitrag,arbit,false,arbit;arbitrag,"algorithms diverge (lancaster, porter, snowball_english reduce this form)"
arbitrary,arbitrari,arbitrari,arbit,false,arbit;arbitrari,"algorithms diverge (lancaster, porter, snowball_english reduce this form)"
arbitration,arbitr,arbitr,arbit,false,arbit;arbitr,"algorithms diverge (lancaster, porter, snowball_english reduce this form)"
archetypes,archetyp,archetyp,archetyp,true,archetyp,all algorithms agree
architects,architect,architect,architect,true,architect,all algorithms agree
architectural,architectur,architectur,architect,false,architect;architectur,"algorithms diverge (lancaster, porter, snowball_english reduce this form)"
architecture,architectur,architectur,architect,false,architect;architectur,"algorithms diverge (lancaster, porter, snowball_english reduce this form)"
architectures,architectur,architectur,architect,false,architect;architectur,"algorithms diverge (lancaster, porter, snowball_english reduce this form)"
arcl,arcl,arcl,arc,false,arc;arcl,algorithms diverge (lancaster reduce this form)
arcs,arc,arc,arc,true,arc,all algorithms agree
ardl,ardl,ardl,ardl,true,ardl,all algorithms agree
are,are,are,ar,false,ar;are,algorithms diverge (lancaster reduce this form)
area,area,area,are,false,are;area,algorithms diverge (lancaster reduce this form)
area-based,area-bas,area-bas,area-based,false,area-bas;area-based,"algorithms diverge (porter, snowball_english reduce this form)"
area-specific,area-specif,area-specif,area-specific,false,area-specif;area-specific,"algorithms diverge (porter, snowball_english reduce this form)"
area.,area.,area.,area.,true,area.,all algorithms agree
areas,area,area,area,true,area,all algorithms agree
areas.,areas.,areas.,areas.,true,areas.,all algorithms agree
arena,arena,arena,aren,false,aren;arena,algorithms diverge (lancaster reduce this form)
arenas,arena,arena,arena,true,arena,all algorithms agree
argentina,argentina,argentina,argentin,false,argentin;argentina,algorithms diverge (lancaster reduce this form)
arguably,arguabl,arguabl,argu,false,argu;arguabl,"algorithms diverge (lancaster, porter, snowball_english reduce this form)"
argue,argu,argu,argu,true,argu,all algorithms agree
argued,argu,argu,argu,true,argu,all algorithms agree
argues,argu,argu,argu,true,argu,all algorithms agree
arguing,argu,argu,argu,true,argu,all algorithms agree
argument,argument,argument,argu,false,argu;argument,algorithms diverge (lancaster reduce this form)
arguments,argument,argument,argu,false,argu;argument,"algorithms diverge (lancaster, porter, snowball_english reduce this form)"
arihant,arih,arih,arih,true,arih,all algorithms agree
arimax,arimax,arimax,arimax,true,arimax,all algorithms agree
arise,aris,aris,ar,false,ar;aris,"algorithms diverge (lancaster, porter, snowball_english reduce this form)"
arises,aris,aris,ar,false,ar;aris,"algorithms diverge (lancaster, porter, snowball_english reduce this form)"
arising,aris,aris,ar,false,ar;aris,"algorithms diverge (lancaster, porter, snowball_english reduce this form)"
aristotle,aristotl,aristotl,aristotl,true,aristotl,all algorithms agree
arm,arm,arm,arm,true,arm,all algorithms agree
arm's-length,arm's-length,arm's-length,arm's-length,true,arm's-length,all algorithms agree
armed,arm,arm,arm,true,arm,all algorithms agree
arms,arm,arm,arm,true,arm,all algorithms agree
army,armi,armi,army,false,armi;army,"algorithms diverge (porter, snowball_english reduce this form)"
arogya,arogya,arogya,arogy,false,arogy;arogya,algorithms diverge (lancaster reduce this form)
arose,aros,aros,aros,true,aros,all algorithms agree
around,around,around,around,true,around,all algorithms agree
arrangement,arrang,arrang,arrang,true,arrang,all algorithms agree
arrangements,arrang,arrang,arrang,true,arrang,all algorithms agree
arrangements-is,arrangements-i,arrangements-i,arrangements-,false,arrangements-;arrangements-i,"algorithms diverge (lancaster, porter, snowball_english reduce this form)"
arrangers,arrang,arrang,arrang,true,arrang,all algorithms agree
array,array,array,array,true,array,all algorithms agree
arrears,arrear,arrear,arrear,true,arrear,all algorithms agree
arrest,arrest,arrest,arrest,true,arrest,all algorithms agree
arrested,arrest,arrest,arrest,true,arrest,all algorithms agree
arrival,arriv,arriv,ar,false,ar;arriv,"algorithms diverge (lancaster, porter, snowball_english reduce this form)"
arrivals,arriv,arriv,ar,false,ar;arriv,"algorithms diverge (lancaster, porter, snowball_english reduce this form)"
arrive,arriv,arriv,ar,false,ar;arriv,"algorithms diverge (lancaster, porter, snowball_english reduce this form)"
arrived,arriv,arriv,ar,false,ar;arriv,"algorithms diverge (lancaster, porter, snowball_english reduce this form)"
art,art,art,art,true,art,all algorithms agree
artefacts,artefact,artefact,artefact,true,artefact,all algorithms agree
arterial,arteri,arteri,art,false,art;arteri,"algorithms diverge (lancaster, porter, snowball_english reduce this form)"
arth,arth,arth,ar,false,ar;arth,algorithms diverge (lancaster reduce this form)
artha,artha,artha,arth,false,arth;artha,algorithms diverge (lancaster reduce this form)
arthashastra,arthashastra,arthashastra,arthashastr,false,arthashastr;arthashastra,algorithms diverge (lancaster reduce this form)
arthik,arthik,arthik,arthik,true,arthik,all algorithms agree
article,articl,articl,artic,false,artic;articl,"algorithms diverge (lancaster, porter, snowball_english reduce this form)"
articles,articl,articl,artic,false,artic;articl,"algorithms diverge (lancaster, porter, snowball_english reduce this form)"
articulate,articul,articul,artic,false,artic;articul,"algorithms diverge (lancaster, porter, snowball_english reduce this form)"
articulated,articul,articul,artic,false,artic;articul,"algorithms diverge (lancaster, porter, snowball_english reduce this form)"
articulating,articul,articul,artic,false,artic;articul,"algorithms diverge (lancaster, porter, snowball_english reduce this form)"
articulation,articul,articul,artic,false,artic;articul,"algorithms diverge (lancaster, porter, snowball_english reduce this form)"
artificial,artifici,artifici,art,false,art;artifici,"algorithms diverge (lancaster, porter, snowball_english reduce this form)"
artificially,artifici,artifici,art,false,art;artifici,"algorithms diverge (lancaster, porter, snowball_english reduce this form)"
artisan,artisan,artisan,art,false,art;artisan,algorithms diverge (lancaster reduce this form)
artisans,artisan,artisan,art,false,art;artisan,"algorithms diverge (lancaster, porter, snowball_english reduce this form)"
artist,artist,artist,art,false,art;artist,algorithms diverge (lancaster reduce this form)
artistic,artist,artist,art,false,art;artist,"algorithms diverge (lancaster, porter, snowball_english reduce this form)"
artists,artist,artist,art,false,art;artist,"algorithms diverge (lancaster, porter, snowball_english reduce this form)"
arts,art,art,art,true,art,all algorithms agree
arun,arun,arun,arun,true,arun,all algorithms agree
arunabha,arunabha,arunabha,arunabh,false,arunabh;arunabha,algorithms diverge (lancaster reduce this form)
arunachal,arunach,arunach,arunach,true,arunach,all algorithms agree
arvind,arvind,arvind,arvind,true,arvind,all algorithms agree
arxiv,arxiv,arxiv,arx,false,arx;arxiv,algorithms diverge (lancaster reduce this form)
ary,ari,ari,ary,false,ari;ary,"algorithms diverge (porter, snowball_english reduce this form)"
as,as,as,as,true,as,all algorithms agree
asba,asba,asba,asb,false,asb;asba,algorithms diverge (lancaster reduce this form)
asbestos,asbesto,asbesto,asbesto,true,asbesto,all algorithms agree
ascend,ascend,ascend,ascend,true,ascend,all algorithms agree
ascendance,ascend,ascend,ascend,true,ascend,all algorithms agree
ascending,ascend,ascend,ascend,true,ascend,all algorithms agree
ascent,ascent,ascent,asc,false,asc;ascent,algorithms diverge (lancaster reduce this form)
aser,aser,aser,as,false,as;aser,algorithms diverge (lancaster reduce this form)
aser.,aser.,aser.,aser.,true,aser.,all algorithms agree
asha,asha,asha,ash,false,ash;asha,algorithms diverge (lancaster reduce this form)
ashabot,ashabot,ashabot,ashabot,true,ashabot,all algorithms agree
ashly,ashli,ash,ash,false,ash;ashli,"algorithms diverge (lancaster, porter, snowball_english reduce this form)"
asi,asi,asi,as,false,as;asi,algorithms diverge (lancaster reduce this form)
asia,asia,asia,as,false,as;asia,algorithms diverge (lancaster reduce this form)
asia-,asia-,asia-,asia-,true,asia-,all algorithms agree
asia-pacific,asia-pacif,asia-pacif,asia-pacific,false,asia-pacif;asia-pacific,"algorithms diverge (porter, snowball_english reduce this form)"
asian,asian,asian,as,false,as;asian,algorithms diverge (lancaster reduce this form)
asics,asic,asic,as,false,as;asic,"algorithms diverge (lancaster, porter, snowball_english reduce this form)"
aside,asid,asid,asid,true,asid,all algorithms agree
asifma,asifma,asifma,asifm,false,asifm;asifma,algorithms diverge (lancaster reduce this form)
asisse,asiss,asiss,asiss,true,asiss,all algorithms agree
asked,ask,ask,ask,true,ask,all algorithms agree
asking,ask,ask,ask,true,ask,all algorithms agree
asm,asm,asm,asm,true,asm,all algorithms agree
aspect,aspect,aspect,aspect,true,aspect,all algorithms agree
aspects,aspect,aspect,aspect,true,aspect,all algorithms agree
aspi,aspi,aspi,asp,false,asp;aspi,algorithms diverge (lancaster reduce this form)
aspirants,aspir,aspir,aspir,true,aspir,all algorithms agree
aspiration,aspir,aspir,aspir,true,aspir,all algorithms agree
aspirational,aspir,aspir,aspir,true,aspir,all algorithms agree
aspirations,aspir,aspir,aspir,true,aspir,all algorithms agree
aspire,aspir,aspir,aspir,true,aspir,all algorithms agree
aspires,aspir,aspir,aspir,true,aspir,all algorithms agree
aspiring,aspir,aspir,aspir,true,aspir,all algorithms agree
assam,assam,assam,assam,true,assam,all algorithms agree
assaying,assay,assay,assay,true,assay,all algorithms agree
assays,assay,assay,assay,true,assay,all algorithms agree
assemble,assembl,assembl,assembl,true,assembl,all algorithms agree
assembled,assembl,assembl,assembl,true,assembl,all algorithms agree
assemblies,assembl,assembl,assembl,true,assembl,all algorithms agree
assembly,assembl,assembl,assembl,true,assembl,all algorithms agree
assembly-based,assembly-bas,assembly-bas,assembly-based,false,assembly-bas;assembly-based,"algorithms diverge (porter, snowball_english reduce this form)"
assembly-linked,assembly-link,assembly-link,assembly-linked,false,assembly-link;assembly-linked,"algorithms diverge (porter, snowball_english reduce this form)"
assembly-oriented,assembly-ori,assembly-ori,assembly-oriented,false,assembly-ori;assembly-oriented,"algorithms diverge (porter, snowball_english reduce this form)"
assert,assert,assert,assert,true,assert,all algorithms agree
assess,assess,assess,assess,true,assess,all algorithms agree
assessed,assess,assess,assess,true,assess,all algorithms agree
assesses,assess,assess,assess,true,assess,all algorithms agree
assessing,assess,assess,assess,true,assess,all algorithms agree
assessment,assess,assess,assess,true,assess,all algorithms agree
assessments,assess,assess,assess,true,assess,all algorithms agree
asset,asset,asset,asset,true,asset,all algorithms agree
asset-,asset-,asset-,asset-,true,asset-,all algorithms agree
asset-creating,asset-cr,asset-cr,asset-creating,false,asset-cr;asset-creating,"algorithms diverge (porter, snowball_english reduce this form)"
asset-driven,asset-driven,asset-driven,asset-driven,true,asset-driven,all algorithms agree
asset-liability,asset-li,asset-li,asset-liability,false,asset-li;asset-liability,"algorithms diverge (porter, snowball_english reduce this form)"
asset-seeking,asset-seek,asset-seek,asset-seeking,false,asset-seek;asset-seeking,"algorithms diverge (porter, snowball_english reduce this form)"
assets,asset,asset,asset,true,asset,all algorithms agree
assets-rooftop,assets-rooftop,assets-rooftop,assets-rooftop,true,assets-rooftop,all algorithms agree
assets-to-liabilities,assets-to-li,assets-to-li,assets-to-liability,false,assets-to-li;assets-to-liability,"algorithms diverge (lancaster, porter, snowball_english reduce this form)"
assets.,assets.,assets.,assets.,true,assets.,all algorithms agree
assigned,assign,assign,assign,true,assign,all algorithms agree
assignment,assign,assign,assign,true,assign,all algorithms agree
assignments,assign,assign,assign,true,assign,all algorithms agree
assigns,assign,assign,assign,true,assign,all algorithms agree
assimilation,assimil,assimil,assimil,true,assimil,all algorithms agree
assist,assist,assist,assist,true,assist,all algorithms agree
assistance,assist,assist,assist,true,assist,all algorithms agree
assistant,assist,assist,assist,true,assist,all algorithms agree
assisted,assist,assist,assist,true,assist,all algorithms agree
assisting,assist,assist,assist,true,assist,all algorithms agree
assists,assist,assist,assist,true,assist,all algorithms agree
associate,associ,associ,assocy,false,associ;assocy,"algorithms diverge (lancaster, porter, snowball_english reduce this form)"
associated,associ,associ,assocy,false,associ;assocy,"algorithms diverge (lancaster, porter, snowball_english reduce this form)"
associates,associ,associ,assocy,false,associ;assocy,"algorithms diverge (lancaster, porter, snowball_english reduce this form)"
association,associ,associ,assocy,false,associ;assocy,"algorithms diverge (lancaster, porter, snowball_english reduce this form)"
associations,associ,associ,assocy,false,associ;assocy,"algorithms diverge (lancaster, porter, snowball_english reduce this form)"
assume,assum,assum,assum,true,assum,all algorithms agree
assumed,assum,assum,assum,true,assum,all algorithms agree
assumes,assum,assum,assum,true,assum,all algorithms agree
assuming,assum,assum,assum,true,assum,all algorithms agree
assumption,assumpt,assumpt,assum,false,assum;assumpt,"algorithms diverge (lancaster, porter, snowball_english reduce this form)"
assumptions,assumpt,assumpt,assum,false,assum;assumpt,"algorithms diverge (lancaster, porter, snowball_english reduce this form)"
assurance,assur,assur,ass,false,ass;assur,"algorithms diverge (lancaster, porter, snowball_english reduce this form)"
assurances,assur,assur,ass,false,ass;assur,"algorithms diverge (lancaster, porter, snowball_english reduce this form)"
assure,assur,assur,ass,false,ass;assur,"algorithms diverge (lancaster, porter, snowball_english reduce this form)"
assured,assur,assur,ass,false,ass;assur,"algorithms diverge (lancaster, porter, snowball_english reduce this form)"
assures,assur,assur,ass,false,ass;assur,"algorithms diverge (lancaster, porter, snowball_english reduce this form)"
astr-,astr-,astr-,astr-,true,astr-,all algorithms agree
astronaut,astronaut,astronaut,astronaut,true,astronaut,all algorithms agree
asuse,asus,asus,asus,true,asus,all algorithms agree
asymmetric,asymmetr,asymmetr,asymmet,false,asymmet;asymmetr,"algorithms diverge (lancaster, porter, snowball_english reduce this form)"
asymmetrically,asymmetr,asymmetr,asymmet,false,asymmet;asymmetr,"algorithms diverge (lancaster, porter, snowball_english reduce this form)"
asymmetries,asymmetri,asymmetri,asymmetry,false,asymmetri;asymmetry,"algorithms diverge (lancaster, porter, snowball_english reduce this form)"
asymmetry,asymmetri,asymmetri,asymmetry,false,asymmetri;asymmetry,"algorithms diverge (porter, snowball_english reduce this form)"
at,at,at,at,true,at,all algorithms agree
atal,atal,atal,at,false,at;atal,algorithms diverge (lancaster reduce this form)
athenian,athenian,athenian,ath,false,ath;athenian,algorithms diverge (lancaster reduce this form)
athens,athen,athen,ath,false,ath;athen,"algorithms diverge (lancaster, porter, snowball_english reduce this form)"
atlas,atla,atlas,atla,false,atla;atlas,"algorithms diverge (lancaster, porter reduce this form)"
atma,atma,atma,atm,false,atm;atma,algorithms diverge (lancaster reduce this form)
atmanirbhar,atmanirbhar,atmanirbhar,atmanirbh,false,atmanirbh;atmanirbhar,algorithms diverge (lancaster reduce this form)
atmanirbharta,atmanirbharta,atmanirbharta,atmanirbhart,false,atmanirbhart;atmanirbharta,algorithms diverge (lancaster reduce this form)
atmosphere,atmospher,atmospher,atmosph,false,atmosph;atmospher,"algorithms diverge (lancaster, porter, snowball_english reduce this form)"
atmp,atmp,atmp,atmp,true,atmp,all algorithms agree
atomic,atom,atom,atom,true,atom,all algorithms agree
ators,ator,ator,at,false,at;ator,"algorithms diverge (lancaster, porter, snowball_english reduce this form)"
atp,atp,atp,atp,true,atp,all algorithms agree
atr,atr,atr,at,false,at;atr,algorithms diverge (lancaster reduce this form)
atrocities,atroc,atroc,atroc,true,atroc,all algorithms agree
atrocity,atroc,atroc,atroc,true,atroc,all algorithms agree
atrophy,atrophi,atrophi,atroph,false,atroph;atrophi,"algorithms diverge (lancaster, porter, snowball_english reduce this form)"
attachable,attach,attach,attach,true,attach,all algorithms agree
attached,attach,attach,attach,true,attach,all algorithms agree
attain,attain,attain,attain,true,attain,all algorithms agree
attainable,attain,attain,attain,true,attain,all algorithms agree
attained,attain,attain,attain,true,attain,all algorithms agree
attainment,attain,attain,attain,true,attain,all algorithms agree
attempt,attempt,attempt,attempt,true,attempt,all algorithms agree
attempted,attempt,attempt,attempt,true,attempt,all algorithms agree
attempting,attempt,attempt,attempt,true,attempt,all algorithms agree
attempts,attempt,attempt,attempt,true,attempt,all algorithms agree
attend,attend,attend,attend,true,attend,all algorithms agree
attendance,attend,attend,attend,true,attend,all algorithms agree
attended,attend,attend,attend,true,attend,all algorithms agree
attendees,attende,attende,attend,false,attend;attende,"algorithms diverge (lancaster, porter, snowball_english reduce this form)"
attention,attent,attent,at,false,at;attent,"algorithms diverge (lancaster, porter, snowball_english reduce this form)"
attentive,attent,attent,at,false,at;attent,"algorithms diverge (lancaster, porter, snowball_english reduce this form)"
attitude,attitud,attitud,attitud,true,attitud,all algorithms agree
attitudes,attitud,attitud,attitud,true,attitud,all algorithms agree
attract,attract,attract,attract,true,attract,all algorithms agree
attracted,attract,attract,attract,true,attract,all algorithms agree
attracting,attract,attract,attract,true,attract,all algorithms agree
attraction,attract,attract,attract,true,attract,all algorithms agree
attractive,attract,attract,attract,true,attract,all algorithms agree
attractiveness,attract,attract,attract,true,attract,all algorithms agree
attracts,attract,attract,attract,true,attract,all algorithms agree
attributable,attribut,attribut,attribut,true,attribut,all algorithms agree
attributed,attribut,attribut,attribut,true,attribut,all algorithms agree
attributes,attribut,attribut,attribut,true,attribut,all algorithms agree
attrition,attrit,attrit,attrit,true,attrit,all algorithms agree
au-,au-,au-,au-,true,au-,all algorithms agree
auc,auc,auc,auc,true,auc,all algorithms agree
auc-per-fpi,auc-per-fpi,auc-per-fpi,auc-per-fpi,true,auc-per-fpi,all algorithms agree
auction,auction,auction,auct,false,auct;auction,algorithms diverge (lancaster reduce this form)
auctioned,auction,auction,auct,false,auct;auction,"algorithms diverge (lancaster, porter, snowball_english reduce this form)"
auctions,auction,auction,auct,false,auct;auction,"algorithms diverge (lancaster, porter, snowball_english reduce this form)"
audience,audienc,audienc,audy,false,audienc;audy,"algorithms diverge (lancaster, porter, snowball_english reduce this form)"
audio,audio,audio,audio,true,audio,all algorithms agree
audio-visual,audio-visu,audio-visu,audio-visual,false,audio-visu;audio-visual,"algorithms diverge (porter, snowball_english reduce this form)"
audiovisual,audiovisu,audiovisu,audiov,false,audiov;audiovisu,"algorithms diverge (lancaster, porter, snowball_english reduce this form)"
audit,audit,audit,audit,true,audit,all algorithms agree
audit-ready,audit-readi,audit-readi,audit-ready,false,audit-readi;audit-ready,"algorithms diverge (porter, snowball_english reduce this form)"
auditability,audit,audit,audit,true,audit,all algorithms agree
auditable,audit,audit,audit,true,audit,all algorithms agree
audited,audit,audit,audit,true,audit,all algorithms agree
auditing,audit,audit,audit,true,audit,all algorithms agree
auditonline,auditonlin,auditonlin,auditonlin,true,auditonlin,all algorithms agree
auditor,auditor,auditor,audit,false,audit;auditor,algorithms diverge (lancaster reduce this form)
auditors,auditor,auditor,audit,false,audit;auditor,"algorithms diverge (lancaster, porter, snowball_english reduce this form)"
audits,audit,audit,audit,true,audit,all algorithms agree
audits.,audits.,audits.,audits.,true,audits.,all algorithms agree
augment,augment,augment,aug,false,aug;augment,algorithms diverge (lancaster reduce this form)
augmentation,augment,augment,aug,false,aug;augment,"algorithms diverge (lancaster, porter, snowball_english reduce this form)"
augmented,augment,augment,aug,false,aug;augment,"algorithms diverge (lancaster, porter, snowball_english reduce this form)"
augmenting,augment,augment,aug,false,aug;augment,"algorithms diverge (lancaster, porter, snowball_english reduce this form)"
august,august,august,august,true,august,all algorithms agree
august  2024,august  2024,august  2024,august  2024,true,august  2024,all algorithms agree
august 2008,august 2008,august 2008,august 2008,true,august 2008,all algorithms agree
august 2019,august 2019,august 2019,august 2019,true,august 2019,all algorithms agree
august 2020,august 2020,august 2020,august 2020,true,august 2020,all algorithms agree
august 2023,august 2023,august 2023,august 2023,true,august 2023,all algorithms agree
august 2024,august 2024,august 2024,august 2024,true,august 2024,all algorithms agree
august 2025,august 2025,august 2025,august 2025,true,august 2025,all algorithms agree
august-,august-,august-,august-,true,august-,all algorithms agree
aum,aum,aum,aum,true,aum,all algorithms agree
aur,aur,aur,aur,true,aur,all algorithms agree
australia,australia,australia,austral,false,austral;australia,algorithms diverge (lancaster reduce this form)
australian,australian,australian,aust,false,aust;australian,algorithms diverge (lancaster reduce this form)
austria,austria,austria,austr,false,austr;austria,algorithms diverge (lancaster reduce this form)
authenticated,authent,authent,auth,false,auth;authent,"algorithms diverge (lancaster, porter, snowball_english reduce this form)"
authenticates,authent,authent,auth,false,auth;authent,"algorithms diverge (lancaster, porter, snowball_english reduce this form)"
authentication,authent,authent,auth,false,auth;authent,"algorithms diverge (lancaster, porter, snowball_english reduce this form)"
authenticity,authent,authent,auth,false,auth;authent,"algorithms diverge (lancaster, porter, snowball_english reduce this form)"
author,author,author,auth,false,auth;author,algorithms diverge (lancaster reduce this form)
authored,author,author,auth,false,auth;author,"algorithms diverge (lancaster, porter, snowball_english reduce this form)"
authorisation,authoris,authoris,auth,false,auth;authoris,"algorithms diverge (lancaster, porter, snowball_english reduce this form)"
authorised,authoris,authoris,auth,false,auth;authoris,"algorithms diverge (lancaster, porter, snowball_english reduce this form)"
authoritarian,authoritarian,authoritarian,authorit,false,authorit;authoritarian,algorithms diverge (lancaster reduce this form)
authorities,author,author,auth,false,auth;author,"algorithms diverge (lancaster, porter, snowball_english reduce this form)"
authority,author,author,auth,false,auth;author,"algorithms diverge (lancaster, porter, snowball_english reduce this form)"
authorization,author,author,auth,false,auth;author,"algorithms diverge (lancaster, porter, snowball_english reduce this form)"
authorize,author,author,auth,false,auth;author,"algorithms diverge (lancaster, porter, snowball_english reduce this form)"
authorized,author,author,auth,false,auth;author,"algorithms diverge (lancaster, porter, snowball_english reduce this form)"
authors,author,author,auth,false,auth;author,"algorithms diverge (lancaster, porter, snowball_english reduce this form)"
auto,auto,auto,auto,true,auto,all algorithms agree
auto-components,auto-compon,auto-compon,auto-components,false,auto-compon;auto-components,"algorithms diverge (porter, snowball_english reduce this form)"
auto-escalation,auto-escal,auto-escal,auto-escalation,false,auto-escal;auto-escalation,"algorithms diverge (porter, snowball_english reduce this form)"
auto-play,auto-play,auto-play,auto-play,true,auto-play,all algorithms agree
auto-routing,auto-rout,auto-rout,auto-routing,false,auto-rout;auto-routing,"algorithms diverge (porter, snowball_english reduce this form)"
autocorrelated,autocorrel,autocorrel,autocorrel,true,autocorrel,all algorithms agree
autocorrelation,autocorrel,autocorrel,autocorrel,true,autocorrel,all algorithms agree
autocorrelation-consistent,autocorrelation-consist,autocorrelation-consist,autocorrelation-consistent,false,autocorrelation-consist;autocorrelation-consistent,"algorithms diverge (porter, snowball_english reduce this form)"
automate,autom,autom,autom,true,autom,all algorithms agree
automated,autom,autom,autom,true,autom,all algorithms agree
automates,autom,autom,autom,true,autom,all algorithms agree
automatic,automat,automat,autom,false,autom;automat,"algorithms diverge (lancaster, porter, snowball_english reduce this form)"
automatically,automat,automat,autom,false,autom;automat,"algorithms diverge (lancaster, porter, snowball_english reduce this form)"
automation,autom,autom,autom,true,autom,all algorithms agree
automobile,automobil,automobil,automobl,false,automobil;automobl,"algorithms diverge (lancaster, porter, snowball_english reduce this form)"
automobiles,automobil,automobil,automobl,false,automobil;automobl,"algorithms diverge (lancaster, porter, snowball_english reduce this form)"
automotive,automot,automot,automot,true,automot,all algorithms agree
autonomous,autonom,autonom,autonom,true,autonom,all algorithms agree
autonomy,autonomi,autonomi,autonom,false,autonom;autonomi,"algorithms diverge (lancaster, porter, snowball_english reduce this form)"
autoregressive,autoregress,autoregress,autoregress,true,autoregress,all algorithms agree
autorité,autorité,autorité,autorité,true,autorité,all algorithms agree
autos,auto,auto,auto,true,auto,all algorithms agree
auxiliary,auxiliari,auxiliari,auxy,false,auxiliari;auxy,"algorithms diverge (lancaster, porter, snowball_english reduce this form)"
avail,avail,avail,avail,true,avail,all algorithms agree
availability,avail,avail,avail,true,avail,all algorithms agree
available,avail,avail,avail,true,avail,all algorithms agree
availed,avail,avail,avail,true,avail,all algorithms agree
availing,avail,avail,avail,true,avail,all algorithms agree
avenue,avenu,avenu,avenu,true,avenu,all algorithms agree
avenues,avenu,avenu,avenu,true,avenu,all algorithms agree
average,averag,averag,av,false,av;averag,"algorithms diverge (lancaster, porter, snowball_english reduce this form)"
average.,average.,average.,average.,true,average.,all algorithms agree
averaged,averag,averag,av,false,av;averag,"algorithms diverge (lancaster, porter, snowball_english reduce this form)"
averages,averag,averag,av,false,av;averag,"algorithms diverge (lancaster, porter, snowball_english reduce this form)"
averaging,averag,averag,av,false,av;averag,"algorithms diverge (lancaster, porter, snowball_english reduce this form)"
averse,avers,avers,avers,true,avers,all algorithms agree
aversion,avers,avers,avert,false,avers;avert,"algorithms diverge (lancaster, porter, snowball_english reduce this form)"
avg,avg,avg,avg,true,avg,all algorithms agree
aviation,aviat,aviat,avy,false,aviat;avy,"algorithms diverge (lancaster, porter, snowball_english reduce this form)"
aviral,avir,avir,avir,true,avir,all algorithms agree
avoid,avoid,avoid,avoid,true,avoid,all algorithms agree
avoid-,avoid-,avoid-,avoid-,true,avoid-,all algorithms agree
avoidable,avoid,avoid,avoid,true,avoid,all algorithms agree
avoidance,avoid,avoid,avoid,true,avoid,all algorithms agree
avoided,avoid,avoid,avoid,true,avoid,all algorithms agree
avoiding,avoid,avoid,avoid,true,avoid,all algorithms agree
avoids,avoid,avoid,avoid,true,avoid,all algorithms agree
avyay,avyay,avyay,avyay,true,avyay,all algorithms agree
awaas,awaa,awaa,awaa,true,awaa,all algorithms agree
awaited,await,await,await,true,await,all algorithms agree
award,award,award,award,true,award,all algorithms agree
awarded,award,award,award,true,award,all algorithms agree
awarding,award,award,award,true,award,all algorithms agree
aware,awar,awar,aw,false,aw;awar,"algorithms diverge (lancaster, porter, snowball_english reduce this form)"
awareness,awar,awar,aw,false,aw;awar,"algorithms diverge (lancaster, porter, snowball_english reduce this form)"
awareness-,awareness-,awareness-,awareness-,true,awareness-,all algorithms agree
awas,awa,awa,awa,true,awa,all algorithms agree
away,away,away,away,true,away,all algorithms agree
awc,awc,awc,awc,true,awc,all algorithms agree
awcs,awc,awc,awc,true,awc,all algorithms agree
aww,aww,aww,aww,true,aww,all algorithms agree
awws,aww,aww,aww,true,aww,all algorithms agree
axiom,axiom,axiom,axiom,true,axiom,all algorithms agree
axis,axi,axi,ax,false,ax;axi,"algorithms diverge (lancaster, porter, snowball_english reduce this form)"
ay,ay,ay,ay,true,ay,all algorithms agree
ayodhya,ayodhya,ayodhya,ayodhy,false,ayodhy;ayodhya,algorithms diverge (lancaster reduce this form)
ayurveda,ayurveda,ayurveda,ayurved,false,ayurved;ayurveda,algorithms diverge (lancaster reduce this form)
ayush,ayush,ayush,ayush,true,ayush,all algorithms agree
ayushi,ayushi,ayushi,ayush,false,ayush;ayushi,algorithms diverge (lancaster reduce this form)
ayushman,ayushman,ayushman,ayushm,false,ayushm;ayushman,algorithms diverge (lancaster reduce this form)
azalina,azalina,azalina,azalin,false,azalin;azalina,algorithms diverge (lancaster reduce this form)
azista,azista,azista,azist,false,azist;azista,algorithms diverge (lancaster reduce this form)
b,b,b,b,true,b,all algorithms agree
b.,b.,b.,b.,true,b.,all algorithms agree
b.s,b.,b.s,b.s,false,b.;b.s,algorithms diverge (porter reduce this form)
b/,b/,b/,b/,true,b/,all algorithms agree
bachelor,bachelor,bachelor,bachel,false,bachel;bachelor,algorithms diverge (lancaster reduce this form)
bachelor-level,bachelor-level,bachelor-level,bachelor-level,true,bachelor-level,all algorithms agree
bacillus,bacillu,bacillus,bacill,false,bacill;bacillu;bacillus,"algorithms diverge (lancaster, porter reduce this form)"
back,back,back,back,true,back,all algorithms agree
back-,back-,back-,back-,true,back-,all algorithms agree
back-office,back-offic,back-offic,back-office,false,back-offic;back-office,"algorithms diverge (porter, snowball_english reduce this form)"
backbone,backbon,backbon,backbon,true,backbon,all algorithms agree
backdrop,backdrop,backdrop,backdrop,true,backdrop,all algorithms agree
backed,back,back,back,true,back,all algorithms agree
background,background,background,background,true,background,all algorithms agree
backing,back,back,back,true,back,all algorithms agree
backlash,backlash,backlash,backlash,true,backlash,all algorithms agree
backpedalling,backpedal,backpedal,backpedal,true,backpedal,all algorithms agree
backstops,backstop,backstop,backstop,true,backstop,all algorithms agree
backup,backup,backup,backup,true,backup,all algorithms agree
backward,backward,backward,backward,true,backward,all algorithms agree
backward-,backward-,backward-,backward-,true,backward-,all algorithms agree
backward-linked,backward-link,backward-link,backward-link,true,backward-link,all algorithms agree
backwards,backward,backward,backward,true,backward,all algorithms agree
backyard,backyard,backyard,backyard,true,backyard,all algorithms agree
badge,badg,badg,badg,true,badg,all algorithms agree
bagless,bagless,bagless,bagless,true,bagless,all algorithms agree
bags,bag,bag,bag,true,bag,all algorithms agree
bahrain,bahrain,bahrain,bahrain,true,bahrain,all algorithms agree
bahubali,bahubali,bahubali,bahubal,false,bahubal;bahubali,algorithms diverge (lancaster reduce this form)
bailey,bailey,bailey,bailey,true,bailey,all algorithms agree
bailouts,bailout,bailout,bailout,true,bailout,all algorithms agree
baked,bake,bake,bak,false,bak;bake,"algorithms diverge (lancaster, porter, snowball_english reduce this form)"
baker,baker,baker,bak,false,bak;baker,algorithms diverge (lancaster reduce this form)
balance,balanc,balanc,bal,false,bal;balanc,"algorithms diverge (lancaster, porter, snowball_english reduce this form)"
balance-of-payments,balance-of-pay,balance-of-pay,balance-of-payments,false,balance-of-pay;balance-of-payments,"algorithms diverge (porter, snowball_english reduce this form)"
balance-sheet,balance-sheet,balance-sheet,balance-sheet,true,balance-sheet,all algorithms agree
balance-to-gdp,balance-to-gdp,balance-to-gdp,balance-to-gdp,true,balance-to-gdp,all algorithms agree
balanced,balanc,balanc,bal,false,bal;balanc,"algorithms diverge (lancaster, porter, snowball_english reduce this form)"
balanced/aggressive,balanced/aggress,balanced/aggress,balanced/aggressive,false,balanced/aggress;balanced/aggressive,"algorithms diverge (porter, snowball_english reduce this form)"
balances,balanc,balanc,bal,false,bal;balanc,"algorithms diverge (lancaster, porter, snowball_english reduce this form)"
balancing,balanc,balanc,bal,false,bal;balanc,"algorithms diverge (lancaster, porter, snowball_english reduce this form)"
balika,balika,balika,balik,false,balik;balika,algorithms diverge (lancaster reduce this form)
ballooning,balloon,balloon,balloon,true,balloon,all algorithms agree
balvatika,balvatika,balvatika,balvatik,false,balvatik;balvatika,algorithms diverge (lancaster reduce this form)
balvatikas,balvatika,balvatika,balvatika,true,balvatika,all algorithms agree
ban,ban,ban,ban,true,ban,all algorithms agree
ban.,ban.,ban.,ban.,true,ban.,all algorithms agree
banana,banana,banana,banan,false,banan;banana,algorithms diverge (lancaster reduce this form)
banbura,banbura,banbura,banbur,false,banbur;banbura,algorithms diverge (lancaster reduce this form)
band,band,band,band,true,band,all algorithms agree
banda,banda,banda,band,false,band;banda,algorithms diverge (lancaster reduce this form)
bandhan,bandhan,bandhan,bandh,false,bandh;bandhan,algorithms diverge (lancaster reduce this form)
bandra,bandra,bandra,bandr,false,bandr;bandra,algorithms diverge (lancaster reduce this form)
bands,band,band,band,true,band,all algorithms agree
bandwidth,bandwidth,bandwidth,bandwid,false,bandwid;bandwidth,algorithms diverge (lancaster reduce this form)
bandwidth-,bandwidth-,bandwidth-,bandwidth-,true,bandwidth-,all algorithms agree
banega,banega,banega,baneg,false,baneg;banega,algorithms diverge (lancaster reduce this form)
bangalore,bangalor,bangalor,bang,false,bang;bangalor,"algorithms diverge (lancaster, porter, snowball_english reduce this form)"
bangla,bangla,bangla,bangl,false,bangl;bangla,algorithms diverge (lancaster reduce this form)
bangladesh,bangladesh,bangladesh,bangladesh,true,bangladesh,all algorithms agree
bank,bank,bank,bank,true,bank,all algorithms agree
bank-based,bank-bas,bank-bas,bank-based,false,bank-bas;bank-based,"algorithms diverge (porter, snowball_english reduce this form)"
bank-dominated,bank-domin,bank-domin,bank-dominated,false,bank-domin;bank-dominated,"algorithms diverge (porter, snowball_english reduce this form)"
bank-specific,bank-specif,bank-specif,bank-specific,false,bank-specif;bank-specific,"algorithms diverge (porter, snowball_english reduce this form)"
bank/nbfc,bank/nbfc,bank/nbfc,bank/nbfc,true,bank/nbfc,all algorithms agree
bankability,bankabl,bankabl,bank,false,bank;bankabl,"algorithms diverge (lancaster, porter, snowball_english reduce this form)"
bankable,bankabl,bankabl,bank,false,bank;bankabl,"algorithms diverge (lancaster, porter, snowball_english reduce this form)"
banke,bank,bank,bank,true,bank,all algorithms agree
banker,banker,banker,bank,false,bank;banker,algorithms diverge (lancaster reduce this form)
bankers,banker,banker,bank,false,bank;banker,"algorithms diverge (lancaster, porter, snowball_english reduce this form)"
banking,bank,bank,bank,true,bank,all algorithms agree
banknotes,banknot,banknot,banknot,true,banknot,all algorithms agree
bankruptcy,bankruptci,bankruptci,bankruptcy,false,bankruptci;bankruptcy,"algorithms diverge (porter, snowball_english reduce this form)"
banks,bank,bank,bank,true,bank,all algorithms agree
banks+,banks+,banks+,banks+,true,banks+,all algorithms agree
banned,ban,ban,ban,true,ban,all algorithms agree
banners,banner,banner,ban,false,ban;banner,"algorithms diverge (lancaster, porter, snowball_english reduce this form)"
bans,ban,ban,ban,true,ban,all algorithms agree
bansal,bansal,bansal,bans,false,bans;bansal,algorithms diverge (lancaster reduce this form)
bar,bar,bar,bar,true,bar,all algorithms agree
barbers,barber,barber,barb,false,barb;barber,"algorithms diverge (lancaster, porter, snowball_english reduce this form)"
barcelona,barcelona,barcelona,barcelon,false,barcelon;barcelona,algorithms diverge (lancaster reduce this form)
bargaining,bargain,bargain,bargain,true,bargain,all algorithms agree
bargains,bargain,bargain,bargain,true,bargain,all algorithms agree
barley,barley,barley,barley,true,barley,all algorithms agree
barnow,barnow,barnow,barnow,true,barnow,all algorithms agree
barred,bar,bar,bar,true,bar,all algorithms agree
barrel,barrel,barrel,barrel,true,barrel,all algorithms agree
barrels,barrel,barrel,barrel,true,barrel,all algorithms agree
barrier,barrier,barrier,barry,false,barrier;barry,algorithms diverge (lancaster reduce this form)
barriers,barrier,barrier,barry,false,barrier;barry,"algorithms diverge (lancaster, porter, snowball_english reduce this form)"
barring,bar,bar,bar,true,bar,all algorithms agree
barro,barro,barro,barro,true,barro,all algorithms agree
bars,bar,bar,bar,true,bar,all algorithms agree
base,base,base,bas,false,bas;base,algorithms diverge (lancaster reduce this form)
base-enabling,base-en,base-en,base-enabling,false,base-en;base-enabling,"algorithms diverge (porter, snowball_english reduce this form)"
base-year,base-year,base-year,base-year,true,base-year,all algorithms agree
based,base,base,bas,false,bas;base,"algorithms diverge (lancaster, porter, snowball_english reduce this form)"
basel,basel,basel,basel,true,basel,all algorithms agree
baseline,baselin,baselin,baselin,true,baselin,all algorithms agree
baseline-and-credit,baseline-and-credit,baseline-and-credit,baseline-and-credit,true,baseline-and-credit,all algorithms agree
baseload,baseload,baseload,baseload,true,baseload,all algorithms agree
bases,base,base,bas,false,bas;base,"algorithms diverge (lancaster, porter, snowball_english reduce this form)"
basf,basf,basf,basf,true,basf,all algorithms agree
basic,basic,basic,bas,false,bas;basic,algorithms diverge (lancaster reduce this form)
basics,basic,basic,bas,false,bas;basic,"algorithms diverge (lancaster, porter, snowball_english reduce this form)"
basin,basin,basin,basin,true,basin,all algorithms agree
basins,basin,basin,basin,true,basin,all algorithms agree
basis,basi,basi,bas,false,bas;basi,"algorithms diverge (lancaster, porter, snowball_english reduce this form)"
basket,basket,basket,basket,true,basket,all algorithms agree
baskets,basket,basket,basket,true,basket,all algorithms agree
bassi,bassi,bassi,bass,false,bass;bassi,algorithms diverge (lancaster reduce this form)
bastar,bastar,bastar,bast,false,bast;bastar,algorithms diverge (lancaster reduce this form)
batches,batch,batch,batch,true,batch,all algorithms agree
batteries,batteri,batteri,battery,false,batteri;battery,"algorithms diverge (lancaster, porter, snowball_english reduce this form)"
battery,batteri,batteri,battery,false,batteri;battery,"algorithms diverge (porter, snowball_english reduce this form)"
bau,bau,bau,bau,true,bau,all algorithms agree
bay,bay,bay,bay,true,bay,all algorithms agree
bayesian,bayesian,bayesian,bayes,false,bayes;bayesian,algorithms diverge (lancaster reduce this form)
bays,bay,bay,bay,true,bay,all algorithms agree
bazaar,bazaar,bazaar,baza,false,baza;bazaar,algorithms diverge (lancaster reduce this form)
bazar,bazar,bazar,baz,false,baz;bazar,algorithms diverge (lancaster reduce this form)
bb,bb,bb,bb,true,bb,all algorithms agree
bbb,bbb,bbb,bbb,true,bbb,all algorithms agree
bbb+,bbb+,bbb+,bbb+,true,bbb+,all algorithms agree
bbb-,bbb-,bbb-,bbb-,true,bbb-,all algorithms agree
bbb-rated,bbb-rate,bbb-rat,bbb-rated,false,bbb-rat;bbb-rate;bbb-rated,"algorithms diverge (porter, snowball_english reduce this form)"
bccrpyr,bccrpyr,bccrpyr,bccrpyr,true,bccrpyr,all algorithms agree
bcd,bcd,bcd,bcd,true,bcd,all algorithms agree
bce,bce,bce,bce,true,bce,all algorithms agree
bcg,bcg,bcg,bcg,true,bcg,all algorithms agree
bde,bde,bde,bde,true,bde,all algorithms agree
bdew,bdew,bdew,bdew,true,bdew,all algorithms agree
bdmcl,bdmcl,bdmcl,bdmcl,true,bdmcl,all algorithms agree
bdumbhz,bdumbhz,bdumbhz,bdumbhz,true,bdumbhz,all algorithms agree
be,be,be,be,true,be,all algorithms agree
bear,bear,bear,bear,true,bear,all algorithms agree
bearing,bear,bear,bear,true,bear,all algorithms agree
bears,bear,bear,bear,true,bear,all algorithms agree
beats,beat,beat,beat,true,beat,all algorithms agree
beatty,beatti,beatti,beatty,false,beatti;beatty,"algorithms diverge (porter, snowball_english reduce this form)"
beauticians,beautician,beautician,beaut,false,beaut;beautician,"algorithms diverge (lancaster, porter, snowball_english reduce this form)"
beauty,beauti,beauti,beauty,false,beauti;beauty,"algorithms diverge (porter, snowball_english reduce this form)"
became,becam,becam,becam,true,becam,all algorithms agree
because,becaus,becaus,becaus,true,becaus,all algorithms agree
become,becom,becom,becom,true,becom,all algorithms agree
becomes,becom,becom,becom,true,becom,all algorithms agree
becoming,becom,becom,becom,true,becom,all algorithms agree
bedrock,bedrock,bedrock,bedrock,true,bedrock,all algorithms agree
been,been,been,been,true,been,all algorithms agree
befitting,befit,befit,befit,true,befit,all algorithms agree
before,befor,befor,bef,false,bef;befor,"algorithms diverge (lancaster, porter, snowball_english reduce this form)"
began,began,began,beg,false,beg;began,algorithms diverge (lancaster reduce this form)
beggar-,beggar-,beggar-,beggar-,true,beggar-,all algorithms agree
begging,beg,beg,beg,true,beg,all algorithms agree
begin,begin,begin,begin,true,begin,all algorithms agree
beginning,begin,begin,begin,true,begin,all algorithms agree
begins,begin,begin,begin,true,begin,all algorithms agree
begun,begun,begun,begun,true,begun,all algorithms agree
behalf,behalf,behalf,behalf,true,behalf,all algorithms agree
behave,behav,behav,behav,true,behav,all algorithms agree
behaved,behav,behav,behav,true,behav,all algorithms agree
behavior,behavior,behavior,behavy,false,behavior;behavy,algorithms diverge (lancaster reduce this form)
behavioral,behavior,behavior,behavy,false,behavior;behavy,"algorithms diverge (lancaster, porter, snowball_english reduce this form)"
behaviour,behaviour,behaviour,behavio,false,behavio;behaviour,algorithms diverge (lancaster reduce this form)
behaviour',behaviour',behaviour,behaviour',false,behaviour;behaviour',algorithms diverge (snowball_english reduce this form)
behavioural,behaviour,behaviour,behavio,false,behavio;behaviour,"algorithms diverge (lancaster, porter, snowball_english reduce this form)"
behaviourally,behaviour,behaviour,behavio,false,behavio;behaviour,"algorithms diverge (lancaster, porter, snowball_english reduce this form)"
behaviours,behaviour,behaviour,behavio,false,behavio;behaviour,"algorithms diverge (lancaster, porter, snowball_english reduce this form)"
behest,behest,behest,behest,true,behest,all algorithms agree
behind,behind,behind,behind,true,behind,all algorithms agree
behind-,behind-,behind-,behind-,true,behind-,all algorithms agree
being,be,be,being,false,be;being,"algorithms diverge (porter, snowball_english reduce this form)"
being.,being.,being.,being.,true,being.,all algorithms agree
belagavi,belagavi,belagavi,belagav,false,belagav;belagavi,algorithms diverge (lancaster reduce this form)
belated,belat,belat,bel,false,bel;belat,"algorithms diverge (lancaster, porter, snowball_english reduce this form)"
belem,belem,belem,belem,true,belem,all algorithms agree
belgium,belgium,belgium,belg,false,belg;belgium,algorithms diverge (lancaster reduce this form)
believe,believ,believ,believ,true,believ,all algorithms agree
believed,believ,believ,believ,true,believ,all algorithms agree
believing,believ,believ,believ,true,believ,all algorithms agree
bell,bell,bell,bel,false,bel;bell,algorithms diverge (lancaster reduce this form)
belong,belong,belong,belong,true,belong,all algorithms agree
belonged,belong,belong,belong,true,belong,all algorithms agree
belonging,belong,belong,belong,true,belong,all algorithms agree
belongingness,belonging,belonging,belong,false,belong;belonging,"algorithms diverge (lancaster, porter, snowball_english reduce this form)"
belongs,belong,belong,belong,true,belong,all algorithms agree
below,below,below,below,true,below,all algorithms agree
below-normal,below-norm,below-norm,below-normal,false,below-norm;below-normal,"algorithms diverge (porter, snowball_english reduce this form)"
below-the-line,below-the-lin,below-the-lin,below-the-line,false,below-the-lin;below-the-line,"algorithms diverge (porter, snowball_english reduce this form)"
below.,below.,below.,below.,true,below.,all algorithms agree
belt,belt,belt,belt,true,belt,all algorithms agree
belt/green,belt/green,belt/green,belt/green,true,belt/green,all algorithms agree
belts,belt,belt,belt,true,belt,all algorithms agree
bench,bench,bench,bench,true,bench,all algorithms agree
benches,bench,bench,bench,true,bench,all algorithms agree
benchmark,benchmark,benchmark,benchmark,true,benchmark,all algorithms agree
benchmark-,benchmark-,benchmark-,benchmark-,true,benchmark-,all algorithms agree
benchmarked,benchmark,benchmark,benchmark,true,benchmark,all algorithms agree
benchmarking,benchmark,benchmark,benchmark,true,benchmark,all algorithms agree
benchmarks,benchmark,benchmark,benchmark,true,benchmark,all algorithms agree
bend,bend,bend,bend,true,bend,all algorithms agree
beneath,beneath,beneath,benea,false,benea;beneath,algorithms diverge (lancaster reduce this form)
beneficial,benefici,benefici,benef,false,benef;benefici,"algorithms diverge (lancaster, porter, snowball_english reduce this form)"
beneficiaries,beneficiari,beneficiari,beneficy,false,beneficiari;beneficy,"algorithms diverge (lancaster, porter, snowball_english reduce this form)"
beneficiary,beneficiari,beneficiari,beneficy,false,beneficiari;beneficy,"algorithms diverge (lancaster, porter, snowball_english reduce this form)"
beneficiation,benefici,benefici,beneficy,false,benefici;beneficy,"algorithms diverge (lancaster, porter, snowball_english reduce this form)"
benefit,benefit,benefit,benefit,true,benefit,all algorithms agree
benefited,benefit,benefit,benefit,true,benefit,all algorithms agree
benefited.,benefited.,benefited.,benefited.,true,benefited.,all algorithms agree
benefiting,benefit,benefit,benefit,true,benefit,all algorithms agree
benefits,benefit,benefit,benefit,true,benefit,all algorithms agree
benefits.,benefits.,benefits.,benefits.,true,benefits.,all algorithms agree
benefitted,benefit,benefit,benefit,true,benefit,all algorithms agree
bengal,bengal,bengal,beng,false,beng;bengal,algorithms diverge (lancaster reduce this form)
bengali,bengali,bengali,bengal,false,bengal;bengali,algorithms diverge (lancaster reduce this form)
bengali-speaking,bengali-speak,bengali-speak,bengali-speaking,false,bengali-speak;bengali-speaking,"algorithms diverge (porter, snowball_english reduce this form)"
bengaluru,bengaluru,bengaluru,bengaluru,true,bengaluru,all algorithms agree
bengaluru-mysuru-tumakuru-,bengaluru-mysuru-tumakuru-,bengaluru-mysuru-tumakuru-,bengaluru-mysuru-tumakuru-,true,bengaluru-mysuru-tumakuru-,all algorithms agree
benign,benign,benign,benign,true,benign,all algorithms agree
bereaved,bereav,bereav,bereav,true,bereav,all algorithms agree
beresnitzky,beresnitzki,beresnitzki,beresnitzky,false,beresnitzki;beresnitzky,"algorithms diverge (porter, snowball_english reduce this form)"
berships,bership,bership,ber,false,ber;bership,"algorithms diverge (lancaster, porter, snowball_english reduce this form)"
besar,besar,besar,bes,false,bes;besar,algorithms diverge (lancaster reduce this form)
besides,besid,besid,besid,true,besid,all algorithms agree
besley,besley,besley,besley,true,besley,all algorithms agree
bespoke,bespok,bespok,bespok,true,bespok,all algorithms agree
bess,bess,bess,bess,true,bess,all algorithms agree
bessen,bessen,bessen,bess,false,bess;bessen,algorithms diverge (lancaster reduce this form)
best,best,best,best,true,best,all algorithms agree
bet,bet,bet,bet,true,bet,all algorithms agree
bets,bet,bet,bet,true,bet,all algorithms agree
better,better,better,bet,false,bet;better,algorithms diverge (lancaster reduce this form)
better-paying,better-pay,better-pay,better-paying,false,better-pay;better-paying,"algorithms diverge (porter, snowball_english reduce this form)"
betting,bet,bet,bet,true,bet,all algorithms agree
between,between,between,between,true,between,all algorithms agree
beverage,beverag,beverag,bev,false,bev;beverag,"algorithms diverge (lancaster, porter, snowball_english reduce this form)"
beverages,beverag,beverag,bev,false,bev;beverag,"algorithms diverge (lancaster, porter, snowball_english reduce this form)"
beyond,beyond,beyond,beyond,true,beyond,all algorithms agree
bhabha,bhabha,bhabha,bhabh,false,bhabh;bhabha,algorithms diverge (lancaster reduce this form)
bhagidari,bhagidari,bhagidari,bhagidar,false,bhagidar;bhagidari,algorithms diverge (lancaster reduce this form)
bharai,bharai,bharai,bhara,false,bhara;bharai,algorithms diverge (lancaster reduce this form)
bharat,bharat,bharat,bhar,false,bhar;bharat,algorithms diverge (lancaster reduce this form)
bharat-,bharat-,bharat-,bharat-,true,bharat-,all algorithms agree
bharati,bharati,bharati,bharat,false,bharat;bharati,algorithms diverge (lancaster reduce this form)
bharatiya,bharatiya,bharatiya,bharatiy,false,bharatiy;bharatiya,algorithms diverge (lancaster reduce this form)
bharatmala,bharatmala,bharatmala,bharatmal,false,bharatmal;bharatmala,algorithms diverge (lancaster reduce this form)
bharatnet,bharatnet,bharatnet,bharatnet,true,bharatnet,all algorithms agree
bharitya,bharitya,bharitya,bharity,false,bharity;bharitya,algorithms diverge (lancaster reduce this form)
bharosa,bharosa,bharosa,bharos,false,bharos;bharosa,algorithms diverge (lancaster reduce this form)
bhartiya,bhartiya,bhartiya,bhartiy,false,bhartiy;bhartiya,algorithms diverge (lancaster reduce this form)
bhasha,bhasha,bhasha,bhash,false,bhash;bhasha,algorithms diverge (lancaster reduce this form)
bhashini,bhashini,bhashini,bhashin,false,bhashin;bhashini,algorithms diverge (lancaster reduce this form)
bhatnagar,bhatnagar,bhatnagar,bhatnag,false,bhatnag;bhatnagar,algorithms diverge (lancaster reduce this form)
bhava,bhava,bhava,bhav,false,bhav;bhava,algorithms diverge (lancaster reduce this form)
bhavan,bhavan,bhavan,bhav,false,bhav;bhavan,algorithms diverge (lancaster reduce this form)
bhopal,bhopal,bhopal,bhop,false,bhop;bhopal,algorithms diverge (lancaster reduce this form)
bhowmick,bhowmick,bhowmick,bhowmick,true,bhowmick,all algorithms agree
bhu,bhu,bhu,bhu,true,bhu,all algorithms agree
bhu-aadhaar,bhu-aadhaar,bhu-aadhaar,bhu-aadhaar,true,bhu-aadhaar,all algorithms agree
bhubaneshwar,bhubaneshwar,bhubaneshwar,bhubaneshw,false,bhubaneshw;bhubaneshwar,algorithms diverge (lancaster reduce this form)
bhubaneswar,bhubaneswar,bhubaneswar,bhubanesw,false,bhubanesw;bhubaneswar,algorithms diverge (lancaster reduce this form)
bhutan,bhutan,bhutan,bhut,false,bhut;bhutan,algorithms diverge (lancaster reduce this form)
bhuvan,bhuvan,bhuvan,bhuv,false,bhuv;bhuvan,algorithms diverge (lancaster reduce this form)
bi-annually,bi-annu,bi-annu,bi-annually,false,bi-annu;bi-annually,"algorithms diverge (porter, snowball_english reduce this form)"
biannual,biannual,biannual,bian,false,bian;biannual,algorithms diverge (lancaster reduce this form)
bias,bia,bias,bia,false,bia;bias,"algorithms diverge (lancaster, porter reduce this form)"
biases,bias,bias,bias,true,bias,all algorithms agree
bic,bic,bic,bic,true,bic,all algorithms agree
bicycles,bicycl,bicycl,bicyc,false,bicyc;bicycl,"algorithms diverge (lancaster, porter, snowball_english reduce this form)"
bid,bid,bid,bid,true,bid,all algorithms agree
bidders/operators/oems,bidders/operators/oem,bidders/operators/oem,bidders/operators/oem,true,bidders/operators/oem,all algorithms agree
bidding,bid,bid,bid,true,bid,all algorithms agree
bidesh,bidesh,bidesh,bidesh,true,bidesh,all algorithms agree
bids,bid,bid,bid,true,bid,all algorithms agree
biever,biever,biever,biev,false,biev;biever,algorithms diverge (lancaster reduce this form)
bifurcated,bifurc,bifurc,bifurc,true,bifurc,all algorithms agree
bifurcating,bifurc,bifurc,bifurc,true,bifurc,all algorithms agree
bifurcation,bifurc,bifurc,bifurc,true,bifurc,all algorithms agree
big,big,big,big,true,big,all algorithms agree
big-tech,big-tech,big-tech,big-tech,true,big-tech,all algorithms agree
bigger,bigger,bigger,big,false,big;bigger,algorithms diverge (lancaster reduce this form)
biggest,biggest,biggest,biggest,true,biggest,all algorithms agree
bigshare,bigshar,bigshar,bigsh,false,bigsh;bigshar,"algorithms diverge (lancaster, porter, snowball_english reduce this form)"
bihar,bihar,bihar,bih,false,bih;bihar,algorithms diverge (lancaster reduce this form)
bijli,bijli,bijli,bijl,false,bijl;bijli,algorithms diverge (lancaster reduce this form)
bike,bike,bike,bik,false,bik;bike,algorithms diverge (lancaster reduce this form)
bilateral,bilater,bilater,bil,false,bil;bilater,"algorithms diverge (lancaster, porter, snowball_english reduce this form)"
bilateralism,bilater,bilater,bil,false,bil;bilater,"algorithms diverge (lancaster, porter, snowball_english reduce this form)"
bilingualization,bilingu,bilingu,bil,false,bil;bilingu,"algorithms diverge (lancaster, porter, snowball_english reduce this form)"
bill,bill,bill,bil,false,bil;bill,algorithms diverge (lancaster reduce this form)
billing,bill,bill,bil,false,bil;bill,"algorithms diverge (lancaster, porter, snowball_english reduce this form)"
billion,billion,billion,bil,false,bil;billion,algorithms diverge (lancaster reduce this form)
billion.,billion.,billion.,billion.,true,billion.,all algorithms agree
bills,bill,bill,bil,false,bil;bill,"algorithms diverge (lancaster, porter, snowball_english reduce this form)"
bima,bima,bima,bim,false,bim;bima,algorithms diverge (lancaster reduce this form)
bin,bin,bin,bin,true,bin,all algorithms agree
binary,binari,binari,bin,false,bin;binari,"algorithms diverge (lancaster, porter, snowball_english reduce this form)"
bind,bind,bind,bind,true,bind,all algorithms agree
binded,bind,bind,bind,true,bind,all algorithms agree
binding,bind,bind,bind,true,bind,all algorithms agree
binge-watching,binge-watch,binge-watch,binge-watching,false,binge-watch;binge-watching,"algorithms diverge (porter, snowball_english reduce this form)"
bio,bio,bio,bio,true,bio,all algorithms agree
bio-bitumen,bio-bitumen,bio-bitumen,bio-bitumen,true,bio-bitumen,all algorithms agree
bio-energy,bio-energi,bio-energi,bio-energy,false,bio-energi;bio-energy,"algorithms diverge (porter, snowball_english reduce this form)"
bio-fertilisers,bio-fertilis,bio-fertilis,bio-fertilisers,false,bio-fertilis;bio-fertilisers,"algorithms diverge (porter, snowball_english reduce this form)"
bio-gas,bio-ga,bio-ga,bio-gas,false,bio-ga;bio-gas,"algorithms diverge (porter, snowball_english reduce this form)"
bio-inputs,bio-input,bio-input,bio-inputs,false,bio-input;bio-inputs,"algorithms diverge (porter, snowball_english reduce this form)"
bio-mining,bio-min,bio-min,bio-mining,false,bio-min;bio-mining,"algorithms diverge (porter, snowball_english reduce this form)"
bio-power,bio-pow,bio-pow,bio-power,false,bio-pow;bio-power,"algorithms diverge (porter, snowball_english reduce this form)"
bio-resource,bio-resourc,bio-resourc,bio-resource,false,bio-resourc;bio-resource,"algorithms diverge (porter, snowball_english reduce this form)"
bio-weapon,bio-weapon,bio-weapon,bio-weapon,true,bio-weapon,all algorithms agree
bioavailability,bioavail,bioavail,bioavail,true,bioavail,all algorithms agree
biodegradable,biodegrad,biodegrad,biodegrad,true,biodegrad,all algorithms agree
biodiverse,biodivers,biodivers,biodivers,true,biodivers,all algorithms agree
biodiversity,biodivers,biodivers,biodivers,true,biodivers,all algorithms agree
biodiversity-rich,biodiversity-rich,biodiversity-rich,biodiversity-rich,true,biodiversity-rich,all algorithms agree
bioenergy,bioenergi,bioenergi,bioenergy,false,bioenergi;bioenergy,"algorithms diverge (porter, snowball_english reduce this form)"
biofuel,biofuel,biofuel,biofuel,true,biofuel,all algorithms agree
biofuels,biofuel,biofuel,biofuel,true,biofuel,all algorithms agree
biogas,bioga,bioga,bioga,true,bioga,all algorithms agree
biohackers,biohack,biohack,biohack,true,biohack,all algorithms agree
biological,biolog,biolog,biolog,true,biolog,all algorithms agree
biologicals,biolog,biolog,biolog,true,biolog,all algorithms agree
biologics,biolog,biolog,biolog,true,biolog,all algorithms agree
biology,biolog,biolog,biolog,true,biolog,all algorithms agree
biomedical,biomed,biomed,biom,false,biom;biomed,"algorithms diverge (lancaster, porter, snowball_english reduce this form)"
biometric,biometr,biometr,biomet,false,biomet;biometr,"algorithms diverge (lancaster, porter, snowball_english reduce this form)"
biopharma,biopharma,biopharma,biopharm,false,biopharm;biopharma,algorithms diverge (lancaster reduce this form)
biosecurity,biosecur,biosecur,biosec,false,biosec;biosecur,"algorithms diverge (lancaster, porter, snowball_english reduce this form)"
biosimilars,biosimilar,biosimilar,biosimil,false,biosimil;biosimilar,"algorithms diverge (lancaster, porter, snowball_english reduce this form)"
biotech,biotech,biotech,biotech,true,biotech,all algorithms agree
biotechnology,biotechnolog,biotechnolog,biotechnolog,true,biotechnolog,all algorithms agree
bipartite,bipartit,bipartit,bipartit,true,bipartit,all algorithms agree
bird,bird,bird,bird,true,bird,all algorithms agree
birla,birla,birla,birl,false,birl;birla,algorithms diverge (lancaster reduce this form)
birth,birth,birth,bir,false,bir;birth,algorithms diverge (lancaster reduce this form)
births,birth,birth,birth,true,birth,all algorithms agree
bishnoi,bishnoi,bishnoi,bishno,false,bishno;bishnoi,algorithms diverge (lancaster reduce this form)
bishwanath,bishwanath,bishwanath,bishwana,false,bishwana;bishwanath,algorithms diverge (lancaster reduce this form)
bitumen,bitumen,bitumen,bitum,false,bitum;bitumen,algorithms diverge (lancaster reduce this form)
bituminous,bitumin,bitumin,bitumin,true,bitumin,all algorithms agree
bkfk,bkfk,bkfk,bkfk,true,bkfk,all algorithms agree
black,black,black,black,true,black,all algorithms agree
blackburn,blackburn,blackburn,blackburn,true,blackburn,all algorithms agree
blacklists,blacklist,blacklist,blackl,false,blackl;blacklist,"algorithms diverge (lancaster, porter, snowball_english reduce this form)"
blackout,blackout,blackout,blackout,true,blackout,all algorithms agree
blackrock,blackrock,blackrock,blackrock,true,blackrock,all algorithms agree
blair,blair,blair,blair,true,blair,all algorithms agree
blame,blame,blame,blam,false,blam;blame,algorithms diverge (lancaster reduce this form)
blame-oriented,blame-ori,blame-ori,blame-oriented,false,blame-ori;blame-oriented,"algorithms diverge (porter, snowball_english reduce this form)"
blanket,blanket,blanket,blanket,true,blanket,all algorithms agree
blend,blend,blend,blend,true,blend,all algorithms agree
blended,blend,blend,blend,true,blend,all algorithms agree
blending,blend,blend,blend,true,blend,all algorithms agree
blends,blend,blend,blend,true,blend,all algorithms agree
blind,blind,blind,blind,true,blind,all algorithms agree
bloc,bloc,bloc,bloc,true,bloc,all algorithms agree
block,block,block,block,true,block,all algorithms agree
block-,block-,block-,block-,true,block-,all algorithms agree
block-level,block-level,block-level,block-level,true,block-level,all algorithms agree
blocked,block,block,block,true,block,all algorithms agree
blocking,block,block,block,true,block,all algorithms agree
blocks,block,block,block,true,block,all algorithms agree
blocs,bloc,bloc,bloc,true,bloc,all algorithms agree
bloodstream,bloodstream,bloodstream,bloodstream,true,bloodstream,all algorithms agree
bloom,bloom,bloom,bloom,true,bloom,all algorithms agree
bloomberg,bloomberg,bloomberg,bloomberg,true,bloomberg,all algorithms agree
blue,blue,blue,blu,false,blu;blue,algorithms diverge (lancaster reduce this form)
bluebird,bluebird,bluebird,bluebird,true,bluebird,all algorithms agree
blueprint,blueprint,blueprint,blueprint,true,blueprint,all algorithms agree
blunted,blunt,blunt,blunt,true,blunt,all algorithms agree
blur,blur,blur,blur,true,blur,all algorithms agree
blurred,blur,blur,blur,true,blur,all algorithms agree
blurs,blur,blur,blur,true,blur,all algorithms agree
board,board,board,board,true,board,all algorithms agree
board-,board-,board-,board-,true,board-,all algorithms agree
board.,board.,board.,board.,true,board.,all algorithms agree
boarding,board,board,board,true,board,all algorithms agree
boardrooms,boardroom,boardroom,boardroom,true,boardroom,all algorithms agree
boards,board,board,board,true,board,all algorithms agree
boats,boat,boat,boat,true,boat,all algorithms agree
bode,bode,bode,bod,false,bod;bode,algorithms diverge (lancaster reduce this form)
bodes,bode,bode,bod,false,bod;bode,"algorithms diverge (lancaster, porter, snowball_english reduce this form)"
bodh,bodh,bodh,bodh,true,bodh,all algorithms agree
bodies,bodi,bodi,body,false,bodi;body,"algorithms diverge (lancaster, porter, snowball_english reduce this form)"
bodies.,bodies.,bodies.,bodies.,true,bodies.,all algorithms agree
body,bodi,bodi,body,false,bodi;body,"algorithms diverge (porter, snowball_english reduce this form)"
bohn,bohn,bohn,bohn,true,bohn,all algorithms agree
boj,boj,boj,boj,true,boj,all algorithms agree
bold,bold,bold,bold,true,bold,all algorithms agree
bolder,bolder,bolder,bold,false,bold;bolder,algorithms diverge (lancaster reduce this form)
boldness,bold,bold,bold,true,bold,all algorithms agree
bolgatty,bolgatti,bolgatti,bolgatty,false,bolgatti;bolgatty,"algorithms diverge (porter, snowball_english reduce this form)"
bollywood,bollywood,bollywood,bollywood,true,bollywood,all algorithms agree
bolsa,bolsa,bolsa,bols,false,bols;bolsa,algorithms diverge (lancaster reduce this form)
bolster,bolster,bolster,bolst,false,bolst;bolster,algorithms diverge (lancaster reduce this form)
bolstered,bolster,bolster,bolst,false,bolst;bolster,"algorithms diverge (lancaster, porter, snowball_english reduce this form)"
bolstering,bolster,bolster,bolst,false,bolst;bolster,"algorithms diverge (lancaster, porter, snowball_english reduce this form)"
bombay,bombay,bombay,bombay,true,bombay,all algorithms agree
bona,bona,bona,bon,false,bon;bona,algorithms diverge (lancaster reduce this form)
bond,bond,bond,bond,true,bond,all algorithms agree
bond-focused,bond-focus,bond-focus,bond-focus,true,bond-focus,all algorithms agree
bondholders,bondhold,bondhold,bondhold,true,bondhold,all algorithms agree
bonds,bond,bond,bond,true,bond,all algorithms agree
bonds-has,bonds-ha,bonds-ha,bonds-ha,true,bonds-ha,all algorithms agree
bonus,bonu,bonus,bon,false,bon;bonu;bonus,"algorithms diverge (lancaster, porter reduce this form)"
bonuses,bonus,bonus,bonus,true,bonus,all algorithms agree
book,book,book,book,true,book,all algorithms agree
booking,book,book,book,true,book,all algorithms agree
booklet,booklet,booklet,booklet,true,booklet,all algorithms agree
books,book,book,book,true,book,all algorithms agree
boom,boom,boom,boom,true,boom,all algorithms agree
booming,boom,boom,boom,true,boom,all algorithms agree
boost,boost,boost,boost,true,boost,all algorithms agree
boosted,boost,boost,boost,true,boost,all algorithms agree
boosting,boost,boost,boost,true,boost,all algorithms agree
boosts,boost,boost,boost,true,boost,all algorithms agree
bop,bop,bop,bop,true,bop,all algorithms agree
bop.,bop.,bop.,bop.,true,bop.,all algorithms agree
border,border,border,bord,false,bord;border,algorithms diverge (lancaster reduce this form)
borders,border,border,bord,false,bord;border,"algorithms diverge (lancaster, porter, snowball_english reduce this form)"
born,born,born,born,true,born,all algorithms agree
borrow,borrow,borrow,borrow,true,borrow,all algorithms agree
borrowed,borrow,borrow,borrow,true,borrow,all algorithms agree
borrower,borrow,borrow,borrow,true,borrow,all algorithms agree
borrowers,borrow,borrow,borrow,true,borrow,all algorithms agree
borrowing,borrow,borrow,borrow,true,borrow,all algorithms agree
borrowing.,borrowing.,borrowing.,borrowing.,true,borrowing.,all algorithms agree
borrowings,borrow,borrow,borrow,true,borrow,all algorithms agree
borrowingsit,borrowingsit,borrowingsit,borrowingsit,true,borrowingsit,all algorithms agree
boston,boston,boston,boston,true,boston,all algorithms agree
bot,bot,bot,bot,true,bot,all algorithms agree
both,both,both,both,true,both,all algorithms agree
bots,bot,bot,bot,true,bot,all algorithms agree
bottleneck,bottleneck,bottleneck,bottleneck,true,bottleneck,all algorithms agree
bottlenecks,bottleneck,bottleneck,bottleneck,true,bottleneck,all algorithms agree
bottlenecks-such,bottlenecks-such,bottlenecks-such,bottlenecks-such,true,bottlenecks-such,all algorithms agree
bottom,bottom,bottom,bottom,true,bottom,all algorithms agree
bottom-,bottom-,bottom-,bottom-,true,bottom-,all algorithms agree
bottom-up,bottom-up,bottom-up,bottom-up,true,bottom-up,all algorithms agree
bound,bound,bound,bound,true,bound,all algorithms agree
boundaries,boundari,boundari,bound,false,bound;boundari,"algorithms diverge (lancaster, porter, snowball_english reduce this form)"
boundary,boundari,boundari,bound,false,bound;boundari,"algorithms diverge (lancaster, porter, snowball_english reduce this form)"
bounded,bound,bound,bound,true,bound,all algorithms agree
bovine,bovin,bovin,bovin,true,bovin,all algorithms agree
box,box,box,box,true,box,all algorithms agree
boxes,box,box,box,true,box,all algorithms agree
boys,boy,boy,boy,true,boy,all algorithms agree
bpkp,bpkp,bpkp,bpkp,true,bpkp,all algorithms agree
bpl,bpl,bpl,bpl,true,bpl,all algorithms agree
bpm,bpm,bpm,bpm,true,bpm,all algorithms agree
bpo,bpo,bpo,bpo,true,bpo,all algorithms agree
bps,bp,bps,bps,false,bp;bps,algorithms diverge (porter reduce this form)
br,br,br,br,true,br,all algorithms agree
bracket,bracket,bracket,bracket,true,bracket,all algorithms agree
brackets,bracket,bracket,bracket,true,bracket,all algorithms agree
brain,brain,brain,brain,true,brain,all algorithms agree
brainstorming,brainstorm,brainstorm,brainstorm,true,brainstorm,all algorithms agree
branch,branch,branch,branch,true,branch,all algorithms agree
branches,branch,branch,branch,true,branch,all algorithms agree
brand,brand,brand,brand,true,brand,all algorithms agree
branded,brand,brand,brand,true,brand,all algorithms agree
branding,brand,brand,brand,true,brand,all algorithms agree
branding.,branding.,branding.,branding.,true,branding.,all algorithms agree
brands,brand,brand,brand,true,brand,all algorithms agree
brap,brap,brap,brap,true,brap,all algorithms agree
braun,braun,braun,braun,true,braun,all algorithms agree
braunstein,braunstein,braunstein,braunstein,true,braunstein,all algorithms agree
brazil,brazil,brazil,brazil,true,brazil,all algorithms agree
brazilian,brazilian,brazilian,brazil,false,brazil;brazilian,algorithms diverge (lancaster reduce this form)
breach,breach,breach,breach,true,breach,all algorithms agree
breached,breach,breach,breach,true,breach,all algorithms agree
breaches,breach,breach,breach,true,breach,all algorithms agree
breads,bread,bread,bread,true,bread,all algorithms agree
breadth,breadth,breadth,bread,false,bread;breadth,algorithms diverge (lancaster reduce this form)
breadwinner,breadwinn,breadwinn,breadwin,false,breadwin;breadwinn,"algorithms diverge (lancaster, porter, snowball_english reduce this form)"
break,break,break,break,true,break,all algorithms agree
break-up,break-up,break-up,break-up,true,break-up,all algorithms agree
breakdown,breakdown,breakdown,breakdown,true,breakdown,all algorithms agree
breakdowns,breakdown,breakdown,breakdown,true,breakdown,all algorithms agree
breaking,break,break,break,true,break,all algorithms agree
breaks,break,break,break,true,break,all algorithms agree
breakthroughs,breakthrough,breakthrough,breakthrough,true,breakthrough,all algorithms agree
breakup,breakup,breakup,breakup,true,breakup,all algorithms agree
breast,breast,breast,breast,true,breast,all algorithms agree
breastfeeding,breastfeed,breastfeed,breastfee,false,breastfee;breastfeed,"algorithms diverge (lancaster, porter, snowball_english reduce this form)"
bred,bred,bred,bred,true,bred,all algorithms agree
breed,breed,breed,bree,false,bree;breed,algorithms diverge (lancaster reduce this form)
breedable,breedabl,breedabl,bree,false,bree;breedabl,"algorithms diverge (lancaster, porter, snowball_english reduce this form)"
breeding,breed,breed,bree,false,bree;breed,"algorithms diverge (lancaster, porter, snowball_english reduce this form)"
breeds,breed,breed,bree,false,bree;breed,"algorithms diverge (lancaster, porter, snowball_english reduce this form)"
brent,brent,brent,brent,true,brent,all algorithms agree
brickworks,brickwork,brickwork,brickwork,true,brickwork,all algorithms agree
brics,bric,bric,bric,true,bric,all algorithms agree
bridge,bridg,bridg,bridg,true,bridg,all algorithms agree
bridges,bridg,bridg,bridg,true,bridg,all algorithms agree
bridging,bridg,bridg,bridg,true,bridg,all algorithms agree
brief,brief,brief,brief,true,brief,all algorithms agree
bright,bright,bright,bright,true,bright,all algorithms agree
bring,bring,bring,bring,true,bring,all algorithms agree
bringing,bring,bring,bring,true,bring,all algorithms agree
brings,bring,bring,bring,true,bring,all algorithms agree
british,british,british,brit,false,brit;british,algorithms diverge (lancaster reduce this form)
brittle,brittl,brittl,brittl,true,brittl,all algorithms agree
bro,bro,bro,bro,true,bro,all algorithms agree
broad,broad,broad,broad,true,broad,all algorithms agree
broad-based,broad-bas,broad-bas,broad-bas,true,broad-bas,all algorithms agree
broadband,broadband,broadband,broadband,true,broadband,all algorithms agree
broadcasting,broadcast,broadcast,broadcast,true,broadcast,all algorithms agree
broaden,broaden,broaden,broad,false,broad;broaden,algorithms diverge (lancaster reduce this form)
broadened,broaden,broaden,broad,false,broad;broaden,"algorithms diverge (lancaster, porter, snowball_english reduce this form)"
broadening,broaden,broaden,broad,false,broad;broaden,"algorithms diverge (lancaster, porter, snowball_english reduce this form)"
broadens,broaden,broaden,broad,false,broad;broaden,"algorithms diverge (lancaster, porter, snowball_english reduce this form)"
broader,broader,broader,broad,false,broad;broader,algorithms diverge (lancaster reduce this form)
broadly,broadli,broad,broad,false,broad;broadli,"algorithms diverge (lancaster, porter, snowball_english reduce this form)"
brochure,brochur,brochur,broch,false,broch;brochur,"algorithms diverge (lancaster, porter, snowball_english reduce this form)"
broke,broke,broke,brok,false,brok;broke,algorithms diverge (lancaster reduce this form)
broken,broken,broken,brok,false,brok;broken,algorithms diverge (lancaster reduce this form)
broker,broker,broker,brok,false,brok;broker,algorithms diverge (lancaster reduce this form)
brokerage,brokerag,brokerag,brok,false,brok;brokerag,"algorithms diverge (lancaster, porter, snowball_english reduce this form)"
brokered,broker,broker,brok,false,brok;broker,"algorithms diverge (lancaster, porter, snowball_english reduce this form)"
brokers,broker,broker,brok,false,brok;broker,"algorithms diverge (lancaster, porter, snowball_english reduce this form)"
brokers/,brokers/,brokers/,brokers/,true,brokers/,all algorithms agree
brokers/clearing,brokers/clear,brokers/clear,brokers/clearing,false,brokers/clear;brokers/clearing,"algorithms diverge (porter, snowball_english reduce this form)"
brokers/depository,brokers/depositori,brokers/depositori,brokers/depository,false,brokers/depositori;brokers/depository,"algorithms diverge (porter, snowball_english reduce this form)"
broking,broke,broke,brok,false,brok;broke,"algorithms diverge (lancaster, porter, snowball_english reduce this form)"
brought,brought,brought,brought,true,brought,all algorithms agree
brownfield,brownfield,brownfield,brownfield,true,brownfield,all algorithms agree
brsr,brsr,brsr,brsr,true,brsr,all algorithms agree
brts,brt,brts,brts,false,brt;brts,algorithms diverge (porter reduce this form)
brunei,brunei,brunei,brune,false,brune;brunei,algorithms diverge (lancaster reduce this form)
brynjolfsson,brynjolfsson,brynjolfsson,brynjolfsson,true,brynjolfsson,all algorithms agree
bsda,bsda,bsda,bsda,true,bsda,all algorithms agree
bse,bse,bse,bse,true,bse,all algorithms agree
bse/,bse/,bse/,bse/,true,bse/,all algorithms agree
bse^,bse^,bse^,bse^,true,bse^,all algorithms agree
bsnl,bsnl,bsnl,bsnl,true,bsnl,all algorithms agree
bts,bt,bts,bts,false,bt;bts,algorithms diverge (porter reduce this form)
bubble,bubbl,bubbl,bubbl,true,bubbl,all algorithms agree
buddies,buddi,buddi,buddy,false,buddi;buddy,"algorithms diverge (lancaster, porter, snowball_english reduce this form)"
buddy,buddi,buddi,buddy,false,buddi;buddy,"algorithms diverge (porter, snowball_english reduce this form)"
budget,budget,budget,budget,true,budget,all algorithms agree
budgetary,budgetari,budgetari,budget,false,budget;budgetari,"algorithms diverge (lancaster, porter, snowball_english reduce this form)"
budgeted,budget,budget,budget,true,budget,all algorithms agree
budgeting,budget,budget,budget,true,budget,all algorithms agree
budgeting/planning,budgeting/plan,budgeting/plan,budgeting/plann,false,budgeting/plan;budgeting/plann,"algorithms diverge (lancaster, porter, snowball_english reduce this form)"
budgets,budget,budget,budget,true,budget,all algorithms agree
buffer,buffer,buffer,buff,false,buff;buffer,algorithms diverge (lancaster reduce this form)
buffered,buffer,buffer,buff,false,buff;buffer,"algorithms diverge (lancaster, porter, snowball_english reduce this form)"
buffering,buffer,buffer,buff,false,buff;buffer,"algorithms diverge (lancaster, porter, snowball_english reduce this form)"
buffers,buffer,buffer,buff,false,buff;buffer,"algorithms diverge (lancaster, porter, snowball_english reduce this form)"
build,build,build,build,true,build,all algorithms agree
build-operate-transfer,build-operate-transf,build-operate-transf,build-operate-transfer,false,build-operate-transf;build-operate-transfer,"algorithms diverge (porter, snowball_english reduce this form)"
build-outs,build-out,build-out,build-outs,false,build-out;build-outs,"algorithms diverge (porter, snowball_english reduce this form)"
build-up,build-up,build-up,build-up,true,build-up,all algorithms agree
builder,builder,builder,build,false,build;builder,algorithms diverge (lancaster reduce this form)
building,build,build,build,true,build,all algorithms agree
building-less,building-less,building-less,building-less,true,building-less,all algorithms agree
buildings,build,build,build,true,build,all algorithms agree
builds,build,build,build,true,build,all algorithms agree
built,built,built,built,true,built,all algorithms agree
built-,built-,built-,built-,true,built-,all algorithms agree
built-in,built-in,built-in,built-in,true,built-in,all algorithms agree
built-up,built-up,built-up,built-up,true,built-up,all algorithms agree
bulge,bulg,bulg,bulg,true,bulg,all algorithms agree
bulk,bulk,bulk,bulk,true,bulk,all algorithms agree
bulletin,bulletin,bulletin,bulletin,true,bulletin,all algorithms agree
bulletins,bulletin,bulletin,bulletin,true,bulletin,all algorithms agree
bullion,bullion,bullion,bul,false,bul;bullion,algorithms diverge (lancaster reduce this form)
bunch,bunch,bunch,bunch,true,bunch,all algorithms agree
bund,bund,bund,bund,true,bund,all algorithms agree
bundled,bundl,bundl,bundl,true,bundl,all algorithms agree
buoyancy,buoyanc,buoyanc,buoy,false,buoy;buoyanc,"algorithms diverge (lancaster, porter, snowball_english reduce this form)"
buoyant,buoyant,buoyant,buoy,false,buoy;buoyant,algorithms diverge (lancaster reduce this form)
buoyed,buoy,buoy,buoy,true,buoy,all algorithms agree
burden,burden,burden,burd,false,burd;burden,algorithms diverge (lancaster reduce this form)
burden.,burden.,burden.,burden.,true,burden.,all algorithms agree
burdening,burden,burden,burd,false,burd;burden,"algorithms diverge (lancaster, porter, snowball_english reduce this form)"
burdens,burden,burden,burd,false,burd;burden,"algorithms diverge (lancaster, porter, snowball_english reduce this form)"
burdensome,burdensom,burdensom,burdensom,true,burdensom,all algorithms agree
bureau,bureau,bureau,bureau,true,bureau,all algorithms agree
bureaucracies,bureaucraci,bureaucraci,bureaucr,false,bureaucr;bureaucraci,"algorithms diverge (lancaster, porter, snowball_english reduce this form)"
bureaucracy,bureaucraci,bureaucraci,bureaucr,false,bureaucr;bureaucraci,"algorithms diverge (lancaster, porter, snowball_english reduce this form)"
bureaucratic,bureaucrat,bureaucrat,bureaucr,false,bureaucr;bureaucrat,"algorithms diverge (lancaster, porter, snowball_english reduce this form)"
bureaucrats,bureaucrat,bureaucrat,bureaucr,false,bureaucr;bureaucrat,"algorithms diverge (lancaster, porter, snowball_english reduce this form)"
burgess,burgess,burgess,burgess,true,burgess,all algorithms agree
burn,burn,burn,burn,true,burn,all algorithms agree
burnout,burnout,burnout,burnout,true,burnout,all algorithms agree
bus,bu,bus,bus,false,bu;bus,algorithms diverge (porter reduce this form)
buses,buse,buse,bus,false,bus;buse,"algorithms diverge (lancaster, porter, snowball_english reduce this form)"
buses.,buses.,buses.,buses.,true,buses.,all algorithms agree
business,busi,busi,busy,false,busi;busy,"algorithms diverge (lancaster, porter, snowball_english reduce this form)"
business-friendly,business-friendli,business-friend,business-friendly,false,business-friend;business-friendli;business-friendly,"algorithms diverge (porter, snowball_english reduce this form)"
business-led,business-l,business-l,business-led,false,business-l;business-led,"algorithms diverge (porter, snowball_english reduce this form)"
business-related,business-rel,business-rel,business-related,false,business-rel;business-related,"algorithms diverge (porter, snowball_english reduce this form)"
business-unit,business-unit,business-unit,business-unit,true,business-unit,all algorithms agree
business.,business.,business.,business.,true,business.,all algorithms agree
businesses,busi,busi,busy,false,busi;busy,"algorithms diverge (lancaster, porter, snowball_english reduce this form)"
bust,bust,bust,bust,true,bust,all algorithms agree
busy,busi,busi,busy,false,busi;busy,"algorithms diverge (porter, snowball_english reduce this form)"
but,but,but,but,true,but,all algorithms agree
butter,butter,butter,but,false,but;butter,algorithms diverge (lancaster reduce this form)
buttons,button,button,button,true,button,all algorithms agree
buttressed,buttress,buttress,buttress,true,buttress,all algorithms agree
buy,buy,buy,buy,true,buy,all algorithms agree
buy-,buy-,buy-,buy-,true,buy-,all algorithms agree
buy-and-,buy-and-,buy-and-,buy-and-,true,buy-and-,all algorithms agree
buy-back,buy-back,buy-back,buy-back,true,buy-back,all algorithms agree
buy-in,buy-in,buy-in,buy-in,true,buy-in,all algorithms agree
buy-sell,buy-sel,buy-sel,buy-sell,false,buy-sel;buy-sell,"algorithms diverge (porter, snowball_english reduce this form)"
buyback,buyback,buyback,buyback,true,buyback,all algorithms agree
buybacks,buyback,buyback,buyback,true,buyback,all algorithms agree
buyer,buyer,buyer,buy,false,buy;buyer,algorithms diverge (lancaster reduce this form)
buyers,buyer,buyer,buy,false,buy;buyer,"algorithms diverge (lancaster, porter, snowball_english reduce this form)"
buying,buy,buy,buy,true,buy,all algorithms agree
bv,bv,bv,bv,true,bv,all algorithms agree
bvax,bvax,bvax,bvax,true,bvax,all algorithms agree
by,by,by,by,true,by,all algorithms agree
by-laws,by-law,by-law,by-laws,false,by-law;by-laws,"algorithms diverge (porter, snowball_english reduce this form)"
by-product,by-product,by-product,by-product,true,by-product,all algorithms agree
by-products,by-product,by-product,by-products,false,by-product;by-products,"algorithms diverge (porter, snowball_english reduce this form)"
by/,by/,by/,by/,true,by/,all algorithms agree
bye-laws,bye-law,bye-law,bye-laws,false,bye-law;bye-laws,"algorithms diverge (porter, snowball_english reduce this form)"
bylaws,bylaw,bylaw,bylaw,true,bylaw,all algorithms agree
bypass,bypass,bypass,bypass,true,bypass,all algorithms agree
bypasses,bypass,bypass,bypass,true,bypass,all algorithms agree
bypassing,bypass,bypass,bypass,true,bypass,all algorithms agree
byte,byte,byte,byt,false,byt;byte,algorithms diverge (lancaster reduce this form)
c,c,c,c,true,c,all algorithms agree
c+d+e,c+d+e,c+d+e,c+d+e,true,c+d+e,all algorithms agree
c-dac,c-dac,c-dac,c-dac,true,c-dac,all algorithms agree
c-flood,c-flood,c-flood,c-flood,true,c-flood,all algorithms agree
c-sac,c-sac,c-sac,c-sac,true,c-sac,all algorithms agree
c.,c.,c.,c.,true,c.,all algorithms agree
c.a,c.a,c.a,c.a,true,c.a,all algorithms agree
c.s,c.,c.s,c.s,false,c.;c.s,algorithms diverge (porter reduce this form)
ca,ca,ca,ca,true,ca,all algorithms agree
cab,cab,cab,cab,true,cab,all algorithms agree
cabi,cabi,cabi,cab,false,cab;cabi,algorithms diverge (lancaster reduce this form)
cabinet,cabinet,cabinet,cabinet,true,cabinet,all algorithms agree
cable,cabl,cabl,cabl,true,cabl,all algorithms agree
cacp,cacp,cacp,cacp,true,cacp,all algorithms agree
cad,cad,cad,cad,true,cad,all algorithms agree
cadestin,cadestin,cadestin,cadestin,true,cadestin,all algorithms agree
cadre,cadr,cadr,cadr,true,cadr,all algorithms agree
cads,cad,cad,cad,true,cad,all algorithms agree
caf,caf,caf,caf,true,caf,all algorithms agree
cafeteria,cafeteria,cafeteria,cafeter,false,cafeter;cafeteria,algorithms diverge (lancaster reduce this form)
cafés,café,café,café,true,café,all algorithms agree
cag,cag,cag,cag,true,cag,all algorithms agree
cagr,cagr,cagr,cagr,true,cagr,all algorithms agree
cake,cake,cake,cak,false,cak;cake,algorithms diverge (lancaster reduce this form)
calamities,calam,calam,calam,true,calam,all algorithms agree
calculate,calcul,calcul,calc,false,calc;calcul,"algorithms diverge (lancaster, porter, snowball_english reduce this form)"
calculated,calcul,calcul,calc,false,calc;calcul,"algorithms diverge (lancaster, porter, snowball_english reduce this form)"
calculating,calcul,calcul,calc,false,calc;calcul,"algorithms diverge (lancaster, porter, snowball_english reduce this form)"
calculation,calcul,calcul,calc,false,calc;calcul,"algorithms diverge (lancaster, porter, snowball_english reduce this form)"
calculations,calcul,calcul,calc,false,calc;calcul,"algorithms diverge (lancaster, porter, snowball_english reduce this form)"
calculators,calcul,calcul,calc,false,calc;calcul,"algorithms diverge (lancaster, porter, snowball_english reduce this form)"
calculus,calculu,calculus,calcul,false,calcul;calculu;calculus,"algorithms diverge (lancaster, porter reduce this form)"
calcutta,calcutta,calcutta,calcutt,false,calcutt;calcutta,algorithms diverge (lancaster reduce this form)
calendar,calendar,calendar,calend,false,calend;calendar,algorithms diverge (lancaster reduce this form)
calendars,calendar,calendar,calend,false,calend;calendar,"algorithms diverge (lancaster, porter, snowball_english reduce this form)"
calibrate,calibr,calibr,calibr,true,calibr,all algorithms agree
calibrated,calibr,calibr,calibr,true,calibr,all algorithms agree
calibrating,calibr,calibr,calibr,true,calibr,all algorithms agree
calibration,calibr,calibr,calibr,true,calibr,all algorithms agree
call,call,call,cal,false,cal;call,algorithms diverge (lancaster reduce this form)
called,call,call,cal,false,cal;call,"algorithms diverge (lancaster, porter, snowball_english reduce this form)"
callers,caller,caller,cal,false,cal;caller,"algorithms diverge (lancaster, porter, snowball_english reduce this form)"
calling,call,call,cal,false,cal;call,"algorithms diverge (lancaster, porter, snowball_english reduce this form)"
calls,call,call,cal,false,cal;call,"algorithms diverge (lancaster, porter, snowball_english reduce this form)"
calmette-guerin,calmette-guerin,calmette-guerin,calmette-guerin,true,calmette-guerin,all algorithms agree
calmly,calmli,calm,calm,false,calm;calmli,"algorithms diverge (lancaster, porter, snowball_english reduce this form)"
calorie,calori,calori,cal,false,cal;calori,"algorithms diverge (lancaster, porter, snowball_english reduce this form)"
calories,calori,calori,cal,false,cal;calori,"algorithms diverge (lancaster, porter, snowball_english reduce this form)"
cam,cam,cam,cam,true,cam,all algorithms agree
came,came,came,cam,false,cam;came,algorithms diverge (lancaster reduce this form)
camille,camil,camill,camil,false,camil;camill,"algorithms diverge (lancaster, porter, snowball_english reduce this form)"
camino,camino,camino,camino,true,camino,all algorithms agree
camp,camp,camp,camp,true,camp,all algorithms agree
campaign,campaign,campaign,campaign,true,campaign,all algorithms agree
campaigns,campaign,campaign,campaign,true,campaign,all algorithms agree
camps,camp,camp,camp,true,camp,all algorithms agree
campsites,campsit,campsit,campsit,true,campsit,all algorithms agree
campus,campu,campus,camp,false,camp;campu;campus,"algorithms diverge (lancaster, porter reduce this form)"
campuses,campus,campus,campus,true,campus,all algorithms agree
cams,cam,cam,cam,true,cam,all algorithms agree
can,can,can,can,true,can,all algorithms agree
canada,canada,canada,canad,false,canad;canada,algorithms diverge (lancaster reduce this form)
canara,canara,canara,canar,false,canar;canara,algorithms diverge (lancaster reduce this form)
canaries,canari,canari,can,false,can;canari,"algorithms diverge (lancaster, porter, snowball_english reduce this form)"
cancel,cancel,cancel,cancel,true,cancel,all algorithms agree
cancel-,cancel-,cancel-,cancel-,true,cancel-,all algorithms agree
cancellation,cancel,cancel,cancel,true,cancel,all algorithms agree
cancellation/,cancellation/,cancellation/,cancellation/,true,cancellation/,all algorithms agree
cancellations,cancel,cancel,cancel,true,cancel,all algorithms agree
cancellations/,cancellations/,cancellations/,cancellations/,true,cancellations/,all algorithms agree
cancelled,cancel,cancel,cancel,true,cancel,all algorithms agree
cancer,cancer,cancer,cant,false,cancer;cant,algorithms diverge (lancaster reduce this form)
cancers,cancer,cancer,cant,false,cancer;cant,"algorithms diverge (lancaster, porter, snowball_english reduce this form)"
candid,candid,candid,candid,true,candid,all algorithms agree
candidate,candid,candid,candid,true,candid,all algorithms agree
candidates,candid,candid,candid,true,candid,all algorithms agree
candidly,candidli,candid,candid,false,candid;candidli,"algorithms diverge (lancaster, porter, snowball_english reduce this form)"
candour,candour,candour,cando,false,cando;candour,algorithms diverge (lancaster reduce this form)
cane,cane,cane,can,false,can;cane,algorithms diverge (lancaster reduce this form)
cani,cani,cani,can,false,can;cani,algorithms diverge (lancaster reduce this form)
canvas,canva,canva,canva,true,canva,all algorithms agree
cao,cao,cao,cao,true,cao,all algorithms agree
cap,cap,cap,cap,true,cap,all algorithms agree
cap-and-trade,cap-and-trad,cap-and-trad,cap-and-trade,false,cap-and-trad;cap-and-trade,"algorithms diverge (porter, snowball_english reduce this form)"
capabilities,capabl,capabl,cap,false,cap;capabl,"algorithms diverge (lancaster, porter, snowball_english reduce this form)"
capabilities.,capabilities.,capabilities.,capabilities.,true,capabilities.,all algorithms agree
capability,capabl,capabl,cap,false,cap;capabl,"algorithms diverge (lancaster, porter, snowball_english reduce this form)"
capability-building,capability-build,capability-build,capability-building,false,capability-build;capability-building,"algorithms diverge (porter, snowball_english reduce this form)"
capability-driven,capability-driven,capability-driven,capability-driven,true,capability-driven,all algorithms agree
capability-enhancing,capability-enhanc,capability-enhanc,capability-enhancing,false,capability-enhanc;capability-enhancing,"algorithms diverge (porter, snowball_english reduce this form)"
capability-intensive,capability-intens,capability-intens,capability-intensive,false,capability-intens;capability-intensive,"algorithms diverge (porter, snowball_english reduce this form)"
capability.,capability.,capability.,capability.,true,capability.,all algorithms agree
capable,capabl,capabl,cap,false,cap;capabl,"algorithms diverge (lancaster, porter, snowball_english reduce this form)"
capacities,capac,capac,capac,true,capac,all algorithms agree
capacities.,capacities.,capacities.,capacities.,true,capacities.,all algorithms agree
capacity,capac,capac,capac,true,capac,all algorithms agree
capacity-,capacity-,capacity-,capacity-,true,capacity-,all algorithms agree
capacity-building,capacity-build,capacity-build,capacity-building,false,capacity-build;capacity-building,"algorithms diverge (porter, snowball_english reduce this form)"
capacity-sensitive,capacity-sensit,capacity-sensit,capacity-sensitive,false,capacity-sensit;capacity-sensitive,"algorithms diverge (porter, snowball_english reduce this form)"
capacity.,capacity.,capacity.,capacity.,true,capacity.,all algorithms agree
capex,capex,capex,capex,true,capex,all algorithms agree
capi,capi,capi,cap,false,cap;capi,algorithms diverge (lancaster reduce this form)
capios,capio,capio,capio,true,capio,all algorithms agree
capita,capita,capita,capit,false,capit;capita,algorithms diverge (lancaster reduce this form)
capita.,capita.,capita.,capita.,true,capita.,all algorithms agree
capital,capit,capit,capit,true,capit,all algorithms agree
capital-,capital-,capital-,capital-,true,capital-,all algorithms agree
capital-intensive,capital-intens,capital-intens,capital-intensive,false,capital-intens;capital-intensive,"algorithms diverge (porter, snowball_english reduce this form)"
capital-labour,capital-labour,capital-labour,capital-labour,true,capital-labour,all algorithms agree
capital-market,capital-market,capital-market,capital-market,true,capital-market,all algorithms agree
capital-raising,capital-rais,capital-rais,capital-raising,false,capital-rais;capital-raising,"algorithms diverge (porter, snowball_english reduce this form)"
capital-scarce,capital-scarc,capital-scarc,capital-scarce,false,capital-scarc;capital-scarce,"algorithms diverge (porter, snowball_english reduce this form)"
capital-value,capital-valu,capital-valu,capital-value,false,capital-valu;capital-value,"algorithms diverge (porter, snowball_english reduce this form)"
capitalisation,capitalis,capitalis,capit,false,capit;capitalis,"algorithms diverge (lancaster, porter, snowball_english reduce this form)"
capitalisation-to-gdp,capitalisation-to-gdp,capitalisation-to-gdp,capitalisation-to-gdp,true,capitalisation-to-gdp,all algorithms agree
capitalise,capitalis,capitalis,capit,false,capit;capitalis,"algorithms diverge (lancaster, porter, snowball_english reduce this form)"
capitalises,capitalis,capitalis,capit,false,capit;capitalis,"algorithms diverge (lancaster, porter, snowball_english reduce this form)"
capitalists,capitalist,capitalist,capit,false,capit;capitalist,"algorithms diverge (lancaster, porter, snowball_english reduce this form)"
capitalization,capit,capit,capit,true,capit,all algorithms agree
capitalize,capit,capit,capit,true,capit,all algorithms agree
capped,cap,cap,cap,true,cap,all algorithms agree
caps,cap,cap,cap,true,cap,all algorithms agree
captain,captain,captain,captain,true,captain,all algorithms agree
captive,captiv,captiv,capt,false,capt;captiv,"algorithms diverge (lancaster, porter, snowball_english reduce this form)"
capture,captur,captur,capt,false,capt;captur,"algorithms diverge (lancaster, porter, snowball_english reduce this form)"
captured,captur,captur,capt,false,capt;captur,"algorithms diverge (lancaster, porter, snowball_english reduce this form)"
captures,captur,captur,capt,false,capt;captur,"algorithms diverge (lancaster, porter, snowball_english reduce this form)"
capturing,captur,captur,capt,false,capt;captur,"algorithms diverge (lancaster, porter, snowball_english reduce this form)"
car,car,car,car,true,car,all algorithms agree
carbohydrate,carbohydr,carbohydr,carbohydr,true,carbohydr,all algorithms agree
carbon,carbon,carbon,carbon,true,carbon,all algorithms agree
carbon-neutral,carbon-neutr,carbon-neutr,carbon-neutral,false,carbon-neutr;carbon-neutral,"algorithms diverge (porter, snowball_english reduce this form)"
card,card,card,card,true,card,all algorithms agree
cardamom,cardamom,cardamom,cardamom,true,cardamom,all algorithms agree
cardiac,cardiac,cardiac,cardiac,true,cardiac,all algorithms agree
cardiopulmonary,cardiopulmonari,cardiopulmonari,cardiopulmon,false,cardiopulmon;cardiopulmonari,"algorithms diverge (lancaster, porter, snowball_english reduce this form)"
cardiovascular,cardiovascular,cardiovascular,cardiovascul,false,cardiovascul;cardiovascular,algorithms diverge (lancaster reduce this form)
cards,card,card,card,true,card,all algorithms agree
care,care,care,car,false,car;care,algorithms diverge (lancaster reduce this form)
careedge,careedg,careedg,careedg,true,careedg,all algorithms agree
career,career,career,car,false,car;career,algorithms diverge (lancaster reduce this form)
career-ready,career-readi,career-readi,career-ready,false,career-readi;career-ready,"algorithms diverge (porter, snowball_english reduce this form)"
careers,career,career,car,false,car;career,"algorithms diverge (lancaster, porter, snowball_english reduce this form)"
careful,care,care,car,false,car;care,"algorithms diverge (lancaster, porter, snowball_english reduce this form)"
carefully,care,care,car,false,car;care,"algorithms diverge (lancaster, porter, snowball_english reduce this form)"
caregive,careg,careg,careg,true,careg,all algorithms agree
caregiver,caregiv,caregiv,careg,false,careg;caregiv,"algorithms diverge (lancaster, porter, snowball_english reduce this form)"
caregivers,caregiv,caregiv,careg,false,careg;caregiv,"algorithms diverge (lancaster, porter, snowball_english reduce this form)"
caregiving,caregiv,caregiv,careg,false,careg;caregiv,"algorithms diverge (lancaster, porter, snowball_english reduce this form)"
cargo,cargo,cargo,cargo,true,cargo,all algorithms agree
caribbean,caribbean,caribbean,carib,false,carib;caribbean,algorithms diverge (lancaster reduce this form)
caring,care,care,car,false,car;care,"algorithms diverge (lancaster, porter, snowball_english reduce this form)"
carpets,carpet,carpet,carpet,true,carpet,all algorithms agree
carpooling,carpool,carpool,carpool,true,carpool,all algorithms agree
carriage,carriag,carriag,carry,false,carriag;carry,"algorithms diverge (lancaster, porter, snowball_english reduce this form)"
carried,carri,carri,carry,false,carri;carry,"algorithms diverge (lancaster, porter, snowball_english reduce this form)"
carrier-shipper,carrier-shipp,carrier-shipp,carrier-shipp,true,carrier-shipp,all algorithms agree
carriers,carrier,carrier,carry,false,carrier;carry,"algorithms diverge (lancaster, porter, snowball_english reduce this form)"
carries,carri,carri,carry,false,carri;carry,"algorithms diverge (lancaster, porter, snowball_english reduce this form)"
carrots,carrot,carrot,carrot,true,carrot,all algorithms agree
carry,carri,carri,carry,false,carri;carry,"algorithms diverge (porter, snowball_english reduce this form)"
carry-forward,carry-forward,carry-forward,carry-forward,true,carry-forward,all algorithms agree
carrying,carri,carri,carry,false,carri;carry,"algorithms diverge (lancaster, porter, snowball_english reduce this form)"
cars,car,car,car,true,car,all algorithms agree
cartosat,cartosat,cartosat,cartos,false,cartos;cartosat,algorithms diverge (lancaster reduce this form)
carve-out,carve-out,carve-out,carve-out,true,carve-out,all algorithms agree
carve-outs,carve-out,carve-out,carve-outs,false,carve-out;carve-outs,"algorithms diverge (porter, snowball_english reduce this form)"
cas,ca,cas,cas,false,ca;cas,algorithms diverge (porter reduce this form)
casa,casa,casa,cas,false,cas;casa,algorithms diverge (lancaster reduce this form)
cascading,cascad,cascad,cascad,true,cascad,all algorithms agree
case,case,case,cas,false,cas;case,algorithms diverge (lancaster reduce this form)
case-by-case,case-by-cas,case-by-cas,case-by-cas,true,case-by-cas,all algorithms agree
case-specific,case-specif,case-specif,case-specific,false,case-specif;case-specific,"algorithms diverge (porter, snowball_english reduce this form)"
cases,case,case,cas,false,cas;case,"algorithms diverge (lancaster, porter, snowball_english reduce this form)"
cash,cash,cash,cash,true,cash,all algorithms agree
cash-flow,cash-flow,cash-flow,cash-flow,true,cash-flow,all algorithms agree
cash-flow-based,cash-flow-bas,cash-flow-bas,cash-flow-based,false,cash-flow-bas;cash-flow-based,"algorithms diverge (porter, snowball_english reduce this form)"
cash-in,cash-in,cash-in,cash-in,true,cash-in,all algorithms agree
cash-rich,cash-rich,cash-rich,cash-rich,true,cash-rich,all algorithms agree
cashflows,cashflow,cashflow,cashflow,true,cashflow,all algorithms agree
cashlessness,cashless,cashless,cashless,true,cashless,all algorithms agree
cast,cast,cast,cast,true,cast,all algorithms agree
caste,cast,cast,cast,true,cast,all algorithms agree
caste-based,caste-bas,caste-bas,caste-based,false,caste-bas;caste-based,"algorithms diverge (porter, snowball_english reduce this form)"
casted,cast,cast,cast,true,cast,all algorithms agree
castes,cast,cast,cast,true,cast,all algorithms agree
castings,cast,cast,cast,true,cast,all algorithms agree
castor,castor,castor,cast,false,cast;castor,algorithms diverge (lancaster reduce this form)
casts,cast,cast,cast,true,cast,all algorithms agree
casual,casual,casual,cas,false,cas;casual,algorithms diverge (lancaster reduce this form)
casual/,casual/,casual/,casual/,true,casual/,all algorithms agree
casualty,casualti,casualti,casual,false,casual;casualti,"algorithms diverge (lancaster, porter, snowball_english reduce this form)"
catalyse,catalys,catalys,catalys,true,catalys,all algorithms agree
catalysed,catalys,catalys,catalys,true,catalys,all algorithms agree
catalysing,catalys,catalys,catalys,true,catalys,all algorithms agree
catalyst,catalyst,catalyst,catalyst,true,catalyst,all algorithms agree
catalysts,catalyst,catalyst,catalyst,true,catalyst,all algorithms agree
catalytic,catalyt,catalyt,catalys,false,catalys;catalyt,"algorithms diverge (lancaster, porter, snowball_english reduce this form)"
catapult,catapult,catapult,catapult,true,catapult,all algorithms agree
catastrophic,catastroph,catastroph,catastroph,true,catastroph,all algorithms agree
catch,catch,catch,catch,true,catch,all algorithms agree
catch-up,catch-up,catch-up,catch-up,true,catch-up,all algorithms agree
catchment,catchment,catchment,catch,false,catch;catchment,algorithms diverge (lancaster reduce this form)
catchments-umiew,catchments-umiew,catchments-umiew,catchments-umiew,true,catchments-umiew,all algorithms agree
catego-,catego-,catego-,catego-,true,catego-,all algorithms agree
categorically,categor,categor,categ,false,categ;categor,"algorithms diverge (lancaster, porter, snowball_english reduce this form)"
categories,categori,categori,categ,false,categ;categori,"algorithms diverge (lancaster, porter, snowball_english reduce this form)"
categories.,categories.,categories.,categories.,true,categories.,all algorithms agree
categorisation,categoris,categoris,categ,false,categ;categoris,"algorithms diverge (lancaster, porter, snowball_english reduce this form)"
categorised,categoris,categoris,categ,false,categ;categoris,"algorithms diverge (lancaster, porter, snowball_english reduce this form)"
categorises,categoris,categoris,categ,false,categ;categoris,"algorithms diverge (lancaster, porter, snowball_english reduce this form)"
categorising,categoris,categoris,categ,false,categ;categoris,"algorithms diverge (lancaster, porter, snowball_english reduce this form)"
categorization,categor,categor,categ,false,categ;categor,"algorithms diverge (lancaster, porter, snowball_english reduce this form)"
categorized,categor,categor,categ,false,categ;categor,"algorithms diverge (lancaster, porter, snowball_english reduce this form)"
category,categori,categori,categ,false,categ;categori,"algorithms diverge (lancaster, porter, snowball_english reduce this form)"
category-,category-,category-,category-,true,category-,all algorithms agree
category-which,category-which,category-which,category-which,true,category-which,all algorithms agree
category-wise,category-wis,category-wis,category-wise,false,category-wis;category-wise,"algorithms diverge (porter, snowball_english reduce this form)"
category.,category.,category.,category.,true,category.,all algorithms agree
cater,cater,cater,cat,false,cat;cater,algorithms diverge (lancaster reduce this form)
catering,cater,cater,cat,false,cat;cater,"algorithms diverge (lancaster, porter, snowball_english reduce this form)"
caterpillar,caterpillar,caterpillar,caterpill,false,caterpill;caterpillar,algorithms diverge (lancaster reduce this form)
caters,cater,cater,cat,false,cat;cater,"algorithms diverge (lancaster, porter, snowball_english reduce this form)"
cattle,cattl,cattl,cattl,true,cattl,all algorithms agree
cau,cau,cau,cau,true,cau,all algorithms agree
causal,causal,causal,caus,false,caus;causal,algorithms diverge (lancaster reduce this form)
causality,causal,causal,caus,false,caus;causal,"algorithms diverge (lancaster, porter, snowball_english reduce this form)"
cause,caus,caus,caus,true,caus,all algorithms agree
cause-solution,cause-solut,cause-solut,cause-solution,false,cause-solut;cause-solution,"algorithms diverge (porter, snowball_english reduce this form)"
caused,caus,caus,caus,true,caus,all algorithms agree
causes,caus,caus,caus,true,caus,all algorithms agree
causing,caus,caus,caus,true,caus,all algorithms agree
caution,caution,caution,caut,false,caut;caution,algorithms diverge (lancaster reduce this form)
caution.,caution.,caution.,caution.,true,caution.,all algorithms agree
cautionary,cautionari,cautionari,caut,false,caut;cautionari,"algorithms diverge (lancaster, porter, snowball_english reduce this form)"
cautioning,caution,caution,caut,false,caut;caution,"algorithms diverge (lancaster, porter, snowball_english reduce this form)"
cautions,caution,caution,caut,false,caut;caution,"algorithms diverge (lancaster, porter, snowball_english reduce this form)"
cautious,cautiou,cautious,cauty,false,cautiou;cautious;cauty,"algorithms diverge (lancaster, porter reduce this form)"
cayman,cayman,cayman,caym,false,caym;cayman,algorithms diverge (lancaster reduce this form)
cbam,cbam,cbam,cbam,true,cbam,all algorithms agree
cbd,cbd,cbd,cbd,true,cbd,all algorithms agree
cbdd,cbdd,cbdd,cbdd,true,cbdd,all algorithms agree
cbdt,cbdt,cbdt,cbdt,true,cbdt,all algorithms agree
cbg,cbg,cbg,cbg,true,cbg,all algorithms agree
cbi,cbi,cbi,cbi,true,cbi,all algorithms agree
cboe,cboe,cboe,cbo,false,cbo;cboe,algorithms diverge (lancaster reduce this form)
cbr,cbr,cbr,cbr,true,cbr,all algorithms agree
cbse,cbse,cbse,cbse,true,cbse,all algorithms agree
cc,cc,cc,cc,true,cc,all algorithms agree
cccs,ccc,cccs,cccs,false,ccc;cccs,algorithms diverge (porter reduce this form)
cci,cci,cci,cci,true,cci,all algorithms agree
ccpa,ccpa,ccpa,ccpa,true,ccpa,all algorithms agree
ccs,cc,ccs,ccs,false,cc;ccs,algorithms diverge (porter reduce this form)
ccs-,ccs-,ccs-,ccs-,true,ccs-,all algorithms agree
ccts,cct,ccts,ccts,false,cct;ccts,algorithms diverge (porter reduce this form)
cctv,cctv,cctv,cctv,true,cctv,all algorithms agree
ccus,ccu,ccus,ccu,false,ccu;ccus,"algorithms diverge (lancaster, porter reduce this form)"
cd,cd,cd,cd,true,cd,all algorithms agree
cdac-mohali,cdac-mohali,cdac-mohali,cdac-mohali,true,cdac-mohali,all algorithms agree
cdeb,cdeb,cdeb,cdeb,true,cdeb,all algorithms agree
cdmdf,cdmdf,cdmdf,cdmdf,true,cdmdf,all algorithms agree
cdp,cdp,cdp,cdp,true,cdp,all algorithms agree
cds,cd,cds,cds,false,cd;cds,algorithms diverge (porter reduce this form)
cdsl,cdsl,cdsl,cdsl,true,cdsl,all algorithms agree
ce,ce,ce,ce,true,ce,all algorithms agree
cea,cea,cea,cea,true,cea,all algorithms agree
cease,ceas,ceas,ceas,true,ceas,all algorithms agree
cease-and-desist,cease-and-desist,cease-and-desist,cease-and-desist,true,cease-and-desist,all algorithms agree
ceasefire,ceasefir,ceasefir,ceasefir,true,ceasefir,all algorithms agree
ceew,ceew,ceew,ceew,true,ceew,all algorithms agree
cefcom,cefcom,cefcom,cefcom,true,cefcom,all algorithms agree
cefcs,cefc,cefc,cefc,true,cefc,all algorithms agree
ceib,ceib,ceib,ceib,true,ceib,all algorithms agree
ceiling,ceil,ceil,ceil,true,ceil,all algorithms agree
celebrate,celebr,celebr,celebr,true,celebr,all algorithms agree
celebrated,celebr,celebr,celebr,true,celebr,all algorithms agree
celebration,celebr,celebr,celebr,true,celebr,all algorithms agree
celebrations,celebr,celebr,celebr,true,celebr,all algorithms agree
celebrity,celebr,celebr,celebr,true,celebr,all algorithms agree
celic,celic,celic,cel,false,cel;celic,algorithms diverge (lancaster reduce this form)
cell,cell,cell,cel,false,cel;cell,algorithms diverge (lancaster reduce this form)
cells,cell,cell,cel,false,cel;cell,"algorithms diverge (lancaster, porter, snowball_english reduce this form)"
cement,cement,cement,cem,false,cem;cement,algorithms diverge (lancaster reduce this form)
cements,cement,cement,cem,false,cem;cement,"algorithms diverge (lancaster, porter, snowball_english reduce this form)"
cems,cem,cem,cem,true,cem,all algorithms agree
censure,censur,censur,cens,false,cens;censur,"algorithms diverge (lancaster, porter, snowball_english reduce this form)"
census,censu,census,cens,false,cens;censu;census,"algorithms diverge (lancaster, porter reduce this form)"
censuses,census,census,census,true,census,all algorithms agree
cent,cent,cent,cent,true,cent,all algorithms agree
cente,cent,cent,cent,true,cent,all algorithms agree
center,center,center,cent,false,cent;center,algorithms diverge (lancaster reduce this form)
centered,center,center,cent,false,cent;center,"algorithms diverge (lancaster, porter, snowball_english reduce this form)"
centering,center,center,cent,false,cent;center,"algorithms diverge (lancaster, porter, snowball_english reduce this form)"
centers,center,center,cent,false,cent;center,"algorithms diverge (lancaster, porter, snowball_english reduce this form)"
centimetre,centimetr,centimetr,centimet,false,centimet;centimetr,"algorithms diverge (lancaster, porter, snowball_english reduce this form)"
central,central,central,cent,false,cent;central,algorithms diverge (lancaster reduce this form)
centralisation,centralis,centralis,cent,false,cent;centralis,"algorithms diverge (lancaster, porter, snowball_english reduce this form)"
centralised,centralis,centralis,cent,false,cent;centralis,"algorithms diverge (lancaster, porter, snowball_english reduce this form)"
centralized,central,central,cent,false,cent;central,"algorithms diverge (lancaster, porter, snowball_english reduce this form)"
centralizing,central,central,cent,false,cent;central,"algorithms diverge (lancaster, porter, snowball_english reduce this form)"
centrally,central,central,cent,false,cent;central,"algorithms diverge (lancaster, porter, snowball_english reduce this form)"
centre,centr,centr,cent,false,cent;centr,"algorithms diverge (lancaster, porter, snowball_english reduce this form)"
centre-health,centre-health,centre-health,centre-health,true,centre-health,all algorithms agree
centre-state,centre-st,centre-st,centre-stat,false,centre-st;centre-stat,"algorithms diverge (lancaster, porter, snowball_english reduce this form)"
centre/ai,centre/ai,centre/ai,centre/ai,true,centre/ai,all algorithms agree
centred,centr,centr,cent,false,cent;centr,"algorithms diverge (lancaster, porter, snowball_english reduce this form)"
centrepiece,centrepiec,centrepiec,centrepiec,true,centrepiec,all algorithms agree
centres,centr,centr,cent,false,cent;centr,"algorithms diverge (lancaster, porter, snowball_english reduce this form)"
centres.,centres.,centres.,centres.,true,centres.,all algorithms agree
centric,centric,centric,cent,false,cent;centric,algorithms diverge (lancaster reduce this form)
centuries,centuri,centuri,century,false,centuri;century,"algorithms diverge (lancaster, porter, snowball_english reduce this form)"
century,centuri,centuri,century,false,centuri;century,"algorithms diverge (porter, snowball_english reduce this form)"
cenvat,cenvat,cenvat,cenv,false,cenv;cenvat,algorithms diverge (lancaster reduce this form)
ceo,ceo,ceo,ceo,true,ceo,all algorithms agree
cepa,cepa,cepa,cep,false,cep;cepa,algorithms diverge (lancaster reduce this form)
cer,cer,cer,cer,true,cer,all algorithms agree
cerc,cerc,cerc,cerc,true,cerc,all algorithms agree
cereal,cereal,cereal,cer,false,cer;cereal,algorithms diverge (lancaster reduce this form)
cereals,cereal,cereal,cer,false,cer;cereal,"algorithms diverge (lancaster, porter, snowball_english reduce this form)"
ceremony,ceremoni,ceremoni,ceremony,false,ceremoni;ceremony,"algorithms diverge (porter, snowball_english reduce this form)"
cers,cer,cer,cer,true,cer,all algorithms agree
cert-in,cert-in,cert-in,cert-in,true,cert-in,all algorithms agree
certain,certain,certain,certain,true,certain,all algorithms agree
certainty,certainti,certainti,certainty,false,certainti;certainty,"algorithms diverge (porter, snowball_english reduce this form)"
certificate,certif,certif,cert,false,cert;certif,"algorithms diverge (lancaster, porter, snowball_english reduce this form)"
certificates,certif,certif,cert,false,cert;certif,"algorithms diverge (lancaster, porter, snowball_english reduce this form)"
certification,certif,certif,cert,false,cert;certif,"algorithms diverge (lancaster, porter, snowball_english reduce this form)"
certifications,certif,certif,cert,false,cert;certif,"algorithms diverge (lancaster, porter, snowball_english reduce this form)"
certified,certifi,certifi,cert,false,cert;certifi,"algorithms diverge (lancaster, porter, snowball_english reduce this form)"
certifier,certifi,certifi,cert,false,cert;certifi,"algorithms diverge (lancaster, porter, snowball_english reduce this form)"
certify,certifi,certifi,cert,false,cert;certifi,"algorithms diverge (lancaster, porter, snowball_english reduce this form)"
cess,cess,cess,cess,true,cess,all algorithms agree
cesses,cess,cess,cess,true,cess,all algorithms agree
ceta,ceta,ceta,cet,false,cet;ceta,algorithms diverge (lancaster reduce this form)
cfa,cfa,cfa,cfa,true,cfa,all algorithms agree
cfcs,cfc,cfcs,cfcs,false,cfc;cfcs,algorithms diverge (porter reduce this form)
cfi,cfi,cfi,cfi,true,cfi,all algorithms agree
cfos,cfo,cfos,cfo,false,cfo;cfos,"algorithms diverge (lancaster, porter reduce this form)"
cg,cg,cg,cg,true,cg,all algorithms agree
cgfssd,cgfssd,cgfssd,cgfssd,true,cgfssd,all algorithms agree
cgm,cgm,cgm,cgm,true,cgm,all algorithms agree
cgs,cg,cgs,cgs,false,cg;cgs,algorithms diverge (porter reduce this form)
cgst,cgst,cgst,cgst,true,cgst,all algorithms agree
cgtmse,cgtmse,cgtmse,cgtmse,true,cgtmse,all algorithms agree
ch,ch,ch,ch,true,ch,all algorithms agree
chaduvula,chaduvula,chaduvula,chaduvul,false,chaduvul;chaduvula,algorithms diverge (lancaster reduce this form)
chaebol,chaebol,chaebol,chaebol,true,chaebol,all algorithms agree
chain,chain,chain,chain,true,chain,all algorithms agree
chain-based,chain-bas,chain-bas,chain-based,false,chain-bas;chain-based,"algorithms diverge (porter, snowball_english reduce this form)"
chains,chain,chain,chain,true,chain,all algorithms agree
chains.,chains.,chains.,chains.,true,chains.,all algorithms agree
chair,chair,chair,chair,true,chair,all algorithms agree
chaired,chair,chair,chair,true,chair,all algorithms agree
chairman,chairman,chairman,chairm,false,chairm;chairman,algorithms diverge (lancaster reduce this form)
chairmanship,chairmanship,chairmanship,chairm,false,chairm;chairmanship,algorithms diverge (lancaster reduce this form)
chairperson,chairperson,chairperson,chairperson,true,chairperson,all algorithms agree
chairs,chair,chair,chair,true,chair,all algorithms agree
chakra,chakra,chakra,chakr,false,chakr;chakra,algorithms diverge (lancaster reduce this form)
chalein,chalein,chalein,chalein,true,chalein,all algorithms agree
challans,challan,challan,chal,false,chal;challan,"algorithms diverge (lancaster, porter, snowball_english reduce this form)"
challenge,challeng,challeng,challeng,true,challeng,all algorithms agree
challenge-,challenge-,challenge-,challenge-,true,challenge-,all algorithms agree
challenge-based,challenge-bas,challenge-bas,challenge-based,false,challenge-bas;challenge-based,"algorithms diverge (porter, snowball_english reduce this form)"
challenge-root,challenge-root,challenge-root,challenge-root,true,challenge-root,all algorithms agree
challenged,challeng,challeng,challeng,true,challeng,all algorithms agree
challenges,challeng,challeng,challeng,true,challeng,all algorithms agree
challenges.,challenges.,challenges.,challenges.,true,challenges.,all algorithms agree
challenging,challeng,challeng,challeng,true,challeng,all algorithms agree
champagne,champagn,champagn,champagn,true,champagn,all algorithms agree
champion,champion,champion,champ,false,champ;champion,algorithms diverge (lancaster reduce this form)
champions,champion,champion,champ,false,champ;champion,"algorithms diverge (lancaster, porter, snowball_english reduce this form)"
chana,chana,chana,chan,false,chan;chana,algorithms diverge (lancaster reduce this form)
chance,chanc,chanc,chant,false,chanc;chant,"algorithms diverge (lancaster, porter, snowball_english reduce this form)"
chancellors,chancellor,chancellor,chancel,false,chancel;chancellor,"algorithms diverge (lancaster, porter, snowball_english reduce this form)"
chances,chanc,chanc,chant,false,chanc;chant,"algorithms diverge (lancaster, porter, snowball_english reduce this form)"
chand,chand,chand,chand,true,chand,all algorithms agree
chandar,chandar,chandar,chand,false,chand;chandar,algorithms diverge (lancaster reduce this form)
chandigarh,chandigarh,chandigarh,chandigarh,true,chandigarh,all algorithms agree
chandra,chandra,chandra,chandr,false,chandr;chandra,algorithms diverge (lancaster reduce this form)
chandrakant,chandrak,chandrak,chandrak,true,chandrak,all algorithms agree
chandrayaan,chandrayaan,chandrayaan,chandraya,false,chandraya;chandrayaan,algorithms diverge (lancaster reduce this form)
chandrika,chandrika,chandrika,chandrik,false,chandrik;chandrika,algorithms diverge (lancaster reduce this form)
change,chang,chang,chang,true,chang,all algorithms agree
change-in-law,change-in-law,change-in-law,change-in-law,true,change-in-law,all algorithms agree
change.,change.,change.,change.,true,change.,all algorithms agree
changed,chang,chang,chang,true,chang,all algorithms agree
changes,chang,chang,chang,true,chang,all algorithms agree
changing,chang,chang,chang,true,chang,all algorithms agree
channel,channel,channel,channel,true,channel,all algorithms agree
channelising,channelis,channelis,channel,false,channel;channelis,"algorithms diverge (lancaster, porter, snowball_english reduce this form)"
channelization,channel,channel,channel,true,channel,all algorithms agree
channelizing,channel,channel,channel,true,channel,all algorithms agree
channelled,channel,channel,channel,true,channel,all algorithms agree
channelling,channel,channel,channel,true,channel,all algorithms agree
channels,channel,channel,channel,true,channel,all algorithms agree
chaos,chao,chao,chao,true,chao,all algorithms agree
chaotic,chaotic,chaotic,chaot,false,chaot;chaotic,algorithms diverge (lancaster reduce this form)
chapte,chapt,chapt,chapt,true,chapt,all algorithms agree
chapter,chapter,chapter,chapt,false,chapt;chapter,algorithms diverge (lancaster reduce this form)
chapters,chapter,chapter,chapt,false,chapt;chapter,"algorithms diverge (lancaster, porter, snowball_english reduce this form)"
character,charact,charact,charact,true,charact,all algorithms agree
characterisation,characteris,characteris,charact,false,charact;characteris,"algorithms diverge (lancaster, porter, snowball_english reduce this form)"
characterise,characteris,characteris,charact,false,charact;characteris,"algorithms diverge (lancaster, porter, snowball_english reduce this form)"
characterised,characteris,characteris,charact,false,charact;characteris,"algorithms diverge (lancaster, porter, snowball_english reduce this form)"
characteristic,characterist,characterist,charact,false,charact;characterist,"algorithms diverge (lancaster, porter, snowball_english reduce this form)"
characteristics,characterist,characterist,charact,false,charact;characterist,"algorithms diverge (lancaster, porter, snowball_english reduce this form)"
characterized,character,character,charact,false,charact;character,"algorithms diverge (lancaster, porter, snowball_english reduce this form)"
charge,charg,charg,charg,true,charg,all algorithms agree
charged,charg,charg,charg,true,charg,all algorithms agree
chargers,charger,charger,charg,false,charg;charger,"algorithms diverge (lancaster, porter, snowball_english reduce this form)"
charges,charg,charg,charg,true,charg,all algorithms agree
charging,charg,charg,charg,true,charg,all algorithms agree
chart,chart,chart,chart,true,chart,all algorithms agree
charter,charter,charter,chart,false,chart;charter,algorithms diverge (lancaster reduce this form)
chartered,charter,charter,chart,false,chart;charter,"algorithms diverge (lancaster, porter, snowball_english reduce this form)"
charters,charter,charter,chart,false,chart;charter,"algorithms diverge (lancaster, porter, snowball_english reduce this form)"
charting,chart,chart,chart,true,chart,all algorithms agree
charts,chart,chart,chart,true,chart,all algorithms agree
chartx.,chartx.,chartx.,chartx.,true,chartx.,all algorithms agree
charty,charti,charti,charty,false,charti;charty,"algorithms diverge (porter, snowball_english reduce this form)"
chase,chase,chase,chas,false,chas;chase,algorithms diverge (lancaster reduce this form)
chat,chat,chat,chat,true,chat,all algorithms agree
chatbot,chatbot,chatbot,chatbot,true,chatbot,all algorithms agree
chatbots,chatbot,chatbot,chatbot,true,chatbot,all algorithms agree
chatgpt,chatgpt,chatgpt,chatgpt,true,chatgpt,all algorithms agree
chattopadhyay,chattopadhyay,chattopadhyay,chattopadhyay,true,chattopadhyay,all algorithms agree
chaturvedi,chaturvedi,chaturvedi,chaturved,false,chaturved;chaturvedi,algorithms diverge (lancaster reduce this form)
chaudhuri,chaudhuri,chaudhuri,chaudhur,false,chaudhur;chaudhuri,algorithms diverge (lancaster reduce this form)
chaur,chaur,chaur,cha,false,cha;chaur,algorithms diverge (lancaster reduce this form)
chcs,chc,chcs,chcs,false,chc;chcs,algorithms diverge (porter reduce this form)
cheap,cheap,cheap,cheap,true,cheap,all algorithms agree
cheaper,cheaper,cheaper,cheap,false,cheap;cheaper,algorithms diverge (lancaster reduce this form)
checherita-westphal,checherita-westph,checherita-westph,checherita-westphal,false,checherita-westph;checherita-westphal,"algorithms diverge (porter, snowball_english reduce this form)"
check,check,check,check,true,check,all algorithms agree
check-posts,check-post,check-post,check-posts,false,check-post;check-posts,"algorithms diverge (porter, snowball_english reduce this form)"
check-up,check-up,check-up,check-up,true,check-up,all algorithms agree
check-ups,check-up,check-up,check-ups,false,check-up;check-ups,"algorithms diverge (porter, snowball_english reduce this form)"
checkbox,checkbox,checkbox,checkbox,true,checkbox,all algorithms agree
checked,check,check,check,true,check,all algorithms agree
checklist,checklist,checklist,checkl,false,checkl;checklist,algorithms diverge (lancaster reduce this form)
checks,check,check,check,true,check,all algorithms agree
chefs,chef,chef,chef,true,chef,all algorithms agree
chemical,chemic,chemic,chem,false,chem;chemic,"algorithms diverge (lancaster, porter, snowball_english reduce this form)"
chemicals,chemic,chemic,chem,false,chem;chemic,"algorithms diverge (lancaster, porter, snowball_english reduce this form)"
chemistry,chemistri,chemistri,chem,false,chem;chemistri,"algorithms diverge (lancaster, porter, snowball_english reduce this form)"
chen,chen,chen,chen,true,chen,all algorithms agree
cheng,cheng,cheng,cheng,true,cheng,all algorithms agree
chennai,chennai,chennai,chenna,false,chenna;chennai,algorithms diverge (lancaster reduce this form)
chennai-vellore-villupuram-chengalpattu,chennai-vellore-villupuram-chengalpattu,chennai-vellore-villupuram-chengalpattu,chennai-vellore-villupuram-chengalpattu,true,chennai-vellore-villupuram-chengalpattu,all algorithms agree
cherry-picking,cherry-pick,cherry-pick,cherry-picking,false,cherry-pick;cherry-picking,"algorithms diverge (porter, snowball_english reduce this form)"
chhatrapati,chhatrapati,chhatrapati,chhatrapati,true,chhatrapati,all algorithms agree
chhattisgarh,chhattisgarh,chhattisgarh,chhattisgarh,true,chhattisgarh,all algorithms agree
chi,chi,chi,chi,true,chi,all algorithms agree
chief,chief,chief,chief,true,chief,all algorithms agree
child,child,child,child,true,child,all algorithms agree
child-feeding,child-feed,child-feed,child-feeding,false,child-feed;child-feeding,"algorithms diverge (porter, snowball_english reduce this form)"
child-friendly,child-friendli,child-friend,child-friendly,false,child-friend;child-friendli;child-friendly,"algorithms diverge (porter, snowball_english reduce this form)"
childcare,childcar,childcar,childc,false,childc;childcar,"algorithms diverge (lancaster, porter, snowball_english reduce this form)"
childhood,childhood,childhood,child,false,child;childhood,algorithms diverge (lancaster reduce this form)
children,children,children,childr,false,childr;children,algorithms diverge (lancaster reduce this form)
chile,chile,chile,chil,false,chil;chile,algorithms diverge (lancaster reduce this form)
china,china,china,chin,false,chin;china,algorithms diverge (lancaster reduce this form)
chinese,chines,chines,chines,true,chines,all algorithms agree
chip,chip,chip,chip,true,chip,all algorithms agree
chips,chip,chip,chip,true,chip,all algorithms agree
chlor-alkali,chlor-alkali,chlor-alkali,chlor-alkali,true,chlor-alkali,all algorithms agree
chocolates,chocol,chocol,chocol,true,chocol,all algorithms agree
choice,choic,choic,cho,false,cho;choic,"algorithms diverge (lancaster, porter, snowball_english reduce this form)"
choice.,choice.,choice.,choice.,true,choice.,all algorithms agree
choices,choic,choic,cho,false,cho;choic,"algorithms diverge (lancaster, porter, snowball_english reduce this form)"
chojer,chojer,chojer,chod,false,chod;chojer,algorithms diverge (lancaster reduce this form)
choke,choke,choke,chok,false,chok;choke,algorithms diverge (lancaster reduce this form)
chokepoint,chokepoint,chokepoint,chokepoint,true,chokepoint,all algorithms agree
chokepoints,chokepoint,chokepoint,chokepoint,true,chokepoint,all algorithms agree
choose,choos,choos,choos,true,choos,all algorithms agree
chooses,choos,choos,choos,true,choos,all algorithms agree
choosing,choos,choos,choos,true,choos,all algorithms agree
chord,chord,chord,chord,true,chord,all algorithms agree
chords,chord,chord,chord,true,chord,all algorithms agree
chores,chore,chore,chor,false,chor;chore,"algorithms diverge (lancaster, porter, snowball_english reduce this form)"
chose,chose,chose,chos,false,chos;chose,algorithms diverge (lancaster reduce this form)
chosen,chosen,chosen,chos,false,chos;chosen,algorithms diverge (lancaster reduce this form)
chris,chri,chris,chris,false,chri;chris,algorithms diverge (porter reduce this form)
christakis,christaki,christaki,christakis,false,christaki;christakis,"algorithms diverge (porter, snowball_english reduce this form)"
christian,christian,christian,christian,true,christian,all algorithms agree
christiano,christiano,christiano,christiano,true,christiano,all algorithms agree
chronic,chronic,chronic,chronic,true,chronic,all algorithms agree
chronicling,chronicl,chronicl,chronicling,false,chronicl;chronicling,"algorithms diverge (porter, snowball_english reduce this form)"
chunk,chunk,chunk,chunk,true,chunk,all algorithms agree
churn-,churn-,churn-,churn-,true,churn-,all algorithms agree
cic,cic,cic,cic,true,cic,all algorithms agree
cii,cii,cii,cii,true,cii,all algorithms agree
cinderella,cinderella,cinderella,cinderell,false,cinderell;cinderella,algorithms diverge (lancaster reduce this form)
cip,cip,cip,cip,true,cip,all algorithms agree
circle,circl,circl,circ,false,circ;circl,"algorithms diverge (lancaster, porter, snowball_english reduce this form)"
circle-mumbai,circle-mumbai,circle-mumbai,circle-mumbai,true,circle-mumbai,all algorithms agree
circles,circl,circl,circ,false,circ;circl,"algorithms diverge (lancaster, porter, snowball_english reduce this form)"
circuit,circuit,circuit,circuit,true,circuit,all algorithms agree
circuits,circuit,circuit,circuit,true,circuit,all algorithms agree
circula,circula,circula,circul,false,circul;circula,algorithms diverge (lancaster reduce this form)
circular,circular,circular,circul,false,circul;circular,algorithms diverge (lancaster reduce this form)
circularity,circular,circular,circul,false,circul;circular,"algorithms diverge (lancaster, porter, snowball_english reduce this form)"
circulars,circular,circular,circul,false,circul;circular,"algorithms diverge (lancaster, porter, snowball_english reduce this form)"
circulate,circul,circul,circ,false,circ;circul,"algorithms diverge (lancaster, porter, snowball_english reduce this form)"
circulated,circul,circul,circ,false,circ;circul,"algorithms diverge (lancaster, porter, snowball_english reduce this form)"
circulation,circul,circul,circ,false,circ;circul,"algorithms diverge (lancaster, porter, snowball_english reduce this form)"
circumstances,circumst,circumst,circumst,true,circumst,all algorithms agree
cirp,cirp,cirp,cirp,true,cirp,all algorithms agree
cis,ci,cis,cis,false,ci;cis,algorithms diverge (porter reduce this form)
cis/dpi,cis/dpi,cis/dpi,cis/dpi,true,cis/dpi,all algorithms agree
cisf,cisf,cisf,cisf,true,cisf,all algorithms agree
ciso,ciso,ciso,ciso,true,ciso,all algorithms agree
cisos/ctos,cisos/cto,cisos/cto,cisos/cto,true,cisos/cto,all algorithms agree
citations,citat,citat,cit,false,cit;citat,"algorithms diverge (lancaster, porter, snowball_english reduce this form)"
cite,cite,cite,cit,false,cit;cite,algorithms diverge (lancaster reduce this form)
cited,cite,cite,cit,false,cit;cite,"algorithms diverge (lancaster, porter, snowball_english reduce this form)"
citibank,citibank,citibank,citibank,true,citibank,all algorithms agree
cities,citi,citi,city,false,citi;city,"algorithms diverge (lancaster, porter, snowball_english reduce this form)"
cities/locations,cities/loc,cities/loc,cities/location,false,cities/loc;cities/location,"algorithms diverge (lancaster, porter, snowball_english reduce this form)"
citizen,citizen,citizen,cit,false,cit;citizen,algorithms diverge (lancaster reduce this form)
citizen-,citizen-,citizen-,citizen-,true,citizen-,all algorithms agree
citizen-centric,citizen-centr,citizen-centr,citizen-centric,false,citizen-centr;citizen-centric,"algorithms diverge (porter, snowball_english reduce this form)"
citizenry,citizenri,citizenri,citizenry,false,citizenri;citizenry,"algorithms diverge (porter, snowball_english reduce this form)"
citizens,citizen,citizen,cit,false,cit;citizen,"algorithms diverge (lancaster, porter, snowball_english reduce this form)"
citizens.,citizens.,citizens.,citizens.,true,citizens.,all algorithms agree
citizenship,citizenship,citizenship,cit,false,cit;citizenship,algorithms diverge (lancaster reduce this form)
city,citi,citi,city,false,citi;city,"algorithms diverge (porter, snowball_english reduce this form)"
city-climate,city-clim,city-clim,city-climate,false,city-clim;city-climate,"algorithms diverge (porter, snowball_english reduce this form)"
city-level,city-level,city-level,city-level,true,city-level,all algorithms agree
city-planning,city-plan,city-plan,city-planning,false,city-plan;city-planning,"algorithms diverge (porter, snowball_english reduce this form)"
city-shaping,city-shap,city-shap,city-shaping,false,city-shap;city-shaping,"algorithms diverge (porter, snowball_english reduce this form)"
city-specific,city-specif,city-specif,city-specific,false,city-specif;city-specific,"algorithms diverge (porter, snowball_english reduce this form)"
city-state,city-st,city-st,city-state,false,city-st;city-state,"algorithms diverge (porter, snowball_english reduce this form)"
citywide,citywid,citywid,citywid,true,citywid,all algorithms agree
civ,civ,civ,civ,true,civ,all algorithms agree
civic,civic,civic,civ,false,civ;civic,algorithms diverge (lancaster reduce this form)
civic-sense,civic-sens,civic-sens,civic-sense,false,civic-sens;civic-sense,"algorithms diverge (porter, snowball_english reduce this form)"
civil,civil,civil,civil,true,civil,all algorithms agree
civilian,civilian,civilian,civil,false,civil;civilian,algorithms diverge (lancaster reduce this form)
civilisational,civilis,civilis,civil,false,civil;civilis,"algorithms diverge (lancaster, porter, snowball_english reduce this form)"
civilisations,civilis,civilis,civil,false,civil;civilis,"algorithms diverge (lancaster, porter, snowball_english reduce this form)"
cj,cj,cj,cj,true,cj,all algorithms agree
cl,cl,cl,cl,true,cl,all algorithms agree
claim,claim,claim,claim,true,claim,all algorithms agree
claimants,claimant,claimant,claim,false,claim;claimant,"algorithms diverge (lancaster, porter, snowball_english reduce this form)"
claimed,claim,claim,claim,true,claim,all algorithms agree
claims,claim,claim,claim,true,claim,all algorithms agree
clarification,clarif,clarif,clar,false,clar;clarif,"algorithms diverge (lancaster, porter, snowball_english reduce this form)"
clarifications,clarif,clarif,clar,false,clar;clarif,"algorithms diverge (lancaster, porter, snowball_english reduce this form)"
clarificatory,clarificatori,clarificatori,clar,false,clar;clarificatori,"algorithms diverge (lancaster, porter, snowball_english reduce this form)"
clarifies,clarifi,clarifi,clar,false,clar;clarifi,"algorithms diverge (lancaster, porter, snowball_english reduce this form)"
clarify,clarifi,clarifi,clar,false,clar;clarifi,"algorithms diverge (lancaster, porter, snowball_english reduce this form)"
clarifying,clarifi,clarifi,clar,false,clar;clarifi,"algorithms diverge (lancaster, porter, snowball_english reduce this form)"
clarity,clariti,clariti,clar,false,clar;clariti,"algorithms diverge (lancaster, porter, snowball_english reduce this form)"
clark,clark,clark,clark,true,clark,all algorithms agree
class,class,class,class,true,class,all algorithms agree
class-ii,class-ii,class-ii,class-ii,true,class-ii,all algorithms agree
class-wise,class-wis,class-wis,class-wise,false,class-wis;class-wise,"algorithms diverge (porter, snowball_english reduce this form)"
classes,class,class,class,true,class,all algorithms agree
classes.,classes.,classes.,classes.,true,classes.,all algorithms agree
classic,classic,classic,class,false,class;classic,algorithms diverge (lancaster reduce this form)
classical,classic,classic,class,false,class;classic,"algorithms diverge (lancaster, porter, snowball_english reduce this form)"
classification,classif,classif,class,false,class;classif,"algorithms diverge (lancaster, porter, snowball_english reduce this form)"
classifications,classif,classif,class,false,class;classif,"algorithms diverge (lancaster, porter, snowball_english reduce this form)"
classified,classifi,classifi,class,false,class;classifi,"algorithms diverge (lancaster, porter, snowball_english reduce this form)"
classifies,classifi,classifi,class,false,class;classifi,"algorithms diverge (lancaster, porter, snowball_english reduce this form)"
classify,classifi,classifi,class,false,class;classifi,"algorithms diverge (lancaster, porter, snowball_english reduce this form)"
classifying,classifi,classifi,class,false,class;classifi,"algorithms diverge (lancaster, porter, snowball_english reduce this form)"
classroom,classroom,classroom,classroom,true,classroom,all algorithms agree
classroom-,classroom-,classroom-,classroom-,true,classroom-,all algorithms agree
classrooms,classroom,classroom,classroom,true,classroom,all algorithms agree
claude,claud,claud,claud,true,claud,all algorithms agree
clause,claus,claus,claus,true,claus,all algorithms agree
clauses,claus,claus,claus,true,claus,all algorithms agree
clean,clean,clean,cle,false,cle;clean,algorithms diverge (lancaster reduce this form)
cleaner,cleaner,cleaner,cle,false,cle;cleaner,algorithms diverge (lancaster reduce this form)
cleaners,cleaner,cleaner,cle,false,cle;cleaner,"algorithms diverge (lancaster, porter, snowball_english reduce this form)"
cleanest,cleanest,cleanest,cleanest,true,cleanest,all algorithms agree
cleaning,clean,clean,cle,false,cle;clean,"algorithms diverge (lancaster, porter, snowball_english reduce this form)"
cleanliness,cleanli,cleanli,cle,false,cle;cleanli,"algorithms diverge (lancaster, porter, snowball_english reduce this form)"
clear,clear,clear,clear,true,clear,all algorithms agree
clearance,clearanc,clearanc,clear,false,clear;clearanc,"algorithms diverge (lancaster, porter, snowball_english reduce this form)"
clearances,clearanc,clearanc,clear,false,clear;clearanc,"algorithms diverge (lancaster, porter, snowball_english reduce this form)"
cleared,clear,clear,clear,true,clear,all algorithms agree
clearer,clearer,clearer,clear,false,clear;clearer,algorithms diverge (lancaster reduce this form)
clearing,clear,clear,clear,true,clear,all algorithms agree
clearly,clearli,clear,clear,false,clear;clearli,"algorithms diverge (lancaster, porter, snowball_english reduce this form)"
client,client,client,cli,false,cli;client,algorithms diverge (lancaster reduce this form)
clientele,clientel,clientel,clientel,true,clientel,all algorithms agree
clients,client,client,cli,false,cli;client,"algorithms diverge (lancaster, porter, snowball_english reduce this form)"
climate,climat,climat,clim,false,clim;climat,"algorithms diverge (lancaster, porter, snowball_english reduce this form)"
climate-,climate-,climate-,climate-,true,climate-,all algorithms agree
climate-adaptive,climate-adapt,climate-adapt,climate-adaptiv,false,climate-adapt;climate-adaptiv,"algorithms diverge (lancaster, porter, snowball_english reduce this form)"
climate-aligned,climate-align,climate-align,climate-aligned,false,climate-align;climate-aligned,"algorithms diverge (porter, snowball_english reduce this form)"
climate-exposed,climate-expos,climate-expos,climate-exposed,false,climate-expos;climate-exposed,"algorithms diverge (porter, snowball_english reduce this form)"
climate-informed,climate-inform,climate-inform,climate-informed,false,climate-inform;climate-informed,"algorithms diverge (porter, snowball_english reduce this form)"
climate-oriented,climate-ori,climate-ori,climate-oriented,false,climate-ori;climate-oriented,"algorithms diverge (porter, snowball_english reduce this form)"
climate-related,climate-rel,climate-rel,climate-related,false,climate-rel;climate-related,"algorithms diverge (porter, snowball_english reduce this form)"
climate-resilient,climate-resili,climate-resili,climate-resilient,false,climate-resili;climate-resilient,"algorithms diverge (porter, snowball_english reduce this form)"
climate-responsive,climate-respons,climate-respons,climate-responsiv,false,climate-respons;climate-responsiv,"algorithms diverge (lancaster, porter, snowball_english reduce this form)"
climate-risk,climate-risk,climate-risk,climate-risk,true,climate-risk,all algorithms agree
climate-smart,climate-smart,climate-smart,climate-smart,true,climate-smart,all algorithms agree
climbed,climb,climb,climb,true,climb,all algorithms agree
climbing,climb,climb,climb,true,climb,all algorithms agree
clinic,clinic,clinic,clin,false,clin;clinic,algorithms diverge (lancaster reduce this form)
clinical,clinic,clinic,clin,false,clin;clinic,"algorithms diverge (lancaster, porter, snowball_english reduce this form)"
clinically,clinic,clinic,clin,false,clin;clinic,"algorithms diverge (lancaster, porter, snowball_english reduce this form)"
clinics,clinic,clinic,clin,false,clin;clinic,"algorithms diverge (lancaster, porter, snowball_english reduce this form)"
clnda,clnda,clnda,clnda,true,clnda,all algorithms agree
close,close,close,clos,false,clos;close,algorithms diverge (lancaster reduce this form)
close-ended,close-end,close-end,close-ended,false,close-end;close-ended,"algorithms diverge (porter, snowball_english reduce this form)"
closed,close,close,clos,false,clos;close,"algorithms diverge (lancaster, porter, snowball_english reduce this form)"
closed-loop,closed-loop,closed-loop,closed-loop,true,closed-loop,all algorithms agree
closely,close,close,clos,false,clos;close,"algorithms diverge (lancaster, porter, snowball_english reduce this form)"
closeness,close,close,clos,false,clos;close,"algorithms diverge (lancaster, porter, snowball_english reduce this form)"
closer,closer,closer,clos,false,clos;closer,algorithms diverge (lancaster reduce this form)
closes,close,close,clos,false,clos;close,"algorithms diverge (lancaster, porter, snowball_english reduce this form)"
closest,closest,closest,closest,true,closest,all algorithms agree
closing,close,close,clos,false,clos;close,"algorithms diverge (lancaster, porter, snowball_english reduce this form)"
closure,closur,closur,clos,false,clos;closur,"algorithms diverge (lancaster, porter, snowball_english reduce this form)"
closures,closur,closur,clos,false,clos;closur,"algorithms diverge (lancaster, porter, snowball_english reduce this form)"
clothing,cloth,cloth,cloth,true,cloth,all algorithms agree
cloud,cloud,cloud,cloud,true,cloud,all algorithms agree
cloud-based,cloud-bas,cloud-bas,cloud-bas,true,cloud-bas,all algorithms agree
cloxacillin,cloxacillin,cloxacillin,cloxacillin,true,cloxacillin,all algorithms agree
clu,clu,clu,clu,true,clu,all algorithms agree
clubs,club,club,club,true,club,all algorithms agree
cluster,cluster,cluster,clust,false,clust;cluster,algorithms diverge (lancaster reduce this form)
cluster-,cluster-,cluster-,cluster-,true,cluster-,all algorithms agree
cluster-based,cluster-bas,cluster-bas,cluster-based,false,cluster-bas;cluster-based,"algorithms diverge (porter, snowball_english reduce this form)"
clustered,cluster,cluster,clust,false,clust;cluster,"algorithms diverge (lancaster, porter, snowball_english reduce this form)"
clustering,cluster,cluster,clust,false,clust;cluster,"algorithms diverge (lancaster, porter, snowball_english reduce this form)"
clusters,cluster,cluster,clust,false,clust;cluster,"algorithms diverge (lancaster, porter, snowball_english reduce this form)"
cm,cm,cm,cm,true,cm,all algorithms agree
cmda,cmda,cmda,cmda,true,cmda,all algorithms agree
cms,cm,cms,cms,false,cm;cms,algorithms diverge (porter reduce this form)
cmsa,cmsa,cmsa,cmsa,true,cmsa,all algorithms agree
cn,cn,cn,cn,true,cn,all algorithms agree
cnh,cnh,cnh,cnh,true,cnh,all algorithms agree
co,co,co,co,true,co,all algorithms agree
co-,co-,co-,co-,true,co-,all algorithms agree
co-accused,co-accus,co-accus,co-accused,false,co-accus;co-accused,"algorithms diverge (porter, snowball_english reduce this form)"
co-benefit,co-benefit,co-benefit,co-benefit,true,co-benefit,all algorithms agree
co-created,co-creat,co-creat,co-created,false,co-creat;co-created,"algorithms diverge (porter, snowball_english reduce this form)"
co-creation,co-creat,co-creat,co-creation,false,co-creat;co-creation,"algorithms diverge (porter, snowball_english reduce this form)"
co-design,co-design,co-design,co-design,true,co-design,all algorithms agree
co-designed,co-design,co-design,co-designed,false,co-design;co-designed,"algorithms diverge (porter, snowball_english reduce this form)"
co-development,co-develop,co-develop,co-development,false,co-develop;co-development,"algorithms diverge (porter, snowball_english reduce this form)"
co-efficient,co-effici,co-effici,co-efficient,false,co-effici;co-efficient,"algorithms diverge (porter, snowball_english reduce this form)"
co-evolution,co-evolut,co-evolut,co-evolution,false,co-evolut;co-evolution,"algorithms diverge (porter, snowball_english reduce this form)"
co-evolve,co-evolv,co-evolv,co-evolve,false,co-evolv;co-evolve,"algorithms diverge (porter, snowball_english reduce this form)"
co-finance,co-fin,co-fin,co-finance,false,co-fin;co-finance,"algorithms diverge (porter, snowball_english reduce this form)"
co-financing,co-financ,co-financ,co-financing,false,co-financ;co-financing,"algorithms diverge (porter, snowball_english reduce this form)"
co-funded,co-fund,co-fund,co-funded,false,co-fund;co-funded,"algorithms diverge (porter, snowball_english reduce this form)"
co-invest,co-invest,co-invest,co-invest,true,co-invest,all algorithms agree
co-investing,co-invest,co-invest,co-investing,false,co-invest;co-investing,"algorithms diverge (porter, snowball_english reduce this form)"
co-investment,co-invest,co-invest,co-investment,false,co-invest;co-investment,"algorithms diverge (porter, snowball_english reduce this form)"
co-investments,co-invest,co-invest,co-investments,false,co-invest;co-investments,"algorithms diverge (porter, snowball_english reduce this form)"
co-located,co-loc,co-loc,co-located,false,co-loc;co-located,"algorithms diverge (porter, snowball_english reduce this form)"
co-locating,co-loc,co-loc,co-locating,false,co-loc;co-locating,"algorithms diverge (porter, snowball_english reduce this form)"
co-location,co-loc,co-loc,co-location,false,co-loc;co-location,"algorithms diverge (porter, snowball_english reduce this form)"
co-maintain,co-maintain,co-maintain,co-maintain,true,co-maintain,all algorithms agree
co-movement,co-mov,co-mov,co-movement,false,co-mov;co-movement,"algorithms diverge (porter, snowball_english reduce this form)"
co-operation,co-oper,co-oper,co-operation,false,co-oper;co-operation,"algorithms diverge (porter, snowball_english reduce this form)"
co-operative,co-op,co-op,co-operative,false,co-op;co-operative,"algorithms diverge (porter, snowball_english reduce this form)"
co-ordinates,co-ordin,co-ordin,co-ordinates,false,co-ordin;co-ordinates,"algorithms diverge (porter, snowball_english reduce this form)"
co-ordination,co-ordin,co-ordin,co-ordination,false,co-ordin;co-ordination,"algorithms diverge (porter, snowball_english reduce this form)"
co-ordinator,co-ordin,co-ordin,co-ordinator,false,co-ordin;co-ordinator,"algorithms diverge (porter, snowball_english reduce this form)"
co-owner,co-own,co-own,co-owner,false,co-own;co-owner,"algorithms diverge (porter, snowball_english reduce this form)"
co-owners,co-own,co-own,co-owners,false,co-own;co-owners,"algorithms diverge (porter, snowball_english reduce this form)"
co-payment,co-pay,co-pay,co-payment,false,co-pay;co-payment,"algorithms diverge (porter, snowball_english reduce this form)"
co-produced,co-produc,co-produc,co-produced,false,co-produc;co-produced,"algorithms diverge (porter, snowball_english reduce this form)"
co-producers,co-produc,co-produc,co-producers,false,co-produc;co-producers,"algorithms diverge (porter, snowball_english reduce this form)"
co-shapes,co-shap,co-shap,co-shapes,false,co-shap;co-shapes,"algorithms diverge (porter, snowball_english reduce this form)"
co-working,co-work,co-work,co-working,false,co-work;co-working,"algorithms diverge (porter, snowball_english reduce this form)"
co.,co.,co.,co.,true,co.,all algorithms agree
co.pet,co.pet,co.pet,co.pet,true,co.pet,all algorithms agree
co.pet.,co.pet.,co.pet.,co.pet.,true,co.pet.,all algorithms agree
coaching,coach,coach,coach,true,coach,all algorithms agree
coal,coal,coal,coal,true,coal,all algorithms agree
coal-a,coal-a,coal-a,coal-a,true,coal-a,all algorithms agree
coalition,coalit,coalit,coalit,true,coalit,all algorithms agree
coarse,coars,coars,coars,true,coars,all algorithms agree
coastal,coastal,coastal,coast,false,coast;coastal,algorithms diverge (lancaster reduce this form)
coasting,coast,coast,coast,true,coast,all algorithms agree
coastline,coastlin,coastlin,coastlin,true,coastlin,all algorithms agree
coastlines,coastlin,coastlin,coastlin,true,coastlin,all algorithms agree
coatings,coat,coat,coat,true,coat,all algorithms agree
cobalt,cobalt,cobalt,cobalt,true,cobalt,all algorithms agree
cobb-douglas,cobb-dougla,cobb-dougla,cobb-douglas,false,cobb-dougla;cobb-douglas,"algorithms diverge (porter, snowball_english reduce this form)"
cochin,cochin,cochin,cochin,true,cochin,all algorithms agree
coconut,coconut,coconut,coconut,true,coconut,all algorithms agree
code,code,code,cod,false,cod;code,algorithms diverge (lancaster reduce this form)
code/,code/,code/,code/,true,code/,all algorithms agree
codebases,codebas,codebas,codebas,true,codebas,all algorithms agree
codes,code,code,cod,false,cod;code,"algorithms diverge (lancaster, porter, snowball_english reduce this form)"
codes-,codes-,codes-,codes-,true,codes-,all algorithms agree
codes-including,codes-includ,codes-includ,codes-including,false,codes-includ;codes-including,"algorithms diverge (porter, snowball_english reduce this form)"
codetermination,codetermin,codetermin,codetermin,true,codetermin,all algorithms agree
codified,codifi,codifi,cod,false,cod;codifi,"algorithms diverge (lancaster, porter, snowball_english reduce this form)"
codifies,codifi,codifi,cod,false,cod;codifi,"algorithms diverge (lancaster, porter, snowball_english reduce this form)"
codify,codifi,codifi,cod,false,cod;codifi,"algorithms diverge (lancaster, porter, snowball_english reduce this form)"
codifying,codifi,codifi,cod,false,cod;codifi,"algorithms diverge (lancaster, porter, snowball_english reduce this form)"
coding,code,code,cod,false,cod;code,"algorithms diverge (lancaster, porter, snowball_english reduce this form)"
coeff,coeff,coeff,coeff,true,coeff,all algorithms agree
coefficient,coeffici,coeffici,coefficy,false,coeffici;coefficy,"algorithms diverge (lancaster, porter, snowball_english reduce this form)"
coefficients,coeffici,coeffici,coefficy,false,coeffici;coefficy,"algorithms diverge (lancaster, porter, snowball_english reduce this form)"
coerced,coerc,coerc,coerc,true,coerc,all algorithms agree
coercion,coercion,coercion,coerc,false,coerc;coercion,algorithms diverge (lancaster reduce this form)
coercive,coerciv,coerciv,coerc,false,coerc;coerciv,"algorithms diverge (lancaster, porter, snowball_english reduce this form)"
coes,coe,coe,coe,true,coe,all algorithms agree
coexist,coexist,coexist,coex,false,coex;coexist,algorithms diverge (lancaster reduce this form)
coexisting,coexist,coexist,coex,false,coex;coexist,"algorithms diverge (lancaster, porter, snowball_english reduce this form)"
coexists,coexist,coexist,coex,false,coex;coexist,"algorithms diverge (lancaster, porter, snowball_english reduce this form)"
coffee,coffe,coffe,coff,false,coff;coffe,"algorithms diverge (lancaster, porter, snowball_english reduce this form)"
cognitive,cognit,cognit,cognit,true,cognit,all algorithms agree
cognitive-behavioural,cognitive-behaviour,cognitive-behaviour,cognitive-behavioural,false,cognitive-behaviour;cognitive-behavioural,"algorithms diverge (porter, snowball_english reduce this form)"
cognitively,cognit,cognit,cognit,true,cognit,all algorithms agree
cognizant,cogniz,cogniz,cogn,false,cogn;cogniz,"algorithms diverge (lancaster, porter, snowball_english reduce this form)"
cohen,cohen,cohen,coh,false,coh;cohen,algorithms diverge (lancaster reduce this form)
coherence,coher,coher,coh,false,coh;coher,"algorithms diverge (lancaster, porter, snowball_english reduce this form)"
coherent,coher,coher,coh,false,coh;coher,"algorithms diverge (lancaster, porter, snowball_english reduce this form)"
cohesion,cohes,cohes,coher,false,coher;cohes,"algorithms diverge (lancaster, porter, snowball_english reduce this form)"
cohesive,cohes,cohes,coher,false,coher;cohes,"algorithms diverge (lancaster, porter, snowball_english reduce this form)"
cohort,cohort,cohort,cohort,true,cohort,all algorithms agree
cohorts,cohort,cohort,cohort,true,cohort,all algorithms agree
coi,coi,coi,coi,true,coi,all algorithms agree
coincide,coincid,coincid,coincid,true,coincid,all algorithms agree
coincided,coincid,coincid,coincid,true,coincid,all algorithms agree
coincides,coincid,coincid,coincid,true,coincid,all algorithms agree
coinciding,coincid,coincid,coincid,true,coincid,all algorithms agree
coins,coin,coin,coin,true,coin,all algorithms agree
coinvest-,coinvest-,coinvest-,coinvest-,true,coinvest-,all algorithms agree
coir,coir,coir,coir,true,coir,all algorithms agree
coking,coke,coke,cok,false,cok;coke,"algorithms diverge (lancaster, porter, snowball_english reduce this form)"
cold,cold,cold,cold,true,cold,all algorithms agree
cold-chain,cold-chain,cold-chain,cold-chain,true,cold-chain,all algorithms agree
collaborate,collabor,collabor,collab,false,collab;collabor,"algorithms diverge (lancaster, porter, snowball_english reduce this form)"
collaborated,collabor,collabor,collab,false,collab;collabor,"algorithms diverge (lancaster, porter, snowball_english reduce this form)"
collaborates,collabor,collabor,collab,false,collab;collabor,"algorithms diverge (lancaster, porter, snowball_english reduce this form)"
collaborating,collabor,collabor,collab,false,collab;collabor,"algorithms diverge (lancaster, porter, snowball_english reduce this form)"
collaboration,collabor,collabor,collab,false,collab;collabor,"algorithms diverge (lancaster, porter, snowball_english reduce this form)"
collaborations,collabor,collabor,collab,false,collab;collabor,"algorithms diverge (lancaster, porter, snowball_english reduce this form)"
collaborative,collabor,collabor,collab,false,collab;collabor,"algorithms diverge (lancaster, porter, snowball_english reduce this form)"
collaboratively,collabor,collabor,collab,false,collab;collabor,"algorithms diverge (lancaster, porter, snowball_english reduce this form)"
collapse,collaps,collaps,collaps,true,collaps,all algorithms agree
collapsed,collaps,collaps,collaps,true,collaps,all algorithms agree
collapsing,collaps,collaps,collaps,true,collaps,all algorithms agree
collated,collat,collat,col,false,col;collat,"algorithms diverge (lancaster, porter, snowball_english reduce this form)"
