query_id,query,query_type,retrieval_method,pipeline,rank,score,unit_id,document_id,source_id,page_number,section_id,section_number,section_title,unit_type,matched_terms,matched_term_count,matched_term_frequency,phrase_match,snippet,citation
Q01,inflation,keyword,keyword,pipeline_b,1,1.2603,D05_P007_SEC_5_9_PAR002,D05,SRC01,7,D05_SEC_5_9,5.9,DOMESTIC INFLATION,paragraph,inflat,1,inflat:10,false,"5. 10. The apparent divergence between headline and core inflation creates an impression of sticky core inflation, suggesting that underlying price pressures are firming even as headline inflation softens. The average re",D05 | p7 | 5.9 | D05_P007_SEC_5_9_PAR002
Q01,inflation,keyword,keyword,pipeline_b,2,1.25,D05_P002_SEC_5_2_PAR001,D05,SRC01,2,D05_SEC_5_2,5.2,GLOBAL INFLATION DEVELOPMENTS,paragraph,inflat,1,inflat:9,false,"5.2. In the United States, headline inflation declined from 3.0 per cent in 2024 to 2.7 per cent in 2025, driven largely by moderating core services inflation, along with continued negative inflation in major commodity p",D05 | p2 | 5.2 | D05_P002_SEC_5_2_PAR001
Q01,inflation,keyword,keyword,pipeline_b,3,1.25,D05_P015_SEC_5_30_PAR001,D05,SRC01,15,D05_SEC_5_30,5.30,INFLATION: REGIONAL PICTURE,paragraph,inflat,1,inflat:9,false,"5.30. Throughout much of 2023 and 2024, rural inflation remained above urban inflation (Chart V. 17). This pattern reflects differences in consumption weights across rural and urban baskets, particularly the larger share",D05 | p15 | 5.30 | D05_P015_SEC_5_30_PAR001
Q01,inflation,keyword,keyword,pipeline_b,4,1.25,D05_P019_SEC_5_35_PAR001,D05,SRC01,19,D05_SEC_5_35,5.35,(Jan 2014 – Dec 2025),paragraph,inflat,1,inflat:9,false,examination of inflation and wage rates at the state-level over a decade indicates that the states with an average wage rate above the national wage (i.e. positive mean wage gap) tend to experience a relatively higher in,D05 | p19 | 5.35 | D05_P019_SEC_5_35_PAR001
Q01,inflation,keyword,keyword,pipeline_b,5,1.2258,D01_P024_SEC_1_29_PAR001,D01,SRC01,24,D01_SEC_1_29,1.29,Methodology,paragraph,inflat,1,inflat:7,false,"1.29. The demand-led growth in the economy has unfolded alongside a marked easing of inflation, which has improved real purchasing power and supported consumption. Domestic inflation dynamics in FY26 (April-December) ref",D01 | p24 | 1.29 | D01_P024_SEC_1_29_PAR001
Q01,inflation,keyword,keyword,pipeline_b,6,1.2113,D05_P018_SEC_5_33_PAR001,D05,SRC01,18,D05_SEC_5_33,5.33,STATE-LEVEL DYNAMICS,paragraph,inflat,1,inflat:6,false,"5.33. Using monthly State-wise CPI inflation data from January 2014 to December 2025, Chart V. 19 examines how inflation outcomes across states compare with the All-India average and whether such differences tend to pers",D05 | p18 | 5.33 | D05_P018_SEC_5_33_PAR001
Q01,inflation,keyword,keyword,pipeline_b,7,1.2113,D20_P004_II_PAR001,D20,SRC03,4,D20_SEC_II,II,The Spillover to India: From Sporadic to Structural,paragraph,inflat,1,inflat:6,false,"On the inflation front, 2025-26 was a landmark year for India. Consumer Price Index (CPI) inflation followed a sharply declining path, averaging approximately 2.1 per cent for the full year - its lowest level in several",D20 | p4 | II | D20_P004_II_PAR001
Q01,inflation,keyword,keyword,pipeline_b,8,1.1945,D05_P004_SEC_5_6_PAR001,D05,SRC01,4,D05_SEC_5_6,5.6,GLOBAL INFLATION DEVELOPMENTS,paragraph,inflat,1,inflat:5,false,"5.6. While economic growth in a majority of EMDEs remained below the EMDE average of 4.2 per cent, inflation outcomes varied widely across countries (Chart V. 4). In Brazil, headline inflation rose steadily from 4.4 per",D05 | p4 | 5.6 | D05_P004_SEC_5_6_PAR001
Q01,inflation,keyword,keyword,pipeline_b,9,1.1945,D05_P016_SEC_5_32_PAR001,D05,SRC01,16,D05_SEC_5_32,5.32,STATE-LEVEL DYNAMICS,paragraph,inflat,1,inflat:5,false,"5.32. The state-level incidence of inflation in 2025-26 (April-December) followed the national trend, with an across-the-board reduction in inflation, except in Kerala and Lakshadweep, where retail inflation breached the",D05 | p16 | 5.32 | D05_P016_SEC_5_32_PAR001
Q01,inflation,keyword,keyword,pipeline_b,10,1.1747,D01_T001,D01,SRC01,2,D01_SEC_1_1,1.1,GLOBAL ECONOMIC GROWTH – FRAGILE AND DIVERGING,table,inflat,1,inflat:4,false,Growth outlook stabilises after Apr ’25 downward revisions Growth forecasts – 2025 (percent) Growth forecasts – 2026 (percent) Jan '25 Apr '25 Oct '25 Jan '26 Apr '25 Jan '25 Oct '25 Jan '26 +0.5 AE 1.8 1.5 1.6 1.8 1.9 1,D01 | p2 | 1.1 | D01_T001
Q01,inflation,keyword,keyword,pipeline_b,11,1.1747,D05_P001_UNKNOWN_PAR002,D05,SRC01,1,UNKNOWN,UNKNOWN,UNKNOWN,paragraph,inflat,1,inflat:4,false,"This chapter provides a comprehensive analysis of recent trends in global and domestic inflation, with a particular focus on the period up to December 2025. Globally, inflation has moderated significantly from its post-p",D05 | p1 | UNKNOWN | D05_P001_UNKNOWN_PAR002
Q01,inflation,keyword,keyword,pipeline_b,12,1.1747,D05_P002_SEC_5_1_PAR001,D05,SRC01,2,D05_SEC_5_1,5.1,GLOBAL INFLATION DEVELOPMENTS,paragraph,inflat,1,inflat:4,false,"5.1. The world has seen a broad-based and sustained moderation in inflation across advanced, emerging, and developing economies this year. The global headline inflation (Chart V. 1) has declined from a peak of 8.7 per ce",D05 | p2 | 5.1 | D05_P002_SEC_5_1_PAR001
Q01,inflation,keyword,keyword,pipeline_b,13,1.1747,D05_P005_SEC_5_7_PAR001,D05,SRC01,5,D05_SEC_5_7,5.7,GLOBAL INFLATION DEVELOPMENTS,paragraph,inflat,1,inflat:4,false,"5.7. Among major EMDEs, India has recorded one of the sharpest declines in headline inflation, amounting to about 1.8 percentage points (Chart V. 5). Importantly, this disinflation has occurred alongside robust GDP growt",D05 | p5 | 5.7 | D05_P005_SEC_5_7_PAR001
Q01,inflation,keyword,keyword,pipeline_b,14,1.1747,D05_P016_SEC_5_31_PAR001,D05,SRC01,16,D05_SEC_5_31,5.31,INFLATION: REGIONAL PICTURE,paragraph,inflat,1,inflat:4,false,"5.31. In contrast to headline inflation, core inflation in rural and urban areas follows a smoother and more gradual adjustment path, declining steadily through 2023 and early 2024 before stabilising within a relatively",D05 | p16 | 5.31 | D05_P016_SEC_5_31_PAR001
Q01,inflation,keyword,keyword,pipeline_b,15,1.1747,D05_P020_SEC_5_36_PAR001,D05,SRC01,20,D05_SEC_5_36,5.36,OUTLOOK FOR INFLATION,paragraph,inflat,1,inflat:4,false,"5.36. To conclude, the RBI and IMF have projected a progressive increase in headline inflation in the upcoming fiscal, bringing the levels within the targeted range of 4 per cent (± 2 per cent). In December 2025, the RBI",D05 | p20 | 5.36 | D05_P020_SEC_5_36_PAR001
Q01,inflation,keyword,keyword,pipeline_b,16,1.1747,D20_T001,D20,SRC03,5,D20_SEC_2_1_3,2.1.3,The Spillover to India: From Sporadic to Structural,table,inflat,1,inflat:4,false,"Parameter/Countries 2024 2025 2026* Real GDP growth (Y-o-Y) World 3.4 3.4 3.1 G7 1.7 1.5 1.6 India’s economic outlook, in contrast, remains relatively more resilient. The IMF has estimated India’s real GDP growth at 7.6",D20 | p5 | 2.1.3 | D20_T001
Q01,inflation,keyword,keyword,pipeline_b,17,1.1505,D01_P002_SEC_1_1_PAR001,D01,SRC01,2,D01_SEC_1_1,1.1,GLOBAL ECONOMIC GROWTH – FRAGILE AND DIVERGING,paragraph,inflat,1,inflat:3,false,"1.1. Since the last version of the Economic Survey was published, the global economy has been subjected to multiple upheavals. The most disruptive amongst these disturbances was the imposition of tariffs by the USA on im",D01 | p2 | 1.1 | D01_P002_SEC_1_1_PAR001
Q01,inflation,keyword,keyword,pipeline_b,18,1.1505,D01_P003_SEC_1_2_PAR002,D01,SRC01,3,D01_SEC_1_2,1.2,GLOBAL ECONOMIC GROWTH – FRAGILE AND DIVERGING,paragraph,inflat,1,inflat:3,false,"within and across countries. Growth in the US has remained strong, primarily driven by investment in artificial intelligence (AI). Total IT investment, which also includes spending by businesses on equipment and software",D01 | p3 | 1.2 | D01_P003_SEC_1_2_PAR002
Q01,inflation,keyword,keyword,pipeline_b,19,1.1505,D05_P001_UNKNOWN_PAR004,D05,SRC01,1,UNKNOWN,UNKNOWN,UNKNOWN,paragraph,inflat,1,inflat:3,false,"The chapter also explores sectoral price dynamics, noting a long-term decline in the terms of trade for manufacturing relative to agriculture, which has implications for resource allocation and investment. On the other h",D05 | p1 | UNKNOWN | D05_P001_UNKNOWN_PAR004
Q01,inflation,keyword,keyword,pipeline_b,20,1.1505,D05_P005_SEC_5_8_PAR001,D05,SRC01,5,D05_SEC_5_8,5.8,DOMESTIC INFLATION,paragraph,inflat,1,inflat:3,false,"5.8. Over the past four years, average retail inflation, as measured by the Consumer Price Index (CPI), has followed a clear downward trajectory (Chart V.6), declining steadily from 6.7 per cent in the financial year (FY",D05 | p5 | 5.8 | D05_P005_SEC_5_8_PAR001
Q01,inflation,keyword,keyword,pipeline_b,21,1.1505,D05_P006_SEC_5_9_PAR001,D05,SRC01,6,D05_SEC_5_9,5.9,DOMESTIC INFLATION,paragraph,inflat,1,inflat:3,false,"5.9. The current disinflationary phase commenced in October 2024, when retail inflation stood at 6.2 per cent. During the first half of 2025–26 (H1 of FY26), headline inflation declined sharply from 3.2 per cent in April",D05 | p6 | 5.9 | D05_P006_SEC_5_9_PAR001
Q01,inflation,keyword,keyword,pipeline_b,22,1.1505,D05_P008_SEC_5_11_PAR001,D05,SRC01,8,D05_SEC_5_11,5.11,DOMESTIC INFLATION,paragraph,inflat,1,inflat:3,false,"5.11. Inflation can be decomposed into two components: the momentum effect and the base effect. The momentum effect captures the month-on-month price changes in the current year, while the base effect reflects the influe",D05 | p8 | 5.11 | D05_P008_SEC_5_11_PAR001
Q01,inflation,keyword,keyword,pipeline_b,23,1.1505,D05_P008_SEC_5_12_PAR001,D05,SRC01,8,D05_SEC_5_12,5.12,DOMESTIC INFLATION,paragraph,inflat,1,inflat:3,false,"5.12. As shown in Chart V. 7, food inflation experienced a steady decline throughout the year, entering deflationary territory since June 2025. In fact, October 2025 witnessed the biggest monthly decline of (-) 5.02 per",D05 | p8 | 5.12 | D05_P008_SEC_5_12_PAR001
Q01,inflation,keyword,keyword,pipeline_b,24,1.1505,D05_P013_SEC_5_22_PAR001,D05,SRC01,13,D05_SEC_5_22,5.22,DOMESTIC INFLATION,paragraph,inflat,1,inflat:3,false,"5. 23. Inflation in ‘clothing and footwear’ fell sharply from elevated levels in early 2023 to lower levels by 2024-25. This disinflation reflects easing input costs, improved supply conditions and competitive pressures",D05 | p13 | 5.22 | D05_P013_SEC_5_22_PAR001
Q01,inflation,keyword,keyword,pipeline_b,25,1.1193,D01_P001_UNKNOWN_PAR005,D01,SRC01,1,UNKNOWN,UNKNOWN,UNKNOWN,paragraph,inflat,1,inflat:2,false,"The chapter reviews key macroeconomic fundamentals, including inflation, financial sector conditions, fiscal developments, external sector performance, and labour market trends. Inflation has moderated, financial sector",D01 | p1 | UNKNOWN | D01_P001_UNKNOWN_PAR005
Q01,inflation,keyword,keyword,pipeline_b,26,1.1193,D01_P024_SEC_6_7_PAR002,D01,SRC01,24,D01_SEC_6_7,6.7,Methodology,paragraph,inflat,1,inflat:2,false,Headline CPI CPFI Core Inflation Core Inflation (Excluding Gold and,D01 | p24 | 6.7 | D01_P024_SEC_6_7_PAR002
Q01,inflation,keyword,keyword,pipeline_b,27,1.1193,D03_P021_SEC_3_41_PAR004,D03,SRC01,21,D03_SEC_3_41,3.41,FINANCIAL INTERMEDIATION,paragraph,inflat,1,inflat:2,false,"The European Central Bank utilises AI to enhance statistics for monetary policy, supplement data with sources such as text and images using large language models, and for nowcasting and forecasting inflation. It also dev",D03 | p21 | 3.41 | D03_P021_SEC_3_41_PAR004
Q01,inflation,keyword,keyword,pipeline_b,28,1.1193,D03_P021_SEC_3_41_PAR005,D03,SRC01,21,D03_SEC_3_41,3.41,FINANCIAL INTERMEDIATION,paragraph,inflat,1,inflat:2,false,"This approach has helped the Fed understand both the benefits of AI and identify its limits, as well as areas where its use requires caution.36 The Bank of Canada has primarily adopted AI to forecast inflation, economic",D03 | p21 | 3.41 | D03_P021_SEC_3_41_PAR005
Q01,inflation,keyword,keyword,pipeline_b,29,1.1193,D05_P001_UNKNOWN_PAR003,D05,SRC01,1,UNKNOWN,UNKNOWN,UNKNOWN,paragraph,inflat,1,inflat:2,false,"Domestically, retail inflation (CPI) has followed a clear downward trajectory, reaching 1.7 per cent in 2025–26, driven primarily by a steep decline in food prices—especially vegetables, pulses, and spices—supported by f",D05 | p1 | UNKNOWN | D05_P001_UNKNOWN_PAR003
Q01,inflation,keyword,keyword,pipeline_b,30,1.1193,D05_P003_SEC_5_4_PAR001,D05,SRC01,3,D05_SEC_5_4,5.4,GLOBAL INFLATION DEVELOPMENTS,paragraph,inflat,1,inflat:2,false,"5.4. Global inflationary pressures could be contained as there was a general decline in oil and food prices alongside easing inflation in key commodities (Chart V.2). Following the decline in previous years, food prices",D05 | p3 | 5.4 | D05_P003_SEC_5_4_PAR001
Q01,inflation,keyword,keyword,pipeline_b,31,1.1193,D05_P006_SEC_5_8_PAR001,D05,SRC01,6,D05_SEC_5_8,5.8,DOMESTIC INFLATION,paragraph,inflat,1,inflat:2,false,"price for producers, as measured by the Wholesale Price Index (WPI)-based inflation, has consistently been lower than CPI inflation in these years and has mirrored the broad disinflationary trend, while exerting a modera",D05 | p6 | 5.8 | D05_P006_SEC_5_8_PAR001
Q01,inflation,keyword,keyword,pipeline_b,32,1.1193,D05_P012_SEC_5_21_PAR001,D05,SRC01,12,D05_SEC_5_21,5.21,DOMESTIC INFLATION,paragraph,inflat,1,inflat:2,false,"5.21. The four major components of the core CPI basket – (i) clothing and footwear, (ii) housing, (iii) health and (iv) transport and communication – account for nearly one-third of the CPI basket and more than 60 per ce",D05 | p12 | 5.21 | D05_P012_SEC_5_21_PAR001
Q01,inflation,keyword,keyword,pipeline_b,33,1.1193,D05_P012_SEC_5_22_PAR001,D05,SRC01,12,D05_SEC_5_22,5.22,DOMESTIC INFLATION,paragraph,inflat,1,inflat:2,false,"5.22. Housing inflation declined steadily through 2023 and early 2024 and thereafter stayed stable. This pattern reflects the nature of rental and housing-related prices, which are typically revised infrequently (often a",D05 | p12 | 5.22 | D05_P012_SEC_5_22_PAR001
Q01,inflation,keyword,keyword,pipeline_b,34,1.1193,D05_P018_SEC_5_34_PAR001,D05,SRC01,18,D05_SEC_5_34,5.34,STATE-LEVEL DYNAMICS,paragraph,inflat,1,inflat:2,false,"5.34. The chart suggests that inflation differentials across States were not purely transitory. All States exhibited positive persistence, implying that deviations from the national average often extended beyond a single",D05 | p18 | 5.34 | D05_P018_SEC_5_34_PAR001
Q01,inflation,keyword,keyword,pipeline_b,35,1.1193,D05_P018_SEC_5_35_PAR001,D05,SRC01,18,D05_SEC_5_35,5.35,(Jan 2014 – Dec 2025),paragraph,inflat,1,inflat:2,false,"5.35. Overall, the pattern suggests that while national factors remain central in shaping inflation outcomes, State-level inflation dynamics display heterogeneity over time. An",D05 | p18 | 5.35 | D05_P018_SEC_5_35_PAR001
Q01,inflation,keyword,keyword,pipeline_b,36,1.1193,D05_P020_SEC_5_37_PAR001,D05,SRC01,20,D05_SEC_5_37,5.37,OUTLOOK FOR INFLATION,paragraph,inflat,1,inflat:2,false,"5.37. The below-normal temperature experienced through most of the months in 2025 coupled with above-normal monsoon, which augmented reservoir levels, has favorably influenced kharif harvests, created strong sowing momen",D05 | p20 | 5.37 | D05_P020_SEC_5_37_PAR001
Q01,inflation,keyword,keyword,pipeline_b,37,1.1193,D05_P021_SEC_5_37_PAR001,D05,SRC01,21,D05_SEC_5_37,5.37,OUTLOOK FOR INFLATION,paragraph,inflat,1,inflat:2,false,"oversupply. Geopolitics may come in the way of this prediction, however. On the other hand, the prices of base metals, such as iron, copper, and aluminium, are expected to increase moderately. For instance, in copper, bo",D05 | p21 | 5.37 | D05_P021_SEC_5_37_PAR001
Q01,inflation,keyword,keyword,pipeline_b,38,1.1193,D16_P003_SEC_16_3_PAR001,D16,SRC01,3,D16_SEC_16_3,16.3,UNKNOWN,paragraph,inflat,1,inflat:2,false,"16.3. In February 2025, the government offered significant relief to households by raising the minimum tax threshold to 12 lakhs for individuals. A family of two income earners would not have had to pay tax on an annual",D16 | p3 | 16.3 | D16_P003_SEC_16_3_PAR001
Q01,inflation,keyword,keyword,pipeline_b,39,1.1193,D20_P008_SEC_2_2_1_PAR003,D20,SRC03,8,D20_SEC_2_2_1,2.2.1,The Spillover to India: From Sporadic to Structural,paragraph,inflat,1,inflat:2,false,"The 10-year US Treasury yield ended 2025-26 at 4.3 per cent, broadly similar to the level at the close of 2024-25 (Table 2.2). However, the within-year trajectory was non-linear: the yield declined from a Q1 average of 4",D20 | p8 | 2.2.1 | D20_P008_SEC_2_2_1_PAR003
Q01,inflation,keyword,keyword,pipeline_b,40,1.1193,D21_BOX001,D21,SRC03,2,D21_SEC_3_1_1,3.1.1,PRIMARY MARKETS,box,inflat,1,inflat:2,false,"Overview of SEBI (Delisting of Equity Shares) Regulations shall be at least 15 per cent premium over the floor price. Under Delisting Regulations, delisting of a company is considered successful only if the post-offer sh",D21 | p2 | 3.1.1 | D21_BOX001
Q01,inflation,keyword,keyword,pipeline_b,41,1.1193,D28_P029_UNKNOWN_PAR011,D28,SRC03,29,D28_SEC_S14,UNKNOWN,No. 7885/2024),paragraph,inflat,1,inflat:2,false,"Pursuant to receipt of complaints, investigation was initiated against Bombay Dyeing and Manufacturing Company Ltd. (BDMCL) for the period 2011-12 to 2018-19 wherein it was revealed that a scheme has been devised by BDMC",D28 | p29 | UNKNOWN | D28_P029_UNKNOWN_PAR011
Q01,inflation,keyword,keyword,pipeline_b,42,1.1193,D28_P030_UNKNOWN_PAR001,D28,SRC03,30,D28_SEC_S14,UNKNOWN,No. 7885/2024),paragraph,inflat,1,inflat:2,false,"2011-12 to 2017-18. BDMCL had entered into 11 MoUs with SCAL, a negative net worth company, for the sale of 325 flats for an aggregate consideration of approximately ₹3,033 crore and recognized revenue of ₹2,493 crore an",D28 | p30 | UNKNOWN | D28_P030_UNKNOWN_PAR001
Q01,inflation,keyword,keyword,pipeline_b,43,1.0753,D01_BOX001,D01,SRC01,5,D01_SEC_1_6,1.6,GLOBAL ECONOMIC GROWTH – FRAGILE AND DIVERGING,box,inflat,1,inflat:1,false,"achieving strategic resilience and indispensability Over the past few years, ‘Economic Statecraft’, broadly defined as the deliberate use of economic means to achieve strategic ends, has witnessed a rapid resurgence. Thi",D01 | p5 | 1.6 | D01_BOX001
Q01,inflation,keyword,keyword,pipeline_b,44,1.0753,D01_P001_UNKNOWN_PAR002,D01,SRC01,1,UNKNOWN,UNKNOWN,UNKNOWN,paragraph,inflat,1,inflat:1,false,"The global economic environment remains uncertain, shaped by geopolitical tensions, trade disruptions, and divergent growth and inflation outcomes across major economies. While global activity has shown resilience in the",D01 | p1 | UNKNOWN | D01_P001_UNKNOWN_PAR002
Q01,inflation,keyword,keyword,pipeline_b,45,1.0753,D01_P008_SEC_1_7_PAR001,D01,SRC01,8,D01_SEC_1_7,1.7,GLOBAL ECONOMIC GROWTH – FRAGILE AND DIVERGING,paragraph,inflat,1,inflat:1,false,"1.7. Against this global backdrop, this chapter reviews the performance of the Indian economy as reflected in the First Advance Estimates for FY26. It analyses the demand and supply side drivers of growth during the firs",D01 | p8 | 1.7 | D01_P008_SEC_1_7_PAR001
Q01,inflation,keyword,keyword,pipeline_b,46,1.0753,D01_P010_SEC_1_9_PAR001,D01,SRC01,10,D01_SEC_1_9,1.9,TRENDS IN THE DOMESTIC ECONOMY,paragraph,inflat,1,inflat:1,false,"1.9. Domestic demand continues to underpin economic growth in FY26. According to the FAE, the share of final private consumption expenditure (PFCE) in GDP rose to 61.5 per cent in FY26, the highest level since FY12. This",D01 | p10 | 1.9 | D01_P010_SEC_1_9_PAR001
Q01,inflation,keyword,keyword,pipeline_b,47,1.0753,D01_P011_SEC_1_11_PAR001,D01,SRC01,11,D01_SEC_1_11,1.11,TRENDS IN THE DOMESTIC ECONOMY,paragraph,inflat,1,inflat:1,false,"1.11. The key high-frequency indicators for the third quarter of FY26, including automobile and tractor sales, as well as air passenger traffic, signal the continuation of the robust demand conditions (Table I.3). Furthe",D01 | p11 | 1.11 | D01_P011_SEC_1_11_PAR001
Q01,inflation,keyword,keyword,pipeline_b,48,1.0753,D01_P024_SEC_1_28_PAR002,D01,SRC01,24,D01_SEC_1_28,1.28,Methodology,paragraph,inflat,1,inflat:1,false,Inflation dynamics in the economy,D01 | p24 | 1.28 | D01_P024_SEC_1_28_PAR002
Q01,inflation,keyword,keyword,pipeline_b,49,1.0753,D01_P024_SEC_1_29_PAR002,D01,SRC01,24,D01_SEC_1_29,1.29,Methodology,paragraph,inflat,1,inflat:1,false,Chart: I.21: Trends in CPI inflation components,D01 | p24 | 1.29 | D01_P024_SEC_1_29_PAR002
Q01,inflation,keyword,keyword,pipeline_b,50,1.0753,D01_P024_SEC_1_30_PAR001,D01,SRC01,24,D01_SEC_1_30,1.30,Methodology,paragraph,inflat,1,inflat:1,false,"1.30. The momentum in domestic demand and capital formation observed in FY26 has been underpinned by a prudent fiscal policy strategy, characterised by steady revenue mobilisation and calibrated expenditure rationalisati",D01 | p24 | 1.30 | D01_P024_SEC_1_30_PAR001
Q02,GDP,keyword,keyword,pipeline_b,1,1.25,D02_P041_SEC_2_56_PAR002,D02,SRC01,41,D02_SEC_2_56,2.56,CONCLUSION AND OUTLOOK,paragraph,gdp,1,gdp:9,false,"...ry and World Bank’s world development indicators’ database, general government revenue to GDP ratios for OECD countries at middle-income per capita GDP levels (US$2,000-US$3,000 in current prices, comparable to...",D02 | p41 | 2.56 | D02_P041_SEC_2_56_PAR002
Q02,GDP,keyword,keyword,pipeline_b,2,1.1945,D02_P004_SEC_2_7_PAR001,D02,SRC01,4,D02_SEC_2_7,2.7,CENTRAL GOVERNMENT FINANCES,paragraph,gdp,1,gdp:5,false,"...strong performance, with collections increasing from an average of about 2.4 per cent of GDP in the pre- pandemic period to around 3.3 per cent of GDP in the post-pandemic period. Even within the post-pandemic...",D02 | p4 | 2.7 | D02_P004_SEC_2_7_PAR001
Q02,GDP,keyword,keyword,pipeline_b,3,1.1747,D02_P003_SEC_2_4_PAR001,D02,SRC01,3,D02_SEC_2_4,2.4,CENTRAL GOVERNMENT FINANCES,paragraph,gdp,1,gdp:4,false,"2.4 Accordingly, the fiscal deficit declined from 9.2 per cent of GDP in FY21 to 4.8 per cent of GDP in FY25 [Provisional Accounts, (PA)] and is budgeted at 4.4 per cent of GDP in FY26 (Chart II.1). Over the same...",D02 | p3 | 2.4 | D02_P003_SEC_2_4_PAR001
Q02,GDP,keyword,keyword,pipeline_b,4,1.1747,D02_P004_SEC_2_6_PAR001,D02,SRC01,4,D02_SEC_2_6,2.6,CENTRAL GOVERNMENT FINANCES,paragraph,gdp,1,gdp:4,false,2.6 Revenue receipts increased from an average of about 8.5 per cent of GDP during the pre-pandemic period (FY16-FY20) to around 9.1 per cent of GDP in the post-pandemic period (FY22-FY25 PA).3 This improvement was...,D02 | p4 | 2.6 | D02_P004_SEC_2_6_PAR001
Q02,GDP,keyword,keyword,pipeline_b,5,1.1747,D02_P018_SEC_2_29_PAR001,D02,SRC01,18,D02_SEC_2_29,2.29,Fiscal Developments,paragraph,gdp,1,gdp:4,false,...Centre has progressively scaled up capital expenditure from an average of 1.7 per cent of GDP in the pre-pandemic period to an average of 2.9 per cent of GDP in the years after the pandemic (Chart II.5). At the...,D02 | p18 | 2.29 | D02_P018_SEC_2_29_PAR001
Q02,GDP,keyword,keyword,pipeline_b,6,1.1747,D03_P047_SEC_3_85_PAR006,D03,SRC01,47,D03_SEC_3_85,3.85,Conclusion,paragraph,gdp,1,gdp:4,false,"...tal cost in the long run are given by the current account balance (CAB as a percentage of GDP), government debt (as a share of GDP), the extent of financial deepening measured by credit to the private sector (as a...",D03 | p47 | 3.85 | D03_P047_SEC_3_85_PAR006
Q02,GDP,keyword,keyword,pipeline_b,7,1.1747,D19_P003_UNKNOWN_PAR007,D19,SRC02,3,D19_SEC_S03,UNKNOWN,Policy Highlights,paragraph,gdp,1,gdp:4,false,"▪ Deficits: Revenue deficit is targeted at 1.5% of GDP, similar to the revised estimate for 2025-26 (1.5% of GDP). Fiscal deficit is targeted at 4.3% of GDP in 2026-27, lower than the revised estimate for 2025-26...",D19 | p3 | UNKNOWN | D19_P003_UNKNOWN_PAR007
Q02,GDP,keyword,keyword,pipeline_b,8,1.1747,D20_T001,D20,SRC03,5,D20_SEC_2_1_3,2.1.3,The Spillover to India: From Sporadic to Structural,table,gdp,1,gdp:4,false,"Parameter/Countries 2024 2025 2026* Real GDP growth (Y-o-Y) World 3.4 3.4 3.1 G7 1.7 1.5 1.6 India’s economic outlook, in contrast, remains relatively more resilient. The IMF has estimated India’s real GDP growth at...",D20 | p5 | 2.1.3 | D20_T001
Q02,GDP,keyword,keyword,pipeline_b,9,1.1505,D01_P025_SEC_1_31_PAR001,D01,SRC01,25,D01_SEC_1_31,1.31,Methodology,paragraph,gdp,1,gdp:3,false,"...increased from about 12.5 per cent to 22.6 per cent, while effective capex as a share of GDP rose from roughly 2.6 per cent to 4.0 per cent. Even as the states are overshooting their revenue deficit, the central...",D01 | p25 | 1.31 | D01_P025_SEC_1_31_PAR001
Q02,GDP,keyword,keyword,pipeline_b,10,1.1505,D02_P001_UNKNOWN_PAR004,D02,SRC01,1,UNKNOWN,UNKNOWN,UNKNOWN,paragraph,gdp,1,gdp:3,false,"...n improvement in expenditure quality. Revenue expenditure moderated from 13.6 per cent of GDP in FY22 to 10.9 per cent in FY25, creating space for productive capital outlays. Capital expenditure was scaled up from...",D02 | p1 | UNKNOWN | D02_P001_UNKNOWN_PAR004
Q02,GDP,keyword,keyword,pipeline_b,11,1.1505,D02_P025_SEC_2_40_PAR001,D02,SRC01,25,D02_SEC_2_40,2.40,Notes:,paragraph,gdp,1,gdp:3,false,"2.40 Total revenue receipts of States, as a percentage of GDP, declined from about 13.3 per cent in FY22 to 12.2 per cent in FY25(PA), thereby constraining fiscal space at the combined State level. In this...",D02 | p25 | 2.40 | D02_P025_SEC_2_40_PAR001
Q02,GDP,keyword,keyword,pipeline_b,12,1.1505,D02_P029_UNKNOWN_PAR002,D02,SRC01,29,D02_SEC_S71,UNKNOWN,Fiscal Developments,paragraph,gdp,1,gdp:3,false,"...health and personal needs. Some view it as a return for their unpaid contribution to the GDP.32 However, their rapid scale-up and persistence raise concerns about fiscal sustainability and medium-term growth,...",D02 | p29 | UNKNOWN | D02_P029_UNKNOWN_PAR002
Q02,GDP,keyword,keyword,pipeline_b,13,1.1505,D03_P041_SEC_3_73_PAR003,D03,SRC01,41,D03_SEC_3_73,3.73,Conclusion,paragraph,gdp,1,gdp:3,false,"...a’s corporate bond market remains underdeveloped, accounting for around 16-17 per cent of GDP, compared with the equity market capitalisation of over 130 per cent of GDP. This is substantially lower than in major...",D03 | p41 | 3.73 | D03_P041_SEC_3_73_PAR003
Q02,GDP,keyword,keyword,pipeline_b,14,1.1505,D05_P013_SEC_5_24_PAR001,D05,SRC01,13,D05_SEC_5_24,5.24,DOMESTIC INFLATION,paragraph,gdp,1,gdp:3,false,"5.24. The GDP deflator is a broad measure of general price level in an economy. It is defined as the ratio of nominal GDP to real GDP. Unlike CPI or WPI, it reflects economy- wide price movements, including in...",D05 | p13 | 5.24 | D05_P013_SEC_5_24_PAR001
Q02,GDP,keyword,keyword,pipeline_b,15,1.1505,D15_P013_UNKNOWN_PAR001,D15,SRC01,13,D15_SEC_S24,UNKNOWN,Urbanisation,paragraph,gdp,1,gdp:3,false,"...ource Revenue) but remains minuscule relative to comparators, being only 0.15 per cent of GDP in aggregate nationwide, compared to 0.3–0.6 per cent of GDP for low- and middle-income countries on average. For most...",D15 | p13 | UNKNOWN | D15_P013_UNKNOWN_PAR001
Q02,GDP,keyword,keyword,pipeline_b,16,1.1505,D19_P001_UNKNOWN_PAR004,D19,SRC02,1,D19_SEC_S02,UNKNOWN,Budget Highlights,paragraph,gdp,1,gdp:3,false,"▪ Deficits: Revenue deficit in 2026-27 is targeted at 1.5% of GDP. This is similar to the revised estimate of 1.5% in 2025- 26. Fiscal deficit in 2026-27 is targeted at 4.3% of GDP, lower than the revised estimate of...",D19 | p1 | UNKNOWN | D19_P001_UNKNOWN_PAR004
Q02,GDP,keyword,keyword,pipeline_b,17,1.1505,D19_P008_UNKNOWN_PAR011,D19,SRC02,8,D19_SEC_S03,UNKNOWN,Policy Highlights,paragraph,gdp,1,gdp:3,false,"▪ Centre’s outstanding liabilities in 2026-27 are estimated to be 55.6% of GDP. Outstanding liabilities rose between 2018- 19 and 2020-21, reaching a high of 61% of GDP in 2020-21, and have moderated thereafter. The...",D19 | p8 | UNKNOWN | D19_P008_UNKNOWN_PAR011
Q02,GDP,keyword,keyword,pipeline_b,18,1.1505,D19_T001,D19,SRC02,3,D19_SEC_S03,UNKNOWN,Policy Highlights,table,gdp,1,gdp:3,false,"...9 34,06,350 36,51,547 7.2% Revenue Deficit 5,64,296 5,23,846 5,26,764 5,92,344 12.4% % of GDP 1.7% 1.5% 1.5% 1.5% Fiscal Deficit 15,74,431 15,68,936 15,58,492 16,95,768 8.8% % of GDP 4.8% 4.4% 4.4% 4.3% Primary...",D19 | p3 | UNKNOWN | D19_T001
Q02,GDP,keyword,keyword,pipeline_b,19,1.1505,D20_P004_II_PAR003,D20,SRC03,4,D20_SEC_II,II,The Spillover to India: From Sporadic to Structural,paragraph,gdp,1,gdp:3,false,"...the provisional estimates released by the National Statistics Office (NSO) under the new GDP series with base year 2022-23, real GDP growth for 2025-26 is estimated at 7.7 per cent, representing a notable...",D20 | p4 | II | D20_P004_II_PAR003
Q02,GDP,keyword,keyword,pipeline_b,20,1.1193,D01_BOX003,D01,SRC01,18,D01_SEC_1_27,1.27,TRENDS IN THE DOMESTIC ECONOMY,box,gdp,1,gdp:2,false,...guide policymaking. This became all the more important as official estimates of quarterly GDP growth are released two months after the end of the quarter. It was against this backdrop that the economic division...,D01 | p18 | 1.27 | D01_BOX003
Q02,GDP,keyword,keyword,pipeline_b,21,1.1193,D01_P010_SEC_1_9_PAR001,D01,SRC01,10,D01_SEC_1_9,1.9,TRENDS IN THE DOMESTIC ECONOMY,paragraph,gdp,1,gdp:2,false,"...FY26. According to the FAE, the share of final private consumption expenditure (PFCE) in GDP rose to 61.5 per cent in FY26, the highest level since FY12. This is corroborated by the strong performance during the...",D01 | p10 | 1.9 | D01_P010_SEC_1_9_PAR001
Q02,GDP,keyword,keyword,pipeline_b,22,1.1193,D01_P021_UNKNOWN_PAR002,D01,SRC01,21,D01_SEC_S30,UNKNOWN,Methodology,paragraph,gdp,1,gdp:2,false,This quarterly factor is then used as an exogenous variable in modelling GDP growth as an Autoregressive Integrated Moving Average with Exogenous inputs (ARIMAX) process.23 A dummy variable is also included to...,D01 | p21 | UNKNOWN | D01_P021_UNKNOWN_PAR002
Q02,GDP,keyword,keyword,pipeline_b,23,1.1193,D02_P001_UNKNOWN_PAR003,D02,SRC01,1,UNKNOWN,UNKNOWN,UNKNOWN,paragraph,gdp,1,gdp:2,false,"...enue receipts strengthened significantly, rising from an average of about 8.5 per cent of GDP in the pre-pandemic period (FY16-FY20) to around 9.1 per cent in the post-pandemic years (FY22-FY25). This improvement...",D02 | p1 | UNKNOWN | D02_P001_UNKNOWN_PAR003
Q02,GDP,keyword,keyword,pipeline_b,24,1.1193,D02_P006_SEC_2_10_PAR002,D02,SRC01,6,D02_SEC_2_10,2.10,Fiscal Developments,paragraph,gdp,1,gdp:2,false,"...collections moderated in the post- pandemic period, declining from about 1.7 per cent of GDP in FY22 to around 0.9 per cent of GDP in FY25. This moderation was driven by reductions in excise duty rates on...",D02 | p6 | 2.10 | D02_P006_SEC_2_10_PAR002
Q02,GDP,keyword,keyword,pipeline_b,25,1.1193,D02_P012_SEC_2_19_PAR001,D02,SRC01,12,D02_SEC_2_19,2.19,Fiscal Developments,paragraph,gdp,1,gdp:2,false,"2.19 The non-tax revenues of the Centre, as a percentage of GDP, have broadly remained stable at around 1.4 per cent of GDP in the post-pandemic period, in line with the pre- pandemic average, thereby providing...",D02 | p12 | 2.19 | D02_P012_SEC_2_19_PAR001
Q02,GDP,keyword,keyword,pipeline_b,26,1.1193,D02_P014_SEC_2_24_PAR001,D02,SRC01,14,D02_SEC_2_24,2.24,Fiscal Developments,paragraph,gdp,1,gdp:2,false,"...ation of revenue expenditure. The revenue expenditure has moderated from 13.6 per cent of GDP in FY22 to 10.9 per cent in FY25, which is lower than the pre-pandemic average of 11.1 per cent of GDP, thereby...",D02 | p14 | 2.24 | D02_P014_SEC_2_24_PAR001
Q02,GDP,keyword,keyword,pipeline_b,27,1.1193,D02_P014_SEC_2_25_PAR001,D02,SRC01,14,D02_SEC_2_25,2.25,Fiscal Developments,paragraph,gdp,1,gdp:2,false,"...subsidies (See Table II.4), which rose during the pandemic, declined from 1.9 per cent of GDP in FY22 to 1.2 per cent in FY25 and is budgeted at 1.1 per cent of GDP in FY26. This consolidation has been achieved...",D02 | p14 | 2.25 | D02_P014_SEC_2_25_PAR001
Q02,GDP,keyword,keyword,pipeline_b,28,1.1193,D02_P016_SEC_2_27_PAR001,D02,SRC01,16,D02_SEC_2_27,2.27,Fiscal Developments,paragraph,gdp,1,gdp:2,false,"...t of the Centre’s revenue expenditure, increased from an average of about 3.1 per cent of GDP in the pre-pandemic years to around 3.4 per cent of GDP in the post-pandemic period, reflecting higher borrowing...",D02 | p16 | 2.27 | D02_P016_SEC_2_27_PAR001
Q02,GDP,keyword,keyword,pipeline_b,29,1.1193,D02_P024_SEC_2_38_PAR001,D02,SRC01,24,D02_SEC_2_38,2.38,Fiscal Developments,paragraph,gdp,1,gdp:2,false,"...crease in revenue deficit of states as a collective, to 0.7 per cent from 0.1 per cent of GDP in FY19. Further, between FY24 and FY25PA, the revenue deficit increased by 40 basis points across all states. A key...",D02 | p24 | 2.38 | D02_P024_SEC_2_38_PAR001
Q02,GDP,keyword,keyword,pipeline_b,30,1.1193,D02_P026_SEC_2_40_PAR003,D02,SRC01,26,D02_SEC_2_40,2.40,Notes:,paragraph,gdp,1,gdp:2,false,"...the revenue account. The overall capital outlay of States increased from 2.17 per cent of GDP in FY22 to 2.37 per cent in FY25(PA); however, excluding SASCI-linked capital spending, States’ capex declined from...",D02 | p26 | 2.40 | D02_P026_SEC_2_40_PAR003
Q02,GDP,keyword,keyword,pipeline_b,31,1.1193,D02_T009,D02,SRC01,40,D02_SEC_S93,UNKNOWN,Fiscal Developments,table,gdp,1,gdp:2,false,"...of public investment efficiency. In FY24, general government investment was 4 per cent of GDP, amounting to about one-fifth of total government revenue, much higher than in most peer economies. When OECD countries...",D02 | p40 | UNKNOWN | D02_T009
Q02,GDP,keyword,keyword,pipeline_b,32,1.1193,D03_P044_SEC_3_78_PAR001,D03,SRC01,44,D03_SEC_3_78,3.78,Conclusion,paragraph,gdp,1,gdp:2,false,"...untry compared to global peers: South Korea's corporate bond market is 79 per cent of its GDP, in Malaysia, it is 54 per cent of its GDP, and in China, 38 per cent. Furthermore, India’s debt market is skewed...",D03 | p44 | 3.78 | D03_P044_SEC_3_78_PAR001
Q02,GDP,keyword,keyword,pipeline_b,33,1.1193,D03_P057_SEC_3_99_PAR003,D03,SRC01,57,D03_SEC_3_99,3.99,Foreign Portfolio Investment,paragraph,gdp,1,gdp:2,false,"...lecting relatively low replacement rates and modest pension assets (around 17 per cent of GDP) compared to OECD peers (at least 80 per cent).87 Pension assets in India make up around 15-20 per cent of GDP,...",D03 | p57 | 3.99 | D03_P057_SEC_3_99_PAR003
Q02,GDP,keyword,keyword,pipeline_b,34,1.1193,D03_P063_UNKNOWN_PAR004,D03,SRC01,63,D03_SEC_S106,UNKNOWN,CONCLUSION,paragraph,gdp,1,gdp:2,false,"...inclusive financial system, with total financial sector assets at nearly 187 per cent of GDP in CY 2024 and capital markets expanding from 144 per cent of GDP in CY 2017 to 175 per cent in CY 2024. The assessments...",D03 | p63 | UNKNOWN | D03_P063_UNKNOWN_PAR004
Q02,GDP,keyword,keyword,pipeline_b,35,1.1193,D04_P028_SEC_4_61_PAR002,D04,SRC01,28,D04_SEC_4_61,4.61,INDIA’S BALANCE OF PAYMENTS,paragraph,gdp,1,gdp:2,false,"...ithin manageable levels. In H1 FY26, the CAD moderated to USD 15 billion (0.8 per cent of GDP) from USD 25.3 billion (1.3 per cent of GDP) in H1 FY25.",D04 | p28 | 4.61 | D04_P028_SEC_4_61_PAR002
Q02,GDP,keyword,keyword,pipeline_b,36,1.1193,D05_P014_SEC_5_26_PAR001,D05,SRC01,14,D05_SEC_5_26,5.26,DOMESTIC INFLATION,paragraph,gdp,1,gdp:2,false,"5.26. It is observed that the agricultural GDP deflator has grown faster than the other sectors (Chart V.16). By FY25, it is at 2.17 relative to the 2011–12 base year. The GDP deflators of Industry and Manufacturing...",D05 | p14 | 5.26 | D05_P014_SEC_5_26_PAR001
Q02,GDP,keyword,keyword,pipeline_b,37,1.1193,D07_P004_SEC_7_8_PAR001,D07,SRC01,4,D07_SEC_7_8,7.8,GLOBAL SERVICES TRENDS AND INDIA’S EXPERIENCE,paragraph,gdp,1,gdp:2,false,"...singly evident in global services trade patterns. In 2024, the share of services trade in GDP rose relative to pre-pandemic levels, signalling a gradual, though uneven, rebalancing of global trade towards...",D07 | p4 | 7.8 | D07_P004_SEC_7_8_PAR001
Q02,GDP,keyword,keyword,pipeline_b,38,1.1193,D07_P011_SEC_7_17_PAR001,D07,SRC01,11,D07_SEC_7_17,7.17,GLOBAL SERVICES TRENDS AND INDIA’S EXPERIENCE,paragraph,gdp,1,gdp:2,false,"...me a central pillar of India’s external sector and a key driver of growth. Their share in GDP averaged 9.7 per cent during FY23-FY25,9 up from 7.4 per cent in the pre-pandemic period (Chart VII.10a). Amid subdued...",D07 | p11 | 7.17 | D07_P011_SEC_7_17_PAR001
Q02,GDP,keyword,keyword,pipeline_b,39,1.1193,D07_P030_SEC_7_52_PAR001,D07,SRC01,30,D07_SEC_7_52,7.52,New Global Cycle,paragraph,gdp,1,gdp:2,false,"...c tourism alone contributed £6.6 billion (USD 8.1 billion) in 2022 (about 0.3 per cent of GDP), reflecting strong spillovers to hospitality, transport and retail.43 Concerts also serve as short-duration tourism...",D07 | p30 | 7.52 | D07_P030_SEC_7_52_PAR001
Q02,GDP,keyword,keyword,pipeline_b,40,1.1193,D08_P031_SEC_8_57_PAR002,D08,SRC01,31,D08_SEC_8_57,8.57,Design,paragraph,gdp,1,gdp:2,false,"...eater Bay Area, for example, generates 35 per cent of national exports and 11 per cent of GDP while occupying less than 1 per cent of land. Vietnam’s two key economic regions contribute nearly two-thirds of GDP...",D08 | p31 | 8.57 | D08_P031_SEC_8_57_PAR002
Q02,GDP,keyword,keyword,pipeline_b,41,1.1193,D09_P002_SEC_9_4_PAR001,D09,SRC01,2,D09_SEC_9_4,9.4,UNKNOWN,paragraph,gdp,1,gdp:2,false,"...ture has a high multiplier effect, estimated by studies to be around 2.5 to 3.5 times the GDP over the medium term.1 This means, for every rupee spent by the government in creating infrastructure, GDP gains worth...",D09 | p2 | 9.4 | D09_P002_SEC_9_4_PAR001
Q02,GDP,keyword,keyword,pipeline_b,42,1.1193,D13_P007_SEC_1_4_PAR003,D13,SRC01,7,D13_SEC_1_4,1.4,INTRODUCTION,paragraph,gdp,1,gdp:2,false,...(RE: Revised Estimates; BE: Budget Estimates) Note: 1. The expenditure as a percentage of GDP at current market prices is based on the 2011-12 base. 2. The GDP for FY26 is as per the Union Budget FY26.,D13 | p7 | 1.4 | D13_P007_SEC_1_4_PAR003
Q02,GDP,keyword,keyword,pipeline_b,43,1.1193,D15_P013_SEC_15_18_PAR001,D15,SRC01,13,D15_SEC_15_18,15.18,Urbanisation,paragraph,gdp,1,gdp:2,false,"...ulation, up from 31 per cent in 2011, with urban areas contributing almost 70 per cent to GDP. Comparison10 of GDP/ Population ratio of large cities in India, China, the US and Germany (2023) found that the top-10...",D15 | p13 | 15.18 | D15_P013_SEC_15_18_PAR001
Q02,GDP,keyword,keyword,pipeline_b,44,1.1193,D19_P001_UNKNOWN_PAR003,D19,SRC02,1,D19_SEC_S02,UNKNOWN,Budget Highlights,paragraph,gdp,1,gdp:2,false,"▪ GDP: The government has estimated a nominal GDP growth rate of 10% in 2026-27 (i.e., real growth plus inflation).",D19 | p1 | UNKNOWN | D19_P001_UNKNOWN_PAR003
Q02,GDP,keyword,keyword,pipeline_b,45,1.1193,D19_P001_UNKNOWN_PAR005,D19,SRC02,1,D19_SEC_S02,UNKNOWN,Budget Highlights,paragraph,gdp,1,gdp:2,false,"...Debt: The central government aims to reduce its outstanding liabilities to around 50% of GDP by March 2031. In 2026- 27, outstanding liabilities are estimated to be 55.6% of the GDP.",D19 | p1 | UNKNOWN | D19_P001_UNKNOWN_PAR005
Q02,GDP,keyword,keyword,pipeline_b,46,1.1193,D19_P003_UNKNOWN_PAR008,D19,SRC02,3,D19_SEC_S03,UNKNOWN,Policy Highlights,paragraph,gdp,1,gdp:2,false,▪ GDP growth estimate: The nominal GDP is estimated to grow at a rate of 10% in 2026-27.,D19 | p3 | UNKNOWN | D19_P003_UNKNOWN_PAR008
Q02,GDP,keyword,keyword,pipeline_b,47,1.1193,D19_P008_UNKNOWN_PAR003,D19,SRC02,8,D19_SEC_S03,UNKNOWN,Policy Highlights,paragraph,gdp,1,gdp:2,false,"...t for financing its expenditure. The fiscal deficit in 2026-27 is estimated to be 4.3% of GDP, lower than 2025-26 (4.4% of GDP).",D19 | p8 | UNKNOWN | D19_P008_UNKNOWN_PAR003
Q02,GDP,keyword,keyword,pipeline_b,48,1.1193,D19_P009_UNKNOWN_PAR005,D19,SRC02,9,D19_SEC_S03,UNKNOWN,Policy Highlights,paragraph,gdp,1,gdp:2,false,...he 16th FC has introduced a new parameter which accounts for the contribution to national GDP. This replaces the tax and fiscal efforts parameter used by the 15th FC which rewarded states with a higher tax...,D19 | p9 | UNKNOWN | D19_P009_UNKNOWN_PAR005
Q02,GDP,keyword,keyword,pipeline_b,49,1.1193,D22_T004,D22,SRC03,5,D22_SEC_4_1_1,4.1.1,SECONDARY MARKETS,table,gdp,1,gdp:2,false,51-60 49 16 58 22 Total Turnover to GDP Ratio 41-50 52 14 50 10 Market Capitalisation 31-40 51 11 47 4 Equity Derivatives Year 21-30 52 23 44 17 Cash Segment to GDP Ratio Segment (Premium) 11-20 37 9 44 34 (All...,D22 | p5 | 4.1.1 | D22_T004
Q02,GDP,keyword,keyword,pipeline_b,50,1.1193,D29_BOX001,D29,SRC03,6,D29_SEC_S08,UNKNOWN,Financial Sector Assessment,box,gdp,1,gdp:2,false,"...ent the World Bank released the India - Financial Sector to approximately 175 per cent of GDP since the Assessment (FSA) Report on October 30, 2025. The 2017 assessment, backed by a robust market report observes...",D29 | p6 | UNKNOWN | D29_BOX001
Q03,FDI,keyword,keyword,pipeline_b,1,1.25,D04_BOX003,D04,SRC01,34,D04_SEC_4_78,4.78,Remittances,box,fdi,1,fdi:9,false,Returns on inward FDI are estimated as FDI equity income receipts expressed as a percentage of the total inward FDI stock.80 This indicator provides information on the profitability of direct investment enterprises....,D04 | p34 | 4.78 | D04_BOX003
Q03,FDI,keyword,keyword,pipeline_b,2,1.1747,D04_BOX007,D04,SRC01,39,D04_SEC_4_81,4.81,Remittances,box,fdi,1,fdi:4,false,"International investment flows reflect growing economic integration, with inward FDI signalling investor confidence and outward FDI reflecting the internationalisation and competitiveness of domestic firms. In recent...",D04 | p39 | 4.81 | D04_BOX007
Q03,FDI,keyword,keyword,pipeline_b,3,1.1747,D07_P005_SEC_7_9_PAR001,D07,SRC01,5,D07_SEC_7_9,7.9,GLOBAL SERVICES TRENDS AND INDIA’S EXPERIENCE,paragraph,fdi,1,fdi:4,false,"...ng shift in capital allocation. Services accounted for an average 53.5 per cent of global FDI5 during 2022-2024, up from 50.9 per cent in the pre-pandemic period, with inflows becoming increasingly concentrated....",D07 | p5 | 7.9 | D07_P005_SEC_7_9_PAR001
Q03,FDI,keyword,keyword,pipeline_b,4,1.1505,D01_P004_SEC_1_5_PAR001,D01,SRC01,4,D01_SEC_1_5,1.5,GLOBAL ECONOMIC GROWTH – FRAGILE AND DIVERGING,paragraph,fdi,1,fdi:3,false,"...croeconomic developments, has led to a deterioration in global foreign direct investment (FDI) flows. As per the United Nations Conference on Trade and Development’s (UNCTAD) World Investment Report 20254, FDI...",D01 | p4 | 1.5 | D01_P004_SEC_1_5_PAR001
Q03,FDI,keyword,keyword,pipeline_b,5,1.1505,D04_P034_SEC_4_77_PAR001,D04,SRC01,34,D04_SEC_4_77,4.77,Remittances,paragraph,fdi,1,fdi:3,false,"4.77 FDI outflows from India increased to USD 22.1 billion during April-November 2025. Despite this, improvements in gross inflows along with a moderation in profit repatriation by foreign investors led to a...",D04 | p34 | 4.77 | D04_P034_SEC_4_77_PAR001
Q03,FDI,keyword,keyword,pipeline_b,6,1.1505,D04_P034_SEC_4_78_PAR001,D04,SRC01,34,D04_SEC_4_78,4.78,Remittances,paragraph,fdi,1,fdi:3,false,"4.78 It is important to examine the return on inward FDI, while there is a recent slowdown in net FDI, which would indicate the profitability of the investments. Box IV.2 presents evidence on India’s inward FDI...",D04 | p34 | 4.78 | D04_P034_SEC_4_78_PAR001
Q03,FDI,keyword,keyword,pipeline_b,7,1.1193,D03_BOX021,D03,SRC01,60,D03_SEC_3_99,3.99,Foreign Portfolio Investment,box,fdi,1,fdi:2,false,...The Act was notified on 21 December 2025. Important provisions are as below: • Increased FDI limit: The amendment has raised the FDI limit in Indian insurance companies from 74 per cent to 100 per cent. This will...,D03 | p60 | 3.99 | D03_BOX021
Q03,FDI,keyword,keyword,pipeline_b,8,1.1193,D04_P001_UNKNOWN_PAR004,D04,SRC01,1,UNKNOWN,UNKNOWN,UNKNOWN,paragraph,fdi,1,fdi:2,false,"...ss investment inflows despite a subdued global environment for foreign direct investment (FDI) and volatile portfolio flows. Gross FDI inflows have remained resilient, supported by equity investments and...",D04 | p1 | UNKNOWN | D04_P001_UNKNOWN_PAR004
Q03,FDI,keyword,keyword,pipeline_b,9,1.1193,D04_P030_SEC_4_67_PAR001,D04,SRC01,30,D04_SEC_4_67,4.67,Remittances,paragraph,fdi,1,fdi:2,false,4.67 An assessment of India’s FDI flows needs to be placed in the context of broader global investment trends. The global FDI landscape has remained subdued through CY,D04 | p30 | 4.67 | D04_P030_SEC_4_67_PAR001
Q03,FDI,keyword,keyword,pipeline_b,10,1.1193,D04_P031_SEC_4_67_PAR001,D04,SRC01,31,D04_SEC_4_67,4.67,Remittances,paragraph,fdi,1,fdi:2,false,"...in recent years.72 According to the latest UNCTAD’s World Investment Report 2025, global FDI inflows declined by 11 per cent (YoY) in CY 2024, marking the second consecutive year of contraction (excluding European...",D04 | p31 | 4.67 | D04_P031_SEC_4_67_PAR001
Q03,FDI,keyword,keyword,pipeline_b,11,1.1193,D04_P031_SEC_4_68_PAR001,D04,SRC01,31,D04_SEC_4_68,4.68,Remittances,paragraph,fdi,1,fdi:2,false,"4.68 Despite tighter financing conditions and heightened geopolitical uncertainty, FDI inflows to developing economies remained broadly stable at USD 867 billion (57 per cent of global FDI) in CY 2024. Asia continued...",D04 | p31 | 4.68 | D04_P031_SEC_4_68_PAR001
Q03,FDI,keyword,keyword,pipeline_b,12,1.1193,D04_P033_SEC_4_75_PAR001,D04,SRC01,33,D04_SEC_4_75,4.75,Remittances,paragraph,fdi,1,fdi:2,false,"4.75 According to RBI data, in FY25, gross FDI inflows into India stood at USD 81.0 billion, representing a 13 per cent increase from USD 71.3 billion in FY2478. Of these gross FDI inflows, equity inflows accounted...",D04 | p33 | 4.75 | D04_P033_SEC_4_75_PAR001
Q03,FDI,keyword,keyword,pipeline_b,13,1.1193,D04_P035_SEC_4_79_PAR001,D04,SRC01,35,D04_SEC_4_79,4.79,Remittances,paragraph,fdi,1,fdi:2,false,"4.79 Net FDI, which has traditionally been driven by fluctuations in gross inflows, has also reflected the impact of repatriation and Overseas Direct Investment (ODI) by Indian firms in recent times. While these...",D04 | p35 | 4.79 | D04_P035_SEC_4_79_PAR001
Q03,FDI,keyword,keyword,pipeline_b,14,1.1193,D04_P036_SEC_4_80_PAR002,D04,SRC01,36,D04_SEC_4_80,4.80,Remittances,paragraph,fdi,1,fdi:2,false,"Countries have also been attracting FDI through a mix of policies and incentives, with the latter being used to stimulate investments in strategic sectors. For example, Vietnam has been able to attract greater FDI by...",D04 | p36 | 4.80 | D04_P036_SEC_4_80_PAR002
Q03,FDI,keyword,keyword,pipeline_b,15,1.1193,D04_P037_SEC_4_80_PAR014,D04,SRC01,37,D04_SEC_4_80,4.80,Remittances,paragraph,fdi,1,fdi:2,false,"...s their authority to negotiate investment deals using incentives. India’s task to attract FDI is even more complex, as it is not just competing with the world's current largest exporter for shifting GVCs to India,...",D04 | p37 | 4.80 | D04_P037_SEC_4_80_PAR014
Q03,FDI,keyword,keyword,pipeline_b,16,1.1193,D04_P037_SEC_4_80_PAR017,D04,SRC01,37,D04_SEC_4_80,4.80,Remittances,paragraph,fdi,1,fdi:2,false,...ys show that political stability and strong macroeconomic fundamentals are key drivers of FDI. India excels in this area but could better leverage its strengths. Despite a clear government intent and proven...,D04 | p37 | 4.80 | D04_P037_SEC_4_80_PAR017
Q03,FDI,keyword,keyword,pipeline_b,17,1.1193,D04_P038_SEC_4_80_PAR006,D04,SRC01,38,D04_SEC_4_80,4.80,Remittances,paragraph,fdi,1,fdi:2,false,"...ssociation (EFTA) Trade and Economic Partnership Agreement (TEPA), bodes well for India’s FDI inflows, provided these agreements are effectively implemented. This along with the signing of the India-UK...",D04 | p38 | 4.80 | D04_P038_SEC_4_80_PAR006
Q03,FDI,keyword,keyword,pipeline_b,18,1.1193,D04_P039_SEC_4_80_PAR001,D04,SRC01,39,D04_SEC_4_80,4.80,Remittances,paragraph,fdi,1,fdi:2,false,"...anding markets, and a demographic dividend, remain compelling magnets for investment, yet FDI strategies must become bolder and offer the best to global investors. The window for action is still open, but it will...",D04 | p39 | 4.80 | D04_P039_SEC_4_80_PAR001
Q03,FDI,keyword,keyword,pipeline_b,19,1.1193,D04_P057_UNKNOWN_PAR001,D04,SRC01,57,D04_SEC_S107,UNKNOWN,CONCLUSION AND OUTLOOK,paragraph,fdi,1,fdi:2,false,"composition of capital inflows is key. FDI is the most stable source, supporting BoP stability, productivity, technology transfer, and export growth. Maintaining FDI amid a competitive global capital market requires...",D04 | p57 | UNKNOWN | D04_P057_UNKNOWN_PAR001
Q03,FDI,keyword,keyword,pipeline_b,20,1.1193,D07_P005_SEC_7_10_PAR001,D07,SRC01,5,D07_SEC_7_10,7.10,GLOBAL SERVICES TRENDS AND INDIA’S EXPERIENCE,paragraph,fdi,1,fdi:2,false,"7.10. India’s experience broadly mirrors these global trends. Services-sector FDI inflows6 accounted for an average 80.2 per cent of total FDI during FY23-FY25, up from 77.7 per cent in the pre-pandemic period...",D07 | p5 | 7.10 | D07_P005_SEC_7_10_PAR001
Q03,FDI,keyword,keyword,pipeline_b,21,1.0753,D01_P027_SEC_1_35_PAR001,D01,SRC01,27,D01_SEC_1_35,1.35,Methodology,paragraph,fdi,1,fdi:1,false,"...has bolstered this balance (Chart I.25). In most years, remittances have surpassed gross FDI inflows, underscoring their importance as a key source of external funding. As a result, the current account deficit...",D01 | p27 | 1.35 | D01_P027_SEC_1_35_PAR001
Q03,FDI,keyword,keyword,pipeline_b,22,1.0753,D01_P027_SEC_1_36_PAR001,D01,SRC01,27,D01_SEC_1_36,1.36,Methodology,paragraph,fdi,1,fdi:1,false,"1.36. Within the capital account, gross FDI inflows continued to rise significantly, growing by 16.1 per cent YoY in April-November 2025. While repatriation flows have",D01 | p27 | 1.36 | D01_P027_SEC_1_36_PAR001
Q03,FDI,keyword,keyword,pipeline_b,23,1.0753,D01_P028_SEC_1_36_PAR001,D01,SRC01,28,D01_SEC_1_36,1.36,Methodology,paragraph,fdi,1,fdi:1,false,"marginally declined by 4.2 per cent, an increase in FDI by India abroad of 34.9 per cent over this period capped the growth in net FDI.28 Moreover, foreign portfolio investments have experienced fluctuations, with...",D01 | p28 | 1.36 | D01_P028_SEC_1_36_PAR001
Q03,FDI,keyword,keyword,pipeline_b,24,1.0753,D01_P028_SEC_1_38_PAR001,D01,SRC01,28,D01_SEC_1_38,1.38,Methodology,paragraph,fdi,1,fdi:1,false,"...ion. Box IV.3 in Chapter 4, External Sector explores the drivers of success in attracting FDI in countries such as Vietnam and Taiwan, and outlines a way forward.",D01 | p28 | 1.38 | D01_P028_SEC_1_38_PAR001
Q03,FDI,keyword,keyword,pipeline_b,25,1.0753,D01_P031_SEC_1_46_PAR002,D01,SRC01,31,D01_SEC_1_46,1.46,OUTLOOK AND WAY FORWARD,paragraph,fdi,1,fdi:1,false,"...anufacturing-oriented initiatives, such as the Production-Linked Incentive (PLI) schemes, FDI liberalisation, and logistics reforms, have supported capacity creation. These efforts have been supported by sustained...",D01 | p31 | 1.46 | D01_P031_SEC_1_46_PAR002
Q03,FDI,keyword,keyword,pipeline_b,26,1.0753,D03_P017_SEC_3_30_PAR001,D03,SRC01,17,D03_SEC_3_30,3.30,FINANCIAL INTERMEDIATION,paragraph,fdi,1,fdi:1,false,"...increased from ₹5 thousand crore to ₹27.7 thousand crore, and foreign direct investment (FDI) to India, which increased by 67 per cent (YoY). The increase in domestic sources is mainly attributable to a rise in...",D03 | p17 | 3.30 | D03_P017_SEC_3_30_PAR001
Q03,FDI,keyword,keyword,pipeline_b,27,1.0753,D03_P060_SEC_3_99_PAR003,D03,SRC01,60,D03_SEC_3_99,3.99,Foreign Portfolio Investment,paragraph,fdi,1,fdi:1,false,"...2025’ will usher in the much-awaited reforms in the insurance sector. An increase in the FDI limit to 100 per cent, accompanied by other amendments, paves the way for ease of doing business, the entry of more...",D03 | p60 | 3.99 | D03_P060_SEC_3_99_PAR003
Q03,FDI,keyword,keyword,pipeline_b,28,1.0753,D04_BOX005,D04,SRC01,35,D04_SEC_4_80,4.80,Remittances,box,fdi,1,fdi:1,false,"...ositioning themselves as connector countries,82 these nations have reaped the benefits of FDI, driven by tariff avoidance and the intent to serve as export platforms. Connector countries serve as a base for...",D04 | p35 | 4.80 | D04_BOX005
Q03,FDI,keyword,keyword,pipeline_b,29,1.0753,D04_P029_SEC_4_64_PAR001,D04,SRC01,29,D04_SEC_4_64,4.64,Remittances,paragraph,fdi,1,fdi:1,false,"...Furthermore, in most years, remittances (private transfer receipts) have surpassed gross FDI inflows, highlighting their importance as a dependable source of external funding (Chart IV.14).",D04 | p29 | 4.64 | D04_P029_SEC_4_64_PAR001
Q03,FDI,keyword,keyword,pipeline_b,30,1.0753,D04_P030_SEC_4_66_PAR001,D04,SRC01,30,D04_SEC_4_66,4.66,Remittances,paragraph,fdi,1,fdi:1,false,"...nt years, India’s capital account dynamics have been shaped by a combination of resilient FDI inflows, periodic swings in portfolio investment and shifts in external commercial borrowing in response to global...",D04 | p30 | 4.66 | D04_P030_SEC_4_66_PAR001
Q03,FDI,keyword,keyword,pipeline_b,31,1.0753,D04_P031_SEC_4_69_PAR001,D04,SRC01,31,D04_SEC_4_69,4.69,Remittances,paragraph,fdi,1,fdi:1,false,"4.69 Preliminary data for H1 2025 shows a further 3 per cent decline in global FDI inflows compared to H1 2024. Net cross-border mergers and acquisitions, which generally reflect immediate shifts in corporate...",D04 | p31 | 4.69 | D04_P031_SEC_4_69_PAR001
Q03,FDI,keyword,keyword,pipeline_b,32,1.0753,D04_P032_SEC_4_71_PAR001,D04,SRC01,32,D04_SEC_4_71,4.71,Remittances,paragraph,fdi,1,fdi:1,false,4.71 FDI inflows to developed countries (excluding European conduit economies) declined by 7 per cent in the H1 of 2025. The number of greenfield project announcements in these nations fell by 20 per cent over the...,D04 | p32 | 4.71 | D04_P032_SEC_4_71_PAR001
Q03,FDI,keyword,keyword,pipeline_b,33,1.0753,D04_P032_SEC_4_72_PAR001,D04,SRC01,32,D04_SEC_4_72,4.72,Remittances,paragraph,fdi,1,fdi:1,false,"...border financial flows, which include flows in securities (e.g., stocks and bonds) and in FDI, are an important mechanism of India’s integration with global capital markets. India has consistently attracted...",D04 | p32 | 4.72 | D04_P032_SEC_4_72_PAR001
Q03,FDI,keyword,keyword,pipeline_b,34,1.0753,D04_P032_SEC_4_73_PAR001,D04,SRC01,32,D04_SEC_4_73,4.73,Remittances,paragraph,fdi,1,fdi:1,false,"4.73 According to UNCTAD data, while India recorded a marginal decline of 2 per cent in FDI inflows in CY 2024, it remained the largest recipient of gross inflows in South Asia and surpassed major Asian peers such as...",D04 | p32 | 4.73 | D04_P032_SEC_4_73_PAR001
Q03,FDI,keyword,keyword,pipeline_b,35,1.0753,D04_P033_SEC_4_76_PAR001,D04,SRC01,33,D04_SEC_4_76,4.76,Remittances,paragraph,fdi,1,fdi:1,false,"4.76 In April-November 2025, gross FDI inflows strengthened further to USD 64.7 billion, compared with USD 55.8 billion in April-November 2024. The magnitude of inflows during the first eight months of the year...",D04 | p33 | 4.76 | D04_P033_SEC_4_76_PAR001
Q03,FDI,keyword,keyword,pipeline_b,36,1.0753,D04_P034_SEC_4_78_PAR002,D04,SRC01,34,D04_SEC_4_78,4.78,Remittances,paragraph,fdi,1,fdi:1,false,...ering reasonable yield without exposing investors to extreme earnings swings. The average FDI returns in India remain attractive.,D04 | p34 | 4.78 | D04_P034_SEC_4_78_PAR002
Q03,FDI,keyword,keyword,pipeline_b,37,1.0753,D04_P035_SEC_4_80_PAR001,D04,SRC01,35,D04_SEC_4_80,4.80,Remittances,paragraph,fdi,1,fdi:1,false,"4.80 Going forward, the challenge is to sustain FDI inflows in an environment of heightened global volatility, which underscores the need for a multi-pronged strategy that strengthens the investment climate by...",D04 | p35 | 4.80 | D04_P035_SEC_4_80_PAR001
Q03,FDI,keyword,keyword,pipeline_b,38,1.0753,D04_P036_SEC_4_80_PAR005,D04,SRC01,36,D04_SEC_4_80,4.80,Remittances,paragraph,fdi,1,fdi:1,false,Country Institutional structure to attract FDI Tools/Measures,D04 | p36 | 4.80 | D04_P036_SEC_4_80_PAR005
Q03,FDI,keyword,keyword,pipeline_b,39,1.0753,D04_P037_SEC_4_80_PAR015,D04,SRC01,37,D04_SEC_4_80,4.80,Remittances,paragraph,fdi,1,fdi:1,false,"India has what it takes to attract FDI, given that institutions like Invest India are already in place. However, the integration of efforts, culminating in a structure led by the highest levels of the government with...",D04 | p37 | 4.80 | D04_P037_SEC_4_80_PAR015
Q03,FDI,keyword,keyword,pipeline_b,40,1.0753,D04_P038_SEC_4_80_PAR002,D04,SRC01,38,D04_SEC_4_80,4.80,Remittances,paragraph,fdi,1,fdi:1,false,"...tages - stability, macroeconomic strength, sustained growth and market size - could boost FDI, especially in targeted sectors. Proactive diplomacy, highlighting these strengths, can help offset tariff challenges.",D04 | p38 | 4.80 | D04_P038_SEC_4_80_PAR002
Q03,FDI,keyword,keyword,pipeline_b,41,1.0753,D04_P038_SEC_4_80_PAR003,D04,SRC01,38,D04_SEC_4_80,4.80,Remittances,paragraph,fdi,1,fdi:1,false,"...to improve the investment environment by simplifying processes and procedures to attract FDI will need to be kept up.90 As foreign investors prioritise predictability and sustainability in policies, every policy...",D04 | p38 | 4.80 | D04_P038_SEC_4_80_PAR003
Q03,FDI,keyword,keyword,pipeline_b,42,1.0753,D04_P038_SEC_4_80_PAR004,D04,SRC01,38,D04_SEC_4_80,4.80,Remittances,paragraph,fdi,1,fdi:1,false,...doors to vast improvement opportunities that could yield substantial returns in terms of FDI.,D04 | p38 | 4.80 | D04_P038_SEC_4_80_PAR004
Q03,FDI,keyword,keyword,pipeline_b,43,1.0753,D04_P039_SEC_4_81_PAR001,D04,SRC01,39,D04_SEC_4_81,4.81,Remittances,paragraph,fdi,1,fdi:1,false,"...ntegration with GVCs, outward investment has emerged as an important complement to inward FDI in shaping India’s external sector. The steady rise in ODI reflects the growing competitiveness of Indian firms, their...",D04 | p39 | 4.81 | D04_P039_SEC_4_81_PAR001
Q03,FDI,keyword,keyword,pipeline_b,44,1.0753,D04_P041_SEC_4_81_PAR002,D04,SRC01,41,D04_SEC_4_81,4.81,Remittances,paragraph,fdi,1,fdi:1,false,"...nomies, where GDP growth, trade openness, and financial development are major drivers of OFDI, while human capital and inward FDI further reinforce the process in more advanced emerging markets such as BRICS. In...",D04 | p41 | 4.81 | D04_P041_SEC_4_81_PAR002
Q03,FDI,keyword,keyword,pipeline_b,45,1.0753,D04_P049_SEC_4_95_PAR001,D04,SRC01,49,D04_SEC_4_95,4.95,Conclusion,paragraph,fdi,1,fdi:1,false,"...his front, India has continued to attract investor interest, as reflected in rising gross FDI inflows (Chart IV.16). However, the global environment has shifted markedly. Policy interest rates in major AEs have...",D04 | p49 | 4.95 | D04_P049_SEC_4_95_PAR001
Q03,FDI,keyword,keyword,pipeline_b,46,1.0753,D04_P053_SEC_4_99_PAR011,D04,SRC01,53,D04_SEC_4_99,4.99,Conclusion,paragraph,fdi,1,fdi:1,false,"4.102 Complementing this process, FDI assumes a critical role beyond its contribution",D04 | p53 | 4.99 | D04_P053_SEC_4_99_PAR011
Q03,FDI,keyword,keyword,pipeline_b,47,1.0753,D04_P053_SEC_4_99_PAR012,D04,SRC01,53,D04_SEC_4_99,4.99,Conclusion,paragraph,fdi,1,fdi:1,false,"to financing. Stable FDI facilitates technology transfer, productivity enhancement and integration into GVCs, thereby strengthening export capacity and productivity over time. Deeper GVC integration, however, will...",D04 | p53 | 4.99 | D04_P053_SEC_4_99_PAR012
Q03,FDI,keyword,keyword,pipeline_b,48,1.0753,D04_P053_SEC_4_99_PAR014,D04,SRC01,53,D04_SEC_4_99,4.99,Conclusion,paragraph,fdi,1,fdi:1,false,"...economy’s ability to generate domestic savings, sustain external balance, attract stable FDI, and build export competitiveness rooted in innovation, productivity and quality.",D04 | p53 | 4.99 | D04_P053_SEC_4_99_PAR014
Q03,FDI,keyword,keyword,pipeline_b,49,1.0753,D07_P006_SEC_7_10_PAR001,D07,SRC01,6,D07_SEC_7_10,7.10,GLOBAL SERVICES TRENDS AND INDIA’S EXPERIENCE,paragraph,fdi,1,fdi:1,false,"accounted for nearly 89 per cent of services FDI, highlighting the dominance of digital, skill-intensive, and infrastructure-linked services in India’s investment profile.",D07 | p6 | 7.10 | D07_P006_SEC_7_10_PAR001
Q03,FDI,keyword,keyword,pipeline_b,50,1.0753,D07_P014_SEC_7_18_PAR007,D07,SRC01,14,D07_SEC_7_18,7.18,GLOBAL SERVICES TRENDS AND INDIA’S EXPERIENCE,paragraph,fdi,1,fdi:1,false,"..., architecture, medical and allied services. • The CEPA further provides for 100 per cent FDI by Indian companies in major services sectors in Oman through commercial presence. India-European Free Trade...",D07 | p14 | 7.18 | D07_P014_SEC_7_18_PAR007
Q04,monetary policy,phrase,phrase,pipeline_b,1,4.1747,D03_P001_UNKNOWN_PAR002,D03,SRC01,1,UNKNOWN,UNKNOWN,UNKNOWN,paragraph,monetari;polici,2,monetari:2;polici:2,true,"India's monetary and financial sectors have exhibited robust performance in FY26 (April-December 2025), underpinned by strategic policy actions and structural resilience across financial intermediation channels. In respo",D03 | p1 | UNKNOWN | D03_P001_UNKNOWN_PAR002
Q04,monetary policy,phrase,phrase,pipeline_b,2,4.1747,D03_P009_SEC_3_10_PAR001,D03,SRC01,9,D03_SEC_3_10,3.10,MONETARY DEVELOPMENTS,paragraph,monetari;polici,2,monetari:2;polici:2,true,"3.10 In the light of the evolving macroeconomic and financial developments outlined in the previous section, the RBI undertook several key monetary policy actions in FY26 (April-December). These measures were designed to",D03 | p9 | 3.10 | D03_P009_SEC_3_10_PAR001
Q04,monetary policy,phrase,phrase,pipeline_b,3,4.1747,D03_P034_SEC_3_64_PAR001,D03,SRC01,34,D03_SEC_3_64,3.64,FINANCIAL INTERMEDIATION,paragraph,monetari;polici,2,monetari:1;polici:3,true,"3.64 Capital markets help finance economic growth by channelising savings to investments. They are catalysts for wealth creation in the economy. The year FY26, so far, has been eventful for the economies and markets worl",D03 | p34 | 3.64 | D03_P034_SEC_3_64_PAR001
Q04,monetary policy,phrase,phrase,pipeline_b,4,4.1747,D05_P001_UNKNOWN_PAR002,D05,SRC01,1,UNKNOWN,UNKNOWN,UNKNOWN,paragraph,monetari;polici,2,monetari:2;polici:2,true,"This chapter provides a comprehensive analysis of recent trends in global and domestic inflation, with a particular focus on the period up to December 2025. Globally, inflation has moderated significantly from its post-p",D05 | p1 | UNKNOWN | D05_P001_UNKNOWN_PAR002
Q04,monetary policy,phrase,phrase,pipeline_b,5,4.1747,D16_P004_SEC_16_10_PAR001,D16,SRC01,4,D16_SEC_16_10,16.10,UNKNOWN,paragraph,monetari;polici,2,monetari:3;polici:1,true,"16.10. Presciently, in February 2020, shortly after the COVID-19 pandemic broke out, fund manager Alberto Gallo warned that the extraordinary monetary easing that followed the 2008 Global Financial Crisis — and the even",D16 | p4 | 16.10 | D16_P004_SEC_16_10_PAR001
Q04,monetary policy,phrase,phrase,pipeline_b,6,4.1747,D17_P009_SEC_16_99_PAR003,D17,SRC01,9,D17_SEC_16_99,16.99,Economic Survey 2025-26,paragraph,monetari;polici,2,monetari:1;polici:3,true,"By global standards, India’s RTI Act is relatively expansive. In the United States, internal personnel rules, inter-agency memos, and financial regulation reports are exempt from disclosure. Sweden protects fiscal and mo",D17 | p9 | 16.99 | D17_P009_SEC_16_99_PAR003
Q04,monetary policy,phrase,phrase,pipeline_b,7,4.1505,D01_P003_SEC_1_3_PAR001,D01,SRC01,3,D01_SEC_1_3,1.3,GLOBAL ECONOMIC GROWTH – FRAGILE AND DIVERGING,paragraph,monetari;polici,2,monetari:1;polici:2,true,"1.3. Globally, the shift from aggressive monetary policy tightening to a neutral or accommodative stance is still underway. However, the aforementioned variance in growth-inflation dynamics has led to divergent trajector",D01 | p3 | 1.3 | D01_P003_SEC_1_3_PAR001
Q04,monetary policy,phrase,phrase,pipeline_b,8,4.1505,D03_P009_SEC_3_9_PAR001,D03,SRC01,9,D03_SEC_3_9,3.9,MONETARY DEVELOPMENTS,paragraph,monetari;polici,2,monetari:2;polici:1,true,"3.9 India’s approach to monetary management balances macroeconomic objectives with social goals. By maintaining price stability, supporting financial stability, and promoting inclusive growth, monetary policy acts as a k",D03 | p9 | 3.9 | D03_P009_SEC_3_9_PAR001
Q04,monetary policy,phrase,phrase,pipeline_b,9,4.1505,D03_P011_SEC_3_16_PAR001,D03,SRC01,11,D03_SEC_3_16,3.16,Liquidity Conditions,paragraph,monetari;polici,2,monetari:1;polici:2,true,"3.16 Throughout FY26, the RBI remained agile in its liquidity management, ensuring that adequate liquidity was maintained in the banking system. This proactive approach facilitated effective transmission to the money and",D03 | p11 | 3.16 | D03_P011_SEC_3_16_PAR001
Q04,monetary policy,phrase,phrase,pipeline_b,10,4.1505,D03_P012_SEC_3_17_PAR001,D03,SRC01,12,D03_SEC_3_17,3.17,Liquidity Conditions,paragraph,monetari;polici,2,monetari:1;polici:2,true,"3.17 Monetary policy transmission to lending and deposit rates of scheduled commercial banks (SCBs) has been robust amid surplus liquidity conditions. In response to the 100-bps cumulative cut in the policy repo rate, th",D03 | p12 | 3.17 | D03_P012_SEC_3_17_PAR001
Q04,monetary policy,phrase,phrase,pipeline_b,11,4.1505,D03_P012_SEC_3_18_PAR001,D03,SRC01,12,D03_SEC_3_18,3.18,FINANCIAL INTERMEDIATION,paragraph,monetari;polici,2,monetari:1;polici:2,true,"3.18 Financial intermediaries implement monetary policy by transmitting the central bank’s decisions on interest rates, liquidity management, and credit supply to the real economy. Central banks set policy rates and cond",D03 | p12 | 3.18 | D03_P012_SEC_3_18_PAR001
Q04,monetary policy,phrase,phrase,pipeline_b,12,4.1505,D03_P021_SEC_3_41_PAR004,D03,SRC01,21,D03_SEC_3_41,3.41,FINANCIAL INTERMEDIATION,paragraph,monetari;polici,2,monetari:1;polici:2,true,"The European Central Bank utilises AI to enhance statistics for monetary policy, supplement data with sources such as text and images using large language models, and for nowcasting and forecasting inflation. It also dev",D03 | p21 | 3.41 | D03_P021_SEC_3_41_PAR004
Q04,monetary policy,phrase,phrase,pipeline_b,13,4.1505,D05_P005_SEC_5_7_PAR001,D05,SRC01,5,D05_SEC_5_7,5.7,GLOBAL INFLATION DEVELOPMENTS,paragraph,monetari;polici,2,monetari:2;polici:1,true,"5.7. Among major EMDEs, India has recorded one of the sharpest declines in headline inflation, amounting to about 1.8 percentage points (Chart V. 5). Importantly, this disinflation has occurred alongside robust GDP growt",D05 | p5 | 5.7 | D05_P005_SEC_5_7_PAR001
Q04,monetary policy,phrase,phrase,pipeline_b,14,4.1505,D16_P004_SEC_16_8_PAR001,D16,SRC01,4,D16_SEC_16_8,16.8,UNKNOWN,paragraph,monetari;polici,2,monetari:1;polici:2,true,"16.8. The response of policymakers in the developed world was to use short-run monetary policy tools as the stabiliser of aggregate demand for a long period. Policy rates were lowered to zero, and long-term rates were ke",D16 | p4 | 16.8 | D16_P004_SEC_16_8_PAR001
Q04,monetary policy,phrase,phrase,pipeline_b,15,4.1193,D01_P024_SEC_1_29_PAR001,D01,SRC01,24,D01_SEC_1_29,1.29,Methodology,paragraph,monetari;polici,2,monetari:1;polici:1,true,"1.29. The demand-led growth in the economy has unfolded alongside a marked easing of inflation, which has improved real purchasing power and supported consumption. Domestic inflation dynamics in FY26 (April-December) ref",D01 | p24 | 1.29 | D01_P024_SEC_1_29_PAR001
Q04,monetary policy,phrase,phrase,pipeline_b,16,4.1193,D01_P027_SEC_1_34_PAR001,D01,SRC01,27,D01_SEC_1_34,1.34,Methodology,paragraph,monetari;polici,2,monetari:1;polici:1,true,"1.34. While YoY growth of outstanding non-food credit stands at a reasonably stable rate of around 11.4 per cent as of November 2025 (Chart I.23), India’s commercial sector is tapping into alternative sources of financin",D01 | p27 | 1.34 | D01_P027_SEC_1_34_PAR001
Q04,monetary policy,phrase,phrase,pipeline_b,17,4.1193,D01_P030_SEC_1_43_PAR001,D01,SRC01,30,D01_SEC_1_43,1.43,OUTLOOK AND WAY FORWARD,paragraph,monetari;polici,2,monetari:1;polici:1,true,"1.43. The outlook for the global economy remains dim over the medium-term, with downside risks dominating. At the global level, growth is expected to remain modest, leading to broadly stable commodity price trends. Infla",D01 | p30 | 1.43 | D01_P030_SEC_1_43_PAR001
Q04,monetary policy,phrase,phrase,pipeline_b,18,4.1193,D03_P010_SEC_3_12_PAR001,D03,SRC01,10,D03_SEC_3_12,3.12,MONETARY DEVELOPMENTS,paragraph,monetari;polici,2,monetari:1;polici:1,true,"the impact of the CRR cut, which led to a reduction in bankers' deposits with the RBI, resulting in a decline in the growth of reserve money. The CRR-adjusted Mo reflects the true expansionary stance of monetary policy.",D03 | p10 | 3.12 | D03_P010_SEC_3_12_PAR001
Q04,monetary policy,phrase,phrase,pipeline_b,19,4.1193,D03_P017_SEC_3_31_PAR001,D03,SRC01,17,D03_SEC_3_31,3.31,FINANCIAL INTERMEDIATION,paragraph,monetari;polici,2,monetari:1;polici:1,true,"3.31 It is important to note that a concurrent increase in the flow of financial resources to the commercial sector, bolstered by greater non-bank intermediation, has accompanied the slowdown in bank credit growth in ear",D03 | p17 | 3.31 | D03_P017_SEC_3_31_PAR001
Q04,monetary policy,phrase,phrase,pipeline_b,20,4.1193,D03_P047_SEC_3_85_PAR006,D03,SRC01,47,D03_SEC_3_85,3.85,Conclusion,paragraph,monetari;polici,2,monetari:1;polici:1,true,"The pooled mean-group estimator developed by Pesaran, Shin and Smith, 199972 is employed to understand the long-run impact of these drivers on the interest rate.73 The equation below captures the long-run relationship be",D03 | p47 | 3.85 | D03_P047_SEC_3_85_PAR006
Q04,monetary policy,phrase,phrase,pipeline_b,21,4.1193,D05_P003_SEC_5_2_PAR001,D05,SRC01,3,D05_SEC_5_2,5.2,GLOBAL INFLATION DEVELOPMENTS,paragraph,monetari;polici,2,monetari:1;polici:1,true,Monetary Policy responses of global central banks,D05 | p3 | 5.2 | D05_P003_SEC_5_2_PAR001
Q04,monetary policy,phrase,phrase,pipeline_b,22,4.1193,D20_P007_SEC_2_2_1_PAR001,D20,SRC03,7,D20_SEC_2_2_1,2.2.1,The Spillover to India: From Sporadic to Structural,paragraph,monetari;polici,2,monetari:1;polici:1,true,"2025) was characterised by broad-based gains across emerging and developed market indices alike, driven by easing monetary policy, improving corporate earnings expectations, and a resilient technology sector. MSCI World",D20 | p7 | 2.2.1 | D20_P007_SEC_2_2_1_PAR001
Q04,monetary policy,phrase,phrase,pipeline_b,23,4.1193,D20_P009_SEC_2_2_1_PAR001,D20,SRC03,9,D20_SEC_2_2_1,2.2.1,The Spillover to India: From Sporadic to Structural,paragraph,monetari;polici,2,monetari:1;polici:1,true,"year Bund yields rose from 2.7 per cent at end March 2025 to 3.0 per cent by end-March 2026, as European energy vulnerability from the Gulf crisis re-elevated fiscal risk premiums and tempered the ECB’s easing ambitions.",D20 | p9 | 2.2.1 | D20_P009_SEC_2_2_1_PAR001
Q05,financial stability,phrase,phrase,pipeline_b,1,4.2386,D03_P004_SEC_3_7_PAR001,D03,SRC01,4,D03_SEC_3_7,3.7,INTRODUCTION,paragraph,financi;stabil,2,financi:7;stabil:1,true,"3.7 In addition to the above risks, global financial markets grapple with the impact introduced by new technologies such as artificial intelligence (AI). The IMF’s Financial Stability Report (FSR) of October 2025 notes t",D03 | p4 | 3.7 | D03_P004_SEC_3_7_PAR001
Q05,financial stability,phrase,phrase,pipeline_b,2,4.2386,D18_P001_UNKNOWN_PAR002,D18,SRC02,1,D18_SEC_S02,UNKNOWN,INTRODUCTION,paragraph,financi;stabil,2,financi:6;stabil:2,true,"The Financial Stability Report (FSR)1, published by the Reserve Bank of India (RBI) on a half-yearly basis, is one of the most significant policy documents assessing the resilience of India's financial system. FSR is pre",D18 | p1 | UNKNOWN | D18_P001_UNKNOWN_PAR002
Q05,financial stability,phrase,phrase,pipeline_b,3,4.2258,D03_P002_SEC_3_1_PAR001,D03,SRC01,2,D03_SEC_3_1,3.1,INTRODUCTION,paragraph,financi;stabil,2,financi:4;stabil:3,true,"supply, interest rates, and liquidity to ensure price stability while supporting sustainable economic growth. It also directly influences financial stability. Effective policy transmission through the banking and financi",D03 | p2 | 3.1 | D03_P002_SEC_3_1_PAR001
Q05,financial stability,phrase,phrase,pipeline_b,4,4.2113,D12_P018_SEC_12_28_PAR003,D12,SRC01,18,D12_SEC_12_28,12.28,EMPLOYMENT OVERVIEW,paragraph,financi;stabil,2,financi:5;stabil:1,true,"Financial well-being with earned wage access (EWA): EWA, also known as on-demand pay, is a service designed to meet the immediate short-term liquidity needs of workers. It allows users to access part or all of their wage",D12 | p18 | 12.28 | D12_P018_SEC_12_28_PAR003
Q05,financial stability,phrase,phrase,pipeline_b,5,4.2113,D29_P001_SEC_11_1_PAR005,D29,SRC03,1,D29_SEC_11_1,11.1,INTERNATIONAL ENGAGEMENTS,paragraph,financi;stabil,2,financi:4;stabil:2,true,II. Engagement with FSB: Financial Stability Board (FSB) is an international body which monitors and makes recommendations about the global financial system and promotes international financial stability. SEBI is one of,D29 | p1 | 11.1 | D29_P001_SEC_11_1_PAR005
Q05,financial stability,phrase,phrase,pipeline_b,6,4.2113,D31_P009_SEC_13_4_7_PAR004,D31,SRC03,9,D31_SEC_13_4_7,13.4.7,Office.,paragraph,financi;stabil,2,financi:3;stabil:3,true,"I. Inter-Regulatory Interface Group: The Inter- Regulatory Interface Group (IRIG), housed within DEPA, serves as SEBI’s nodal unit for co-ordination and engagement with key inter- regulatory and financial stability fora,",D31 | p9 | 13.4.7 | D31_P009_SEC_13_4_7_PAR004
Q05,financial stability,phrase,phrase,pipeline_b,7,4.1945,D03_P044_SEC_3_75_PAR001,D03,SRC01,44,D03_SEC_3_75,3.75,Conclusion,paragraph,financi;stabil,2,financi:4;stabil:1,true,3.75 A well-developed corporate bond market is indispensable to India's financial system and its path toward becoming a Viksit Bharat by 2047. Such a market channels institutional and household savings into productive se,D03 | p44 | 3.75 | D03_P044_SEC_3_75_PAR001
Q05,financial stability,phrase,phrase,pipeline_b,8,4.1945,D18_P006_UNKNOWN_PAR001,D18,SRC02,6,D18_SEC_S19,UNKNOWN,CONCLUSION,paragraph,financi;stabil,2,financi:3;stabil:2,true,"The Financial Stability Report, June 2026 presents a reassuring picture of the Indian financial system, with banks and NBFCs continuing to demonstrate strong capital positions, healthy asset quality, robust profitability",D18 | p6 | UNKNOWN | D18_P006_UNKNOWN_PAR001
Q05,financial stability,phrase,phrase,pipeline_b,9,4.1945,D20_P005_SEC_2_1_3_PAR003,D20,SRC03,5,D20_SEC_2_1_3,2.1.3,The Spillover to India: From Sporadic to Structural,paragraph,financi;stabil,2,financi:3;stabil:2,true,"For emerging market and developing economies (EMDE), the impact is expected to be disproportionately severe. The IMF has forecast EMDE growth at 3.9 per cent for 2026, revised down from the pre-conflict estimate of 4.2 p",D20 | p5 | 2.1.3 | D20_P005_SEC_2_1_3_PAR003
Q05,financial stability,phrase,phrase,pipeline_b,10,4.1747,D03_P012_SEC_3_18_PAR001,D03,SRC01,12,D03_SEC_3_18,3.18,FINANCIAL INTERMEDIATION,paragraph,financi;stabil,2,financi:3;stabil:1,true,"3.18 Financial intermediaries implement monetary policy by transmitting the central bank’s decisions on interest rates, liquidity management, and credit supply to the real economy. Central banks set policy rates and cond",D03 | p12 | 3.18 | D03_P012_SEC_3_18_PAR001
Q05,financial stability,phrase,phrase,pipeline_b,11,4.1747,D18_P002_I_PAR001,D18,SRC02,2,D18_SEC_I,I,India's Economy Remains Resilient Despite Global Uncertainty,paragraph,financi;stabil,2,financi:2;stabil:2,true,▪ One of the key takeaways from the RBI's Financial Stability Report is that the Indian economy continues to remain resilient despite heightened geopolitical tensions and an uncertain global environment. According to the,D18 | p2 | I | D18_P002_I_PAR001
Q05,financial stability,phrase,phrase,pipeline_b,12,4.1747,D18_P002_UNKNOWN_PAR002,D18,SRC02,2,D18_SEC_S02,UNKNOWN,INTRODUCTION,paragraph,financi;stabil,2,financi:3;stabil:1,true,This article analyses the key findings of the June 2026 Financial Stability Report from the perspective of the banking and financial services sector. It examines the themes that are likely to have the greatest regulatory,D18 | p2 | UNKNOWN | D18_P002_UNKNOWN_PAR002
Q05,financial stability,phrase,phrase,pipeline_b,13,4.1747,D18_P006_UNKNOWN_PAR002,D18,SRC02,6,D18_SEC_S19,UNKNOWN,CONCLUSION,paragraph,financi;stabil,2,financi:3;stabil:1,true,"At the same time, the Report serves as a reminder that financial stability is not static. Geopolitical uncertainties, inflationary pressures, rising household leverage, rapid growth in unsecured and gold-backed lending,",D18 | p6 | UNKNOWN | D18_P006_UNKNOWN_PAR002
Q05,financial stability,phrase,phrase,pipeline_b,14,4.1505,D03_P009_SEC_3_9_PAR001,D03,SRC01,9,D03_SEC_3_9,3.9,MONETARY DEVELOPMENTS,paragraph,financi;stabil,2,financi:1;stabil:2,true,"3.9 India’s approach to monetary management balances macroeconomic objectives with social goals. By maintaining price stability, supporting financial stability, and promoting inclusive growth, monetary policy acts as a k",D03 | p9 | 3.9 | D03_P009_SEC_3_9_PAR001
Q05,financial stability,phrase,phrase,pipeline_b,15,4.1505,D18_P003_V_PAR001,D18,SRC02,3,D18_SEC_V,V,Cyber Risk Emerges as a Key Financial Stability Concern,paragraph,financi;stabil,2,financi:2;stabil:1,true,"▪ The RBI has identified cyber risk as one of the most significant emerging threats to financial stability, driven by the rapid digitalisation of financial services and increasing dependence on technology. While most ban",D18 | p3 | V | D18_P003_V_PAR001
Q05,financial stability,phrase,phrase,pipeline_b,16,4.1505,D18_P006_UNKNOWN_PAR003,D18,SRC02,6,D18_SEC_S19,UNKNOWN,CONCLUSION,paragraph,financi;stabil,2,financi:2;stabil:1,true,Disclaimer: This write-up is based on the Financial Stability Report (FSR) released by the Reserve Bank of India on 30 June 2026 and is intended solely for general information and academic discussion. It reflects the aut,D18 | p6 | UNKNOWN | D18_P006_UNKNOWN_PAR003
Q05,financial stability,phrase,phrase,pipeline_b,17,4.1193,D13_P035_SEC_13_95_PAR001,D13,SRC01,35,D13_SEC_13_95,13.95,OUTLOOK,paragraph,financi;stabil,2,financi:1;stabil:1,true,"13.95. With gains in consumption for the most vulnerable, especially in rural areas, the path forward lies in amplifying this momentum through rural economic development. Reviving the rural economy through local opportun",D13 | p35 | 13.95 | D13_P035_SEC_13_95_PAR001
Q05,financial stability,phrase,phrase,pipeline_b,18,4.1193,D16_P001_UNKNOWN_PAR002,D16,SRC01,1,UNKNOWN,UNKNOWN,UNKNOWN,paragraph,financi;stabil,2,financi:1;stabil:1,true,"India enters the second half of the 2020s with stronger macroeconomic fundamentals than most major economies. Growth has been resilient, financial stability has been preserved, and policy autonomy has been retained despi",D16 | p1 | UNKNOWN | D16_P001_UNKNOWN_PAR002
Q05,financial stability,phrase,phrase,pipeline_b,19,4.1193,D18_P001_UNKNOWN_PAR001,D18,SRC02,1,UNKNOWN,UNKNOWN,UNKNOWN,paragraph,financi;stabil,2,financi:1;stabil:1,true,FINANCIAL STABILITY REPORT JUNE 2026 - SOME IMPORTANT,D18 | p1 | UNKNOWN | D18_P001_UNKNOWN_PAR001
Q05,financial stability,phrase,phrase,pipeline_b,20,4.1193,D18_P003_V_PAR003,D18,SRC02,3,D18_SEC_V,V,Cyber Risk Emerges as a Key Financial Stability Concern,paragraph,financi;stabil,2,financi:1;stabil:1,true,"▪ Accordingly, banks and NBFCs should continue to strengthen their cyber security framework, regularly upgrade technology infrastructure, reduce dependence on critical third-party vendors wherever feasible, and enhance o",D18 | p3 | V | D18_P003_V_PAR003
Q05,financial stability,phrase,phrase,pipeline_b,21,4.1193,D22_P018_UNKNOWN_PAR012,D22,SRC03,18,D22_SEC_S17,UNKNOWN,Regulatory Milestones,paragraph,financi;stabil,2,financi:1;stabil:1,true,"Moving forward, increased participation from power distribution companies is expected to further catalyse market depth, establishing electricity as a robust tradable asset class while enhancing systemic financial stabili",D22 | p18 | UNKNOWN | D22_P018_UNKNOWN_PAR012
Q05,financial stability,phrase,phrase,pipeline_b,22,4.1193,D29_P001_III_PAR002,D29,SRC03,1,D29_SEC_III,III,Other International Engagements,paragraph,financi;stabil,2,financi:1;stabil:1,true,B. SEBI is also a member of IOSCO’s Board- level Financial Stability Engagement,D29 | p1 | III | D29_P001_III_PAR002
Q05,financial stability,phrase,phrase,pipeline_b,23,4.1193,D29_P001_UNKNOWN_PAR001,D29,SRC03,1,D29_SEC_S02,UNKNOWN,INTERNATIONAL ENGAGEMENTS,paragraph,financi;stabil,2,financi:1;stabil:1,true,"Group (FSEG), which works towards enhancing IOSCO’s approach to financial stability issues, including with regard to its engagement with the FSB.",D29 | p1 | UNKNOWN | D29_P001_UNKNOWN_PAR001
Q05,financial stability,phrase,phrase,pipeline_b,24,4.1193,D31_P006_SEC_13_5_PAR003,D31,SRC03,6,D31_SEC_13_5,13.5,Office.,paragraph,financi;stabil,2,financi:1;stabil:1,true,"Department of Economic and Policy analysis is SEBI’s research arm, undertaking policy-oriented research, advanced data analytics, and integrated data management. Its other core mandates encompass fostering data democrati",D31 | p6 | 13.5 | D31_P006_SEC_13_5_PAR003
Q05,financial stability,phrase,phrase,pipeline_b,25,4.1193,D31_P009_SEC_13_4_7_PAR005,D31,SRC03,9,D31_SEC_13_4_7,13.4.7,Office.,paragraph,financi;stabil,2,financi:1;stabil:1,true,"During the year, IRIG undertook a broad range of analytical, policy and coordination functions. These included being the representative as well as contributing to the Inter-Regulatory Working Group Report on Regulatory I",D31 | p9 | 13.4.7 | D31_P009_SEC_13_4_7_PAR005
Q06,current account deficit,phrase,phrase,pipeline_b,1,5.1747,D01_P027_SEC_1_35_PAR001,D01,SRC01,27,D01_SEC_1_35,1.35,Methodology,paragraph,account;current;deficit,3,account:1;current:1;deficit:2,true,"...ed by 5.9 per cent. Following the trends in previous years, the rise in merchandise trade deficit has been counterbalanced by an increase in services trade surplus, while the growth in remittances has bolstered...",D01 | p27 | 1.35 | D01_P027_SEC_1_35_PAR001
Q06,current account deficit,phrase,phrase,pipeline_b,2,5.1505,D03_P047_SEC_3_85_PAR003,D03,SRC01,47,D03_SEC_3_85,3.85,Conclusion,paragraph,account;current;deficit,3,account:1;current:1;deficit:1,true,"...financed either by domestic savings or by foreign savings; the latter is reflected in the current account deficit (CAD). Economies that run persistent CADs are, by construction, dependent on external capital...",D03 | p47 | 3.85 | D03_P047_SEC_3_85_PAR003
Q06,current account deficit,phrase,phrase,pipeline_b,3,5.1505,D04_P028_SEC_4_61_PAR002,D04,SRC01,28,D04_SEC_4_61,4.61,INDIA’S BALANCE OF PAYMENTS,paragraph,account;current;deficit,3,account:1;current:1;deficit:1,true,"...providing a stable, counter-cyclical buffer. These components have collectively kept the current account deficit (CAD) within manageable levels. In H1 FY26, the CAD moderated to USD 15 billion (0.8 per cent of...",D04 | p28 | 4.61 | D04_P028_SEC_4_61_PAR002
Q06,current account deficit,phrase,phrase,pipeline_b,4,5.1505,D16_P002_SEC_16_1_PAR001,D16,SRC01,2,D16_SEC_16_1,16.1,UNKNOWN,paragraph,account;current;deficit,3,account:1;current:1;deficit:1,true,"...is investing, but can do more. Capital formation as a percentage of GDP is above 30%. The current account deficit is comfortably low. Foreign exchange reserves are ample. External remittances are strong. The...",D16 | p2 | 16.1 | D16_P002_SEC_16_1_PAR001
Q06,current account deficit,phrase,phrase,pipeline_b,5,5.1505,D20_P012_SEC_2_3_PAR002,D20,SRC03,12,D20_SEC_2_3,2.3,The Spillover to India: From Sporadic to Structural,paragraph,account;current;deficit,3,account:1;current:1;deficit:1,true,"...ant net importer of crude oil, higher energy prices elevate the import bill and widen the current account deficit, while posing upside risks to fuel and food inflation. The effective management of these imported...",D20 | p12 | 2.3 | D20_P012_SEC_2_3_PAR002
Q06,current account deficit,phrase,phrase,pipeline_b,6,5.1505,D20_T001,D20,SRC03,5,D20_SEC_2_1_3,2.1.3,The Spillover to India: From Sporadic to Structural,table,account;current;deficit,3,account:1;current:1;deficit:1,true,"...flict that sustains elevated crude oil prices above USD 100 per barrel would increase the current account deficit and import-led inflationary pressures, warranting close monitoring. Brazil 3.4 2.3 1.9 China 5.0...",D20 | p5 | 2.1.3 | D20_T001
Q07,GDP AND inflation,boolean_and,boolean_and,pipeline_b,1,2.2603,D05_P019_SEC_5_35_PAR001,D05,SRC01,19,D05_SEC_5_35,5.35,(Jan 2014 – Dec 2025),paragraph,gdp;inflat,2,gdp:1;inflat:9,false,"...evel inflation rates show a significant positive association with wage rates, state-level GDP growth rates and COVID impact (indicating inflation increases with the increase in wage rate and GSDP growth rate, and...",D05 | p19 | 5.35 | D05_P019_SEC_5_35_PAR001
Q07,GDP AND inflation,boolean_and,boolean_and,pipeline_b,2,2.2386,D20_T001,D20,SRC03,5,D20_SEC_2_1_3,2.1.3,The Spillover to India: From Sporadic to Structural,table,gdp;inflat,2,gdp:4;inflat:4,false,"Parameter/Countries 2024 2025 2026* Real GDP growth (Y-o-Y) World 3.4 3.4 3.1 G7 1.7 1.5 1.6 India’s economic outlook, in contrast, remains relatively more resilient. The IMF has estimated India’s real GDP growth at...",D20 | p5 | 2.1.3 | D20_T001
Q07,GDP AND inflation,boolean_and,boolean_and,pipeline_b,3,2.2113,D05_P004_SEC_5_6_PAR001,D05,SRC01,4,D05_SEC_5_6,5.6,GLOBAL INFLATION DEVELOPMENTS,paragraph,gdp;inflat,2,gdp:1;inflat:5,false,"...re easing in subsequent months as service inflation moderated. Russia experienced subdued GDP growth alongside persistently high inflation, reflecting the ongoing conflict in Ukraine and related trade sanctions....",D05 | p4 | 5.6 | D05_P004_SEC_5_6_PAR001
Q07,GDP AND inflation,boolean_and,boolean_and,pipeline_b,4,2.1945,D03_P047_SEC_3_85_PAR006,D03,SRC01,47,D03_SEC_3_85,3.85,Conclusion,paragraph,gdp;inflat,2,gdp:4;inflat:1,false,"...tal cost in the long run are given by the current account balance (CAB as a percentage of GDP), government debt (as a share of GDP), the extent of financial deepening measured by credit to the private sector (as a...",D03 | p47 | 3.85 | D03_P047_SEC_3_85_PAR006
Q07,GDP AND inflation,boolean_and,boolean_and,pipeline_b,5,2.1945,D05_P001_UNKNOWN_PAR002,D05,SRC01,1,UNKNOWN,UNKNOWN,UNKNOWN,paragraph,gdp;inflat,2,gdp:1;inflat:4,false,"...s. India stands out for achieving a sharp decline in headline inflation, alongside robust GDP growth, reflecting strong macroeconomic fundamentals and effective monetary policy.",D05 | p1 | UNKNOWN | D05_P001_UNKNOWN_PAR002
Q07,GDP AND inflation,boolean_and,boolean_and,pipeline_b,6,2.1945,D05_P005_SEC_5_7_PAR001,D05,SRC01,5,D05_SEC_5_7,5.7,GLOBAL INFLATION DEVELOPMENTS,paragraph,gdp;inflat,2,gdp:1;inflat:4,false,"...centage points (Chart V. 5). Importantly, this disinflation has occurred alongside robust GDP growth of 8 per cent in the H1 of FY26, underscoring India’s strong macroeconomic fundamentals and its ability to...",D05 | p5 | 5.7 | D05_P005_SEC_5_7_PAR001
Q07,GDP AND inflation,boolean_and,boolean_and,pipeline_b,7,2.1747,D01_P003_SEC_1_2_PAR002,D01,SRC01,3,D01_SEC_1_2,1.2,GLOBAL ECONOMIC GROWTH – FRAGILE AND DIVERGING,paragraph,gdp;inflat,2,gdp:1;inflat:3,false,"...sinesses on equipment and software to facilitate AI use, has accounted for nearly half of GDP growth in recent quarters, helping to mitigate the negative effects of trade tariffs on growth.1 This strong growth has...",D01 | p3 | 1.2 | D01_P003_SEC_1_2_PAR002
Q07,GDP AND inflation,boolean_and,boolean_and,pipeline_b,8,2.1505,D01_P010_SEC_1_9_PAR001,D01,SRC01,10,D01_SEC_1_9,1.9,TRENDS IN THE DOMESTIC ECONOMY,paragraph,gdp;inflat,2,gdp:2;inflat:1,false,"...FY26. According to the FAE, the share of final private consumption expenditure (PFCE) in GDP rose to 61.5 per cent in FY26, the highest level since FY12. This is corroborated by the strong performance during the...",D01 | p10 | 1.9 | D01_P010_SEC_1_9_PAR001
Q07,GDP AND inflation,boolean_and,boolean_and,pipeline_b,9,2.1505,D19_P001_UNKNOWN_PAR003,D19,SRC02,1,D19_SEC_S02,UNKNOWN,Budget Highlights,paragraph,gdp;inflat,2,gdp:2;inflat:1,false,"▪ GDP: The government has estimated a nominal GDP growth rate of 10% in 2026-27 (i.e., real growth plus inflation).",D19 | p1 | UNKNOWN | D19_P001_UNKNOWN_PAR003
Q07,GDP AND inflation,boolean_and,boolean_and,pipeline_b,10,2.1193,D02_P007_SEC_2_14_PAR001,D02,SRC01,7,D02_SEC_2_14,2.14,Fiscal Developments,paragraph,gdp;inflat,2,gdp:1;inflat:1,false,"...cent (Chart II.3). The GST revenue growth has broadly aligned with the prevailing nominal GDP growth conditions, thus influenced in part by lower inflation (Chart II.4a). As a result, while growth rates appear...",D02 | p7 | 2.14 | D02_P007_SEC_2_14_PAR001
Q07,GDP AND inflation,boolean_and,boolean_and,pipeline_b,11,2.1193,D07_P028_SEC_7_50_PAR001,D07,SRC01,28,D07_SEC_7_50,7.50,New Global Cycle,paragraph,gdp;inflat,2,gdp:1;inflat:1,false,"...crore at end March 202540, raising housing loans from 8.0 per cent to over 11 per cent of GDP, indicating a deeper financialisation of housing demand.",D07 | p28 | 7.50 | D07_P028_SEC_7_50_PAR001
Q08,"RBI AND ""repo rate""",boolean_and,boolean_and,pipeline_b,1,5.2113,D03_P009_SEC_3_10_PAR001,D03,SRC01,9,D03_SEC_3_10,3.10,MONETARY DEVELOPMENTS,paragraph,rate;rbi;repo,3,rate:2;rbi:2;repo:2,true,"...e evolving macroeconomic and financial developments outlined in the previous section, the RBI undertook several key monetary policy actions in FY26 (April-December). These measures were designed to support...",D03 | p9 | 3.10 | D03_P009_SEC_3_10_PAR001
Q08,"RBI AND ""repo rate""",boolean_and,boolean_and,pipeline_b,2,5.2113,D20_P004_II_PAR001,D20,SRC03,4,D20_SEC_II,II,The Spillover to India: From Sporadic to Structural,paragraph,rate;rbi;repo,3,rate:3;rbi:2;repo:1,true,"...was supported by good monsoons, higher agricultural output, easing supply chains, and GST rate rationalisation from September 2025. The Reserve Bank of India (RBI), responding to the benign inflation environment,...",D20 | p4 | II | D20_P004_II_PAR001
Q08,"RBI AND ""repo rate""",boolean_and,boolean_and,pipeline_b,3,5.1747,D03_P011_SEC_3_16_PAR001,D03,SRC01,11,D03_SEC_3_16,3.16,Liquidity Conditions,paragraph,rate;rbi;repo,3,rate:2;rbi:1;repo:1,true,"3.16 Throughout FY26, the RBI remained agile in its liquidity management, ensuring that adequate liquidity was maintained in the banking system. This proactive approach facilitated effective transmission to the money...",D03 | p11 | 3.16 | D03_P011_SEC_3_16_PAR001
Q09,banking AND credit,boolean_and,boolean_and,pipeline_b,1,2.2603,D18_P002_II_PAR001,D18,SRC02,2,D18_SEC_II,II,"Credit Growth Remains Strong, Led by Retail and Services Sectors",paragraph,bank;credit,2,bank:4;credit:6,false,"▪ The RBI notes that credit growth of Scheduled Commercial Banks (SCBs) remained robust at 14.5% year-on-year during 2025–26, reflecting broad-based strengthening in credit demand across all major sectors of the...",D18 | p2 | II | D18_P002_II_PAR001
Q09,banking AND credit,boolean_and,boolean_and,pipeline_b,2,2.2386,D06_P017_SEC_6_24_PAR001,D06,SRC01,17,D06_SEC_6_24,6.24,Credit,paragraph,bank;credit,2,bank:4;credit:4,false,"6.24 Ground Level Credit (GLC) disbursement stood at ₹28.69 lakh crore, which includes ₹15.93 lakh crore under short term loans and ₹12.77 lakh crore under term loans, surpassing the ₹27.5 lakh crore target in FY...",D06 | p17 | 6.24 | D06_P017_SEC_6_24_PAR001
Q09,banking AND credit,boolean_and,boolean_and,pipeline_b,3,2.2258,D01_P027_SEC_1_34_PAR001,D01,SRC01,27,D01_SEC_1_34,1.34,Methodology,paragraph,bank;credit,2,bank:3;credit:4,false,"1.34. While YoY growth of outstanding non-food credit stands at a reasonably stable rate of around 11.4 per cent as of November 2025 (Chart I.23), India’s commercial sector is tapping into alternative sources of...",D01 | p27 | 1.34 | D01_P027_SEC_1_34_PAR001
Q09,banking AND credit,boolean_and,boolean_and,pipeline_b,4,2.2258,D06_P017_SEC_6_23_PAR001,D06,SRC01,17,D06_SEC_6_23,6.23,Credit,paragraph,bank;credit,2,bank:4;credit:3,false,"6.23 Access to institutional credit boosts agricultural productivity by enabling investment in quality inputs, mechanisation, irrigation, improved technologies, and climate-resilient practices, particularly for small...",D06 | p17 | 6.23 | D06_P017_SEC_6_23_PAR001
Q09,banking AND credit,boolean_and,boolean_and,pipeline_b,5,2.2258,D08_P033_SEC_8_61_PAR001,D08,SRC01,33,D08_SEC_8_61,8.61,Design,paragraph,bank;credit,2,bank:1;credit:6,false,"8.61. Despite expanding credit footprints and rising digital integration, access to formal credit remains a binding constraint for many micro-enterprises due to limited collateral and documentation readiness, as is...",D08 | p33 | 8.61 | D08_P033_SEC_8_61_PAR001
Q09,banking AND credit,boolean_and,boolean_and,pipeline_b,6,2.2258,D08_P037_SEC_8_67_PAR003,D08,SRC01,37,D08_SEC_8_67,8.67,Design,paragraph,bank;credit,2,bank:2;credit:5,false,"This expansion in credit availability has also been accompanied by a gradual shift towards formal financing channels, which is a welcome trend. The share of unincorporated manufacturing establishments accessing...",D08 | p37 | 8.67 | D08_P037_SEC_8_67_PAR003
Q09,banking AND credit,boolean_and,boolean_and,pipeline_b,7,2.2113,D03_P010_SEC_3_13_PAR001,D03,SRC01,10,D03_SEC_3_13,3.13,MONETARY DEVELOPMENTS,paragraph,bank;credit,2,bank:5;credit:1,false,"...ing the same period, broad money (M3) growth, including the impact of the merger of a non-bank with a bank (with effect from 1 July 2023), was 12.1 per cent, as compared with 9 per cent a year ago. This trend in...",D03 | p10 | 3.13 | D03_P010_SEC_3_13_PAR001
Q09,banking AND credit,boolean_and,boolean_and,pipeline_b,8,2.2113,D03_P014_SEC_3_24_PAR001,D03,SRC01,14,D03_SEC_3_24,3.24,FINANCIAL INTERMEDIATION,paragraph,bank;credit,2,bank:2;credit:4,false,"3.24 In FY26, a moderation in bank credit growth was observed across major sectors compared to the same period last year, though recent months have shown an uptick. As of 31 December 2025, the (YoY) growth in...",D03 | p14 | 3.24 | D03_P014_SEC_3_24_PAR001
Q09,banking AND credit,boolean_and,boolean_and,pipeline_b,9,2.2113,D03_P016_SEC_3_26_PAR001,D03,SRC01,16,D03_SEC_3_26,3.26,FINANCIAL INTERMEDIATION,paragraph,bank;credit,2,bank:2;credit:4,false,"3.26 While the YoY growth trend in credit for industry and services has demonstrated a moderate increase in FY26 thus far, within industry, the bank credit to the MSME sector continues to show momentum and remains...",D03 | p16 | 3.26 | D03_P016_SEC_3_26_PAR001
Q09,banking AND credit,boolean_and,boolean_and,pipeline_b,10,2.2113,D03_P017_SEC_3_31_PAR001,D03,SRC01,17,D03_SEC_3_31,3.31,FINANCIAL INTERMEDIATION,paragraph,bank;credit,2,bank:3;credit:3,false,"...ase in the flow of financial resources to the commercial sector, bolstered by greater non-bank intermediation, has accompanied the slowdown in bank credit growth in early FY26. This trend indicates that non-bank...",D03 | p17 | 3.31 | D03_P017_SEC_3_31_PAR001
Q09,banking AND credit,boolean_and,boolean_and,pipeline_b,11,2.2113,D03_T002,D03,SRC01,54,D03_SEC_3_96,3.96,Foreign Portfolio Investment,table,bank;credit,2,bank:5;credit:1,false,Financial operations in GIFT City Achievements 38 IFSC Banking Units with USD 100+ billion assets; USD 142.98 billion cumulative transactions.80 Banking and credit operations Monthly turnover USD 88+ billion;...,D03 | p54 | 3.96 | D03_T002
Q09,banking AND credit,boolean_and,boolean_and,pipeline_b,12,2.2113,D08_P039_SEC_8_67_PAR003,D08,SRC01,39,D08_SEC_8_67,8.67,Design,paragraph,bank;credit,2,bank:3;credit:3,false,"Recognising the distinct credit requirements of unincorporated enterprises, the Government has already initiated several interventions such as Credit Guarantee Schemes for MSMEs,74 treatment of bank loans disbursed...",D08 | p39 | 8.67 | D08_P039_SEC_8_67_PAR003
Q09,banking AND credit,boolean_and,boolean_and,pipeline_b,13,2.1945,D03_BOX023,D03,SRC01,64,D03_SEC_S106,UNKNOWN,CONCLUSION,box,bank;credit,2,bank:4;credit:1,false,...ffences. Regulators must promote competition and innovation while safeguarding stability. Credit and capital supply must move beyond bank dominance through deeper markets and modern financial infrastructure....,D03 | p64 | UNKNOWN | D03_BOX023
Q09,banking AND credit,boolean_and,boolean_and,pipeline_b,14,2.1945,D03_P030_SEC_3_50_PAR001,D03,SRC01,30,D03_SEC_3_50,3.50,FINANCIAL INTERMEDIATION,paragraph,bank;credit,2,bank:2;credit:3,false,...payment layer such as UPI bridges the gap between account ownership and access to formal credit by generating verifiable transaction histories and sharply reducing transaction costs. Their study shows that digital...,D03 | p30 | 3.50 | D03_P030_SEC_3_50_PAR001
Q09,banking AND credit,boolean_and,boolean_and,pipeline_b,15,2.1945,D07_P010_SEC_7_16_PAR001,D07,SRC01,10,D07_SEC_7_16,7.16,GLOBAL SERVICES TRENDS AND INDIA’S EXPERIENCE,paragraph,bank;credit,2,bank:1;credit:4,false,"7.16. Bank credit growth in services has remained supportive in recent months, with the pace of expansion moving closer to its five-year average of ~14 per cent (Chart VII.9) after the cyclical downturn and sharp...",D07 | p10 | 7.16 | D07_P010_SEC_7_16_PAR001
Q09,banking AND credit,boolean_and,boolean_and,pipeline_b,16,2.1945,D08_P005_SEC_8_13_PAR001,D08,SRC01,5,D08_SEC_8_13,8.13,UNKNOWN,paragraph,bank;credit,2,bank:3;credit:2,false,"8.13. Though bank-based industrial credit growth from commercial banks moderated to 8.24 per cent in FY25 compared with 9.39 per cent in FY24, assessments indicate an ongoing diversification of funding sources away...",D08 | p5 | 8.13 | D08_P005_SEC_8_13_PAR001
Q09,banking AND credit,boolean_and,boolean_and,pipeline_b,17,2.1945,D08_P006_SEC_8_14_PAR001,D08,SRC01,6,D08_SEC_8_14,8.14,UNKNOWN,paragraph,bank;credit,2,bank:2;credit:3,false,"8.14. Against this backdrop, the moderation in bank credit flow to industry—though still growing at a rate above 8 per cent in FY25—should be seen as a sign of an ongoing structural adjustment. Diversification of...",D08 | p6 | 8.14 | D08_P006_SEC_8_14_PAR001
Q09,banking AND credit,boolean_and,boolean_and,pipeline_b,18,2.1945,D09_P004_SEC_9_12_PAR001,D09,SRC01,4,D09_SEC_9_12,9.12,UNKNOWN,paragraph,bank;credit,2,bank:3;credit:2,false,"9.12 Credit flows from non-bank financial companies (NBFCs) (net of bank borrowings), to the commercial sector grew at a robust compound annual growth rate (CAGR) of 43.3 per cent during FY20 to FY25, significantly...",D09 | p4 | 9.12 | D09_P004_SEC_9_12_PAR001
Q09,banking AND credit,boolean_and,boolean_and,pipeline_b,19,2.1945,D18_P002_II_PAR002,D18,SRC02,2,D18_SEC_II,II,"Credit Growth Remains Strong, Led by Retail and Services Sectors",paragraph,bank;credit,2,bank:1;credit:4,false,"...nding to the services sector and personal loans emerged as the primary drivers of overall credit expansion, while the share of credit to industry moderated. Within the retail segment, growth remained particularly...",D18 | p2 | II | D18_P002_II_PAR002
Q09,banking AND credit,boolean_and,boolean_and,pipeline_b,20,2.1747,D03_BOX009,D03,SRC01,27,D03_SEC_3_49,3.49,FINANCIAL INTERMEDIATION,box,bank;credit,2,bank:1;credit:3,false,"from PMMY and PM SVANidhi Government-led micro-credit initiatives have emerged as pivotal instruments in India's financial inclusion architecture, extending formal credit access to segments that have historically...",D03 | p27 | 3.49 | D03_BOX009
Q09,banking AND credit,boolean_and,boolean_and,pipeline_b,21,2.1747,D03_BOX019,D03,SRC01,46,D03_SEC_3_85,3.85,Conclusion,box,bank;credit,2,bank:2;credit:2,false,"...dha24u. 70 Weighted long term interest rates is measured as a weighted average of central bank policy rates and 10-year government bond yields, weighted by the share of bank and market-based credit in total credit...",D03 | p46 | 3.85 | D03_BOX019
Q09,banking AND credit,boolean_and,boolean_and,pipeline_b,22,2.1747,D03_P029_SEC_3_49_PAR004,D03,SRC01,29,D03_SEC_3_49,3.49,FINANCIAL INTERMEDIATION,paragraph,bank;credit,2,bank:1;credit:3,false,"...evidence from both schemes substantiates a virtuous cycle central to financial inclusion: credit access, repayment discipline, enterprise growth, and rising credit demand reinforce one another, progressively...",D03 | p29 | 3.49 | D03_P029_SEC_3_49_PAR004
Q09,banking AND credit,boolean_and,boolean_and,pipeline_b,23,2.1747,D03_P047_SEC_3_85_PAR005,D03,SRC01,47,D03_SEC_3_85,3.85,Conclusion,paragraph,bank;credit,2,bank:2;credit:2,false,"The cost of capital is captured by a weighted average of Central bank policy rates and 10- year government bond yields, weighted by the share of bank and market-based credit in total credit to the private...",D03 | p47 | 3.85 | D03_P047_SEC_3_85_PAR005
Q09,banking AND credit,boolean_and,boolean_and,pipeline_b,24,2.1747,D09_P004_SEC_9_11_PAR001,D09,SRC01,4,D09_SEC_9_11,9.11,UNKNOWN,paragraph,bank;credit,2,bank:2;credit:2,false,...e financing landscape is undergoing a change and shifting from a historical dependence on bank credit toward a diversified ecosystem of alternative financing vehicles and capital market instruments. While bank...,D09 | p4 | 9.11 | D09_P004_SEC_9_11_PAR001
Q09,banking AND credit,boolean_and,boolean_and,pipeline_b,25,2.1747,D10_P027_SEC_10_68_PAR001,D10,SRC01,27,D10_SEC_10_68,10.68,INTRODUCTION,paragraph,bank;credit,2,bank:2;credit:2,false,"...institutions, such as Indian Renewable Energy Development Agency Ltd (IREDA),90 National Bank for Agriculture and Rural Development (NABARD),91 Small Industries Development Bank of India (SIDBI),92 Power Finance...",D10 | p27 | 10.68 | D10_P027_SEC_10_68_PAR001
Q09,banking AND credit,boolean_and,boolean_and,pipeline_b,26,2.1747,D18_P006_XI_PAR001,D18,SRC02,6,D18_SEC_XI,XI,Consumer Credit Continues to Grow on Strong Credit Quality,paragraph,bank;credit,2,bank:1;credit:3,false,"▪ The RBI notes that consumer credit continues to be a key driver of lending growth for both banks and NBFCs, with credit expanding at a faster pace than overall advances. Demand for retail credit remains strong,...",D18 | p6 | XI | D18_P006_XI_PAR001
Q09,banking AND credit,boolean_and,boolean_and,pipeline_b,27,2.1505,D03_P012_SEC_3_18_PAR001,D03,SRC01,12,D03_SEC_3_18,3.18,FINANCIAL INTERMEDIATION,paragraph,bank;credit,2,bank:2;credit:1,false,"3.18 Financial intermediaries implement monetary policy by transmitting the central bank’s decisions on interest rates, liquidity management, and credit supply to the real economy. Central banks set policy rates and...",D03 | p12 | 3.18 | D03_P012_SEC_3_18_PAR001
Q09,banking AND credit,boolean_and,boolean_and,pipeline_b,28,2.1505,D03_P018_SEC_3_32_PAR001,D03,SRC01,18,D03_SEC_3_32,3.32,FINANCIAL INTERMEDIATION,paragraph,bank;credit,2,bank:2;credit:1,false,"...ucted through Regional Rural Banks (RRBs). These banks provide an alternative channel for credit distribution to small and marginal farmers, agricultural labourers, and socioeconomically disadvantaged groups....",D03 | p18 | 3.32 | D03_P018_SEC_3_32_PAR001
Q09,banking AND credit,boolean_and,boolean_and,pipeline_b,29,2.1505,D03_P019_SEC_3_35_PAR001,D03,SRC01,19,D03_SEC_3_35,3.35,FINANCIAL INTERMEDIATION,paragraph,bank;credit,2,bank:1;credit:2,false,"3.35 Additionally, credit expansion has contributed to an increase in the consolidated credit-to-deposit ratio, which rose from 71.4 per cent in March 2024 to 73.8 per cent as of March 2025, the highest level...",D03 | p19 | 3.35 | D03_P019_SEC_3_35_PAR001
Q09,banking AND credit,boolean_and,boolean_and,pipeline_b,30,2.1505,D03_P031_SEC_3_52_PAR001,D03,SRC01,31,D03_SEC_3_52,3.52,FINANCIAL INTERMEDIATION,paragraph,bank;credit,2,bank:1;credit:2,false,"3.52 While financial intermediaries fulfil their role in extending credit to diverse economic agents, debtors may occasionally encounter difficulties in their endeavours. This necessitates the implementation of...",D03 | p31 | 3.52 | D03_P031_SEC_3_52_PAR001
Q09,banking AND credit,boolean_and,boolean_and,pipeline_b,31,2.1505,D03_P044_SEC_3_75_PAR001,D03,SRC01,44,D03_SEC_3_75,3.75,Conclusion,paragraph,bank;credit,2,bank:1;credit:2,false,"...yield curve and supports the development of critical risk management instruments such as credit derivatives and securitisation. For the financial sector specifically, a deep corporate bond market reduces systemic...",D03 | p44 | 3.75 | D03_P044_SEC_3_75_PAR001
Q09,banking AND credit,boolean_and,boolean_and,pipeline_b,32,2.1505,D03_P064_UNKNOWN_PAR001,D03,SRC01,64,D03_SEC_S106,UNKNOWN,CONCLUSION,paragraph,bank;credit,2,bank:2;credit:1,false,"...nd mutual funds; NBFCs perform functions similar to those of banks; fintechs intermediate credit and payments. To avoid regulatory arbitrage, inconsistency, and enforcement blind spots, regulation should shift...",D03 | p64 | UNKNOWN | D03_P064_UNKNOWN_PAR001
Q09,banking AND credit,boolean_and,boolean_and,pipeline_b,33,2.1505,D04_P025_SEC_4_54_PAR001,D04,SRC01,25,D04_SEC_4_54,4.54,Industry Response,paragraph,bank;credit,2,bank:1;credit:2,false,...EPM’s effectiveness is further reinforced by complementary steps announced by the Reserve Bank of India that aim at mitigating debt-servicing stress and promoting the continuity of viable export-oriented...,D04 | p25 | 4.54 | D04_P025_SEC_4_54_PAR001
Q09,banking AND credit,boolean_and,boolean_and,pipeline_b,34,2.1505,D10_P040_SEC_10_99_PAR002,D10,SRC01,40,D10_SEC_10_99,10.99,Finance Framework,paragraph,bank;credit,2,bank:2;credit:1,false,"...development banks, the greater use of risk- sharing and blended finance, recalibration of credit rating practices, and predictable concessional finance are essential to lowering the cost of capital and attracting...",D10 | p40 | 10.99 | D10_P040_SEC_10_99_PAR002
Q09,banking AND credit,boolean_and,boolean_and,pipeline_b,35,2.1505,D11_P016_SEC_11_24_PAR001,D11,SRC01,16,D11_SEC_11_24,11.24,EDUCATION: ENHANCING QUALITY AND ACCESS,paragraph,bank;credit,2,bank:1;credit:2,false,"...4. Under the NEP, the higher education system has undergone several reforms. The National Credit Framework (NCrF), which aims to blend academic and skills-based learning, has been adopted by 170 universities. The...",D11 | p16 | 11.24 | D11_P016_SEC_11_24_PAR001
Q09,banking AND credit,boolean_and,boolean_and,pipeline_b,36,2.1505,D14_P021_SEC_14_46_PAR001,D14,SRC01,21,D14_SEC_14_46,14.46,HUMAN CAPITAL FOR AI,paragraph,bank;credit,2,bank:1;credit:2,false,"...he National Education Policy 2020’s Multiple Entry Multiple Exit provisions, the Academic Bank of Credits, and the National Credit Framework, India has the policy infrastructure in place to make this vision...",D14 | p21 | 14.46 | D14_P021_SEC_14_46_PAR001
Q09,banking AND credit,boolean_and,boolean_and,pipeline_b,37,2.1505,D18_P003_VI_PAR005,D18,SRC02,3,D18_SEC_VI,VI,Shift Towards Higher-Yield Lending Calls for Continued Vigilance,paragraph,bank;credit,2,bank:2;credit:1,false,"...ance. These observations are particularly relevant for banks while framing their lending, credit appraisal and risk management policies. The key areas highlighted by the RBI are as follows:",D18 | p3 | VI | D18_P003_VI_PAR005
Q09,banking AND credit,boolean_and,boolean_and,pipeline_b,38,2.1193,D01_P013_SEC_1_13_PAR001,D01,SRC01,13,D01_SEC_1_13,1.13,TRENDS IN THE DOMESTIC ECONOMY,paragraph,bank;credit,2,bank:1;credit:1,false,"...ndicates a firming of the investment cycle, likely driven by continued growth in non-food bank credit, coupled with capacity utilisation remaining above its long-term average. High-frequency indicators for the...",D01 | p13 | 1.13 | D01_P013_SEC_1_13_PAR001
Q09,banking AND credit,boolean_and,boolean_and,pipeline_b,39,2.1193,D01_P034_SEC_3_PAR003,D01,SRC01,34,D01_SEC_3,3,Trend TFP: digital infrastructure and allocative efficiency,paragraph,bank;credit,2,bank:1;credit:1,false,"...ncy indicators in recent years. Growth in e-way bill generation, PMI indices and non-food bank credit has remained persistently above their respective pre-pandemic averages, rather than reverting to previous...",D01 | p34 | 3 | D01_P034_SEC_3_PAR003
Q09,banking AND credit,boolean_and,boolean_and,pipeline_b,40,2.1193,D01_T005,D01,SRC01,13,D01_SEC_1_13,1.13,TRENDS IN THE DOMESTIC ECONOMY,table,bank;credit,2,bank:1;credit:1,false,Indicators Q1 FY26 Q2 FY26 Q3 FY26 Monthly Avg YoY Growth (FY16-FY20) Non-food bank credit 10.2 10.4 14.4 9.7 IIP Capital goods* 9.8 5.6 6.2 0.2 Capital Goods Imports* 6.6 9.2 13.4 7.1 Capacity Utilisation (in %)...,D01 | p13 | 1.13 | D01_T005
Q09,banking AND credit,boolean_and,boolean_and,pipeline_b,41,2.1193,D03_P011_SEC_3_16_PAR001,D03,SRC01,11,D03_SEC_3_16,3.16,Liquidity Conditions,paragraph,bank;credit,2,bank:1;credit:1,false,"...nking system. This proactive approach facilitated effective transmission to the money and credit markets, meeting the economy’s productive requirements. As a result, the weighted average call rate, which serves as...",D03 | p11 | 3.16 | D03_P011_SEC_3_16_PAR001
Q09,banking AND credit,boolean_and,boolean_and,pipeline_b,42,2.1193,D03_P012_SEC_3_19_PAR001,D03,SRC01,12,D03_SEC_3_19,3.19,FINANCIAL INTERMEDIATION,paragraph,bank;credit,2,bank:1;credit:1,false,"...capital markets, and digital fintech platforms. These entities mobilise savings, channel credit, manage risks, and enable efficient transactions, thereby bridging the gap between savers and borrowers. The...",D03 | p12 | 3.19 | D03_P012_SEC_3_19_PAR001
Q09,banking AND credit,boolean_and,boolean_and,pipeline_b,43,2.1193,D03_P016_SEC_3_29_PAR001,D03,SRC01,16,D03_SEC_3_29,3.29,FINANCIAL INTERMEDIATION,paragraph,bank;credit,2,bank:1;credit:1,false,"...ancial resources to the commercial sector, there has been a increase in the flow from non-bank sources, which have risen by 23.8 per cent (YoY), while the non-food bank credit has experienced a growth of 58.6 per...",D03 | p16 | 3.29 | D03_P016_SEC_3_29_PAR001
Q09,banking AND credit,boolean_and,boolean_and,pipeline_b,44,2.1193,D03_P018_SEC_3_31_PAR001,D03,SRC01,18,D03_SEC_3_31,3.31,FINANCIAL INTERMEDIATION,paragraph,bank;credit,2,bank:1;credit:1,false,"instruments to meet their funding requirements, while MSMEs primarily depend on bank credit to fulfil their funding needs.",D03 | p18 | 3.31 | D03_P018_SEC_3_31_PAR001
Q09,banking AND credit,boolean_and,boolean_and,pipeline_b,45,2.1193,D03_P019_SEC_3_38_PAR001,D03,SRC01,19,D03_SEC_3_38,3.38,FINANCIAL INTERMEDIATION,paragraph,bank;credit,2,bank:1;credit:1,false,3.38 The public sector banks (PSBs) have launched the credit assessment model (CAM),D03 | p19 | 3.38 | D03_P019_SEC_3_38_PAR001
Q09,banking AND credit,boolean_and,boolean_and,pipeline_b,46,2.1193,D03_P021_SEC_3_41_PAR002,D03,SRC01,21,D03_SEC_3_41,3.41,FINANCIAL INTERMEDIATION,paragraph,bank;credit,2,bank:1;credit:1,false,"...y and a higher degree of personalisation at scale.34 Further, the AI- powered alternative credit scoring models promote financial inclusion, particularly in developing economies.",D03 | p21 | 3.41 | D03_P021_SEC_3_41_PAR002
Q09,banking AND credit,boolean_and,boolean_and,pipeline_b,47,2.1193,D03_P029_SEC_3_50_PAR001,D03,SRC01,29,D03_SEC_3_50,3.50,FINANCIAL INTERMEDIATION,paragraph,bank;credit,2,bank:1;credit:1,false,"...account aggregator framework, a key DPI pillar, supplies lenders with verified data like bank transactions and GST records, enabling lending to underserved and first-time credit users. DPI payment interfaces, such...",D03 | p29 | 3.50 | D03_P029_SEC_3_50_PAR001
Q09,banking AND credit,boolean_and,boolean_and,pipeline_b,48,2.1193,D03_P044_SEC_3_76_PAR001,D03,SRC01,44,D03_SEC_3_76,3.76,Conclusion,paragraph,bank;credit,2,bank:1;credit:1,false,"...ts for 15-16 per cent of the country’s GDP and corporate bond fundraising now complements bank credit, reflecting growing investor confidence and a gradual shift towards market-based financing.",D03 | p44 | 3.76 | D03_P044_SEC_3_76_PAR001
Q09,banking AND credit,boolean_and,boolean_and,pipeline_b,49,2.1193,D08_P006_SEC_8_13_PAR001,D08,SRC01,6,D08_SEC_8_13,8.13,UNKNOWN,paragraph,bank;credit,2,bank:1;credit:1,false,"...Y20.7 These trends highlight how effectively the financial resources are growing from non-bank sources, offsetting the moderation in credit from bank sources.8",D08 | p6 | 8.13 | D08_P006_SEC_8_13_PAR001
Q09,banking AND credit,boolean_and,boolean_and,pipeline_b,50,2.1193,D08_P006_SEC_8_14_PAR002,D08,SRC01,6,D08_SEC_8_14,8.14,UNKNOWN,paragraph,bank;credit,2,bank:1;credit:1,false,bank credit (in per cent),D08 | p6 | 8.14 | D08_P006_SEC_8_14_PAR002
Q10,GDP OR GVA,boolean_or,boolean_or,pipeline_b,1,2.1505,D01_P015_SEC_1_19_PAR001,D01,SRC01,15,D01_SEC_1_19,1.19,TRENDS IN THE DOMESTIC ECONOMY,paragraph,gdp;gva,2,gdp:1;gva:2,false,"1.19. Regarding the industry, a concern is often raised about its declining share in GVA. The compression in manufacturing’s GVA share stems from relative price effects rather than reflecting a decline in...",D01 | p15 | 1.19 | D01_P015_SEC_1_19_PAR001
Q10,GDP OR GVA,boolean_or,boolean_or,pipeline_b,2,2.1505,D05_P014_SEC_5_25_PAR001,D05,SRC01,14,D05_SEC_5_25,5.25,DOMESTIC INFLATION,paragraph,gdp;gva,2,gdp:1;gva:2,false,"5.25. Following the logic of GDP deflators, one could find the implicit price deflator for a sector as the ratio of its Nominal or Current price GVA to Real or Constant price GVA. It’s essentially a price index for...",D05 | p14 | 5.25 | D05_P014_SEC_5_25_PAR001
Q10,GDP OR GVA,boolean_or,boolean_or,pipeline_b,3,2.1193,D01_P009_SEC_1_8_PAR002,D01,SRC01,9,D01_SEC_1_8,1.8,TRENDS IN THE DOMESTIC ECONOMY,paragraph,gdp;gva,2,gdp:1;gva:1,false,"...nistry of Statistics and Programme Implementation (MoSPI). These estimates place the real GDP growth rate at 7.4 per cent and the GVA growth rate at 7.3 per cent, surpassing earlier projections by various agencies...",D01 | p9 | 1.8 | D01_P009_SEC_1_8_PAR002
Q10,GDP OR GVA,boolean_or,boolean_or,pipeline_b,4,2.1193,D01_P017_SEC_1_24_PAR001,D01,SRC01,17,D01_SEC_1_24,1.24,TRENDS IN THE DOMESTIC ECONOMY,paragraph,gdp;gva,2,gdp:1;gva:1,false,"1.24. GVA in services grew by 9.3 per cent in H1 of FY26, exceeding the 7.0 per cent growth recorded in H1 of FY25 and the pre-pandemic average of 7.9 per cent (Chart I.18). This momentum gained further traction in...",D01 | p17 | 1.24 | D01_P017_SEC_1_24_PAR001
Q10,GDP OR GVA,boolean_or,boolean_or,pipeline_b,5,2.1193,D01_T002,D01,SRC01,9,D01_SEC_1_8,1.8,TRENDS IN THE DOMESTIC ECONOMY,table,gdp;gva,2,gdp:1;gva:1,false,"...Services 6.9 9.9 7.2 9.9 Public Administration, Defence & Other Services 8.9 9.7 8.9 9.9 GVA at Basic Prices 6.2 7.9 6.4 7.3 Expenditure Components (Demand Side) Private Final Consumption Expenditure (PFCE) 7.3...",D01 | p9 | 1.8 | D01_T002
Q10,GDP OR GVA,boolean_or,boolean_or,pipeline_b,6,2.1193,D07_P006_SEC_7_11_PAR001,D07,SRC01,6,D07_SEC_7_11,7.11,GLOBAL SERVICES TRENDS AND INDIA’S EXPERIENCE,paragraph,gdp;gva,2,gdp:1;gva:1,false,"...se conditions, the services sector in India gained momentum in H1 FY26, with its share in GDP rising to 53.6 per cent, higher than that in H1 FY25 and the pre-pandemic period (H1 FY16-H1 FY20) (Chart VII.5)....",D07 | p6 | 7.11 | D07_P006_SEC_7_11_PAR001
Q10,GDP OR GVA,boolean_or,boolean_or,pipeline_b,7,2.1193,D08_P017_SEC_8_35_PAR001,D08,SRC01,17,D08_SEC_8_35,8.35,Pharmaceuticals,paragraph,gdp;gva,2,gdp:1;gva:1,false,"...extile industry, with a size of about USD 179 billion, contributes close to 2 per cent of GDP and accounts for about 11 per cent of the manufacturing GVA. India is the world's largest cultivator of cotton by...",D08 | p17 | 8.35 | D08_P017_SEC_8_35_PAR001
Q10,GDP OR GVA,boolean_or,boolean_or,pipeline_b,8,1.25,D02_P041_SEC_2_56_PAR002,D02,SRC01,41,D02_SEC_2_56,2.56,CONCLUSION AND OUTLOOK,paragraph,gdp,1,gdp:9,false,"...ry and World Bank’s world development indicators’ database, general government revenue to GDP ratios for OECD countries at middle-income per capita GDP levels (US$2,000-US$3,000 in current prices, comparable to...",D02 | p41 | 2.56 | D02_P041_SEC_2_56_PAR002
Q10,GDP OR GVA,boolean_or,boolean_or,pipeline_b,9,1.1945,D02_P004_SEC_2_7_PAR001,D02,SRC01,4,D02_SEC_2_7,2.7,CENTRAL GOVERNMENT FINANCES,paragraph,gdp,1,gdp:5,false,"...strong performance, with collections increasing from an average of about 2.4 per cent of GDP in the pre- pandemic period to around 3.3 per cent of GDP in the post-pandemic period. Even within the post-pandemic...",D02 | p4 | 2.7 | D02_P004_SEC_2_7_PAR001
Q10,GDP OR GVA,boolean_or,boolean_or,pipeline_b,10,1.1747,D02_P003_SEC_2_4_PAR001,D02,SRC01,3,D02_SEC_2_4,2.4,CENTRAL GOVERNMENT FINANCES,paragraph,gdp,1,gdp:4,false,"2.4 Accordingly, the fiscal deficit declined from 9.2 per cent of GDP in FY21 to 4.8 per cent of GDP in FY25 [Provisional Accounts, (PA)] and is budgeted at 4.4 per cent of GDP in FY26 (Chart II.1). Over the same...",D02 | p3 | 2.4 | D02_P003_SEC_2_4_PAR001
Q10,GDP OR GVA,boolean_or,boolean_or,pipeline_b,11,1.1747,D02_P004_SEC_2_6_PAR001,D02,SRC01,4,D02_SEC_2_6,2.6,CENTRAL GOVERNMENT FINANCES,paragraph,gdp,1,gdp:4,false,2.6 Revenue receipts increased from an average of about 8.5 per cent of GDP during the pre-pandemic period (FY16-FY20) to around 9.1 per cent of GDP in the post-pandemic period (FY22-FY25 PA).3 This improvement was...,D02 | p4 | 2.6 | D02_P004_SEC_2_6_PAR001
Q10,GDP OR GVA,boolean_or,boolean_or,pipeline_b,12,1.1747,D02_P018_SEC_2_29_PAR001,D02,SRC01,18,D02_SEC_2_29,2.29,Fiscal Developments,paragraph,gdp,1,gdp:4,false,...Centre has progressively scaled up capital expenditure from an average of 1.7 per cent of GDP in the pre-pandemic period to an average of 2.9 per cent of GDP in the years after the pandemic (Chart II.5). At the...,D02 | p18 | 2.29 | D02_P018_SEC_2_29_PAR001
Q10,GDP OR GVA,boolean_or,boolean_or,pipeline_b,13,1.1747,D03_P047_SEC_3_85_PAR006,D03,SRC01,47,D03_SEC_3_85,3.85,Conclusion,paragraph,gdp,1,gdp:4,false,"...tal cost in the long run are given by the current account balance (CAB as a percentage of GDP), government debt (as a share of GDP), the extent of financial deepening measured by credit to the private sector (as a...",D03 | p47 | 3.85 | D03_P047_SEC_3_85_PAR006
Q10,GDP OR GVA,boolean_or,boolean_or,pipeline_b,14,1.1747,D19_P003_UNKNOWN_PAR007,D19,SRC02,3,D19_SEC_S03,UNKNOWN,Policy Highlights,paragraph,gdp,1,gdp:4,false,"▪ Deficits: Revenue deficit is targeted at 1.5% of GDP, similar to the revised estimate for 2025-26 (1.5% of GDP). Fiscal deficit is targeted at 4.3% of GDP in 2026-27, lower than the revised estimate for 2025-26...",D19 | p3 | UNKNOWN | D19_P003_UNKNOWN_PAR007
Q10,GDP OR GVA,boolean_or,boolean_or,pipeline_b,15,1.1747,D20_T001,D20,SRC03,5,D20_SEC_2_1_3,2.1.3,The Spillover to India: From Sporadic to Structural,table,gdp,1,gdp:4,false,"Parameter/Countries 2024 2025 2026* Real GDP growth (Y-o-Y) World 3.4 3.4 3.1 G7 1.7 1.5 1.6 India’s economic outlook, in contrast, remains relatively more resilient. The IMF has estimated India’s real GDP growth at...",D20 | p5 | 2.1.3 | D20_T001
Q10,GDP OR GVA,boolean_or,boolean_or,pipeline_b,16,1.1505,D01_P025_SEC_1_31_PAR001,D01,SRC01,25,D01_SEC_1_31,1.31,Methodology,paragraph,gdp,1,gdp:3,false,"...increased from about 12.5 per cent to 22.6 per cent, while effective capex as a share of GDP rose from roughly 2.6 per cent to 4.0 per cent. Even as the states are overshooting their revenue deficit, the central...",D01 | p25 | 1.31 | D01_P025_SEC_1_31_PAR001
Q10,GDP OR GVA,boolean_or,boolean_or,pipeline_b,17,1.1505,D02_P001_UNKNOWN_PAR004,D02,SRC01,1,UNKNOWN,UNKNOWN,UNKNOWN,paragraph,gdp,1,gdp:3,false,"...n improvement in expenditure quality. Revenue expenditure moderated from 13.6 per cent of GDP in FY22 to 10.9 per cent in FY25, creating space for productive capital outlays. Capital expenditure was scaled up from...",D02 | p1 | UNKNOWN | D02_P001_UNKNOWN_PAR004
Q10,GDP OR GVA,boolean_or,boolean_or,pipeline_b,18,1.1505,D02_P025_SEC_2_40_PAR001,D02,SRC01,25,D02_SEC_2_40,2.40,Notes:,paragraph,gdp,1,gdp:3,false,"2.40 Total revenue receipts of States, as a percentage of GDP, declined from about 13.3 per cent in FY22 to 12.2 per cent in FY25(PA), thereby constraining fiscal space at the combined State level. In this...",D02 | p25 | 2.40 | D02_P025_SEC_2_40_PAR001
Q10,GDP OR GVA,boolean_or,boolean_or,pipeline_b,19,1.1505,D02_P029_UNKNOWN_PAR002,D02,SRC01,29,D02_SEC_S71,UNKNOWN,Fiscal Developments,paragraph,gdp,1,gdp:3,false,"...health and personal needs. Some view it as a return for their unpaid contribution to the GDP.32 However, their rapid scale-up and persistence raise concerns about fiscal sustainability and medium-term growth,...",D02 | p29 | UNKNOWN | D02_P029_UNKNOWN_PAR002
Q10,GDP OR GVA,boolean_or,boolean_or,pipeline_b,20,1.1505,D03_P041_SEC_3_73_PAR003,D03,SRC01,41,D03_SEC_3_73,3.73,Conclusion,paragraph,gdp,1,gdp:3,false,"...a’s corporate bond market remains underdeveloped, accounting for around 16-17 per cent of GDP, compared with the equity market capitalisation of over 130 per cent of GDP. This is substantially lower than in major...",D03 | p41 | 3.73 | D03_P041_SEC_3_73_PAR003
Q10,GDP OR GVA,boolean_or,boolean_or,pipeline_b,21,1.1505,D05_P013_SEC_5_24_PAR001,D05,SRC01,13,D05_SEC_5_24,5.24,DOMESTIC INFLATION,paragraph,gdp,1,gdp:3,false,"5.24. The GDP deflator is a broad measure of general price level in an economy. It is defined as the ratio of nominal GDP to real GDP. Unlike CPI or WPI, it reflects economy- wide price movements, including in...",D05 | p13 | 5.24 | D05_P013_SEC_5_24_PAR001
Q10,GDP OR GVA,boolean_or,boolean_or,pipeline_b,22,1.1505,D07_P008_SEC_7_13_PAR002,D07,SRC01,8,D07_SEC_7_13,7.13,GLOBAL SERVICES TRENDS AND INDIA’S EXPERIENCE,paragraph,gva,1,gva:3,false,"...such as trade and repair, and professional, scientific and business services, maintained GVA shares of around 20 per cent each. In contrast, computer and information services more than doubled their GVA share from...",D07 | p8 | 7.13 | D07_P008_SEC_7_13_PAR002
Q10,GDP OR GVA,boolean_or,boolean_or,pipeline_b,23,1.1505,D15_P013_UNKNOWN_PAR001,D15,SRC01,13,D15_SEC_S24,UNKNOWN,Urbanisation,paragraph,gdp,1,gdp:3,false,"...ource Revenue) but remains minuscule relative to comparators, being only 0.15 per cent of GDP in aggregate nationwide, compared to 0.3–0.6 per cent of GDP for low- and middle-income countries on average. For most...",D15 | p13 | UNKNOWN | D15_P013_UNKNOWN_PAR001
Q10,GDP OR GVA,boolean_or,boolean_or,pipeline_b,24,1.1505,D19_P001_UNKNOWN_PAR004,D19,SRC02,1,D19_SEC_S02,UNKNOWN,Budget Highlights,paragraph,gdp,1,gdp:3,false,"▪ Deficits: Revenue deficit in 2026-27 is targeted at 1.5% of GDP. This is similar to the revised estimate of 1.5% in 2025- 26. Fiscal deficit in 2026-27 is targeted at 4.3% of GDP, lower than the revised estimate of...",D19 | p1 | UNKNOWN | D19_P001_UNKNOWN_PAR004
Q10,GDP OR GVA,boolean_or,boolean_or,pipeline_b,25,1.1505,D19_P008_UNKNOWN_PAR011,D19,SRC02,8,D19_SEC_S03,UNKNOWN,Policy Highlights,paragraph,gdp,1,gdp:3,false,"▪ Centre’s outstanding liabilities in 2026-27 are estimated to be 55.6% of GDP. Outstanding liabilities rose between 2018- 19 and 2020-21, reaching a high of 61% of GDP in 2020-21, and have moderated thereafter. The...",D19 | p8 | UNKNOWN | D19_P008_UNKNOWN_PAR011
Q10,GDP OR GVA,boolean_or,boolean_or,pipeline_b,26,1.1505,D19_T001,D19,SRC02,3,D19_SEC_S03,UNKNOWN,Policy Highlights,table,gdp,1,gdp:3,false,"...9 34,06,350 36,51,547 7.2% Revenue Deficit 5,64,296 5,23,846 5,26,764 5,92,344 12.4% % of GDP 1.7% 1.5% 1.5% 1.5% Fiscal Deficit 15,74,431 15,68,936 15,58,492 16,95,768 8.8% % of GDP 4.8% 4.4% 4.4% 4.3% Primary...",D19 | p3 | UNKNOWN | D19_T001
Q10,GDP OR GVA,boolean_or,boolean_or,pipeline_b,27,1.1505,D20_P004_II_PAR003,D20,SRC03,4,D20_SEC_II,II,The Spillover to India: From Sporadic to Structural,paragraph,gdp,1,gdp:3,false,"...the provisional estimates released by the National Statistics Office (NSO) under the new GDP series with base year 2022-23, real GDP growth for 2025-26 is estimated at 7.7 per cent, representing a notable...",D20 | p4 | II | D20_P004_II_PAR003
Q10,GDP OR GVA,boolean_or,boolean_or,pipeline_b,28,1.1193,D01_BOX003,D01,SRC01,18,D01_SEC_1_27,1.27,TRENDS IN THE DOMESTIC ECONOMY,box,gdp,1,gdp:2,false,...guide policymaking. This became all the more important as official estimates of quarterly GDP growth are released two months after the end of the quarter. It was against this backdrop that the economic division...,D01 | p18 | 1.27 | D01_BOX003
Q10,GDP OR GVA,boolean_or,boolean_or,pipeline_b,29,1.1193,D01_P010_SEC_1_9_PAR001,D01,SRC01,10,D01_SEC_1_9,1.9,TRENDS IN THE DOMESTIC ECONOMY,paragraph,gdp,1,gdp:2,false,"...FY26. According to the FAE, the share of final private consumption expenditure (PFCE) in GDP rose to 61.5 per cent in FY26, the highest level since FY12. This is corroborated by the strong performance during the...",D01 | p10 | 1.9 | D01_P010_SEC_1_9_PAR001
Q10,GDP OR GVA,boolean_or,boolean_or,pipeline_b,30,1.1193,D01_P014_SEC_1_17_PAR001,D01,SRC01,14,D01_SEC_1_17,1.17,TRENDS IN THE DOMESTIC ECONOMY,paragraph,gva,1,gva:2,false,"...Y26. Agricultural activity in H1 FY26 was supported by a favourable monsoon. Agricultural GVA grew by 3.6 per cent, higher than the 2.7 per cent growth recorded in H1 FY25, but remained below the long-term...",D01 | p14 | 1.17 | D01_P014_SEC_1_17_PAR001
Q10,GDP OR GVA,boolean_or,boolean_or,pipeline_b,31,1.1193,D01_P021_UNKNOWN_PAR002,D01,SRC01,21,D01_SEC_S30,UNKNOWN,Methodology,paragraph,gdp,1,gdp:2,false,This quarterly factor is then used as an exogenous variable in modelling GDP growth as an Autoregressive Integrated Moving Average with Exogenous inputs (ARIMAX) process.23 A dummy variable is also included to...,D01 | p21 | UNKNOWN | D01_P021_UNKNOWN_PAR002
Q10,GDP OR GVA,boolean_or,boolean_or,pipeline_b,32,1.1193,D02_P001_UNKNOWN_PAR003,D02,SRC01,1,UNKNOWN,UNKNOWN,UNKNOWN,paragraph,gdp,1,gdp:2,false,"...enue receipts strengthened significantly, rising from an average of about 8.5 per cent of GDP in the pre-pandemic period (FY16-FY20) to around 9.1 per cent in the post-pandemic years (FY22-FY25). This improvement...",D02 | p1 | UNKNOWN | D02_P001_UNKNOWN_PAR003
Q10,GDP OR GVA,boolean_or,boolean_or,pipeline_b,33,1.1193,D02_P006_SEC_2_10_PAR002,D02,SRC01,6,D02_SEC_2_10,2.10,Fiscal Developments,paragraph,gdp,1,gdp:2,false,"...collections moderated in the post- pandemic period, declining from about 1.7 per cent of GDP in FY22 to around 0.9 per cent of GDP in FY25. This moderation was driven by reductions in excise duty rates on...",D02 | p6 | 2.10 | D02_P006_SEC_2_10_PAR002
Q10,GDP OR GVA,boolean_or,boolean_or,pipeline_b,34,1.1193,D02_P012_SEC_2_19_PAR001,D02,SRC01,12,D02_SEC_2_19,2.19,Fiscal Developments,paragraph,gdp,1,gdp:2,false,"2.19 The non-tax revenues of the Centre, as a percentage of GDP, have broadly remained stable at around 1.4 per cent of GDP in the post-pandemic period, in line with the pre- pandemic average, thereby providing...",D02 | p12 | 2.19 | D02_P012_SEC_2_19_PAR001
Q10,GDP OR GVA,boolean_or,boolean_or,pipeline_b,35,1.1193,D02_P014_SEC_2_24_PAR001,D02,SRC01,14,D02_SEC_2_24,2.24,Fiscal Developments,paragraph,gdp,1,gdp:2,false,"...ation of revenue expenditure. The revenue expenditure has moderated from 13.6 per cent of GDP in FY22 to 10.9 per cent in FY25, which is lower than the pre-pandemic average of 11.1 per cent of GDP, thereby...",D02 | p14 | 2.24 | D02_P014_SEC_2_24_PAR001
Q10,GDP OR GVA,boolean_or,boolean_or,pipeline_b,36,1.1193,D02_P014_SEC_2_25_PAR001,D02,SRC01,14,D02_SEC_2_25,2.25,Fiscal Developments,paragraph,gdp,1,gdp:2,false,"...subsidies (See Table II.4), which rose during the pandemic, declined from 1.9 per cent of GDP in FY22 to 1.2 per cent in FY25 and is budgeted at 1.1 per cent of GDP in FY26. This consolidation has been achieved...",D02 | p14 | 2.25 | D02_P014_SEC_2_25_PAR001
Q10,GDP OR GVA,boolean_or,boolean_or,pipeline_b,37,1.1193,D02_P016_SEC_2_27_PAR001,D02,SRC01,16,D02_SEC_2_27,2.27,Fiscal Developments,paragraph,gdp,1,gdp:2,false,"...t of the Centre’s revenue expenditure, increased from an average of about 3.1 per cent of GDP in the pre-pandemic years to around 3.4 per cent of GDP in the post-pandemic period, reflecting higher borrowing...",D02 | p16 | 2.27 | D02_P016_SEC_2_27_PAR001
Q10,GDP OR GVA,boolean_or,boolean_or,pipeline_b,38,1.1193,D02_P024_SEC_2_38_PAR001,D02,SRC01,24,D02_SEC_2_38,2.38,Fiscal Developments,paragraph,gdp,1,gdp:2,false,"...crease in revenue deficit of states as a collective, to 0.7 per cent from 0.1 per cent of GDP in FY19. Further, between FY24 and FY25PA, the revenue deficit increased by 40 basis points across all states. A key...",D02 | p24 | 2.38 | D02_P024_SEC_2_38_PAR001
Q10,GDP OR GVA,boolean_or,boolean_or,pipeline_b,39,1.1193,D02_P026_SEC_2_40_PAR003,D02,SRC01,26,D02_SEC_2_40,2.40,Notes:,paragraph,gdp,1,gdp:2,false,"...the revenue account. The overall capital outlay of States increased from 2.17 per cent of GDP in FY22 to 2.37 per cent in FY25(PA); however, excluding SASCI-linked capital spending, States’ capex declined from...",D02 | p26 | 2.40 | D02_P026_SEC_2_40_PAR003
Q10,GDP OR GVA,boolean_or,boolean_or,pipeline_b,40,1.1193,D02_T009,D02,SRC01,40,D02_SEC_S93,UNKNOWN,Fiscal Developments,table,gdp,1,gdp:2,false,"...of public investment efficiency. In FY24, general government investment was 4 per cent of GDP, amounting to about one-fifth of total government revenue, much higher than in most peer economies. When OECD countries...",D02 | p40 | UNKNOWN | D02_T009
Q10,GDP OR GVA,boolean_or,boolean_or,pipeline_b,41,1.1193,D03_P044_SEC_3_78_PAR001,D03,SRC01,44,D03_SEC_3_78,3.78,Conclusion,paragraph,gdp,1,gdp:2,false,"...untry compared to global peers: South Korea's corporate bond market is 79 per cent of its GDP, in Malaysia, it is 54 per cent of its GDP, and in China, 38 per cent. Furthermore, India’s debt market is skewed...",D03 | p44 | 3.78 | D03_P044_SEC_3_78_PAR001
Q10,GDP OR GVA,boolean_or,boolean_or,pipeline_b,42,1.1193,D03_P057_SEC_3_99_PAR003,D03,SRC01,57,D03_SEC_3_99,3.99,Foreign Portfolio Investment,paragraph,gdp,1,gdp:2,false,"...lecting relatively low replacement rates and modest pension assets (around 17 per cent of GDP) compared to OECD peers (at least 80 per cent).87 Pension assets in India make up around 15-20 per cent of GDP,...",D03 | p57 | 3.99 | D03_P057_SEC_3_99_PAR003
Q10,GDP OR GVA,boolean_or,boolean_or,pipeline_b,43,1.1193,D03_P063_UNKNOWN_PAR004,D03,SRC01,63,D03_SEC_S106,UNKNOWN,CONCLUSION,paragraph,gdp,1,gdp:2,false,"...inclusive financial system, with total financial sector assets at nearly 187 per cent of GDP in CY 2024 and capital markets expanding from 144 per cent of GDP in CY 2017 to 175 per cent in CY 2024. The assessments...",D03 | p63 | UNKNOWN | D03_P063_UNKNOWN_PAR004
Q10,GDP OR GVA,boolean_or,boolean_or,pipeline_b,44,1.1193,D04_P028_SEC_4_61_PAR002,D04,SRC01,28,D04_SEC_4_61,4.61,INDIA’S BALANCE OF PAYMENTS,paragraph,gdp,1,gdp:2,false,"...ithin manageable levels. In H1 FY26, the CAD moderated to USD 15 billion (0.8 per cent of GDP) from USD 25.3 billion (1.3 per cent of GDP) in H1 FY25.",D04 | p28 | 4.61 | D04_P028_SEC_4_61_PAR002
Q10,GDP OR GVA,boolean_or,boolean_or,pipeline_b,45,1.1193,D05_P014_SEC_5_26_PAR001,D05,SRC01,14,D05_SEC_5_26,5.26,DOMESTIC INFLATION,paragraph,gdp,1,gdp:2,false,"5.26. It is observed that the agricultural GDP deflator has grown faster than the other sectors (Chart V.16). By FY25, it is at 2.17 relative to the 2011–12 base year. The GDP deflators of Industry and Manufacturing...",D05 | p14 | 5.26 | D05_P014_SEC_5_26_PAR001
Q10,GDP OR GVA,boolean_or,boolean_or,pipeline_b,46,1.1193,D05_P015_SEC_5_28_PAR001,D05,SRC01,15,D05_SEC_5_28,5.28,DOMESTIC INFLATION,paragraph,gva,1,gva:2,false,"....28. This declining terms of trade also translates as lower share of manufacturing in the GVA in current price terms, which has seen a decline from 17-18 per cent two decades ago to around 14 per cent in FY25,...",D05 | p15 | 5.28 | D05_P015_SEC_5_28_PAR001
Q10,GDP OR GVA,boolean_or,boolean_or,pipeline_b,47,1.1193,D05_P019_SEC_5_35_PAR002,D05,SRC01,19,D05_SEC_5_35,5.35,(Jan 2014 – Dec 2025),paragraph,gva,1,gva:2,false,"...of state-level GSPD, state’s fiscal deficit ratio, share of agricultural output in state GVA, share of industrial output in state GVA, credit-deposit ratio in that state. Dummy variables were given for the...",D05 | p19 | 5.35 | D05_P019_SEC_5_35_PAR002
Q10,GDP OR GVA,boolean_or,boolean_or,pipeline_b,48,1.1193,D07_P004_SEC_7_8_PAR001,D07,SRC01,4,D07_SEC_7_8,7.8,GLOBAL SERVICES TRENDS AND INDIA’S EXPERIENCE,paragraph,gdp,1,gdp:2,false,"...singly evident in global services trade patterns. In 2024, the share of services trade in GDP rose relative to pre-pandemic levels, signalling a gradual, though uneven, rebalancing of global trade towards...",D07 | p4 | 7.8 | D07_P004_SEC_7_8_PAR001
Q10,GDP OR GVA,boolean_or,boolean_or,pipeline_b,49,1.1193,D07_P011_SEC_7_17_PAR001,D07,SRC01,11,D07_SEC_7_17,7.17,GLOBAL SERVICES TRENDS AND INDIA’S EXPERIENCE,paragraph,gdp,1,gdp:2,false,"...me a central pillar of India’s external sector and a key driver of growth. Their share in GDP averaged 9.7 per cent during FY23-FY25,9 up from 7.4 per cent in the pre-pandemic period (Chart VII.10a). Amid subdued...",D07 | p11 | 7.17 | D07_P011_SEC_7_17_PAR001
Q10,GDP OR GVA,boolean_or,boolean_or,pipeline_b,50,1.1193,D07_P030_SEC_7_52_PAR001,D07,SRC01,30,D07_SEC_7_52,7.52,New Global Cycle,paragraph,gdp,1,gdp:2,false,"...c tourism alone contributed £6.6 billion (USD 8.1 billion) in 2022 (about 0.3 per cent of GDP), reflecting strong spillovers to hospitality, transport and retail.43 Concerts also serve as short-duration tourism...",D07 | p30 | 7.52 | D07_P030_SEC_7_52_PAR001
Q11,inflation OR disinflation,boolean_or,boolean_or,pipeline_b,1,2.2386,D01_P024_SEC_1_29_PAR001,D01,SRC01,24,D01_SEC_1_29,1.29,Methodology,paragraph,disinfl;inflat,2,disinfl:1;inflat:7,false,"1.29. The demand-led growth in the economy has unfolded alongside a marked easing of inflation, which has improved real purchasing power and supported consumption. Domestic inflation dynamics in FY26 (April-December) ref",D01 | p24 | 1.29 | D01_P024_SEC_1_29_PAR001
Q11,inflation OR disinflation,boolean_or,boolean_or,pipeline_b,2,2.2258,D20_P004_II_PAR001,D20,SRC03,4,D20_SEC_II,II,The Spillover to India: From Sporadic to Structural,paragraph,disinfl;inflat,2,disinfl:1;inflat:6,false,"On the inflation front, 2025-26 was a landmark year for India. Consumer Price Index (CPI) inflation followed a sharply declining path, averaging approximately 2.1 per cent for the full year - its lowest level in several",D20 | p4 | II | D20_P004_II_PAR001
Q11,inflation OR disinflation,boolean_or,boolean_or,pipeline_b,3,2.1945,D05_P005_SEC_5_7_PAR001,D05,SRC01,5,D05_SEC_5_7,5.7,GLOBAL INFLATION DEVELOPMENTS,paragraph,disinfl;inflat,2,disinfl:1;inflat:4,false,"5.7. Among major EMDEs, India has recorded one of the sharpest declines in headline inflation, amounting to about 1.8 percentage points (Chart V. 5). Importantly, this disinflation has occurred alongside robust GDP growt",D05 | p5 | 5.7 | D05_P005_SEC_5_7_PAR001
Q11,inflation OR disinflation,boolean_or,boolean_or,pipeline_b,4,2.1747,D05_P005_SEC_5_8_PAR001,D05,SRC01,5,D05_SEC_5_8,5.8,DOMESTIC INFLATION,paragraph,disinfl;inflat,2,disinfl:1;inflat:3,false,"5.8. Over the past four years, average retail inflation, as measured by the Consumer Price Index (CPI), has followed a clear downward trajectory (Chart V.6), declining steadily from 6.7 per cent in the financial year (FY",D05 | p5 | 5.8 | D05_P005_SEC_5_8_PAR001
Q11,inflation OR disinflation,boolean_or,boolean_or,pipeline_b,5,2.1747,D05_P006_SEC_5_9_PAR001,D05,SRC01,6,D05_SEC_5_9,5.9,DOMESTIC INFLATION,paragraph,disinfl;inflat,2,disinfl:1;inflat:3,false,"5.9. The current disinflationary phase commenced in October 2024, when retail inflation stood at 6.2 per cent. During the first half of 2025–26 (H1 of FY26), headline inflation declined sharply from 3.2 per cent in April",D05 | p6 | 5.9 | D05_P006_SEC_5_9_PAR001
Q11,inflation OR disinflation,boolean_or,boolean_or,pipeline_b,6,2.1747,D05_P013_SEC_5_22_PAR001,D05,SRC01,13,D05_SEC_5_22,5.22,DOMESTIC INFLATION,paragraph,disinfl;inflat,2,disinfl:1;inflat:3,false,"5. 23. Inflation in ‘clothing and footwear’ fell sharply from elevated levels in early 2023 to lower levels by 2024-25. This disinflation reflects easing input costs, improved supply conditions and competitive pressures",D05 | p13 | 5.22 | D05_P013_SEC_5_22_PAR001
Q11,inflation OR disinflation,boolean_or,boolean_or,pipeline_b,7,2.1505,D05_P012_SEC_5_21_PAR001,D05,SRC01,12,D05_SEC_5_21,5.21,DOMESTIC INFLATION,paragraph,disinfl;inflat,2,disinfl:1;inflat:2,false,"5.21. The four major components of the core CPI basket – (i) clothing and footwear, (ii) housing, (iii) health and (iv) transport and communication – account for nearly one-third of the CPI basket and more than 60 per ce",D05 | p12 | 5.21 | D05_P012_SEC_5_21_PAR001
Q11,inflation OR disinflation,boolean_or,boolean_or,pipeline_b,8,2.1193,D05_P011_SEC_5_18_PAR001,D05,SRC01,11,D05_SEC_5_18,5.18,DOMESTIC INFLATION,paragraph,disinfl;inflat,2,disinfl:1;inflat:1,false,"5.18. Amid the sharp disinflation observed across several food items, the experience of edible oils stands out. The edible oil market in India is characterised by structural excess demand, with over 50 per cent of domest",D05 | p11 | 5.18 | D05_P011_SEC_5_18_PAR001
Q11,inflation OR disinflation,boolean_or,boolean_or,pipeline_b,9,1.2603,D05_P007_SEC_5_9_PAR002,D05,SRC01,7,D05_SEC_5_9,5.9,DOMESTIC INFLATION,paragraph,inflat,1,inflat:10,false,"5. 10. The apparent divergence between headline and core inflation creates an impression of sticky core inflation, suggesting that underlying price pressures are firming even as headline inflation softens. The average re",D05 | p7 | 5.9 | D05_P007_SEC_5_9_PAR002
Q11,inflation OR disinflation,boolean_or,boolean_or,pipeline_b,10,1.25,D05_P002_SEC_5_2_PAR001,D05,SRC01,2,D05_SEC_5_2,5.2,GLOBAL INFLATION DEVELOPMENTS,paragraph,inflat,1,inflat:9,false,"5.2. In the United States, headline inflation declined from 3.0 per cent in 2024 to 2.7 per cent in 2025, driven largely by moderating core services inflation, along with continued negative inflation in major commodity p",D05 | p2 | 5.2 | D05_P002_SEC_5_2_PAR001
Q11,inflation OR disinflation,boolean_or,boolean_or,pipeline_b,11,1.25,D05_P015_SEC_5_30_PAR001,D05,SRC01,15,D05_SEC_5_30,5.30,INFLATION: REGIONAL PICTURE,paragraph,inflat,1,inflat:9,false,"5.30. Throughout much of 2023 and 2024, rural inflation remained above urban inflation (Chart V. 17). This pattern reflects differences in consumption weights across rural and urban baskets, particularly the larger share",D05 | p15 | 5.30 | D05_P015_SEC_5_30_PAR001
Q11,inflation OR disinflation,boolean_or,boolean_or,pipeline_b,12,1.25,D05_P019_SEC_5_35_PAR001,D05,SRC01,19,D05_SEC_5_35,5.35,(Jan 2014 – Dec 2025),paragraph,inflat,1,inflat:9,false,examination of inflation and wage rates at the state-level over a decade indicates that the states with an average wage rate above the national wage (i.e. positive mean wage gap) tend to experience a relatively higher in,D05 | p19 | 5.35 | D05_P019_SEC_5_35_PAR001
Q11,inflation OR disinflation,boolean_or,boolean_or,pipeline_b,13,1.2113,D05_P018_SEC_5_33_PAR001,D05,SRC01,18,D05_SEC_5_33,5.33,STATE-LEVEL DYNAMICS,paragraph,inflat,1,inflat:6,false,"5.33. Using monthly State-wise CPI inflation data from January 2014 to December 2025, Chart V. 19 examines how inflation outcomes across states compare with the All-India average and whether such differences tend to pers",D05 | p18 | 5.33 | D05_P018_SEC_5_33_PAR001
Q11,inflation OR disinflation,boolean_or,boolean_or,pipeline_b,14,1.1945,D05_P004_SEC_5_6_PAR001,D05,SRC01,4,D05_SEC_5_6,5.6,GLOBAL INFLATION DEVELOPMENTS,paragraph,inflat,1,inflat:5,false,"5.6. While economic growth in a majority of EMDEs remained below the EMDE average of 4.2 per cent, inflation outcomes varied widely across countries (Chart V. 4). In Brazil, headline inflation rose steadily from 4.4 per",D05 | p4 | 5.6 | D05_P004_SEC_5_6_PAR001
Q11,inflation OR disinflation,boolean_or,boolean_or,pipeline_b,15,1.1945,D05_P016_SEC_5_32_PAR001,D05,SRC01,16,D05_SEC_5_32,5.32,STATE-LEVEL DYNAMICS,paragraph,inflat,1,inflat:5,false,"5.32. The state-level incidence of inflation in 2025-26 (April-December) followed the national trend, with an across-the-board reduction in inflation, except in Kerala and Lakshadweep, where retail inflation breached the",D05 | p16 | 5.32 | D05_P016_SEC_5_32_PAR001
Q11,inflation OR disinflation,boolean_or,boolean_or,pipeline_b,16,1.1747,D01_T001,D01,SRC01,2,D01_SEC_1_1,1.1,GLOBAL ECONOMIC GROWTH – FRAGILE AND DIVERGING,table,inflat,1,inflat:4,false,Growth outlook stabilises after Apr ’25 downward revisions Growth forecasts – 2025 (percent) Growth forecasts – 2026 (percent) Jan '25 Apr '25 Oct '25 Jan '26 Apr '25 Jan '25 Oct '25 Jan '26 +0.5 AE 1.8 1.5 1.6 1.8 1.9 1,D01 | p2 | 1.1 | D01_T001
Q11,inflation OR disinflation,boolean_or,boolean_or,pipeline_b,17,1.1747,D05_P001_UNKNOWN_PAR002,D05,SRC01,1,UNKNOWN,UNKNOWN,UNKNOWN,paragraph,inflat,1,inflat:4,false,"This chapter provides a comprehensive analysis of recent trends in global and domestic inflation, with a particular focus on the period up to December 2025. Globally, inflation has moderated significantly from its post-p",D05 | p1 | UNKNOWN | D05_P001_UNKNOWN_PAR002
Q11,inflation OR disinflation,boolean_or,boolean_or,pipeline_b,18,1.1747,D05_P002_SEC_5_1_PAR001,D05,SRC01,2,D05_SEC_5_1,5.1,GLOBAL INFLATION DEVELOPMENTS,paragraph,inflat,1,inflat:4,false,"5.1. The world has seen a broad-based and sustained moderation in inflation across advanced, emerging, and developing economies this year. The global headline inflation (Chart V. 1) has declined from a peak of 8.7 per ce",D05 | p2 | 5.1 | D05_P002_SEC_5_1_PAR001
Q11,inflation OR disinflation,boolean_or,boolean_or,pipeline_b,19,1.1747,D05_P016_SEC_5_31_PAR001,D05,SRC01,16,D05_SEC_5_31,5.31,INFLATION: REGIONAL PICTURE,paragraph,inflat,1,inflat:4,false,"5.31. In contrast to headline inflation, core inflation in rural and urban areas follows a smoother and more gradual adjustment path, declining steadily through 2023 and early 2024 before stabilising within a relatively",D05 | p16 | 5.31 | D05_P016_SEC_5_31_PAR001
Q11,inflation OR disinflation,boolean_or,boolean_or,pipeline_b,20,1.1747,D05_P020_SEC_5_36_PAR001,D05,SRC01,20,D05_SEC_5_36,5.36,OUTLOOK FOR INFLATION,paragraph,inflat,1,inflat:4,false,"5.36. To conclude, the RBI and IMF have projected a progressive increase in headline inflation in the upcoming fiscal, bringing the levels within the targeted range of 4 per cent (± 2 per cent). In December 2025, the RBI",D05 | p20 | 5.36 | D05_P020_SEC_5_36_PAR001
Q11,inflation OR disinflation,boolean_or,boolean_or,pipeline_b,21,1.1747,D20_T001,D20,SRC03,5,D20_SEC_2_1_3,2.1.3,The Spillover to India: From Sporadic to Structural,table,inflat,1,inflat:4,false,"Parameter/Countries 2024 2025 2026* Real GDP growth (Y-o-Y) World 3.4 3.4 3.1 G7 1.7 1.5 1.6 India’s economic outlook, in contrast, remains relatively more resilient. The IMF has estimated India’s real GDP growth at 7.6",D20 | p5 | 2.1.3 | D20_T001
Q11,inflation OR disinflation,boolean_or,boolean_or,pipeline_b,22,1.1505,D01_P002_SEC_1_1_PAR001,D01,SRC01,2,D01_SEC_1_1,1.1,GLOBAL ECONOMIC GROWTH – FRAGILE AND DIVERGING,paragraph,inflat,1,inflat:3,false,"1.1. Since the last version of the Economic Survey was published, the global economy has been subjected to multiple upheavals. The most disruptive amongst these disturbances was the imposition of tariffs by the USA on im",D01 | p2 | 1.1 | D01_P002_SEC_1_1_PAR001
Q11,inflation OR disinflation,boolean_or,boolean_or,pipeline_b,23,1.1505,D01_P003_SEC_1_2_PAR002,D01,SRC01,3,D01_SEC_1_2,1.2,GLOBAL ECONOMIC GROWTH – FRAGILE AND DIVERGING,paragraph,inflat,1,inflat:3,false,"within and across countries. Growth in the US has remained strong, primarily driven by investment in artificial intelligence (AI). Total IT investment, which also includes spending by businesses on equipment and software",D01 | p3 | 1.2 | D01_P003_SEC_1_2_PAR002
Q11,inflation OR disinflation,boolean_or,boolean_or,pipeline_b,24,1.1505,D05_P001_UNKNOWN_PAR004,D05,SRC01,1,UNKNOWN,UNKNOWN,UNKNOWN,paragraph,inflat,1,inflat:3,false,"The chapter also explores sectoral price dynamics, noting a long-term decline in the terms of trade for manufacturing relative to agriculture, which has implications for resource allocation and investment. On the other h",D05 | p1 | UNKNOWN | D05_P001_UNKNOWN_PAR004
Q11,inflation OR disinflation,boolean_or,boolean_or,pipeline_b,25,1.1505,D05_P008_SEC_5_11_PAR001,D05,SRC01,8,D05_SEC_5_11,5.11,DOMESTIC INFLATION,paragraph,inflat,1,inflat:3,false,"5.11. Inflation can be decomposed into two components: the momentum effect and the base effect. The momentum effect captures the month-on-month price changes in the current year, while the base effect reflects the influe",D05 | p8 | 5.11 | D05_P008_SEC_5_11_PAR001
Q11,inflation OR disinflation,boolean_or,boolean_or,pipeline_b,26,1.1505,D05_P008_SEC_5_12_PAR001,D05,SRC01,8,D05_SEC_5_12,5.12,DOMESTIC INFLATION,paragraph,inflat,1,inflat:3,false,"5.12. As shown in Chart V. 7, food inflation experienced a steady decline throughout the year, entering deflationary territory since June 2025. In fact, October 2025 witnessed the biggest monthly decline of (-) 5.02 per",D05 | p8 | 5.12 | D05_P008_SEC_5_12_PAR001
Q11,inflation OR disinflation,boolean_or,boolean_or,pipeline_b,27,1.1193,D01_P001_UNKNOWN_PAR005,D01,SRC01,1,UNKNOWN,UNKNOWN,UNKNOWN,paragraph,inflat,1,inflat:2,false,"The chapter reviews key macroeconomic fundamentals, including inflation, financial sector conditions, fiscal developments, external sector performance, and labour market trends. Inflation has moderated, financial sector",D01 | p1 | UNKNOWN | D01_P001_UNKNOWN_PAR005
Q11,inflation OR disinflation,boolean_or,boolean_or,pipeline_b,28,1.1193,D01_P024_SEC_6_7_PAR002,D01,SRC01,24,D01_SEC_6_7,6.7,Methodology,paragraph,inflat,1,inflat:2,false,Headline CPI CPFI Core Inflation Core Inflation (Excluding Gold and,D01 | p24 | 6.7 | D01_P024_SEC_6_7_PAR002
Q11,inflation OR disinflation,boolean_or,boolean_or,pipeline_b,29,1.1193,D03_P021_SEC_3_41_PAR004,D03,SRC01,21,D03_SEC_3_41,3.41,FINANCIAL INTERMEDIATION,paragraph,inflat,1,inflat:2,false,"The European Central Bank utilises AI to enhance statistics for monetary policy, supplement data with sources such as text and images using large language models, and for nowcasting and forecasting inflation. It also dev",D03 | p21 | 3.41 | D03_P021_SEC_3_41_PAR004
Q11,inflation OR disinflation,boolean_or,boolean_or,pipeline_b,30,1.1193,D03_P021_SEC_3_41_PAR005,D03,SRC01,21,D03_SEC_3_41,3.41,FINANCIAL INTERMEDIATION,paragraph,inflat,1,inflat:2,false,"This approach has helped the Fed understand both the benefits of AI and identify its limits, as well as areas where its use requires caution.36 The Bank of Canada has primarily adopted AI to forecast inflation, economic",D03 | p21 | 3.41 | D03_P021_SEC_3_41_PAR005
Q11,inflation OR disinflation,boolean_or,boolean_or,pipeline_b,31,1.1193,D05_P001_UNKNOWN_PAR003,D05,SRC01,1,UNKNOWN,UNKNOWN,UNKNOWN,paragraph,inflat,1,inflat:2,false,"Domestically, retail inflation (CPI) has followed a clear downward trajectory, reaching 1.7 per cent in 2025–26, driven primarily by a steep decline in food prices—especially vegetables, pulses, and spices—supported by f",D05 | p1 | UNKNOWN | D05_P001_UNKNOWN_PAR003
Q11,inflation OR disinflation,boolean_or,boolean_or,pipeline_b,32,1.1193,D05_P003_SEC_5_4_PAR001,D05,SRC01,3,D05_SEC_5_4,5.4,GLOBAL INFLATION DEVELOPMENTS,paragraph,inflat,1,inflat:2,false,"5.4. Global inflationary pressures could be contained as there was a general decline in oil and food prices alongside easing inflation in key commodities (Chart V.2). Following the decline in previous years, food prices",D05 | p3 | 5.4 | D05_P003_SEC_5_4_PAR001
Q11,inflation OR disinflation,boolean_or,boolean_or,pipeline_b,33,1.1193,D05_P006_SEC_5_8_PAR001,D05,SRC01,6,D05_SEC_5_8,5.8,DOMESTIC INFLATION,paragraph,inflat,1,inflat:2,false,"price for producers, as measured by the Wholesale Price Index (WPI)-based inflation, has consistently been lower than CPI inflation in these years and has mirrored the broad disinflationary trend, while exerting a modera",D05 | p6 | 5.8 | D05_P006_SEC_5_8_PAR001
Q11,inflation OR disinflation,boolean_or,boolean_or,pipeline_b,34,1.1193,D05_P012_SEC_5_22_PAR001,D05,SRC01,12,D05_SEC_5_22,5.22,DOMESTIC INFLATION,paragraph,inflat,1,inflat:2,false,"5.22. Housing inflation declined steadily through 2023 and early 2024 and thereafter stayed stable. This pattern reflects the nature of rental and housing-related prices, which are typically revised infrequently (often a",D05 | p12 | 5.22 | D05_P012_SEC_5_22_PAR001
Q11,inflation OR disinflation,boolean_or,boolean_or,pipeline_b,35,1.1193,D05_P018_SEC_5_34_PAR001,D05,SRC01,18,D05_SEC_5_34,5.34,STATE-LEVEL DYNAMICS,paragraph,inflat,1,inflat:2,false,"5.34. The chart suggests that inflation differentials across States were not purely transitory. All States exhibited positive persistence, implying that deviations from the national average often extended beyond a single",D05 | p18 | 5.34 | D05_P018_SEC_5_34_PAR001
Q11,inflation OR disinflation,boolean_or,boolean_or,pipeline_b,36,1.1193,D05_P018_SEC_5_35_PAR001,D05,SRC01,18,D05_SEC_5_35,5.35,(Jan 2014 – Dec 2025),paragraph,inflat,1,inflat:2,false,"5.35. Overall, the pattern suggests that while national factors remain central in shaping inflation outcomes, State-level inflation dynamics display heterogeneity over time. An",D05 | p18 | 5.35 | D05_P018_SEC_5_35_PAR001
Q11,inflation OR disinflation,boolean_or,boolean_or,pipeline_b,37,1.1193,D05_P020_SEC_5_37_PAR001,D05,SRC01,20,D05_SEC_5_37,5.37,OUTLOOK FOR INFLATION,paragraph,inflat,1,inflat:2,false,"5.37. The below-normal temperature experienced through most of the months in 2025 coupled with above-normal monsoon, which augmented reservoir levels, has favorably influenced kharif harvests, created strong sowing momen",D05 | p20 | 5.37 | D05_P020_SEC_5_37_PAR001
Q11,inflation OR disinflation,boolean_or,boolean_or,pipeline_b,38,1.1193,D05_P021_SEC_5_37_PAR001,D05,SRC01,21,D05_SEC_5_37,5.37,OUTLOOK FOR INFLATION,paragraph,inflat,1,inflat:2,false,"oversupply. Geopolitics may come in the way of this prediction, however. On the other hand, the prices of base metals, such as iron, copper, and aluminium, are expected to increase moderately. For instance, in copper, bo",D05 | p21 | 5.37 | D05_P021_SEC_5_37_PAR001
Q11,inflation OR disinflation,boolean_or,boolean_or,pipeline_b,39,1.1193,D16_P003_SEC_16_3_PAR001,D16,SRC01,3,D16_SEC_16_3,16.3,UNKNOWN,paragraph,inflat,1,inflat:2,false,"16.3. In February 2025, the government offered significant relief to households by raising the minimum tax threshold to 12 lakhs for individuals. A family of two income earners would not have had to pay tax on an annual",D16 | p3 | 16.3 | D16_P003_SEC_16_3_PAR001
Q11,inflation OR disinflation,boolean_or,boolean_or,pipeline_b,40,1.1193,D20_P008_SEC_2_2_1_PAR003,D20,SRC03,8,D20_SEC_2_2_1,2.2.1,The Spillover to India: From Sporadic to Structural,paragraph,inflat,1,inflat:2,false,"The 10-year US Treasury yield ended 2025-26 at 4.3 per cent, broadly similar to the level at the close of 2024-25 (Table 2.2). However, the within-year trajectory was non-linear: the yield declined from a Q1 average of 4",D20 | p8 | 2.2.1 | D20_P008_SEC_2_2_1_PAR003
Q11,inflation OR disinflation,boolean_or,boolean_or,pipeline_b,41,1.1193,D21_BOX001,D21,SRC03,2,D21_SEC_3_1_1,3.1.1,PRIMARY MARKETS,box,inflat,1,inflat:2,false,"Overview of SEBI (Delisting of Equity Shares) Regulations shall be at least 15 per cent premium over the floor price. Under Delisting Regulations, delisting of a company is considered successful only if the post-offer sh",D21 | p2 | 3.1.1 | D21_BOX001
Q11,inflation OR disinflation,boolean_or,boolean_or,pipeline_b,42,1.1193,D28_P029_UNKNOWN_PAR011,D28,SRC03,29,D28_SEC_S14,UNKNOWN,No. 7885/2024),paragraph,inflat,1,inflat:2,false,"Pursuant to receipt of complaints, investigation was initiated against Bombay Dyeing and Manufacturing Company Ltd. (BDMCL) for the period 2011-12 to 2018-19 wherein it was revealed that a scheme has been devised by BDMC",D28 | p29 | UNKNOWN | D28_P029_UNKNOWN_PAR011
Q11,inflation OR disinflation,boolean_or,boolean_or,pipeline_b,43,1.1193,D28_P030_UNKNOWN_PAR001,D28,SRC03,30,D28_SEC_S14,UNKNOWN,No. 7885/2024),paragraph,inflat,1,inflat:2,false,"2011-12 to 2017-18. BDMCL had entered into 11 MoUs with SCAL, a negative net worth company, for the sale of 325 flats for an aggregate consideration of approximately ₹3,033 crore and recognized revenue of ₹2,493 crore an",D28 | p30 | UNKNOWN | D28_P030_UNKNOWN_PAR001
Q11,inflation OR disinflation,boolean_or,boolean_or,pipeline_b,44,1.0753,D01_BOX001,D01,SRC01,5,D01_SEC_1_6,1.6,GLOBAL ECONOMIC GROWTH – FRAGILE AND DIVERGING,box,inflat,1,inflat:1,false,"achieving strategic resilience and indispensability Over the past few years, ‘Economic Statecraft’, broadly defined as the deliberate use of economic means to achieve strategic ends, has witnessed a rapid resurgence. Thi",D01 | p5 | 1.6 | D01_BOX001
Q11,inflation OR disinflation,boolean_or,boolean_or,pipeline_b,45,1.0753,D01_P001_UNKNOWN_PAR002,D01,SRC01,1,UNKNOWN,UNKNOWN,UNKNOWN,paragraph,inflat,1,inflat:1,false,"The global economic environment remains uncertain, shaped by geopolitical tensions, trade disruptions, and divergent growth and inflation outcomes across major economies. While global activity has shown resilience in the",D01 | p1 | UNKNOWN | D01_P001_UNKNOWN_PAR002
Q11,inflation OR disinflation,boolean_or,boolean_or,pipeline_b,46,1.0753,D01_P008_SEC_1_7_PAR001,D01,SRC01,8,D01_SEC_1_7,1.7,GLOBAL ECONOMIC GROWTH – FRAGILE AND DIVERGING,paragraph,inflat,1,inflat:1,false,"1.7. Against this global backdrop, this chapter reviews the performance of the Indian economy as reflected in the First Advance Estimates for FY26. It analyses the demand and supply side drivers of growth during the firs",D01 | p8 | 1.7 | D01_P008_SEC_1_7_PAR001
Q11,inflation OR disinflation,boolean_or,boolean_or,pipeline_b,47,1.0753,D01_P010_SEC_1_9_PAR001,D01,SRC01,10,D01_SEC_1_9,1.9,TRENDS IN THE DOMESTIC ECONOMY,paragraph,inflat,1,inflat:1,false,"1.9. Domestic demand continues to underpin economic growth in FY26. According to the FAE, the share of final private consumption expenditure (PFCE) in GDP rose to 61.5 per cent in FY26, the highest level since FY12. This",D01 | p10 | 1.9 | D01_P010_SEC_1_9_PAR001
Q11,inflation OR disinflation,boolean_or,boolean_or,pipeline_b,48,1.0753,D01_P011_SEC_1_11_PAR001,D01,SRC01,11,D01_SEC_1_11,1.11,TRENDS IN THE DOMESTIC ECONOMY,paragraph,inflat,1,inflat:1,false,"1.11. The key high-frequency indicators for the third quarter of FY26, including automobile and tractor sales, as well as air passenger traffic, signal the continuation of the robust demand conditions (Table I.3). Furthe",D01 | p11 | 1.11 | D01_P011_SEC_1_11_PAR001
Q11,inflation OR disinflation,boolean_or,boolean_or,pipeline_b,49,1.0753,D01_P024_SEC_1_28_PAR002,D01,SRC01,24,D01_SEC_1_28,1.28,Methodology,paragraph,inflat,1,inflat:1,false,Inflation dynamics in the economy,D01 | p24 | 1.28 | D01_P024_SEC_1_28_PAR002
Q11,inflation OR disinflation,boolean_or,boolean_or,pipeline_b,50,1.0753,D01_P024_SEC_1_29_PAR002,D01,SRC01,24,D01_SEC_1_29,1.29,Methodology,paragraph,inflat,1,inflat:1,false,Chart: I.21: Trends in CPI inflation components,D01 | p24 | 1.29 | D01_P024_SEC_1_29_PAR002
Q12,inflation AND NOT food,boolean_not,boolean_not,pipeline_b,1,1.2603,D05_P007_SEC_5_9_PAR002,D05,SRC01,7,D05_SEC_5_9,5.9,DOMESTIC INFLATION,paragraph,inflat,1,inflat:10,false,"5. 10. The apparent divergence between headline and core inflation creates an impression of sticky core inflation, suggesting that underlying price pressures are firming even as headline inflation softens. The average re",D05 | p7 | 5.9 | D05_P007_SEC_5_9_PAR002
Q12,inflation AND NOT food,boolean_not,boolean_not,pipeline_b,2,1.25,D05_P019_SEC_5_35_PAR001,D05,SRC01,19,D05_SEC_5_35,5.35,(Jan 2014 – Dec 2025),paragraph,inflat,1,inflat:9,false,examination of inflation and wage rates at the state-level over a decade indicates that the states with an average wage rate above the national wage (i.e. positive mean wage gap) tend to experience a relatively higher in,D05 | p19 | 5.35 | D05_P019_SEC_5_35_PAR001
Q12,inflation AND NOT food,boolean_not,boolean_not,pipeline_b,3,1.2113,D05_P018_SEC_5_33_PAR001,D05,SRC01,18,D05_SEC_5_33,5.33,STATE-LEVEL DYNAMICS,paragraph,inflat,1,inflat:6,false,"5.33. Using monthly State-wise CPI inflation data from January 2014 to December 2025, Chart V. 19 examines how inflation outcomes across states compare with the All-India average and whether such differences tend to pers",D05 | p18 | 5.33 | D05_P018_SEC_5_33_PAR001
Q12,inflation AND NOT food,boolean_not,boolean_not,pipeline_b,4,1.1945,D05_P004_SEC_5_6_PAR001,D05,SRC01,4,D05_SEC_5_6,5.6,GLOBAL INFLATION DEVELOPMENTS,paragraph,inflat,1,inflat:5,false,"5.6. While economic growth in a majority of EMDEs remained below the EMDE average of 4.2 per cent, inflation outcomes varied widely across countries (Chart V. 4). In Brazil, headline inflation rose steadily from 4.4 per",D05 | p4 | 5.6 | D05_P004_SEC_5_6_PAR001
Q12,inflation AND NOT food,boolean_not,boolean_not,pipeline_b,5,1.1945,D05_P016_SEC_5_32_PAR001,D05,SRC01,16,D05_SEC_5_32,5.32,STATE-LEVEL DYNAMICS,paragraph,inflat,1,inflat:5,false,"5.32. The state-level incidence of inflation in 2025-26 (April-December) followed the national trend, with an across-the-board reduction in inflation, except in Kerala and Lakshadweep, where retail inflation breached the",D05 | p16 | 5.32 | D05_P016_SEC_5_32_PAR001
Q12,inflation AND NOT food,boolean_not,boolean_not,pipeline_b,6,1.1747,D01_T001,D01,SRC01,2,D01_SEC_1_1,1.1,GLOBAL ECONOMIC GROWTH – FRAGILE AND DIVERGING,table,inflat,1,inflat:4,false,Growth outlook stabilises after Apr ’25 downward revisions Growth forecasts – 2025 (percent) Growth forecasts – 2026 (percent) Jan '25 Apr '25 Oct '25 Jan '26 Apr '25 Jan '25 Oct '25 Jan '26 +0.5 AE 1.8 1.5 1.6 1.8 1.9 1,D01 | p2 | 1.1 | D01_T001
Q12,inflation AND NOT food,boolean_not,boolean_not,pipeline_b,7,1.1747,D05_P002_SEC_5_1_PAR001,D05,SRC01,2,D05_SEC_5_1,5.1,GLOBAL INFLATION DEVELOPMENTS,paragraph,inflat,1,inflat:4,false,"5.1. The world has seen a broad-based and sustained moderation in inflation across advanced, emerging, and developing economies this year. The global headline inflation (Chart V. 1) has declined from a peak of 8.7 per ce",D05 | p2 | 5.1 | D05_P002_SEC_5_1_PAR001
Q12,inflation AND NOT food,boolean_not,boolean_not,pipeline_b,8,1.1747,D05_P005_SEC_5_7_PAR001,D05,SRC01,5,D05_SEC_5_7,5.7,GLOBAL INFLATION DEVELOPMENTS,paragraph,inflat,1,inflat:4,false,"5.7. Among major EMDEs, India has recorded one of the sharpest declines in headline inflation, amounting to about 1.8 percentage points (Chart V. 5). Importantly, this disinflation has occurred alongside robust GDP growt",D05 | p5 | 5.7 | D05_P005_SEC_5_7_PAR001
Q12,inflation AND NOT food,boolean_not,boolean_not,pipeline_b,9,1.1747,D05_P020_SEC_5_36_PAR001,D05,SRC01,20,D05_SEC_5_36,5.36,OUTLOOK FOR INFLATION,paragraph,inflat,1,inflat:4,false,"5.36. To conclude, the RBI and IMF have projected a progressive increase in headline inflation in the upcoming fiscal, bringing the levels within the targeted range of 4 per cent (± 2 per cent). In December 2025, the RBI",D05 | p20 | 5.36 | D05_P020_SEC_5_36_PAR001
Q12,inflation AND NOT food,boolean_not,boolean_not,pipeline_b,10,1.1747,D20_T001,D20,SRC03,5,D20_SEC_2_1_3,2.1.3,The Spillover to India: From Sporadic to Structural,table,inflat,1,inflat:4,false,"Parameter/Countries 2024 2025 2026* Real GDP growth (Y-o-Y) World 3.4 3.4 3.1 G7 1.7 1.5 1.6 India’s economic outlook, in contrast, remains relatively more resilient. The IMF has estimated India’s real GDP growth at 7.6",D20 | p5 | 2.1.3 | D20_T001
Q12,inflation AND NOT food,boolean_not,boolean_not,pipeline_b,11,1.1505,D01_P002_SEC_1_1_PAR001,D01,SRC01,2,D01_SEC_1_1,1.1,GLOBAL ECONOMIC GROWTH – FRAGILE AND DIVERGING,paragraph,inflat,1,inflat:3,false,"1.1. Since the last version of the Economic Survey was published, the global economy has been subjected to multiple upheavals. The most disruptive amongst these disturbances was the imposition of tariffs by the USA on im",D01 | p2 | 1.1 | D01_P002_SEC_1_1_PAR001
Q12,inflation AND NOT food,boolean_not,boolean_not,pipeline_b,12,1.1505,D01_P003_SEC_1_2_PAR002,D01,SRC01,3,D01_SEC_1_2,1.2,GLOBAL ECONOMIC GROWTH – FRAGILE AND DIVERGING,paragraph,inflat,1,inflat:3,false,"within and across countries. Growth in the US has remained strong, primarily driven by investment in artificial intelligence (AI). Total IT investment, which also includes spending by businesses on equipment and software",D01 | p3 | 1.2 | D01_P003_SEC_1_2_PAR002
Q12,inflation AND NOT food,boolean_not,boolean_not,pipeline_b,13,1.1505,D05_P005_SEC_5_8_PAR001,D05,SRC01,5,D05_SEC_5_8,5.8,DOMESTIC INFLATION,paragraph,inflat,1,inflat:3,false,"5.8. Over the past four years, average retail inflation, as measured by the Consumer Price Index (CPI), has followed a clear downward trajectory (Chart V.6), declining steadily from 6.7 per cent in the financial year (FY",D05 | p5 | 5.8 | D05_P005_SEC_5_8_PAR001
Q12,inflation AND NOT food,boolean_not,boolean_not,pipeline_b,14,1.1505,D05_P008_SEC_5_11_PAR001,D05,SRC01,8,D05_SEC_5_11,5.11,DOMESTIC INFLATION,paragraph,inflat,1,inflat:3,false,"5.11. Inflation can be decomposed into two components: the momentum effect and the base effect. The momentum effect captures the month-on-month price changes in the current year, while the base effect reflects the influe",D05 | p8 | 5.11 | D05_P008_SEC_5_11_PAR001
Q12,inflation AND NOT food,boolean_not,boolean_not,pipeline_b,15,1.1505,D05_P013_SEC_5_22_PAR001,D05,SRC01,13,D05_SEC_5_22,5.22,DOMESTIC INFLATION,paragraph,inflat,1,inflat:3,false,"5. 23. Inflation in ‘clothing and footwear’ fell sharply from elevated levels in early 2023 to lower levels by 2024-25. This disinflation reflects easing input costs, improved supply conditions and competitive pressures",D05 | p13 | 5.22 | D05_P013_SEC_5_22_PAR001
Q12,inflation AND NOT food,boolean_not,boolean_not,pipeline_b,16,1.1193,D01_P001_UNKNOWN_PAR005,D01,SRC01,1,UNKNOWN,UNKNOWN,UNKNOWN,paragraph,inflat,1,inflat:2,false,"The chapter reviews key macroeconomic fundamentals, including inflation, financial sector conditions, fiscal developments, external sector performance, and labour market trends. Inflation has moderated, financial sector",D01 | p1 | UNKNOWN | D01_P001_UNKNOWN_PAR005
Q12,inflation AND NOT food,boolean_not,boolean_not,pipeline_b,17,1.1193,D01_P024_SEC_6_7_PAR002,D01,SRC01,24,D01_SEC_6_7,6.7,Methodology,paragraph,inflat,1,inflat:2,false,Headline CPI CPFI Core Inflation Core Inflation (Excluding Gold and,D01 | p24 | 6.7 | D01_P024_SEC_6_7_PAR002
Q12,inflation AND NOT food,boolean_not,boolean_not,pipeline_b,18,1.1193,D03_P021_SEC_3_41_PAR004,D03,SRC01,21,D03_SEC_3_41,3.41,FINANCIAL INTERMEDIATION,paragraph,inflat,1,inflat:2,false,"The European Central Bank utilises AI to enhance statistics for monetary policy, supplement data with sources such as text and images using large language models, and for nowcasting and forecasting inflation. It also dev",D03 | p21 | 3.41 | D03_P021_SEC_3_41_PAR004
Q12,inflation AND NOT food,boolean_not,boolean_not,pipeline_b,19,1.1193,D03_P021_SEC_3_41_PAR005,D03,SRC01,21,D03_SEC_3_41,3.41,FINANCIAL INTERMEDIATION,paragraph,inflat,1,inflat:2,false,"This approach has helped the Fed understand both the benefits of AI and identify its limits, as well as areas where its use requires caution.36 The Bank of Canada has primarily adopted AI to forecast inflation, economic",D03 | p21 | 3.41 | D03_P021_SEC_3_41_PAR005
Q12,inflation AND NOT food,boolean_not,boolean_not,pipeline_b,20,1.1193,D05_P006_SEC_5_8_PAR001,D05,SRC01,6,D05_SEC_5_8,5.8,DOMESTIC INFLATION,paragraph,inflat,1,inflat:2,false,"price for producers, as measured by the Wholesale Price Index (WPI)-based inflation, has consistently been lower than CPI inflation in these years and has mirrored the broad disinflationary trend, while exerting a modera",D05 | p6 | 5.8 | D05_P006_SEC_5_8_PAR001
Q12,inflation AND NOT food,boolean_not,boolean_not,pipeline_b,21,1.1193,D05_P012_SEC_5_21_PAR001,D05,SRC01,12,D05_SEC_5_21,5.21,DOMESTIC INFLATION,paragraph,inflat,1,inflat:2,false,"5.21. The four major components of the core CPI basket – (i) clothing and footwear, (ii) housing, (iii) health and (iv) transport and communication – account for nearly one-third of the CPI basket and more than 60 per ce",D05 | p12 | 5.21 | D05_P012_SEC_5_21_PAR001
Q12,inflation AND NOT food,boolean_not,boolean_not,pipeline_b,22,1.1193,D05_P012_SEC_5_22_PAR001,D05,SRC01,12,D05_SEC_5_22,5.22,DOMESTIC INFLATION,paragraph,inflat,1,inflat:2,false,"5.22. Housing inflation declined steadily through 2023 and early 2024 and thereafter stayed stable. This pattern reflects the nature of rental and housing-related prices, which are typically revised infrequently (often a",D05 | p12 | 5.22 | D05_P012_SEC_5_22_PAR001
Q12,inflation AND NOT food,boolean_not,boolean_not,pipeline_b,23,1.1193,D05_P018_SEC_5_34_PAR001,D05,SRC01,18,D05_SEC_5_34,5.34,STATE-LEVEL DYNAMICS,paragraph,inflat,1,inflat:2,false,"5.34. The chart suggests that inflation differentials across States were not purely transitory. All States exhibited positive persistence, implying that deviations from the national average often extended beyond a single",D05 | p18 | 5.34 | D05_P018_SEC_5_34_PAR001
Q12,inflation AND NOT food,boolean_not,boolean_not,pipeline_b,24,1.1193,D05_P018_SEC_5_35_PAR001,D05,SRC01,18,D05_SEC_5_35,5.35,(Jan 2014 – Dec 2025),paragraph,inflat,1,inflat:2,false,"5.35. Overall, the pattern suggests that while national factors remain central in shaping inflation outcomes, State-level inflation dynamics display heterogeneity over time. An",D05 | p18 | 5.35 | D05_P018_SEC_5_35_PAR001
Q12,inflation AND NOT food,boolean_not,boolean_not,pipeline_b,25,1.1193,D05_P021_SEC_5_37_PAR001,D05,SRC01,21,D05_SEC_5_37,5.37,OUTLOOK FOR INFLATION,paragraph,inflat,1,inflat:2,false,"oversupply. Geopolitics may come in the way of this prediction, however. On the other hand, the prices of base metals, such as iron, copper, and aluminium, are expected to increase moderately. For instance, in copper, bo",D05 | p21 | 5.37 | D05_P021_SEC_5_37_PAR001
Q12,inflation AND NOT food,boolean_not,boolean_not,pipeline_b,26,1.1193,D20_P008_SEC_2_2_1_PAR003,D20,SRC03,8,D20_SEC_2_2_1,2.2.1,The Spillover to India: From Sporadic to Structural,paragraph,inflat,1,inflat:2,false,"The 10-year US Treasury yield ended 2025-26 at 4.3 per cent, broadly similar to the level at the close of 2024-25 (Table 2.2). However, the within-year trajectory was non-linear: the yield declined from a Q1 average of 4",D20 | p8 | 2.2.1 | D20_P008_SEC_2_2_1_PAR003
Q12,inflation AND NOT food,boolean_not,boolean_not,pipeline_b,27,1.1193,D21_BOX001,D21,SRC03,2,D21_SEC_3_1_1,3.1.1,PRIMARY MARKETS,box,inflat,1,inflat:2,false,"Overview of SEBI (Delisting of Equity Shares) Regulations shall be at least 15 per cent premium over the floor price. Under Delisting Regulations, delisting of a company is considered successful only if the post-offer sh",D21 | p2 | 3.1.1 | D21_BOX001
Q12,inflation AND NOT food,boolean_not,boolean_not,pipeline_b,28,1.1193,D28_P029_UNKNOWN_PAR011,D28,SRC03,29,D28_SEC_S14,UNKNOWN,No. 7885/2024),paragraph,inflat,1,inflat:2,false,"Pursuant to receipt of complaints, investigation was initiated against Bombay Dyeing and Manufacturing Company Ltd. (BDMCL) for the period 2011-12 to 2018-19 wherein it was revealed that a scheme has been devised by BDMC",D28 | p29 | UNKNOWN | D28_P029_UNKNOWN_PAR011
Q12,inflation AND NOT food,boolean_not,boolean_not,pipeline_b,29,1.1193,D28_P030_UNKNOWN_PAR001,D28,SRC03,30,D28_SEC_S14,UNKNOWN,No. 7885/2024),paragraph,inflat,1,inflat:2,false,"2011-12 to 2017-18. BDMCL had entered into 11 MoUs with SCAL, a negative net worth company, for the sale of 325 flats for an aggregate consideration of approximately ₹3,033 crore and recognized revenue of ₹2,493 crore an",D28 | p30 | UNKNOWN | D28_P030_UNKNOWN_PAR001
Q12,inflation AND NOT food,boolean_not,boolean_not,pipeline_b,30,1.0753,D01_BOX001,D01,SRC01,5,D01_SEC_1_6,1.6,GLOBAL ECONOMIC GROWTH – FRAGILE AND DIVERGING,box,inflat,1,inflat:1,false,"achieving strategic resilience and indispensability Over the past few years, ‘Economic Statecraft’, broadly defined as the deliberate use of economic means to achieve strategic ends, has witnessed a rapid resurgence. Thi",D01 | p5 | 1.6 | D01_BOX001
Q12,inflation AND NOT food,boolean_not,boolean_not,pipeline_b,31,1.0753,D01_P001_UNKNOWN_PAR002,D01,SRC01,1,UNKNOWN,UNKNOWN,UNKNOWN,paragraph,inflat,1,inflat:1,false,"The global economic environment remains uncertain, shaped by geopolitical tensions, trade disruptions, and divergent growth and inflation outcomes across major economies. While global activity has shown resilience in the",D01 | p1 | UNKNOWN | D01_P001_UNKNOWN_PAR002
Q12,inflation AND NOT food,boolean_not,boolean_not,pipeline_b,32,1.0753,D01_P008_SEC_1_7_PAR001,D01,SRC01,8,D01_SEC_1_7,1.7,GLOBAL ECONOMIC GROWTH – FRAGILE AND DIVERGING,paragraph,inflat,1,inflat:1,false,"1.7. Against this global backdrop, this chapter reviews the performance of the Indian economy as reflected in the First Advance Estimates for FY26. It analyses the demand and supply side drivers of growth during the firs",D01 | p8 | 1.7 | D01_P008_SEC_1_7_PAR001
Q12,inflation AND NOT food,boolean_not,boolean_not,pipeline_b,33,1.0753,D01_P010_SEC_1_9_PAR001,D01,SRC01,10,D01_SEC_1_9,1.9,TRENDS IN THE DOMESTIC ECONOMY,paragraph,inflat,1,inflat:1,false,"1.9. Domestic demand continues to underpin economic growth in FY26. According to the FAE, the share of final private consumption expenditure (PFCE) in GDP rose to 61.5 per cent in FY26, the highest level since FY12. This",D01 | p10 | 1.9 | D01_P010_SEC_1_9_PAR001
Q12,inflation AND NOT food,boolean_not,boolean_not,pipeline_b,34,1.0753,D01_P011_SEC_1_11_PAR001,D01,SRC01,11,D01_SEC_1_11,1.11,TRENDS IN THE DOMESTIC ECONOMY,paragraph,inflat,1,inflat:1,false,"1.11. The key high-frequency indicators for the third quarter of FY26, including automobile and tractor sales, as well as air passenger traffic, signal the continuation of the robust demand conditions (Table I.3). Furthe",D01 | p11 | 1.11 | D01_P011_SEC_1_11_PAR001
Q12,inflation AND NOT food,boolean_not,boolean_not,pipeline_b,35,1.0753,D01_P024_SEC_1_28_PAR002,D01,SRC01,24,D01_SEC_1_28,1.28,Methodology,paragraph,inflat,1,inflat:1,false,Inflation dynamics in the economy,D01 | p24 | 1.28 | D01_P024_SEC_1_28_PAR002
Q12,inflation AND NOT food,boolean_not,boolean_not,pipeline_b,36,1.0753,D01_P024_SEC_1_29_PAR002,D01,SRC01,24,D01_SEC_1_29,1.29,Methodology,paragraph,inflat,1,inflat:1,false,Chart: I.21: Trends in CPI inflation components,D01 | p24 | 1.29 | D01_P024_SEC_1_29_PAR002
Q12,inflation AND NOT food,boolean_not,boolean_not,pipeline_b,37,1.0753,D01_P024_SEC_1_30_PAR001,D01,SRC01,24,D01_SEC_1_30,1.30,Methodology,paragraph,inflat,1,inflat:1,false,"1.30. The momentum in domestic demand and capital formation observed in FY26 has been underpinned by a prudent fiscal policy strategy, characterised by steady revenue mobilisation and calibrated expenditure rationalisati",D01 | p24 | 1.30 | D01_P024_SEC_1_30_PAR001
Q12,inflation AND NOT food,boolean_not,boolean_not,pipeline_b,38,1.0753,D01_P030_SEC_1_43_PAR001,D01,SRC01,30,D01_SEC_1_43,1.43,OUTLOOK AND WAY FORWARD,paragraph,inflat,1,inflat:1,false,"1.43. The outlook for the global economy remains dim over the medium-term, with downside risks dominating. At the global level, growth is expected to remain modest, leading to broadly stable commodity price trends. Infla",D01 | p30 | 1.43 | D01_P030_SEC_1_43_PAR001
Q12,inflation AND NOT food,boolean_not,boolean_not,pipeline_b,39,1.0753,D01_P030_SEC_1_45_PAR001,D01,SRC01,30,D01_SEC_1_45,1.45,OUTLOOK AND WAY FORWARD,paragraph,inflat,1,inflat:1,false,"1.45. Against this backdrop, the domestic economy remains on a stable footing. Inflation has moderated to historically low levels, although some firming is expected to occur going forward. Balance sheets across household",D01 | p30 | 1.45 | D01_P030_SEC_1_45_PAR001
Q12,inflation AND NOT food,boolean_not,boolean_not,pipeline_b,40,1.0753,D01_P031_SEC_1_45_PAR002,D01,SRC01,31,D01_SEC_1_45,1.45,OUTLOOK AND WAY FORWARD,paragraph,inflat,1,inflat:1,false,"resilient, and private investment intentions are improving. These conditions provide resilience against external shocks and support the continuation of growth momentum. The forthcoming rebasing of the CPI series in the c",D01 | p31 | 1.45 | D01_P031_SEC_1_45_PAR002
Q12,inflation AND NOT food,boolean_not,boolean_not,pipeline_b,41,1.0753,D02_BOX005,D02,SRC01,15,D02_SEC_2_26,2.26,Fiscal Developments,box,inflat,1,inflat:1,false,"For FY23, freight earnings accounted for about 68 per cent of the gross traffic receipts of Railways, largely reliant on coal transportation. The profit from freight traffic was utilised to offset the loss on passenger a",D02 | p15 | 2.26 | D02_BOX005
Q12,inflation AND NOT food,boolean_not,boolean_not,pipeline_b,42,1.0753,D02_P007_SEC_2_14_PAR001,D02,SRC01,7,D02_SEC_2_14,2.14,Fiscal Developments,paragraph,inflat,1,inflat:1,false,"2.14 The Goods and Services Tax (GST) has played a stabilising role by strengthening Government revenues, deepening formalisation, and reinforcing the Government’s reform intent. Gross GST revenue during April-December 2",D02 | p7 | 2.14 | D02_P007_SEC_2_14_PAR001
Q12,inflation AND NOT food,boolean_not,boolean_not,pipeline_b,43,1.0753,D02_P035_UNKNOWN_PAR001,D02,SRC01,35,D02_SEC_S81,UNKNOWN,Fiscal Developments,paragraph,inflat,1,inflat:1,false,"government liabilities (around 65 per cent)43. This composition has enabled effective transmission of domestic macro-financial conditions to government borrowing costs, which have benefited from favourable domestic condi",D02 | p35 | UNKNOWN | D02_P035_UNKNOWN_PAR001
Q12,inflation AND NOT food,boolean_not,boolean_not,pipeline_b,44,1.0753,D03_P001_UNKNOWN_PAR002,D03,SRC01,1,UNKNOWN,UNKNOWN,UNKNOWN,paragraph,inflat,1,inflat:1,false,"India's monetary and financial sectors have exhibited robust performance in FY26 (April-December 2025), underpinned by strategic policy actions and structural resilience across financial intermediation channels. In respo",D03 | p1 | UNKNOWN | D03_P001_UNKNOWN_PAR002
Q12,inflation AND NOT food,boolean_not,boolean_not,pipeline_b,45,1.0753,D03_P004_SEC_3_7_PAR001,D03,SRC01,4,D03_SEC_3_7,3.7,INTRODUCTION,paragraph,inflat,1,inflat:1,false,"3.7 In addition to the above risks, global financial markets grapple with the impact introduced by new technologies such as artificial intelligence (AI). The IMF’s Financial Stability Report (FSR) of October 2025 notes t",D03 | p4 | 3.7 | D03_P004_SEC_3_7_PAR001
Q12,inflation AND NOT food,boolean_not,boolean_not,pipeline_b,46,1.0753,D03_P009_SEC_3_10_PAR001,D03,SRC01,9,D03_SEC_3_10,3.10,MONETARY DEVELOPMENTS,paragraph,inflat,1,inflat:1,false,"3.10 In the light of the evolving macroeconomic and financial developments outlined in the previous section, the RBI undertook several key monetary policy actions in FY26 (April-December). These measures were designed to",D03 | p9 | 3.10 | D03_P009_SEC_3_10_PAR001
Q12,inflation AND NOT food,boolean_not,boolean_not,pipeline_b,47,1.0753,D03_P012_SEC_3_18_PAR001,D03,SRC01,12,D03_SEC_3_18,3.18,FINANCIAL INTERMEDIATION,paragraph,inflat,1,inflat:1,false,"3.18 Financial intermediaries implement monetary policy by transmitting the central bank’s decisions on interest rates, liquidity management, and credit supply to the real economy. Central banks set policy rates and cond",D03 | p12 | 3.18 | D03_P012_SEC_3_18_PAR001
Q12,inflation AND NOT food,boolean_not,boolean_not,pipeline_b,48,1.0753,D03_P034_SEC_3_64_PAR001,D03,SRC01,34,D03_SEC_3_64,3.64,FINANCIAL INTERMEDIATION,paragraph,inflat,1,inflat:1,false,"3.64 Capital markets help finance economic growth by channelising savings to investments. They are catalysts for wealth creation in the economy. The year FY26, so far, has been eventful for the economies and markets worl",D03 | p34 | 3.64 | D03_P034_SEC_3_64_PAR001
Q12,inflation AND NOT food,boolean_not,boolean_not,pipeline_b,49,1.0753,D03_P047_SEC_3_85_PAR006,D03,SRC01,47,D03_SEC_3_85,3.85,Conclusion,paragraph,inflat,1,inflat:1,false,"The pooled mean-group estimator developed by Pesaran, Shin and Smith, 199972 is employed to understand the long-run impact of these drivers on the interest rate.73 The equation below captures the long-run relationship be",D03 | p47 | 3.85 | D03_P047_SEC_3_85_PAR006
Q12,inflation AND NOT food,boolean_not,boolean_not,pipeline_b,50,1.0753,D03_P062_SEC_3_99_PAR004,D03,SRC01,62,D03_SEC_3_99,3.99,Foreign Portfolio Investment,paragraph,inflat,1,inflat:1,false,"3.128 The insurance sector stands at a pivotal juncture. While it has matured into one of the economy's deepest institutional pools of long-term capital, it remains constrained by a ‘low-penetration, high-cost’ equilibri",D03 | p62 | 3.99 | D03_P062_SEC_3_99_PAR004
Q13,banking AND NOT insurance,boolean_not,boolean_not,pipeline_b,1,1.1945,D03_P010_SEC_3_13_PAR001,D03,SRC01,10,D03_SEC_3_13,3.13,MONETARY DEVELOPMENTS,paragraph,bank,1,bank:5,false,"...ing the same period, broad money (M3) growth, including the impact of the merger of a non-bank with a bank (with effect from 1 July 2023), was 12.1 per cent, as compared with 9 per cent a year ago. This trend in...",D03 | p10 | 3.13 | D03_P010_SEC_3_13_PAR001
Q13,banking AND NOT insurance,boolean_not,boolean_not,pipeline_b,2,1.1747,D03_BOX023,D03,SRC01,64,D03_SEC_S106,UNKNOWN,CONCLUSION,box,bank,1,bank:4,false,...n and innovation while safeguarding stability. Credit and capital supply must move beyond bank dominance through deeper markets and modern financial infrastructure. Administrative processes should be centred on...,D03 | p64 | UNKNOWN | D03_BOX023
Q13,banking AND NOT insurance,boolean_not,boolean_not,pipeline_b,3,1.1747,D06_P017_SEC_6_23_PAR001,D06,SRC01,17,D06_SEC_6_23,6.23,Credit,paragraph,bank,1,bank:4,false,"...marginal farmers. Agricultural credit flows from both formal sources, such as commercial banks, Regional rural banks (RRBs), cooperatives, small finance banks, and Microfinance Institutions (MFIs), and informal...",D06 | p17 | 6.23 | D06_P017_SEC_6_23_PAR001
Q13,banking AND NOT insurance,boolean_not,boolean_not,pipeline_b,4,1.1747,D06_P017_SEC_6_24_PAR001,D06,SRC01,17,D06_SEC_6_24,6.24,Credit,paragraph,bank,1,bank:4,false,"6.24 Ground Level Credit (GLC) disbursement stood at ₹28.69 lakh crore, which includes ₹15.93 lakh crore under short term loans and ₹12.77 lakh crore under term loans, surpassing the ₹27.5 lakh crore target in FY 25.74 T",D06 | p17 | 6.24 | D06_P017_SEC_6_24_PAR001
Q13,banking AND NOT insurance,boolean_not,boolean_not,pipeline_b,5,1.1747,D18_P002_II_PAR001,D18,SRC02,2,D18_SEC_II,II,"Credit Growth Remains Strong, Led by Retail and Services Sectors",paragraph,bank,1,bank:4,false,"▪ The RBI notes that credit growth of Scheduled Commercial Banks (SCBs) remained robust at 14.5% year-on-year during 2025–26, reflecting broad-based strengthening in credit demand across all major sectors of the...",D18 | p2 | II | D18_P002_II_PAR001
Q13,banking AND NOT insurance,boolean_not,boolean_not,pipeline_b,6,1.1505,D01_P026_SEC_1_33_PAR001,D01,SRC01,26,D01_SEC_1_33,1.33,Methodology,paragraph,bank,1,bank:3,false,"1.33. Alongside the fiscal stimulus provided by higher public capital expenditure and tax reductions, monetary support was delivered through a cumulative reduction of 125 basis points in the policy repo rate since Februa",D01 | p26 | 1.33 | D01_P026_SEC_1_33_PAR001
Q13,banking AND NOT insurance,boolean_not,boolean_not,pipeline_b,7,1.1505,D01_P027_SEC_1_34_PAR001,D01,SRC01,27,D01_SEC_1_34,1.34,Methodology,paragraph,bank,1,bank:3,false,"...or is tapping into alternative sources of financing, thereby offsetting any moderation in bank credit. The faster transmission of monetary policy has enabled market-based financial instruments to serve as a viable...",D01 | p27 | 1.34 | D01_P027_SEC_1_34_PAR001
Q13,banking AND NOT insurance,boolean_not,boolean_not,pipeline_b,8,1.1505,D03_P001_UNKNOWN_PAR002,D03,SRC01,1,UNKNOWN,UNKNOWN,UNKNOWN,paragraph,bank,1,bank:3,false,"...cross financial intermediation channels. In response to moderating inflation, the Reserve Bank of India's Monetary Policy Committee reduced the repo rate, while injecting durable liquidity through cash reserve...",D03 | p1 | UNKNOWN | D03_P001_UNKNOWN_PAR002
Q13,banking AND NOT insurance,boolean_not,boolean_not,pipeline_b,9,1.1505,D03_P017_SEC_3_31_PAR001,D03,SRC01,17,D03_SEC_3_31,3.31,FINANCIAL INTERMEDIATION,paragraph,bank,1,bank:3,false,"...ase in the flow of financial resources to the commercial sector, bolstered by greater non-bank intermediation, has accompanied the slowdown in bank credit growth in early FY26. This trend indicates that non-bank...",D03 | p17 | 3.31 | D03_P017_SEC_3_31_PAR001
Q13,banking AND NOT insurance,boolean_not,boolean_not,pipeline_b,10,1.1505,D03_P020_SEC_3_39_PAR001,D03,SRC01,20,D03_SEC_3_39,3.39,FINANCIAL INTERMEDIATION,paragraph,bank,1,bank:3,false,"...egulated entities. Additionally, instructions issued by NABARD to RRBs, State Cooperative Banks, and Central Cooperative Banks were also consolidated in consultation with NABARD. As part of this initiative, the...",D03 | p20 | 3.39 | D03_P020_SEC_3_39_PAR001
Q13,banking AND NOT insurance,boolean_not,boolean_not,pipeline_b,11,1.1505,D03_P021_SEC_3_41_PAR005,D03,SRC01,21,D03_SEC_3_41,3.41,FINANCIAL INTERMEDIATION,paragraph,bank,1,bank:3,false,"...its of AI and identify its limits, as well as areas where its use requires caution.36 The Bank of Canada has primarily adopted AI to forecast inflation, economic activity, and the demand for banknotes. It also...",D03 | p21 | 3.41 | D03_P021_SEC_3_41_PAR005
Q13,banking AND NOT insurance,boolean_not,boolean_not,pipeline_b,12,1.1505,D03_P022_SEC_3_41_PAR005,D03,SRC01,22,D03_SEC_3_41,3.41,FINANCIAL INTERMEDIATION,paragraph,bank,1,bank:3,false,"Based on detailed surveys, the RBI found that AI adoption in Indian finance is still in its early stages, with only approximately 21 per cent of surveyed banks and financial institutions implementing or developing AI sol",D03 | p22 | 3.41 | D03_P022_SEC_3_41_PAR005
Q13,banking AND NOT insurance,boolean_not,boolean_not,pipeline_b,13,1.1505,D05_P003_SEC_5_3_PAR001,D05,SRC01,3,D05_SEC_5_3,5.3,GLOBAL INFLATION DEVELOPMENTS,paragraph,bank,1,bank:3,false,"...ing or moderate inflationary pressures and considering the domestic growth pangs, central banks in AEs have continued to reduce policy rates during the current year, with cumulative cuts ranging from 75 to 100...",D05 | p3 | 5.3 | D05_P003_SEC_5_3_PAR001
Q13,banking AND NOT insurance,boolean_not,boolean_not,pipeline_b,14,1.1505,D08_P005_SEC_8_13_PAR001,D08,SRC01,5,D08_SEC_8_13,8.13,UNKNOWN,paragraph,bank,1,bank:3,false,"8.13. Though bank-based industrial credit growth from commercial banks moderated to 8.24 per cent in FY25 compared with 9.39 per cent in FY24, assessments indicate an ongoing diversification of funding sources away...",D08 | p5 | 8.13 | D08_P005_SEC_8_13_PAR001
Q13,banking AND NOT insurance,boolean_not,boolean_not,pipeline_b,15,1.1505,D08_P039_SEC_8_67_PAR003,D08,SRC01,39,D08_SEC_8_67,8.67,Design,paragraph,bank,1,bank:3,false,"...nitiated several interventions such as Credit Guarantee Schemes for MSMEs,74 treatment of bank loans disbursed to MFI under priority sector lending (PSL),75 creation of special category of NBFC-MFI (non-deposit...",D08 | p39 | 8.67 | D08_P039_SEC_8_67_PAR003
Q13,banking AND NOT insurance,boolean_not,boolean_not,pipeline_b,16,1.1505,D09_P004_SEC_9_12_PAR001,D09,SRC01,4,D09_SEC_9_12,9.12,UNKNOWN,paragraph,bank,1,bank:3,false,"9.12 Credit flows from non-bank financial companies (NBFCs) (net of bank borrowings), to the commercial sector grew at a robust compound annual growth rate (CAGR) of 43.3 per cent during FY20 to FY25, significantly...",D09 | p4 | 9.12 | D09_P004_SEC_9_12_PAR001
Q13,banking AND NOT insurance,boolean_not,boolean_not,pipeline_b,17,1.1505,D18_P002_III_PAR002,D18,SRC02,2,D18_SEC_III,III,Banks Continue to Maintain Strong Liquidity Buffers,paragraph,bank,1,bank:3,false,...NSFR)3 remained comfortably above the regulatory minimum prescribed by the RBI across all bank groups. This indicates that the banking system continues to maintain adequate liquidity buffers to withstand periods...,D18 | p2 | III | D18_P002_III_PAR002
Q13,banking AND NOT insurance,boolean_not,boolean_not,pipeline_b,18,1.1505,D18_P003_IV_PAR001,D18,SRC02,3,D18_SEC_IV,IV,Strong Asset Quality and Profitability Reinforce Banking Sector Resilience,paragraph,bank,1,bank:3,false,"▪ The RBI notes that the banking sector remains financially strong, with the gross non-performing asset (GNPA)4 ratio of scheduled commercial banks declining to a multi-decadal low of 1.8% in March 2026, reflecting...",D18 | p3 | IV | D18_P003_IV_PAR001
Q13,banking AND NOT insurance,boolean_not,boolean_not,pipeline_b,19,1.1193,D01_P003_SEC_1_2_PAR002,D01,SRC01,3,D01_SEC_1_2,1.2,GLOBAL ECONOMIC GROWTH – FRAGILE AND DIVERGING,paragraph,bank,1,bank:2,false,"...ployment rate. While inflation in Europe is broadly trending towards the European Central Bank’s target, growth in the region’s economies has been mixed. Forecasts by the European Commission2 indicate that growth...",D01 | p3 | 1.2 | D01_P003_SEC_1_2_PAR002
Q13,banking AND NOT insurance,boolean_not,boolean_not,pipeline_b,20,1.1193,D02_P013_SEC_2_21_PAR001,D02,SRC01,13,D02_SEC_2_21,2.21,Fiscal Developments,paragraph,bank,1,bank:2,false,"...ing norms. Three OFS transactions were undertaken – in Mazagon Dock Shipbuilders Limited, Bank of Maharashtra and Indian Overseas Bank. These OFS transactions together mobilised around ₹7,717.02 crore. In...",D02 | p13 | 2.21 | D02_P013_SEC_2_21_PAR001
Q13,banking AND NOT insurance,boolean_not,boolean_not,pipeline_b,21,1.1193,D03_BOX019,D03,SRC01,46,D03_SEC_3_85,3.85,Conclusion,box,bank,1,bank:2,false,"...dha24u. 70 Weighted long term interest rates is measured as a weighted average of central bank policy rates and 10-year government bond yields, weighted by the share of bank and market-based credit in total credit...",D03 | p46 | 3.85 | D03_BOX019
Q13,banking AND NOT insurance,boolean_not,boolean_not,pipeline_b,22,1.1193,D03_P010_SEC_3_14_PAR001,D03,SRC01,10,D03_SEC_3_14,3.14,MONETARY DEVELOPMENTS,paragraph,bank,1,bank:2,false,"...usted for the reverse repo/standing deposit facility (SDF), which is analytically akin to bankers’ deposits with the central bank, the adjusted MM stood at 6.0. The upward trajectory of the MM indicates improved...",D03 | p10 | 3.14 | D03_P010_SEC_3_14_PAR001
Q13,banking AND NOT insurance,boolean_not,boolean_not,pipeline_b,23,1.1193,D03_P012_SEC_3_18_PAR001,D03,SRC01,12,D03_SEC_3_18,3.18,FINANCIAL INTERMEDIATION,paragraph,bank,1,bank:2,false,"3.18 Financial intermediaries implement monetary policy by transmitting the central bank’s decisions on interest rates, liquidity management, and credit supply to the real economy. Central banks set policy rates and...",D03 | p12 | 3.18 | D03_P012_SEC_3_18_PAR001
Q13,banking AND NOT insurance,boolean_not,boolean_not,pipeline_b,24,1.1193,D03_P014_SEC_3_24_PAR001,D03,SRC01,14,D03_SEC_3_24,3.24,FINANCIAL INTERMEDIATION,paragraph,bank,1,bank:2,false,"3.24 In FY26, a moderation in bank credit growth was observed across major sectors compared to the same period last year, though recent months have shown an uptick. As of 31 December 2025, the (YoY) growth in...",D03 | p14 | 3.24 | D03_P014_SEC_3_24_PAR001
Q13,banking AND NOT insurance,boolean_not,boolean_not,pipeline_b,25,1.1193,D03_P016_SEC_3_26_PAR001,D03,SRC01,16,D03_SEC_3_26,3.26,FINANCIAL INTERMEDIATION,paragraph,bank,1,bank:2,false,"...and services has demonstrated a moderate increase in FY26 thus far, within industry, the bank credit to the MSME sector continues to show momentum and remains robust. In November 2025, bank credit to this sector...",D03 | p16 | 3.26 | D03_P016_SEC_3_26_PAR001
Q13,banking AND NOT insurance,boolean_not,boolean_not,pipeline_b,26,1.1193,D03_P018_SEC_3_32_PAR001,D03,SRC01,18,D03_SEC_3_32,3.32,FINANCIAL INTERMEDIATION,paragraph,bank,1,bank:2,false,"3.32 In rural and semi-urban areas, the financial intermediation is primarily conducted through Regional Rural Banks (RRBs). These banks provide an alternative channel for credit distribution to small and marginal farmer",D03 | p18 | 3.32 | D03_P018_SEC_3_32_PAR001
Q13,banking AND NOT insurance,boolean_not,boolean_not,pipeline_b,27,1.1193,D03_P021_SEC_3_41_PAR003,D03,SRC01,21,D03_SEC_3_41,3.41,FINANCIAL INTERMEDIATION,paragraph,bank,1,bank:2,false,"There is a convergence in priorities among central banks as they adopt AI, which includes using AI to enhance decision-making, improve operational efficiency, and manage risks effectively. However, there is a notable dif",D03 | p21 | 3.41 | D03_P021_SEC_3_41_PAR003
Q13,banking AND NOT insurance,boolean_not,boolean_not,pipeline_b,28,1.1193,D03_P023_SEC_3_43_PAR001,D03,SRC01,23,D03_SEC_3_43,3.43,FINANCIAL INTERMEDIATION,paragraph,bank,1,bank:2,false,"3.43 The sector operates through a diverse institutional structure. As of March 2025, NBFC-MFIs held 39 per cent market share by loan outstanding, followed by banks (32 per cent), small finance banks (16 per cent), NBFCs",D03 | p23 | 3.43 | D03_P023_SEC_3_43_PAR001
Q13,banking AND NOT insurance,boolean_not,boolean_not,pipeline_b,29,1.1193,D03_P030_SEC_3_50_PAR001,D03,SRC01,30,D03_SEC_3_50,3.50,FINANCIAL INTERMEDIATION,paragraph,bank,1,bank:2,false,"...Their study shows that digital public infrastructure reshapes credit markets by enabling banks and fintechs to expand lending across the risk spectrum, with fintechs playing a distinctive role in reaching...",D03 | p30 | 3.50 | D03_P030_SEC_3_50_PAR001
Q13,banking AND NOT insurance,boolean_not,boolean_not,pipeline_b,30,1.1193,D03_P047_SEC_3_85_PAR005,D03,SRC01,47,D03_SEC_3_85,3.85,Conclusion,paragraph,bank,1,bank:2,false,"The cost of capital is captured by a weighted average of Central bank policy rates and 10- year government bond yields, weighted by the share of bank and market-based credit in total credit to the private...",D03 | p47 | 3.85 | D03_P047_SEC_3_85_PAR005
Q13,banking AND NOT insurance,boolean_not,boolean_not,pipeline_b,31,1.1193,D03_P063_UNKNOWN_PAR004,D03,SRC01,63,D03_SEC_S106,UNKNOWN,CONCLUSION,paragraph,bank,1,bank:2,false,"...ugh the Financial Sector Assessment Program (FSAP) conducted jointly by the IMF and World Bank in 2025.90,91 Both reports noted an increasingly resilient, diversified, and inclusive financial system, with total...",D03 | p63 | UNKNOWN | D03_P063_UNKNOWN_PAR004
Q13,banking AND NOT insurance,boolean_not,boolean_not,pipeline_b,32,1.1193,D06_P026_SEC_6_43_PAR001,D06,SRC01,26,D06_SEC_6_43,6.43,Cooperatives,paragraph,bank,1,bank:2,false,"6.43 Recent initiatives aim to reposition cooperatives, particularly PACS104 and cooperative banks, as decentralised, multipurpose institutions that support rural livelihoods, financial inclusion, and agricultural transf",D06 | p26 | 6.43 | D06_P026_SEC_6_43_PAR001
Q13,banking AND NOT insurance,boolean_not,boolean_not,pipeline_b,33,1.1193,D08_P006_SEC_8_14_PAR001,D08,SRC01,6,D08_SEC_8_14,8.14,UNKNOWN,paragraph,bank,1,bank:2,false,"8.14. Against this backdrop, the moderation in bank credit flow to industry—though still growing at a rate above 8 per cent in FY25—should be seen as a sign of an ongoing structural adjustment. Diversification of...",D08 | p6 | 8.14 | D08_P006_SEC_8_14_PAR001
Q13,banking AND NOT insurance,boolean_not,boolean_not,pipeline_b,34,1.1193,D08_P037_SEC_8_67_PAR003,D08,SRC01,37,D08_SEC_8_67,8.67,Design,paragraph,bank,1,bank:2,false,"This expansion in credit availability has also been accompanied by a gradual shift towards formal financing channels, which is a welcome trend. The share of unincorporated manufacturing establishments accessing formal so",D08 | p37 | 8.67 | D08_P037_SEC_8_67_PAR003
Q13,banking AND NOT insurance,boolean_not,boolean_not,pipeline_b,35,1.1193,D09_P004_SEC_9_11_PAR001,D09,SRC01,4,D09_SEC_9_11,9.11,UNKNOWN,paragraph,bank,1,bank:2,false,...e financing landscape is undergoing a change and shifting from a historical dependence on bank credit toward a diversified ecosystem of alternative financing vehicles and capital market instruments. While bank...,D09 | p4 | 9.11 | D09_P004_SEC_9_11_PAR001
Q13,banking AND NOT insurance,boolean_not,boolean_not,pipeline_b,36,1.1193,D10_P027_SEC_10_68_PAR001,D10,SRC01,27,D10_SEC_10_68,10.68,INTRODUCTION,paragraph,bank,1,bank:2,false,"...institutions, such as Indian Renewable Energy Development Agency Ltd (IREDA),90 National Bank for Agriculture and Rural Development (NABARD),91 Small Industries Development Bank of India (SIDBI),92 Power Finance...",D10 | p27 | 10.68 | D10_P027_SEC_10_68_PAR001
Q13,banking AND NOT insurance,boolean_not,boolean_not,pipeline_b,37,1.1193,D10_P033_SEC_10_76_PAR002,D10,SRC01,33,D10_SEC_10_76,10.76,Finance Framework,paragraph,bank,1,bank:2,false,"...ng can unlock private capital for climate action. In 2025, the Inter-American Development Bank and the Central Bank of Brazil105 established a mechanism to unlock up to USD 3.4 billion in long-term foreign-...",D10 | p33 | 10.76 | D10_P033_SEC_10_76_PAR002
Q13,banking AND NOT insurance,boolean_not,boolean_not,pipeline_b,38,1.1193,D10_P040_SEC_10_99_PAR002,D10,SRC01,40,D10_SEC_10_99,10.99,Finance Framework,paragraph,bank,1,bank:2,false,10.100 Climate finance remains the binding constraint. The gap between global capital availability and climate investment needs in developing countries reflects structural weaknesses in the international financial archit,D10 | p40 | 10.99 | D10_P040_SEC_10_99_PAR002
Q13,banking AND NOT insurance,boolean_not,boolean_not,pipeline_b,39,1.1193,D12_P032_SEC_12_49_PAR001,D12,SRC01,32,D12_SEC_12_49,12.49,SKILLING STRATEGIES FOR YOUTH,paragraph,bank,1,bank:2,false,12.49 A World Bank Report highlights the need to develop effective strategies to enhance STW transition programmes. It suggests that agriculture and services are two key sectors with high potential for job creation....,D12 | p32 | 12.49 | D12_P032_SEC_12_49_PAR001
Q13,banking AND NOT insurance,boolean_not,boolean_not,pipeline_b,40,1.1193,D13_P024_SEC_13_66_PAR004,D13,SRC01,24,D13_SEC_13_66,13.66,TRANSFORMING THE RURAL ECONOMY,paragraph,bank,1,bank:2,false,"In Madhya Pradesh, NGOs and Krishi Vigyan Kendras (KVKs) have played a central role in reviving traditional agrobiodiversity and improving productivity through frontline demonstrations and community seed banks. For examp",D13 | p24 | 13.66 | D13_P024_SEC_13_66_PAR004
Q13,banking AND NOT insurance,boolean_not,boolean_not,pipeline_b,41,1.1193,D13_T002,D13,SRC01,18,D13_SEC_13_48,13.48,TRANSFORMING THE RURAL ECONOMY,table,bank,1,bank:2,false,"1.49 3.95 lakh new rural businesses drive non-farm enterprises. Saras & Aajeevika Brand: Path to 1.47 lakh ‘Bank Sakhi’ women delivering financial services. Social inclusion driven by 5,500 Gender Resource Centres & 3 Cr",D13 | p18 | 13.48 | D13_T002
Q13,banking AND NOT insurance,boolean_not,boolean_not,pipeline_b,42,1.1193,D18_P002_UNKNOWN_PAR001,D18,SRC02,2,D18_SEC_S02,UNKNOWN,INTRODUCTION,paragraph,bank,1,bank:2,false,"The RBI's stress tests also indicate that the banking system remains resilient even under severe macroeconomic stress scenarios, with capital adequacy expected to remain above the prescribed regulatory minimum. This rein",D18 | p2 | UNKNOWN | D18_P002_UNKNOWN_PAR001
Q13,banking AND NOT insurance,boolean_not,boolean_not,pipeline_b,43,1.1193,D18_P002_UNKNOWN_PAR002,D18,SRC02,2,D18_SEC_S02,UNKNOWN,INTRODUCTION,paragraph,bank,1,bank:2,false,This article analyses the key findings of the June 2026 Financial Stability Report from the perspective of the banking and financial services sector. It examines the themes that are likely to have the greatest regulatory,D18 | p2 | UNKNOWN | D18_P002_UNKNOWN_PAR002
Q13,banking AND NOT insurance,boolean_not,boolean_not,pipeline_b,44,1.1193,D18_P003_VI_PAR003,D18,SRC02,3,D18_SEC_VI,VI,Shift Towards Higher-Yield Lending Calls for Continued Vigilance,paragraph,bank,1,bank:2,false,"▪ The RBI, however, cautions that banks should closely monitor these segments as geopolitical developments, particularly the West Asia conflict, and any slowdown in economic activity could adversely impact borrower cash",D18 | p3 | VI | D18_P003_VI_PAR003
Q13,banking AND NOT insurance,boolean_not,boolean_not,pipeline_b,45,1.1193,D18_P003_VI_PAR004,D18,SRC02,3,D18_SEC_VI,VI,Shift Towards Higher-Yield Lending Calls for Continued Vigilance,paragraph,bank,1,bank:2,false,"VII. Based on the FSR, the following are the key challenges and areas of caution for banks: Key Challenges and Caution Areas for Banks",D18 | p3 | VI | D18_P003_VI_PAR004
Q13,banking AND NOT insurance,boolean_not,boolean_not,pipeline_b,46,1.1193,D18_P003_VI_PAR005,D18,SRC02,3,D18_SEC_VI,VI,Shift Towards Higher-Yield Lending Calls for Continued Vigilance,paragraph,bank,1,bank:2,false,"While the overall assessment of the banking sector remains positive, the Report also flags several emerging risks that require continued vigilance. These observations are particularly relevant for banks while framing the",D18 | p3 | VI | D18_P003_VI_PAR005
Q13,banking AND NOT insurance,boolean_not,boolean_not,pipeline_b,47,1.1193,D18_P004_UNKNOWN_PAR001,D18,SRC02,4,D18_SEC_S14,UNKNOWN,OVERALL TAKEAWAY,paragraph,bank,1,bank:2,false,"The RBI's message is that although India's banking system is currently well-capitalised, profitable and resilient, banks should not become complacent. Lending policies must increasingly factor in geopolitical uncertainty",D18 | p4 | UNKNOWN | D18_P004_UNKNOWN_PAR001
Q13,banking AND NOT insurance,boolean_not,boolean_not,pipeline_b,48,1.1193,D22_P011_SEC_4_2_2_PAR006,D22,SRC03,11,D22_SEC_4_2_2,4.2.2,SECONDARY MARKETS,paragraph,bank,1,bank:2,false,"C. Participation in Debt and Hybrid Market: Mutual funds remain the primary participants in the Indian corporate bond market, followed by banks and corporates. During 2025-26, the turnover share of mutual funds grew to 3",D22 | p11 | 4.2.2 | D22_P011_SEC_4_2_2_PAR006
Q13,banking AND NOT insurance,boolean_not,boolean_not,pipeline_b,49,1.1193,D22_P015_SEC_4_3_3_PAR003,D22,SRC03,15,D22_SEC_4_3_3,4.3.3,SECONDARY MARKETS,paragraph,bank,1,bank:2,false,"....5 per cent of its total notional turnover during 2025-26, driven majorly by Nifty 50 and Bank Nifty. The share of Nifty 50 options surged to 93.1 per cent, a significant rise from 45.4 per cent in the previous...",D22 | p15 | 4.3.3 | D22_P015_SEC_4_3_3_PAR003
Q13,banking AND NOT insurance,boolean_not,boolean_not,pipeline_b,50,1.1193,D28_P002_SEC_10_1_1_PAR004,D28,SRC03,2,D28_SEC_10_1_1,10.1.1,"REGULATORY ACTION, SUPERVISION AND ENFORCEMENT",paragraph,bank,1,bank:2,false,"iii. Outreach Initiatives on Insider Trading Regulations: SEBI has undertaken a series of engagements to promote voluntary compliance and uphold market integrity through direct stakeholder interactions. In this regard, h",D28 | p2 | 10.1.1 | D28_P002_SEC_10_1_1_PAR004
Q14,GDP AND investment,boolean_and,boolean_and,pipeline_b,1,2.2603,D02_P041_SEC_2_56_PAR002,D02,SRC01,41,D02_SEC_2_56,2.56,CONCLUSION AND OUTLOOK,paragraph,gdp;invest,2,gdp:9;invest:1,false,"...ry and World Bank’s world development indicators’ database, general government revenue to GDP ratios for OECD countries at middle-income per capita GDP levels (US$2,000-US$3,000 in current prices, comparable to...",D02 | p41 | 2.56 | D02_P041_SEC_2_56_PAR002
Q14,GDP AND investment,boolean_and,boolean_and,pipeline_b,2,2.1945,D01_P012_SEC_1_12_PAR001,D01,SRC01,12,D01_SEC_1_12,1.12,TRENDS IN THE DOMESTIC ECONOMY,paragraph,gdp;invest,2,gdp:1;invest:4,false,"...as evident from corporate announcements.13 Reflecting this strength, the share of GFCF in GDP remained steady at 30.5 per cent in H1 of FY26, well above the pre- pandemic average of 28.6 per cent (Chart I.10)....",D01 | p12 | 1.12 | D01_P012_SEC_1_12_PAR001
Q14,GDP AND investment,boolean_and,boolean_and,pipeline_b,3,2.1945,D01_P025_SEC_1_31_PAR001,D01,SRC01,25,D01_SEC_1_31,1.31,Methodology,paragraph,gdp;invest,2,gdp:3;invest:2,false,"...increased from about 12.5 per cent to 22.6 per cent, while effective capex as a share of GDP rose from roughly 2.6 per cent to 4.0 per cent. Even as the states are overshooting their revenue deficit, the central...",D01 | p25 | 1.31 | D01_P025_SEC_1_31_PAR001
Q14,GDP AND investment,boolean_and,boolean_and,pipeline_b,4,2.1945,D02_T009,D02,SRC01,40,D02_SEC_S93,UNKNOWN,Fiscal Developments,table,gdp;invest,2,gdp:2;invest:3,false,"...of public investment efficiency. In FY24, general government investment was 4 per cent of GDP, amounting to about one-fifth of total government revenue, much higher than in most peer economies. When OECD countries...",D02 | p40 | UNKNOWN | D02_T009
Q14,GDP AND investment,boolean_and,boolean_and,pipeline_b,5,2.1945,D20_T001,D20,SRC03,5,D20_SEC_2_1_3,2.1.3,The Spillover to India: From Sporadic to Structural,table,gdp;invest,2,gdp:4;invest:1,false,"Parameter/Countries 2024 2025 2026* Real GDP growth (Y-o-Y) World 3.4 3.4 3.1 G7 1.7 1.5 1.6 India’s economic outlook, in contrast, remains relatively more resilient. The IMF has estimated India’s real GDP growth at...",D20 | p5 | 2.1.3 | D20_T001
Q14,GDP AND investment,boolean_and,boolean_and,pipeline_b,6,2.1747,D02_P029_UNKNOWN_PAR002,D02,SRC01,29,D02_SEC_S71,UNKNOWN,Fiscal Developments,paragraph,gdp;invest,2,gdp:3;invest:1,false,"...health and personal needs. Some view it as a return for their unpaid contribution to the GDP.32 However, their rapid scale-up and persistence raise concerns about fiscal sustainability and medium-term growth,...",D02 | p29 | UNKNOWN | D02_P029_UNKNOWN_PAR002
Q14,GDP AND investment,boolean_and,boolean_and,pipeline_b,7,2.1747,D03_P041_SEC_3_73_PAR003,D03,SRC01,41,D03_SEC_3_73,3.73,Conclusion,paragraph,gdp;invest,2,gdp:3;invest:1,false,"...a’s corporate bond market remains underdeveloped, accounting for around 16-17 per cent of GDP, compared with the equity market capitalisation of over 130 per cent of GDP. This is substantially lower than in major...",D03 | p41 | 3.73 | D03_P041_SEC_3_73_PAR003
Q14,GDP AND investment,boolean_and,boolean_and,pipeline_b,8,2.1505,D01_P003_SEC_1_2_PAR002,D01,SRC01,3,D01_SEC_1_2,1.2,GLOBAL ECONOMIC GROWTH – FRAGILE AND DIVERGING,paragraph,gdp;invest,2,gdp:1;invest:2,false,"...sinesses on equipment and software to facilitate AI use, has accounted for nearly half of GDP growth in recent quarters, helping to mitigate the negative effects of trade tariffs on growth.1 This strong growth has...",D01 | p3 | 1.2 | D01_P003_SEC_1_2_PAR002
Q14,GDP AND investment,boolean_and,boolean_and,pipeline_b,9,2.1505,D02_P026_SEC_2_40_PAR003,D02,SRC01,26,D02_SEC_2_40,2.40,Notes:,paragraph,gdp;invest,2,gdp:2;invest:1,false,"...the revenue account. The overall capital outlay of States increased from 2.17 per cent of GDP in FY22 to 2.37 per cent in FY25(PA); however, excluding SASCI-linked capital spending, States’ capex declined from...",D02 | p26 | 2.40 | D02_P026_SEC_2_40_PAR003
Q14,GDP AND investment,boolean_and,boolean_and,pipeline_b,10,2.1505,D08_BOX011,D08,SRC01,24,D08_SEC_8_47,8.47,National Manufacturing Mission,box,gdp;invest,2,gdp:1;invest:2,false,"...ing R&D expenditure intensity. India's Gross Expenditure on R&D (GERD) as a percentage of GDP stands at a modest 0.64 per cent, substantially below the global average. Leading economies, such as the US (3.48 per...",D08 | p24 | 8.47 | D08_BOX011
Q14,GDP AND investment,boolean_and,boolean_and,pipeline_b,11,2.1505,D08_P031_SEC_8_57_PAR002,D08,SRC01,31,D08_SEC_8_57,8.57,Design,paragraph,gdp;invest,2,gdp:2;invest:1,false,"...eater Bay Area, for example, generates 35 per cent of national exports and 11 per cent of GDP while occupying less than 1 per cent of land. Vietnam’s two key economic regions contribute nearly two-thirds of GDP...",D08 | p31 | 8.57 | D08_P031_SEC_8_57_PAR002
Q14,GDP AND investment,boolean_and,boolean_and,pipeline_b,12,2.1505,D09_P002_SEC_9_4_PAR001,D09,SRC01,2,D09_SEC_9_4,9.4,UNKNOWN,paragraph,gdp;invest,2,gdp:2;invest:1,false,"...ture has a high multiplier effect, estimated by studies to be around 2.5 to 3.5 times the GDP over the medium term.1 This means, for every rupee spent by the government in creating infrastructure, GDP gains worth...",D09 | p2 | 9.4 | D09_P002_SEC_9_4_PAR001
Q14,GDP AND investment,boolean_and,boolean_and,pipeline_b,13,2.1193,D01_P031_SEC_1_46_PAR002,D01,SRC01,31,D01_SEC_1_46,1.46,OUTLOOK AND WAY FORWARD,paragraph,gdp;invest,2,gdp:1;invest:1,false,"...tment in physical and digital infrastructure, with effective capex reaching 4 per cent of GDP. The simplification of tax laws and the establishment of various High-Level Committees for regulatory reforms,...",D01 | p31 | 1.46 | D01_P031_SEC_1_46_PAR002
Q14,GDP AND investment,boolean_and,boolean_and,pipeline_b,14,2.1193,D02_P002_UNKNOWN_PAR001,D02,SRC01,2,UNKNOWN,UNKNOWN,UNKNOWN,paragraph,gdp;invest,2,gdp:1;invest:1,false,"...ssfully incentivised the States to maintain capital expenditure at around 2.4 per cent of GDP in FY25. Further, the emerging fiscal trade-offs at the State level, particularly the rapid expansion of unconditional...",D02 | p2 | UNKNOWN | D02_P002_UNKNOWN_PAR001
Q14,GDP AND investment,boolean_and,boolean_and,pipeline_b,15,2.1193,D02_P023_SEC_2_37_PAR001,D02,SRC01,23,D02_SEC_2_37,2.37,Fiscal Developments,paragraph,gdp;invest,2,gdp:1;invest:1,false,"2.37 The combined fiscal deficit of State Governments, as a proportion of GDP, has, on average, remained broadly stable at around 2.8 per cent in the post-pandemic period, similar to pre-pandemic levels. However,...",D02 | p23 | 2.37 | D02_P023_SEC_2_37_PAR001
Q14,GDP AND investment,boolean_and,boolean_and,pipeline_b,16,2.1193,D02_P041_UNKNOWN_PAR001,D02,SRC01,41,D02_SEC_S94,UNKNOWN,Fiscal Developments,paragraph,gdp;invest,2,gdp:1;invest:1,false,"their tax revenues were in the range of 20 to 28 per cent of GDP53. A relatively higher revenue to public investment ratio, reflects India’s clear focus on growth-enhancing capital expenditure.",D02 | p41 | UNKNOWN | D02_P041_UNKNOWN_PAR001
Q14,GDP AND investment,boolean_and,boolean_and,pipeline_b,17,2.1193,D03_P028_SEC_3_49_PAR002,D03,SRC01,28,D03_SEC_3_49,3.49,FINANCIAL INTERMEDIATION,paragraph,gdp;invest,2,gdp:1;invest:1,false,"...i borrowers increased by 20 per cent between 2023 and 2025, outperforming India's nominal GDP growth of 9-10 per cent, the MSME Gross Value-Added growth of 16.9 per cent, and the modest 5 per cent profit gains...",D03 | p28 | 3.49 | D03_P028_SEC_3_49_PAR002
Q14,GDP AND investment,boolean_and,boolean_and,pipeline_b,18,2.1193,D03_P040_SEC_3_73_PAR003,D03,SRC01,40,D03_SEC_3_73,3.73,Conclusion,paragraph,gdp;invest,2,gdp:1;invest:1,false,"...funds rose steadily relative to the size of the economy, increasing from <10 per cent of GDP in the early 2010s to ~23 per cent by FY26 (as of November 2025), amounting to over ₹80 lakh crore.",D03 | p40 | 3.73 | D03_P040_SEC_3_73_PAR003
Q14,GDP AND investment,boolean_and,boolean_and,pipeline_b,19,2.1193,D04_P032_SEC_4_72_PAR001,D04,SRC01,32,D04_SEC_4_72,4.72,Remittances,paragraph,gdp;invest,2,gdp:1;invest:1,false,"...s consistently attracted sizeable gross investment inflows, amounting to 18.5 per cent of GDP in FY25 and 16.9 per cent in H1 FY26, even amid tightening global financial conditions.76",D04 | p32 | 4.72 | D04_P032_SEC_4_72_PAR001
Q14,GDP AND investment,boolean_and,boolean_and,pipeline_b,20,2.1193,D04_P041_SEC_4_81_PAR002,D04,SRC01,41,D04_SEC_4_81,4.81,Remittances,paragraph,gdp;invest,2,gdp:1;invest:1,false,"This pattern aligns with cross-country evidence from BRICS and Next-11 economies, where GDP growth, trade openness, and financial development are major drivers of OFDI, while human capital and inward FDI further...",D04 | p41 | 4.81 | D04_P041_SEC_4_81_PAR002
Q14,GDP AND investment,boolean_and,boolean_and,pipeline_b,21,2.1193,D07_P002_SEC_7_3_PAR001,D07,SRC01,2,D07_SEC_7_3,7.3,INTRODUCTION,paragraph,gdp;invest,2,gdp:1;invest:1,false,"...stic growth, but services have also emerged as the most stable and resilient component of GDP, acting as a high-growth, low-volatility anchor, as is the case across the globe. The sector has recorded average...",D07 | p2 | 7.3 | D07_P002_SEC_7_3_PAR001
Q14,GDP AND investment,boolean_and,boolean_and,pipeline_b,22,2.1193,D10_P007_SEC_10_22_PAR001,D10,SRC01,7,D10_SEC_10_22,10.22,INTRODUCTION,paragraph,gdp;invest,2,gdp:1;invest:1,false,...dia’s adaptation and resilience-related domestic spending surged from 3.7 per cent of the GDP in FY16,D10 | p7 | 10.22 | D10_P007_SEC_10_22_PAR001
Q14,GDP AND investment,boolean_and,boolean_and,pipeline_b,23,2.1193,D16_P002_SEC_16_1_PAR001,D16,SRC01,2,D16_SEC_16_1,16.1,UNKNOWN,paragraph,gdp;invest,2,gdp:1;invest:1,false,"...tor is doing well and is investing, but can do more. Capital formation as a percentage of GDP is above 30%. The current account deficit is comfortably low. Foreign exchange reserves are ample. External remittances...",D16 | p2 | 16.1 | D16_P002_SEC_16_1_PAR001
Q14,GDP AND investment,boolean_and,boolean_and,pipeline_b,24,2.1193,D20_P004_II_PAR004,D20,SRC03,4,D20_SEC_II,II,The Spillover to India: From Sporadic to Structural,paragraph,gdp;invest,2,gdp:1;invest:1,false,"...d Capital Formation (GFCF) accounted for 56.7 per cent and 31.9 per cent share in nominal GDP respectively, reflecting healthy consumption demand and sustained investment activity.",D20 | p4 | II | D20_P004_II_PAR004
Q15,(GDP OR GVA) AND policy,boolean_group,boolean_group,pipeline_b,1,2.1945,D02_P004_SEC_2_6_PAR001,D02,SRC01,4,D02_SEC_2_6,2.6,CENTRAL GOVERNMENT FINANCES,paragraph,gdp;polici,2,gdp:4;polici:1,false,2.6 Revenue receipts increased from an average of about 8.5 per cent of GDP during the pre-pandemic period (FY16-FY20) to around 9.1 per cent of GDP in the post-pandemic period (FY22-FY25 PA).3 This improvement was...,D02 | p4 | 2.6 | D02_P004_SEC_2_6_PAR001
Q15,(GDP OR GVA) AND policy,boolean_group,boolean_group,pipeline_b,2,2.1945,D03_P047_SEC_3_85_PAR006,D03,SRC01,47,D03_SEC_3_85,3.85,Conclusion,paragraph,gdp;polici,2,gdp:4;polici:1,false,"...tal cost in the long run are given by the current account balance (CAB as a percentage of GDP), government debt (as a share of GDP), the extent of financial deepening measured by credit to the private sector (as a...",D03 | p47 | 3.85 | D03_P047_SEC_3_85_PAR006
Q15,(GDP OR GVA) AND policy,boolean_group,boolean_group,pipeline_b,3,2.1747,D04_P006_SEC_4_13_PAR002,D04,SRC01,6,D04_SEC_4_13,4.13,GLOBAL TRADE DYNAMICS,paragraph,gdp;polici,2,gdp:1;polici:3,false,10 The Global Economic Policy Uncertainty (GEPU) Index is a GDP-weighted average of national Economic Policy Uncertainty (EPU) indices for 18 countries. The GDP for each country has been calculated based on...,D04 | p6 | 4.13 | D04_P006_SEC_4_13_PAR002
Q15,(GDP OR GVA) AND policy,boolean_group,boolean_group,pipeline_b,4,2.1505,D02_P034_UNKNOWN_PAR002,D02,SRC01,34,D02_SEC_S79,UNKNOWN,Central Government Debt,paragraph,gdp;polici,2,gdp:1;polici:2,false,"...after debt and/or deficit ratios come meaningfully closer to 50 per cent or 3 per cent of GDP, respectively.",D02 | p34 | UNKNOWN | D02_P034_UNKNOWN_PAR002
Q15,(GDP OR GVA) AND policy,boolean_group,boolean_group,pipeline_b,5,2.1505,D05_P001_UNKNOWN_PAR002,D05,SRC01,1,UNKNOWN,UNKNOWN,UNKNOWN,paragraph,gdp;polici,2,gdp:1;polici:2,false,"...s. India stands out for achieving a sharp decline in headline inflation, alongside robust GDP growth, reflecting strong macroeconomic fundamentals and effective monetary policy.",D05 | p1 | UNKNOWN | D05_P001_UNKNOWN_PAR002
Q15,(GDP OR GVA) AND policy,boolean_group,boolean_group,pipeline_b,6,2.1505,D07_P011_SEC_7_17_PAR001,D07,SRC01,11,D07_SEC_7_17,7.17,GLOBAL SERVICES TRENDS AND INDIA’S EXPERIENCE,paragraph,gdp;polici,2,gdp:2;polici:1,false,"...me a central pillar of India’s external sector and a key driver of growth. Their share in GDP averaged 9.7 per cent during FY23-FY25,9 up from 7.4 per cent in the pre-pandemic period (Chart VII.10a). Amid subdued...",D07 | p11 | 7.17 | D07_P011_SEC_7_17_PAR001
Q15,(GDP OR GVA) AND policy,boolean_group,boolean_group,pipeline_b,7,2.1505,D12_P007_SEC_12_12_PAR001,D12,SRC01,7,D12_SEC_12_12,12.12,EMPLOYMENT OVERVIEW,paragraph,gdp;polici,2,gdp:1;polici:2,false,"...ipation to around 55 per cent by the 2050 could be critical for maintaining a high annual GDP growth trajectory.22 While women’s participation in paid work is rising slowly, the imbalance underscores the need for...",D12 | p7 | 12.12 | D12_P007_SEC_12_12_PAR001
Q15,(GDP OR GVA) AND policy,boolean_group,boolean_group,pipeline_b,8,2.1193,D01_P031_SEC_1_46_PAR001,D01,SRC01,31,D01_SEC_1_46,1.46,OUTLOOK AND WAY FORWARD,paragraph,gdp;polici,2,gdp:1;polici:1,false,"...ins broadly even. Taking these considerations together, the Economic Survey projects real GDP growth in FY27 in the range of 6.8 to 7.2 per cent. The outlook, therefore, is one of steady growth amid global...",D01 | p31 | 1.46 | D01_P031_SEC_1_46_PAR001
Q15,(GDP OR GVA) AND policy,boolean_group,boolean_group,pipeline_b,9,2.1193,D02_P003_SEC_2_3_PAR001,D02,SRC01,3,D02_SEC_2_3,2.3,CENTRAL GOVERNMENT FINANCES,paragraph,gdp;polici,2,gdp:1;polici:1,false,"...22 articulated a medium-term glide path, targeting a fiscal deficit below 4.5 per cent of GDP by FY26, instead of binding annual targets, to ensure that growth-enhancing expenditure, particularly capex, was not...",D02 | p3 | 2.3 | D02_P003_SEC_2_3_PAR001
Q15,(GDP OR GVA) AND policy,boolean_group,boolean_group,pipeline_b,10,2.1193,D02_P034_UNKNOWN_PAR001,D02,SRC01,34,D02_SEC_S79,UNKNOWN,Central Government Debt,paragraph,gdp;polici,2,gdp:1;polici:1,false,"...nunciated in 2003 as the FRBM Act, and commit to a fiscal deficit target of 3 per cent of GDP for the Central Government. While it appears prima facie appropriate, in the highly uncertain current global...",D02 | p34 | UNKNOWN | D02_P034_UNKNOWN_PAR001
Q15,(GDP OR GVA) AND policy,boolean_group,boolean_group,pipeline_b,11,2.1193,D02_P039_UNKNOWN_PAR002,D02,SRC01,39,D02_SEC_S93,UNKNOWN,Fiscal Developments,paragraph,gdp;polici,2,gdp:1;polici:1,false,"...n (1998)49. Using over a century of U.S. data, Bohn showed that if the primary surplus-to-GDP ratio rises systematically with the lagged debt-to-GDP ratio (β > 0), fiscal policy is sustainable regardless of...",D02 | p39 | UNKNOWN | D02_P039_UNKNOWN_PAR002
Q15,(GDP OR GVA) AND policy,boolean_group,boolean_group,pipeline_b,12,2.1193,D05_P005_SEC_5_7_PAR001,D05,SRC01,5,D05_SEC_5_7,5.7,GLOBAL INFLATION DEVELOPMENTS,paragraph,gdp;polici,2,gdp:1;polici:1,false,"...centage points (Chart V. 5). Importantly, this disinflation has occurred alongside robust GDP growth of 8 per cent in the H1 of FY26, underscoring India’s strong macroeconomic fundamentals and its ability to...",D05 | p5 | 5.7 | D05_P005_SEC_5_7_PAR001
Q15,(GDP OR GVA) AND policy,boolean_group,boolean_group,pipeline_b,13,2.1193,D06_P004_SEC_6_9_PAR001,D06,SRC01,4,D06_SEC_6_9,6.9,INTRODUCTION,paragraph,gva;polici,2,gva:1;polici:1,false,"...nd, the horticulture sector, which accounts for approximately 33 per cent of agricultural GVA, has emerged as a bright spot in the country's agricultural growth trajectory. In 2024-25, horticulture production...",D06 | p4 | 6.9 | D06_P004_SEC_6_9_PAR001
Q15,(GDP OR GVA) AND policy,boolean_group,boolean_group,pipeline_b,14,2.1193,D07_P028_SEC_7_49_PAR001,D07,SRC01,28,D07_SEC_7_49,7.49,New Global Cycle,paragraph,gva;polici,2,gva:1;polici:1,false,"...real estate and ownership of dwellings’ sector has contributed about 7 per cent to annual GVA, on average, over the past decade, highlighting its importance in services-led growth and strong linkages with...",D07 | p28 | 7.49 | D07_P028_SEC_7_49_PAR001
Q15,(GDP OR GVA) AND policy,boolean_group,boolean_group,pipeline_b,15,2.1193,D08_BOX007,D08,SRC01,20,D08_SEC_8_41,8.41,National Manufacturing Mission,box,gdp;polici,2,gdp:1;polici:1,false,"...s ambitious targets for 2035, aiming to double the manufacturing sector’s contribution to GDP from 12.9 per cent (2023) to 25 per cent and generate 143 million jobs, along with boosting merchandise exports to USD...",D08 | p20 | 8.41 | D08_BOX007
