ngram,n,frequency,document_frequency,example_document,example_page,example_unit_id,contains_domain_term,is_function_word_phrase,has_content_token,is_repeated_token
", and",2,2728,1657,D01,5,D01_BOX001,,false,true,false
", the",2,1395,1077,D01,18,D01_BOX003,,false,true,false
. the,2,1370,1097,D01,21,D01_BOX005,,false,true,false
of the,2,1341,997,D01,18,D01_BOX003,,true,true,false
in the,2,1087,845,D01,31,D01_BOX007,,true,true,false
") ,",2,747,469,D01,21,D01_BOX005,,false,false,false
) .,2,688,576,D01,2,D01_P002_SEC_1_1_PAR001,,false,false,false
india 's,2,647,527,D01,31,D01_BOX007,,false,true,false
. this,2,620,573,D01,5,D01_BOX001,,false,true,false
such as,2,521,460,D01,5,D01_BOX001,,true,true,false
and the,2,494,445,D01,18,D01_BOX003,,true,true,false
", with",2,493,431,D01,31,D01_BOX007,,false,true,false
ai ai,2,480,22,D17,36,D17_P036_UNKNOWN_PAR001,,false,true,true
to the,2,470,403,D01,18,D01_BOX003,,true,true,false
. in,2,463,419,D01,2,D01_P002_SEC_1_1_PAR001,,false,true,false
as a,2,396,353,D01,2,D01_P002_SEC_1_1_PAR001,,true,true,false
", which",2,342,316,D01,21,D01_BOX005,,false,true,false
with the,2,336,309,D01,31,D01_BOX007,,true,true,false
has been,2,313,278,D01,2,D01_P002_SEC_1_1_PAR001,,true,true,false
by the,2,293,257,D01,2,D01_P002_SEC_1_1_PAR001,,true,true,false
on the,2,286,263,D01,1,D01_P001_UNKNOWN_PAR003,,true,true,false
at the,2,286,242,D01,6,D01_P006_SEC_1_6_PAR005,,true,true,false
for the,2,276,252,D01,21,D01_BOX005,,true,true,false
", 2025",2,269,188,D02,6,D02_P006_SEC_2_10_PAR001,,false,true,false
", while",2,257,251,D01,1,D01_P001_UNKNOWN_PAR003,,false,true,false
", including",2,255,241,D01,5,D01_BOX001,,false,true,false
", as",2,251,241,D01,21,D01_BOX005,,false,true,false
. these,2,251,242,D01,2,D01_P002_SEC_1_2_PAR001,,false,true,false
in india,2,232,213,D01,18,D01_BOX003,,false,true,false
", a",2,231,212,D01,21,D01_BOX005,,false,true,false
as the,2,228,221,D01,5,D01_BOX001,,true,true,false
during 2025-26,2,227,195,D10,14,D10_P014_SEC_10_38_PAR001,,false,true,false
have been,2,221,186,D01,7,D01_P007_SEC_1_6_PAR006,,true,true,false
) and,2,220,199,D01,21,D01_BOX005,,false,true,false
. it,2,217,198,D01,18,D01_BOX003,,false,true,false
rather than,2,216,198,D01,8,D01_P008_SEC_1_6_PAR003,,false,true,false
"2025-26 ,",2,210,195,D03,16,D03_P016_SEC_3_27_PAR001,,false,true,false
. as,2,204,198,D01,21,D01_BOX005,,false,true,false
", but",2,204,181,D01,6,D01_P006_SEC_1_6_PAR003,,false,true,false
to be,2,201,183,D01,21,D01_BOX005,,true,true,false
the government,2,199,168,D01,21,D01_BOX005,,false,true,false
during the,2,199,171,D01,1,D01_P001_UNKNOWN_PAR004,,true,true,false
of india,2,195,184,D01,26,D01_P026_SEC_1_32_PAR001,,false,true,false
over the,2,194,174,D01,5,D01_BOX001,,true,true,false
- -,2,194,26,D01,34,D01_T008,,false,false,true
no .,2,191,106,D02,29,D02_P029_UNKNOWN_PAR008,,false,true,false
"however ,",2,190,189,D01,2,D01_P002_SEC_1_2_PAR001,,false,true,false
", sebi",2,190,162,D03,37,D03_P037_SEC_3_71_PAR006,,false,true,false
with a,2,181,166,D01,5,D01_BOX001,,true,true,false
", such",2,180,168,D01,5,D01_BOX001,,false,true,false
the same,2,176,160,D01,13,D01_P013_SEC_1_14_PAR001,,false,true,false
"regulations ,",2,171,143,D03,1,D03_P001_UNKNOWN_PAR005,,false,true,false
. a,2,168,161,D01,20,D01_P020_UNKNOWN_PAR002,,false,true,false
", 2026",2,168,127,D01,28,D01_P028_SEC_1_37_PAR001,,false,true,false
from the,2,167,154,D01,3,D01_P003_SEC_1_2_PAR002,,true,true,false
", in",2,165,151,D01,7,D01_P007_SEC_1_6_PAR009,,false,true,false
in a,2,163,150,D01,21,D01_BOX005,,true,true,false
", india",2,162,147,D01,8,D01_P008_SEC_1_6_PAR001,,false,true,false
under the,2,160,150,D01,6,D01_P006_SEC_1_6_PAR002,,true,true,false
https :,2,155,108,D01,35,D01_P035_SEC_3_PAR003,,false,true,false
", it",2,153,145,D01,18,D01_BOX003,,false,true,false
access to,2,152,137,D01,21,D01_BOX005,,false,true,false
as of,2,147,132,D01,15,D01_P015_SEC_1_18_PAR001,,true,true,false
it is,2,146,135,D01,20,D01_P020_UNKNOWN_PAR001,,true,true,false
that the,2,141,127,D01,18,D01_BOX003,,true,true,false
share of,2,141,114,D01,10,D01_P010_SEC_1_9_PAR001,,false,true,false
to a,2,140,131,D01,3,D01_P003_SEC_1_3_PAR001,,true,true,false
"31 ,",2,139,92,D01,32,D01_P032_SEC_1_PAR002,,false,true,false
is a,2,138,132,D01,19,D01_P019_UNKNOWN_PAR002,,true,true,false
. of,2,136,72,D02,12,D02_T003,,false,true,false
. while,2,133,132,D01,18,D01_BOX003,,false,true,false
( chart,2,132,113,D01,4,D01_P004_SEC_1_3_PAR001,,false,true,false
. india,2,132,126,D01,28,D01_P028_SEC_1_38_PAR001,,false,true,false
", or",2,130,118,D01,8,D01_P008_SEC_1_6_PAR003,,false,true,false
"act ,",2,130,88,D02,6,D02_P006_SEC_2_10_PAR001,,false,true,false
the country,2,130,121,D02,36,D02_P036_SEC_2_48_PAR001,,false,true,false
march 31,2,128,81,D03,51,D03_P051_SEC_3_89_PAR001,,false,true,false
the national,2,127,102,D01,21,D01_BOX005,,false,true,false
"india ,",2,126,120,D01,21,D01_BOX005,,false,true,false
supported by,2,126,119,D01,1,D01_P001_UNKNOWN_PAR004,,false,true,false
and a,2,126,121,D01,3,D01_P003_SEC_1_2_PAR002,,true,true,false
( table,2,124,111,D01,2,D01_P002_SEC_1_1_PAR001,,false,true,false
in this,2,123,118,D01,5,D01_P005_SEC_1_6_PAR001,,true,true,false
of gdp,2,122,73,D01,3,D01_P003_SEC_1_2_PAR002,gdp,false,true,false
can be,2,122,111,D01,7,D01_P007_SEC_1_6_PAR007,,true,true,false
. however,2,121,121,D01,3,D01_P003_SEC_1_3_PAR001,,false,true,false
sebi (,2,120,103,D21,2,D21_BOX001,,false,true,false
the year,2,119,104,D01,2,D01_P002_SEC_1_1_PAR001,,false,true,false
compared to,2,118,107,D01,2,D01_P002_SEC_1_1_PAR001,,false,true,false
is the,2,118,107,D01,10,D01_P010_SEC_1_9_PAR001,,true,true,false
"2025 ,",2,117,95,D01,2,D01_P002_SEC_1_1_PAR001,,false,true,false
number of,2,117,98,D01,6,D01_P006_SEC_1_6_PAR005,,false,true,false
to ensure,2,117,106,D01,8,D01_P008_SEC_1_6_PAR002,,false,true,false
in fy25,2,117,92,D01,15,D01_P015_SEC_1_19_PAR001,,false,true,false
of a,2,116,105,D01,7,D01_P007_SEC_1_6_PAR004,,true,true,false
) regulations,2,116,98,D04,25,D04_P025_SEC_4_54_PAR001,,false,true,false
due to,2,115,107,D01,2,D01_P002_SEC_1_1_PAR001,,false,true,false
. for,2,115,112,D01,2,D01_P002_SEC_1_1_PAR001,,false,true,false
"time ,",2,114,110,D01,14,D01_P014_SEC_1_15_PAR001,,false,true,false
driven by,2,111,110,D01,1,D01_P001_UNKNOWN_PAR003,,false,true,false
) (,2,111,94,D02,25,D02_P025_UNKNOWN_PAR001,,false,false,false
the global,2,110,99,D01,1,D01_P001_UNKNOWN_PAR002,,false,true,false
", particularly",2,110,110,D01,4,D01_P004_SEC_1_3_PAR001,,false,true,false
based on,2,110,104,D01,7,D01_P007_SEC_1_6_PAR008,,false,true,false
. to,2,109,103,D01,21,D01_BOX005,,false,true,false
: the,2,109,106,D01,7,D01_P007_SEC_1_6_PAR008,,false,true,false
"services ,",2,108,88,D01,8,D01_P008_SEC_1_6_PAR003,,false,true,false
to enhance,2,107,100,D01,8,D01_P008_SEC_1_6_PAR002,,false,true,false
is not,2,106,105,D01,6,D01_P006_SEC_1_6_PAR001,,true,true,false
the world,2,102,97,D01,4,D01_P004_SEC_1_3_PAR001,,false,true,false
expected to,2,101,85,D01,21,D01_BOX005,,false,true,false
"infrastructure ,",2,101,98,D01,8,D01_P008_SEC_1_6_PAR003,,false,true,false
as on,2,100,72,D01,24,D01_P024_SEC_1_30_PAR001,,true,true,false
"growth ,",2,99,97,D01,1,D01_P001_UNKNOWN_PAR004,growth,false,true,false
through the,2,99,97,D01,19,D01_P019_UNKNOWN_PAR001,,true,true,false
"further ,",2,99,97,D02,2,D02_P002_UNKNOWN_PAR001,,false,true,false
growth in,2,97,85,D01,1,D01_P001_UNKNOWN_PAR006,growth,false,true,false
a significant,2,97,93,D01,27,D01_P027_SEC_1_34_PAR001,,false,true,false
by a,2,96,92,D01,7,D01_P007_SEC_1_6_PAR002,,true,true,false
and financial,2,96,93,D01,7,D01_P007_SEC_1_6_PAR002,financial,false,true,false
the state,2,96,80,D01,19,D01_P019_UNKNOWN_PAR004,,false,true,false
2024-25 2025-26,2,94,61,D21,5,D21_T001,,false,true,false
use of,2,92,85,D01,5,D01_BOX001,,false,true,false
", these",2,92,90,D01,21,D01_BOX005,,false,true,false
", thereby",2,91,88,D01,8,D01_P008_SEC_1_6_PAR003,,false,true,false
", reflecting",2,91,90,D01,14,D01_P014_SEC_1_17_PAR001,,false,true,false
the total,2,91,79,D02,28,D02_BOX015,,false,true,false
year .,2,90,87,D01,9,D01_P009_SEC_1_8_PAR002,,false,true,false
role in,2,90,87,D02,26,D02_BOX013,,false,true,false
ii .,2,90,83,D09,21,D09_BOX019,,false,true,false
more than,2,89,86,D01,14,D01_P014_SEC_1_17_PAR001,,true,true,false
. during,2,88,85,D02,15,D02_BOX005,,false,true,false
ease of,2,88,77,D03,60,D03_BOX021,,false,true,false
growth .,2,86,85,D01,5,D01_BOX001,growth,false,true,false
as well,2,86,84,D01,5,D01_P005_SEC_1_6_PAR001,,false,true,false
"year ,",2,86,82,D01,10,D01_P010_SEC_1_9_PAR001,,false,true,false
increase in,2,86,81,D01,27,D01_P027_SEC_1_34_PAR001,,false,true,false
the sebi,2,86,69,D03,36,D03_BOX013,,false,true,false
the economy,2,85,82,D01,31,D01_BOX007,,false,true,false
. further,2,85,83,D02,2,D02_P002_UNKNOWN_PAR001,,false,true,false
"years ,",2,84,79,D01,5,D01_BOX001,,false,true,false
the first,2,84,77,D01,21,D01_BOX005,,false,true,false
within the,2,84,82,D01,18,D01_P018_SEC_1_25_PAR001,,false,true,false
this is,2,83,81,D01,31,D01_BOX007,,true,true,false
securities market,2,83,76,D03,42,D03_BOX017,market;securities,false,true,false
well as,2,82,80,D01,5,D01_P005_SEC_1_6_PAR001,,false,true,false
", supported",2,81,78,D01,1,D01_P001_UNKNOWN_PAR004,,false,true,false
the central,2,81,74,D01,25,D01_P025_SEC_1_31_PAR001,,false,true,false
", where",2,80,78,D01,6,D01_P006_SEC_1_6_PAR005,,false,true,false
) of,2,80,73,D01,8,D01_P008_SEC_1_6_PAR003,,false,true,false
. (,2,80,63,D01,9,D01_P009_SEC_1_8_PAR002,,false,false,false
along with,2,80,77,D01,11,D01_P011_SEC_1_10_PAR001,,false,true,false
on march,2,80,56,D21,16,D21_P016_SEC_3_4_2_PAR003,,false,true,false
the previous,2,79,72,D01,8,D01_P008_SEC_1_6_PAR003,,false,true,false
"fy25 ,",2,79,68,D01,14,D01_P014_SEC_1_17_PAR001,,false,true,false
the sector,2,79,73,D01,16,D01_P016_SEC_1_20_PAR001,sector,false,true,false
", to",2,78,77,D01,5,D01_BOX001,,false,true,false
while the,2,78,78,D01,22,D01_P022_SEC_1_28_PAR003,,true,true,false
end of,2,77,66,D01,18,D01_BOX003,,false,true,false
", this",2,77,76,D01,6,D01_P006_SEC_1_6_PAR004,,false,true,false
. by,2,77,75,D01,8,D01_P008_SEC_1_6_PAR003,,false,true,false
must be,2,77,67,D01,28,D01_P028_SEC_1_38_PAR001,,true,true,false
will be,2,77,56,D01,35,D01_P035_SEC_3_PAR002,,true,true,false
a .,2,77,75,D04,23,D04_P023_UNKNOWN_PAR006,,false,true,false
of sebi,2,77,68,D21,2,D21_BOX001,,false,true,false
to strengthen,2,76,73,D01,31,D01_BOX007,,false,true,false
"2026 ,",2,76,67,D01,7,D01_P007_SEC_1_6_PAR009,,false,true,false
india has,2,76,73,D01,28,D01_P028_SEC_1_39_PAR001,,false,true,false
for a,2,75,72,D01,22,D01_P022_SEC_1_28_PAR008,,true,true,false
for india,2,75,71,D01,28,D01_P028_SEC_1_38_PAR001,,false,true,false
by sebi,2,75,73,D03,35,D03_P035_SEC_3_67_PAR001,,false,true,false
up to,2,74,63,D01,11,D01_P011_SEC_1_10_PAR001,,true,true,false
", is",2,73,71,D01,6,D01_P006_SEC_1_6_PAR002,,false,true,false
a more,2,73,73,D01,7,D01_P007_SEC_1_6_PAR002,,true,true,false
. at,2,73,72,D01,14,D01_P014_SEC_1_15_PAR001,,false,true,false
cost of,2,73,67,D01,34,D01_P034_SEC_3_PAR001,,false,true,false
etc .,2,73,65,D02,9,D02_P009_UNKNOWN_PAR002,,false,true,false
mutual funds,2,73,56,D03,1,D03_P001_UNKNOWN_PAR003,,false,true,false
2025-26 .,2,73,63,D08,20,D08_BOX007,,false,true,false
on a,2,72,66,D01,1,D01_P001_UNKNOWN_PAR006,,true,true,false
of these,2,72,70,D01,20,D01_P020_UNKNOWN_PAR001,,true,true,false
the indian,2,71,68,D01,1,D01_P001_UNKNOWN_PAR003,,false,true,false
need to,2,71,66,D01,24,D01_P024_SEC_1_29_PAR001,,false,true,false
to improve,2,70,66,D01,21,D01_BOX005,,false,true,false
and other,2,70,66,D01,7,D01_P007_SEC_1_6_PAR007,,true,true,false
development and,2,70,67,D03,9,D03_P009_SEC_3_9_PAR001,,false,true,false
", has",2,69,69,D01,5,D01_BOX001,,false,true,false
the end,2,69,60,D01,18,D01_BOX003,,false,true,false
a key,2,69,69,D01,3,D01_P003_SEC_1_2_PAR002,,false,true,false
the need,2,69,67,D02,11,D02_P011_UNKNOWN_PAR001,,false,true,false
sebi 's,2,69,63,D03,42,D03_BOX017,,false,true,false
the us,2,68,50,D01,2,D01_P002_SEC_1_1_PAR001,,true,true,false
"additionally ,",2,68,68,D01,27,D01_P027_SEC_1_34_PAR001,,false,true,false
framework for,2,68,64,D02,33,D02_P033_UNKNOWN_PAR001,,false,true,false
not only,2,68,67,D03,26,D03_P026_SEC_3_47_PAR003,,false,true,false
the period,2,67,47,D01,31,D01_BOX007,,false,true,false
sector .,2,66,65,D01,21,D01_BOX005,sector,false,true,false
is also,2,66,65,D01,5,D01_P005_SEC_1_5_PAR002,,true,true,false
of this,2,66,65,D01,8,D01_P008_SEC_1_6_PAR003,,true,true,false
through a,2,66,66,D01,26,D01_P026_SEC_1_33_PAR001,,true,true,false
the scheme,2,66,53,D02,26,D02_BOX013,,false,true,false
b .,2,66,64,D07,21,D07_P021_SEC_7_31_PAR002,,false,true,false
across the,2,65,64,D01,4,D01_P004_SEC_1_5_PAR001,,false,true,false
over time,2,65,65,D01,14,D01_P014_SEC_1_17_PAR001,,false,true,false
"education ,",2,65,61,D01,30,D01_P030_SEC_1_41_PAR001,,false,true,false
in 2025-26,2,65,62,D05,1,D05_P001_UNKNOWN_PAR003,,false,true,false
ai -,2,65,20,D17,36,D17_P036_UNKNOWN_PAR001,,false,true,false
india .,2,64,62,D01,18,D01_BOX003,,false,true,false
to address,2,64,62,D01,21,D01_BOX005,,false,true,false
"fy26 ,",2,64,57,D01,1,D01_P001_UNKNOWN_PAR004,,false,true,false
the share,2,64,58,D01,10,D01_P010_SEC_1_9_PAR001,,false,true,false
"furthermore ,",2,64,63,D01,11,D01_P011_SEC_1_11_PAR001,,false,true,false
previous year,2,64,57,D01,28,D01_P028_SEC_1_36_PAR001,,false,true,false
economy .,2,63,62,D01,21,D01_BOX005,,false,true,false
"sector ,",2,63,62,D01,3,D01_P003_SEC_1_2_PAR002,sector,false,true,false
into the,2,63,62,D01,7,D01_P007_SEC_1_6_PAR007,,true,true,false
part of,2,63,63,D02,14,D02_P014_SEC_2_24_PAR001,,false,true,false
i .,2,63,60,D09,21,D09_BOX019,,false,true,false
to support,2,62,62,D01,1,D01_P001_UNKNOWN_PAR003,,false,true,false
to provide,2,62,59,D01,13,D01_P013_SEC_1_14_PAR001,,false,true,false
of doing,2,62,55,D03,60,D03_BOX021,,false,true,false
₹crore ),2,62,29,D10,29,D10_T001,,false,true,false
investment in,2,61,53,D01,1,D01_P001_UNKNOWN_PAR004,investment,false,true,false
", they",2,61,60,D01,4,D01_P004_SEC_1_3_PAR001,,false,true,false
ministry of,2,61,58,D01,9,D01_P009_SEC_1_8_PAR002,,false,true,false
same time,2,61,59,D01,14,D01_P014_SEC_1_15_PAR001,,false,true,false
the revised,2,61,42,D01,29,D01_P029_SEC_1_41_PAR001,,false,true,false
doing business,2,61,55,D03,60,D03_BOX021,,false,true,false
iii .,2,61,55,D10,37,D10_P037_SEC_10_92_PAR002,,false,true,false
( ₹crore,2,61,28,D10,29,D10_T001,,false,true,false
growth and,2,60,57,D01,1,D01_P001_UNKNOWN_PAR002,growth,false,true,false
in fy26,2,60,56,D01,1,D01_P001_UNKNOWN_PAR003,,false,true,false
", there",2,60,55,D01,27,D01_P027_SEC_1_34_PAR001,,false,true,false
and social,2,60,57,D01,29,D01_P029_SEC_1_40_PAR001,,false,true,false
"development ,",2,60,59,D03,22,D03_P022_SEC_3_41_PAR007,,false,true,false
participation in,2,60,58,D03,38,D03_P038_UNKNOWN_PAR006,,false,true,false
in global,2,59,57,D01,4,D01_P004_SEC_1_5_PAR001,,false,true,false
) in,2,59,58,D01,10,D01_P010_SEC_1_9_PAR001,,false,true,false
"therefore ,",2,59,58,D01,15,D01_P015_SEC_1_18_PAR001,,false,true,false
at a,2,59,53,D01,27,D01_P027_SEC_1_34_PAR001,,true,true,false
market .,2,59,59,D01,33,D01_P033_SEC_1_PAR007,market,false,true,false
"management ,",2,59,59,D02,16,D02_BOX007,,false,true,false
resilience and,2,59,59,D02,6,D02_P006_SEC_2_9_PAR001,,false,true,false
the rbi,2,59,50,D02,12,D02_P012_SEC_2_19_PAR001,,false,true,false
and global,2,59,59,D02,41,D02_P041_SEC_2_55_PAR001,,false,true,false
the securities,2,59,54,D03,36,D03_BOX013,securities,false,true,false
the financial,2,59,52,D03,39,D03_BOX015,financial,false,true,false
the past,2,58,55,D01,5,D01_BOX001,,false,true,false
as an,2,58,56,D01,21,D01_BOX005,,true,true,false
labour market,2,58,46,D01,1,D01_P001_UNKNOWN_PAR005,market,false,true,false
the current,2,58,55,D01,27,D01_P027_SEC_1_35_PAR001,current,false,true,false
country 's,2,58,53,D02,36,D02_P036_SEC_2_48_PAR001,,false,true,false
of ai,2,58,47,D03,21,D03_BOX003,,false,true,false
- ai,2,58,19,D17,36,D17_P036_UNKNOWN_PAR001,,false,true,false
a comprehensive,2,57,56,D01,21,D01_BOX005,,false,true,false
of its,2,57,52,D01,3,D01_P003_SEC_1_2_PAR002,,true,true,false
and strategic,2,57,57,D01,5,D01_P005_SEC_1_5_PAR002,,false,true,false
) for,2,57,50,D01,9,D01_P009_SEC_1_8_PAR002,,false,true,false
terms of,2,57,51,D01,15,D01_P015_SEC_1_19_PAR001,,false,true,false
fy25 .,2,57,47,D01,15,D01_P015_SEC_1_19_PAR001,,false,true,false
. additionally,2,57,57,D01,27,D01_P027_SEC_1_34_PAR001,,false,true,false
does not,2,57,57,D02,22,D02_BOX011,,true,true,false
r &,2,57,48,D02,2,D02_P002_SEC_2_1_PAR001,,false,true,false
", ensuring",2,57,55,D02,36,D02_P036_SEC_2_48_PAR001,,false,true,false
should be,2,57,48,D03,64,D03_BOX023,,true,true,false
& d,2,57,48,D03,5,D03_P005_SEC_3_8_PAR002,,false,true,false
0 0,2,57,18,D19,6,D19_T006,,false,true,true
supply chains,2,56,54,D01,1,D01_P001_UNKNOWN_PAR002,supply,false,true,false
continue to,2,56,56,D01,1,D01_P001_UNKNOWN_PAR003,,false,true,false
the number,2,56,52,D01,19,D01_P019_UNKNOWN_PAR005,,false,true,false
2025 .,2,56,52,D01,22,D01_P022_SEC_1_28_PAR004,,false,true,false
followed by,2,56,51,D01,32,D01_P032_SEC_1_PAR001,,false,true,false
is to,2,56,55,D04,35,D04_P035_SEC_4_80_PAR001,,true,true,false
markets .,2,55,55,D01,5,D01_BOX001,markets,false,true,false
1 ),2,55,45,D01,21,D01_BOX005,,false,true,false
role of,2,55,55,D01,1,D01_P001_UNKNOWN_PAR004,,false,true,false
than the,2,55,52,D01,2,D01_P002_SEC_1_1_PAR001,,true,true,false
", driven",2,55,53,D01,5,D01_P005_SEC_1_5_PAR002,,false,true,false
focus on,2,55,54,D01,8,D01_P008_SEC_1_6_PAR003,,false,true,false
period .,2,55,53,D01,17,D01_P017_SEC_1_24_PAR001,,false,true,false
. over,2,55,55,D01,28,D01_P028_SEC_1_37_PAR001,,false,true,false
amendment ),2,55,55,D02,16,D02_P016_SEC_2_26_PAR001,,false,true,false
there is,2,55,50,D02,34,D02_P034_UNKNOWN_PAR001,,true,true,false
"markets ,",2,55,55,D03,46,D03_BOX019,markets,false,true,false
government has,2,54,51,D01,21,D01_BOX005,,false,true,false
continues to,2,54,51,D01,1,D01_P001_UNKNOWN_PAR005,,false,true,false
in recent,2,54,53,D01,3,D01_P003_SEC_1_2_PAR002,,false,true,false
they are,2,54,51,D01,4,D01_P004_SEC_1_3_PAR001,,true,true,false
and to,2,54,53,D01,7,D01_P007_SEC_1_6_PAR005,,true,true,false
strategic indispensability,2,54,49,D01,8,D01_P008_SEC_1_6_PAR003,,false,true,false
with an,2,54,51,D01,8,D01_P008_SEC_1_7_PAR001,,true,true,false
h 1,2,54,36,D01,9,D01_P009_SEC_1_8_PAR002,,false,true,false
same period,2,54,52,D01,13,D01_P013_SEC_1_14_PAR001,,false,true,false
growth of,2,54,48,D01,16,D01_P016_SEC_1_20_PAR001,growth,false,true,false
expansion of,2,54,52,D01,25,D01_P025_SEC_1_31_PAR001,,false,true,false
of global,2,54,50,D01,27,D01_P027_SEC_1_35_PAR001,,false,true,false
skill development,2,54,52,D01,29,D01_P029_SEC_1_39_PAR002,,false,true,false
in addition,2,54,52,D02,10,D02_P010_UNKNOWN_PAR008,,false,true,false
india is,2,54,51,D02,17,D02_P017_UNKNOWN_PAR006,,false,true,false
the ',2,54,52,D03,5,D03_P005_SEC_3_8_PAR002,,false,true,false
. sebi,2,54,49,D03,38,D03_P038_UNKNOWN_PAR002,,false,true,false
: during,2,54,51,D21,11,D21_BOX005,,false,true,false
is expected,2,53,45,D01,2,D01_P002_SEC_1_1_PAR001,,false,true,false
one of,2,53,53,D01,6,D01_P006_SEC_1_6_PAR007,,true,true,false
impact of,2,53,49,D01,11,D01_P011_SEC_1_10_PAR001,,false,true,false
from a,2,53,52,D01,14,D01_P014_SEC_1_16_PAR001,,true,true,false
", have",2,53,49,D01,15,D01_P015_SEC_1_17_PAR002,,false,true,false
) to,2,53,51,D01,19,D01_P019_UNKNOWN_PAR003,,false,true,false
has also,2,53,51,D01,22,D01_P022_SEC_1_28_PAR004,,true,true,false
increased from,2,53,50,D01,25,D01_P025_SEC_1_31_PAR001,,false,true,false
development .,2,53,52,D01,35,D01_P035_SEC_3_PAR003,,false,true,false
sebi act,2,53,38,D03,36,D03_BOX013,,false,true,false
sebi has,2,53,48,D03,37,D03_P037_SEC_3_71_PAR003,,false,true,false
mutual fund,2,53,37,D03,39,D03_P039_SEC_3_73_PAR001,,false,true,false
education and,2,53,51,D03,60,D03_P060_SEC_3_99_PAR005,,false,true,false
in 2024-25,2,53,46,D05,5,D05_P005_SEC_5_8_PAR001,,false,true,false
strategic resilience,2,53,49,D08,43,D08_BOX029,,false,true,false
"together ,",2,52,51,D01,21,D01_BOX005,,false,true,false
the most,2,52,51,D01,2,D01_P002_SEC_1_1_PAR001,,true,true,false
"context ,",2,52,52,D01,5,D01_P005_SEC_1_6_PAR001,,false,true,false
of their,2,52,50,D01,7,D01_P007_SEC_1_6_PAR003,,true,true,false
can not,2,52,46,D01,8,D01_P008_SEC_1_6_PAR003,,true,true,false
may be,2,52,50,D01,11,D01_P011_SEC_1_10_PAR001,,true,true,false
. furthermore,2,52,51,D01,11,D01_P011_SEC_1_11_PAR001,,false,true,false
"contrast ,",2,52,51,D01,15,D01_P015_SEC_1_17_PAR002,,false,true,false
range of,2,52,51,D01,31,D01_P031_SEC_1_46_PAR001,,false,true,false
: //tinyurl.com/,2,52,40,D02,16,D02_BOX007,,false,true,false
and more,2,52,52,D02,22,D02_BOX011,,true,true,false
of which,2,52,45,D02,5,D02_P005_SEC_2_8_PAR002,,true,true,false
"systems ,",2,52,51,D02,11,D02_P011_SEC_2_18_PAR001,,false,true,false
", 1992",2,52,38,D03,36,D03_BOX013,,false,true,false
but also,2,52,52,D03,26,D03_P026_SEC_3_47_PAR003,,true,true,false
. •,2,52,21,D04,18,D04_P018_UNKNOWN_PAR015,,false,false,false
ai ui,2,52,15,D17,36,D17_P036_UNKNOWN_PAR001,,false,true,false
. with,2,51,51,D01,1,D01_P001_UNKNOWN_PAR006,,false,true,false
and its,2,51,48,D01,10,D01_P010_SEC_1_9_PAR001,,true,true,false
", along",2,51,50,D01,11,D01_P011_SEC_1_10_PAR001,,false,true,false
suggests that,2,51,49,D01,11,D01_P011_SEC_1_10_PAR001,,false,true,false
capital expenditure,2,51,43,D01,12,D01_P012_SEC_1_12_PAR001,capital;expenditure,false,true,false
which is,2,51,48,D01,18,D01_P018_SEC_1_25_PAR001,,true,true,false
recent years,2,51,49,D01,31,D01_P031_SEC_1_46_PAR001,,false,true,false
2025 ),2,51,43,D02,28,D02_BOX015,,false,true,false
need for,2,51,49,D02,11,D02_P011_UNKNOWN_PAR001,,false,true,false
development of,2,51,47,D02,33,D02_P033_UNKNOWN_PAR001,,false,true,false
government of,2,51,45,D03,29,D03_BOX011,,false,true,false
the chapter,2,50,41,D01,1,D01_P001_UNKNOWN_PAR004,,false,true,false
", even",2,50,46,D01,1,D01_P001_UNKNOWN_PAR004,,false,true,false
according to,2,50,50,D01,2,D01_P002_SEC_1_1_PAR001,,false,true,false
", indicating",2,50,47,D01,3,D01_P003_SEC_1_2_PAR002,,false,true,false
services .,2,50,48,D01,9,D01_P009_SEC_1_8_PAR002,,false,true,false
", respectively",2,50,47,D01,14,D01_P014_SEC_1_15_PAR001,,false,true,false
in terms,2,50,44,D01,15,D01_P015_SEC_1_19_PAR001,,false,true,false
an increase,2,50,49,D01,27,D01_P027_SEC_1_35_PAR001,,false,true,false
associated with,2,50,47,D02,22,D02_BOX011,,false,true,false
", not",2,50,49,D02,30,D02_P030_UNKNOWN_PAR001,,false,true,false
"sebi ,",2,50,48,D03,35,D03_P035_SEC_3_67_PAR001,,false,true,false
stock exchanges,2,50,43,D03,38,D03_P038_UNKNOWN_PAR003,,false,true,false
the united,2,49,41,D01,4,D01_P004_SEC_1_5_PAR001,,false,true,false
", an",2,49,48,D01,6,D01_P006_SEC_1_6_PAR007,,false,true,false
", enabling",2,49,47,D01,15,D01_P015_SEC_1_18_PAR001,,false,true,false
aims to,2,49,47,D01,29,D01_P029_SEC_1_40_PAR001,,false,true,false
private sector,2,49,44,D01,32,D01_P032_SEC_1_PAR002,sector,false,true,false
launched in,2,49,46,D02,26,D02_BOX013,,false,true,false
", etc",2,49,44,D02,9,D02_P009_UNKNOWN_PAR015,,false,true,false
management and,2,49,49,D03,1,D03_P001_SEC_3_1_PAR001,,false,true,false
in rural,2,49,40,D03,13,D03_P013_SEC_3_19_PAR002,,false,true,false
a total,2,49,48,D03,36,D03_P036_SEC_3_68_PAR001,,false,true,false
ui ai,2,49,15,D17,36,D17_P036_UNKNOWN_PAR001,,false,true,false
order dated,2,49,45,D28,14,D28_P014_SEC_10_2_2_PAR001,,false,true,false
the economic,2,48,46,D01,18,D01_BOX003,,false,true,false
agriculture and,2,48,43,D01,14,D01_P014_SEC_1_17_PAR001,,false,true,false
yoy ),2,48,26,D01,27,D01_P027_SEC_1_34_PAR001,,false,true,false
increased by,2,48,39,D01,27,D01_P027_SEC_1_35_PAR001,,false,true,false
rise in,2,48,40,D01,27,D01_P027_SEC_1_35_PAR001,,false,true,false
. they,2,48,46,D03,25,D03_P025_SEC_3_47_PAR003,,false,true,false
climate change,2,48,44,D06,32,D06_P032_SEC_6_57_PAR001,,false,true,false
employment and,2,48,45,D07,7,D07_BOX001,employment,false,true,false
relative to,2,47,41,D01,15,D01_P015_SEC_1_19_PAR001,,false,true,false
"costs ,",2,47,46,D01,18,D01_P018_SEC_1_26_PAR001,,false,true,false
aligned with,2,47,46,D01,23,D01_P023_SEC_1_28_PAR010,,false,true,false
government 's,2,47,39,D01,25,D01_P025_SEC_1_31_PAR001,,false,true,false
to reduce,2,47,46,D02,15,D02_BOX005,,false,true,false
of total,2,47,43,D02,19,D02_P019_SEC_2_30_PAR001,,false,true,false
into a,2,47,45,D02,40,D02_P040_UNKNOWN_PAR001,,true,true,false
* *,2,47,16,D02,40,D02_T009,,false,false,true
: to,2,47,46,D03,60,D03_P060_SEC_3_99_PAR004,,false,true,false
the hon'ble,2,47,34,D08,43,D08_P043_SEC_8_72_PAR003,,false,true,false
in 2026-27,2,47,31,D19,1,D19_P001_UNKNOWN_PAR001,,false,true,false
"this ,",2,46,45,D01,21,D01_BOX005,,false,true,false
this context,2,46,46,D01,5,D01_P005_SEC_1_6_PAR001,,false,true,false
the overall,2,46,44,D01,27,D01_P027_SEC_1_34_PAR001,,false,true,false
( yoy,2,46,26,D01,27,D01_P027_SEC_1_34_PAR001,,false,true,false
investment and,2,46,46,D01,30,D01_P030_SEC_1_43_PAR001,investment,false,true,false
0.0 0.0,2,46,10,D21,6,D21_T002,,false,true,true
to an,2,45,42,D01,31,D01_BOX007,,true,true,false
. when,2,45,45,D01,6,D01_P006_SEC_1_6_PAR005,,false,true,false
", highlighting",2,45,44,D01,6,D01_P006_SEC_1_6_PAR007,,false,true,false
"states ,",2,45,44,D01,14,D01_P014_SEC_1_15_PAR001,,false,true,false
importance of,2,45,44,D01,21,D01_P021_SEC_1_28_PAR001,,false,true,false
accounting for,2,45,43,D02,22,D02_BOX011,,false,true,false
", from",2,45,37,D02,4,D02_P004_SEC_2_7_PAR001,,false,true,false
outcomes .,2,45,44,D02,42,D02_P042_SEC_2_56_PAR001,,false,true,false
not be,2,45,41,D03,5,D03_P005_SEC_3_8_PAR003,,true,true,false
state capacity,2,45,42,D07,15,D07_BOX007,,false,true,false
2025 sebi,2,45,45,D28,35,D28_P035_UNKNOWN_PAR001,,false,true,false
a result,2,44,44,D01,2,D01_P002_SEC_1_1_PAR001,,false,true,false
"2024 ,",2,44,40,D01,4,D01_P004_SEC_1_5_PAR001,,false,true,false
"institutions ,",2,44,43,D01,6,D01_P006_SEC_1_6_PAR005,,false,true,false
"sectors ,",2,44,42,D01,7,D01_P007_SEC_1_6_PAR009,sectors,false,true,false
and economic,2,44,40,D01,8,D01_P008_SEC_1_6_PAR002,,false,true,false
estimated to,2,44,38,D01,14,D01_P014_SEC_1_17_PAR001,,false,true,false
account for,2,44,42,D01,21,D01_P021_UNKNOWN_PAR002,account,false,true,false
years .,2,44,43,D01,22,D01_P022_SEC_1_28_PAR004,,false,true,false
", followed",2,44,40,D01,32,D01_P032_SEC_1_PAR001,,false,true,false
the cost,2,44,41,D01,34,D01_P034_SEC_3_PAR001,,false,true,false
( 2025,2,44,32,D02,28,D02_BOX015,,false,true,false
"period ,",2,44,42,D02,3,D02_P003_SEC_2_4_PAR001,,false,true,false
out of,2,44,40,D02,26,D02_P026_SEC_2_40_PAR001,,true,true,false
investor protection,2,44,42,D03,36,D03_BOX013,investor,false,true,false
systems .,2,44,43,D03,65,D03_P065_UNKNOWN_PAR009,,false,true,false
) :,2,44,36,D04,22,D04_P022_UNKNOWN_PAR004,,false,false,false
"capacity ,",2,43,42,D01,31,D01_BOX007,,false,true,false
services exports,2,43,31,D01,1,D01_P001_UNKNOWN_PAR005,exports,false,true,false
world 's,2,43,41,D01,4,D01_P004_SEC_1_3_PAR001,,false,true,false
. under,2,43,41,D01,6,D01_P006_SEC_1_6_PAR007,,false,true,false
of capital,2,43,38,D01,13,D01_P013_SEC_1_13_PAR001,capital,false,true,false
decline in,2,43,38,D01,15,D01_P015_SEC_1_19_PAR001,,false,true,false
states and,2,43,39,D01,22,D01_P022_SEC_1_28_PAR007,,false,true,false
gdp in,2,43,30,D01,27,D01_P027_SEC_1_35_PAR001,gdp,false,true,false
", compared",2,43,39,D01,28,D01_P028_SEC_1_36_PAR001,,false,true,false
"market ,",2,43,43,D01,28,D01_P028_SEC_1_39_PAR001,market,false,true,false
across all,2,43,43,D02,24,D02_P024_SEC_2_38_PAR001,,false,true,false
", especially",2,43,42,D02,27,D02_P027_SEC_2_41_PAR001,,false,true,false
financial intermediation,2,43,42,D03,1,D03_P001_SEC_3_1_PAR001,financial,false,true,false
", digital",2,42,42,D01,21,D01_BOX005,,false,true,false
the highest,2,42,40,D01,4,D01_P004_SEC_1_3_PAR001,,false,true,false
the ai,2,42,42,D01,4,D01_P004_SEC_1_5_PAR001,,false,true,false
the following,2,42,42,D01,6,D01_P006_SEC_1_6_PAR003,,false,true,false
to promote,2,42,40,D01,8,D01_P008_SEC_1_6_PAR002,,false,true,false
share in,2,42,37,D01,10,D01_P010_SEC_1_9_PAR001,,false,true,false
the primary,2,42,39,D01,13,D01_P013_SEC_1_14_PAR001,,false,true,false
sectors .,2,42,42,D01,15,D01_P015_SEC_1_17_PAR002,sectors,false,true,false
aimed at,2,42,42,D01,22,D01_P022_SEC_1_28_PAR006,,false,true,false
"quality ,",2,42,42,D01,23,D01_P023_SEC_1_28_PAR012,,false,true,false
quality of,2,42,40,D01,25,D01_P025_SEC_1_30_PAR002,,false,true,false
"health ,",2,42,41,D01,30,D01_P030_SEC_1_41_PAR001,,false,true,false
"addition ,",2,42,40,D02,13,D02_P013_SEC_2_21_PAR001,,false,true,false
in contrast,2,42,42,D02,30,D02_P030_UNKNOWN_PAR002,,false,true,false
designed to,2,42,40,D03,27,D03_BOX009,,false,true,false
infrastructure and,2,42,41,D03,5,D03_P005_SEC_3_8_PAR004,,false,true,false
a single,2,42,39,D04,8,D04_P008_SEC_4_20_PAR003,,false,true,false
: sebi,2,42,42,D21,1,D21_P001_SEC_3_1_1_PAR001,,false,true,false
capital formation,2,41,38,D01,1,D01_P001_UNKNOWN_PAR003,capital,false,true,false
in order,2,41,39,D01,7,D01_P007_SEC_1_6_PAR005,,false,true,false
order to,2,41,39,D01,7,D01_P007_SEC_1_6_PAR005,,false,true,false
that are,2,41,39,D01,8,D01_P008_SEC_1_6_PAR003,,true,true,false
. on,2,41,37,D01,9,D01_P009_SEC_1_8_PAR002,,false,true,false
the impact,2,41,40,D01,11,D01_P011_SEC_1_10_PAR001,,false,true,false
central government,2,41,34,D01,19,D01_P019_UNKNOWN_PAR001,,false,true,false
"standards ,",2,41,39,D01,23,D01_P023_SEC_1_28_PAR012,,false,true,false
"framework ,",2,41,41,D01,31,D01_P031_SEC_1_46_PAR003,,false,true,false
"efficiency ,",2,41,39,D02,16,D02_P016_SEC_2_28_PAR001,,false,true,false
pradhan mantri,2,41,35,D03,27,D03_P027_SEC_3_49_PAR001,,false,true,false
to make,2,41,30,D03,37,D03_P037_SEC_3_71_PAR004,,false,true,false
stock brokers,2,41,25,D03,43,D03_P043_SEC_3_74_PAR005,,false,true,false
: from,2,41,41,D07,1,D07_P001_UNKNOWN_PAR001,,false,true,false
economic growth,2,40,40,D01,5,D01_BOX001,growth,false,true,false
"1 ,",2,40,38,D01,21,D01_BOX005,,false,true,false
half of,2,40,36,D01,1,D01_P001_UNKNOWN_PAR004,,false,true,false
among the,2,40,39,D01,4,D01_P004_SEC_1_5_PAR001,,false,true,false
"manufacturing ,",2,40,38,D01,5,D01_P005_SEC_1_5_PAR002,,false,true,false
before the,2,40,29,D01,6,D01_P006_SEC_1_6_PAR007,,true,true,false
and services,2,40,39,D01,9,D01_P009_SEC_1_8_PAR002,,false,true,false
enhance the,2,40,39,D01,23,D01_P023_SEC_1_28_PAR009,,false,true,false
financial inclusion,2,40,36,D01,34,D01_P034_SEC_3_PAR002,financial,false,true,false
approach to,2,40,40,D02,34,D02_BOX017,,false,true,false
the next,2,40,39,D02,11,D02_P011_SEC_2_18_PAR001,,false,true,false
play a,2,40,39,D02,11,D02_P011_SEC_2_18_PAR001,,false,true,false
"productivity ,",2,40,39,D02,30,D02_P030_UNKNOWN_PAR003,productivity,false,true,false
"finance ,",2,40,38,D03,29,D03_BOX011,finance,false,true,false
and institutional,2,40,39,D03,26,D03_P026_SEC_3_47_PAR006,,false,true,false
ecosystem .,2,40,40,D03,27,D03_P027_SEC_3_47_PAR002,,false,true,false
of 2025-26,2,40,30,D05,6,D05_P006_SEC_5_9_PAR001,,false,true,false
( 1,2,39,31,D01,21,D01_BOX005,,false,true,false
in its,2,39,37,D01,3,D01_P003_SEC_1_2_PAR002,,true,true,false
as per,2,39,36,D01,4,D01_P004_SEC_1_5_PAR001,,false,true,false
are not,2,39,39,D01,6,D01_P006_SEC_1_6_PAR003,,true,true,false
renewable energy,2,39,31,D01,7,D01_P007_SEC_1_6_PAR006,energy,false,true,false
", rather",2,39,39,D01,8,D01_P008_SEC_1_6_PAR003,,false,true,false
continued to,2,39,38,D01,12,D01_P012_SEC_1_12_PAR001,,false,true,false
the importance,2,39,38,D01,21,D01_P021_SEC_1_28_PAR001,,false,true,false
", underscoring",2,39,39,D01,26,D01_P026_SEC_1_32_PAR001,,false,true,false
"resilience ,",2,39,39,D01,29,D01_P029_SEC_1_40_PAR001,,false,true,false
"participation ,",2,39,38,D01,33,D01_P033_SEC_1_PAR004,,false,true,false
; and,2,39,39,D02,39,D02_BOX019,,false,true,false
"similarly ,",2,39,38,D02,5,D02_P005_SEC_2_8_PAR002,,false,true,false
and infrastructure,2,39,39,D02,10,D02_P010_UNKNOWN_PAR008,,false,true,false
capacity and,2,39,38,D02,42,D02_P042_SEC_2_57_PAR001,,false,true,false
the use,2,39,37,D03,21,D03_BOX003,,false,true,false
for all,2,39,37,D03,18,D03_P018_SEC_3_33_PAR001,,true,true,false
: in,2,39,39,D09,11,D09_BOX007,,false,true,false
higher education,2,39,31,D11,19,D11_BOX009,,false,true,false
"investment ,",2,38,37,D01,3,D01_P003_SEC_1_2_PAR002,investment,false,true,false
"energy ,",2,38,36,D01,7,D01_P007_SEC_1_6_PAR006,energy,false,true,false
the fiscal,2,38,32,D01,8,D01_P008_SEC_1_6_PAR002,fiscal,false,true,false
is estimated,2,38,34,D01,17,D01_P017_SEC_1_23_PAR001,,false,true,false
and digital,2,38,38,D01,21,D01_P021_SEC_1_28_PAR001,,false,true,false
and improving,2,38,38,D01,22,D01_P022_SEC_1_28_PAR007,,false,true,false
investments in,2,38,37,D01,28,D01_P028_SEC_1_36_PAR001,investments,false,true,false
per cent,2,38,31,D01,29,D01_P029_SEC_1_41_PAR001,,false,true,false
"outcomes ,",2,38,38,D01,30,D01_P030_SEC_1_41_PAR001,,false,true,false
rural development,2,38,37,D02,18,D02_P018_SEC_2_29_PAR001,,false,true,false
that is,2,38,36,D03,64,D03_BOX023,,true,true,false
2024-25 .,2,38,35,D05,5,D05_P005_SEC_5_8_PAR001,,false,true,false
it was,2,37,33,D01,18,D01_BOX003,,true,true,false
and urban,2,37,32,D01,21,D01_BOX005,,false,true,false
financial sector,2,37,25,D01,1,D01_P001_UNKNOWN_PAR005,financial;sector,false,true,false
", alongside",2,37,37,D01,1,D01_P001_UNKNOWN_PAR006,,false,true,false
"result ,",2,37,37,D01,2,D01_P002_SEC_1_1_PAR001,,false,true,false
reflected in,2,37,37,D01,2,D01_P002_SEC_1_1_PAR001,,false,true,false
led to,2,37,36,D01,3,D01_P003_SEC_1_3_PAR001,,false,true,false
particularly in,2,37,37,D01,4,D01_P004_SEC_1_3_PAR001,,false,true,false
global integration,2,37,37,D01,6,D01_P006_SEC_1_6_PAR002,,false,true,false
this chapter,2,37,37,D01,8,D01_P008_SEC_1_7_PAR001,,false,true,false
the ministry,2,37,36,D01,9,D01_P009_SEC_1_8_PAR002,,false,true,false
including the,2,37,36,D01,11,D01_P011_SEC_1_10_PAR001,,false,true,false
average of,2,37,30,D01,12,D01_P012_SEC_1_12_PAR001,,false,true,false
adoption of,2,37,36,D01,23,D01_P023_SEC_1_28_PAR007,,false,true,false
do not,2,37,36,D02,22,D02_BOX011,,true,true,false
the public,2,37,35,D02,17,D02_P017_UNKNOWN_PAR005,,false,true,false
the framework,2,37,31,D03,20,D03_P020_SEC_3_41_PAR001,,false,true,false
of indian,2,37,31,D03,49,D03_P049_SEC_3_86_PAR001,,false,true,false
to increase,2,37,33,D03,55,D03_P055_SEC_3_99_PAR001,,false,true,false
ability to,2,37,35,D04,9,D04_P009_SEC_4_22_PAR001,,false,true,false
iv .,2,37,37,D10,37,D10_P037_SEC_10_92_PAR002,,false,true,false
of economic,2,36,36,D01,5,D01_BOX001,,false,true,false
"system ,",2,36,36,D01,21,D01_BOX005,,false,true,false
a critical,2,36,36,D01,21,D01_BOX005,,false,true,false
", financial",2,36,35,D01,1,D01_P001_UNKNOWN_PAR005,financial,false,true,false
in 2024,2,36,31,D01,4,D01_P004_SEC_1_5_PAR001,,false,true,false
united states,2,36,33,D01,7,D01_P007_SEC_1_6_PAR008,,false,true,false
"scale ,",2,36,35,D01,8,D01_P008_SEC_1_6_PAR003,,false,true,false
ensure that,2,36,35,D01,8,D01_P008_SEC_1_6_PAR003,,false,true,false
in h,2,36,24,D01,9,D01_P009_SEC_1_8_PAR002,,false,true,false
", therefore",2,36,36,D01,15,D01_P015_SEC_1_18_PAR001,,false,true,false
value of,2,36,27,D01,15,D01_P015_SEC_1_19_PAR001,,false,true,false
) is,2,36,35,D01,22,D01_P022_SEC_1_28_PAR003,,false,true,false
to enable,2,36,35,D01,22,D01_P022_SEC_1_28_PAR003,,false,true,false
both the,2,36,35,D01,22,D01_P022_SEC_1_28_PAR006,,true,true,false
a major,2,36,36,D01,22,D01_P022_SEC_1_28_PAR009,,false,true,false
", resulting",2,36,35,D01,28,D01_P028_SEC_1_36_PAR001,,false,true,false
"initiatives ,",2,36,35,D01,29,D01_P029_SEC_1_41_PAR001,,false,true,false
at least,2,36,31,D01,33,D01_P033_SEC_1_PAR002,,false,true,false
costs .,2,36,35,D01,33,D01_P033_SEC_3_PAR002,,false,true,false
the centre,2,36,30,D01,35,D01_P035_SEC_3_PAR002,,false,true,false
under section,2,36,29,D02,5,D02_P005_SEC_2_8_PAR002,,false,true,false
", can",2,36,35,D02,11,D02_P011_SEC_2_18_PAR001,,false,true,false
. such,2,36,35,D02,29,D02_P029_UNKNOWN_PAR004,,false,true,false
respectively .,2,36,34,D02,34,D02_P034_UNKNOWN_PAR002,,false,true,false
"innovation ,",2,36,35,D03,64,D03_BOX023,,false,true,false
monetary management,2,36,35,D03,1,D03_P001_SEC_3_1_PAR001,monetary,false,true,false
increased to,2,36,32,D03,11,D03_P011_SEC_3_15_PAR001,,false,true,false
shift towards,2,36,35,D03,40,D03_P040_SEC_3_73_PAR002,,false,true,false
structural transformation,2,36,36,D03,65,D03_P065_UNKNOWN_PAR012,,false,true,false
amount (,2,36,18,D21,5,D21_T001,,false,true,false
2025-26 2024-25,2,36,23,D21,15,D21_T014,,false,true,false
"' ,",2,35,33,D01,5,D01_BOX001,,false,false,false
to achieve,2,35,33,D01,5,D01_BOX001,,false,true,false
value chains,2,35,34,D01,5,D01_BOX001,,false,true,false
aim to,2,35,35,D01,21,D01_BOX005,,false,true,false
areas .,2,35,33,D01,21,D01_BOX005,,false,true,false
the key,2,35,35,D01,1,D01_P001_UNKNOWN_PAR003,,false,true,false
the last,2,35,34,D01,2,D01_P002_SEC_1_1_PAR001,,false,true,false
"trade ,",2,35,29,D01,7,D01_P007_SEC_1_6_PAR007,trade,false,true,false
trends in,2,35,34,D01,8,D01_P008_SEC_1_7_PAR001,,false,true,false
activities .,2,35,32,D01,14,D01_P014_SEC_1_16_PAR001,,false,true,false
the quality,2,35,34,D01,25,D01_P025_SEC_1_30_PAR002,,false,true,false
sector has,2,35,33,D01,26,D01_P026_SEC_1_33_PAR001,sector,false,true,false
of financial,2,35,33,D01,27,D01_P027_SEC_1_34_PAR001,financial,false,true,false
focused on,2,35,35,D01,29,D01_P029_SEC_1_40_PAR001,,false,true,false
"accordingly ,",2,35,35,D01,34,D01_P034_SEC_3_PAR002,,false,true,false
related to,2,35,35,D01,9,D01_T002,,false,true,false
scheme for,2,35,30,D02,26,D02_BOX013,,false,true,false
it also,2,35,35,D02,34,D02_BOX017,,true,true,false
viksit bharat,2,35,33,D02,10,D02_P010_UNKNOWN_PAR009,,false,true,false
"security ,",2,35,34,D02,14,D02_P014_SEC_2_25_PAR001,,false,true,false
linked to,2,35,35,D02,22,D02_P022_SEC_2_35_PAR001,,false,true,false
is essential,2,35,34,D03,42,D03_P042_SEC_3_73_PAR001,,false,true,false
services sector,2,34,28,D01,21,D01_BOX005,sector,false,true,false
in both,2,34,32,D01,4,D01_P004_SEC_1_3_PAR001,,true,true,false
trade and,2,34,30,D01,4,D01_P004_SEC_1_5_PAR001,trade,false,true,false
to global,2,34,34,D01,8,D01_P008_SEC_1_6_PAR003,,false,true,false
in an,2,34,32,D01,8,D01_P008_SEC_1_6_PAR003,,true,true,false
central to,2,34,34,D01,8,D01_P008_SEC_1_6_PAR003,,false,true,false
"exports ,",2,34,31,D01,13,D01_P013_SEC_1_14_PAR001,exports,false,true,false
demand for,2,34,33,D01,14,D01_P014_SEC_1_16_PAR001,demand,false,true,false
and is,2,34,34,D01,23,D01_P023_SEC_1_28_PAR003,,true,true,false
introduction of,2,34,31,D01,23,D01_P023_SEC_1_28_PAR006,,false,true,false
fy26 (,2,34,30,D01,24,D01_P024_SEC_1_29_PAR001,,false,true,false
( as,2,34,32,D01,24,D01_P024_SEC_1_30_PAR001,,false,true,false
resulting in,2,34,34,D01,28,D01_P028_SEC_1_36_PAR001,,false,true,false
period of,2,34,32,D01,28,D01_P028_SEC_1_36_PAR001,,false,true,false
improvements in,2,34,34,D01,28,D01_P028_SEC_1_39_PAR001,,false,true,false
implementation of,2,34,33,D01,29,D01_P029_SEC_1_40_PAR001,,false,true,false
the regulatory,2,34,33,D01,29,D01_P029_SEC_1_40_PAR001,regulatory,false,true,false
", by",2,34,33,D02,22,D02_BOX011,,false,true,false
"competitiveness ,",2,34,34,D02,1,D02_P001_UNKNOWN_PAR003,,false,true,false
union budget,2,34,32,D02,3,D02_P003_SEC_2_3_PAR001,budget,false,true,false
less than,2,34,28,D02,10,D02_P010_UNKNOWN_PAR004,,false,true,false
infrastructure .,2,34,34,D02,29,D02_P029_UNKNOWN_PAR003,,false,true,false
the market,2,34,34,D02,34,D02_P034_SEC_2_45_PAR001,market,false,true,false
"capital ,",2,34,33,D02,38,D02_P038_SEC_2_53_PAR001,capital,false,true,false
participation .,2,34,33,D03,29,D03_BOX011,,false,true,false
in cy,2,34,22,D03,27,D03_P027_SEC_3_49_PAR001,,false,true,false
total of,2,34,33,D03,36,D03_P036_SEC_3_68_PAR001,,false,true,false
and enforcement,2,34,34,D03,37,D03_P037_UNKNOWN_PAR003,,false,true,false
is an,2,34,32,D06,2,D06_P002_SEC_6_3_PAR001,,true,true,false
100 100,2,34,13,D19,9,D19_T009,,false,true,true
and investment,2,33,32,D01,21,D01_BOX005,investment,false,true,false
economic survey,2,33,31,D01,31,D01_BOX007,,false,true,false
"stability ,",2,33,30,D01,1,D01_P001_UNKNOWN_PAR003,stability,false,true,false
higher than,2,33,29,D01,2,D01_P002_SEC_1_1_PAR001,,false,true,false
to have,2,33,31,D01,2,D01_P002_SEC_1_1_PAR001,,true,true,false
and development,2,33,32,D01,4,D01_P004_SEC_1_5_PAR001,,false,true,false
global trade,2,33,30,D01,6,D01_P006_SEC_1_6_PAR005,trade,false,true,false
the objective,2,33,32,D01,7,D01_P007_SEC_1_6_PAR007,,false,true,false
"policy ,",2,33,33,D01,8,D01_P008_SEC_1_7_PAR001,policy,false,true,false
", are",2,33,32,D01,11,D01_P011_SEC_1_10_PAR001,,false,true,false
subject to,2,33,32,D01,11,D01_P011_SEC_1_10_PAR001,,false,true,false
evolution of,2,33,33,D01,19,D01_P019_UNKNOWN_PAR004,,false,true,false
to meet,2,33,32,D01,22,D01_P022_SEC_1_28_PAR004,,false,true,false
in 2025,2,33,32,D01,22,D01_P022_SEC_1_28_PAR004,,false,true,false
system .,2,33,33,D01,23,D01_P023_SEC_1_28_PAR012,,false,true,false
social security,2,33,27,D01,29,D01_P029_SEC_1_40_PAR001,,false,true,false
"schemes ,",2,33,31,D01,29,D01_P029_SEC_1_40_PAR001,,false,true,false
reduction in,2,33,31,D01,29,D01_P029_SEC_1_41_PAR001,,false,true,false
it has,2,33,32,D01,32,D01_P032_SEC_1_PAR002,,true,true,false
and skill,2,33,33,D01,34,D01_P034_SEC_3_PAR001,,false,true,false
( box,2,33,33,D02,11,D02_P011_SEC_2_18_PAR001,,false,true,false
of an,2,33,32,D03,2,D03_P002_SEC_3_2_PAR001,,true,true,false
social media,2,33,28,D03,4,D03_P004_SEC_3_7_PAR001,,false,true,false
capacity building,2,33,33,D03,22,D03_P022_SEC_3_41_PAR008,,false,true,false
required to,2,33,32,D03,37,D03_P037_UNKNOWN_PAR002,,false,true,false
", making",2,33,32,D03,62,D03_P062_SEC_3_99_PAR003,,false,true,false
"learning ,",2,33,33,D07,22,D07_P022_SEC_7_35_PAR001,,false,true,false
the role,2,32,32,D01,1,D01_P001_UNKNOWN_PAR004,,false,true,false
to facilitate,2,32,32,D01,3,D01_P003_SEC_1_2_PAR002,,false,true,false
"economies ,",2,32,32,D01,4,D01_P004_SEC_1_5_PAR001,,false,true,false
"technologies ,",2,32,32,D01,6,D01_P006_SEC_1_6_PAR002,,false,true,false
"overall ,",2,32,32,D01,6,D01_P006_SEC_1_6_PAR004,,false,true,false
"support ,",2,32,32,D01,7,D01_P007_SEC_1_6_PAR006,,false,true,false
fiscal deficit,2,32,23,D01,8,D01_P008_SEC_1_6_PAR002,deficit;fiscal,false,true,false
"economy ,",2,32,32,D01,8,D01_P008_SEC_1_6_PAR003,,false,true,false
improvement in,2,32,32,D01,10,D01_P010_SEC_1_9_PAR001,,false,true,false
) has,2,32,31,D01,15,D01_P015_SEC_1_19_PAR001,,false,true,false
", up",2,32,31,D01,15,D01_P015_SEC_1_19_PAR001,,false,true,false
. despite,2,32,32,D01,16,D01_P016_SEC_1_21_PAR001,,false,true,false
the new,2,32,31,D01,22,D01_P022_SEC_1_28_PAR009,,false,true,false
. ),2,32,28,D01,23,D01_P023_SEC_1_28_PAR008,,false,false,false
regulatory framework,2,32,28,D01,29,D01_P029_SEC_1_40_PAR001,regulatory,false,true,false
"compliance ,",2,32,31,D01,29,D01_P029_SEC_1_40_PAR001,,false,true,false
the average,2,32,29,D01,33,D01_P033_SEC_1_PAR003,,false,true,false
period (,2,32,30,D01,33,D01_P033_SEC_1_PAR005,,false,true,false
. where,2,32,26,D01,35,D01_P035_SEC_3_PAR004,,false,true,false
investment .,2,32,29,D02,22,D02_BOX011,investment,false,true,false
"pradesh ,",2,32,23,D02,28,D02_BOX015,,false,true,false
tamil nadu,2,32,27,D02,28,D02_BOX015,,false,true,false
that a,2,32,32,D02,13,D02_P013_SEC_2_23_PAR001,,true,true,false
"areas ,",2,32,28,D02,18,D02_P018_SEC_2_29_PAR001,,false,true,false
shows that,2,32,30,D02,40,D02_P040_UNKNOWN_PAR001,,false,true,false
yojana (,2,32,26,D03,27,D03_P027_SEC_3_49_PAR001,,false,true,false
nature of,2,32,31,D03,30,D03_P030_SEC_3_50_PAR001,,false,true,false
at scale,2,32,31,D03,30,D03_P030_SEC_3_50_PAR002,,false,true,false
rural areas,2,32,30,D05,1,D05_P001_UNKNOWN_PAR004,,false,true,false
"inflation ,",2,31,26,D01,5,D01_BOX001,inflation,false,true,false
reliance on,2,31,31,D01,1,D01_P001_UNKNOWN_PAR002,,false,true,false
are expected,2,31,28,D01,1,D01_P001_UNKNOWN_PAR006,,false,true,false
accounted for,2,31,31,D01,3,D01_P003_SEC_1_2_PAR002,,false,true,false
"demand ,",2,31,31,D01,3,D01_P003_SEC_1_2_PAR002,demand,false,true,false
system (,2,31,29,D01,6,D01_P006_SEC_1_6_PAR001,,false,true,false
states .,2,31,30,D01,7,D01_P007_SEC_1_6_PAR008,,false,true,false
response to,2,31,30,D01,7,D01_P007_SEC_1_6_PAR009,,false,true,false
"gdp ,",2,31,28,D01,13,D01_P013_SEC_1_14_PAR001,gdp,false,true,false
"activities ,",2,31,27,D01,15,D01_P015_SEC_1_17_PAR002,,false,true,false
", capacity",2,31,31,D01,18,D01_P018_SEC_1_26_PAR001,,false,true,false
time .,2,31,31,D01,19,D01_P019_UNKNOWN_PAR004,,false,true,false
", (",2,31,24,D01,27,D01_P027_SEC_1_34_PAR001,,false,false,false
"workers ,",2,31,23,D01,29,D01_P029_SEC_1_40_PAR001,,false,true,false
and regulatory,2,31,31,D01,32,D01_P032_SEC_1_PAR002,regulatory,false,true,false
to india,2,31,31,D02,34,D02_BOX017,,false,true,false
management .,2,31,31,D02,1,D02_P001_UNKNOWN_PAR002,,false,true,false
emerged as,2,31,31,D02,5,D02_P005_SEC_2_8_PAR001,,false,true,false
. similarly,2,31,30,D02,5,D02_P005_SEC_2_8_PAR002,,false,true,false
b ),2,31,26,D02,8,D02_P008_SEC_2_15_PAR001,,false,true,false
"employment ,",2,31,29,D02,22,D02_P022_SEC_2_33_PAR001,employment,false,true,false
level .,2,31,31,D02,25,D02_P025_SEC_2_40_PAR001,,false,true,false
"skills ,",2,31,30,D02,29,D02_P029_UNKNOWN_PAR002,,false,true,false
year (,2,31,30,D02,30,D02_P030_SEC_2_42_PAR001,,false,true,false
collaboration with,2,31,29,D03,29,D03_BOX011,,false,true,false
corporate bond,2,31,23,D03,46,D03_BOX019,bond,false,true,false
financial stability,2,31,25,D03,2,D03_P002_SEC_3_1_PAR001,financial;stability,false,true,false
2024 .,2,31,27,D03,5,D03_P005_SEC_3_8_PAR004,,false,true,false
the largest,2,31,30,D03,10,D03_P010_SEC_3_13_PAR001,,false,true,false
of all,2,31,30,D03,19,D03_P019_SEC_3_35_PAR001,,true,true,false
review of,2,31,29,D03,19,D03_P019_SEC_3_37_PAR001,,false,true,false
"scheme ,",2,31,29,D03,27,D03_P027_SEC_3_49_PAR001,,false,true,false
of securities,2,31,28,D03,36,D03_P036_SEC_3_71_PAR001,securities,false,true,false
to build,2,31,30,D03,60,D03_P060_SEC_3_99_PAR004,,false,true,false
: https,2,31,21,D04,3,D04_P003_SEC_4_8_PAR005,,false,true,false
and food,2,31,31,D04,12,D04_P012_SEC_4_31_PAR001,,false,true,false
import substitution,2,31,28,D04,15,D04_P015_SEC_4_39_PAR001,import,false,true,false
environment and,2,31,29,D04,33,D04_P033_SEC_4_76_PAR001,,false,true,false
ai ecosystem,2,31,30,D12,25,D12_P025_SEC_12_38_PAR002,,false,true,false
gdp growth,2,30,28,D01,18,D01_BOX003,gdp;growth,false,true,false
strengthening of,2,30,29,D01,21,D01_BOX005,,false,true,false
markets and,2,30,30,D01,21,D01_BOX005,markets,false,true,false
conditions .,2,30,30,D01,1,D01_P001_UNKNOWN_PAR004,,false,true,false
"conditions ,",2,30,30,D01,1,D01_P001_UNKNOWN_PAR005,,false,true,false
artificial intelligence,2,30,28,D01,3,D01_P003_SEC_1_2_PAR002,,false,true,false
", when",2,30,27,D01,4,D01_P004_SEC_1_3_PAR001,,false,true,false
depends on,2,30,30,D01,6,D01_P006_SEC_1_6_PAR005,,false,true,false
and technology,2,30,30,D01,7,D01_P007_SEC_1_6_PAR009,,false,true,false
performance of,2,30,29,D01,8,D01_P008_SEC_1_7_PAR001,,false,true,false
likely to,2,30,29,D01,11,D01_P011_SEC_1_10_PAR001,,false,true,false
the broader,2,30,30,D01,13,D01_P013_SEC_1_14_PAR001,,false,true,false
up from,2,30,28,D01,15,D01_P015_SEC_1_19_PAR001,,true,true,false
lower than,2,30,28,D01,16,D01_P016_SEC_1_20_PAR001,,false,true,false
sector 's,2,30,29,D01,18,D01_P018_SEC_1_26_PAR001,sector,false,true,false
stood at,2,30,28,D01,25,D01_P025_SEC_1_31_PAR001,,false,true,false
exchange rate,2,30,23,D01,28,D01_P028_SEC_1_37_PAR001,exchange;rate,false,true,false
the labour,2,30,25,D01,28,D01_P028_SEC_1_39_PAR001,,false,true,false
world bank,2,30,29,D01,29,D01_P029_SEC_1_41_PAR001,bank,false,true,false
"logistics ,",2,30,29,D01,32,D01_P032_SEC_1_PAR002,,false,true,false
) was,2,30,30,D01,33,D01_P033_SEC_1_PAR005,,false,true,false
( in,2,30,22,D01,13,D01_T005,,false,true,false
", allowing",2,30,30,D02,4,D02_P004_SEC_2_5_PAR001,,false,true,false
costs and,2,30,28,D02,10,D02_P010_UNKNOWN_PAR008,,false,true,false
lead to,2,30,29,D02,11,D02_P011_SEC_2_17_PAR001,,false,true,false
the ``,2,30,27,D02,32,D02_P032_SEC_2_43_PAR003,,false,true,false
that of,2,30,26,D02,36,D02_P036_SEC_2_48_PAR001,,true,true,false
progress in,2,30,30,D02,41,D02_P041_SEC_2_56_PAR001,,false,true,false
"funds ,",2,30,25,D03,1,D03_P001_UNKNOWN_PAR003,,false,true,false
global financial,2,30,27,D03,2,D03_P002_SEC_3_2_PAR001,financial,false,true,false
and market,2,30,30,D03,8,D03_P008_UNKNOWN_PAR003,market,false,true,false
ensuring that,2,30,30,D03,11,D03_P011_SEC_3_16_PAR001,,false,true,false
serves as,2,30,30,D03,11,D03_P011_SEC_3_16_PAR001,,false,true,false
risk management,2,30,30,D03,20,D03_P020_SEC_3_41_PAR001,,false,true,false
"access ,",2,30,29,D03,29,D03_P029_SEC_3_49_PAR004,,false,true,false
to expand,2,30,30,D03,30,D03_P030_SEC_3_50_PAR001,,false,true,false
capacity .,2,30,30,D03,34,D03_P034_SEC_3_63_PAR001,,false,true,false
and climate,2,30,30,D03,65,D03_P065_UNKNOWN_PAR010,,false,true,false
supreme court,2,30,24,D13,33,D13_P033_SEC_13_86_PAR001,,false,true,false
of march,2,30,27,D21,14,D21_T010,,false,true,false
contributed to,2,29,28,D01,18,D01_BOX003,,false,true,false
the services,2,29,27,D01,21,D01_BOX005,,false,true,false
the growth,2,29,29,D01,1,D01_P001_UNKNOWN_PAR001,growth,false,true,false
economies .,2,29,29,D01,1,D01_P001_UNKNOWN_PAR002,,false,true,false
foreign exchange,2,29,28,D01,1,D01_P001_UNKNOWN_PAR005,exchange;foreign,false,true,false
that india,2,29,29,D01,1,D01_P001_UNKNOWN_PAR006,,false,true,false
. since,2,29,29,D01,2,D01_P002_SEC_1_1_PAR001,,false,true,false
", however",2,29,29,D01,2,D01_P002_SEC_1_2_PAR001,,false,true,false
accompanied by,2,29,29,D01,3,D01_P003_SEC_1_2_PAR002,,false,true,false
india (,2,29,29,D01,4,D01_P004_SEC_1_3_PAR001,,false,true,false
are also,2,29,29,D01,4,D01_P004_SEC_1_5_PAR001,,true,true,false
in which,2,29,29,D01,5,D01_P005_SEC_1_6_PAR001,,true,true,false
source of,2,29,29,D01,6,D01_P006_SEC_1_6_PAR002,,false,true,false
a new,2,29,28,D01,7,D01_P007_SEC_1_6_PAR004,,false,true,false
", for",2,29,29,D01,8,D01_P008_SEC_1_6_PAR002,,false,true,false
efforts to,2,29,29,D01,14,D01_P014_SEC_1_15_PAR001,,false,true,false
availability of,2,29,27,D01,15,D01_P015_SEC_1_18_PAR001,,false,true,false
transparency and,2,29,29,D01,23,D01_P023_SEC_1_28_PAR012,,false,true,false
a shift,2,29,29,D01,23,D01_P023_SEC_1_28_PAR013,,false,true,false
current account,2,29,27,D01,27,D01_P027_SEC_1_35_PAR001,account;current,false,true,false
in table,2,29,28,D01,32,D01_P032_SEC_1_46_PAR004,,false,true,false
"transparency ,",2,29,28,D02,16,D02_BOX007,,false,true,false
indicates that,2,29,28,D02,22,D02_BOX011,,false,true,false
", despite",2,29,29,D02,34,D02_BOX017,,false,true,false
than a,2,29,29,D02,2,D02_P002_SEC_2_2_PAR001,,true,true,false
the system,2,29,25,D02,6,D02_P006_SEC_2_8_PAR001,,false,true,false
a global,2,29,29,D02,10,D02_P010_UNKNOWN_PAR009,,false,true,false
"ecosystem ,",2,29,29,D02,11,D02_P011_SEC_2_18_PAR001,,false,true,false
fund (,2,29,24,D02,13,D02_P013_SEC_2_23_PAR001,,false,true,false
food security,2,29,22,D02,14,D02_P014_SEC_2_25_PAR001,,false,true,false
( amendment,2,29,29,D02,16,D02_P016_SEC_2_26_PAR001,,false,true,false
the development,2,29,29,D02,33,D02_P033_UNKNOWN_PAR001,,false,true,false
securities markets,2,29,24,D02,33,D02_P033_UNKNOWN_PAR001,markets;securities,false,true,false
", providing",2,29,29,D02,41,D02_P041_SEC_2_55_PAR001,,false,true,false
financial services,2,29,29,D03,21,D03_BOX003,financial,false,true,false
"practices ,",2,29,29,D03,24,D03_BOX005,,false,true,false
venture capital,2,29,24,D03,24,D03_BOX007,capital,false,true,false
and innovation,2,29,29,D03,64,D03_BOX023,,false,true,false
the core,2,29,28,D03,18,D03_P018_SEC_3_33_PAR001,,false,true,false
objective of,2,29,28,D03,20,D03_P020_SEC_3_39_PAR001,,false,true,false
"technology ,",2,29,29,D03,25,D03_P025_SEC_3_47_PAR002,,false,true,false
"segment ,",2,29,27,D03,34,D03_P034_SEC_3_62_PAR001,,false,true,false
of services,2,29,27,D04,8,D04_P008_SEC_4_20_PAR001,,false,true,false
"planning ,",2,29,29,D06,8,D06_P008_SEC_6_12_PAR005,,false,true,false
strengthen the,2,28,28,D01,31,D01_BOX007,,false,true,false
shaped by,2,28,28,D01,1,D01_P001_UNKNOWN_PAR002,,false,true,false
and capital,2,28,27,D01,1,D01_P001_UNKNOWN_PAR003,capital,false,true,false
between the,2,28,28,D01,2,D01_P002_SEC_1_1_PAR001,,true,true,false
and policy,2,28,27,D01,6,D01_P006_SEC_1_6_PAR004,policy,false,true,false
", capital",2,28,28,D01,7,D01_P007_SEC_1_6_PAR007,capital,false,true,false
these measures,2,28,28,D01,7,D01_P007_SEC_1_6_PAR008,,false,true,false
"instance ,",2,28,28,D01,8,D01_P008_SEC_1_6_PAR002,,false,true,false
stability .,2,28,26,D01,8,D01_P008_SEC_1_6_PAR002,stability,false,true,false
"uncertainty ,",2,28,28,D01,8,D01_P008_SEC_1_8_PAR001,,false,true,false
a ),2,28,26,D01,9,D01_P009_SEC_1_8_PAR002,,false,true,false
bank credit,2,28,20,D01,13,D01_P013_SEC_1_13_PAR001,bank;credit,false,true,false
"power ,",2,28,27,D01,15,D01_P015_SEC_1_19_PAR001,,false,true,false
the private,2,28,27,D01,22,D01_P022_SEC_1_28_PAR012,,false,true,false
index (,2,28,28,D01,23,D01_P023_SEC_1_28_PAR008,,false,true,false
", strengthening",2,28,28,D01,23,D01_P023_SEC_1_28_PAR013,,false,true,false
of public,2,28,28,D01,25,D01_P025_SEC_1_30_PAR002,,false,true,false
the states,2,28,22,D01,25,D01_P025_SEC_1_31_PAR001,,false,true,false
and public,2,28,27,D01,25,D01_P025_SEC_1_31_PAR001,,false,true,false
rate of,2,28,26,D01,27,D01_P027_SEC_1_34_PAR001,rate,false,true,false
services trade,2,28,20,D01,27,D01_P027_SEC_1_35_PAR001,trade,false,true,false
. box,2,28,28,D01,28,D01_P028_SEC_1_38_PAR001,,false,true,false
the potential,2,28,28,D01,30,D01_P030_SEC_1_43_PAR001,,false,true,false
in line,2,28,27,D02,6,D02_P006_SEC_2_9_PAR001,,false,true,false
line with,2,28,27,D02,6,D02_P006_SEC_2_9_PAR001,,false,true,false
creation of,2,28,26,D02,18,D02_P018_SEC_2_29_PAR001,,false,true,false
in their,2,28,28,D02,23,D02_P023_SEC_2_38_PAR001,,true,true,false
revised estimates,2,28,23,D02,24,D02_P024_SEC_2_38_PAR002,,false,true,false
of digital,2,28,28,D02,42,D02_P042_SEC_2_58_PAR001,,false,true,false
and enhance,2,28,28,D02,42,D02_P042_SEC_2_58_PAR001,,false,true,false
crore ),2,28,16,D02,12,D02_T003,,false,true,false
", regulatory",2,28,27,D03,36,D03_BOX013,regulatory,false,true,false
provisions of,2,28,26,D03,60,D03_BOX021,,false,true,false
country .,2,28,28,D03,9,D03_P009_SEC_3_9_PAR001,,false,true,false
"banks ,",2,28,23,D03,10,D03_P010_SEC_3_13_PAR001,banks,false,true,false
scale .,2,28,28,D03,22,D03_P022_SEC_3_41_PAR004,,false,true,false
"governance ,",2,28,28,D03,23,D03_P023_SEC_3_41_PAR002,,false,true,false
dependence on,2,28,28,D03,26,D03_P026_SEC_3_47_PAR004,,false,true,false
sebi and,2,28,26,D03,43,D03_P043_SEC_3_74_PAR007,,false,true,false
department of,2,28,23,D04,15,D04_P015_SEC_4_40_PAR003,,false,true,false
"training ,",2,28,27,D06,22,D06_P022_SEC_6_35_PAR001,,false,true,false
"connectivity ,",2,28,28,D07,5,D07_P005_SEC_7_9_PAR001,,false,true,false
climate action,2,28,23,D10,32,D10_BOX015,,false,true,false
revised estimate,2,28,19,D19,1,D19_P001_UNKNOWN_PAR001,,false,true,false
even as,2,27,26,D01,18,D01_BOX003,,false,true,false
fy26 .,2,27,26,D01,1,D01_P001_UNKNOWN_PAR003,,false,true,false
highlights the,2,27,27,D01,1,D01_P001_UNKNOWN_PAR004,,false,true,false
. according,2,27,27,D01,2,D01_P002_SEC_1_1_PAR001,,false,true,false
to remain,2,27,27,D01,3,D01_P003_SEC_1_2_PAR002,,false,true,false
2 ),2,27,25,D01,3,D01_P003_SEC_1_3_PAR001,,false,true,false
"process ,",2,27,25,D01,7,D01_P007_SEC_1_6_PAR006,,false,true,false
for instance,2,27,27,D01,8,D01_P008_SEC_1_6_PAR002,,false,true,false
the industry,2,27,26,D01,14,D01_P014_SEC_1_16_PAR001,industry,false,true,false
provides a,2,27,27,D01,18,D01_P018_SEC_1_27_PAR001,,false,true,false
in box,2,27,27,D01,18,D01_P018_SEC_1_27_PAR001,,false,true,false
to states,2,27,21,D01,22,D01_P022_SEC_1_28_PAR007,,false,true,false
is being,2,27,27,D01,23,D01_P023_SEC_1_28_PAR008,,true,true,false
strengthening the,2,27,27,D01,23,D01_P023_SEC_1_28_PAR013,,false,true,false
"prices ,",2,27,26,D01,24,D01_P024_SEC_1_29_PAR001,,false,true,false
in total,2,27,25,D01,25,D01_P025_SEC_1_31_PAR001,,false,true,false
the policy,2,27,27,D01,26,D01_P026_SEC_1_33_PAR001,policy,false,true,false
a robust,2,27,27,D01,27,D01_P027_SEC_1_34_PAR001,,false,true,false
the years,2,27,26,D01,32,D01_P032_SEC_1_PAR001,,false,true,false
", at",2,27,26,D01,33,D01_P033_SEC_1_PAR007,,false,true,false
and their,2,27,27,D01,35,D01_P035_SEC_3_PAR002,,true,true,false
real estate,2,27,24,D01,9,D01_T002,,false,true,false
a clear,2,27,27,D02,2,D02_P002_SEC_2_1_PAR001,,false,true,false
", was",2,27,26,D02,3,D02_P003_SEC_2_3_PAR001,,false,true,false
. 3,2,27,25,D02,4,D02_P004_SEC_2_6_PAR001,,false,true,false
to attract,2,27,23,D02,9,D02_P009_UNKNOWN_PAR008,,false,true,false
an important,2,27,27,D02,13,D02_P013_SEC_2_21_PAR001,,false,true,false
( up,2,27,23,D02,13,D02_P013_SEC_2_21_PAR001,,false,true,false
", over",2,27,25,D02,22,D02_P022_SEC_2_35_PAR001,,false,true,false
) were,2,27,23,D02,35,D02_P035_SEC_2_46_PAR001,,false,true,false
the investor,2,27,26,D02,37,D02_P037_UNKNOWN_PAR001,investor,false,true,false
have also,2,27,27,D02,41,D02_P041_SEC_2_56_PAR001,,true,true,false
the report,2,27,26,D03,4,D03_P004_SEC_3_7_PAR001,,false,true,false
", marking",2,27,27,D03,4,D03_P004_SEC_3_7_PAR001,,false,true,false
"action ,",2,27,27,D03,24,D03_P024_SEC_3_45_PAR001,,false,true,false
productivity and,2,27,27,D03,46,D03_P046_SEC_3_85_PAR001,productivity,false,true,false
filed by,2,27,22,D27,10,D27_P010_UNKNOWN_PAR004,,false,true,false
staff members,2,27,16,D31,2,D31_P002_SEC_13_3_PAR001,,false,true,false
chains .,2,26,26,D01,5,D01_BOX001,,false,true,false
after the,2,26,26,D01,18,D01_BOX003,,true,true,false
. together,2,26,26,D01,21,D01_BOX005,,false,true,false
"production ,",2,26,24,D01,21,D01_BOX005,,false,true,false
since the,2,26,26,D01,2,D01_P002_SEC_1_1_PAR001,,false,true,false
of trade,2,26,26,D01,3,D01_P003_SEC_1_2_PAR002,trade,false,true,false
the pandemic,2,26,24,D01,4,D01_P004_SEC_1_3_PAR001,,false,true,false
"levels ,",2,26,25,D01,4,D01_P004_SEC_1_3_PAR001,,false,true,false
exposure to,2,26,26,D01,6,D01_P006_SEC_1_6_PAR002,,false,true,false
", of",2,26,26,D01,7,D01_P007_SEC_1_6_PAR002,,false,true,false
security and,2,26,26,D01,7,D01_P007_SEC_1_6_PAR006,,false,true,false
capital and,2,26,26,D01,7,D01_P007_SEC_1_6_PAR007,capital,false,true,false
firms to,2,26,24,D01,7,D01_P007_SEC_1_6_PAR010,,false,true,false
", services",2,26,24,D01,8,D01_P008_SEC_1_6_PAR003,,false,true,false
a strong,2,26,26,D01,24,D01_P024_SEC_1_29_PAR001,,false,true,false
"reforms ,",2,26,25,D01,25,D01_P025_SEC_1_30_PAR002,,false,true,false
against the,2,26,23,D01,28,D01_P028_SEC_1_37_PAR001,,false,true,false
in turn,2,26,25,D01,28,D01_P028_SEC_1_38_PAR001,,false,true,false
the implementation,2,26,24,D01,29,D01_P029_SEC_1_40_PAR001,,false,true,false
state governments,2,26,25,D01,31,D01_P031_SEC_1_46_PAR002,,false,true,false
", rising",2,26,25,D01,31,D01_P031_SEC_1_46_PAR003,,false,true,false
to around,2,26,25,D01,31,D01_P031_SEC_1_46_PAR003,,false,true,false
an average,2,26,21,D01,32,D01_P032_SEC_1_PAR001,,false,true,false
competitiveness .,2,26,24,D02,8,D02_P008_SEC_2_16_PAR001,,false,true,false
", reducing",2,26,26,D02,11,D02_P011_SEC_2_18_PAR001,,false,true,false
needs .,2,26,26,D02,29,D02_P029_UNKNOWN_PAR002,,false,true,false
capital markets,2,26,25,D03,21,D03_BOX003,capital;markets,false,true,false
in collaboration,2,26,25,D03,29,D03_BOX011,,false,true,false
bond market,2,26,19,D03,46,D03_BOX019,bond;market,false,true,false
no longer,2,26,26,D03,4,D03_P004_SEC_3_7_PAR001,,false,true,false
as part,2,26,26,D03,20,D03_P020_SEC_3_39_PAR001,,false,true,false
could be,2,26,23,D03,26,D03_P026_SEC_3_47_PAR002,,true,true,false
is that,2,26,26,D03,49,D03_P049_SEC_3_85_PAR005,,true,true,false
: as,2,26,24,D04,15,D04_P015_SEC_4_40_PAR003,,false,true,false
mission (,2,26,25,D04,25,D04_P025_SEC_4_53_PAR001,,false,true,false
industry 's,2,26,26,D08,1,D08_P001_UNKNOWN_PAR001,industry,false,true,false
women 's,2,26,20,D10,11,D10_P011_SEC_10_31_PAR001,,false,true,false
all the,2,25,24,D01,18,D01_BOX003,,true,true,false
are being,2,25,24,D01,21,D01_BOX005,,true,true,false
the existing,2,25,25,D01,21,D01_BOX005,,false,true,false
state of,2,25,25,D01,1,D01_P001_UNKNOWN_PAR001,,false,true,false
of fy26,2,25,24,D01,1,D01_P001_UNKNOWN_PAR004,,false,true,false
bank of,2,25,23,D01,3,D01_P003_SEC_1_2_PAR002,bank,false,true,false
3 ),2,25,25,D01,4,D01_P004_SEC_1_3_PAR001,,false,true,false
the top,2,25,20,D01,4,D01_P004_SEC_1_5_PAR001,,false,true,false
of mutual,2,25,22,D01,6,D01_P006_SEC_1_6_PAR002,,false,true,false
• the,2,25,23,D01,6,D01_P006_SEC_1_6_PAR006,,false,true,false
a strategic,2,25,25,D01,6,D01_P006_SEC_1_6_PAR007,,false,true,false
"capabilities ,",2,25,25,D01,8,D01_P008_SEC_1_6_PAR003,,false,true,false
observed in,2,25,25,D01,11,D01_P011_SEC_1_10_PAR001,,false,true,false
", improving",2,25,25,D01,11,D01_P011_SEC_1_11_PAR001,,false,true,false
marked by,2,25,25,D01,14,D01_P014_SEC_1_17_PAR001,,false,true,false
has increased,2,25,24,D01,15,D01_P015_SEC_1_17_PAR002,,false,true,false
a small,2,25,25,D01,20,D01_P020_UNKNOWN_PAR002,,false,true,false
discussed in,2,25,25,D01,21,D01_P021_SEC_1_28_PAR001,,false,true,false
"projects ,",2,25,24,D01,23,D01_P023_SEC_1_28_PAR010,,false,true,false
"november 2025 ,",2,25,23,D01,25,D01_P025_SEC_1_31_PAR001,,false,true,false
. key,2,25,25,D01,29,D01_P029_SEC_1_41_PAR001,,false,true,false
the domestic,2,25,25,D01,30,D01_P030_SEC_1_45_PAR001,,false,true,false
where the,2,25,25,D01,31,D01_P031_SEC_1_46_PAR003,,true,true,false
i ),2,25,23,D01,31,D01_P031_SEC_1_46_PAR004,,false,true,false
a higher,2,25,24,D01,32,D01_P032_SEC_1_46_PAR004,,false,true,false
rbi 's,2,25,24,D01,32,D01_P032_SEC_1_46_PAR004,,false,true,false
", logistics",2,25,24,D01,34,D01_P034_SEC_3_PAR001,,false,true,false
underscoring the,2,25,25,D02,22,D02_BOX011,,false,true,false
highlighting the,2,25,25,D02,22,D02_BOX011,,false,true,false
) have,2,25,25,D02,28,D02_BOX015,,false,true,false
. https,2,25,22,D02,28,D02_BOX015,,false,true,false
credit rating,2,25,21,D02,34,D02_BOX017,credit,false,true,false
crude oil,2,25,22,D02,7,D02_P007_SEC_2_12_PAR001,oil,false,true,false
the other,2,25,25,D02,19,D02_P019_SEC_2_31_PAR001,,true,true,false
so that,2,25,23,D02,22,D02_P022_SEC_2_33_PAR001,,true,true,false
", data",2,25,24,D02,25,D02_P025_UNKNOWN_PAR002,,false,true,false
: a,2,25,25,D02,29,D02_P029_UNKNOWN_PAR008,,false,true,false
shocks .,2,25,24,D02,36,D02_P036_SEC_2_48_PAR001,,false,true,false
. 2,2,25,22,D03,3,D03_P003_SEC_3_6_PAR001,,false,true,false
"firms ,",2,25,24,D03,7,D03_P007_SEC_3_8_PAR003,,false,true,false
experienced a,2,25,22,D03,14,D03_P014_SEC_3_23_PAR001,,false,true,false
increase of,2,25,24,D03,15,D03_P015_SEC_3_25_PAR001,,false,true,false
"investors ,",2,25,22,D03,35,D03_P035_SEC_3_67_PAR001,investors,false,true,false
and promote,2,25,25,D03,37,D03_P037_SEC_3_71_PAR005,,false,true,false
", accounting",2,25,24,D03,41,D03_P041_SEC_3_73_PAR003,,false,true,false
was launched,2,25,25,D03,42,D03_P042_SEC_3_74_PAR002,,false,true,false
developing countries,2,25,19,D03,53,D03_P053_SEC_3_93_PAR001,,false,true,false
and competitiveness,2,25,25,D04,39,D04_BOX007,,false,true,false
trade policy,2,25,21,D04,1,D04_P001_UNKNOWN_PAR002,policy;trade,false,true,false
initiatives such,2,25,24,D04,20,D04_P020_SEC_4_46_PAR001,,false,true,false
for 2025-26,2,25,22,D05,12,D05_P012_SEC_5_19_PAR001,,false,true,false
community participation,2,25,24,D07,20,D07_P020_SEC_7_27_PAR001,,false,true,false
cities .,2,25,24,D07,28,D07_P028_SEC_7_49_PAR001,,false,true,false
held that,2,25,20,D28,23,D28_P023_UNKNOWN_PAR002,,false,true,false
and that,2,24,21,D01,18,D01_BOX003,,true,true,false
"2026-27 ,",2,24,19,D01,21,D01_BOX005,,false,true,false
urban areas,2,24,22,D01,21,D01_BOX005,,false,true,false
leading to,2,24,24,D01,31,D01_BOX007,,false,true,false
first half,2,24,22,D01,1,D01_P001_UNKNOWN_PAR004,,false,true,false
of growth,2,24,24,D01,2,D01_P002_SEC_1_1_PAR001,growth,false,true,false
capital flows,2,24,24,D01,3,D01_P003_SEC_1_3_PAR001,capital,false,true,false
a few,2,24,22,D01,4,D01_P004_SEC_1_5_PAR001,,true,true,false
a growing,2,24,24,D01,6,D01_P006_SEC_1_6_PAR005,,false,true,false
which are,2,24,24,D01,6,D01_P006_SEC_1_6_PAR005,,true,true,false
"consequently ,",2,24,23,D01,7,D01_P007_SEC_1_6_PAR003,,false,true,false
critical minerals,2,24,20,D01,7,D01_P007_SEC_1_6_PAR004,,false,true,false
and in,2,24,24,D01,7,D01_P007_SEC_1_6_PAR005,,true,true,false
focusing on,2,24,24,D01,7,D01_P007_SEC_1_6_PAR006,,false,true,false
that can,2,24,23,D01,8,D01_P008_SEC_1_6_PAR003,,true,true,false
"transport ,",2,24,24,D01,9,D01_P009_SEC_1_8_PAR002,,false,true,false
characterised by,2,24,24,D01,10,D01_P010_SEC_1_9_PAR001,,false,true,false
"data ,",2,24,24,D01,11,D01_P011_SEC_1_10_PAR001,,false,true,false
attributed to,2,24,24,D01,11,D01_P011_SEC_1_11_PAR001,,false,true,false
"expenditure ,",2,24,23,D01,14,D01_P014_SEC_1_16_PAR001,expenditure,false,true,false
"terms ,",2,24,24,D01,15,D01_P015_SEC_1_19_PAR001,,false,true,false
and improved,2,24,24,D01,16,D01_P016_SEC_1_20_PAR001,,false,true,false
for both,2,24,24,D01,22,D01_P022_SEC_1_28_PAR003,,true,true,false
framework .,2,24,24,D01,22,D01_P022_SEC_1_28_PAR007,,false,true,false
revenue expenditure,2,24,20,D01,25,D01_P025_SEC_1_30_PAR002,expenditure;revenue,false,true,false
the expansion,2,24,24,D01,25,D01_P025_SEC_1_31_PAR001,,false,true,false
ii ),2,24,22,D01,25,D01_P025_SEC_1_31_PAR001,,false,true,false
the union,2,24,22,D01,25,D01_P025_SEC_1_31_PAR001,,false,true,false
commitment to,2,24,24,D01,25,D01_P025_SEC_1_32_PAR001,,false,true,false
", their",2,24,23,D01,27,D01_P027_SEC_1_34_PAR001,,false,true,false
merchandise trade,2,24,20,D01,27,D01_P027_SEC_1_35_PAR001,trade,false,true,false
gains in,2,24,24,D01,30,D01_P030_SEC_1_41_PAR001,,false,true,false
and strengthen,2,24,24,D02,16,D02_BOX007,,false,true,false
", more",2,24,24,D02,22,D02_BOX011,,false,true,false
economic and,2,24,23,D02,28,D02_BOX015,,false,true,false
manufacturing and,2,24,22,D02,7,D02_P007_SEC_2_12_PAR001,,false,true,false
waste management,2,24,20,D02,10,D02_P010_UNKNOWN_PAR008,,false,true,false
uttar pradesh,2,24,22,D02,24,D02_P024_SEC_2_39_PAR002,,false,true,false
for their,2,24,23,D02,29,D02_P029_UNKNOWN_PAR002,,true,true,false
compliance with,2,24,24,D02,30,D02_P030_UNKNOWN_PAR001,,false,true,false
environment .,2,24,24,D02,33,D02_P033_UNKNOWN_PAR001,,false,true,false
's financial,2,24,23,D03,24,D03_BOX007,financial,false,true,false
investors .,2,24,23,D03,24,D03_BOX007,investors,false,true,false
this approach,2,24,24,D03,27,D03_BOX009,,false,true,false
risk and,2,24,21,D03,64,D03_BOX023,,false,true,false
global capital,2,24,22,D03,1,D03_P001_UNKNOWN_PAR004,capital,false,true,false
change in,2,24,22,D03,6,D03_P006_SEC_3_8_PAR005,,false,true,false
to their,2,24,24,D03,7,D03_P007_SEC_3_8_PAR005,,true,true,false
the evolving,2,24,23,D03,9,D03_P009_SEC_3_10_PAR001,,false,true,false
deployment of,2,24,20,D03,11,D03_P011_SEC_3_15_PAR001,,false,true,false
"measures ,",2,24,24,D03,16,D03_P016_SEC_3_27_PAR001,,false,true,false
regulatory action,2,24,24,D03,24,D03_P024_SEC_3_45_PAR001,regulatory,false,true,false
the company,2,24,12,D03,36,D03_P036_SEC_3_69_PAR001,,false,true,false
"research ,",2,24,24,D03,38,D03_P038_UNKNOWN_PAR002,,false,true,false
sebi is,2,24,21,D03,38,D03_P038_UNKNOWN_PAR002,,false,true,false
equity derivatives,2,24,22,D03,43,D03_P043_SEC_3_74_PAR008,equity,false,true,false
data centres,2,24,19,D04,32,D04_P032_SEC_4_69_PAR001,,false,true,false
's next,2,24,24,D08,1,D08_P001_UNKNOWN_PAR001,,false,true,false
witnessed a,2,23,23,D01,5,D01_BOX001,,false,true,false
this shift,2,23,23,D01,5,D01_BOX001,,false,true,false
2026 .,2,23,22,D01,21,D01_BOX005,,false,true,false
domestic demand,2,23,23,D01,1,D01_P001_UNKNOWN_PAR003,demand,false,true,false
external sector,2,23,20,D01,1,D01_P001_UNKNOWN_PAR005,sector,false,true,false
uncertainty .,2,23,22,D01,1,D01_P001_UNKNOWN_PAR006,,false,true,false
advanced economies,2,23,23,D01,2,D01_P002_SEC_1_1_PAR001,,false,true,false
driver of,2,23,23,D01,3,D01_P003_SEC_1_2_PAR002,,false,true,false
"globally ,",2,23,23,D01,3,D01_P003_SEC_1_3_PAR001,,false,true,false
monetary policy,2,23,22,D01,3,D01_P003_SEC_1_3_PAR001,monetary;policy,false,true,false
address the,2,23,23,D01,4,D01_P004_SEC_1_3_PAR001,,false,true,false
. global,2,23,20,D01,4,D01_P004_SEC_1_5_PAR001,,false,true,false
of energy,2,23,19,D01,6,D01_P006_SEC_1_6_PAR002,energy,false,true,false
the growing,2,23,23,D01,6,D01_P006_SEC_1_6_PAR002,,false,true,false
form of,2,23,22,D01,8,D01_P008_SEC_1_6_PAR002,,false,true,false
and (,2,23,21,D01,8,D01_P008_SEC_1_6_PAR003,,false,true,false
led by,2,23,23,D01,9,D01_P009_SEC_1_8_PAR002,,false,true,false
in urban,2,23,22,D01,10,D01_P010_SEC_1_9_PAR001,,false,true,false
conditions and,2,23,23,D01,11,D01_P011_SEC_1_11_PAR001,,false,true,false
the pre-pandemic,2,23,22,D01,12,D01_P012_SEC_1_12_PAR001,,false,true,false
private investment,2,23,22,D01,12,D01_P012_SEC_1_12_PAR001,investment,false,true,false
grew by,2,23,21,D01,13,D01_P013_SEC_1_14_PAR001,,false,true,false
expansion in,2,23,22,D01,15,D01_P015_SEC_1_17_PAR002,,false,true,false
the second,2,23,22,D01,15,D01_P015_SEC_1_18_PAR001,,false,true,false
sector is,2,23,22,D01,15,D01_P015_SEC_1_19_PAR001,sector,false,true,false
"december 2025 ,",2,23,22,D01,21,D01_P021_UNKNOWN_PAR002,,false,true,false
and strengthening,2,23,23,D01,22,D01_P022_SEC_1_28_PAR005,,false,true,false
income tax,2,23,19,D01,25,D01_P025_SEC_1_30_PAR002,income;tax,false,true,false
serve as,2,23,21,D01,26,D01_P026_SEC_1_32_PAR001,,false,true,false
rate (,2,23,19,D01,26,D01_P026_SEC_1_33_PAR001,rate,false,true,false
health and,2,23,20,D01,29,D01_P029_SEC_1_41_PAR001,,false,true,false
human capital,2,23,22,D01,30,D01_P030_SEC_1_41_PAR001,capital,false,true,false
and investor,2,23,22,D01,30,D01_P030_SEC_1_44_PAR001,investor,false,true,false
and private,2,23,23,D01,31,D01_P031_SEC_1_45_PAR002,,false,true,false
and support,2,23,22,D01,31,D01_P031_SEC_1_45_PAR002,,false,true,false
was also,2,23,23,D02,34,D02_BOX017,,true,true,false
"countries ,",2,23,22,D02,1,D02_P001_UNKNOWN_PAR002,,false,true,false
ratio of,2,23,20,D02,2,D02_P002_UNKNOWN_PAR002,,false,true,false
the value,2,23,23,D02,3,D02_P003_SEC_2_3_PAR001,,false,true,false
", government",2,23,23,D02,4,D02_P004_SEC_2_5_PAR001,,false,true,false
. an,2,23,23,D02,4,D02_P004_SEC_2_5_PAR001,,false,true,false
in these,2,23,22,D02,11,D02_P011_UNKNOWN_PAR001,,true,true,false
", promoting",2,23,23,D02,16,D02_P016_SEC_2_26_PAR001,,false,true,false
not merely,2,23,23,D02,22,D02_P022_SEC_2_33_PAR001,,false,true,false
financial markets,2,23,20,D02,34,D02_P034_UNKNOWN_PAR001,financial;markets,false,true,false
can help,2,23,23,D02,42,D02_P042_SEC_2_56_PAR001,,false,true,false
local bodies,2,23,19,D02,42,D02_P042_SEC_2_57_PAR001,,false,true,false
"decade ,",2,23,21,D03,24,D03_BOX005,,false,true,false
", https",2,23,22,D03,27,D03_BOX009,,false,true,false
) act,2,23,21,D03,36,D03_BOX013,,false,true,false
financial system,2,23,23,D03,39,D03_BOX015,financial,false,true,false
view of,2,23,22,D03,2,D03_P002_SEC_3_3_PAR001,,false,true,false
market participants,2,23,22,D03,2,D03_P002_SEC_3_4_PAR001,market,false,true,false
integration of,2,23,22,D03,18,D03_P018_SEC_3_33_PAR001,,false,true,false
the digital,2,23,22,D03,20,D03_P020_SEC_3_38_PAR001,,false,true,false
", launched",2,23,22,D03,27,D03_P027_SEC_3_49_PAR001,,false,true,false
financial year,2,23,22,D03,42,D03_P042_SEC_3_74_PAR001,financial,false,true,false
a structural,2,23,23,D03,47,D03_P047_SEC_3_85_PAR003,,false,true,false
the trade,2,23,21,D04,35,D04_BOX005,trade,false,true,false
"conversely ,",2,23,23,D04,17,D04_P017_UNKNOWN_PAR004,,false,true,false
workers .,2,23,22,D04,30,D04_P030_SEC_4_65_PAR001,,false,true,false
) are,2,23,23,D05,9,D05_P009_SEC_5_14_PAR001,,false,true,false
to encourage,2,23,23,D06,13,D06_P013_SEC_6_20_PAR002,,false,true,false
and community,2,23,21,D06,20,D06_P020_SEC_6_30_PAR001,,false,true,false
not a,2,23,23,D07,15,D07_BOX007,,true,true,false
: strengthening,2,23,23,D07,25,D07_P025_SEC_7_40_PAR003,,false,true,false
mt ),2,23,7,D07,26,D07_P026_SEC_7_45_PAR001,,false,true,false
next leap,2,23,23,D08,1,D08_P001_UNKNOWN_PAR001,,false,true,false
leap :,2,23,23,D08,1,D08_P001_UNKNOWN_PAR001,,false,true,false
: structural,2,23,23,D08,1,D08_P001_UNKNOWN_PAR001,,false,true,false
transformation and,2,23,23,D08,1,D08_P001_UNKNOWN_PAR001,,false,true,false
digital addiction,2,23,20,D11,41,D11_BOX019,,false,true,false
angel funds,2,23,2,D23,11,D23_BOX005,,false,true,false
economic activity,2,22,21,D01,18,D01_BOX003,,false,true,false
", covering",2,22,22,D01,21,D01_BOX005,,false,true,false
", leading",2,22,22,D01,31,D01_BOX007,,false,true,false
"chains ,",2,22,22,D01,1,D01_P001_UNKNOWN_PAR002,,false,true,false
and an,2,22,22,D01,1,D01_P001_UNKNOWN_PAR002,,true,true,false
the ability,2,22,20,D01,4,D01_P004_SEC_1_3_PAR001,,false,true,false
", investment",2,22,22,D01,6,D01_P006_SEC_1_6_PAR006,investment,false,true,false
", both",2,22,20,D01,7,D01_P007_SEC_1_6_PAR002,,false,true,false
to develop,2,22,22,D01,7,D01_P007_SEC_1_6_PAR005,,false,true,false
"resilient ,",2,22,22,D01,8,D01_P008_SEC_1_6_PAR003,,false,true,false
"environment ,",2,22,22,D01,10,D01_P010_SEC_1_9_PAR001,,false,true,false
", improved",2,22,22,D01,14,D01_P014_SEC_1_16_PAR001,,false,true,false
reflecting a,2,22,22,D01,15,D01_P015_SEC_1_19_PAR001,,false,true,false
2 .,2,22,22,D01,18,D01_P018_SEC_1_27_PAR001,,false,true,false
best practices,2,22,20,D01,22,D01_P022_SEC_1_28_PAR001,,false,true,false
and education,2,22,21,D01,22,D01_P022_SEC_1_28_PAR004,,false,true,false
"monitoring ,",2,22,21,D01,22,D01_P022_SEC_1_28_PAR006,,false,true,false
of national,2,22,22,D01,22,D01_P022_SEC_1_28_PAR009,,false,true,false
"products ,",2,22,22,D01,23,D01_P023_SEC_1_28_PAR004,,false,true,false
( excluding,2,22,20,D01,24,D01_P024_SEC_6_7_PAR002,,false,true,false
a ',2,22,21,D01,26,D01_P026_SEC_1_32_PAR001,,false,true,false
's external,2,22,19,D01,28,D01_P028_SEC_1_38_PAR001,,false,true,false
"protection ,",2,22,22,D01,28,D01_P028_SEC_1_39_PAR001,,false,true,false
a year,2,22,21,D01,30,D01_P030_SEC_1_42_PAR001,,false,true,false
going forward,2,22,22,D01,30,D01_P030_SEC_1_45_PAR001,,false,true,false
establishment of,2,22,22,D01,31,D01_P031_SEC_1_46_PAR002,,false,true,false
the corporate,2,22,22,D01,32,D01_P032_SEC_1_PAR001,,false,true,false
capital .,2,22,21,D01,32,D01_P032_SEC_1_PAR002,capital,false,true,false
set of,2,22,22,D01,34,D01_P034_SEC_3_PAR002,,false,true,false
service delivery,2,22,22,D01,34,D01_P034_SEC_3_PAR002,,false,true,false
. accordingly,2,22,22,D01,34,D01_P034_SEC_3_PAR002,,false,true,false
services (,2,22,20,D02,8,D02_BOX003,,false,true,false
the time,2,22,22,D02,34,D02_BOX017,,false,true,false
analysis of,2,22,22,D02,2,D02_P002_SEC_2_2_PAR001,,false,true,false
"forward ,",2,22,22,D02,2,D02_P002_UNKNOWN_PAR002,,false,true,false
to finance,2,22,22,D02,3,D02_P003_SEC_2_4_PAR001,finance,false,true,false
the middle,2,22,19,D02,6,D02_P006_SEC_2_10_PAR001,,false,true,false
banks and,2,22,20,D02,12,D02_P012_SEC_2_19_PAR001,banks,false,true,false
institutions .,2,22,22,D02,12,D02_P012_SEC_2_19_PAR001,,false,true,false
past decade,2,22,20,D02,15,D02_P015_SEC_2_26_PAR001,,false,true,false
to invest,2,22,19,D02,16,D02_P016_SEC_2_28_PAR001,,false,true,false
within a,2,22,22,D02,17,D02_P017_UNKNOWN_PAR007,,false,true,false
"assets ,",2,22,22,D02,18,D02_P018_SEC_2_29_PAR001,assets,false,true,false
in fy24,2,22,20,D02,19,D02_P019_SEC_2_31_PAR001,,false,true,false
outlay of,2,22,21,D02,26,D02_P026_SEC_2_40_PAR002,,false,true,false
", health",2,22,21,D02,30,D02_P030_UNKNOWN_PAR001,,false,true,false
. yet,2,22,22,D02,34,D02_P034_UNKNOWN_PAR002,,false,true,false
. strengthening,2,22,22,D02,42,D02_P042_SEC_2_57_PAR001,,false,true,false
( ₹,2,22,14,D02,12,D02_T003,,false,false,false
but as,2,22,22,D03,64,D03_BOX023,,true,true,false
finance and,2,22,21,D03,2,D03_P002_SEC_3_2_PAR001,finance,false,true,false
"loans ,",2,22,20,D03,13,D03_P013_SEC_3_21_PAR001,loans,false,true,false
a substantial,2,22,22,D03,15,D03_P015_SEC_3_25_PAR001,,false,true,false
small and,2,22,22,D03,18,D03_P018_SEC_3_32_PAR001,,false,true,false
a unified,2,22,21,D03,18,D03_P018_SEC_3_33_PAR001,,false,true,false
"flows ,",2,22,22,D03,25,D03_P025_SEC_3_47_PAR006,,false,true,false
embedded in,2,22,22,D03,26,D03_P026_SEC_3_47_PAR006,,false,true,false
) scheme,2,22,21,D03,27,D03_P027_SEC_3_49_PAR001,,false,true,false
observed that,2,22,18,D03,33,D03_P033_SEC_3_57_PAR001,,false,true,false
"cities ,",2,22,22,D03,39,D03_P039_SEC_3_73_PAR001,,false,true,false
investors and,2,22,22,D03,43,D03_P043_SEC_3_74_PAR003,investors,false,true,false
pertaining to,2,22,20,D03,43,D03_P043_SEC_3_74_PAR005,,false,true,false
and export,2,22,22,D03,46,D03_P046_SEC_3_85_PAR001,export,false,true,false
and state,2,22,22,D03,55,D03_P055_SEC_3_99_PAR003,,false,true,false
gig workers,2,22,16,D03,56,D03_P056_SEC_3_99_PAR006,,false,true,false
essential to,2,22,22,D03,62,D03_P062_SEC_3_99_PAR001,,false,true,false
manufacturing sector,2,22,18,D05,14,D05_P014_SEC_5_27_PAR001,sector,false,true,false
and also,2,22,22,D06,7,D06_P007_SEC_6_12_PAR002,,true,true,false
the mission,2,22,21,D06,9,D06_P009_SEC_6_15_PAR001,,false,true,false
to further,2,22,22,D06,20,D06_P020_SEC_6_30_PAR001,,true,true,false
of urban,2,22,19,D07,8,D07_P008_SEC_7_13_PAR004,,false,true,false
infrastructure :,2,22,22,D09,1,D09_P001_UNKNOWN_PAR001,,false,true,false
climate finance,2,22,16,D10,25,D10_BOX011,finance,false,true,false
with sebi,2,22,19,D10,29,D10_P029_SEC_10_72_PAR002,,false,true,false
violation of,2,22,19,D17,19,D17_P019_UNKNOWN_PAR004,,false,true,false
1 0,2,22,13,D21,14,D21_T011,,false,true,false
high court,2,22,17,D28,19,D28_P019_UNKNOWN_PAR003,,false,true,false
"performance ,",2,21,21,D01,18,D01_BOX003,,false,true,false
estimate of,2,21,17,D01,18,D01_BOX003,,false,true,false
these efforts,2,21,21,D01,21,D01_BOX005,,false,true,false
shift in,2,21,21,D01,31,D01_BOX007,,false,true,false
declined by,2,21,20,D01,4,D01_P004_SEC_1_5_PAR001,,false,true,false
supply chain,2,21,21,D01,4,D01_P004_SEC_1_5_PAR001,supply,false,true,false
integration .,2,21,21,D01,6,D01_P006_SEC_1_6_PAR002,,false,true,false
a steady,2,21,21,D01,6,D01_P006_SEC_1_6_PAR005,,false,true,false
lack of,2,21,21,D01,6,D01_P006_SEC_1_6_PAR006,,false,true,false
in chapter,2,21,21,D01,7,D01_P007_SEC_1_6_PAR005,,false,true,false
are increasingly,2,21,21,D01,7,D01_P007_SEC_1_6_PAR006,,false,true,false
"investments ,",2,21,21,D01,7,D01_P007_SEC_1_6_PAR006,investments,false,true,false
essential for,2,21,21,D01,7,D01_P007_SEC_1_6_PAR009,,false,true,false
in response,2,21,20,D01,7,D01_P007_SEC_1_6_PAR009,,false,true,false
"e.g. ,",2,21,16,D01,8,D01_P008_SEC_1_6_PAR001,,false,true,false
"goods ,",2,21,21,D01,8,D01_P008_SEC_1_6_PAR003,,false,true,false
reducing the,2,21,21,D01,8,D01_P008_SEC_1_6_PAR003,,false,true,false
a large,2,21,21,D01,8,D01_P008_SEC_1_6_PAR003,,false,true,false
assessment of,2,21,19,D01,8,D01_P008_SEC_1_7_PAR001,,false,true,false
the corresponding,2,21,21,D01,12,D01_P012_SEC_1_12_PAR001,,false,true,false
", on",2,21,19,D01,14,D01_P014_SEC_1_15_PAR001,,false,true,false
a sustained,2,21,21,D01,14,D01_P014_SEC_1_17_PAR001,,false,true,false
productivity gains,2,21,21,D01,14,D01_P014_SEC_1_17_PAR001,productivity,false,true,false
in manufacturing,2,21,19,D01,15,D01_P015_SEC_1_19_PAR001,,false,true,false
's share,2,21,17,D01,15,D01_P015_SEC_1_19_PAR001,,false,true,false
recorded a,2,21,21,D01,16,D01_P016_SEC_1_21_PAR001,,false,true,false
to its,2,21,21,D01,17,D01_P017_SEC_1_23_PAR001,,true,true,false
in services,2,21,17,D01,17,D01_P017_SEC_1_24_PAR001,,false,true,false
with its,2,21,21,D01,17,D01_P017_SEC_1_24_PAR001,,true,true,false
", all",2,21,21,D01,18,D01_P018_SEC_1_25_PAR001,,false,true,false
( a,2,21,20,D01,19,D01_P019_UNKNOWN_PAR003,,false,true,false
rely on,2,21,21,D01,20,D01_P020_UNKNOWN_PAR002,,false,true,false
these initiatives,2,21,21,D01,21,D01_P021_SEC_1_28_PAR001,,false,true,false
", through",2,21,21,D01,22,D01_P022_SEC_1_28_PAR003,,false,true,false
the major,2,21,21,D01,22,D01_P022_SEC_1_28_PAR010,,false,true,false
revenue deficit,2,21,17,D01,25,D01_P025_SEC_1_31_PAR001,deficit;revenue,false,true,false
sources of,2,21,21,D01,27,D01_P027_SEC_1_34_PAR001,,false,true,false
following the,2,21,21,D01,27,D01_P027_SEC_1_35_PAR001,,false,true,false
and improve,2,21,21,D01,28,D01_P028_SEC_1_38_PAR001,,false,true,false
resilience .,2,21,21,D01,30,D01_P030_SEC_1_41_PAR001,,false,true,false
is therefore,2,21,21,D01,30,D01_P030_SEC_1_42_PAR001,,false,true,false
"level ,",2,21,21,D01,30,D01_P030_SEC_1_43_PAR001,,false,true,false
( i,2,21,19,D01,31,D01_P031_SEC_1_46_PAR004,,false,true,false
reflecting the,2,21,21,D01,32,D01_P032_SEC_1_46_PAR004,,false,true,false
productivity .,2,21,20,D01,34,D01_P034_SEC_3_PAR001,productivity,false,true,false
focuses on,2,21,21,D02,5,D02_BOX001,,false,true,false
"turn ,",2,21,21,D02,15,D02_BOX005,,false,true,false
revenue receipts,2,21,20,D02,16,D02_BOX007,revenue,false,true,false
per capita,2,21,13,D02,22,D02_BOX011,,false,true,false
"it ,",2,21,21,D02,34,D02_BOX017,,false,true,false
rising from,2,21,20,D02,1,D02_P001_UNKNOWN_PAR003,,false,true,false
from an,2,21,19,D02,1,D02_P001_UNKNOWN_PAR003,,true,true,false
policy and,2,21,20,D02,4,D02_P004_SEC_2_6_PAR001,policy,false,true,false
enhancing the,2,21,21,D02,5,D02_P005_SEC_2_8_PAR001,,false,true,false
and foreign,2,21,21,D02,5,D02_P005_SEC_2_8_PAR002,foreign,false,true,false
of over,2,21,18,D02,5,D02_P005_SEC_2_8_PAR002,,true,true,false
changes in,2,21,18,D02,6,D02_P006_SEC_2_10_PAR001,,false,true,false
represents a,2,21,21,D02,6,D02_P006_SEC_2_8_PAR002,,false,true,false
"centres ,",2,21,21,D02,10,D02_P010_UNKNOWN_PAR005,,false,true,false
and health,2,21,19,D02,10,D02_P010_UNKNOWN_PAR006,,false,true,false
percentage of,2,21,19,D02,12,D02_P012_SEC_2_19_PAR001,,false,true,false
transfer of,2,21,17,D02,12,D02_P012_SEC_2_19_PAR001,,false,true,false
the creation,2,21,20,D02,18,D02_P018_SEC_2_29_PAR001,,false,true,false
of funds,2,21,19,D02,21,D02_P021_SEC_2_33_PAR001,,false,true,false
sector and,2,21,21,D02,22,D02_P022_SEC_2_35_PAR001,sector,false,true,false
saw a,2,21,21,D02,23,D02_P023_SEC_2_38_PAR001,,false,true,false
andhra pradesh,2,21,19,D02,24,D02_P024_SEC_2_39_PAR002,,false,true,false
as compared,2,21,20,D02,32,D02_P032_SEC_2_43_PAR001,,false,true,false
. there,2,21,21,D02,36,D02_P036_SEC_2_50_PAR001,,false,true,false
ensures that,2,21,20,D02,40,D02_P040_UNKNOWN_PAR001,,false,true,false
below :,2,21,21,D03,21,D03_BOX003,,false,true,false
ecosystem in,2,21,21,D03,42,D03_BOX017,,false,true,false
and accountability,2,21,19,D03,2,D03_P002_SEC_3_2_PAR001,,false,true,false
in such,2,21,21,D03,9,D03_P009_UNKNOWN_PAR002,,true,true,false
amount of,2,21,17,D03,14,D03_P014_SEC_3_22_PAR001,,false,true,false
and governance,2,21,20,D03,22,D03_P022_SEC_3_41_PAR007,,false,true,false
capacity is,2,21,18,D03,25,D03_P025_SEC_3_47_PAR005,,false,true,false
series of,2,21,21,D03,34,D03_P034_SEC_3_64_PAR001,,false,true,false
south korea,2,21,18,D03,35,D03_P035_SEC_3_66_PAR001,,false,true,false
sebi .,2,21,20,D03,37,D03_P037_SEC_3_71_PAR005,,false,true,false
"rules ,",2,21,21,D03,42,D03_P042_SEC_3_74_PAR002,,false,true,false
distribution of,2,21,20,D03,47,D03_P047_SEC_3_85_PAR002,,false,true,false
policy measures,2,21,20,D04,2,D04_P002_SEC_4_3_PAR001,policy,false,true,false
"processing ,",2,21,19,D04,23,D04_P023_UNKNOWN_PAR007,,false,true,false
about the,2,21,21,D04,44,D04_P044_SEC_4_85_PAR002,,true,true,false
chart v.,2,21,20,D05,2,D05_P002_SEC_5_1_PAR001,,false,true,false
stability to,2,21,21,D05,12,D05_P012_SEC_5_22_PAR001,stability,false,true,false
is no,2,21,21,D06,16,D06_P016_SEC_6_22_PAR003,,true,true,false
innovation and,2,21,21,D07,12,D07_BOX003,,false,true,false
( including,2,21,21,D07,21,D07_P021_SEC_7_32_PAR001,,false,true,false
strengthening connectivity,2,21,21,D07,25,D07_P025_SEC_7_40_PAR003,,false,true,false
at https,2,21,19,D08,20,D08_BOX007,,false,true,false
regulations and,2,21,20,D08,28,D08_P028_SEC_8_52_PAR001,,false,true,false
indian cities,2,21,18,D09,20,D09_P020_UNKNOWN_PAR003,,false,true,false
public health,2,21,19,D10,12,D10_P012_SEC_10_31_PAR001,,false,true,false
social progress,2,21,21,D11,2,D11_P002_SEC_11_4_PAR001,,false,true,false
mental health,2,21,14,D11,30,D11_P030_SEC_11_47_PAR001,,false,true,false
investor awareness,2,21,21,D21,11,D21_BOX007,investor,false,true,false
the appellants,2,21,17,D28,20,D28_P020_UNKNOWN_PAR001,,false,true,false
", '",2,20,18,D01,5,D01_BOX001,,false,false,false
global value,2,20,20,D01,5,D01_BOX001,,false,true,false
a country,2,20,17,D01,5,D01_BOX001,,false,true,false
covid -19,2,20,20,D01,18,D01_BOX003,,false,true,false
activity and,2,20,20,D01,18,D01_BOX003,,false,true,false
provide a,2,20,20,D01,21,D01_BOX005,,false,true,false
the survey,2,20,18,D01,21,D01_BOX005,,false,true,false
a dedicated,2,20,19,D01,21,D01_BOX005,,false,true,false
global economic,2,20,19,D01,1,D01_P001_UNKNOWN_PAR002,,false,true,false
momentum in,2,20,20,D01,1,D01_P001_UNKNOWN_PAR003,,false,true,false
demand .,2,20,20,D01,1,D01_P001_UNKNOWN_PAR003,demand,false,true,false
"expansion ,",2,20,20,D01,1,D01_P001_UNKNOWN_PAR003,,false,true,false
to sustain,2,20,20,D01,1,D01_P001_UNKNOWN_PAR006,,false,true,false
implications for,2,20,20,D01,3,D01_P003_SEC_1_3_PAR001,,false,true,false
is increasingly,2,20,20,D01,6,D01_P006_SEC_1_6_PAR004,,false,true,false
. overall,2,20,20,D01,6,D01_P006_SEC_1_6_PAR004,,false,true,false
offers a,2,20,20,D01,6,D01_P006_SEC_1_6_PAR005,,false,true,false
them .,2,20,20,D01,6,D01_P006_SEC_1_6_PAR005,,false,true,false
( e.g.,2,20,15,D01,8,D01_P008_SEC_1_6_PAR001,,false,true,false
"initiative ,",2,20,20,D01,8,D01_P008_SEC_1_6_PAR002,,false,true,false
and insurance,2,20,20,D01,8,D01_P008_SEC_1_6_PAR003,,false,true,false
growth rate,2,20,19,D01,9,D01_P009_SEC_1_8_PAR002,growth;rate,false,true,false
to about,2,20,19,D01,11,D01_P011_SEC_1_11_PAR001,,true,true,false
these developments,2,20,20,D01,12,D01_P012_SEC_1_12_PAR001,,false,true,false
capital goods,2,20,16,D01,13,D01_P013_SEC_1_13_PAR001,capital,false,true,false
"industry ,",2,20,19,D01,15,D01_P015_SEC_1_19_PAR001,industry,false,true,false
", water",2,20,18,D01,16,D01_P016_SEC_1_20_PAR001,,false,true,false
stands at,2,20,19,D01,21,D01_P021_UNKNOWN_PAR002,,false,true,false
"platform ,",2,20,19,D01,22,D01_P022_SEC_1_28_PAR006,,false,true,false
has improved,2,20,18,D01,24,D01_P024_SEC_1_29_PAR001,,false,true,false
public investment,2,20,19,D01,25,D01_P025_SEC_1_31_PAR001,investment,false,true,false
to maintain,2,20,20,D01,25,D01_P025_SEC_1_31_PAR001,,false,true,false
act as,2,20,20,D01,26,D01_P026_SEC_1_32_PAR001,,false,true,false
. between,2,20,20,D01,28,D01_P028_SEC_1_37_PAR001,,false,true,false
", offering",2,20,20,D01,28,D01_P028_SEC_1_38_PAR001,,false,true,false
", enhance",2,20,20,D01,29,D01_P029_SEC_1_40_PAR001,,false,true,false
. if,2,20,19,D01,30,D01_P030_SEC_1_43_PAR001,,false,true,false
( ii,2,20,18,D01,32,D01_P032_SEC_1_46_PAR002,,false,true,false
"first ,",2,20,19,D01,32,D01_P032_SEC_1_PAR002,,false,true,false
efficiency and,2,20,19,D01,33,D01_P033_SEC_1_PAR002,,false,true,false
and compliance,2,20,20,D01,33,D01_P033_SEC_3_PAR002,,false,true,false
evidence from,2,20,20,D02,22,D02_BOX011,,false,true,false
and employment,2,20,20,D02,22,D02_BOX011,employment,false,true,false
particularly for,2,20,20,D02,28,D02_BOX015,,false,true,false
of state,2,20,20,D02,28,D02_BOX015,,false,true,false
five years,2,20,20,D02,34,D02_BOX017,,false,true,false
emphasis on,2,20,19,D02,34,D02_BOX017,,false,true,false
expenditure .,2,20,18,D02,34,D02_BOX017,expenditure,false,true,false
reduce the,2,20,20,D02,34,D02_BOX017,,false,true,false
the focus,2,20,20,D02,39,D02_BOX019,,false,true,false
the post-pandemic,2,20,17,D02,1,D02_P001_UNKNOWN_PAR002,,false,true,false
proportion of,2,20,19,D02,3,D02_P003_SEC_2_4_PAR001,,false,true,false
of technology,2,20,20,D02,5,D02_P005_SEC_2_8_PAR001,,false,true,false
( b,2,20,17,D02,10,D02_P010_UNKNOWN_PAR003,,false,true,false
", significantly",2,20,20,D02,11,D02_P011_SEC_2_17_PAR001,,false,true,false
sectors such,2,20,20,D02,11,D02_P011_UNKNOWN_PAR001,sectors,false,true,false
public sector,2,20,20,D02,12,D02_P012_SEC_2_19_PAR001,sector,false,true,false
financial institutions,2,20,19,D02,12,D02_P012_SEC_2_19_PAR001,financial,false,true,false
operational efficiency,2,20,18,D02,12,D02_P012_SEC_2_20_PAR001,,false,true,false
details of,2,20,20,D02,16,D02_P016_SEC_2_28_PAR001,,false,true,false
"risks ,",2,20,20,D02,17,D02_P017_UNKNOWN_PAR003,,false,true,false
", increasing",2,20,20,D02,29,D02_P029_UNKNOWN_PAR003,,false,true,false
but it,2,20,20,D02,32,D02_P032_SEC_2_43_PAR001,,true,true,false
interest rates,2,20,16,D02,33,D02_P033_UNKNOWN_PAR001,rates,false,true,false
concentrated in,2,20,20,D02,35,D02_P035_SEC_2_46_PAR001,,false,true,false
compared with,2,20,18,D02,35,D02_P035_SEC_2_46_PAR001,,false,true,false
. consequently,2,20,19,D02,36,D02_P036_SEC_2_48_PAR001,,false,true,false
risks .,2,20,20,D02,37,D02_P037_UNKNOWN_PAR001,,false,true,false
in shaping,2,20,20,D02,42,D02_P042_SEC_2_56_PAR001,,false,true,false
become a,2,20,20,D03,5,D03_BOX001,,false,true,false
has expanded,2,20,20,D03,24,D03_BOX007,,false,true,false
capital market,2,20,20,D03,42,D03_BOX017,capital;market,false,true,false
and sustainable,2,20,20,D03,60,D03_BOX021,,false,true,false
presence of,2,20,19,D03,2,D03_P002_SEC_3_2_PAR001,,false,true,false
despite the,2,20,20,D03,6,D03_P006_SEC_3_8_PAR002,,false,true,false
this initiative,2,20,19,D03,20,D03_P020_SEC_3_39_PAR001,,false,true,false
introduced a,2,20,20,D03,20,D03_P020_SEC_3_41_PAR001,,false,true,false
governance .,2,20,20,D03,22,D03_P022_SEC_3_41_PAR006,,false,true,false
combined with,2,20,20,D03,25,D03_P025_SEC_3_47_PAR003,,false,true,false
interventions .,2,20,19,D03,27,D03_P027_SEC_3_49_PAR001,,false,true,false
the pradhan,2,20,19,D03,27,D03_P027_SEC_3_49_PAR001,,false,true,false
phase of,2,20,20,D03,30,D03_P030_SEC_3_50_PAR005,,false,true,false
a series,2,20,20,D03,34,D03_P034_SEC_3_64_PAR001,,false,true,false
issue and,2,20,19,D03,43,D03_P043_SEC_3_74_PAR003,,false,true,false
sebi also,2,20,20,D03,43,D03_P043_SEC_3_74_PAR005,,false,true,false
", public",2,20,19,D03,45,D03_P045_SEC_3_78_PAR002,,false,true,false
disclosure requirements,2,20,19,D03,45,D03_P045_SEC_3_81_PAR001,,false,true,false
are given,2,20,20,D03,47,D03_P047_SEC_3_85_PAR006,,false,true,false
of 2025,2,20,18,D03,51,D03_P051_SEC_3_88_PAR001,,false,true,false
lies in,2,20,19,D03,57,D03_P057_SEC_3_99_PAR005,,false,true,false
and operational,2,20,20,D03,54,D03_T002,,false,true,false
value chain,2,20,20,D04,24,D04_P024_UNKNOWN_PAR002,,false,true,false
action .,2,20,18,D04,24,D04_P024_UNKNOWN_PAR002,,false,true,false
to new,2,20,20,D04,40,D04_P040_SEC_4_81_PAR002,,false,true,false
. conversely,2,20,20,D04,48,D04_P048_SEC_4_93_PAR004,,false,true,false
2025-26 (,2,20,19,D05,5,D05_P005_SEC_5_8_PAR001,,false,true,false
services :,2,20,20,D07,1,D07_P001_UNKNOWN_PAR001,,false,true,false
urban infrastructure,2,20,16,D07,20,D07_P020_SEC_7_27_PAR001,,false,true,false
advanced manufacturing,2,20,12,D07,24,D07_P024_SEC_7_39_PAR001,,false,true,false
pursuant to,2,20,19,D09,7,D09_P007_SEC_9_17_PAR011,,false,true,false
to strategic,2,20,17,D16,1,D16_P001_UNKNOWN_PAR001,,false,true,false
", 2018",2,20,17,D21,3,D21_P003_SEC_3_1_1_PAR009,,false,true,false
) no,2,20,15,D21,5,D21_T001,,false,true,false
derivatives segment,2,20,19,D22,12,D22_BOX003,,false,true,false
given in,2,20,20,D22,6,D22_P006_SEC_4_1_1_PAR005,,false,true,false
", nism",2,20,19,D26,8,D26_P008_SEC_8_1_5_PAR001,,false,true,false
supervision and,2,20,20,D27,8,D27_P008_SEC_9_3_1_PAR001,supervision,false,true,false
", supervision",2,20,20,D28,1,D28_P001_UNKNOWN_PAR001,supervision,false,true,false
and trade,2,19,18,D01,5,D01_BOX001,trade,false,true,false
to prevent,2,19,18,D01,18,D01_BOX003,,false,true,false
. even,2,19,19,D01,18,D01_BOX003,,false,true,false
", technology",2,19,19,D01,21,D01_BOX005,,false,true,false
to assess,2,19,19,D01,1,D01_P001_UNKNOWN_PAR004,,false,true,false
and fiscal,2,19,18,D01,1,D01_P001_UNKNOWN_PAR005,fiscal,false,true,false
fiscal policy,2,19,16,D01,1,D01_P001_UNKNOWN_PAR005,fiscal;policy,false,true,false
", domestic",2,19,19,D01,1,D01_P001_UNKNOWN_PAR006,,false,true,false
global economy,2,19,18,D01,2,D01_P002_SEC_1_1_PAR001,,false,true,false
", global",2,19,18,D01,2,D01_P002_SEC_1_1_PAR001,,false,true,false
and emerging,2,19,19,D01,2,D01_P002_SEC_1_1_PAR001,,false,true,false
above the,2,19,17,D01,3,D01_P003_SEC_1_2_PAR002,,true,true,false
chart i.,2,19,15,D01,4,D01_P004_SEC_1_3_PAR001,,false,true,false
the uk,2,19,17,D01,4,D01_P004_SEC_1_3_PAR001,,false,true,false
data centre,2,19,14,D01,5,D01_P005_SEC_1_5_PAR002,,false,true,false
( see,2,19,19,D01,7,D01_P007_SEC_1_6_PAR005,,false,true,false
", policy",2,19,19,D01,8,D01_P008_SEC_1_6_PAR003,policy,false,true,false
drivers of,2,19,19,D01,8,D01_P008_SEC_1_7_PAR001,,false,true,false
"2024-25 ,",2,19,17,D01,9,D01_P009_SEC_1_8_PAR002,,false,true,false
reflects a,2,19,19,D01,10,D01_P010_SEC_1_9_PAR001,,false,true,false
and are,2,19,19,D01,11,D01_P011_SEC_1_10_PAR001,,true,true,false
improving the,2,19,19,D01,11,D01_P011_SEC_1_11_PAR001,,false,true,false
and allied,2,19,17,D01,14,D01_P014_SEC_1_17_PAR001,,false,true,false
", higher",2,19,19,D01,14,D01_P014_SEC_1_17_PAR001,,false,true,false
taken together,2,19,19,D01,18,D01_P018_SEC_1_27_PAR001,,false,true,false
. given,2,19,19,D01,18,D01_P018_SEC_1_27_PAR001,,false,true,false
these are,2,19,19,D01,19,D01_P019_UNKNOWN_PAR001,,true,true,false
yoy growth,2,19,16,D01,19,D01_P019_UNKNOWN_PAR005,growth,false,true,false
a sharp,2,19,19,D01,20,D01_P020_UNKNOWN_PAR002,,false,true,false
underscores the,2,19,19,D01,21,D01_P021_SEC_1_28_PAR001,,false,true,false
periods of,2,19,19,D01,21,D01_P021_UNKNOWN_PAR002,,false,true,false
support for,2,19,19,D01,22,D01_P022_SEC_1_28_PAR007,,false,true,false
and rural,2,19,18,D01,23,D01_P023_SEC_1_28_PAR008,,false,true,false
data from,2,19,19,D01,23,D01_P023_SEC_1_28_PAR010,,false,true,false
of domestic,2,19,18,D01,24,D01_P024_SEC_1_28_PAR001,,false,true,false
core inflation,2,19,9,D01,24,D01_P024_SEC_1_29_PAR001,inflation,false,true,false
prices .,2,19,19,D01,24,D01_P024_SEC_1_29_PAR001,,false,true,false
tax revenue,2,19,15,D01,24,D01_P024_SEC_1_30_PAR001,revenue;tax,false,true,false
the banking,2,19,18,D01,26,D01_P026_SEC_1_33_PAR001,banking,false,true,false
weighted average,2,19,15,D01,26,D01_P026_SEC_1_33_PAR001,,false,true,false
was a,2,19,18,D01,28,D01_P028_SEC_1_36_PAR001,,true,true,false
", improve",2,19,19,D01,29,D01_P029_SEC_1_40_PAR001,,false,true,false
and further,2,19,19,D01,30,D01_P030_SEC_1_42_PAR001,,true,true,false
"output ,",2,19,18,D01,32,D01_P032_SEC_1_46_PAR001,output,false,true,false
"second ,",2,19,19,D01,32,D01_P032_SEC_1_PAR002,,false,true,false
"agriculture ,",2,19,18,D01,9,D01_T002,,false,true,false
nominal gdp,2,19,19,D01,10,D01_T003,gdp,false,true,false
", following",2,19,19,D02,8,D02_BOX003,,false,true,false
on their,2,19,18,D02,22,D02_BOX011,,true,true,false
of government,2,19,19,D02,2,D02_P002_SEC_2_2_PAR001,,false,true,false
instead of,2,19,18,D02,3,D02_P003_SEC_2_3_PAR001,,false,true,false
chart ii.,2,19,12,D02,3,D02_P003_SEC_2_4_PAR001,,false,true,false
needs to,2,19,19,D02,4,D02_P004_SEC_2_5_PAR001,,false,true,false
government .,2,19,19,D02,4,D02_P004_SEC_2_6_PAR001,,false,true,false
with over,2,19,18,D02,5,D02_P005_SEC_2_8_PAR002,,true,true,false
input costs,2,19,17,D02,7,D02_P007_SEC_2_12_PAR001,,false,true,false
addition to,2,19,19,D02,10,D02_P010_UNKNOWN_PAR008,,false,true,false
across states,2,19,19,D02,11,D02_P011_SEC_2_17_PAR001,,false,true,false
to this,2,19,19,D02,11,D02_P011_SEC_2_18_PAR001,,true,true,false
expenditure on,2,19,14,D02,14,D02_P014_SEC_2_25_PAR001,expenditure,false,true,false
and reduce,2,19,18,D02,17,D02_P017_UNKNOWN_PAR006,,false,true,false
total expenditure,2,19,17,D02,19,D02_P019_SEC_2_31_PAR001,expenditure,false,true,false
cagr of,2,19,13,D02,24,D02_P024_SEC_2_39_PAR001,,false,true,false
to safeguard,2,19,19,D02,25,D02_P025_SEC_2_40_PAR001,,false,true,false
social and,2,19,19,D02,29,D02_P029_UNKNOWN_PAR003,,false,true,false
not just,2,19,19,D02,30,D02_P030_UNKNOWN_PAR001,,false,true,false
depend on,2,19,19,D02,30,D02_P030_UNKNOWN_PAR003,,false,true,false
risks and,2,19,18,D02,33,D02_P033_UNKNOWN_PAR001,,false,true,false
mechanism for,2,19,19,D02,38,D02_P038_SEC_2_53_PAR001,,false,true,false
. ',2,19,14,D02,39,D02_P039_UNKNOWN_PAR002,,false,false,false
when the,2,19,17,D02,40,D02_P040_UNKNOWN_PAR001,,true,true,false
a rise,2,19,17,D02,40,D02_P040_UNKNOWN_PAR001,,false,true,false
", its",2,19,19,D03,24,D03_BOX005,,false,true,false
and risk,2,19,19,D03,42,D03_BOX017,,false,true,false
much of,2,19,19,D03,46,D03_BOX019,,false,true,false
regulatory and,2,19,19,D03,60,D03_BOX021,regulatory,false,true,false
the way,2,19,19,D03,4,D03_P004_SEC_3_6_PAR001,,false,true,false
for example,2,19,19,D03,5,D03_P005_SEC_3_8_PAR002,,false,true,false
"example ,",2,19,19,D03,5,D03_P005_SEC_3_8_PAR002,,false,true,false
. one,2,19,17,D03,5,D03_P005_SEC_3_8_PAR003,,false,true,false
"notably ,",2,19,19,D03,10,D03_P010_SEC_3_13_PAR001,,false,true,false
", among",2,19,19,D03,15,D03_P015_SEC_3_25_PAR001,,false,true,false
and national,2,19,19,D03,18,D03_P018_SEC_3_33_PAR001,,false,true,false
"frameworks ,",2,19,19,D03,22,D03_P022_SEC_3_41_PAR001,,false,true,false
services in,2,19,18,D03,22,D03_P022_SEC_3_41_PAR002,,false,true,false
institutional capacity,2,19,19,D03,26,D03_P026_SEC_3_47_PAR001,,false,true,false
"nse ,",2,19,19,D03,36,D03_P036_SEC_3_70_PAR001,,false,true,false
", technological",2,19,19,D03,38,D03_P038_SEC_3_72_PAR001,,false,true,false
debt securities,2,19,10,D03,41,D03_P041_SEC_3_73_PAR003,debt;securities,false,true,false
the equity,2,19,19,D03,41,D03_P041_SEC_3_73_PAR003,equity,false,true,false
", infrastructure",2,19,19,D03,44,D03_P044_SEC_3_75_PAR001,,false,true,false
with india,2,19,19,D03,45,D03_P045_SEC_3_78_PAR002,,false,true,false
; it,2,19,19,D03,47,D03_P047_SEC_3_85_PAR003,,false,true,false
capacity to,2,19,19,D03,48,D03_P048_SEC_3_85_PAR003,,false,true,false
across various,2,19,19,D03,53,D03_P053_SEC_3_96_PAR001,,false,true,false
scheme (,2,19,18,D03,55,D03_P055_SEC_3_99_PAR002,,false,true,false
workers and,2,19,18,D03,56,D03_P056_SEC_3_99_PAR004,,false,true,false
"platforms ,",2,19,19,D03,57,D03_P057_SEC_3_99_PAR002,,false,true,false
"business ,",2,19,19,D03,60,D03_P060_SEC_3_99_PAR003,,false,true,false
cy 2024,2,19,15,D03,63,D03_P063_UNKNOWN_PAR004,,false,true,false
. 1,2,19,18,D04,2,D04_P002_SEC_4_2_PAR001,,false,true,false
integration with,2,19,19,D04,2,D04_P002_SEC_4_4_PAR001,,false,true,false
research and,2,19,18,D04,20,D04_P020_SEC_4_45_PAR001,,false,true,false
middle east,2,19,17,D04,24,D04_P024_SEC_4_51_PAR001,,false,true,false
the board,2,19,18,D04,37,D04_P037_SEC_4_80_PAR006,,false,true,false
and local,2,19,18,D06,13,D06_BOX005,,false,true,false
the population,2,19,15,D06,1,D06_P001_UNKNOWN_PAR002,,false,true,false
the portal,2,19,15,D06,17,D06_P017_SEC_6_24_PAR001,,false,true,false
"accountability ,",2,19,19,D09,23,D09_P023_SEC_9_40_PAR001,,false,true,false
vocational education,2,19,15,D11,2,D11_P002_SEC_11_2_PAR001,,false,true,false
cities are,2,19,17,D15,1,D15_P001_UNKNOWN_PAR003,,false,true,false
pending at,2,19,11,D21,15,D21_T014,,false,true,false
chapter 10,2,19,19,D28,1,D28_P001_UNKNOWN_PAR001,,false,true,false
10 regulatory,2,19,19,D28,1,D28_P001_UNKNOWN_PAR001,regulatory,false,true,false
"instruments ,",2,18,17,D01,5,D01_BOX001,,false,true,false
and promoting,2,18,18,D01,5,D01_BOX001,,false,true,false
activity .,2,18,18,D01,18,D01_BOX003,,false,true,false
against this,2,18,18,D01,18,D01_BOX003,,false,true,false
rural and,2,18,15,D01,21,D01_BOX005,,false,true,false
and access,2,18,18,D01,21,D01_BOX005,,false,true,false
reforms .,2,18,18,D01,31,D01_BOX007,,false,true,false
", trade",2,18,17,D01,1,D01_P001_UNKNOWN_PAR002,trade,false,true,false
strong growth,2,18,17,D01,1,D01_P001_UNKNOWN_PAR003,growth,false,true,false
the supply,2,18,18,D01,1,D01_P001_UNKNOWN_PAR003,supply,false,true,false
balance sheets,2,18,18,D01,1,D01_P001_UNKNOWN_PAR005,balance,false,true,false
in place,2,18,18,D01,1,D01_P001_UNKNOWN_PAR006,,false,true,false
exports .,2,18,17,D01,2,D01_P002_SEC_1_1_PAR001,exports,false,true,false
market and,2,18,18,D01,2,D01_P002_SEC_1_1_PAR001,market,false,true,false
5 ),2,18,18,D01,4,D01_P004_SEC_1_5_PAR001,,false,true,false
per the,2,18,18,D01,4,D01_P004_SEC_1_5_PAR001,,false,true,false
surge in,2,18,18,D01,4,D01_P004_SEC_1_5_PAR001,,false,true,false
. among,2,18,18,D01,4,D01_P004_SEC_1_5_PAR001,,false,true,false
contributing to,2,18,18,D01,6,D01_P006_SEC_1_6_PAR007,,false,true,false
"japan ,",2,18,18,D01,7,D01_P007_SEC_1_6_PAR009,,false,true,false
in 2023,2,18,18,D01,8,D01_P008_SEC_1_6_PAR001,,false,true,false
initiatives to,2,18,17,D01,8,D01_P008_SEC_1_6_PAR002,,false,true,false
capable of,2,18,18,D01,8,D01_P008_SEC_1_6_PAR003,,false,true,false
and long-term,2,18,18,D01,8,D01_P008_SEC_1_6_PAR003,,false,true,false
by an,2,18,18,D01,8,D01_P008_SEC_1_7_PAR001,,true,true,false
as it,2,18,18,D01,8,D01_P008_SEC_1_7_PAR001,,true,true,false
1 of,2,18,17,D01,10,D01_P010_SEC_1_9_PAR001,,false,true,false
"credit ,",2,18,18,D01,13,D01_P013_SEC_1_13_PAR001,credit,false,true,false
goods and,2,18,17,D01,13,D01_P013_SEC_1_14_PAR001,,false,true,false
export growth,2,18,18,D01,14,D01_P014_SEC_1_15_PAR001,export;growth,false,true,false
", industrial",2,18,18,D01,16,D01_P016_SEC_1_21_PAR001,,false,true,false
component of,2,18,18,D01,17,D01_P017_SEC_1_23_PAR001,,false,true,false
and related,2,18,16,D01,18,D01_P018_SEC_1_25_PAR001,,false,true,false
given the,2,18,18,D01,18,D01_P018_SEC_1_27_PAR001,,false,true,false
"requirements ,",2,18,18,D01,22,D01_P022_SEC_1_28_PAR004,,false,true,false
to over,2,18,16,D01,23,D01_P023_SEC_1_28_PAR009,,true,true,false
for an,2,18,18,D01,23,D01_P023_SEC_1_28_PAR012,,true,true,false
", reaching",2,18,18,D01,25,D01_P025_SEC_1_30_PAR002,,false,true,false
rose from,2,18,18,D01,25,D01_P025_SEC_1_31_PAR001,,false,true,false
complemented by,2,18,18,D01,26,D01_P026_SEC_1_33_PAR001,,false,true,false
fdi inflows,2,18,17,D01,27,D01_P027_SEC_1_35_PAR001,fdi,false,true,false
"gains ,",2,18,18,D01,28,D01_P028_SEC_1_37_PAR001,,false,true,false
"september 2025 ,",2,18,16,D01,28,D01_P028_SEC_1_38_PAR001,,false,true,false
the international,2,18,17,D01,29,D01_P029_SEC_1_41_PAR001,,false,true,false
inclusive growth,2,18,18,D01,30,D01_P030_SEC_1_41_PAR001,growth,false,true,false
be a,2,18,17,D01,30,D01_P030_SEC_1_42_PAR001,,true,true,false
translate into,2,18,17,D01,30,D01_P030_SEC_1_44_PAR001,,false,true,false
and logistics,2,18,18,D01,31,D01_P031_SEC_1_46_PAR002,,false,true,false
"rates ,",2,18,17,D01,32,D01_P032_SEC_1_46_PAR001,rates,false,true,false
improve the,2,18,18,D01,32,D01_P032_SEC_1_PAR002,,false,true,false
infrastructure investment,2,18,18,D01,32,D01_P032_SEC_1_PAR003,investment,false,true,false
with global,2,18,18,D02,34,D02_BOX017,,false,true,false
quality .,2,18,18,D02,1,D02_P001_UNKNOWN_PAR004,,false,true,false
that have,2,18,18,D02,2,D02_P002_SEC_2_2_PAR001,,true,true,false
towards a,2,18,18,D02,2,D02_P002_UNKNOWN_PAR002,,false,true,false
declined from,2,18,17,D02,3,D02_P003_SEC_2_4_PAR001,,false,true,false
and enhancing,2,18,18,D02,5,D02_P005_SEC_2_8_PAR001,,false,true,false
basis .,2,18,17,D02,7,D02_P007_SEC_2_13_PAR001,,false,true,false
needs of,2,18,18,D02,11,D02_P011_SEC_2_17_PAR001,,false,true,false
business and,2,18,18,D02,11,D02_P011_SEC_2_17_PAR001,,false,true,false
and control,2,18,14,D02,11,D02_P011_SEC_2_18_PAR001,,false,true,false
"entities ,",2,18,17,D02,13,D02_P013_SEC_2_23_PAR001,,false,true,false
to create,2,18,18,D02,14,D02_P014_SEC_2_25_PAR001,,false,true,false
measures to,2,18,18,D02,16,D02_P016_SEC_2_28_PAR001,,false,true,false
and ensuring,2,18,18,D02,17,D02_P017_UNKNOWN_PAR006,,false,true,false
the initiative,2,18,18,D02,17,D02_P017_UNKNOWN_PAR008,,false,true,false
"mission ,",2,18,15,D02,18,D02_P018_SEC_2_29_PAR001,,false,true,false
seeks to,2,18,18,D02,18,D02_P018_UNKNOWN_PAR002,,false,true,false
"hand ,",2,18,17,D02,19,D02_P019_SEC_2_31_PAR001,,false,true,false
permitted to,2,18,18,D02,22,D02_P022_SEC_2_36_PAR001,,false,true,false
state .,2,18,17,D02,29,D02_P029_UNKNOWN_PAR003,,false,true,false
", education",2,18,17,D02,29,D02_P029_UNKNOWN_PAR004,,false,true,false
support .,2,18,18,D02,29,D02_P029_UNKNOWN_PAR005,,false,true,false
a similar,2,18,18,D02,30,D02_P030_UNKNOWN_PAR001,,false,true,false
the programme,2,18,16,D02,30,D02_P030_UNKNOWN_PAR002,,false,true,false
a period,2,18,18,D02,34,D02_P034_UNKNOWN_PAR002,,false,true,false
level of,2,18,16,D02,36,D02_P036_SEC_2_49_PAR001,,false,true,false
scale and,2,18,17,D02,42,D02_P042_SEC_2_56_PAR001,,false,true,false
the adoption,2,18,18,D03,21,D03_BOX003,,false,true,false
policy .,2,18,18,D03,21,D03_BOX003,policy,false,true,false
protection and,2,18,17,D03,42,D03_BOX017,,false,true,false
the ease,2,18,18,D03,60,D03_BOX021,,false,true,false
asset quality,2,18,17,D03,1,D03_P001_UNKNOWN_PAR002,,false,true,false
of 31 december 2025,2,18,18,D03,4,D03_P004_SEC_3_7_PAR001,,false,true,false
and increasing,2,18,18,D03,4,D03_P004_SEC_3_7_PAR001,,false,true,false
", small",2,18,18,D03,7,D03_P007_SEC_3_8_PAR003,,false,true,false
are more,2,18,18,D03,8,D03_P008_UNKNOWN_PAR002,,true,true,false
", were",2,18,16,D03,10,D03_P010_SEC_3_13_PAR001,,false,true,false
credit growth,2,18,13,D03,14,D03_P014_SEC_3_24_PAR001,credit;growth,false,true,false
also been,2,18,18,D03,16,D03_P016_SEC_3_27_PAR001,,true,true,false
to establish,2,18,17,D03,18,D03_P018_SEC_3_33_PAR001,,false,true,false
provision of,2,18,17,D03,22,D03_P022_SEC_3_41_PAR002,,false,true,false
the risk,2,18,17,D03,23,D03_P023_SEC_3_41_PAR002,,false,true,false
of such,2,18,17,D03,26,D03_P026_SEC_3_47_PAR002,,true,true,false
did not,2,18,15,D03,30,D03_P030_SEC_3_50_PAR002,,true,true,false
to align,2,18,18,D03,30,D03_P030_SEC_3_50_PAR002,,false,true,false
of approximately,2,18,18,D03,33,D03_P033_SEC_3_58_PAR001,,false,true,false
"processes ,",2,18,18,D03,34,D03_P034_SEC_3_62_PAR001,,false,true,false
"design ,",2,18,18,D03,34,D03_P034_SEC_3_63_PAR001,,false,true,false
participation of,2,18,18,D03,36,D03_P036_SEC_3_71_PAR001,,false,true,false
and disclosure,2,18,17,D03,37,D03_P037_SEC_3_71_PAR004,,false,true,false
clearing corporations,2,18,17,D03,38,D03_P038_UNKNOWN_PAR003,,false,true,false
treated as,2,18,18,D03,38,D03_P038_UNKNOWN_PAR003,,false,true,false
sebi to,2,18,17,D03,38,D03_P038_UNKNOWN_PAR003,,false,true,false
corporate bonds,2,18,12,D03,41,D03_P041_SEC_3_73_PAR003,bonds,false,true,false
investor education,2,18,18,D03,42,D03_P042_SEC_3_74_PAR002,investor,false,true,false
design and,2,18,18,D03,43,D03_P043_SEC_3_74_PAR007,,false,true,false
to monitor,2,18,17,D03,44,D03_P044_SEC_3_74_PAR001,,false,true,false
and sebi,2,18,17,D03,44,D03_P044_SEC_3_77_PAR001,,false,true,false
funds and,2,18,18,D03,46,D03_P046_SEC_3_83_PAR001,,false,true,false
highlight the,2,18,18,D03,57,D03_P057_SEC_3_99_PAR004,,false,true,false
of ',2,18,16,D03,58,D03_P058_SEC_3_99_PAR004,,false,true,false
the goal,2,18,18,D03,65,D03_P065_UNKNOWN_PAR002,,false,true,false
have a,2,18,17,D04,7,D04_P007_SEC_4_15_PAR001,,true,true,false
as india,2,18,18,D04,10,D04_P010_SEC_4_26_PAR001,,false,true,false
market access,2,18,18,D04,15,D04_P015_SEC_4_40_PAR003,market,false,true,false
a central,2,18,18,D04,50,D04_P050_SEC_4_97_PAR002,,false,true,false
but a,2,18,17,D04,51,D04_P051_SEC_4_97_PAR005,,true,true,false
", productivity",2,18,18,D04,53,D04_P053_SEC_4_99_PAR012,productivity,false,true,false
the manufacturing,2,18,16,D05,14,D05_P014_SEC_5_27_PAR001,,false,true,false
to act,2,18,18,D08,20,D08_BOX007,,false,true,false
available at,2,18,16,D08,20,D08_BOX007,,false,true,false
the said,2,18,17,D10,21,D10_P021_SEC_10_53_PAR001,,false,true,false
of education,2,18,17,D11,9,D11_BOX003,,false,true,false
"work ,",2,18,18,D12,1,D12_P001_SEC_12_1_PAR001,,false,true,false
progress :,2,18,18,D13,1,D13_P001_UNKNOWN_PAR001,,false,true,false
to partnership,2,18,18,D13,1,D13_P001_UNKNOWN_PAR001,,false,true,false
hon'ble supreme,2,18,15,D13,33,D13_P033_SEC_13_86_PAR001,,false,true,false
building strategic,2,18,18,D17,1,D17_P001_UNKNOWN_PAR001,,false,true,false
relating to,2,18,17,D17,8,D17_P008_SEC_16_99_PAR001,,false,true,false
rs 2024 -25,2,18,18,D21,5,D21_T001,,false,true,false
"bse ,",2,18,18,D22,5,D22_P005_SEC_4_1_1_PAR002,,false,true,false
the sat,2,18,13,D22,8,D22_P008_SEC_4_1_3_PAR001,,false,true,false
in sebi,2,18,18,D23,3,D23_P003_SEC_5_1_PAR008,,false,true,false
pit regulations,2,18,15,D28,1,D28_P001_UNKNOWN_PAR007,,false,true,false
"tools ,",2,17,17,D01,5,D01_BOX001,,false,true,false
high-frequency indicators,2,17,15,D01,18,D01_BOX003,,false,true,false
estimates of,2,17,14,D01,18,D01_BOX003,,false,true,false
data .,2,17,16,D01,21,D01_BOX005,,false,true,false
enterprises (,2,17,15,D01,21,D01_BOX005,,false,true,false
"i.e. ,",2,17,17,D01,21,D01_BOX005,,false,true,false
countries .,2,17,17,D01,3,D01_P003_SEC_1_2_PAR002,,false,true,false
"use ,",2,17,17,D01,3,D01_P003_SEC_1_2_PAR002,,false,true,false
effects of,2,17,17,D01,3,D01_P003_SEC_1_2_PAR002,,false,true,false
towards the,2,17,16,D01,3,D01_P003_SEC_1_2_PAR002,,false,true,false
seen in,2,17,16,D01,4,D01_P004_SEC_1_3_PAR001,,false,true,false
security .,2,17,17,D01,6,D01_P006_SEC_1_6_PAR002,,false,true,false
"models ,",2,17,17,D01,6,D01_P006_SEC_1_6_PAR006,,false,true,false
"electronics ,",2,17,17,D01,7,D01_P007_SEC_1_6_PAR009,,false,true,false
and energy,2,17,17,D01,7,D01_P007_SEC_1_6_PAR009,energy,false,true,false
) as,2,17,16,D01,8,D01_P008_SEC_1_6_PAR001,,false,true,false
public infrastructure,2,17,17,D01,8,D01_P008_SEC_1_6_PAR003,,false,true,false
", led",2,17,17,D01,9,D01_P009_SEC_1_8_PAR002,,false,true,false
", transport",2,17,17,D01,9,D01_P009_SEC_1_8_PAR002,,false,true,false
and professional,2,17,17,D01,9,D01_P009_SEC_1_8_PAR002,,false,true,false
and rising,2,17,17,D01,10,D01_P010_SEC_1_9_PAR001,,false,true,false
during fy26,2,17,17,D01,11,D01_P011_SEC_1_10_PAR001,,false,true,false
is likely,2,17,16,D01,11,D01_P011_SEC_1_10_PAR001,,false,true,false
of rural,2,17,15,D01,11,D01_P011_SEC_1_11_PAR001,,false,true,false
the index,2,17,15,D01,13,D01_P013_SEC_1_13_PAR001,,false,true,false
exports of,2,17,13,D01,13,D01_P013_SEC_1_14_PAR001,exports,false,true,false
"average ,",2,17,15,D01,13,D01_P013_SEC_1_14_PAR001,,false,true,false
pre-pandemic period,2,17,17,D01,17,D01_P017_SEC_1_24_PAR001,,false,true,false
. within,2,17,17,D01,18,D01_P018_SEC_1_25_PAR001,,false,true,false
combination of,2,17,17,D01,18,D01_P018_SEC_1_26_PAR001,,false,true,false
are the,2,17,16,D01,19,D01_P019_UNKNOWN_PAR001,,true,true,false
practices .,2,17,17,D01,22,D01_P022_SEC_1_28_PAR001,,false,true,false
system is,2,17,17,D01,22,D01_P022_SEC_1_28_PAR003,,false,true,false
labour force,2,17,14,D01,22,D01_P022_SEC_1_28_PAR003,,false,true,false
are now,2,17,17,D01,22,D01_P022_SEC_1_28_PAR006,,false,true,false
some of,2,17,16,D01,22,D01_P022_SEC_1_28_PAR010,,true,true,false
these reforms,2,17,16,D01,23,D01_P023_SEC_1_28_PAR013,,false,true,false
"interventions ,",2,17,17,D01,24,D01_P024_SEC_1_29_PAR001,,false,true,false
"volatility ,",2,17,16,D01,24,D01_P024_SEC_1_30_PAR001,,false,true,false
fy25 (,2,17,15,D01,25,D01_P025_SEC_1_31_PAR001,,false,true,false
from about,2,17,13,D01,25,D01_P025_SEC_1_31_PAR001,,true,true,false
have become,2,17,17,D01,27,D01_P027_SEC_1_34_PAR001,,false,true,false
flow of,2,17,15,D01,27,D01_P027_SEC_1_34_PAR001,,false,true,false
"resources ,",2,17,17,D01,27,D01_P027_SEC_1_34_PAR001,,false,true,false
uncertainty and,2,17,17,D01,28,D01_P028_SEC_1_36_PAR001,,false,true,false
which was,2,17,16,D01,28,D01_P028_SEC_1_36_PAR001,,true,true,false
integration into,2,17,17,D01,28,D01_P028_SEC_1_37_PAR001,,false,true,false
and targeted,2,17,17,D01,28,D01_P028_SEC_1_39_PAR001,,false,true,false
a broader,2,17,17,D01,29,D01_P029_SEC_1_40_PAR001,,false,true,false
"safety ,",2,17,17,D01,29,D01_P029_SEC_1_40_PAR001,,false,true,false
. complementing,2,17,17,D01,29,D01_P029_SEC_1_40_PAR001,,false,true,false
", sustained",2,17,17,D01,30,D01_P030_SEC_1_41_PAR001,,false,true,false
firms and,2,17,16,D01,30,D01_P030_SEC_1_42_PAR001,,false,true,false
to become,2,17,17,D01,30,D01_P030_SEC_1_43_PAR001,,false,true,false
external shocks,2,17,17,D01,31,D01_P031_SEC_1_45_PAR002,,false,true,false
the establishment,2,17,17,D01,31,D01_P031_SEC_1_46_PAR002,,false,true,false
of various,2,17,17,D01,31,D01_P031_SEC_1_46_PAR002,,false,true,false
shift toward,2,17,17,D01,31,D01_P031_SEC_1_46_PAR002,,false,true,false
", labour",2,17,17,D01,32,D01_P032_SEC_1_46_PAR004,,false,true,false
the recent,2,17,16,D01,32,D01_P032_SEC_1_PAR002,,false,true,false
and inclusive,2,17,17,D01,35,D01_P035_SEC_3_PAR003,,false,true,false
growth (,2,17,13,D01,12,D01_T004,growth,false,true,false
of data,2,17,14,D02,5,D02_BOX001,,false,true,false
them to,2,17,17,D02,5,D02_BOX001,,false,true,false
efficiency .,2,17,17,D02,16,D02_BOX007,,false,true,false
capacity of,2,17,17,D02,2,D02_P002_SEC_2_2_PAR001,,false,true,false
"that ,",2,17,17,D02,2,D02_P002_UNKNOWN_PAR002,,false,true,false
note :,2,17,17,D02,5,D02_P005_UNKNOWN_PAR001,,false,true,false
played a,2,17,17,D02,7,D02_P007_SEC_2_14_PAR001,,false,true,false
"approach ,",2,17,17,D02,11,D02_P011_UNKNOWN_PAR001,,false,true,false
companies act,2,17,12,D02,13,D02_P013_SEC_2_23_PAR001,,false,true,false
technology and,2,17,17,D02,13,D02_P013_SEC_2_23_PAR001,,false,true,false
an issue,2,17,15,D02,15,D02_P015_SEC_2_26_PAR001,,false,true,false
"2023 ,",2,17,16,D02,17,D02_P017_UNKNOWN_PAR003,,false,true,false
", state",2,17,17,D02,17,D02_P017_UNKNOWN_PAR003,,false,true,false
the pm,2,17,17,D02,18,D02_P018_UNKNOWN_PAR002,,false,true,false
and above,2,17,15,D02,22,D02_P022_SEC_2_35_PAR001,,true,true,false
", whereas",2,17,17,D02,23,D02_P023_UNKNOWN_PAR001,,false,true,false
a cagr,2,17,12,D02,24,D02_P024_SEC_2_39_PAR001,,false,true,false
) ;,2,17,13,D02,26,D02_P026_SEC_2_40_PAR002,,false,false,false
a notable,2,17,17,D02,27,D02_P027_SEC_2_41_PAR001,,false,true,false
", so",2,17,16,D02,30,D02_P030_UNKNOWN_PAR003,,false,true,false
has a,2,17,17,D02,35,D02_P035_SEC_2_47_PAR001,,true,true,false
trajectory .,2,17,17,D02,37,D02_P037_SEC_2_51_PAR001,,false,true,false
this can,2,17,17,D02,37,D02_P037_UNKNOWN_PAR001,,true,true,false
and ',2,17,15,D02,39,D02_P039_UNKNOWN_PAR002,,false,true,false
source :,2,17,16,D02,41,D02_P041_SEC_2_56_PAR003,,false,true,false
critical role,2,17,17,D02,42,D02_P042_SEC_2_56_PAR001,,false,true,false
turnover (,2,17,15,D02,12,D02_T003,,false,true,false
", insurance",2,17,17,D03,21,D03_BOX003,,false,true,false
"livelihoods ,",2,17,15,D03,27,D03_BOX009,,false,true,false
of market,2,17,17,D03,36,D03_BOX013,market,false,true,false
protection .,2,17,17,D03,42,D03_BOX017,,false,true,false
in indian,2,17,17,D03,60,D03_BOX021,,false,true,false
of finance,2,17,16,D03,64,D03_BOX023,finance,false,true,false
equity markets,2,17,15,D03,1,D03_P001_UNKNOWN_PAR003,equity;markets,false,true,false
has become,2,17,17,D03,2,D03_P002_SEC_3_2_PAR001,,false,true,false
and how,2,17,16,D03,4,D03_P004_SEC_3_8_PAR001,,true,true,false
a wide,2,17,17,D03,5,D03_P005_SEC_3_8_PAR003,,false,true,false
2024 ),2,17,14,D03,6,D03_P006_SEC_3_8_PAR008,,false,true,false
iii ),2,17,16,D03,7,D03_P007_SEC_3_8_PAR005,,false,true,false
. notably,2,17,17,D03,10,D03_P010_SEC_3_13_PAR001,,false,true,false
gap between,2,17,17,D03,12,D03_P012_SEC_3_19_PAR001,,false,true,false
"transformation ,",2,17,17,D03,12,D03_P012_SEC_3_19_PAR001,,false,true,false
"farmers ,",2,17,17,D03,18,D03_P018_SEC_3_32_PAR001,,false,true,false
groups .,2,17,17,D03,18,D03_P018_SEC_3_32_PAR001,,false,true,false
been sanctioned,2,17,16,D03,20,D03_P020_SEC_3_38_PAR001,,false,true,false
goal of,2,17,16,D03,22,D03_P022_SEC_3_41_PAR004,,false,true,false
. other,2,17,13,D03,24,D03_P024_SEC_3_45_PAR001,,false,true,false
these include,2,17,17,D03,25,D03_P025_SEC_3_47_PAR005,,false,true,false
of women,2,17,15,D03,25,D03_P025_SEC_3_47_PAR005,,false,true,false
", focusing",2,17,17,D03,26,D03_P026_SEC_3_47_PAR003,,false,true,false
. building,2,17,17,D03,27,D03_P027_SEC_3_49_PAR001,,false,true,false
segments .,2,17,17,D03,27,D03_P027_SEC_3_49_PAR001,,false,true,false
opportunities for,2,17,17,D03,28,D03_P028_SEC_3_49_PAR004,,false,true,false
"adoption ,",2,17,17,D03,28,D03_P028_SEC_3_49_PAR004,,false,true,false
and quality,2,17,17,D03,31,D03_P031_SEC_3_51_PAR001,,false,true,false
"policies ,",2,17,17,D03,34,D03_P034_SEC_3_64_PAR001,,false,true,false
sebi check,2,17,14,D03,42,D03_P042_SEC_3_74_PAR002,,false,true,false
digital platforms,2,17,16,D03,42,D03_P042_SEC_3_74_PAR002,,false,true,false
sebi introduced,2,17,17,D03,43,D03_P043_SEC_3_74_PAR003,,false,true,false
the requirement,2,17,15,D03,43,D03_P043_SEC_3_74_PAR005,,false,true,false
provided to,2,17,17,D03,43,D03_P043_SEC_3_74_PAR005,,false,true,false
securities .,2,17,14,D03,46,D03_P046_SEC_3_83_PAR001,securities,false,true,false
majority of,2,17,17,D03,47,D03_P047_SEC_3_85_PAR004,,false,true,false
the social,2,17,17,D03,56,D03_P056_SEC_3_99_PAR004,,false,true,false
and ensure,2,17,17,D03,56,D03_P056_SEC_3_99_PAR004,,false,true,false
workforce .,2,17,16,D03,56,D03_P056_SEC_3_99_PAR004,,false,true,false
creates a,2,17,17,D03,61,D03_P061_SEC_3_99_PAR003,,false,true,false
has the,2,17,17,D04,12,D04_P012_SEC_4_31_PAR001,,true,true,false
to streamline,2,17,17,D04,38,D04_P038_SEC_4_80_PAR006,,false,true,false
"housing ,",2,17,17,D05,12,D05_P012_SEC_5_21_PAR001,,false,true,false
the stock,2,17,16,D05,20,D05_P020_SEC_5_37_PAR001,,false,true,false
others .,2,17,17,D06,11,D06_P011_SEC_6_16_PAR006,,false,true,false
sale of,2,17,12,D06,29,D06_P029_SEC_6_52_PAR001,,false,true,false
from stability,2,17,17,D07,1,D07_P001_UNKNOWN_PAR001,stability,false,true,false
new frontiers,2,17,17,D07,1,D07_P001_UNKNOWN_PAR001,,false,true,false
c ),2,17,16,D07,18,D07_P018_SEC_7_24_PAR001,,false,true,false
"mobility ,",2,17,17,D07,20,D07_P020_SEC_7_29_PAR001,,false,true,false
pm gatishakti,2,17,14,D08,1,D08_P001_UNKNOWN_PAR003,,false,true,false
education .,2,17,17,D11,9,D11_BOX003,,false,true,false
work .,2,17,17,D12,17,D12_BOX005,,false,true,false
from participatiom,2,17,17,D13,3,D13_P003_SEC_13_6_PAR001,,false,true,false
participatiom to,2,17,17,D13,3,D13_P003_SEC_13_6_PAR001,,false,true,false
inter alia,2,17,17,D13,22,D13_P022_SEC_13_61_PAR001,,false,true,false
investor interests,2,17,17,D21,2,D21_BOX001,investor,false,true,false
-25 2025-26,2,17,17,D21,5,D21_T001,,false,true,false
1 1,2,17,11,D21,17,D21_T017,,false,true,true
cash segment,2,17,14,D22,2,D22_BOX001,,false,true,false
0 1,2,17,9,D22,7,D22_T007,,false,true,false
insider trading,2,17,13,D28,2,D28_P002_SEC_10_1_1_PAR004,,false,true,false
ld .,2,17,12,D28,19,D28_P019_UNKNOWN_PAR016,,false,true,false
"competition ,",2,16,15,D01,5,D01_BOX001,,false,true,false
the data,2,16,16,D01,21,D01_BOX005,,false,true,false
reforms in,2,16,16,D01,31,D01_BOX007,,false,true,false
exports and,2,16,16,D01,1,D01_P001_UNKNOWN_PAR005,exports,false,true,false
"ahead ,",2,16,16,D01,1,D01_P001_UNKNOWN_PAR006,,false,true,false
inflation in,2,16,13,D01,2,D01_P002_SEC_1_1_PAR001,inflation,false,true,false
which have,2,16,16,D01,2,D01_P002_SEC_1_1_PAR001,,true,true,false
"october 2025 ,",2,16,15,D01,2,D01_P002_SEC_1_1_PAR001,,false,true,false
basis points,2,16,10,D01,2,D01_P002_SEC_1_1_PAR001,,false,true,false
growth has,2,16,16,D01,3,D01_P003_SEC_1_2_PAR002,growth,false,true,false
merchandise exports,2,16,13,D01,3,D01_P003_SEC_1_2_PAR002,exports,false,true,false
this has,2,16,16,D01,3,D01_P003_SEC_1_3_PAR001,,true,true,false
4 ),2,16,16,D01,4,D01_P004_SEC_1_3_PAR001,,false,true,false
"us ,",2,16,16,D01,4,D01_P004_SEC_1_3_PAR001,,false,true,false
", who",2,16,13,D01,7,D01_P007_SEC_1_6_PAR006,,false,true,false
. some,2,16,16,D01,7,D01_P007_SEC_1_6_PAR007,,false,true,false
effectiveness of,2,16,15,D01,8,D01_P008_SEC_1_6_PAR003,,false,true,false
estimates for,2,16,15,D01,8,D01_P008_SEC_1_7_PAR001,,false,true,false
in capital,2,16,16,D01,9,D01_P009_SEC_1_8_PAR002,capital,false,true,false
last year,2,16,16,D01,11,D01_P011_SEC_1_11_PAR001,,false,true,false
data for,2,16,16,D01,14,D01_P014_SEC_1_15_PAR001,,false,true,false
"respectively ,",2,16,16,D01,14,D01_P014_SEC_1_15_PAR001,,false,true,false
this trend,2,16,16,D01,14,D01_P014_SEC_1_17_PAR001,,false,true,false
of agricultural,2,16,13,D01,14,D01_P014_SEC_1_17_PAR001,,false,true,false
has not,2,16,16,D01,14,D01_P014_SEC_1_17_PAR001,,true,true,false
contribution to,2,16,14,D01,15,D01_P015_SEC_1_18_PAR001,,false,true,false
", lower",2,16,16,D01,16,D01_P016_SEC_1_20_PAR001,,false,true,false
indicating a,2,16,15,D01,17,D01_P017_SEC_1_23_PAR001,,false,true,false
away from,2,16,16,D01,18,D01_P018_SEC_1_25_PAR001,,false,true,false
presented in,2,16,16,D01,18,D01_P018_SEC_1_27_PAR001,,false,true,false
the information,2,16,15,D01,19,D01_P019_SEC_1_27_PAR002,,false,true,false
the model,2,16,15,D01,19,D01_P019_UNKNOWN_PAR003,,false,true,false
3 .,2,16,16,D01,21,D01_P021_SEC_1_28_PAR001,,false,true,false
in parallel,2,16,16,D01,22,D01_P022_SEC_1_28_PAR007,,false,true,false
using the,2,16,16,D01,23,D01_P023_SEC_1_28_PAR003,,false,true,false
standards .,2,16,16,D01,23,D01_P023_SEC_1_28_PAR010,,false,true,false
"strategy ,",2,16,16,D01,24,D01_P024_SEC_1_30_PAR001,,false,true,false
gold and,2,16,13,D01,24,D01_P024_SEC_6_7_PAR002,,false,true,false
. recent,2,16,16,D01,25,D01_P025_SEC_1_30_PAR002,,false,true,false
"government ,",2,16,16,D01,25,D01_P025_SEC_1_31_PAR001,,false,true,false
' .,2,16,16,D01,26,D01_P026_SEC_1_32_PAR001,,false,false,false
these trends,2,16,16,D01,27,D01_P027_SEC_1_34_PAR001,,false,true,false
been a,2,16,16,D01,27,D01_P027_SEC_1_34_PAR001,,true,true,false
's total,2,16,15,D01,27,D01_P027_SEC_1_35_PAR001,,false,true,false
the capital,2,16,16,D01,27,D01_P027_SEC_1_36_PAR001,capital,false,true,false
there was,2,16,16,D01,28,D01_P028_SEC_1_36_PAR001,,true,true,false
external debt,2,16,13,D01,28,D01_P028_SEC_1_38_PAR001,debt,false,true,false
. therefore,2,16,15,D01,28,D01_P028_SEC_1_38_PAR001,,false,true,false
of regulatory,2,16,15,D01,28,D01_P028_SEC_1_39_PAR001,regulatory,false,true,false
initiatives .,2,16,16,D01,29,D01_P029_SEC_1_39_PAR002,,false,true,false
levels .,2,16,16,D01,29,D01_P029_SEC_1_41_PAR001,,false,true,false
in key,2,16,16,D01,30,D01_P030_SEC_1_44_PAR001,,false,true,false
support the,2,16,16,D01,31,D01_P031_SEC_1_45_PAR002,,false,true,false
is one,2,16,16,D01,31,D01_P031_SEC_1_46_PAR001,,true,true,false
digital infrastructure,2,16,15,D01,31,D01_P031_SEC_1_46_PAR002,,false,true,false
"30 ,",2,16,16,D01,31,D01_P031_SEC_1_46_PAR003,,false,true,false
of about,2,16,16,D01,32,D01_P032_SEC_1_PAR001,,true,true,false
- fy20,2,16,15,D01,32,D01_P032_SEC_1_PAR001,,false,true,false
and enable,2,16,16,D02,5,D02_BOX001,,false,true,false
"operations ,",2,16,16,D02,15,D02_BOX005,,false,true,false
. evidence,2,16,16,D02,22,D02_BOX011,,false,true,false
of states,2,16,13,D02,28,D02_BOX015,,false,true,false
madhya pradesh,2,16,16,D02,28,D02_BOX015,,false,true,false
the future,2,16,16,D02,34,D02_BOX017,,false,true,false
rating agencies,2,16,13,D02,34,D02_BOX017,,false,true,false
general government,2,16,10,D02,39,D02_BOX019,,false,true,false
stability and,2,16,16,D02,1,D02_P001_UNKNOWN_PAR002,stability,false,true,false
and sustained,2,16,16,D02,2,D02_P002_SEC_2_2_PAR001,,false,true,false
while also,2,16,16,D02,2,D02_P002_SEC_2_2_PAR001,,true,true,false
"2020 ,",2,16,15,D02,2,D02_P002_UNKNOWN_PAR002,,false,true,false
shifts in,2,16,16,D02,4,D02_P004_SEC_2_6_PAR001,,false,true,false
in 2021,2,16,16,D02,6,D02_P006_SEC_2_10_PAR002,,false,true,false
", during",2,16,16,D02,7,D02_P007_SEC_2_13_PAR001,,false,true,false
domestic production,2,16,16,D02,10,D02_P010_UNKNOWN_PAR008,,false,true,false
", under",2,16,16,D02,11,D02_P011_SEC_2_18_PAR001,,false,true,false
this transition,2,16,16,D02,11,D02_P011_SEC_2_18_PAR001,,false,true,false
in view,2,16,16,D02,11,D02_P011_UNKNOWN_PAR001,,false,true,false
was introduced,2,16,15,D02,16,D02_P016_SEC_2_26_PAR001,,false,true,false
the power,2,16,16,D02,16,D02_P016_SEC_2_26_PAR001,,false,true,false
intended to,2,16,16,D02,23,D02_P023_UNKNOWN_PAR001,,false,true,false
their own,2,16,15,D02,24,D02_P024_SEC_2_39_PAR001,,false,true,false
especially in,2,16,16,D02,27,D02_P027_SEC_2_41_PAR001,,false,true,false
that while,2,16,16,D02,29,D02_P029_UNKNOWN_PAR004,,true,true,false
", food",2,16,14,D02,29,D02_P029_UNKNOWN_PAR004,,false,true,false
show that,2,16,16,D02,30,D02_P030_UNKNOWN_PAR002,,false,true,false
and for,2,16,16,D02,32,D02_P032_SEC_2_43_PAR003,,true,true,false
global environment,2,16,16,D02,33,D02_P033_UNKNOWN_PAR001,,false,true,false
institutional investors,2,16,16,D02,35,D02_P035_SEC_2_47_PAR001,investors,false,true,false
secondary market,2,16,14,D02,36,D02_P036_SEC_2_50_PAR001,market,false,true,false
"debt ,",2,16,16,D02,37,D02_P037_SEC_2_51_PAR001,debt,false,true,false
private capital,2,16,15,D02,38,D02_P038_SEC_2_53_PAR001,capital,false,true,false
it .,2,16,16,D02,40,D02_P040_UNKNOWN_PAR001,,false,true,false
", japan",2,16,16,D02,41,D02_P041_SEC_2_56_PAR002,,false,true,false
levels of,2,16,16,D02,42,D02_P042_SEC_2_57_PAR001,,false,true,false
a crucial,2,16,16,D03,24,D03_BOX007,,false,true,false
"depth ,",2,16,16,D03,46,D03_BOX019,,false,true,false
niti aayog,2,16,15,D03,46,D03_BOX019,,false,true,false
insurance companies,2,16,15,D03,60,D03_BOX021,,false,true,false
transformation .,2,16,16,D03,64,D03_BOX023,,false,true,false
more resilient,2,16,16,D03,1,D03_P001_UNKNOWN_PAR005,,false,true,false
and domestic,2,16,16,D03,2,D03_P002_SEC_3_1_PAR001,,false,true,false
investors to,2,16,15,D03,3,D03_P003_SEC_3_5_PAR001,investors,false,true,false
", 2013",2,16,16,D03,3,D03_P003_SEC_3_6_PAR001,,false,true,false
"3 ,",2,16,15,D03,4,D03_P004_SEC_3_6_PAR001,,false,true,false
firms .,2,16,16,D03,7,D03_P007_SEC_3_8_PAR007,,false,true,false
the absence,2,16,16,D03,8,D03_P008_UNKNOWN_PAR001,,false,true,false
absence of,2,16,16,D03,8,D03_P008_UNKNOWN_PAR001,,false,true,false
institutions (,2,16,16,D03,12,D03_P012_SEC_3_19_PAR001,,false,true,false
regulated entities,2,16,13,D03,20,D03_P020_SEC_3_39_PAR001,,false,true,false
issued by,2,16,15,D03,20,D03_P020_SEC_3_39_PAR001,,false,true,false
a structured,2,16,16,D03,23,D03_P023_SEC_3_41_PAR003,,false,true,false
", support",2,16,15,D03,25,D03_P025_SEC_3_47_PAR004,,false,true,false
"segments ,",2,16,15,D03,26,D03_P026_SEC_3_47_PAR003,,false,true,false
align with,2,16,16,D03,26,D03_P026_SEC_3_47_PAR006,,false,true,false
will require,2,16,16,D03,26,D03_P026_SEC_3_47_PAR006,,false,true,false
( 2024,2,16,13,D03,30,D03_P030_SEC_3_50_PAR001,,false,true,false
by enabling,2,16,16,D03,30,D03_P030_SEC_3_50_PAR001,,false,true,false
"reliability ,",2,16,16,D03,30,D03_P030_SEC_3_50_PAR006,,false,true,false
"challenges ,",2,16,16,D03,34,D03_P034_SEC_3_63_PAR001,,false,true,false
public and,2,16,16,D03,38,D03_P038_UNKNOWN_PAR002,,false,true,false
of investor,2,16,16,D03,42,D03_P042_SEC_3_74_PAR002,investor,false,true,false
financial literacy,2,16,15,D03,42,D03_P042_SEC_3_74_PAR002,financial,false,true,false
is in,2,16,16,D03,43,D03_P043_SEC_3_74_PAR007,,true,true,false
"norms ,",2,16,15,D03,43,D03_P043_SEC_3_74_PAR007,,false,true,false
such a,2,16,16,D03,44,D03_P044_SEC_3_75_PAR001,,true,true,false
of critical,2,16,13,D03,44,D03_P044_SEC_3_75_PAR001,,false,true,false
"incentives ,",2,16,16,D03,45,D03_P045_SEC_3_80_PAR001,,false,true,false
by 2030,2,16,14,D03,46,D03_P046_SEC_3_84_PAR001,,false,true,false
up the,2,16,15,D03,48,D03_P048_SEC_3_85_PAR004,,true,true,false
"d ,",2,16,16,D03,49,D03_P049_SEC_3_85_PAR005,,false,true,false
even when,2,16,16,D03,57,D03_P057_SEC_3_99_PAR002,,false,true,false
"networks ,",2,16,13,D03,57,D03_P057_SEC_3_99_PAR005,,false,true,false
funds .,2,16,13,D03,65,D03_P065_UNKNOWN_PAR008,,false,true,false
with their,2,16,15,D04,39,D04_BOX007,,true,true,false
the nature,2,16,16,D04,3,D04_P003_SEC_4_8_PAR001,,false,true,false
food and,2,16,16,D04,12,D04_P012_SEC_4_31_PAR001,,false,true,false
2025 :,2,16,14,D04,15,D04_P015_SEC_4_40_PAR003,,false,true,false
able to,2,16,13,D04,19,D04_P019_SEC_4_44_PAR003,,false,true,false
india and,2,16,16,D04,20,D04_P020_SEC_4_46_PAR001,,false,true,false
. what,2,16,15,D04,24,D04_P024_UNKNOWN_PAR001,,false,true,false
enable the,2,16,16,D04,25,D04_P025_SEC_4_53_PAR001,,false,true,false
", employment",2,16,15,D04,36,D04_P036_SEC_4_80_PAR003,employment,false,true,false
: (,2,16,14,D04,40,D04_P040_SEC_4_81_PAR002,,false,false,false
global supply,2,16,16,D04,50,D04_P050_SEC_4_97_PAR002,supply,false,true,false
. another,2,16,16,D04,56,D04_P056_UNKNOWN_PAR001,,false,true,false
and share,2,16,16,D05,15,D05_P015_SEC_5_28_PAR001,,false,true,false
the urban,2,16,16,D05,15,D05_P015_SEC_5_30_PAR001,,false,true,false
( 2,2,16,14,D06,13,D06_BOX005,,false,true,false
food managmement,2,16,16,D06,3,D06_P003_SEC_6_4_PAR001,,false,true,false
) 2024-25,2,16,16,D06,4,D06_P004_SEC_6_8_PAR001,,false,true,false
and water,2,16,14,D06,9,D06_P009_SEC_6_14_PAR001,,false,true,false
a national,2,16,15,D06,12,D06_P012_SEC_6_19_PAR001,,false,true,false
infrastructure development,2,16,16,D06,21,D06_P021_SEC_6_32_PAR001,,false,true,false
chart vii.,2,16,11,D07,3,D07_P003_SEC_7_6_PAR002,,false,true,false
to work,2,16,15,D07,15,D07_P015_SEC_7_21_PAR002,,false,true,false
institute of,2,16,14,D08,23,D08_P023_SEC_8_46_PAR003,,false,true,false
protection of,2,16,16,D08,36,D08_P036_SEC_8_65_PAR001,,false,true,false
funds (,2,16,11,D09,5,D09_P005_SEC_9_15_PAR001,,false,true,false
", 2019",2,16,13,D12,20,D12_P020_SEC_12_30_PAR001,,false,true,false
. regulatory,2,16,15,D14,10,D14_P010_SEC_14_22_PAR001,regulatory,false,true,false
that sebi,2,16,13,D21,16,D21_P016_SEC_3_4_1_PAR001,,false,true,false
commodity derivatives,2,16,16,D22,17,D22_BOX005,,false,true,false
nse and,2,16,16,D22,7,D22_P007_SEC_4_1_3_PAR001,,false,true,false
of entities,2,16,10,D22,13,D22_P013_SEC_4_3_1_PAR002,,false,true,false
notional turnover,2,16,10,D22,13,D22_P013_SEC_4_3_2_PAR004,,false,true,false
miis and,2,16,16,D22,39,D22_P039_SEC_4_8_3_PAR002,,false,true,false
court .,2,16,14,D28,8,D28_P008_SEC_10_1_4_PAR002,,false,true,false
. sat,2,16,12,D28,15,D28_P015_SEC_10_2_2_PAR005,,false,true,false
cases filed,2,16,8,D28,19,D28_P019_UNKNOWN_PAR006,,false,true,false
hon'ble court,2,16,14,D28,21,D28_P021_UNKNOWN_PAR009,,false,true,false
4 (,2,16,8,D28,26,D28_P026_UNKNOWN_PAR007,,false,true,false
the covid,2,15,14,D01,18,D01_BOX003,,false,true,false
this backdrop,2,15,15,D01,18,D01_BOX003,,false,true,false
"generation ,",2,15,15,D01,21,D01_BOX005,,false,true,false
and data,2,15,15,D01,21,D01_BOX005,,false,true,false
survey of,2,15,14,D01,21,D01_BOX005,,false,true,false
"incomes ,",2,15,14,D01,21,D01_BOX005,,false,true,false
at around,2,15,14,D01,31,D01_BOX007,,false,true,false
across major,2,15,15,D01,1,D01_P001_UNKNOWN_PAR002,,false,true,false
"backdrop ,",2,15,15,D01,1,D01_P001_UNKNOWN_PAR003,,false,true,false
has strengthened,2,15,15,D01,1,D01_P001_UNKNOWN_PAR003,,false,true,false
demand and,2,15,15,D01,1,D01_P001_UNKNOWN_PAR004,demand,false,true,false
and labour,2,15,14,D01,1,D01_P001_UNKNOWN_PAR005,,false,true,false
sector remains,2,15,15,D01,1,D01_P001_UNKNOWN_PAR005,sector,false,true,false
macroeconomic stability,2,15,15,D01,1,D01_P001_UNKNOWN_PAR006,macroeconomic;stability,false,true,false
was the,2,15,15,D01,2,D01_P002_SEC_1_1_PAR001,,true,true,false
announced in,2,15,13,D01,2,D01_P002_SEC_1_1_PAR001,,false,true,false
and higher,2,15,15,D01,2,D01_P002_SEC_1_1_PAR001,,false,true,false
in some,2,15,15,D01,2,D01_P002_SEC_1_1_PAR001,,true,true,false
developing economies,2,15,14,D01,2,D01_P002_SEC_1_1_PAR001,,false,true,false
by strong,2,15,14,D01,2,D01_P002_SEC_1_1_PAR001,,false,true,false
for capital,2,15,14,D01,3,D01_P003_SEC_1_3_PAR001,capital,false,true,false
used to,2,15,15,D01,4,D01_P004_SEC_1_3_PAR001,,false,true,false
costs for,2,15,15,D01,4,D01_P004_SEC_1_3_PAR001,,false,true,false
direct investment,2,15,13,D01,4,D01_P004_SEC_1_5_PAR001,investment,false,true,false
6 ),2,15,15,D01,4,D01_P004_SEC_1_5_PAR001,,false,true,false
and supply,2,15,15,D01,5,D01_P005_SEC_1_6_PAR001,supply,false,true,false
strategy .,2,15,15,D01,5,D01_P005_SEC_1_6_PAR001,,false,true,false
energy and,2,15,15,D01,6,D01_P006_SEC_1_6_PAR002,energy,false,true,false
and technological,2,15,15,D01,7,D01_P007_SEC_1_6_PAR004,,false,true,false
the process,2,15,15,D01,7,D01_P007_SEC_1_6_PAR006,,false,true,false
", china",2,15,15,D01,7,D01_P007_SEC_1_6_PAR009,,false,true,false
"china ,",2,15,15,D01,8,D01_P008_SEC_1_6_PAR001,,false,true,false
"currently ,",2,15,15,D01,8,D01_P008_SEC_1_6_PAR002,,false,true,false
networks .,2,15,15,D01,8,D01_P008_SEC_1_6_PAR003,,false,true,false
digital public,2,15,15,D01,8,D01_P008_SEC_1_6_PAR003,,false,true,false
"insurance ,",2,15,15,D01,8,D01_P008_SEC_1_6_PAR003,,false,true,false
for fy26,2,15,15,D01,8,D01_P008_SEC_1_7_PAR001,,false,true,false
expenditure (,2,15,13,D01,10,D01_P010_SEC_1_9_PAR001,expenditure,false,true,false
"consumption ,",2,15,14,D01,10,D01_P010_SEC_1_9_PAR001,consumption,false,true,false
of gst,2,15,15,D01,11,D01_P011_SEC_1_11_PAR001,gst,false,true,false
this momentum,2,15,14,D01,12,D01_P012_SEC_1_12_PAR001,,false,true,false
reflects the,2,15,15,D01,14,D01_P014_SEC_1_17_PAR001,,false,true,false
indicating that,2,15,15,D01,15,D01_P015_SEC_1_19_PAR001,,false,true,false
"momentum ,",2,15,15,D01,15,D01_P015_SEC_1_19_PAR001,,false,true,false
developments in,2,15,15,D01,16,D01_P016_SEC_1_20_PAR001,,false,true,false
fy25 and,2,15,14,D01,16,D01_P016_SEC_1_20_PAR001,,false,true,false
and trends,2,15,15,D01,18,D01_P018_SEC_1_26_PAR001,,false,true,false
"activity ,",2,15,15,D01,18,D01_P018_SEC_1_26_PAR001,,false,true,false
has emerged,2,15,15,D01,18,D01_P018_SEC_1_26_PAR001,,false,true,false
a combination,2,15,15,D01,18,D01_P018_SEC_1_26_PAR001,,false,true,false
the availability,2,15,14,D01,18,D01_P018_SEC_1_27_PAR001,,false,true,false
the increasing,2,15,15,D01,21,D01_P021_SEC_1_28_PAR001,,false,true,false
", transparency",2,15,15,D01,23,D01_P023_SEC_1_28_PAR012,,false,true,false
november 2025 .,2,15,15,D01,25,D01_P025_SEC_1_30_PAR002,,false,true,false
trends observed,2,15,15,D01,25,D01_P025_SEC_1_31_PAR001,,false,true,false
of november 2025,2,15,15,D01,25,D01_P025_SEC_1_31_PAR001,,false,true,false
trade deficit,2,15,13,D01,27,D01_P027_SEC_1_35_PAR001,deficit;trade,false,true,false
this period,2,15,15,D01,28,D01_P028_SEC_1_36_PAR001,,false,true,false
foreign portfolio,2,15,15,D01,28,D01_P028_SEC_1_36_PAR001,foreign,false,true,false
and new,2,15,15,D01,28,D01_P028_SEC_1_38_PAR001,,false,true,false
the workforce,2,15,15,D01,29,D01_P029_SEC_1_40_PAR001,,false,true,false
"importantly ,",2,15,15,D01,29,D01_P029_SEC_1_40_PAR001,,false,true,false
step towards,2,15,15,D01,29,D01_P029_SEC_1_40_PAR001,,false,true,false
per day,2,15,14,D01,29,D01_P029_SEC_1_41_PAR001,,false,true,false
growth is,2,15,15,D01,30,D01_P030_SEC_1_43_PAR001,growth,false,true,false
if the,2,15,14,D01,30,D01_P030_SEC_1_43_PAR001,,true,true,false
quality and,2,15,15,D01,33,D01_P033_SEC_1_PAR007,,false,true,false
to move,2,15,15,D01,33,D01_P033_SEC_3_PAR002,,false,true,false
scaling up,2,15,15,D01,34,D01_P034_SEC_3_PAR001,,false,true,false
. 2025,2,15,11,D02,8,D02_BOX003,,false,true,false
centre 's,2,15,15,D02,16,D02_BOX007,,false,true,false
. states,2,15,15,D02,22,D02_BOX011,,false,true,false
fy22 to,2,15,15,D02,26,D02_BOX013,,false,true,false
future .,2,15,13,D02,34,D02_BOX017,,false,true,false
made in,2,15,12,D02,34,D02_BOX017,,false,true,false
interest rate,2,15,11,D02,39,D02_BOX019,rate,false,true,false
of uncertainty,2,15,13,D02,3,D02_P003_SEC_2_3_PAR001,,false,true,false
", provides",2,15,15,D02,4,D02_P004_SEC_2_5_PAR001,,false,true,false
resulted in,2,15,15,D02,5,D02_P005_SEC_2_8_PAR002,,false,true,false
of listed,2,15,11,D02,6,D02_P006_SEC_2_9_PAR001,,false,true,false
introduced in,2,15,14,D02,9,D02_P009_UNKNOWN_PAR001,,false,true,false
transaction costs,2,15,15,D02,10,D02_P010_UNKNOWN_PAR007,,false,true,false
the introduction,2,15,15,D02,11,D02_P011_SEC_2_17_PAR001,,false,true,false
support to,2,15,15,D02,12,D02_P012_SEC_2_19_PAR001,,false,true,false
management of,2,15,15,D02,12,D02_P012_SEC_2_20_PAR001,,false,true,false
to undertake,2,15,15,D02,13,D02_P013_SEC_2_22_PAR001,,false,true,false
the minimum,2,15,14,D02,13,D02_P013_SEC_2_23_PAR001,,false,true,false
this would,2,15,14,D02,13,D02_P013_SEC_2_23_PAR001,,true,true,false
"payments ,",2,15,15,D02,14,D02_P014_SEC_2_25_PAR001,payments,false,true,false
domestic and,2,15,15,D02,15,D02_P015_SEC_2_26_PAR002,,false,true,false
on its,2,15,15,D02,16,D02_P016_SEC_2_28_PAR001,,true,true,false
other hand,2,15,15,D02,19,D02_P019_SEC_2_31_PAR001,,false,true,false
government is,2,15,15,D02,20,D02_P020_SEC_2_32_PAR001,,false,true,false
on average,2,15,15,D02,23,D02_P023_SEC_2_37_PAR001,,false,true,false
similar to,2,15,15,D02,23,D02_P023_SEC_2_37_PAR001,,false,true,false
- the,2,15,13,D02,23,D02_P023_SEC_2_37_PAR001,,false,true,false
approach .,2,15,15,D02,26,D02_P026_SEC_2_40_PAR001,,false,true,false
the rural,2,15,14,D02,29,D02_P029_UNKNOWN_PAR001,,false,true,false
in employment,2,15,13,D02,29,D02_P029_UNKNOWN_PAR002,employment,false,true,false
", skills",2,15,15,D02,29,D02_P029_UNKNOWN_PAR002,,false,true,false
. but,2,15,14,D02,29,D02_P029_UNKNOWN_PAR003,,false,true,false
"inclusive ,",2,15,15,D02,30,D02_P030_UNKNOWN_PAR003,,false,true,false
so far,2,15,15,D02,35,D02_P035_SEC_2_46_PAR001,,false,true,false
gdp ),2,15,11,D02,36,D02_P036_SEC_2_48_PAR001,gdp,false,true,false
last decade,2,15,14,D02,36,D02_P036_SEC_2_49_PAR001,,false,true,false
"bodies ,",2,15,15,D02,42,D02_P042_SEC_2_57_PAR001,,false,true,false
", indian",2,15,15,D03,29,D03_BOX011,,false,true,false
"code ,",2,15,13,D03,36,D03_BOX013,,false,true,false
a gradual,2,15,15,D03,39,D03_BOX015,,false,true,false
credit to,2,15,14,D03,46,D03_BOX019,credit,false,true,false
the act,2,15,15,D03,60,D03_BOX021,,false,true,false
"sense ,",2,15,15,D03,64,D03_BOX023,,false,true,false
the presence,2,15,15,D03,2,D03_P002_SEC_3_2_PAR001,,false,true,false
financial market,2,15,15,D03,2,D03_P002_SEC_3_4_PAR001,financial;market,false,true,false
policy uncertainty,2,15,13,D03,3,D03_P003_SEC_3_5_PAR001,policy,false,true,false
"cases ,",2,15,15,D03,4,D03_P004_SEC_3_6_PAR001,,false,true,false
"31 december 2025 ,",2,15,14,D03,4,D03_P004_SEC_3_7_PAR001,,false,true,false
factors such,2,15,14,D03,5,D03_P005_SEC_3_8_PAR002,,false,true,false
", &",2,15,14,D03,5,D03_P005_SEC_3_8_PAR005,,false,false,false
a common,2,15,15,D03,6,D03_P006_SEC_3_8_PAR002,,false,true,false
the ratio,2,15,12,D03,6,D03_P006_SEC_3_8_PAR005,,false,true,false
( iii,2,15,14,D03,7,D03_P007_SEC_3_8_PAR005,,false,true,false
and credit,2,15,15,D03,11,D03_P011_SEC_3_16_PAR001,credit,false,true,false
carried out,2,15,15,D03,12,D03_P012_SEC_3_19_PAR001,,false,true,false
the gap,2,15,15,D03,12,D03_P012_SEC_3_19_PAR001,,false,true,false
september 2025 .,2,15,14,D03,13,D03_P013_SEC_3_20_PAR001,,false,true,false
the amount,2,15,14,D03,14,D03_P014_SEC_3_22_PAR001,,false,true,false
of new,2,15,15,D03,14,D03_P014_SEC_3_22_PAR001,,false,true,false
. through,2,15,15,D03,14,D03_P014_SEC_3_22_PAR001,,false,true,false
of agriculture,2,15,12,D03,15,D03_P015_SEC_3_25_PAR001,,false,true,false
a vital,2,15,15,D03,17,D03_P017_SEC_3_31_PAR001,,false,true,false
the institutional,2,15,15,D03,20,D03_P020_SEC_3_40_PAR001,,false,true,false
the details,2,15,15,D03,20,D03_P020_SEC_3_41_PAR001,,false,true,false
institutions to,2,15,15,D03,23,D03_P023_SEC_3_41_PAR003,,false,true,false
of investment,2,15,13,D03,26,D03_P026_SEC_3_47_PAR001,investment,false,true,false
products .,2,15,15,D03,26,D03_P026_SEC_3_47_PAR003,,false,true,false
on this,2,15,15,D03,27,D03_P027_SEC_3_49_PAR001,,true,true,false
scheme .,2,15,15,D03,28,D03_P028_SEC_3_49_PAR002,,false,true,false
"index ,",2,15,14,D03,31,D03_P031_SEC_3_51_PAR001,,false,true,false
regulatory frameworks,2,15,15,D03,35,D03_P035_SEC_3_67_PAR001,regulatory,false,true,false
and international,2,15,15,D03,35,D03_P035_SEC_3_67_PAR001,,false,true,false
accountability .,2,15,15,D03,37,D03_P037_SEC_3_71_PAR007,,false,true,false
participants .,2,15,14,D03,38,D03_P038_UNKNOWN_PAR001,,false,true,false
providing a,2,15,15,D03,43,D03_P043_SEC_3_74_PAR003,,false,true,false
issue of,2,15,14,D03,43,D03_P043_SEC_3_74_PAR005,,false,true,false
job creation,2,15,15,D03,46,D03_P046_SEC_3_84_PAR001,,false,true,false
from import,2,15,15,D03,48,D03_P048_SEC_3_85_PAR004,import,false,true,false
indian securities,2,15,15,D03,50,D03_P050_SEC_3_87_PAR001,securities,false,true,false
"healthcare ,",2,15,14,D03,50,D03_P050_SEC_3_87_PAR001,,false,true,false
' and,2,15,14,D03,62,D03_P062_SEC_3_99_PAR001,,false,true,false
"coordination ,",2,15,15,D03,64,D03_P064_UNKNOWN_PAR001,,false,true,false
structural shift,2,15,15,D04,1,D04_P001_UNKNOWN_PAR002,,false,true,false
a world,2,15,15,D04,3,D04_P003_SEC_4_7_PAR001,,false,true,false
oil prices,2,15,15,D04,10,D04_P010_SEC_4_23_PAR001,oil,false,true,false
potential to,2,15,15,D04,12,D04_P012_SEC_4_31_PAR001,,false,true,false
regulations .,2,15,15,D04,13,D04_P013_SEC_4_31_PAR001,,false,true,false
production of,2,15,13,D04,13,D04_P013_SEC_4_31_PAR001,,false,true,false
the pli,2,15,11,D04,13,D04_P013_SEC_4_35_PAR001,,false,true,false
and industry,2,15,11,D04,15,D04_P015_SEC_4_40_PAR003,industry,false,true,false
( second,2,15,15,D04,25,D04_P025_SEC_4_54_PAR001,,false,true,false
the rising,2,15,15,D04,27,D04_P027_SEC_4_58_PAR001,,false,true,false
projects .,2,15,14,D04,32,D04_P032_SEC_4_70_PAR001,,false,true,false
"authority ,",2,15,12,D04,37,D04_P037_SEC_4_80_PAR001,,false,true,false
"24 ,",2,15,10,D04,47,D04_P047_SEC_4_92_PAR001,,false,true,false
. policy,2,15,14,D04,49,D04_P049_SEC_4_95_PAR001,policy,false,true,false
"instead ,",2,15,15,D04,52,D04_P052_SEC_4_98_PAR001,,false,true,false
headline inflation,2,15,10,D05,1,D05_P001_UNKNOWN_PAR002,inflation,false,true,false
they have,2,15,14,D05,2,D05_P002_SEC_5_1_PAR001,,true,true,false
with respect,2,15,15,D05,14,D05_P014_SEC_5_27_PAR001,,false,true,false
respect to,2,15,15,D05,14,D05_P014_SEC_5_27_PAR001,,false,true,false
the nation,2,15,15,D06,10,D06_BOX003,,false,true,false
"storage ,",2,15,15,D06,23,D06_BOX009,,false,true,false
employment in,2,15,15,D06,2,D06_P002_SEC_6_1_PAR001,employment,false,true,false
national mission,2,15,11,D06,2,D06_P002_SEC_6_3_PAR001,,false,true,false
"risk ,",2,15,12,D06,24,D06_P024_SEC_6_38_PAR009,,false,true,false
", urban",2,15,15,D07,8,D07_P008_SEC_7_13_PAR004,,false,true,false
planning and,2,15,13,D07,20,D07_P020_SEC_7_27_PAR001,,false,true,false
"building ,",2,15,15,D07,21,D07_P021_SEC_7_31_PAR001,,false,true,false
the fund,2,15,13,D08,34,D08_BOX019,,false,true,false
"change ,",2,15,15,D08,44,D08_P044_SEC_8_73_PAR001,,false,true,false
alternative investment,2,15,13,D09,9,D09_P009_SEC_9_17_PAR004,investment,false,true,false
", social",2,15,15,D10,6,D10_P006_SEC_10_16_PAR001,,false,true,false
the right,2,15,14,D11,2,D11_P002_SEC_11_2_PAR001,,false,true,false
school education,2,15,12,D11,2,D11_P002_SEC_11_5_PAR001,,false,true,false
", 2020",2,15,12,D12,25,D12_BOX009,,false,true,false
labour markets,2,15,15,D12,1,D12_P001_SEC_12_1_PAR001,markets,false,true,false
ai is,2,15,13,D14,3,D14_BOX001,,false,true,false
"court ,",2,15,10,D17,17,D17_P017_UNKNOWN_PAR009,,false,true,false
▪ the,2,15,15,D18,2,D18_P002_III_PAR001,,false,true,false
stock exchange,2,15,13,D21,2,D21_BOX001,exchange,false,true,false
sebi in,2,15,15,D21,12,D21_P012_SEC_3_3_2_PAR003,,false,true,false
share transfer,2,15,14,D21,16,D21_P016_SEC_3_4_2_PAR002,,false,true,false
particula rs 2024,2,15,15,D21,5,D21_T001,,false,true,false
to sebi,2,15,15,D21,15,D21_T014,,false,true,false
of registered,2,15,14,D21,17,D21_T017,,false,true,false
member of,2,15,12,D22,35,D22_BOX007,,false,true,false
portfolio managers,2,15,11,D22,10,D22_P010_SEC_4_2_1_PAR003,,false,true,false
currency derivatives,2,15,15,D22,24,D22_P024_SEC_4_4_5_PAR001,currency,false,true,false
depository participants,2,15,13,D22,31,D22_P031_SEC_4_7_2_PAR001,,false,true,false
of miis,2,15,10,D22,36,D22_P036_SEC_4_8_2_PAR001,,false,true,false
cases pending,2,15,9,D28,8,D28_P008_SEC_10_1_4_PAR002,,false,true,false
the ld,2,15,11,D28,19,D28_P019_UNKNOWN_PAR016,,false,true,false
has undertaken,2,14,14,D01,21,D01_BOX005,,false,true,false
", will",2,14,13,D01,21,D01_BOX005,,false,true,false
rising to,2,14,14,D01,31,D01_BOX007,,false,true,false
economy 's,2,14,14,D01,31,D01_BOX007,,false,true,false
major economies,2,14,14,D01,1,D01_P001_UNKNOWN_PAR002,,false,true,false
the third,2,14,14,D01,1,D01_P001_UNKNOWN_PAR004,,false,true,false
framework to,2,14,14,D01,1,D01_P001_UNKNOWN_PAR004,,false,true,false
looking ahead,2,14,14,D01,1,D01_P001_UNKNOWN_PAR006,,false,true,false
global uncertainty,2,14,14,D01,1,D01_P001_UNKNOWN_PAR006,,false,true,false
concerns about,2,14,14,D01,2,D01_P002_SEC_1_1_PAR001,,false,true,false
the imf,2,14,12,D01,2,D01_P002_SEC_1_1_PAR001,,false,true,false
has remained,2,14,13,D01,2,D01_P002_SEC_1_1_PAR001,,false,true,false
projected to,2,14,14,D01,2,D01_P002_SEC_1_1_PAR001,,false,true,false
( ai,2,14,14,D01,3,D01_P003_SEC_1_2_PAR002,,false,true,false
ai ),2,14,14,D01,3,D01_P003_SEC_1_2_PAR002,,false,true,false
target of,2,14,14,D01,3,D01_P003_SEC_1_2_PAR002,,false,true,false
shift from,2,14,14,D01,3,D01_P003_SEC_1_3_PAR001,,false,true,false
of higher,2,14,14,D01,3,D01_P003_SEC_1_3_PAR001,,false,true,false
", germany",2,14,14,D01,4,D01_P004_SEC_1_3_PAR001,,false,true,false
emerging economies,2,14,14,D01,6,D01_P006_SEC_1_6_PAR002,,false,true,false
", often",2,14,14,D01,6,D01_P006_SEC_1_6_PAR002,,false,true,false
the city,2,14,12,D01,6,D01_P006_SEC_1_6_PAR007,,false,true,false
is often,2,14,14,D01,6,D01_P006_SEC_1_6_PAR007,,false,true,false
to manage,2,14,14,D01,7,D01_P007_SEC_1_6_PAR005,,false,true,false
"ai ,",2,14,14,D01,7,D01_P007_SEC_1_6_PAR006,,false,true,false
critical for,2,14,14,D01,7,D01_P007_SEC_1_6_PAR006,,false,true,false
include :,2,14,14,D01,7,D01_P007_SEC_1_6_PAR007,,false,true,false
to protect,2,14,14,D01,8,D01_P008_SEC_1_6_PAR001,,false,true,false
in other,2,14,14,D01,8,D01_P008_SEC_1_6_PAR002,,true,true,false
", aiming",2,14,14,D01,8,D01_P008_SEC_1_6_PAR002,,false,true,false
"space ,",2,14,13,D01,8,D01_P008_SEC_1_6_PAR003,,false,true,false
"side ,",2,14,13,D01,9,D01_P009_SEC_1_8_PAR002,,false,true,false
professional services,2,14,14,D01,9,D01_P009_SEC_1_8_PAR002,,false,true,false
"taxes ,",2,14,14,D01,10,D01_P010_SEC_1_9_PAR001,taxes,false,true,false
of private,2,14,13,D01,11,D01_P011_SEC_1_10_PAR001,,false,true,false
the investment,2,14,14,D01,12,D01_P012_SEC_1_12_PAR001,investment,false,true,false
estimate for,2,14,13,D01,14,D01_P014_SEC_1_15_PAR001,,false,true,false
. from,2,14,14,D01,14,D01_P014_SEC_1_16_PAR001,,false,true,false
to grow,2,14,14,D01,14,D01_P014_SEC_1_17_PAR001,,false,true,false
1 fy26,2,14,13,D01,14,D01_P014_SEC_1_17_PAR001,,false,true,false
accounts for,2,14,14,D01,14,D01_P014_SEC_1_17_PAR001,,false,true,false
a relatively,2,14,14,D01,15,D01_P015_SEC_1_17_PAR002,,false,true,false
a decline,2,14,13,D01,15,D01_P015_SEC_1_19_PAR001,,false,true,false
value added,2,14,12,D01,15,D01_P015_SEC_1_19_PAR001,,false,true,false
during this,2,14,14,D01,16,D01_P016_SEC_1_20_PAR001,,true,true,false
in infrastructure,2,14,14,D01,16,D01_P016_SEC_1_21_PAR001,,false,true,false
and geopolitical,2,14,14,D01,18,D01_P018_SEC_1_26_PAR001,,false,true,false
the official,2,14,12,D01,19,D01_P019_SEC_1_27_PAR002,,false,true,false
production .,2,14,13,D01,19,D01_P019_UNKNOWN_PAR001,,false,true,false
the underlying,2,14,14,D01,19,D01_P019_UNKNOWN_PAR002,,false,true,false
. based,2,14,14,D01,21,D01_P021_UNKNOWN_PAR002,,false,true,false
"days ,",2,14,13,D01,22,D01_P022_SEC_1_28_PAR006,,false,true,false
systems and,2,14,13,D01,22,D01_P022_SEC_1_28_PAR007,,false,true,false
of production,2,14,13,D01,23,D01_P023_SEC_1_28_PAR003,,false,true,false
which has,2,14,14,D01,24,D01_P024_SEC_1_29_PAR001,,true,true,false
precious metals,2,14,9,D01,24,D01_P024_SEC_1_29_PAR001,,false,true,false
"rate ,",2,14,12,D01,25,D01_P025_SEC_1_30_PAR002,rate,false,true,false
states to,2,14,14,D01,25,D01_P025_SEC_1_31_PAR001,,false,true,false
state level,2,14,13,D01,25,D01_P025_SEC_1_31_PAR001,,false,true,false
december 2025 ),2,14,12,D01,27,D01_P027_SEC_1_35_PAR001,,false,true,false
"inflows ,",2,14,14,D01,27,D01_P027_SEC_1_35_PAR001,,false,true,false
months of,2,14,12,D01,28,D01_P028_SEC_1_36_PAR001,,false,true,false
a modest,2,14,14,D01,28,D01_P028_SEC_1_36_PAR001,,false,true,false
the medium,2,14,14,D01,28,D01_P028_SEC_1_37_PAR001,,false,true,false
social protection,2,14,14,D01,28,D01_P028_SEC_1_39_PAR001,,false,true,false
labour codes,2,14,13,D01,29,D01_P029_SEC_1_40_PAR001,,false,true,false
recognition of,2,14,14,D01,29,D01_P029_SEC_1_40_PAR001,,false,true,false
employment .,2,14,14,D01,29,D01_P029_SEC_1_40_PAR001,employment,false,true,false
a reduction,2,14,12,D01,29,D01_P029_SEC_1_41_PAR001,,false,true,false
", access",2,14,14,D01,30,D01_P030_SEC_1_41_PAR001,,false,true,false
potential for,2,14,14,D01,30,D01_P030_SEC_1_43_PAR001,,false,true,false
"msmes ,",2,14,13,D01,31,D01_P031_SEC_1_46_PAR002,,false,true,false
at an,2,14,14,D01,32,D01_P032_SEC_1_PAR001,,true,true,false
capacity in,2,14,13,D01,32,D01_P032_SEC_1_PAR002,,false,true,false
. first,2,14,14,D01,32,D01_P032_SEC_1_PAR002,,false,true,false
evidence suggests,2,14,14,D01,32,D01_P032_SEC_1_PAR003,,false,true,false
to lower,2,14,14,D01,33,D01_P033_SEC_1_PAR007,,false,true,false
"inclusion ,",2,14,13,D01,34,D01_P034_SEC_3_PAR002,,false,true,false
and service,2,14,13,D01,34,D01_P034_SEC_3_PAR002,,false,true,false
tend to,2,14,14,D01,34,D01_P034_SEC_3_PAR002,,false,true,false
international experience,2,14,14,D01,34,D01_P034_SEC_3_PAR004,,false,true,false
( https,2,14,9,D01,35,D01_P035_SEC_3_PAR003,,false,true,false
2026 (,2,14,13,D01,2,D01_T001,,false,true,false
anchored in,2,14,14,D02,5,D02_BOX001,,false,true,false
to identify,2,14,14,D02,5,D02_BOX001,,false,true,false
feature of,2,14,14,D02,22,D02_BOX011,,false,true,false
states ',2,14,13,D02,26,D02_BOX013,,false,true,false
of debt,2,14,12,D02,39,D02_BOX019,debt,false,true,false
in advanced,2,14,12,D02,39,D02_BOX019,,false,true,false
post-pandemic period,2,14,14,D02,1,D02_P001_UNKNOWN_PAR002,,false,true,false
in fy22,2,14,14,D02,1,D02_P001_UNKNOWN_PAR004,,false,true,false
"finally ,",2,14,14,D02,2,D02_P002_UNKNOWN_PAR002,,false,true,false
faster than,2,14,14,D02,4,D02_P004_SEC_2_7_PAR001,,false,true,false
of foreign,2,14,14,D02,5,D02_P005_SEC_2_8_PAR002,foreign,false,true,false
reserve bank,2,14,14,D02,6,D02_P006_SEC_2_9_PAR001,bank;reserve,false,true,false
listed companies,2,14,14,D02,6,D02_P006_SEC_2_9_PAR001,,false,true,false
to 5 per cent,2,14,12,D02,9,D02_P009_UNKNOWN_PAR002,,false,true,false
manufacturing .,2,14,14,D02,10,D02_P010_UNKNOWN_PAR008,,false,true,false
case of,2,14,14,D02,11,D02_P011_SEC_2_18_PAR001,,false,true,false
a percentage,2,14,13,D02,12,D02_P012_SEC_2_19_PAR001,,false,true,false
were also,2,14,14,D02,13,D02_P013_SEC_2_22_PAR001,,true,true,false
the companies,2,14,12,D02,13,D02_P013_SEC_2_23_PAR001,,false,true,false
a minimum,2,14,12,D02,13,D02_P013_SEC_2_23_PAR001,,false,true,false
interest payments,2,14,12,D02,14,D02_P014_SEC_2_25_PAR001,payments,false,true,false
that they,2,14,13,D02,15,D02_P015_SEC_2_26_PAR002,,true,true,false
housing and,2,14,13,D02,19,D02_P019_SEC_2_30_PAR001,,false,true,false
", finance",2,14,14,D02,21,D02_P021_SEC_2_33_PAR001,finance,false,true,false
the evidence,2,14,14,D02,22,D02_P022_SEC_2_33_PAR001,,false,true,false
a net,2,14,12,D02,22,D02_P022_SEC_2_35_PAR001,,false,true,false
extended to,2,14,14,D02,22,D02_P022_SEC_2_35_PAR001,,false,true,false
or the,2,14,14,D02,23,D02_P023_UNKNOWN_PAR001,,true,true,false
", out",2,14,14,D02,26,D02_P026_SEC_2_40_PAR001,,false,true,false
; however,2,14,14,D02,26,D02_P026_SEC_2_40_PAR002,,false,true,false
this expansion,2,14,14,D02,29,D02_P029_UNKNOWN_PAR002,,false,true,false
"nutrition ,",2,14,12,D02,29,D02_P029_UNKNOWN_PAR004,,false,true,false
state 's,2,14,14,D02,30,D02_P030_UNKNOWN_PAR004,,false,true,false
a detailed,2,14,14,D02,33,D02_P033_UNKNOWN_PAR001,,false,true,false
10 -year,2,14,12,D02,36,D02_P036_SEC_2_50_PAR001,,false,true,false
crucial for,2,14,14,D02,38,D02_P038_SEC_2_53_PAR001,,false,true,false
cent of,2,14,12,D02,41,D02_P041_SEC_2_56_PAR003,,false,true,false
( per,2,14,8,D02,41,D02_P041_SEC_2_56_PAR003,,false,true,false
recommendations of,2,14,12,D02,42,D02_P042_SEC_2_56_PAR001,,false,true,false
credit access,2,14,14,D03,27,D03_BOX009,credit,false,true,false
pm svanidhi,2,14,11,D03,27,D03_BOX009,,false,true,false
access .,2,14,14,D03,39,D03_BOX015,,false,true,false
"collectively ,",2,14,14,D03,42,D03_BOX017,,false,true,false
bond markets,2,14,12,D03,46,D03_BOX019,bond;markets,false,true,false
gift city,2,14,8,D03,1,D03_P001_UNKNOWN_PAR004,,false,true,false
increase the,2,14,14,D03,4,D03_P004_SEC_3_6_PAR001,,false,true,false
invest in,2,14,13,D03,5,D03_P005_SEC_3_8_PAR002,,false,true,false
ranging from,2,14,14,D03,5,D03_P005_SEC_3_8_PAR004,,false,true,false
the study,2,14,12,D03,6,D03_P006_SEC_3_8_PAR001,,false,true,false
"components ,",2,14,12,D03,10,D03_P010_SEC_3_13_PAR001,,false,true,false
", banks",2,14,14,D03,11,D03_P011_SEC_3_15_PAR001,banks,false,true,false
", though",2,14,14,D03,14,D03_P014_SEC_3_24_PAR001,,false,true,false
", industry",2,14,14,D03,15,D03_P015_SEC_3_25_PAR001,industry,false,true,false
the credit,2,14,10,D03,16,D03_P016_SEC_3_26_PAR001,credit,false,true,false
has made,2,14,14,D03,17,D03_P017_SEC_3_31_PAR001,,false,true,false
performance .,2,14,14,D03,18,D03_P018_SEC_3_32_PAR001,,false,true,false
", credit",2,14,14,D03,19,D03_P019_SEC_3_35_PAR001,credit,false,true,false
business for,2,14,12,D03,20,D03_P020_SEC_3_38_PAR001,,false,true,false
while ensuring,2,14,14,D03,20,D03_P020_SEC_3_41_PAR001,,false,true,false
inclusion and,2,14,14,D03,21,D03_P021_SEC_3_41_PAR002,,false,true,false
found that,2,14,14,D03,22,D03_P022_SEC_3_41_PAR005,,false,true,false
the india,2,14,14,D03,22,D03_P022_SEC_3_41_PAR006,,false,true,false
and institutions,2,14,14,D03,23,D03_P023_SEC_3_41_PAR003,,false,true,false
governance and,2,14,14,D03,23,D03_P023_SEC_3_41_PAR003,,false,true,false
in practice,2,14,13,D03,25,D03_P025_SEC_3_47_PAR005,,false,true,false
evidence of,2,14,13,D03,26,D03_P026_SEC_3_47_PAR002,,false,true,false
transition from,2,14,14,D03,26,D03_P026_SEC_3_47_PAR005,,false,true,false
urban local,2,14,14,D03,28,D03_P028_SEC_3_49_PAR002,,false,true,false
of households,2,14,12,D03,28,D03_P028_SEC_3_49_PAR004,,false,true,false
for sustainable,2,14,14,D03,29,D03_P029_SEC_3_49_PAR004,,false,true,false
process .,2,14,14,D03,32,D03_P032_SEC_3_53_PAR001,,false,true,false
a range,2,14,13,D03,34,D03_P034_SEC_3_63_PAR001,,false,true,false
in securities,2,14,14,D03,37,D03_P037_UNKNOWN_PAR002,securities,false,true,false
- a,2,14,14,D03,38,D03_P038_UNKNOWN_PAR002,,false,true,false
"miis ,",2,14,12,D03,38,D03_P038_UNKNOWN_PAR003,,false,true,false
and strong,2,14,14,D03,39,D03_P039_SEC_3_72_PAR002,,false,true,false
regulatory oversight,2,14,14,D03,39,D03_P039_SEC_3_72_PAR002,regulatory,false,true,false
assets .,2,14,14,D03,39,D03_P039_SEC_3_72_PAR002,assets,false,true,false
the mutual,2,14,10,D03,39,D03_P039_SEC_3_73_PAR001,,false,true,false
in equity,2,14,12,D03,39,D03_P039_SEC_3_73_PAR002,equity,false,true,false
evident in,2,14,14,D03,39,D03_P039_SEC_3_73_PAR003,,false,true,false
engagement with,2,14,14,D03,40,D03_P040_SEC_3_73_PAR002,,false,true,false
investment funds,2,14,13,D03,40,D03_P040_SEC_3_73_PAR003,investment,false,true,false
the provisions,2,14,13,D03,42,D03_P042_SEC_3_74_PAR002,,false,true,false
of social,2,14,12,D03,43,D03_P043_SEC_3_74_PAR003,,false,true,false
awareness and,2,14,13,D03,43,D03_P043_SEC_3_74_PAR003,,false,true,false
investors with,2,14,12,D03,43,D03_P043_SEC_3_74_PAR007,investors,false,true,false
type of,2,14,14,D03,45,D03_P045_SEC_3_79_PAR001,,false,true,false
", risk",2,14,14,D03,45,D03_P045_SEC_3_80_PAR001,,false,true,false
investment trusts,2,14,12,D03,45,D03_P045_SEC_3_82_PAR001,investment,false,true,false
"korea ,",2,14,13,D03,47,D03_P047_SEC_3_85_PAR004,,false,true,false
investors (,2,14,14,D03,51,D03_P051_SEC_3_90_PAR001,investors,false,true,false
", many",2,14,14,D03,53,D03_P053_SEC_3_95_PAR001,,false,true,false
like the,2,14,13,D03,55,D03_P055_SEC_3_99_PAR002,,false,true,false
vision of,2,14,14,D03,58,D03_P058_SEC_3_99_PAR004,,false,true,false
", net",2,14,12,D03,58,D03_P058_SEC_3_99_PAR006,,false,true,false
sector to,2,14,14,D03,60,D03_P060_SEC_3_99_PAR001,sector,false,true,false
"machinery ,",2,14,13,D04,1,D04_P001_UNKNOWN_PAR003,,false,true,false
trade performance,2,14,14,D04,2,D04_P002_SEC_4_5_PAR001,trade,false,true,false
", strategic",2,14,14,D04,2,D04_P002_SEC_4_6_PAR001,,false,true,false
"inputs ,",2,14,14,D04,3,D04_P003_SEC_4_7_PAR001,,false,true,false
i.e .,2,14,13,D04,5,D04_P005_SEC_4_9_PAR001,,false,true,false
requires a,2,14,14,D04,20,D04_P020_SEC_4_45_PAR001,,false,true,false
's largest,2,14,13,D04,23,D04_P023_UNKNOWN_PAR005,,false,true,false
second amendment,2,14,14,D04,25,D04_P025_SEC_4_54_PAR001,,false,true,false
"months ,",2,14,14,D04,25,D04_P025_SEC_4_54_PAR001,,false,true,false
one year,2,14,13,D04,25,D04_P025_SEC_4_54_PAR001,,false,true,false
", ``",2,14,13,D04,36,D04_P036_SEC_4_80_PAR002,,false,false,false
for investment,2,14,9,D04,36,D04_P036_SEC_4_80_PAR006,investment,false,true,false
", 2024",2,14,12,D04,41,D04_P041_SEC_4_81_PAR002,,false,true,false
were conducted,2,14,14,D04,48,D04_P048_SEC_4_93_PAR003,,false,true,false
engaged in,2,14,13,D04,51,D04_P051_SEC_4_97_PAR003,,false,true,false
. instead,2,14,14,D04,52,D04_P052_SEC_4_98_PAR001,,false,true,false
and industrial,2,14,14,D04,53,D04_P053_SEC_4_99_PAR010,,false,true,false
and integration,2,14,14,D04,53,D04_P053_SEC_4_99_PAR012,,false,true,false
and productivity,2,14,13,D04,53,D04_P053_SEC_4_99_PAR012,productivity,false,true,false
the final,2,14,14,D05,2,D05_P002_SEC_5_2_PAR001,,false,true,false
tonnes in,2,14,7,D05,9,D05_P009_SEC_5_14_PAR001,,false,true,false
energy security,2,14,13,D06,10,D06_BOX003,energy,false,true,false
to raise,2,14,14,D06,9,D06_P009_SEC_6_14_PAR001,,false,true,false
by providing,2,14,14,D06,13,D06_P013_SEC_6_21_PAR001,,false,true,false
the project,2,14,13,D06,26,D06_P026_SEC_6_43_PAR001,,false,true,false
innovation .,2,14,14,D07,12,D07_BOX003,,false,true,false
", ai",2,14,14,D07,14,D07_P014_SEC_7_18_PAR003,,false,true,false
as ',2,14,12,D07,20,D07_P020_SEC_7_28_PAR001,,false,true,false
service providers,2,14,13,D07,24,D07_P024_SEC_7_40_PAR001,,false,true,false
affordable housing,2,14,10,D07,28,D07_P028_SEC_7_49_PAR001,,false,true,false
. urban,2,14,14,D07,28,D07_P028_SEC_7_49_PAR001,,false,true,false
launch of,2,14,14,D08,18,D08_P018_SEC_8_37_PAR001,,false,true,false
time for,2,14,13,D08,29,D08_P029_SEC_8_52_PAR005,,false,true,false
learning outcomes,2,14,13,D11,9,D11_BOX003,,false,true,false
learning .,2,14,13,D11,2,D11_P002_SEC_11_2_PAR001,,false,true,false
box xi.,2,14,13,D11,7,D11_P007_SEC_11_14_PAR001,,false,true,false
"needs ,",2,14,14,D11,8,D11_P008_SEC_11_14_PAR003,,false,true,false
status of,2,14,13,D11,10,D11_P010_SEC_11_17_PAR001,,false,true,false
"portal ,",2,14,14,D11,19,D11_P019_SEC_11_30_PAR002,,false,true,false
"them ,",2,14,14,D11,32,D11_P032_SEC_11_47_PAR002,,false,true,false
the campaign,2,14,10,D11,33,D11_P033_SEC_11_48_PAR001,,false,true,false
citizens .,2,14,12,D11,48,D11_P048_SEC_11_80_PAR001,,false,true,false
ui ui,2,14,6,D17,36,D17_P036_UNKNOWN_PAR005,,false,true,true
the committee,2,14,8,D19,2,D19_P002_UNKNOWN_PAR005,,false,true,false
vi .,2,14,14,D21,13,D21_BOX009,,false,true,false
total turnover,2,14,11,D22,3,D22_P003_SEC_4_1_1_PAR004,,false,true,false
cases were,2,14,10,D28,6,D28_P006_UNKNOWN_PAR002,,false,true,false
adjudicating officer,2,14,14,D28,8,D28_P008_SEC_10_1_4_PAR001,,false,true,false
official language,2,14,11,D31,10,D31_P010_SEC_13_4_7_PAR001,,false,true,false
refers to,2,13,12,D01,18,D01_BOX003,,false,true,false
expanding the,2,13,13,D01,21,D01_BOX005,,false,true,false
) on,2,13,12,D01,21,D01_BOX005,,false,true,false
schemes .,2,13,13,D01,21,D01_BOX005,,false,true,false
the case,2,13,13,D01,31,D01_BOX007,,false,true,false
"term ,",2,13,13,D01,1,D01_P001_UNKNOWN_PAR002,,false,true,false
indian economy,2,13,13,D01,1,D01_P001_UNKNOWN_PAR003,,false,true,false
macroeconomic fundamentals,2,13,13,D01,1,D01_P001_UNKNOWN_PAR005,macroeconomic,false,true,false
"developments ,",2,13,13,D01,1,D01_P001_UNKNOWN_PAR005,,false,true,false
balance between,2,13,13,D01,1,D01_P001_UNKNOWN_PAR005,balance,false,true,false
the external,2,13,12,D01,1,D01_P001_UNKNOWN_PAR005,,false,true,false
this was,2,13,13,D01,2,D01_P002_SEC_1_1_PAR001,,true,true,false
", primarily",2,13,13,D01,2,D01_P002_SEC_1_1_PAR001,,false,true,false
for nearly,2,13,12,D01,3,D01_P003_SEC_1_2_PAR002,,false,true,false
to mitigate,2,13,13,D01,3,D01_P003_SEC_1_2_PAR002,,false,true,false
central bank,2,13,13,D01,3,D01_P003_SEC_1_2_PAR002,bank,false,true,false
", growth",2,13,13,D01,3,D01_P003_SEC_1_2_PAR002,growth,false,true,false
"2021 ,",2,13,13,D01,4,D01_P004_SEC_1_3_PAR001,,false,true,false
account of,2,13,12,D01,4,D01_P004_SEC_1_5_PAR001,account,false,true,false
"pandemic ,",2,13,13,D01,6,D01_P006_SEC_1_6_PAR002,,false,true,false
"materials ,",2,13,12,D01,6,D01_P006_SEC_1_6_PAR002,,false,true,false
the pace,2,13,13,D01,6,D01_P006_SEC_1_6_PAR005,,false,true,false
pace of,2,13,13,D01,6,D01_P006_SEC_1_6_PAR005,,false,true,false
gdp .,2,13,13,D01,7,D01_P007_SEC_1_6_PAR003,gdp,false,true,false
", national",2,13,10,D01,7,D01_P007_SEC_1_6_PAR006,,false,true,false
exports to,2,13,10,D01,7,D01_P007_SEC_1_6_PAR009,exports,false,true,false
entities to,2,13,12,D01,7,D01_P007_SEC_1_6_PAR010,,false,true,false
goals .,2,13,13,D01,8,D01_P008_SEC_1_6_PAR001,,false,true,false
allocation of,2,13,13,D01,8,D01_P008_SEC_1_6_PAR002,,false,true,false
the extent,2,13,11,D01,8,D01_P008_SEC_1_6_PAR002,,false,true,false
. currently,2,13,13,D01,8,D01_P008_SEC_1_6_PAR002,,false,true,false
the challenge,2,13,13,D01,8,D01_P008_SEC_1_6_PAR002,,false,true,false
aiming to,2,13,13,D01,8,D01_P008_SEC_1_6_PAR002,,false,true,false
measures .,2,13,13,D01,8,D01_P008_SEC_1_6_PAR003,,false,true,false
the performance,2,13,12,D01,8,D01_P008_SEC_1_7_PAR001,,false,true,false
formation .,2,13,13,D01,9,D01_P009_SEC_1_8_PAR002,,false,true,false
rose to,2,13,13,D01,10,D01_P010_SEC_1_9_PAR001,,false,true,false
power .,2,13,12,D01,10,D01_P010_SEC_1_9_PAR001,,false,true,false
rationalisation of,2,13,12,D01,10,D01_P010_SEC_1_9_PAR001,,false,true,false
throughout the,2,13,12,D01,11,D01_P011_SEC_1_10_PAR001,,false,true,false
be attributed,2,13,13,D01,11,D01_P011_SEC_1_11_PAR001,,false,true,false
gst rate,2,13,13,D01,11,D01_P011_SEC_1_11_PAR001,gst;rate,false,true,false
corresponding period,2,13,13,D01,12,D01_P012_SEC_1_12_PAR001,,false,true,false
", supporting",2,13,13,D01,12,D01_P012_SEC_1_12_PAR001,,false,true,false
of industrial,2,13,12,D01,13,D01_P013_SEC_1_13_PAR001,,false,true,false
remained the,2,13,13,D01,13,D01_P013_SEC_1_14_PAR001,,false,true,false
a share,2,13,12,D01,13,D01_P013_SEC_1_14_PAR001,,false,true,false
. services,2,13,13,D01,13,D01_P013_SEC_1_14_PAR001,,false,true,false
a stable,2,13,13,D01,13,D01_P013_SEC_1_14_PAR001,stable,false,true,false
with other,2,13,12,D01,14,D01_P014_SEC_1_15_PAR001,,true,true,false
value addition,2,13,13,D01,14,D01_P014_SEC_1_16_PAR001,,false,true,false
services are,2,13,12,D01,14,D01_P014_SEC_1_17_PAR001,,false,true,false
are estimated,2,13,13,D01,14,D01_P014_SEC_1_17_PAR001,,false,true,false
and has,2,13,13,D01,14,D01_P014_SEC_1_17_PAR001,,true,true,false
by contrast,2,13,12,D01,15,D01_P015_SEC_1_17_PAR002,,false,true,false
utilisation of,2,13,13,D01,16,D01_P016_SEC_1_20_PAR001,,false,true,false
underpinned by,2,13,13,D01,16,D01_P016_SEC_1_21_PAR001,,false,true,false
"indicators ,",2,13,13,D01,16,D01_P016_SEC_1_22_PAR001,,false,true,false
be used,2,13,13,D01,19,D01_P019_SEC_1_27_PAR002,,false,true,false
these factors,2,13,13,D01,19,D01_P019_UNKNOWN_PAR003,,false,true,false
'' .,2,13,13,D01,20,D01_P020_UNKNOWN_PAR001,,false,false,false
the analysis,2,13,12,D01,21,D01_P021_UNKNOWN_PAR002,,false,true,false
insights into,2,13,13,D01,22,D01_P022_SEC_1_28_PAR004,,false,true,false
integrated with,2,13,13,D01,22,D01_P022_SEC_1_28_PAR006,,false,true,false
"parallel ,",2,13,13,D01,22,D01_P022_SEC_1_28_PAR007,,false,true,false
) framework,2,13,13,D01,23,D01_P023_SEC_1_28_PAR003,,false,true,false
framework (,2,13,13,D01,23,D01_P023_SEC_1_28_PAR012,,false,true,false
reflect a,2,13,13,D01,24,D01_P024_SEC_1_29_PAR001,,false,true,false
influenced by,2,13,13,D01,24,D01_P024_SEC_1_29_PAR001,,false,true,false
across several,2,13,13,D01,25,D01_P025_SEC_1_31_PAR001,,false,true,false
' to,2,13,13,D01,26,D01_P026_SEC_1_32_PAR001,,false,true,false
to ',2,13,12,D01,26,D01_P026_SEC_1_32_PAR001,,false,true,false
"sources ,",2,13,12,D01,27,D01_P027_SEC_1_34_PAR001,,false,true,false
april- december 2025,2,13,12,D01,27,D01_P027_SEC_1_35_PAR001,,false,true,false
the rise,2,13,12,D01,27,D01_P027_SEC_1_35_PAR001,,false,true,false
april to,2,13,9,D01,28,D01_P028_SEC_1_36_PAR001,,false,true,false
training .,2,13,12,D01,29,D01_P029_SEC_1_40_PAR001,,false,true,false
", economic",2,13,13,D01,29,D01_P029_SEC_1_41_PAR001,,false,true,false
ratio (,2,13,12,D01,30,D01_P030_SEC_1_41_PAR001,,false,true,false
and human,2,13,13,D01,30,D01_P030_SEC_1_41_PAR001,,false,true,false
of compliance,2,13,13,D01,30,D01_P030_SEC_1_42_PAR001,,false,true,false
strength .,2,13,12,D01,30,D01_P030_SEC_1_42_PAR001,,false,true,false
", although",2,13,13,D01,30,D01_P030_SEC_1_43_PAR001,,false,true,false
while these,2,13,13,D01,30,D01_P030_SEC_1_44_PAR001,,true,true,false
dynamics .,2,13,13,D01,31,D01_P031_SEC_1_45_PAR002,,false,true,false
the above,2,13,13,D01,32,D01_P032_SEC_1_46_PAR004,,true,true,false
in public,2,13,13,D01,32,D01_P032_SEC_1_PAR002,,false,true,false
the higher,2,13,12,D01,34,D01_P034_SEC_3_PAR003,,false,true,false
fy16 -,2,13,12,D01,12,D01_T004,,false,true,false
a special,2,13,13,D02,8,D02_BOX003,,false,true,false
", reduce",2,13,13,D02,16,D02_BOX007,,false,true,false
; the,2,13,10,D02,22,D02_BOX011,,false,true,false
"programmes ,",2,13,13,D02,28,D02_BOX015,,false,true,false
for women,2,13,11,D02,28,D02_BOX015,,false,true,false
50 per cent of,2,13,12,D02,28,D02_BOX015,,false,true,false
. state,2,13,12,D02,28,D02_BOX015,,false,true,false
", creating",2,13,12,D02,1,D02_P001_UNKNOWN_PAR004,,false,true,false
pa ),2,13,11,D02,3,D02_P003_SEC_2_4_PAR001,,false,true,false
", comprising",2,13,13,D02,4,D02_P004_SEC_2_5_PAR001,,false,true,false
this includes,2,13,12,D02,4,D02_P004_SEC_2_7_PAR003,,false,true,false
portion of,2,13,13,D02,5,D02_P005_SEC_2_8_PAR002,,false,true,false
rules .,2,13,13,D02,6,D02_P006_SEC_2_10_PAR001,,false,true,false
compliance .,2,13,13,D02,6,D02_P006_SEC_2_8_PAR002,,false,true,false
the reserve,2,13,13,D02,6,D02_P006_SEC_2_9_PAR001,reserve,false,true,false
in corporate,2,13,10,D02,6,D02_P006_SEC_2_9_PAR001,,false,true,false
a growth,2,13,12,D02,7,D02_P007_SEC_2_13_PAR001,growth,false,true,false
during april-,2,13,12,D02,7,D02_P007_SEC_2_14_PAR001,,false,true,false
strength of,2,13,13,D02,8,D02_P008_SEC_2_15_PAR001,,false,true,false
gst on,2,13,9,D02,9,D02_P009_UNKNOWN_PAR002,gst,false,true,false
competitiveness and,2,13,12,D02,10,D02_P010_UNKNOWN_PAR008,,false,true,false
. beyond,2,13,13,D02,10,D02_P010_UNKNOWN_PAR008,,false,true,false
position as,2,13,13,D02,10,D02_P010_UNKNOWN_PAR009,,false,true,false
) under,2,13,13,D02,10,D02_P010_UNKNOWN_PAR009,,false,true,false
would be,2,13,13,D02,11,D02_P011_SEC_2_18_PAR001,,true,true,false
rates and,2,13,13,D02,11,D02_P011_UNKNOWN_PAR001,rates,false,true,false
", if",2,13,13,D02,13,D02_P013_SEC_2_23_PAR001,,false,true,false
this will,2,13,13,D02,14,D02_P014_SEC_2_23_PAR001,,true,true,false
"shocks ,",2,13,13,D02,14,D02_P014_SEC_2_24_PAR001,,false,true,false
been made,2,13,13,D02,15,D02_P015_SEC_2_26_PAR001,,false,true,false
and commercial,2,13,13,D02,15,D02_P015_SEC_2_26_PAR002,,false,true,false
in december 2025,2,13,13,D02,15,D02_P015_SEC_2_26_PAR003,,false,true,false
"enterprises ,",2,13,13,D02,16,D02_P016_SEC_2_26_PAR001,,false,true,false
the net,2,13,13,D02,16,D02_P016_SEC_2_27_PAR001,,false,true,false
( such,2,13,12,D02,16,D02_P016_SEC_2_28_PAR001,,false,true,false
building on,2,13,13,D02,18,D02_P018_UNKNOWN_PAR002,,false,true,false
commission (,2,13,13,D02,21,D02_P021_SEC_2_33_PAR001,,false,true,false
opportunities .,2,13,13,D02,22,D02_P022_SEC_2_33_PAR001,,false,true,false
despite a,2,13,13,D02,23,D02_P023_SEC_2_38_PAR001,,false,true,false
is intended,2,13,13,D02,23,D02_P023_UNKNOWN_PAR001,,false,true,false
than 1,2,13,7,D02,24,D02_P024_SEC_2_38_PAR003,,false,true,false
1 .,2,13,13,D02,25,D02_P025_UNKNOWN_PAR002,,false,true,false
investments .,2,13,12,D02,26,D02_P026_SEC_2_40_PAR001,investments,false,true,false
has undergone,2,13,13,D02,27,D02_P027_SEC_2_41_PAR001,,false,true,false
services and,2,13,13,D02,29,D02_P029_UNKNOWN_PAR004,,false,true,false
"opportunities ,",2,13,12,D02,29,D02_P029_UNKNOWN_PAR004,,false,true,false
states have,2,13,13,D02,30,D02_P030_SEC_2_42_PAR001,,false,true,false
and it,2,13,13,D02,34,D02_P034_UNKNOWN_PAR001,,true,true,false
years of,2,13,12,D02,34,D02_P034_UNKNOWN_PAR001,,false,true,false
requirements .,2,13,13,D02,34,D02_P034_UNKNOWN_PAR002,,false,true,false
be considered,2,13,13,D02,34,D02_P034_UNKNOWN_PAR002,,false,true,false
a wider,2,13,13,D02,36,D02_P036_SEC_2_50_PAR001,,false,true,false
only a,2,13,13,D02,36,D02_P036_SEC_2_50_PAR001,,false,true,false
overview of,2,13,13,D02,37,D02_P037_SEC_2_51_PAR001,,false,true,false
degree of,2,13,13,D03,21,D03_BOX003,,false,true,false
in developing,2,13,10,D03,21,D03_BOX003,,false,true,false
central banks,2,13,12,D03,21,D03_BOX003,banks,false,true,false
business .,2,13,12,D03,29,D03_BOX011,,false,true,false
resources .,2,13,13,D03,39,D03_BOX015,,false,true,false
and scale,2,13,13,D03,64,D03_BOX023,,false,true,false
and administrative,2,13,13,D03,64,D03_BOX023,,false,true,false
", energy",2,13,13,D03,64,D03_BOX023,energy,false,true,false
inclusion .,2,13,12,D03,1,D03_P001_SEC_3_1_PAR001,,false,true,false
operations .,2,13,13,D03,1,D03_P001_UNKNOWN_PAR002,,false,true,false
"supply ,",2,13,13,D03,2,D03_P002_SEC_3_1_PAR001,supply,false,true,false
impact on,2,13,13,D03,3,D03_P003_SEC_3_4_PAR002,,false,true,false
via the,2,13,13,D03,3,D03_P003_SEC_3_6_PAR001,,false,true,false
models .,2,13,13,D03,4,D03_P004_SEC_3_7_PAR001,,false,true,false
risk of,2,13,13,D03,4,D03_P004_SEC_3_7_PAR001,,false,true,false
marking a,2,13,13,D03,4,D03_P004_SEC_3_7_PAR001,,false,true,false
"third ,",2,13,13,D03,6,D03_P006_SEC_3_8_PAR002,,false,true,false
the two,2,13,13,D03,7,D03_P007_SEC_3_8_PAR007,,true,true,false
vulnerable to,2,13,13,D03,8,D03_P008_UNKNOWN_PAR001,,false,true,false
's growth,2,13,13,D03,10,D03_P010_SEC_3_13_PAR001,growth,false,true,false
discusses the,2,13,12,D03,13,D03_P013_SEC_3_19_PAR002,,false,true,false
the msme,2,13,8,D03,16,D03_P016_SEC_3_26_PAR001,,false,true,false
sources .,2,13,13,D03,17,D03_P017_SEC_3_30_PAR001,,false,true,false
of regulations,2,13,12,D03,19,D03_P019_SEC_3_37_PAR001,,false,true,false
has introduced,2,13,13,D03,20,D03_P020_SEC_3_41_PAR001,,false,true,false
and research,2,13,13,D03,21,D03_P021_SEC_3_41_PAR002,,false,true,false
ai adoption,2,13,11,D03,22,D03_P022_SEC_3_41_PAR005,,false,true,false
", enhancing",2,13,13,D03,22,D03_P022_SEC_3_41_PAR006,,false,true,false
in ai,2,13,12,D03,23,D03_P023_SEC_3_41_PAR003,,false,true,false
"assessment ,",2,13,13,D03,26,D03_P026_SEC_3_47_PAR003,,false,true,false
to integrate,2,13,13,D03,26,D03_P026_SEC_3_47_PAR005,,false,true,false
the scale,2,13,13,D03,27,D03_P027_SEC_3_48_PAR001,,false,true,false
cy 2025,2,13,9,D03,28,D03_P028_SEC_3_49_PAR002,,false,true,false
"creation ,",2,13,13,D03,28,D03_P028_SEC_3_49_PAR002,,false,true,false
to use,2,13,13,D03,30,D03_P030_SEC_3_50_PAR004,,false,true,false
to evolve,2,13,12,D03,31,D03_P031_SEC_3_50_PAR003,,false,true,false
to include,2,13,12,D03,31,D03_P031_SEC_3_50_PAR003,,false,true,false
an estimated,2,13,13,D03,34,D03_P034_SEC_3_60_PAR001,,false,true,false
and medium,2,13,13,D03,36,D03_P036_SEC_3_70_PAR001,,false,true,false
funds ),2,13,13,D03,38,D03_P038_SEC_3_72_PAR001,,false,true,false
"exchanges ,",2,13,13,D03,38,D03_P038_UNKNOWN_PAR003,,false,true,false
"participants ,",2,13,13,D03,38,D03_P038_UNKNOWN_PAR003,,false,true,false
investors in,2,13,12,D03,39,D03_P039_SEC_3_73_PAR001,investors,false,true,false
urban centres,2,13,12,D03,39,D03_P039_SEC_3_73_PAR001,,false,true,false
complementing this,2,13,13,D03,42,D03_P042_SEC_3_74_PAR002,,false,true,false
export competitiveness,2,13,11,D03,46,D03_P046_SEC_3_85_PAR001,export,false,true,false
the majority,2,13,10,D03,47,D03_P047_SEC_3_85_PAR004,,false,true,false
", learning",2,13,13,D03,48,D03_P048_SEC_3_85_PAR004,,false,true,false
the appeal,2,13,11,D03,51,D03_P051_SEC_3_88_PAR001,,false,true,false
risk aversion,2,13,13,D03,51,D03_P051_SEC_3_89_PAR001,,false,true,false
foreign investment,2,13,13,D03,51,D03_P051_SEC_3_90_PAR001,foreign;investment,false,true,false
alignment with,2,13,13,D03,58,D03_P058_SEC_3_99_PAR004,,false,true,false
. all,2,13,13,D03,58,D03_P058_SEC_3_99_PAR005,,false,true,false
network of,2,13,13,D03,58,D03_P058_SEC_3_99_PAR005,,false,true,false
vital for,2,13,13,D03,59,D03_P059_SEC_3_99_PAR003,,false,true,false
challenges .,2,13,13,D03,59,D03_P059_SEC_3_99_PAR005,,false,true,false
under this,2,13,13,D03,61,D03_P061_SEC_3_99_PAR002,,true,true,false
industry .,2,13,13,D03,61,D03_P061_SEC_3_99_PAR007,industry,false,true,false
"regulation ,",2,13,13,D03,63,D03_P063_UNKNOWN_PAR002,regulation,false,true,false
those of,2,13,13,D03,64,D03_P064_UNKNOWN_PAR001,,true,true,false
to avoid,2,13,13,D03,64,D03_P064_UNKNOWN_PAR001,,false,true,false
building a,2,13,13,D03,65,D03_P065_UNKNOWN_PAR011,,false,true,false
global markets,2,13,13,D04,50,D04_BOX011,markets,false,true,false
and jewellery,2,13,7,D04,1,D04_P001_UNKNOWN_PAR003,,false,true,false
the merchandise,2,13,13,D04,1,D04_P001_UNKNOWN_PAR003,,false,true,false
", how",2,13,6,D04,3,D04_P003_SEC_4_7_PAR001,,false,true,false
in chart,2,13,13,D04,3,D04_P003_SEC_4_8_PAR001,,false,true,false
"diversification ,",2,13,13,D04,8,D04_P008_SEC_4_17_PAR001,,false,true,false
( the,2,13,11,D04,8,D04_P008_SEC_4_20_PAR003,,false,true,false
and production,2,13,13,D04,11,D04_P011_SEC_4_28_PAR001,,false,true,false
incomes .,2,13,12,D04,13,D04_P013_SEC_4_32_PAR001,,false,true,false
pli scheme,2,13,9,D04,13,D04_P013_SEC_4_35_PAR001,,false,true,false
", development",2,13,13,D04,20,D04_P020_SEC_4_46_PAR001,,false,true,false
necessary to,2,13,13,D04,24,D04_P024_UNKNOWN_PAR002,,false,true,false
's services,2,13,13,D04,26,D04_P026_SEC_4_56_PAR001,,false,true,false
centres (,2,13,13,D04,26,D04_P026_SEC_4_58_PAR001,,false,true,false
through which,2,13,13,D04,36,D04_P036_SEC_4_80_PAR004,,true,true,false
to engage,2,13,13,D04,38,D04_P038_SEC_4_80_PAR002,,false,true,false
in 2022,2,13,13,D04,39,D04_P039_SEC_4_81_PAR001,,false,true,false
learning and,2,13,13,D04,41,D04_P041_SEC_4_81_PAR004,,false,true,false
to higher,2,13,12,D04,49,D04_P049_SEC_4_94_PAR001,,false,true,false
failed to,2,13,10,D04,51,D04_P051_SEC_4_97_PAR002,,false,true,false
globally competitive,2,13,13,D04,53,D04_P053_SEC_4_99_PAR004,,false,true,false
benefit from,2,13,13,D04,16,D04_T001,,false,true,false
schemes and,2,13,13,D06,13,D06_BOX005,,false,true,false
mission on,2,13,9,D06,2,D06_P002_SEC_6_3_PAR001,,false,true,false
"priorities ,",2,13,13,D06,9,D06_P009_SEC_6_14_PAR001,,false,true,false
in 2023-24,2,13,11,D06,10,D06_P010_SEC_6_16_PAR001,,false,true,false
"water ,",2,13,13,D06,11,D06_P011_SEC_6_16_PAR003,,false,true,false
planning .,2,13,13,D06,14,D06_P014_SEC_6_22_PAR001,,false,true,false
set up,2,13,13,D06,18,D06_P018_SEC_6_26_PAR001,,false,true,false
", quality",2,13,12,D06,20,D06_P020_SEC_6_31_PAR001,,false,true,false
"schools ,",2,13,12,D06,22,D06_P022_SEC_6_35_PAR001,,false,true,false
ensuring the,2,13,13,D06,29,D06_P029_SEC_6_53_PAR001,,false,true,false
potential of,2,13,13,D07,30,D07_BOX013,,false,true,false
and management,2,13,13,D07,12,D07_P012_SEC_7_18_PAR001,,false,true,false
and training,2,13,13,D07,14,D07_P014_SEC_7_18_PAR002,,false,true,false
"ports ,",2,13,13,D07,15,D07_P015_SEC_7_21_PAR004,,false,true,false
and execution,2,13,13,D07,20,D07_P020_SEC_7_27_PAR001,,false,true,false
2 and,2,13,11,D07,20,D07_P020_SEC_7_28_PAR001,,false,true,false
th in,2,13,7,D07,24,D07_P024_SEC_7_38_PAR001,,false,true,false
", housing",2,13,11,D07,28,D07_P028_SEC_7_50_PAR001,,false,true,false
policy initiatives,2,13,12,D07,31,D07_P031_SEC_7_54_PAR001,policy,false,true,false
' (,2,13,12,D08,13,D08_BOX001,,false,false,false
areas of,2,13,13,D08,2,D08_P002_SEC_8_4_PAR001,,false,true,false
technologies .,2,13,13,D08,23,D08_P023_SEC_8_46_PAR004,,false,true,false
", 2015",2,13,11,D08,39,D08_P039_SEC_8_66_PAR005,,false,true,false
", institutional",2,13,13,D08,44,D08_P044_SEC_8_72_PAR002,,false,true,false
have to,2,13,11,D08,44,D08_P044_SEC_8_72_PAR004,,true,true,false
and shared,2,13,12,D08,45,D08_P045_SEC_8_75_PAR001,,false,true,false
participated in,2,13,12,D09,9,D09_P009_SEC_9_17_PAR004,,false,true,false
taken by,2,13,11,D10,6,D10_P006_SEC_10_19_PAR001,,false,true,false
make the,2,13,12,D10,19,D10_P019_SEC_10_46_PAR002,,false,true,false
education system,2,13,12,D11,21,D11_BOX011,,false,true,false
a study,2,13,12,D11,25,D11_P025_SEC_11_38_PAR001,,false,true,false
of work,2,13,12,D12,17,D12_BOX005,,false,true,false
's participation,2,13,13,D12,5,D12_P005_SEC_12_11_PAR001,,false,true,false
increase by,2,13,10,D12,35,D12_P035_SEC_12_50_PAR004,,false,true,false
public interest,2,13,12,D14,27,D14_P027_SEC_14_60_PAR003,,false,true,false
substitution to,2,13,13,D16,1,D16_P001_UNKNOWN_PAR001,,false,true,false
entrepreneurial state,2,13,12,D16,18,D16_P018_SEC_16_56_PAR001,,false,true,false
of investors,2,13,11,D16,24,D16_P024_SEC_16_74_PAR001,investors,false,true,false
net worth,2,13,10,D21,2,D21_BOX001,,false,true,false
reits and,2,13,10,D21,11,D21_BOX007,,false,true,false
and invits,2,13,10,D21,11,D21_BOX007,,false,true,false
for mutual,2,13,9,D21,3,D21_P003_SEC_3_1_1_PAR002,,false,true,false
requirements ),2,13,12,D21,3,D21_P003_SEC_3_1_1_PAR009,,false,true,false
total amount,2,13,10,D21,4,D21_P004_SEC_3_1_2_PAR005,,false,true,false
₹ crore,2,13,10,D21,11,D21_T009,,false,true,false
( stock,2,13,7,D22,33,D22_P033_SEC_4_7_5_PAR004,,false,true,false
"01 ,",2,13,13,D22,33,D22_P033_SEC_4_7_5_PAR007,,false,true,false
section 4,2,13,6,D22,36,D22_P036_SEC_4_8_2_PAR005,,false,true,false
category i,2,13,7,D23,10,D23_BOX003,,false,true,false
disposed of,2,13,11,D28,7,D28_P007_SEC_10_1_4_PAR002,,false,true,false
accused no,2,13,4,D28,33,D28_P033_UNKNOWN_PAR004,,false,true,false
. 5,2,12,12,D01,5,D01_BOX001,,false,true,false
the present,2,12,12,D01,18,D01_BOX003,,false,true,false
"households ,",2,12,12,D01,21,D01_BOX005,,false,true,false
has shown,2,12,12,D01,1,D01_P001_UNKNOWN_PAR002,,false,true,false
consumption and,2,12,12,D01,1,D01_P001_UNKNOWN_PAR003,consumption,false,true,false
prices and,2,12,11,D01,2,D01_P002_SEC_1_1_PAR001,,false,true,false
is reflected,2,12,12,D01,2,D01_P002_SEC_1_1_PAR001,,false,true,false
emerging market,2,12,12,D01,2,D01_P002_SEC_1_1_PAR001,market,false,true,false
primarily driven,2,12,12,D01,2,D01_P002_SEC_1_1_PAR001,,false,true,false
indicate that,2,12,12,D01,3,D01_P003_SEC_1_2_PAR002,,false,true,false
and india,2,12,12,D01,4,D01_P004_SEC_1_3_PAR001,,false,true,false
borrowing costs,2,12,11,D01,4,D01_P004_SEC_1_3_PAR001,,false,true,false
. capital,2,12,11,D01,4,D01_P004_SEC_1_5_PAR001,capital,false,true,false
"trading ,",2,12,11,D01,6,D01_P006_SEC_1_6_PAR004,,false,true,false
landscape .,2,12,12,D01,6,D01_P006_SEC_1_6_PAR005,,false,true,false
institutional and,2,12,12,D01,7,D01_P007_SEC_1_6_PAR002,,false,true,false
benefits .,2,12,12,D01,7,D01_P007_SEC_1_6_PAR006,,false,true,false
ai and,2,12,12,D01,7,D01_P007_SEC_1_6_PAR008,,false,true,false
", ''",2,12,12,D01,7,D01_P007_SEC_1_6_PAR010,,false,false,false
2023 and,2,12,11,D01,8,D01_P008_SEC_1_6_PAR001,,false,true,false
and resilient,2,12,12,D01,8,D01_P008_SEC_1_6_PAR003,,false,true,false
in gdp,2,12,10,D01,10,D01_P010_SEC_1_9_PAR001,gdp,false,true,false
"moreover ,",2,12,12,D01,10,D01_P010_SEC_1_9_PAR001,,false,true,false
indicate a,2,12,12,D01,11,D01_P011_SEC_1_10_PAR001,,false,true,false
has continued,2,12,12,D01,12,D01_P012_SEC_1_12_PAR001,,false,true,false
estimated at,2,12,11,D01,12,D01_P012_SEC_1_12_PAR001,,false,true,false
public capital,2,12,12,D01,12,D01_P012_SEC_1_12_PAR001,capital,false,true,false
of goods,2,12,11,D01,13,D01_P013_SEC_1_14_PAR001,,false,true,false
", export",2,12,12,D01,14,D01_P014_SEC_1_15_PAR001,export,false,true,false
industry and,2,12,11,D01,14,D01_P014_SEC_1_15_PAR002,industry,false,true,false
"perspective ,",2,12,12,D01,14,D01_P014_SEC_1_16_PAR001,,false,true,false
farm incomes,2,12,12,D01,15,D01_P015_SEC_1_18_PAR001,,false,true,false
regarding the,2,12,11,D01,15,D01_P015_SEC_1_19_PAR001,,false,true,false
than in,2,12,12,D01,16,D01_P016_SEC_1_21_PAR001,,true,true,false
of manufacturing,2,12,12,D01,16,D01_P016_SEC_1_22_PAR001,,false,true,false
"constraints ,",2,12,12,D01,18,D01_P018_SEC_1_26_PAR001,,false,true,false
interest in,2,12,12,D01,19,D01_P019_SEC_1_27_PAR002,,false,true,false
a state,2,12,10,D01,19,D01_P019_UNKNOWN_PAR003,,false,true,false
as follows,2,12,12,D01,19,D01_P019_UNKNOWN_PAR003,,false,true,false
most of,2,12,12,D01,20,D01_P020_UNKNOWN_PAR002,,true,true,false
assistance to,2,12,11,D01,22,D01_P022_SEC_1_28_PAR007,,false,true,false
corporate sector,2,12,11,D01,22,D01_P022_SEC_1_28_PAR012,sector,false,true,false
the combined,2,12,11,D01,23,D01_P023_SEC_1_28_PAR002,,false,true,false
inclusion of,2,12,12,D01,23,D01_P023_SEC_1_28_PAR008,,false,true,false
an integrated,2,12,12,D01,23,D01_P023_SEC_1_28_PAR009,,false,true,false
alongside a,2,12,12,D01,24,D01_P024_SEC_1_29_PAR001,,false,true,false
and supported,2,12,12,D01,24,D01_P024_SEC_1_29_PAR001,,false,true,false
declined to,2,12,12,D01,24,D01_P024_SEC_1_29_PAR001,,false,true,false
context of,2,12,12,D01,24,D01_P024_SEC_1_29_PAR001,,false,true,false
the gross,2,12,11,D01,24,D01_P024_SEC_1_30_PAR001,,false,true,false
", reinforcing",2,12,12,D01,25,D01_P025_SEC_1_30_PAR002,,false,true,false
fiscal space,2,12,12,D01,25,D01_P025_SEC_1_31_PAR001,fiscal,false,true,false
& p,2,12,11,D01,26,D01_P026_SEC_1_32_PAR001,,false,true,false
credit .,2,12,10,D01,27,D01_P027_SEC_1_34_PAR001,credit,false,true,false
has enabled,2,12,12,D01,27,D01_P027_SEC_1_34_PAR001,,false,true,false
net inflows,2,12,10,D01,28,D01_P028_SEC_1_36_PAR001,,false,true,false
pressure on,2,12,12,D01,28,D01_P028_SEC_1_37_PAR001,,false,true,false
point to,2,12,12,D01,29,D01_P029_SEC_1_39_PAR002,,false,true,false
of employment,2,12,12,D01,29,D01_P029_SEC_1_40_PAR001,employment,false,true,false
initiatives have,2,12,12,D01,29,D01_P029_SEC_1_40_PAR001,,false,true,false
measures such,2,12,12,D01,30,D01_P030_SEC_1_42_PAR001,,false,true,false
across sectors,2,12,12,D01,30,D01_P030_SEC_1_42_PAR001,sectors,false,true,false
. that,2,12,12,D01,30,D01_P030_SEC_1_42_PAR001,,false,true,false
will also,2,12,11,D01,31,D01_P031_SEC_1_45_PAR002,,true,true,false
three years,2,12,12,D01,31,D01_P031_SEC_1_46_PAR002,,false,true,false
"governments ,",2,12,12,D01,31,D01_P031_SEC_1_46_PAR002,,false,true,false
consistent with,2,12,12,D01,32,D01_P032_SEC_1_PAR003,,false,true,false
", since",2,12,11,D01,33,D01_P033_SEC_1_PAR006,,false,true,false
this pattern,2,12,12,D01,33,D01_P033_SEC_3_PAR001,,false,true,false
in financial,2,12,9,D01,34,D01_P034_SEC_3_PAR002,financial,false,true,false
east asia,2,12,10,D01,34,D01_P034_SEC_3_PAR004,,false,true,false
parts of,2,12,12,D01,34,D01_P034_SEC_3_PAR004,,false,true,false
potential .,2,12,12,D01,35,D01_P035_SEC_3_PAR002,,false,true,false
"administration ,",2,12,12,D01,9,D01_T002,,false,true,false
", without",2,12,12,D02,5,D02_BOX001,,false,true,false
", largely",2,12,12,D02,15,D02_BOX005,,false,true,false
", green",2,12,12,D02,15,D02_BOX005,,false,true,false
a core,2,12,12,D02,22,D02_BOX011,,false,true,false
on how,2,12,12,D02,22,D02_BOX011,,true,true,false
a larger,2,12,12,D02,22,D02_BOX011,,false,true,false
of resources,2,12,11,D02,22,D02_BOX011,,false,true,false
", suggesting",2,12,12,D02,22,D02_BOX011,,false,true,false
", recognising",2,12,12,D02,26,D02_BOX013,,false,true,false
prs legislative,2,12,11,D02,28,D02_BOX015,,false,true,false
legislative research,2,12,11,D02,28,D02_BOX015,,false,true,false
", tamil",2,12,12,D02,28,D02_BOX015,,false,true,false
on capital,2,12,12,D02,34,D02_BOX017,capital,false,true,false
- fy25,2,12,12,D02,1,D02_P001_UNKNOWN_PAR003,,false,true,false
been the,2,12,12,D02,2,D02_P002_SEC_2_2_PAR001,,true,true,false
( pa,2,12,10,D02,3,D02_P003_SEC_2_4_PAR001,,false,true,false
the revenue,2,12,12,D02,3,D02_P003_SEC_2_4_PAR001,revenue,false,true,false
an environment,2,12,12,D02,4,D02_P004_SEC_2_5_PAR001,,false,true,false
fiscal year,2,12,12,D02,6,D02_P006_SEC_2_10_PAR001,fiscal,false,true,false
budget 2025-26,2,12,11,D02,6,D02_P006_SEC_2_10_PAR001,budget,false,true,false
to take,2,12,12,D02,6,D02_P006_SEC_2_10_PAR001,,false,true,false
2026-27 .,2,12,11,D02,6,D02_P006_SEC_2_10_PAR001,,false,true,false
commodity prices,2,12,9,D02,7,D02_P007_SEC_2_12_PAR001,,false,true,false
to all,2,12,12,D02,10,D02_P010_UNKNOWN_PAR006,,true,true,false
", waste",2,12,11,D02,10,D02_P010_UNKNOWN_PAR008,,false,true,false
key role,2,12,12,D02,11,D02_P011_SEC_2_18_PAR001,,false,true,false
the increase,2,12,11,D02,12,D02_P012_SEC_2_19_PAR001,,false,true,false
enabling the,2,12,12,D02,13,D02_P013_SEC_2_23_PAR001,,false,true,false
decade .,2,12,11,D02,15,D02_P015_SEC_2_26_PAR001,,false,true,false
"17 ,",2,12,12,D02,15,D02_P015_SEC_2_26_PAR001,,false,true,false
or more,2,12,12,D02,17,D02_P017_UNKNOWN_PAR004,,true,true,false
delivery of,2,12,12,D02,17,D02_P017_UNKNOWN_PAR006,,false,true,false
information system,2,12,11,D02,17,D02_P017_UNKNOWN_PAR007,,false,true,false
centre for,2,12,12,D02,17,D02_P017_UNKNOWN_PAR007,,false,true,false
) with,2,12,12,D02,17,D02_P017_UNKNOWN_PAR007,,false,true,false
and environmental,2,12,12,D02,17,D02_P017_UNKNOWN_PAR008,,false,true,false
finance commission,2,12,11,D02,21,D02_P021_SEC_2_33_PAR001,finance,false,true,false
authority (,2,12,11,D02,23,D02_P023_UNKNOWN_PAR001,,false,true,false
and uts,2,12,11,D02,26,D02_P026_SEC_2_40_PAR001,,false,true,false
"fy24 ,",2,12,12,D02,29,D02_P029_UNKNOWN_PAR002,,false,true,false
categories of,2,12,12,D02,30,D02_P030_SEC_2_42_PAR001,,false,true,false
women and,2,12,12,D02,30,D02_P030_UNKNOWN_PAR001,,false,true,false
and nutrition,2,12,10,D02,30,D02_P030_UNKNOWN_PAR001,,false,true,false
mechanisms .,2,12,12,D02,30,D02_P030_UNKNOWN_PAR002,,false,true,false
risk .,2,12,12,D02,35,D02_P035_SEC_2_46_PAR001,,false,true,false
"equity ,",2,12,12,D02,36,D02_P036_SEC_2_49_PAR001,equity,false,true,false
to other,2,12,12,D02,36,D02_P036_SEC_2_49_PAR001,,true,true,false
disclosure of,2,12,10,D02,36,D02_P036_SEC_2_50_PAR001,,false,true,false
investor base,2,12,10,D02,37,D02_P037_UNKNOWN_PAR001,investor,false,true,false
is crucial,2,12,12,D02,38,D02_P038_SEC_2_53_PAR001,,false,true,false
' is,2,12,8,D02,39,D02_P039_UNKNOWN_PAR002,,false,true,false
to gdp,2,12,11,D02,39,D02_P039_UNKNOWN_PAR002,gdp,false,true,false
"discipline ,",2,12,12,D02,40,D02_P040_UNKNOWN_PAR001,,false,true,false
and debt,2,12,12,D02,41,D02_P041_SEC_2_55_PAR001,debt,false,true,false
the early,2,12,12,D02,41,D02_P041_SEC_2_56_PAR003,,false,true,false
the recommendations,2,12,12,D02,42,D02_P042_SEC_2_56_PAR001,,false,true,false
"structures ,",2,12,11,D02,42,D02_P042_SEC_2_58_PAR001,,false,true,false
lakh crore,2,12,7,D02,12,D02_T003,,false,true,false
ai in,2,12,11,D03,21,D03_BOX003,,false,true,false
"decades ,",2,12,12,D03,24,D03_BOX007,,false,true,false
the insurance,2,12,11,D03,60,D03_BOX021,,false,true,false
stable and,2,12,12,D03,60,D03_BOX021,stable,false,true,false
this requires,2,12,11,D03,64,D03_BOX023,,false,true,false
systems that,2,12,11,D03,64,D03_BOX023,,false,true,false
energy transition,2,12,12,D03,64,D03_BOX023,energy,false,true,false
's development,2,12,12,D03,64,D03_BOX023,,false,true,false
international financial,2,12,11,D03,1,D03_P001_UNKNOWN_PAR004,financial,false,true,false
while india,2,12,12,D03,1,D03_P001_UNKNOWN_PAR005,,false,true,false
meet the,2,12,12,D03,1,D03_P001_UNKNOWN_PAR005,,false,true,false
households .,2,12,11,D03,2,D03_P002_SEC_3_1_PAR001,,false,true,false
resources and,2,12,11,D03,2,D03_P002_SEC_3_1_PAR001,,false,true,false
the benefits,2,12,12,D03,2,D03_P002_SEC_3_2_PAR001,,false,true,false
investments and,2,12,12,D03,3,D03_P003_SEC_3_6_PAR001,investments,false,true,false
box iii.,2,12,12,D03,4,D03_P004_SEC_3_8_PAR001,,false,true,false
", market",2,12,11,D03,5,D03_P005_SEC_3_8_PAR002,market,false,true,false
mix of,2,12,12,D03,5,D03_P005_SEC_3_8_PAR004,,false,true,false
december 2025 .,2,12,11,D03,9,D03_P009_SEC_3_10_PAR001,,false,true,false
sustainable development,2,12,11,D03,9,D03_P009_SEC_3_9_PAR001,,false,true,false
in november 2025,2,12,10,D03,12,D03_P012_SEC_3_17_PAR001,,false,true,false
to financial,2,12,11,D03,13,D03_P013_SEC_3_19_PAR002,financial,false,true,false
this sector,2,12,12,D03,13,D03_P013_SEC_3_21_PAR001,sector,false,true,false
. their,2,12,12,D03,14,D03_P014_SEC_3_23_PAR001,,false,true,false
sector continues,2,12,12,D03,16,D03_P016_SEC_3_26_PAR001,sector,false,true,false
the agricultural,2,12,12,D03,18,D03_P018_SEC_3_34_PAR001,,false,true,false
and efficiency,2,12,12,D03,19,D03_P019_SEC_3_36_PAR001,,false,true,false
is designed,2,12,12,D03,20,D03_P020_SEC_3_41_PAR001,,false,true,false
economic development,2,12,12,D03,22,D03_P022_SEC_3_41_PAR004,,false,true,false
"integration ,",2,12,12,D03,22,D03_P022_SEC_3_41_PAR004,,false,true,false
data governance,2,12,12,D03,22,D03_P022_SEC_3_41_PAR006,,false,true,false
monitoring and,2,12,12,D03,23,D03_P023_SEC_3_41_PAR002,,false,true,false
to scale,2,12,12,D03,25,D03_P025_SEC_3_47_PAR002,,false,true,false
integrated into,2,12,12,D03,25,D03_P025_SEC_3_47_PAR004,,false,true,false
access for,2,12,11,D03,28,D03_P028_SEC_3_49_PAR004,,false,true,false
finance .,2,12,11,D03,29,D03_P029_SEC_3_49_PAR005,finance,false,true,false
. rather,2,12,12,D03,30,D03_P030_SEC_3_50_PAR004,,false,true,false
access and,2,12,12,D03,31,D03_P031_SEC_3_50_PAR003,,false,true,false
", corporate",2,12,12,D03,33,D03_P033_SEC_3_57_PAR001,,false,true,false
a framework,2,12,12,D03,34,D03_P034_SEC_3_63_PAR001,,false,true,false
in q2 fy26,2,12,9,D03,34,D03_P034_SEC_3_64_PAR001,,false,true,false
nifty 50,2,12,10,D03,35,D03_P035_SEC_3_65_PAR001,,false,true,false
instruments .,2,12,11,D03,39,D03_P039_SEC_3_73_PAR003,,false,true,false
funds in,2,12,11,D03,39,D03_P039_SEC_3_73_PAR003,,false,true,false
debt instruments,2,12,11,D03,41,D03_P041_SEC_3_73_PAR002,debt,false,true,false
market infrastructure,2,12,12,D03,42,D03_P042_SEC_3_74_PAR002,market,false,true,false
requirements for,2,12,12,D03,43,D03_P043_SEC_3_74_PAR003,,false,true,false
issuance of,2,12,9,D03,43,D03_P043_SEC_3_74_PAR003,,false,true,false
mandated to,2,12,11,D03,43,D03_P043_SEC_3_74_PAR005,,false,true,false
registered intermediaries,2,12,9,D03,43,D03_P043_SEC_3_74_PAR005,,false,true,false
investor confidence,2,12,12,D03,44,D03_P044_SEC_3_76_PAR001,investor,false,true,false
supply of,2,12,11,D03,45,D03_P045_SEC_3_79_PAR001,supply,false,true,false
"report ,",2,12,12,D03,45,D03_P045_SEC_3_81_PAR001,,false,true,false
introduced the,2,12,12,D03,45,D03_P045_SEC_3_82_PAR001,,false,true,false
promotion of,2,12,10,D03,45,D03_P045_SEC_3_82_PAR001,,false,true,false
estate investment,2,12,11,D03,45,D03_P045_SEC_3_82_PAR001,investment,false,true,false
indian firms,2,12,12,D03,46,D03_P046_SEC_3_84_PAR001,,false,true,false
capital inflows,2,12,10,D03,47,D03_P047_SEC_3_85_PAR003,capital,false,true,false
also a,2,12,12,D03,47,D03_P047_SEC_3_85_PAR003,,true,true,false
made by,2,12,12,D03,52,D03_P052_SEC_3_92_PAR001,,false,true,false
institutions and,2,12,12,D03,53,D03_P053_SEC_3_95_PAR001,,false,true,false
for its,2,12,12,D03,55,D03_P055_SEC_3_99_PAR001,,true,true,false
central and,2,12,12,D03,55,D03_P055_SEC_3_99_PAR003,,false,true,false
", yet",2,12,12,D03,56,D03_P056_SEC_3_99_PAR006,,false,true,false
the progress,2,12,12,D03,56,D03_P056_SEC_3_99_PAR006,,false,true,false
total number,2,12,12,D03,59,D03_P059_SEC_3_99_PAR003,,false,true,false
of more,2,12,12,D03,60,D03_P060_SEC_3_99_PAR003,,true,true,false
act .,2,12,12,D03,60,D03_P060_SEC_3_99_PAR003,,false,true,false
"value ,",2,12,12,D03,62,D03_P062_SEC_3_99_PAR002,,false,true,false
this framework,2,12,12,D03,62,D03_P062_UNKNOWN_PAR001,,false,true,false
the proposed,2,12,12,D03,65,D03_P065_UNKNOWN_PAR002,,false,true,false
but they,2,12,11,D03,65,D03_P065_UNKNOWN_PAR012,,true,true,false
inward fdi,2,12,5,D04,34,D04_BOX003,fdi,false,true,false
is evident,2,12,12,D04,3,D04_P003_SEC_4_6_PAR001,,false,true,false
the transition,2,12,12,D04,3,D04_P003_SEC_4_7_PAR001,,false,true,false
how they,2,12,8,D04,3,D04_P003_SEC_4_7_PAR001,,true,true,false
industrial policy,2,12,12,D04,4,D04_P004_SEC_4_9_PAR001,policy,false,true,false
"'' ,",2,12,10,D04,5,D04_P005_SEC_4_9_PAR001,,false,false,false
's ability,2,12,12,D04,9,D04_P009_SEC_4_22_PAR001,,false,true,false
"facilities ,",2,12,12,D04,13,D04_P013_SEC_4_31_PAR001,,false,true,false
economic complexity,2,12,8,D04,19,D04_P019_SEC_4_44_PAR001,,false,true,false
to produce,2,12,10,D04,19,D04_P019_SEC_4_44_PAR003,,false,true,false
: india,2,12,12,D04,20,D04_P020_SEC_4_47_PAR003,,false,true,false
"country ,",2,12,12,D04,20,D04_P020_SEC_4_47_PAR007,,false,true,false
are often,2,12,12,D04,21,D04_P021_SEC_4_48_PAR001,,false,true,false
challenges and,2,12,11,D04,21,D04_P021_SEC_4_50_PAR001,,false,true,false
gvcs .,2,12,12,D04,22,D04_P022_SEC_4_50_PAR004,,false,true,false
in all,2,12,12,D04,22,D04_P022_UNKNOWN_PAR004,,true,true,false
", that",2,12,11,D04,22,D04_P022_UNKNOWN_PAR004,,false,true,false
was to,2,12,10,D04,22,D04_P022_UNKNOWN_PAR004,,true,true,false
of one,2,12,12,D04,23,D04_P023_UNKNOWN_PAR007,,true,true,false
crucial role,2,12,12,D04,26,D04_P026_SEC_4_56_PAR001,,false,true,false
concentration of,2,12,11,D04,32,D04_P032_SEC_4_69_PAR001,,false,true,false
challenge is,2,12,12,D04,35,D04_P035_SEC_4_80_PAR001,,false,true,false
to issue,2,12,12,D04,36,D04_P036_SEC_4_80_PAR003,,false,true,false
contribute to,2,12,12,D04,36,D04_P036_SEC_4_80_PAR003,,false,true,false
working group,2,12,10,D04,36,D04_P036_SEC_4_80_PAR006,,false,true,false
", fostering",2,12,12,D04,38,D04_P038_SEC_4_80_PAR001,,false,true,false
of our,2,12,12,D04,39,D04_P039_SEC_4_80_PAR001,,false,true,false
and facilitate,2,12,12,D04,40,D04_P040_SEC_4_81_PAR002,,false,true,false
standards and,2,12,12,D04,51,D04_P051_SEC_4_97_PAR004,,false,true,false
in several,2,12,11,D05,3,D05_P003_SEC_5_5_PAR001,,false,true,false
had been,2,12,9,D05,8,D05_P008_SEC_5_12_PAR001,,true,true,false
. unlike,2,12,12,D05,10,D05_P010_SEC_5_17_PAR001,,false,true,false
water management,2,12,12,D06,7,D06_BOX001,,false,true,false
nation 's,2,12,12,D06,10,D06_BOX003,,false,true,false
( 3,2,12,12,D06,13,D06_BOX005,,false,true,false
scale of,2,12,12,D06,23,D06_BOX009,,false,true,false
opportunities and,2,12,12,D06,2,D06_P002_SEC_6_2_PAR001,,false,true,false
and regional,2,12,12,D06,3,D06_P003_SEC_6_5_PAR001,,false,true,false
implementing the,2,12,12,D06,9,D06_P009_SEC_6_15_PAR001,,false,true,false
"land ,",2,12,12,D06,11,D06_P011_SEC_6_16_PAR003,,false,true,false
"programme ,",2,12,10,D06,11,D06_P011_SEC_6_17_PAR001,,false,true,false
land use,2,12,10,D06,14,D06_P014_SEC_6_22_PAR001,,false,true,false
becomes a,2,12,11,D06,17,D06_P017_UNKNOWN_PAR003,,false,true,false
in 2020,2,12,12,D06,20,D06_P020_SEC_6_31_PAR001,,false,true,false
investment of,2,12,11,D06,21,D06_P021_SEC_6_33_PAR001,investment,false,true,false
"states/uts ,",2,12,11,D06,31,D06_P031_SEC_6_54_PAR002,,false,true,false
", new",2,12,12,D07,1,D07_P001_UNKNOWN_PAR003,,false,true,false
information and,2,12,12,D07,5,D07_P005_SEC_7_10_PAR001,,false,true,false
"state ,",2,12,11,D07,15,D07_P015_SEC_7_21_PAR003,,false,true,false
kerala 's,2,12,10,D07,20,D07_P020_SEC_7_27_PAR001,,false,true,false
"sanitation ,",2,12,12,D07,20,D07_P020_SEC_7_27_PAR001,,false,true,false
5 g,2,12,6,D07,27,D07_P027_SEC_7_48_PAR001,,false,true,false
ownership of,2,12,11,D07,28,D07_P028_SEC_7_49_PAR001,,false,true,false
in case,2,12,11,D08,13,D08_BOX001,,false,true,false
medium enterprises,2,12,12,D08,34,D08_BOX019,,false,true,false
( from,2,12,11,D08,13,D08_P013_SEC_8_28_PAR002,,false,true,false
purpose of,2,12,12,D08,19,D08_P019_SEC_8_39_PAR001,,false,true,false
fund of,2,12,11,D08,22,D08_P022_SEC_8_44_PAR001,,false,true,false
"capability ,",2,12,12,D08,30,D08_P030_SEC_8_54_PAR001,,false,true,false
"labour ,",2,12,12,D08,32,D08_P032_SEC_8_57_PAR001,,false,true,false
to operate,2,12,12,D08,32,D08_P032_SEC_8_57_PAR002,,false,true,false
the platform,2,12,11,D08,36,D08_P036_SEC_8_66_PAR001,,false,true,false
the risks,2,12,12,D08,44,D08_P044_SEC_8_72_PAR004,,false,true,false
create a,2,12,12,D08,45,D08_P045_SEC_8_75_PAR001,,false,true,false
framework :,2,12,12,D09,21,D09_BOX019,,false,true,false
", training",2,12,12,D09,21,D09_BOX019,,false,true,false
flexibility and,2,12,10,D09,27,D09_P027_SEC_4_PAR001,,false,true,false
of life,2,12,11,D09,33,D09_P033_SEC_9_50_PAR002,,false,true,false
. retrieved,2,12,6,D10,18,D10_BOX005,,false,true,false
not as,2,12,12,D10,4,D10_P004_SEC_10_11_PAR001,,true,true,false
will have,2,12,12,D10,4,D10_P004_SEC_10_9_PAR001,,true,true,false
list of,2,12,12,D10,17,D10_P017_SEC_10_43_PAR001,,false,true,false
exchanges .,2,12,12,D10,22,D10_P022_SEC_10_57_PAR001,,false,true,false
"2 ,",2,12,12,D10,24,D10_P024_SEC_10_58_PAR003,,false,true,false
( c,2,12,11,D10,24,D10_P024_SEC_10_58_PAR004,,false,true,false
time to,2,12,12,D11,30,D11_BOX013,,false,true,false
"children ,",2,12,12,D11,35,D11_BOX015,,false,true,false
the school,2,12,10,D11,35,D11_BOX015,,false,true,false
the education,2,12,10,D11,1,D11_P001_UNKNOWN_PAR003,,false,true,false
"8 ,",2,12,12,D11,4,D11_P004_SEC_11_10_PAR001,,false,true,false
the institute,2,12,12,D11,10,D11_P010_SEC_11_17_PAR002,,false,true,false
of training,2,12,11,D11,14,D11_P014_SEC_11_21_PAR001,,false,true,false
the regulations,2,12,10,D11,21,D11_P021_SEC_11_33_PAR001,,false,true,false
2 (,2,12,4,D12,25,D12_BOX009,,false,true,false
social mobility,2,12,6,D12,2,D12_P002_SEC_12_4_PAR001,,false,true,false
the court,2,12,10,D13,33,D13_P033_SEC_13_86_PAR001,,false,true,false
to ai,2,12,12,D14,3,D14_P003_SEC_14_5_PAR001,,false,true,false
in accordance,2,12,11,D14,21,D14_P021_SEC_14_43_PAR001,,false,true,false
accordance with,2,12,11,D14,21,D14_P021_SEC_14_43_PAR001,,false,true,false
our cities,2,12,10,D15,24,D15_BOX007,,false,true,false
under uncertainty,2,12,12,D16,1,D16_P001_UNKNOWN_PAR004,,false,true,false
the special,2,12,6,D17,29,D17_P029_UNKNOWN_PAR005,,false,true,false
"march 2026 ,",2,12,11,D18,3,D18_P003_IV_PAR001,,false,true,false
th fc,2,12,4,D19,9,D19_P009_UNKNOWN_PAR005,,false,true,false
down from,2,12,12,D20,5,D20_P005_SEC_2_1_3_PAR003,,true,true,false
lodr regulations,2,12,10,D21,13,D21_BOX009,,false,true,false
percentage share,2,12,9,D21,5,D21_T001,,false,true,false
of issues,2,12,6,D21,7,D21_T004,,false,true,false
exchanges and,2,12,10,D21,15,D21_T014,,false,true,false
the matter,2,12,12,D22,12,D22_BOX003,,false,true,false
clearing members,2,12,9,D22,6,D22_P006_SEC_4_1_1_PAR003,,false,true,false
31 -mar,2,12,3,D22,7,D22_T006,,false,true,false
oriented schemes,2,12,2,D23,4,D23_T001,,false,true,false
and amfi,2,12,12,D26,7,D26_BOX001,,false,true,false
2025 in,2,12,12,D26,8,D26_P008_SEC_8_1_6_PAR008,,false,true,false
vide order,2,12,11,D28,15,D28_P015_SEC_10_2_2_PAR005,,false,true,false
delhi high,2,12,9,D28,27,D28_P027_UNKNOWN_PAR004,,false,true,false
"objectives ,",2,11,10,D01,5,D01_BOX001,,false,true,false
and growth,2,11,11,D01,18,D01_BOX003,growth,false,true,false
", several",2,11,11,D01,21,D01_BOX005,,false,true,false
the annual,2,11,10,D01,21,D01_BOX005,,false,true,false
survey (,2,11,10,D01,21,D01_BOX005,,false,true,false
", i.e.",2,11,11,D01,21,D01_BOX005,,false,true,false
whether the,2,11,11,D01,31,D01_BOX007,,false,true,false
geopolitical tensions,2,11,11,D01,1,D01_P001_UNKNOWN_PAR002,,false,true,false
growth momentum,2,11,11,D01,1,D01_P001_UNKNOWN_PAR003,growth,false,true,false
. manufacturing,2,11,11,D01,1,D01_P001_UNKNOWN_PAR003,,false,true,false
"estimates ,",2,11,11,D01,1,D01_P001_UNKNOWN_PAR004,,false,true,false
trade agreements,2,11,10,D01,2,D01_P002_SEC_1_1_PAR001,trade,false,true,false
and developing,2,11,10,D01,2,D01_P002_SEC_1_1_PAR001,,false,true,false
across countries,2,11,11,D01,3,D01_P003_SEC_1_2_PAR002,,false,true,false
key driver,2,11,11,D01,3,D01_P003_SEC_1_2_PAR002,,false,true,false
coupled with,2,11,11,D01,4,D01_P004_SEC_1_5_PAR001,,false,true,false
investment (,2,11,9,D01,4,D01_P004_SEC_1_5_PAR001,investment,false,true,false
flows in,2,11,8,D01,4,D01_P004_SEC_1_5_PAR001,,false,true,false
in certain,2,11,11,D01,4,D01_P004_SEC_1_5_PAR001,,false,true,false
s .,2,11,10,D01,5,D01_P005_SEC_1_6_PAR001,,false,true,false
a source,2,11,11,D01,6,D01_P006_SEC_1_6_PAR002,,false,true,false
of export,2,11,11,D01,6,D01_P006_SEC_1_6_PAR002,export,false,true,false
raw materials,2,11,10,D01,6,D01_P006_SEC_1_6_PAR002,,false,true,false
. although,2,11,11,D01,6,D01_P006_SEC_1_6_PAR007,,false,true,false
chart iv.,2,11,11,D01,7,D01_P007_SEC_1_6_PAR005,,false,true,false
china 's,2,11,10,D01,7,D01_P007_SEC_1_6_PAR008,,false,true,false
debt-to-gdp ratio,2,11,9,D01,8,D01_P008_SEC_1_6_PAR002,,false,true,false
other countries,2,11,11,D01,8,D01_P008_SEC_1_6_PAR002,,false,true,false
the effectiveness,2,11,10,D01,8,D01_P008_SEC_1_6_PAR003,,false,true,false
. against,2,11,11,D01,8,D01_P008_SEC_1_7_PAR001,,false,true,false
examines the,2,11,11,D01,9,D01_P009_SEC_1_8_PAR002,,false,true,false
consumption expenditure,2,11,9,D01,10,D01_P010_SEC_1_9_PAR001,consumption;expenditure,false,true,false
its share,2,11,11,D01,10,D01_P010_SEC_1_9_PAR001,,false,true,false
", stable",2,11,11,D01,10,D01_P010_SEC_1_9_PAR001,stable,false,true,false
moderation in,2,11,11,D01,11,D01_P011_SEC_1_10_PAR001,,false,true,false
", also",2,11,11,D01,13,D01_P013_SEC_1_14_PAR001,,false,true,false
the structural,2,11,11,D01,14,D01_P014_SEC_1_17_PAR001,,false,true,false
for more,2,11,11,D01,14,D01_P014_SEC_1_17_PAR001,,true,true,false
of around,2,11,11,D01,15,D01_P015_SEC_1_17_PAR002,,false,true,false
stable at,2,11,10,D01,15,D01_P015_SEC_1_19_PAR001,stable,false,true,false
", growing",2,11,11,D01,15,D01_P015_SEC_1_19_PAR001,,false,true,false
water supply,2,11,11,D01,16,D01_P016_SEC_1_20_PAR001,supply,false,true,false
expansion .,2,11,11,D01,17,D01_P017_SEC_1_23_PAR001,,false,true,false
the service,2,11,11,D01,18,D01_P018_SEC_1_25_PAR001,,false,true,false
principle of,2,11,11,D01,19,D01_P019_SEC_1_27_PAR002,,false,true,false
been introduced,2,11,11,D01,22,D01_P022_SEC_1_28_PAR003,,false,true,false
introduced to,2,11,10,D01,22,D01_P022_SEC_1_28_PAR003,,false,true,false
coordination across,2,11,11,D01,22,D01_P022_SEC_1_28_PAR007,,false,true,false
price index,2,11,9,D01,23,D01_P023_SEC_1_28_PAR008,,false,true,false
"2023-24 ,",2,11,11,D01,23,D01_P023_SEC_1_28_PAR008,,false,true,false
price pressures,2,11,10,D01,24,D01_P024_SEC_1_29_PAR001,,false,true,false
primarily by,2,11,11,D01,24,D01_P024_SEC_1_29_PAR001,,false,true,false
"these ,",2,11,11,D01,24,D01_P024_SEC_1_29_PAR001,,false,true,false
tax collections,2,11,8,D01,24,D01_P024_SEC_1_30_PAR001,tax,false,true,false
in revenue,2,11,10,D01,25,D01_P025_SEC_1_30_PAR002,revenue,false,true,false
's fiscal,2,11,9,D01,25,D01_P025_SEC_1_31_PAR001,fiscal,false,true,false
this year,2,11,11,D01,25,D01_P025_SEC_1_31_PAR001,,false,true,false
and fy25,2,11,11,D01,25,D01_P025_SEC_1_31_PAR001,,false,true,false
"deficit ,",2,11,11,D01,25,D01_P025_SEC_1_31_PAR001,deficit,false,true,false
the budget,2,11,9,D01,25,D01_P025_SEC_1_31_PAR001,budget,false,true,false
budget estimates,2,11,11,D01,25,D01_P025_SEC_1_31_PAR001,budget,false,true,false
"yields ,",2,11,11,D01,25,D01_P025_SEC_1_32_PAR001,yields,false,true,false
inflationary pressures,2,11,10,D01,26,D01_P026_SEC_1_33_PAR001,,false,true,false
banking system,2,11,11,D01,26,D01_P026_SEC_1_33_PAR001,banking,false,true,false
commercial banks,2,11,11,D01,26,D01_P026_SEC_1_33_PAR001,banks,false,true,false
and robust,2,11,11,D01,26,D01_P026_SEC_1_33_PAR001,,false,true,false
policy has,2,11,11,D01,27,D01_P027_SEC_1_34_PAR001,policy,false,true,false
available for,2,11,11,D01,27,D01_P027_SEC_1_34_PAR001,,false,true,false
the flow,2,11,11,D01,27,D01_P027_SEC_1_34_PAR001,,false,true,false
"stable ,",2,11,11,D01,27,D01_P027_SEC_1_34_PAR002,stable,false,true,false
against a,2,11,11,D01,27,D01_P027_SEC_1_35_PAR001,,false,true,false
of external,2,11,11,D01,27,D01_P027_SEC_1_35_PAR001,,false,true,false
to december 2025,2,11,10,D01,28,D01_P028_SEC_1_36_PAR001,,false,true,false
us dollar,2,11,11,D01,28,D01_P028_SEC_1_37_PAR001,,false,true,false
into gvcs,2,11,11,D01,28,D01_P028_SEC_1_37_PAR001,,false,true,false
of september 2025,2,11,8,D01,28,D01_P028_SEC_1_38_PAR001,,false,true,false
's exports,2,11,9,D01,28,D01_P028_SEC_1_38_PAR001,exports,false,true,false
requirements of,2,11,11,D01,29,D01_P029_SEC_1_40_PAR001,,false,true,false
in enhancing,2,11,11,D01,30,D01_P030_SEC_1_41_PAR001,,false,true,false
with domestic,2,11,11,D01,30,D01_P030_SEC_1_42_PAR001,,false,true,false
become more,2,11,11,D01,30,D01_P030_SEC_1_43_PAR001,,false,true,false
to deliver,2,11,11,D01,30,D01_P030_SEC_1_43_PAR001,,false,true,false
", firms",2,11,10,D01,30,D01_P030_SEC_1_45_PAR001,,false,true,false
( pli,2,11,11,D01,31,D01_P031_SEC_1_46_PAR002,,false,true,false
aligns with,2,11,11,D01,33,D01_P033_SEC_1_PAR003,,false,true,false
fy20 ),2,11,11,D01,33,D01_P033_SEC_1_PAR005,,false,true,false
", reduced",2,11,10,D01,33,D01_P033_SEC_1_PAR007,,false,true,false
compliance and,2,11,11,D01,33,D01_P033_SEC_1_PAR007,,false,true,false
compliance costs,2,11,10,D01,33,D01_P033_SEC_3_PAR002,,false,true,false
gains .,2,11,11,D01,34,D01_P034_SEC_3_PAR001,,false,true,false
reforms are,2,11,11,D01,34,D01_P034_SEC_3_PAR004,,false,true,false
and when,2,11,11,D01,34,D01_P034_SEC_3_PAR004,,true,true,false
the form,2,11,11,D01,35,D01_P035_SEC_3_PAR002,,false,true,false
"times ,",2,11,11,D01,35,D01_P035_SEC_3_PAR002,,false,true,false
2025 (,2,11,10,D01,2,D01_T001,,false,true,false
enforcement .,2,11,11,D02,5,D02_BOX001,,false,true,false
and personal,2,11,11,D02,8,D02_BOX003,,false,true,false
"roads ,",2,11,11,D02,15,D02_BOX005,,false,true,false
logistics costs,2,11,11,D02,15,D02_BOX005,,false,true,false
"transfers ,",2,11,10,D02,22,D02_BOX011,,false,true,false
. after,2,11,11,D02,22,D02_BOX011,,false,true,false
schemes for,2,11,10,D02,28,D02_BOX015,,false,true,false
is on,2,11,11,D02,34,D02_BOX017,,true,true,false
over a,2,11,11,D02,39,D02_BOX019,,true,true,false
and ``,2,11,11,D02,39,D02_BOX019,,false,true,false
a broad,2,11,11,D02,39,D02_BOX019,,false,true,false
", resilient",2,11,11,D02,1,D02_P001_UNKNOWN_PAR002,,false,true,false
"agencies ,",2,11,11,D02,2,D02_P002_SEC_2_1_PAR001,,false,true,false
a credible,2,11,10,D02,2,D02_P002_SEC_2_1_PAR001,,false,true,false
income support,2,11,11,D02,2,D02_P002_UNKNOWN_PAR001,income,false,true,false
during periods,2,11,11,D02,3,D02_P003_SEC_2_3_PAR001,,false,true,false
was not,2,11,11,D02,3,D02_P003_SEC_2_3_PAR001,,true,true,false
", further",2,11,11,D02,3,D02_P003_SEC_2_4_PAR001,,false,true,false
of revenue,2,11,10,D02,4,D02_P004_SEC_2_6_PAR001,revenue,false,true,false
the tax,2,11,8,D02,5,D02_P005_SEC_2_8_PAR001,tax,false,true,false
tool for,2,11,11,D02,5,D02_P005_SEC_2_8_PAR001,,false,true,false
the efficiency,2,11,10,D02,5,D02_P005_SEC_2_8_PAR001,,false,true,false
efficiency of,2,11,11,D02,5,D02_P005_SEC_2_8_PAR001,,false,true,false
"returns ,",2,11,10,D02,5,D02_P005_SEC_2_8_PAR002,returns,false,true,false
"2022 ,",2,11,11,D02,6,D02_P006_SEC_2_10_PAR002,,false,true,false
. more,2,11,11,D02,6,D02_P006_SEC_2_8_PAR001,,false,true,false
) by,2,11,11,D02,6,D02_P006_SEC_2_8_PAR001,,false,true,false
and transparent,2,11,11,D02,6,D02_P006_SEC_2_8_PAR002,,false,true,false
"potential ,",2,11,11,D02,10,D02_P010_UNKNOWN_PAR008,,false,true,false
's climate,2,11,11,D02,10,D02_P010_UNKNOWN_PAR008,,false,true,false
and reducing,2,11,11,D02,11,D02_P011_SEC_2_17_PAR001,,false,true,false
have the,2,11,10,D02,11,D02_P011_SEC_2_17_PAR001,,true,true,false
rates .,2,11,11,D02,11,D02_P011_UNKNOWN_PAR001,rates,false,true,false
have already,2,11,11,D02,11,D02_P011_UNKNOWN_PAR001,,false,true,false
and effective,2,11,11,D02,12,D02_P012_SEC_2_20_PAR001,,false,true,false
been completed,2,11,10,D02,13,D02_P013_SEC_2_22_PAR001,,false,true,false
beyond the,2,11,10,D02,13,D02_P013_SEC_2_23_PAR001,,false,true,false
frameworks .,2,11,11,D02,13,D02_P013_SEC_2_23_PAR001,,false,true,false
", interest",2,11,11,D02,14,D02_P014_SEC_2_25_PAR001,,false,true,false
"subsidies ,",2,11,10,D02,14,D02_P014_SEC_2_25_PAR001,,false,true,false
"categories ,",2,11,11,D02,15,D02_P015_SEC_2_26_PAR002,,false,true,false
and high,2,11,11,D02,17,D02_P017_UNKNOWN_PAR003,,false,true,false
public distribution,2,11,11,D02,17,D02_P017_UNKNOWN_PAR005,,false,true,false
by integrating,2,11,11,D02,17,D02_P017_UNKNOWN_PAR007,,false,true,false
"exchange ,",2,11,11,D02,18,D02_P018_UNKNOWN_PAR001,exchange,false,true,false
on these,2,11,11,D02,18,D02_P018_UNKNOWN_PAR002,,true,true,false
transport and,2,11,10,D02,19,D02_P019_SEC_2_30_PAR001,,false,true,false
for over,2,11,11,D02,19,D02_P019_SEC_2_30_PAR001,,true,true,false
states in,2,11,10,D02,21,D02_P021_SEC_2_33_PAR001,,false,true,false
but the,2,11,11,D02,22,D02_P022_SEC_2_33_PAR001,,true,true,false
and supporting,2,11,11,D02,22,D02_P022_SEC_2_33_PAR001,,false,true,false
its own,2,11,11,D02,22,D02_P022_SEC_2_33_PAR001,,false,true,false
", states",2,11,11,D02,22,D02_P022_SEC_2_35_PAR001,,false,true,false
reduced from,2,11,10,D02,23,D02_P023_SEC_2_38_PAR001,,false,true,false
himachal pradesh,2,11,11,D02,24,D02_P024_SEC_2_39_PAR002,,false,true,false
the scope,2,11,11,D02,27,D02_P027_SEC_2_41_PAR001,,false,true,false
loans and,2,11,11,D02,28,D02_P028_UNKNOWN_PAR001,loans,false,true,false
. data,2,11,11,D02,28,D02_P028_UNKNOWN_PAR002,,false,true,false
sustainability and,2,11,11,D02,29,D02_P029_UNKNOWN_PAR002,,false,true,false
will depend,2,11,11,D02,30,D02_P030_UNKNOWN_PAR003,,false,true,false
as at,2,11,11,D02,31,D02_P031_SEC_2_43_PAR001,,true,true,false
"securities ,",2,11,11,D02,34,D02_P034_SEC_2_45_PAR001,securities,false,true,false
management (,2,11,11,D02,34,D02_P034_UNKNOWN_PAR001,,false,true,false
has taken,2,11,11,D02,34,D02_P034_UNKNOWN_PAR001,,false,true,false
and have,2,11,11,D02,37,D02_P037_SEC_2_52_PAR001,,true,true,false
the production,2,11,11,D02,38,D02_P038_SEC_2_53_PAR001,,false,true,false
increasing the,2,11,11,D02,39,D02_P039_UNKNOWN_PAR001,,false,true,false
is highly,2,11,11,D02,39,D02_P039_UNKNOWN_PAR002,,false,true,false
a transparent,2,11,11,D02,41,D02_P041_SEC_2_55_PAR001,,false,true,false
to public,2,11,11,D02,41,D02_P041_UNKNOWN_PAR001,,false,true,false
underscore the,2,11,11,D02,42,D02_P042_SEC_2_56_PAR001,,false,true,false
amounting to,2,11,11,D02,40,D02_T009,,false,true,false
as they,2,11,11,D03,21,D03_BOX003,,true,true,false
"architecture ,",2,11,11,D03,27,D03_BOX009,,false,true,false
a public,2,11,11,D03,29,D03_BOX011,,false,true,false
the code,2,11,10,D03,36,D03_BOX013,,false,true,false
", governance",2,11,11,D03,36,D03_BOX013,,false,true,false
a deeper,2,11,11,D03,39,D03_BOX015,,false,true,false
system and,2,11,10,D03,39,D03_BOX015,,false,true,false
participation and,2,11,11,D03,39,D03_BOX015,,false,true,false
. collectively,2,11,11,D03,42,D03_BOX017,,false,true,false
are as,2,11,11,D03,60,D03_BOX021,,true,true,false
: •,2,11,8,D03,60,D03_BOX021,,false,false,false
will help,2,11,11,D03,60,D03_BOX021,,false,true,false
dispute resolution,2,11,9,D03,64,D03_BOX023,,false,true,false
"structure ,",2,11,11,D03,1,D03_P001_SEC_3_1_PAR001,,false,true,false
", signalling",2,11,11,D03,1,D03_P001_UNKNOWN_PAR002,,false,true,false
these challenges,2,11,11,D03,1,D03_P001_UNKNOWN_PAR005,,false,true,false
"thus ,",2,11,11,D03,2,D03_P002_SEC_3_2_PAR001,,false,true,false
aspects of,2,11,10,D03,2,D03_P002_SEC_3_3_PAR001,,false,true,false
notes that,2,11,10,D03,4,D03_P004_SEC_3_7_PAR001,,false,true,false
"engineering ,",2,11,11,D03,8,D03_P008_UNKNOWN_PAR003,,false,true,false
the cash,2,11,9,D03,9,D03_P009_SEC_3_11_PAR001,,false,true,false
implemented in,2,11,10,D03,9,D03_P009_SEC_3_11_PAR001,,false,true,false
banks (,2,11,8,D03,12,D03_P012_SEC_3_17_PAR001,banks,false,true,false
companies (,2,11,11,D03,12,D03_P012_SEC_3_19_PAR001,,false,true,false
platforms .,2,11,11,D03,12,D03_P012_SEC_3_19_PAR001,,false,true,false
functioning of,2,11,10,D03,13,D03_P013_SEC_3_19_PAR002,,false,true,false
the agriculture,2,11,9,D03,13,D03_P013_SEC_3_21_PAR001,,false,true,false
the beginning,2,11,10,D03,14,D03_P014_SEC_3_22_PAR001,,false,true,false
beginning of,2,11,10,D03,14,D03_P014_SEC_3_22_PAR001,,false,true,false
a marginal,2,11,10,D03,14,D03_P014_SEC_3_23_PAR001,,false,true,false
"march 2025 ,",2,11,11,D03,14,D03_P014_SEC_3_23_PAR001,,false,true,false
this growth,2,11,11,D03,15,D03_P015_SEC_3_25_PAR001,growth,false,true,false
annual growth,2,11,11,D03,16,D03_P016_SEC_3_28_PAR001,growth,false,true,false
and resilience,2,11,11,D03,17,D03_P017_SEC_3_30_PAR001,,false,true,false
regions .,2,11,10,D03,18,D03_P018_SEC_3_32_PAR001,,false,true,false
the principle,2,11,11,D03,18,D03_P018_SEC_3_33_PAR001,,false,true,false
the integration,2,11,11,D03,18,D03_P018_SEC_3_33_PAR001,,false,true,false
and efficient,2,11,11,D03,19,D03_P019_SEC_3_36_PAR001,,false,true,false
on ',2,11,10,D03,19,D03_P019_SEC_3_37_PAR001,,false,true,false
process of,2,11,11,D03,19,D03_P019_SEC_3_37_PAR001,,false,true,false
entities .,2,11,10,D03,20,D03_P020_SEC_3_39_PAR001,,false,true,false
the compliance,2,11,11,D03,20,D03_P020_SEC_3_39_PAR001,,false,true,false
to foster,2,11,11,D03,20,D03_P020_SEC_3_41_PAR001,,false,true,false
inflation .,2,11,11,D03,21,D03_P021_SEC_3_41_PAR002,inflation,false,true,false
manner .,2,11,11,D03,22,D03_P022_SEC_3_41_PAR002,,false,true,false
ai development,2,11,11,D03,22,D03_P022_SEC_3_41_PAR007,,false,true,false
; (,2,11,4,D03,22,D03_P022_SEC_3_41_PAR007,,false,false,false
and sustainability,2,11,11,D03,22,D03_P022_SEC_3_41_PAR007,,false,true,false
and capacity,2,11,11,D03,22,D03_P022_SEC_3_41_PAR008,,false,true,false
india as,2,11,11,D03,23,D03_P023_SEC_3_41_PAR003,,false,true,false
by reducing,2,11,11,D03,23,D03_P023_SEC_3_45_PAR001,,false,true,false
size of,2,11,11,D03,25,D03_P025_SEC_3_47_PAR005,,false,true,false
"practice ,",2,11,11,D03,25,D03_P025_SEC_3_47_PAR005,,false,true,false
even in,2,11,11,D03,25,D03_P025_SEC_3_47_PAR005,,false,true,false
of institutional,2,11,11,D03,26,D03_P026_SEC_3_47_PAR001,,false,true,false
alignment between,2,11,11,D03,26,D03_P026_SEC_3_47_PAR002,,false,true,false
such an,2,11,11,D03,27,D03_P027_SEC_3_47_PAR002,,true,true,false
resilient and,2,11,11,D03,27,D03_P027_SEC_3_47_PAR002,,false,true,false
. its,2,11,11,D03,31,D03_P031_SEC_3_50_PAR003,,false,true,false
and greater,2,11,11,D03,31,D03_P031_SEC_3_52_PAR001,,false,true,false
this represents,2,11,11,D03,33,D03_P033_SEC_3_59_PAR001,,false,true,false
a lack,2,11,11,D03,34,D03_P034_SEC_3_62_PAR001,,false,true,false
including a,2,11,11,D03,34,D03_P034_SEC_3_64_PAR001,,false,true,false
financial ecosystem,2,11,11,D03,35,D03_P035_SEC_3_67_PAR001,financial,false,true,false
markets in,2,11,11,D03,35,D03_P035_SEC_3_67_PAR001,markets,false,true,false
resource mobilisation,2,11,11,D03,35,D03_P035_SEC_3_68_PAR001,,false,true,false
primary market,2,11,10,D03,36,D03_P036_SEC_3_69_PAR001,market,false,true,false
interest and,2,11,11,D03,36,D03_P036_SEC_3_70_PAR001,,false,true,false
since its,2,11,11,D03,36,D03_P036_SEC_3_70_PAR001,,false,true,false
market integrity,2,11,11,D03,36,D03_P036_SEC_3_71_PAR001,market,false,true,false
retail participation,2,11,11,D03,38,D03_P038_SEC_3_72_PAR001,,false,true,false
trading in,2,11,10,D03,38,D03_P038_SEC_3_72_PAR001,,false,true,false
of both,2,11,11,D03,38,D03_P038_UNKNOWN_PAR002,,true,true,false
is required,2,11,11,D03,38,D03_P038_UNKNOWN_PAR002,,false,true,false
miis .,2,11,11,D03,38,D03_P038_UNKNOWN_PAR002,,false,true,false
", provided",2,11,10,D03,38,D03_P038_UNKNOWN_PAR003,,false,true,false
for this,2,11,11,D03,42,D03_P042_SEC_3_73_PAR001,,true,true,false
debt market,2,11,9,D03,42,D03_P042_SEC_3_73_PAR001,debt;market,false,true,false
safety and,2,11,11,D03,42,D03_P042_SEC_3_74_PAR002,,false,true,false
other than,2,11,11,D03,43,D03_P043_SEC_3_74_PAR003,,true,true,false
requirement of,2,11,10,D03,43,D03_P043_SEC_3_74_PAR005,,false,true,false
audit committee,2,11,7,D03,43,D03_P043_SEC_3_74_PAR005,,false,true,false
investment trust,2,11,7,D03,43,D03_P043_SEC_3_74_PAR005,investment,false,true,false
at nse,2,11,10,D03,43,D03_P043_SEC_3_74_PAR007,,false,true,false
limit for,2,11,11,D03,43,D03_P043_SEC_3_74_PAR009,,false,true,false
eligibility criteria,2,11,11,D03,43,D03_P043_SEC_3_74_PAR009,,false,true,false
market is,2,11,10,D03,44,D03_P044_SEC_3_75_PAR001,market,false,true,false
the secondary,2,11,10,D03,45,D03_P045_SEC_3_78_PAR002,,false,true,false
platforms and,2,11,11,D03,46,D03_P046_SEC_3_83_PAR001,,false,true,false
for indian,2,11,11,D03,46,D03_P046_SEC_3_84_PAR001,,false,true,false
's manufacturing,2,11,11,D03,46,D03_P046_SEC_3_84_PAR001,,false,true,false
and job,2,11,11,D03,46,D03_P046_SEC_3_84_PAR001,,false,true,false
restrictions on,2,11,10,D03,47,D03_P047_SEC_3_85_PAR002,,false,true,false
"construction ,",2,11,10,D03,47,D03_P047_SEC_3_85_PAR003,,false,true,false
", brazil",2,11,11,D03,47,D03_P047_SEC_3_85_PAR004,,false,true,false
extent of,2,11,10,D03,47,D03_P047_SEC_3_85_PAR006,,false,true,false
"jobs ,",2,11,10,D03,53,D03_P053_SEC_3_95_PAR001,,false,true,false
there were,2,11,9,D03,55,D03_P055_SEC_3_99_PAR003,,true,true,false
designed for,2,11,11,D03,56,D03_P056_SEC_3_99_PAR004,,false,true,false
workers in,2,11,10,D03,56,D03_P056_SEC_3_99_PAR005,,false,true,false
"landscape ,",2,11,11,D03,58,D03_P058_SEC_3_99_PAR005,,false,true,false
backed by,2,11,11,D03,60,D03_P060_SEC_3_99_PAR002,,false,true,false
facilitate the,2,11,11,D03,60,D03_P060_SEC_3_99_PAR004,,false,true,false
"fund ,",2,11,10,D03,60,D03_P060_SEC_3_99_PAR005,,false,true,false
rapid technological,2,11,11,D03,62,D03_P062_UNKNOWN_PAR001,,false,true,false
", one",2,11,11,D03,63,D03_P063_UNKNOWN_PAR002,,false,true,false
in october 2025,2,11,10,D03,63,D03_P063_UNKNOWN_PAR003,,false,true,false
how the,2,11,10,D03,63,D03_P063_UNKNOWN_PAR005,,true,true,false
india must,2,11,10,D03,65,D03_P065_UNKNOWN_PAR003,,false,true,false
for investors,2,11,11,D04,34,D04_BOX003,investors,false,true,false
digital services,2,11,11,D04,34,D04_BOX003,,false,true,false
us (,2,11,10,D04,34,D04_BOX003,,false,true,false
"fdi ,",2,11,9,D04,35,D04_BOX005,fdi,false,true,false
the exchange,2,11,10,D04,47,D04_BOX009,exchange,false,true,false
manufacturing exports,2,11,9,D04,50,D04_BOX011,exports,false,true,false
constraints and,2,11,11,D04,1,D04_P001_UNKNOWN_PAR002,,false,true,false
remains a,2,11,11,D04,1,D04_P001_UNKNOWN_PAR003,,false,true,false
financial conditions,2,11,10,D04,1,D04_P001_UNKNOWN_PAR004,financial,false,true,false
plays a,2,11,11,D04,2,D04_P002_SEC_4_4_PAR001,,false,true,false
. each,2,11,11,D04,5,D04_P005_SEC_4_9_PAR001,,false,true,false
increasing by,2,11,9,D04,10,D04_P010_SEC_4_25_PAR001,,false,true,false
capabilities .,2,11,11,D04,13,D04_P013_SEC_4_35_PAR001,,false,true,false
technology .,2,11,11,D04,14,D04_P014_SEC_4_38_PAR001,,false,true,false
resilience of,2,11,11,D04,15,D04_P015_SEC_4_40_PAR002,,false,true,false
) •,2,11,6,D04,17,D04_P017_SEC_4_40_PAR001,,false,false,false
india to,2,11,11,D04,20,D04_P020_SEC_4_44_PAR001,,false,true,false
strong and,2,11,11,D04,20,D04_P020_SEC_4_45_PAR001,,false,true,false
chapter 8,2,11,11,D04,20,D04_P020_SEC_4_46_PAR001,,false,true,false
that only,2,11,9,D04,20,D04_P020_SEC_4_47_PAR005,,false,true,false
difficult to,2,11,11,D04,20,D04_P020_SEC_4_47_PAR007,,false,true,false
"barriers ,",2,11,11,D04,22,D04_P022_SEC_4_50_PAR001,,false,true,false
. '',2,11,11,D04,22,D04_P022_SEC_4_50_PAR003,,false,false,false
27 of,2,11,11,D04,22,D04_P022_UNKNOWN_PAR004,,false,true,false
"provisions ,",2,11,9,D04,22,D04_P022_UNKNOWN_PAR004,,false,true,false
"s ,",2,11,9,D04,23,D04_P023_UNKNOWN_PAR005,,false,true,false
the food,2,11,11,D04,23,D04_P023_UNKNOWN_PAR007,,false,true,false
regulatory capacity,2,11,11,D04,24,D04_P024_UNKNOWN_PAR002,regulatory,false,true,false
cost competitiveness,2,11,11,D04,27,D04_P027_SEC_4_58_PAR001,,false,true,false
and monitoring,2,11,11,D04,36,D04_P036_SEC_4_80_PAR008,,false,true,false
monitoring of,2,11,10,D04,36,D04_P036_SEC_4_80_PAR008,,false,true,false
committee on,2,11,8,D04,37,D04_P037_SEC_4_80_PAR003,,false,true,false
demographic dividend,2,11,11,D04,39,D04_P039_SEC_4_80_PAR001,,false,true,false
a need,2,11,11,D04,39,D04_P039_SEC_4_80_PAR001,,false,true,false
periods .,2,11,11,D04,49,D04_P049_SEC_4_93_PAR001,,false,true,false
energy .,2,11,11,D04,49,D04_P049_SEC_4_94_PAR001,energy,false,true,false
", standards",2,11,11,D04,51,D04_P051_SEC_4_97_PAR004,,false,true,false
the result,2,11,10,D04,51,D04_P051_SEC_4_97_PAR005,,false,true,false
and business,2,11,11,D04,51,D04_P051_SEC_4_97_PAR006,,false,true,false
and communication,2,11,10,D05,12,D05_P012_SEC_5_21_PAR001,,false,true,false
making it,2,11,10,D05,14,D05_P014_SEC_5_24_PAR001,,false,true,false
"20 ,",2,11,11,D06,10,D06_BOX003,,false,true,false
2023 ),2,11,11,D06,14,D06_BOX007,,false,true,false
this creates,2,11,11,D06,23,D06_BOX009,,false,true,false
programmes for,2,11,11,D06,2,D06_P002_SEC_6_3_PAR001,,false,true,false
2024-25 (,2,11,11,D06,5,D06_P005_SEC_6_9_PAR002,,false,true,false
. many,2,11,11,D06,9,D06_P009_SEC_6_14_PAR001,,false,true,false
being implemented,2,11,11,D06,9,D06_P009_SEC_6_14_PAR001,,false,true,false
approach is,2,11,11,D06,15,D06_P015_SEC_6_22_PAR008,,false,true,false
but to,2,11,11,D06,17,D06_P017_UNKNOWN_PAR002,,true,true,false
"units ,",2,11,9,D06,20,D06_P020_SEC_6_30_PAR001,,false,true,false
the initial,2,11,11,D06,24,D06_P024_SEC_6_38_PAR004,,false,true,false
industry is,2,11,11,D06,28,D06_P028_SEC_6_49_PAR001,industry,false,true,false
and one,2,11,11,D06,29,D06_P029_SEC_6_53_PAR001,,true,true,false
economic value,2,11,11,D07,15,D07_BOX007,,false,true,false
demonstrates how,2,11,11,D07,1,D07_P001_UNKNOWN_PAR003,,false,true,false
of service,2,11,11,D07,6,D07_P006_SEC_7_12_PAR001,,false,true,false
"day ,",2,11,10,D07,8,D07_P008_SEC_7_13_PAR004,,false,true,false
to access,2,11,11,D07,14,D07_P014_SEC_7_18_PAR008,,false,true,false
", power",2,11,11,D07,15,D07_P015_SEC_7_21_PAR004,,false,true,false
", compliance",2,11,11,D07,17,D07_P017_SEC_7_22_PAR002,,false,true,false
for social,2,11,11,D07,17,D07_P017_SEC_7_22_PAR005,,false,true,false
connectivity and,2,11,10,D07,25,D07_P025_SEC_7_40_PAR003,,false,true,false
private participation,2,11,11,D07,25,D07_P025_SEC_7_42_PAR001,,false,true,false
with industry,2,11,11,D07,29,D07_P029_SEC_7_52_PAR001,industry,false,true,false
an outlay,2,11,11,D08,13,D08_BOX001,,false,true,false
's industrial,2,11,11,D08,20,D08_BOX007,,false,true,false
3 rd,2,11,4,D08,20,D08_BOX007,,false,true,false
; they,2,11,11,D08,31,D08_BOX017,,false,true,false
and can,2,11,11,D08,36,D08_BOX021,,true,true,false
"bengaluru ,",2,11,10,D08,21,D08_P021_SEC_8_44_PAR001,,false,true,false
process for,2,11,10,D08,23,D08_P023_SEC_8_46_PAR003,,false,true,false
work in,2,11,11,D08,23,D08_P023_SEC_8_46_PAR004,,false,true,false
taken up,2,11,10,D08,25,D08_P025_SEC_8_50_PAR001,,false,true,false
skills and,2,11,11,D08,32,D08_P032_SEC_8_59_PAR001,,false,true,false
across multiple,2,11,11,D08,35,D08_P035_SEC_8_63_PAR004,,false,true,false
survey 2024-25,2,11,11,D08,43,D08_P043_SEC_8_71_PAR002,,false,true,false
and learning,2,11,11,D08,45,D08_P045_SEC_8_74_PAR002,,false,true,false
chart ix.,2,11,8,D09,21,D09_BOX019,,false,true,false
", subject",2,11,11,D09,23,D09_BOX021,,false,true,false
", skill",2,11,11,D09,30,D09_BOX027,,false,true,false
of infrastructure,2,11,11,D09,1,D09_P001_SEC_9_1_PAR001,,false,true,false
roads (,2,11,5,D09,12,D09_P012_SEC_9_20_PAR001,,false,true,false
energy storage,2,11,6,D09,28,D09_P028_SEC_9_43_PAR001,energy,false,true,false
"villages ,",2,11,11,D09,31,D09_P031_SEC_9_45_PAR003,,false,true,false
on december,2,11,6,D10,18,D10_BOX005,,false,true,false
on january,2,11,10,D10,18,D10_BOX005,,false,true,false
burden of,2,11,11,D10,2,D10_P002_SEC_10_2_PAR001,,false,true,false
change (,2,11,11,D10,3,D10_P003_SEC_10_8_PAR001,,false,true,false
actions taken,2,11,8,D10,6,D10_P006_SEC_10_19_PAR001,,false,true,false
practices and,2,11,11,D10,31,D10_P031_SEC_10_73_PAR001,,false,true,false
prevention and,2,11,9,D10,34,D10_P034_SEC_10_82_PAR001,,false,true,false
apart from,2,11,11,D10,38,D10_P038_SEC_10_94_PAR001,,false,true,false
and awareness,2,11,11,D11,35,D11_BOX015,,false,true,false
requirement for,2,11,11,D11,41,D11_BOX019,,false,true,false
to learn,2,11,10,D11,1,D11_P001_UNKNOWN_PAR003,,false,true,false
age group,2,11,8,D11,2,D11_P002_SEC_11_6_PAR001,,false,true,false
programmes .,2,11,11,D11,33,D11_P033_SEC_11_47_PAR001,,false,true,false
there are,2,11,10,D11,35,D11_P035_SEC_11_52_PAR001,,true,true,false
and cyber,2,11,9,D11,41,D11_P041_SEC_11_63_PAR001,,false,true,false
in various,2,11,11,D11,42,D11_P042_SEC_11_65_PAR002,,false,true,false
"16 ,",2,11,11,D12,3,D12_P003_SEC_12_6_PAR001,,false,true,false
rural employment,2,11,9,D12,5,D12_P005_SEC_12_10_PAR001,employment,false,true,false
training programmes,2,11,10,D12,9,D12_P009_SEC_12_12_PAR003,,false,true,false
gig work,2,11,3,D12,24,D12_P024_SEC_12_36_PAR001,,false,true,false
local governments,2,11,10,D13,1,D13_P001_UNKNOWN_PAR002,,false,true,false
village commons,2,11,9,D13,14,D13_P014_SEC_13_35_PAR001,,false,true,false
. ai,2,11,11,D13,20,D13_P020_SEC_13_57_PAR001,,false,true,false
to do,2,11,10,D14,12,D14_BOX003,,true,true,false
cities that,2,11,9,D15,20,D15_BOX005,,false,true,false
. cities,2,11,10,D15,8,D15_P008_SEC_15_12_PAR001,,false,true,false
the rti,2,11,7,D17,8,D17_BOX005,,false,true,false
provided in,2,11,11,D18,6,D18_P006_UNKNOWN_PAR006,,false,true,false
2026-27 is,2,11,10,D19,1,D19_P001_UNKNOWN_PAR004,,false,true,false
budget 2026-27,2,11,11,D19,2,D19_P002_UNKNOWN_PAR001,budget,false,true,false
the investors,2,11,11,D21,2,D21_BOX001,investors,false,true,false
offer documents,2,11,9,D21,5,D21_BOX003,,false,true,false
working days,2,11,10,D21,8,D21_P008_UNKNOWN_PAR002,,false,true,false
for stock,2,11,8,D21,15,D21_T014,,false,true,false
bse nse,2,11,8,D21,15,D21_T014,,false,true,false
f &,2,11,8,D22,12,D22_BOX003,,false,true,false
& o,2,11,8,D22,12,D22_BOX003,,false,true,false
", nse",2,11,10,D22,14,D22_P014_SEC_4_3_3_PAR002,,false,true,false
1992 .,2,11,10,D22,33,D22_P033_SEC_4_7_5_PAR004,,false,true,false
master circular,2,11,6,D22,33,D22_P033_SEC_4_7_5_PAR008,,false,true,false
-25 31,2,11,4,D22,7,D22_T006,,false,true,false
2 2,2,11,6,D22,30,D22_T034,,false,true,true
31 -,2,11,2,D22,37,D22_T039,,false,true,false
foreign venture,2,11,11,D24,1,D24_P001_UNKNOWN_PAR001,foreign,false,true,false
regional office,2,11,8,D26,6,D26_P006_SEC_8_1_5_PAR019,,false,true,false
the guptas,2,11,7,D28,22,D28_P022_UNKNOWN_PAR004,,false,true,false
special committee,2,11,4,D28,29,D28_P029_UNKNOWN_PAR002,,false,true,false
"chairman ,",2,11,10,D29,3,D29_P003_III_PAR002,,false,true,false
economic policy,2,10,8,D01,5,D01_BOX001,policy,false,true,false
national security,2,10,10,D01,5,D01_BOX001,,false,true,false
-19 pandemic,2,10,10,D01,18,D01_BOX003,,false,true,false
"gaps ,",2,10,10,D01,21,D01_BOX005,,false,true,false
service sector,2,10,10,D01,21,D01_BOX005,sector,false,true,false
segment of,2,10,9,D01,21,D01_BOX005,,false,true,false
information on,2,10,9,D01,21,D01_BOX005,,false,true,false
. alongside,2,10,10,D01,21,D01_BOX005,,false,true,false
offer a,2,10,9,D01,21,D01_BOX005,,false,true,false
have not,2,10,10,D01,21,D01_BOX005,,true,true,false
the possibility,2,10,10,D01,31,D01_BOX007,,false,true,false
possibility of,2,10,10,D01,31,D01_BOX007,,false,true,false
the continued,2,10,10,D01,31,D01_BOX007,,false,true,false
that this,2,10,10,D01,31,D01_BOX007,,true,true,false
"pressures ,",2,10,10,D01,1,D01_P001_UNKNOWN_PAR002,,false,true,false
real gdp,2,10,9,D01,1,D01_P001_UNKNOWN_PAR003,gdp,false,true,false
", fiscal",2,10,10,D01,1,D01_P001_UNKNOWN_PAR005,fiscal,false,true,false
to continue,2,10,10,D01,1,D01_P001_UNKNOWN_PAR006,,false,true,false
medium-term growth,2,10,10,D01,1,D01_P001_UNKNOWN_PAR006,growth,false,true,false
the usa,2,10,10,D01,2,D01_P002_SEC_1_1_PAR001,,false,true,false
the long,2,10,10,D01,2,D01_P002_SEC_1_1_PAR001,,false,true,false
us and,2,10,10,D01,2,D01_P002_SEC_1_1_PAR001,,true,true,false
economies (,2,10,6,D01,2,D01_P002_SEC_1_1_PAR001,,false,true,false
that in,2,10,9,D01,2,D01_P002_SEC_1_1_PAR001,,true,true,false
is projected,2,10,10,D01,2,D01_P002_SEC_1_1_PAR001,,false,true,false
in economic,2,10,10,D01,2,D01_P002_SEC_1_2_PAR001,,false,true,false
. total,2,10,10,D01,3,D01_P003_SEC_1_2_PAR002,,false,true,false
", helping",2,10,10,D01,3,D01_P003_SEC_1_2_PAR002,,false,true,false
the european,2,10,9,D01,3,D01_P003_SEC_1_2_PAR002,,false,true,false
bank 's,2,10,10,D01,3,D01_P003_SEC_1_2_PAR002,bank,false,true,false
"germany ,",2,10,10,D01,3,D01_P003_SEC_1_2_PAR002,,false,true,false
"asia ,",2,10,8,D01,3,D01_P003_SEC_1_2_PAR002,,false,true,false
. globally,2,10,10,D01,3,D01_P003_SEC_1_3_PAR001,,false,true,false
reached a,2,10,10,D01,4,D01_P004_SEC_1_3_PAR001,,false,true,false
"uk ,",2,10,10,D01,4,D01_P004_SEC_1_3_PAR001,,false,true,false
flows .,2,10,10,D01,4,D01_P004_SEC_1_5_PAR001,,false,true,false
developed countries,2,10,9,D01,4,D01_P004_SEC_1_5_PAR001,,false,true,false
top 10,2,10,7,D01,4,D01_P004_SEC_1_5_PAR001,,false,true,false
include the,2,10,10,D01,6,D01_P006_SEC_1_6_PAR001,,false,true,false
"world ,",2,10,10,D01,6,D01_P006_SEC_1_6_PAR002,,false,true,false
space for,2,10,9,D01,6,D01_P006_SEC_1_6_PAR004,,false,true,false
mobility .,2,10,10,D01,6,D01_P006_SEC_1_6_PAR004,,false,true,false
a powerful,2,10,10,D01,6,D01_P006_SEC_1_6_PAR005,,false,true,false
", contributing",2,10,10,D01,6,D01_P006_SEC_1_6_PAR007,,false,true,false
used as,2,10,10,D01,6,D01_P006_SEC_1_6_PAR007,,false,true,false
minerals and,2,10,10,D01,7,D01_P007_SEC_1_6_PAR004,,false,true,false
", expanding",2,10,10,D01,7,D01_P007_SEC_1_6_PAR008,,false,true,false
an economy,2,10,9,D01,8,D01_P008_SEC_1_6_PAR003,,false,true,false
in emerging,2,10,10,D01,8,D01_P008_SEC_1_6_PAR003,,false,true,false
india can,2,10,10,D01,8,D01_P008_SEC_1_6_PAR003,,false,true,false
is central,2,10,10,D01,8,D01_P008_SEC_1_6_PAR003,,false,true,false
as reflected,2,10,10,D01,8,D01_P008_SEC_1_7_PAR001,,false,true,false
the demand,2,10,10,D01,8,D01_P008_SEC_1_7_PAR001,demand,false,true,false
"path ,",2,10,10,D01,9,D01_P009_SEC_1_8_PAR002,,false,true,false
the real,2,10,9,D01,9,D01_P009_SEC_1_8_PAR002,,false,true,false
", manufacturing",2,10,8,D01,9,D01_P009_SEC_1_8_PAR002,,false,true,false
h 2,2,10,9,D01,9,D01_P009_SEC_1_8_PAR002,,false,true,false
strength in,2,10,10,D01,10,D01_P010_SEC_1_9_PAR001,,false,true,false
in consumption,2,10,9,D01,10,D01_P010_SEC_1_9_PAR001,consumption,false,true,false
by sustained,2,10,10,D01,12,D01_P012_SEC_1_12_PAR001,,false,true,false
imports of,2,10,8,D01,13,D01_P013_SEC_1_13_PAR001,imports,false,true,false
exports have,2,10,9,D01,13,D01_P013_SEC_1_14_PAR001,exports,false,true,false
volatility in,2,10,10,D01,13,D01_P013_SEC_1_14_PAR001,,false,true,false
4 .,2,10,10,D01,13,D01_P013_SEC_1_14_PAR001,,false,true,false
of high,2,10,10,D01,14,D01_P014_SEC_1_15_PAR001,,false,true,false
second half,2,10,10,D01,15,D01_P015_SEC_1_18_PAR001,,false,true,false
broadly stable,2,10,10,D01,15,D01_P015_SEC_1_19_PAR001,stable,false,true,false
growing at,2,10,10,D01,15,D01_P015_SEC_1_19_PAR001,,false,true,false
of existing,2,10,10,D01,16,D01_P016_SEC_1_20_PAR001,,false,true,false
infrastructure projects,2,10,10,D01,16,D01_P016_SEC_1_21_PAR001,,false,true,false
"imports ,",2,10,9,D01,19,D01_P019_UNKNOWN_PAR001,imports,false,true,false
the evolution,2,10,10,D01,19,D01_P019_UNKNOWN_PAR004,,false,true,false
movement of,2,10,10,D01,20,D01_P020_UNKNOWN_PAR001,,false,true,false
to generate,2,10,10,D01,22,D01_P022_SEC_1_28_PAR003,,false,true,false
education in,2,10,10,D01,22,D01_P022_SEC_1_28_PAR004,,false,true,false
diversity of,2,10,8,D01,22,D01_P022_SEC_1_28_PAR006,,false,true,false
technical and,2,10,10,D01,22,D01_P022_SEC_1_28_PAR007,,false,true,false
and better,2,10,10,D01,22,D01_P022_SEC_1_28_PAR009,,false,true,false
products and,2,10,10,D01,23,D01_P023_SEC_1_28_PAR009,,false,true,false
the foundation,2,10,10,D01,23,D01_P023_SEC_1_28_PAR012,,false,true,false
consumption .,2,10,10,D01,24,D01_P024_SEC_1_29_PAR001,consumption,false,true,false
in food,2,10,10,D01,24,D01_P024_SEC_1_29_PAR001,,false,true,false
food prices,2,10,7,D01,24,D01_P024_SEC_1_29_PAR001,,false,true,false
driven primarily,2,10,10,D01,24,D01_P024_SEC_1_29_PAR001,,false,true,false
trajectory of,2,10,10,D01,24,D01_P024_SEC_1_29_PAR001,,false,true,false
policy reforms,2,10,10,D01,25,D01_P025_SEC_1_30_PAR002,policy,false,true,false
tax and,2,10,10,D01,25,D01_P025_SEC_1_30_PAR002,tax,false,true,false
have supported,2,10,9,D01,25,D01_P025_SEC_1_30_PAR002,,false,true,false
60 per cent of,2,10,9,D01,25,D01_P025_SEC_1_30_PAR002,,false,true,false
several states,2,10,10,D01,25,D01_P025_SEC_1_31_PAR001,,false,true,false
fiscal consolidation,2,10,10,D01,25,D01_P025_SEC_1_31_PAR001,fiscal,false,true,false
market operations,2,10,10,D01,26,D01_P026_SEC_1_33_PAR001,market,false,true,false
measures have,2,10,10,D01,26,D01_P026_SEC_1_33_PAR001,,false,true,false
the weighted,2,10,7,D01,26,D01_P026_SEC_1_33_PAR001,,false,true,false
banking sector,2,10,10,D01,26,D01_P026_SEC_1_33_PAR001,banking;sector,false,true,false
commercial sector,2,10,7,D01,27,D01_P027_SEC_1_34_PAR001,sector,false,true,false
april- november 2025,2,10,9,D01,27,D01_P027_SEC_1_34_PAR001,,false,true,false
financial resources,2,10,9,D01,27,D01_P027_SEC_1_34_PAR001,financial,false,true,false
. following,2,10,10,D01,27,D01_P027_SEC_1_35_PAR001,,false,true,false
the trends,2,10,9,D01,27,D01_P027_SEC_1_35_PAR001,,false,true,false
", foreign",2,10,10,D01,28,D01_P028_SEC_1_36_PAR001,foreign,false,true,false
of net,2,10,10,D01,28,D01_P028_SEC_1_36_PAR001,,false,true,false
by indian,2,10,10,D01,28,D01_P028_SEC_1_38_PAR001,,false,true,false
be to,2,10,9,D01,28,D01_P028_SEC_1_38_PAR001,,true,true,false
"wages ,",2,10,10,D01,29,D01_P029_SEC_1_40_PAR001,wages,false,true,false
. social,2,10,10,D01,29,D01_P029_SEC_1_41_PAR001,,false,true,false
welfare and,2,10,10,D01,30,D01_P030_SEC_1_41_PAR001,,false,true,false
confidence .,2,10,10,D01,30,D01_P030_SEC_1_42_PAR001,,false,true,false
an opportunity,2,10,10,D01,30,D01_P030_SEC_1_42_PAR001,,false,true,false
opportunity to,2,10,10,D01,30,D01_P030_SEC_1_42_PAR001,,false,true,false
suggest that,2,10,10,D01,30,D01_P030_SEC_1_43_PAR001,,false,true,false
stress .,2,10,10,D01,30,D01_P030_SEC_1_44_PAR001,,false,true,false
moderated to,2,10,10,D01,30,D01_P030_SEC_1_45_PAR001,,false,true,false
of policy,2,10,10,D01,31,D01_P031_SEC_1_46_PAR001,policy,false,true,false
closer to,2,10,10,D01,31,D01_P031_SEC_1_46_PAR001,,false,true,false
"outlook ,",2,10,10,D01,31,D01_P031_SEC_1_46_PAR001,,false,true,false
incentive (,2,10,10,D01,31,D01_P031_SEC_1_46_PAR002,,false,true,false
creation .,2,10,10,D01,31,D01_P031_SEC_1_46_PAR002,,false,true,false
has risen,2,10,10,D01,31,D01_P031_SEC_1_46_PAR003,,false,true,false
's capital,2,10,10,D01,32,D01_P032_SEC_1_PAR001,capital,false,true,false
. second,2,10,10,D01,32,D01_P032_SEC_1_PAR002,,false,true,false
share (,2,10,7,D01,33,D01_P033_SEC_1_PAR003,,false,true,false
in education,2,10,9,D01,33,D01_P033_SEC_1_PAR007,,false,true,false
", skilling",2,10,10,D01,33,D01_P033_SEC_1_PAR007,,false,true,false
the estimated,2,10,9,D01,33,D01_P033_SEC_3_PAR001,,false,true,false
"delivery ,",2,10,10,D01,34,D01_P034_SEC_3_PAR002,,false,true,false
their respective,2,10,10,D01,34,D01_P034_SEC_3_PAR003,,false,true,false
% of,2,10,8,D01,10,D01_T003,,false,true,false
) -,2,10,10,D01,34,D01_T008,,false,false,false
"information ,",2,10,9,D02,5,D02_BOX001,,false,true,false
effect from,2,10,10,D02,8,D02_BOX003,,false,true,false
non-tax revenue,2,10,5,D02,16,D02_BOX007,revenue,false,true,false
"and ,",2,10,10,D02,22,D02_BOX011,,false,true,false
more on,2,10,10,D02,22,D02_BOX011,,true,true,false
//tinyurl.com/ 3,2,10,9,D02,28,D02_BOX015,,false,true,false
5 .,2,10,10,D02,28,D02_BOX015,,false,true,false
", karnataka",2,10,9,D02,28,D02_BOX015,,false,true,false
", maharashtra",2,10,10,D02,28,D02_BOX015,,false,true,false
west bengal,2,10,10,D02,28,D02_BOX015,,false,true,false
across a,2,10,10,D02,39,D02_BOX019,,false,true,false
confidence in,2,10,10,D02,2,D02_P002_SEC_2_1_PAR001,,false,true,false
rapid expansion,2,10,10,D02,2,D02_P002_UNKNOWN_PAR001,,false,true,false
following a,2,10,10,D02,4,D02_P004_SEC_2_5_PAR001,,false,true,false
receipts (,2,10,9,D02,4,D02_P004_SEC_2_5_PAR001,,false,true,false
"revenue ,",2,10,8,D02,4,D02_P004_SEC_2_6_PAR001,revenue,false,true,false
increasing from,2,10,10,D02,4,D02_P004_SEC_2_7_PAR001,,false,true,false
to fy25,2,10,10,D02,4,D02_P004_SEC_2_7_PAR001,,false,true,false
the various,2,10,10,D02,6,D02_P006_SEC_2_10_PAR001,,false,true,false
have increased,2,10,9,D02,6,D02_P006_SEC_2_9_PAR001,,false,true,false
reinforced by,2,10,10,D02,7,D02_P007_SEC_2_12_PAR001,,false,true,false
"base ,",2,10,10,D02,8,D02_P008_SEC_2_15_PAR001,,false,true,false
revenues .,2,10,9,D02,8,D02_P008_SEC_2_16_PAR001,,false,true,false
"earlier ,",2,10,10,D02,9,D02_P009_UNKNOWN_PAR015,,false,true,false
and physical,2,10,10,D02,10,D02_P010_UNKNOWN_PAR005,,false,true,false
health insurance,2,10,10,D02,10,D02_P010_UNKNOWN_PAR006,,false,true,false
as to,2,10,10,D02,10,D02_P010_UNKNOWN_PAR006,,true,true,false
the formal,2,10,10,D02,10,D02_P010_UNKNOWN_PAR007,,false,true,false
to boost,2,10,10,D02,10,D02_P010_UNKNOWN_PAR008,,false,true,false
the viksit,2,10,10,D02,10,D02_P010_UNKNOWN_PAR009,,false,true,false
's position,2,10,10,D02,10,D02_P010_UNKNOWN_PAR009,,false,true,false
global manufacturing,2,10,9,D02,10,D02_P010_UNKNOWN_PAR009,,false,true,false
logistics and,2,10,10,D02,11,D02_P011_SEC_2_17_PAR001,,false,true,false
these sectors,2,10,10,D02,11,D02_P011_UNKNOWN_PAR001,sectors,false,true,false
"rbi ,",2,10,10,D02,12,D02_P012_SEC_2_19_PAR001,,false,true,false
objective is,2,10,10,D02,13,D02_P013_SEC_2_23_PAR001,,false,true,false
achieved through,2,10,10,D02,14,D02_P014_SEC_2_24_PAR001,,false,true,false
"nature ,",2,10,10,D02,14,D02_P014_SEC_2_25_PAR001,,false,true,false
the design,2,10,9,D02,15,D02_P015_SEC_2_26_PAR001,,false,true,false
the latter,2,10,10,D02,15,D02_P015_SEC_2_26_PAR002,,false,true,false
reflect the,2,10,10,D02,15,D02_P015_SEC_2_26_PAR002,,false,true,false
", promote",2,10,9,D02,16,D02_P016_SEC_2_26_PAR001,,false,true,false
the interest,2,10,8,D02,16,D02_P016_SEC_2_27_PAR001,,false,true,false
return on,2,10,7,D02,16,D02_P016_SEC_2_28_PAR001,,false,true,false
has already,2,10,10,D02,16,D02_P016_SEC_2_28_PAR001,,false,true,false
model of,2,10,10,D02,17,D02_P017_UNKNOWN_PAR001,,false,true,false
only when,2,10,10,D02,17,D02_P017_UNKNOWN_PAR001,,false,true,false
centrally sponsored,2,10,9,D02,17,D02_P017_UNKNOWN_PAR002,,false,true,false
release of,2,10,10,D02,17,D02_P017_UNKNOWN_PAR003,,false,true,false
of food,2,10,9,D02,17,D02_P017_UNKNOWN_PAR006,,false,true,false
platform for,2,10,10,D02,17,D02_P017_UNKNOWN_PAR007,,false,true,false
", effective",2,10,9,D02,18,D02_P018_SEC_2_29_PAR001,,false,true,false
further to,2,10,10,D02,18,D02_P018_SEC_2_29_PAR001,,true,true,false
jal jeevan,2,10,8,D02,18,D02_P018_SEC_2_29_PAR001,,false,true,false
chain .,2,10,10,D02,18,D02_P018_UNKNOWN_PAR001,,false,true,false
been developed,2,10,9,D02,18,D02_P018_UNKNOWN_PAR002,,false,true,false
in central,2,10,10,D02,21,D02_P021_SEC_2_33_PAR001,,false,true,false
the findings,2,10,9,D02,22,D02_P022_SEC_2_33_PAR001,,false,true,false
", uttar",2,10,10,D02,24,D02_P024_SEC_2_39_PAR002,,false,true,false
heavily on,2,10,10,D02,26,D02_P026_SEC_2_40_PAR002,,false,true,false
"kerala ,",2,10,10,D02,27,D02_P027_UNKNOWN_PAR002,,false,true,false
for critical,2,10,10,D02,29,D02_P029_UNKNOWN_PAR003,,false,true,false
a recent,2,10,10,D02,29,D02_P029_UNKNOWN_PAR004,,false,true,false
were not,2,10,10,D02,30,D02_P030_UNKNOWN_PAR001,,true,true,false
included in,2,10,9,D02,31,D02_P031_UNKNOWN_PAR002,,false,true,false
fy24 .,2,10,10,D02,32,D02_P032_SEC_2_43_PAR001,,false,true,false
effort to,2,10,10,D02,33,D02_P033_UNKNOWN_PAR001,,false,true,false
considering the,2,10,10,D02,34,D02_P034_SEC_2_45_PAR001,,false,true,false
important to,2,10,9,D02,34,D02_P034_UNKNOWN_PAR001,,false,true,false
this regard,2,10,10,D02,34,D02_P034_UNKNOWN_PAR002,,false,true,false
flexibility to,2,10,10,D02,34,D02_P034_UNKNOWN_PAR002,,false,true,false
the necessary,2,10,10,D02,35,D02_P035_SEC_2_46_PAR001,,false,true,false
and external,2,10,10,D02,36,D02_P036_SEC_2_48_PAR001,,false,true,false
balance .,2,10,9,D02,36,D02_P036_SEC_2_49_PAR001,balance,false,true,false
by about,2,10,9,D02,37,D02_P037_SEC_2_52_PAR001,,true,true,false
be achieved,2,10,10,D02,37,D02_P037_UNKNOWN_PAR001,,false,true,false
to leverage,2,10,10,D02,38,D02_P038_SEC_2_53_PAR001,,false,true,false
creating a,2,10,10,D02,38,D02_P038_SEC_2_53_PAR001,,false,true,false
and not,2,10,10,D02,39,D02_P039_UNKNOWN_PAR002,,true,true,false
respond to,2,10,10,D02,41,D02_P041_SEC_2_55_PAR001,,false,true,false
", raising",2,10,10,D02,42,D02_P042_SEC_2_56_PAR001,,false,true,false
"review ,",2,10,9,D02,42,D02_P042_SEC_2_56_PAR001,,false,true,false
"basis ,",2,10,10,D02,42,D02_P042_SEC_2_57_PAR001,,false,true,false
and income,2,10,10,D02,42,D02_P042_SEC_2_57_PAR001,income,false,true,false
will enable,2,10,10,D02,42,D02_P042_SEC_2_58_PAR001,,false,true,false
₹ lakh,2,10,5,D02,12,D02_T003,,false,true,false
cent ),2,10,8,D02,19,D02_T005,,false,true,false
resilience to,2,10,10,D03,24,D03_BOX005,,false,true,false
formal credit,2,10,10,D03,27,D03_BOX009,credit,false,true,false
of credit,2,10,9,D03,27,D03_BOX009,credit,false,true,false
", 1956",2,10,8,D03,36,D03_BOX013,,false,true,false
in how,2,10,10,D03,39,D03_BOX015,,true,true,false
south africa,2,10,8,D03,46,D03_BOX019,,false,true,false
a view,2,10,10,D03,60,D03_BOX021,,false,true,false
insurance sector,2,10,9,D03,60,D03_BOX021,sector,false,true,false
"trust ,",2,10,10,D03,64,D03_BOX023,,false,true,false
but by,2,10,10,D03,64,D03_BOX023,,true,true,false
and predictability,2,10,10,D03,64,D03_BOX023,,false,true,false
and fair,2,10,10,D03,64,D03_BOX023,,false,true,false
population .,2,10,10,D03,1,D03_P001_UNKNOWN_PAR005,,false,true,false
global and,2,10,10,D03,2,D03_P002_SEC_3_1_PAR001,,false,true,false
benefits of,2,10,10,D03,2,D03_P002_SEC_3_2_PAR001,,false,true,false
is necessary,2,10,10,D03,2,D03_P002_SEC_3_2_PAR001,,false,true,false
an uncertainty,2,10,7,D03,2,D03_P002_SEC_3_4_PAR001,,false,true,false
uncertainty shock,2,10,7,D03,2,D03_P002_SEC_3_4_PAR001,,false,true,false
. finally,2,10,10,D03,4,D03_P004_SEC_3_6_PAR001,,false,true,false
for financial,2,10,10,D03,4,D03_P004_SEC_3_6_PAR001,financial,false,true,false
and heightened,2,10,10,D03,6,D03_P006_SEC_3_8_PAR001,,false,true,false
the main,2,10,10,D03,6,D03_P006_SEC_3_8_PAR008,,false,true,false
", no",2,10,8,D03,8,D03_P008_UNKNOWN_PAR001,,false,true,false
to economic,2,10,10,D03,9,D03_P009_SEC_3_10_PAR001,,false,true,false
the currency,2,10,10,D03,10,D03_P010_SEC_3_12_PAR001,currency,false,true,false
the commercial,2,10,7,D03,10,D03_P010_SEC_3_13_PAR001,,false,true,false
"liquidity ,",2,10,10,D03,11,D03_P011_SEC_3_15_PAR001,liquidity,false,true,false
) from,2,10,10,D03,11,D03_P011_SEC_3_15_PAR001,,false,true,false
economy is,2,10,10,D03,12,D03_P012_SEC_3_19_PAR001,,false,true,false
prices of,2,10,9,D03,15,D03_P015_SEC_3_25_PAR001,,false,true,false
has demonstrated,2,10,10,D03,16,D03_P016_SEC_3_26_PAR001,,false,true,false
", registering",2,10,10,D03,16,D03_P016_SEC_3_28_PAR001,,false,true,false
high of,2,10,9,D03,19,D03_P019_SEC_3_35_PAR001,,false,true,false
rbi has,2,10,10,D03,19,D03_P019_SEC_3_36_PAR001,,false,true,false
this model,2,10,9,D03,20,D03_P020_SEC_3_38_PAR001,,false,true,false
credit guarantee,2,10,8,D03,20,D03_P020_SEC_3_38_PAR001,credit,false,true,false
"applications ,",2,10,9,D03,20,D03_P020_SEC_3_38_PAR001,,false,true,false
understanding of,2,10,10,D03,21,D03_P021_SEC_3_41_PAR002,,false,true,false
that ai,2,10,10,D03,22,D03_P022_SEC_3_41_PAR002,,false,true,false
for ai,2,10,10,D03,22,D03_P022_SEC_3_41_PAR004,,false,true,false
decision-making .,2,10,10,D03,22,D03_P022_SEC_3_41_PAR005,,false,true,false
oversight and,2,10,10,D03,23,D03_P023_SEC_3_41_PAR002,,false,true,false
development in,2,10,10,D03,23,D03_P023_SEC_3_42_PAR001,,false,true,false
in fy14,2,10,5,D03,23,D03_P023_SEC_3_44_PAR001,,false,true,false
"response ,",2,10,10,D03,23,D03_P023_SEC_3_45_PAR001,,false,true,false
"stress ,",2,10,9,D03,25,D03_P025_SEC_3_47_PAR003,,false,true,false
"expectations ,",2,10,10,D03,25,D03_P025_SEC_3_47_PAR003,,false,true,false
they can,2,10,10,D03,25,D03_P025_SEC_3_47_PAR005,,true,true,false
social impact,2,10,7,D03,26,D03_P026_SEC_3_47_PAR001,,false,true,false
enterprises .,2,10,10,D03,27,D03_P027_SEC_3_49_PAR001,,false,true,false
", trading",2,10,9,D03,27,D03_P027_SEC_3_49_PAR001,,false,true,false
demonstrate how,2,10,10,D03,28,D03_P028_SEC_3_49_PAR004,,false,true,false
digital payments,2,10,10,D03,29,D03_P029_SEC_3_49_PAR002,payments,false,true,false
life .,2,10,10,D03,30,D03_P030_SEC_3_50_PAR003,,false,true,false
itself .,2,10,10,D03,30,D03_P030_SEC_3_50_PAR005,,false,true,false
"life ,",2,10,10,D03,31,D03_P031_SEC_3_50_PAR003,,false,true,false
"plans ,",2,10,10,D03,32,D03_P032_SEC_3_54_PAR001,,false,true,false
in 2018,2,10,8,D03,32,D03_P032_SEC_3_56_PAR001,,false,true,false
those with,2,10,9,D03,33,D03_P033_SEC_3_57_PAR001,,true,true,false
"implementation ,",2,10,10,D03,33,D03_P033_SEC_3_57_PAR001,,false,true,false
and bse,2,10,10,D03,35,D03_P035_SEC_3_65_PAR001,,false,true,false
equity and,2,10,10,D03,36,D03_P036_SEC_3_68_PAR001,equity,false,true,false
and ease,2,10,10,D03,37,D03_P037_SEC_3_71_PAR002,,false,true,false
"members ,",2,10,10,D03,37,D03_P037_SEC_3_71_PAR004,,false,true,false
. no,2,10,10,D03,37,D03_P037_SEC_3_71_PAR007,,false,true,false
", miis",2,10,9,D03,38,D03_P038_UNKNOWN_PAR003,,false,true,false
"regulators ,",2,10,10,D03,38,D03_P038_UNKNOWN_PAR005,,false,true,false
processes and,2,10,10,D03,39,D03_P039_SEC_3_72_PAR002,,false,true,false
centres .,2,10,9,D03,39,D03_P039_SEC_3_73_PAR001,,false,true,false
"bonds ,",2,10,10,D03,42,D03_P042_SEC_3_73_PAR001,bonds,false,true,false
. equally,2,10,10,D03,42,D03_P042_SEC_3_73_PAR001,,false,true,false
capital costs,2,10,10,D03,42,D03_P042_SEC_3_73_PAR001,capital,false,true,false
facilitate ease,2,10,10,D03,42,D03_P042_SEC_3_74_PAR001,,false,true,false
launched a,2,10,10,D03,42,D03_P042_SEC_3_74_PAR002,,false,true,false
the full,2,10,10,D03,42,D03_P042_SEC_3_74_PAR002,,false,true,false
"sustainability ,",2,10,10,D03,43,D03_P043_SEC_3_74_PAR003,,false,true,false
issued to,2,10,9,D03,43,D03_P043_SEC_3_74_PAR003,,false,true,false
under a,2,10,10,D03,43,D03_P043_SEC_3_74_PAR005,,true,true,false
were permitted,2,10,10,D03,43,D03_P043_SEC_3_74_PAR005,,false,true,false
", research",2,10,10,D03,43,D03_P043_SEC_3_74_PAR007,,false,true,false
research analysts,2,10,10,D03,43,D03_P043_SEC_3_74_PAR007,,false,true,false
by 2047,2,10,10,D03,44,D03_P044_SEC_3_75_PAR001,,false,true,false
price discovery,2,10,10,D03,44,D03_P044_SEC_3_75_PAR001,,false,true,false
the debt,2,10,10,D03,44,D03_P044_SEC_3_77_PAR001,debt,false,true,false
the principal,2,10,10,D03,45,D03_P045_SEC_3_79_PAR001,,false,true,false
pension funds,2,10,7,D03,45,D03_P045_SEC_3_79_PAR001,,false,true,false
", mutual",2,10,10,D03,45,D03_P045_SEC_3_79_PAR001,,false,true,false
and nbfcs,2,10,10,D03,45,D03_P045_SEC_3_79_PAR001,,false,true,false
", facilitating",2,10,10,D03,45,D03_P045_SEC_3_82_PAR001,,false,true,false
and real,2,10,9,D03,45,D03_P045_SEC_3_82_PAR001,,false,true,false
this sense,2,10,10,D03,47,D03_P047_SEC_3_85_PAR003,,false,true,false
to absorb,2,10,10,D03,47,D03_P047_SEC_3_85_PAR006,,false,true,false
that support,2,10,10,D03,49,D03_P049_SEC_3_85_PAR005,,false,true,false
"earnings ,",2,10,10,D03,49,D03_P049_SEC_3_85_PAR005,,false,true,false
it can,2,10,10,D03,49,D03_P049_SEC_3_85_PAR006,,true,true,false
and healthcare,2,10,9,D03,50,D03_P050_SEC_3_87_PAR001,,false,true,false
increase over,2,10,9,D03,51,D03_P051_SEC_3_89_PAR001,,false,true,false
global risk,2,10,10,D03,51,D03_P051_SEC_3_89_PAR001,,false,true,false
of diis,2,10,6,D03,52,D03_P052_SEC_3_91_PAR001,,false,true,false
retail investors,2,10,9,D03,52,D03_P052_SEC_3_92_PAR001,investors,false,true,false
"singapore ,",2,10,10,D03,53,D03_P053_SEC_3_95_PAR001,,false,true,false
increase from,2,10,10,D03,55,D03_P055_SEC_3_99_PAR001,,false,true,false
wide range,2,10,10,D03,55,D03_P055_SEC_3_99_PAR003,,false,true,false
"citizens ,",2,10,9,D03,56,D03_P056_SEC_3_99_PAR001,,false,true,false
to secure,2,10,9,D03,56,D03_P056_SEC_3_99_PAR003,,false,true,false
can enhance,2,10,10,D03,58,D03_P058_SEC_3_99_PAR002,,false,true,false
constrained by,2,10,10,D03,62,D03_P062_SEC_3_99_PAR004,,false,true,false
", given",2,10,10,D03,63,D03_P063_UNKNOWN_PAR005,,false,true,false
green bonds,2,10,5,D03,54,D03_T002,bonds,false,true,false
", s.",2,10,7,D04,21,D04_BOX001,,false,true,false
"usa ,",2,10,10,D04,21,D04_BOX001,,false,true,false
landscape is,2,10,10,D04,1,D04_P001_SEC_4_1_PAR001,,false,true,false
into global,2,10,10,D04,1,D04_P001_UNKNOWN_PAR002,,false,true,false
diversification of,2,10,10,D04,1,D04_P001_UNKNOWN_PAR003,,false,true,false
", business",2,10,10,D04,1,D04_P001_UNKNOWN_PAR003,,false,true,false
business services,2,10,10,D04,1,D04_P001_UNKNOWN_PAR003,,false,true,false
environment for,2,10,10,D04,1,D04_P001_UNKNOWN_PAR004,,false,true,false
"improved ,",2,10,10,D04,1,D04_P001_UNKNOWN_PAR004,,false,true,false
with national,2,10,9,D04,2,D04_P002_SEC_4_3_PAR001,,false,true,false
vital role,2,10,10,D04,2,D04_P002_SEC_4_4_PAR001,,false,true,false
's economic,2,10,10,D04,2,D04_P002_SEC_4_4_PAR001,,false,true,false
shown in,2,10,10,D04,3,D04_P003_SEC_4_8_PAR001,,false,true,false
data is,2,10,10,D04,3,D04_P003_SEC_4_8_PAR005,,false,true,false
the gdp,2,10,10,D04,6,D04_P006_SEC_4_13_PAR003,gdp,false,true,false
country has,2,10,10,D04,6,D04_P006_SEC_4_13_PAR003,,false,true,false
global demand,2,10,10,D04,8,D04_P008_SEC_4_17_PAR001,demand,false,true,false
countries in,2,10,9,D04,8,D04_P008_SEC_4_19_PAR001,,false,true,false
a society,2,10,10,D04,19,D04_P019_SEC_4_44_PAR002,,false,true,false
country is,2,10,10,D04,19,D04_P019_SEC_4_44_PAR003,,false,true,false
a high,2,10,10,D04,20,D04_P020_SEC_4_47_PAR005,,false,true,false
in respect,2,10,8,D04,21,D04_P021_SEC_4_47_PAR001,,false,true,false
respect of,2,10,8,D04,21,D04_P021_SEC_4_47_PAR001,,false,true,false
and coordinated,2,10,10,D04,21,D04_P021_SEC_4_49_PAR001,,false,true,false
intellectual property,2,10,10,D04,21,D04_P021_SEC_4_50_PAR001,,false,true,false
progress .,2,10,10,D04,21,D04_P021_SEC_4_50_PAR001,,false,true,false
world .,2,10,10,D04,22,D04_P022_SEC_4_50_PAR003,,false,true,false
entry into,2,10,10,D04,22,D04_P022_UNKNOWN_PAR004,,false,true,false
and manufacturing,2,10,9,D04,23,D04_P023_UNKNOWN_PAR003,,false,true,false
task force,2,10,9,D04,37,D04_P037_SEC_4_80_PAR007,,false,true,false
are essential,2,10,10,D04,37,D04_P037_SEC_4_80_PAR017,,false,true,false
"engagement ,",2,10,10,D04,38,D04_P038_SEC_4_80_PAR007,,false,true,false
investment by,2,10,9,D04,41,D04_P041_SEC_4_81_PAR004,investment,false,true,false
united kingdom,2,10,10,D04,42,D04_P042_SEC_4_81_PAR002,,false,true,false
"knowledge ,",2,10,10,D04,42,D04_P042_UNKNOWN_PAR002,,false,true,false
not to,2,10,10,D04,51,D04_P051_SEC_4_97_PAR003,,true,true,false
that services,2,10,10,D04,52,D04_P052_SEC_4_97_PAR001,,false,true,false
alone .,2,10,10,D04,52,D04_P052_SEC_4_98_PAR001,,false,true,false
grounded in,2,10,10,D04,52,D04_P052_SEC_4_98_PAR001,,false,true,false
government initiatives,2,10,10,D04,53,D04_P053_SEC_4_99_PAR009,,false,true,false
flows to,2,10,9,D04,56,D04_P056_UNKNOWN_PAR002,,false,true,false
and knowledge,2,10,10,D04,56,D04_P056_UNKNOWN_PAR003,,false,true,false
", innovation",2,10,10,D04,57,D04_P057_UNKNOWN_PAR004,,false,true,false
"pulses ,",2,10,9,D05,1,D05_P001_UNKNOWN_PAR003,,false,true,false
"recently ,",2,10,10,D05,3,D05_P003_SEC_5_5_PAR001,,false,true,false
in agriculture,2,10,10,D05,20,D05_P020_SEC_5_37_PAR001,,false,true,false
", we",2,10,10,D05,21,D05_P021_SEC_5_37_PAR001,,false,true,false
agricultural productivity,2,10,10,D06,13,D06_BOX005,productivity,false,true,false
and limited,2,10,8,D06,13,D06_BOX005,,false,true,false
interventions to,2,10,10,D06,2,D06_P002_SEC_6_3_PAR001,,false,true,false
land and,2,10,10,D06,8,D06_P008_SEC_6_12_PAR001,,false,true,false
2020 ),2,10,9,D06,8,D06_P008_SEC_6_12_PAR003,,false,true,false
sector participation,2,10,10,D06,9,D06_P009_SEC_6_15_PAR001,sector,false,true,false
among others,2,10,10,D06,10,D06_P010_SEC_6_16_PAR002,,false,true,false
price of,2,10,8,D06,10,D06_P010_SEC_6_16_PAR003,,false,true,false
address this,2,10,10,D06,14,D06_P014_SEC_6_22_PAR001,,false,true,false
from these,2,10,10,D06,16,D06_P016_UNKNOWN_PAR003,,true,true,false
training and,2,10,10,D06,18,D06_P018_SEC_6_26_PAR001,,false,true,false
platform .,2,10,10,D06,20,D06_P020_SEC_6_31_PAR001,,false,true,false
"programs ,",2,10,10,D06,21,D06_P021_SEC_6_33_PAR001,,false,true,false
investing in,2,10,10,D06,25,D06_P025_SEC_6_39_PAR001,,false,true,false
pathway to,2,10,10,D06,25,D06_P025_UNKNOWN_PAR001,,false,true,false
the online,2,10,10,D06,28,D06_P028_SEC_6_47_PAR001,,false,true,false
been approved,2,10,10,D06,28,D06_P028_SEC_6_50_PAR001,,false,true,false
"etc. ,",2,10,10,D06,31,D06_P031_SEC_6_54_PAR003,,false,true,false
climate resilience,2,10,10,D06,33,D06_P033_SEC_6_61_PAR002,,false,true,false
"media ,",2,10,10,D07,30,D07_BOX013,,false,true,false
with evolving,2,10,10,D07,12,D07_P012_SEC_7_18_PAR001,,false,true,false
incentives for,2,10,9,D07,15,D07_P015_SEC_7_21_PAR001,,false,true,false
. digital,2,10,10,D07,16,D07_P016_SEC_7_21_PAR005,,false,true,false
"delhi ,",2,10,10,D07,17,D07_P017_UNKNOWN_PAR004,,false,true,false
state and,2,10,10,D07,20,D07_P020_SEC_7_27_PAR001,,false,true,false
that enables,2,10,10,D07,21,D07_P021_SEC_7_31_PAR001,,false,true,false
centres of,2,10,10,D07,25,D07_P025_SEC_7_40_PAR002,,false,true,false
made to,2,10,10,D07,30,D07_P030_SEC_7_52_PAR001,,false,true,false
single window,2,10,8,D07,30,D07_P030_SEC_7_52_PAR001,,false,true,false
global standards,2,10,10,D08,17,D08_BOX005,,false,true,false
. *,2,10,10,D08,20,D08_BOX007,,false,false,false
received from,2,10,9,D08,22,D08_BOX009,,false,true,false
", advanced",2,10,9,D08,24,D08_BOX011,,false,true,false
domestic value,2,10,9,D08,1,D08_P001_UNKNOWN_PAR003,,false,true,false
year 2025-26,2,10,10,D08,8,D08_P008_SEC_8_19_PAR001,,false,true,false
the launch,2,10,10,D08,18,D08_P018_SEC_8_37_PAR001,,false,true,false
", delhi",2,10,8,D08,21,D08_P021_SEC_8_44_PAR001,,false,true,false
", 2023",2,10,8,D08,25,D08_P025_SEC_8_50_PAR001,,false,true,false
people .,2,10,9,D08,29,D08_P029_SEC_8_52_PAR005,,false,true,false
improving access,2,10,10,D08,37,D08_P037_SEC_8_66_PAR003,,false,true,false
for higher,2,10,7,D08,38,D08_P038_SEC_8_66_PAR001,,false,true,false
change and,2,10,9,D09,4,D09_P004_SEC_9_11_PAR001,,false,true,false
willing to,2,10,10,D09,9,D09_P009_SEC_9_17_PAR003,,false,true,false
km of,2,10,7,D09,10,D09_P010_SEC_9_20_PAR001,,false,true,false
the post,2,10,10,D09,12,D09_P012_SEC_9_24_PAR001,,false,true,false
"people ,",2,10,10,D09,16,D09_P016_SEC_9_29_PAR001,,false,true,false
"mumbai ,",2,10,8,D09,20,D09_P020_UNKNOWN_PAR003,,false,true,false
the energy,2,10,9,D09,27,D09_P027_SEC_4_PAR004,energy,false,true,false
for various,2,10,10,D09,36,D09_P036_SEC_9_58_PAR001,,false,true,false
"28 ,",2,10,10,D10,38,D10_BOX019,,false,true,false
to climate,2,10,10,D10,1,D10_P001_UNKNOWN_PAR002,,false,true,false
. local,2,10,10,D10,11,D10_P011_SEC_10_31_PAR001,,false,true,false
"hours ,",2,10,8,D10,12,D10_P012_SEC_10_33_PAR001,,false,true,false
has launched,2,10,9,D10,18,D10_P018_SEC_10_44_PAR001,,false,true,false
ltd. (,2,10,9,D10,22,D10_P022_SEC_10_54_PAR001,,false,true,false
behaviour change,2,10,10,D10,24,D10_P024_SEC_10_59_PAR001,,false,true,false
working in,2,10,10,D10,31,D10_P031_SEC_10_73_PAR001,,false,true,false
the nep,2,10,8,D11,12,D11_BOX005,,false,true,false
group (,2,10,8,D11,2,D11_P002_SEC_11_6_PAR001,,false,true,false
education (,2,10,9,D11,3,D11_P003_SEC_11_8_PAR001,,false,true,false
"students ,",2,10,10,D11,4,D11_P004_SEC_11_10_PAR001,,false,true,false
to contribute,2,10,10,D11,19,D11_P019_SEC_11_30_PAR002,,false,true,false
report of,2,10,9,D11,31,D11_P031_SEC_11_47_PAR003,,false,true,false
for public,2,10,10,D11,33,D11_P033_SEC_11_47_PAR001,,false,true,false
d ),2,10,10,D11,44,D11_P044_SEC_11_65_PAR001,,false,true,false
on social,2,10,9,D11,45,D11_P045_SEC_11_67_PAR001,,false,true,false
) &,2,10,6,D12,25,D12_BOX009,,false,false,false
box xii.,2,10,10,D12,5,D12_P005_SEC_12_11_PAR001,,false,true,false
matter of,2,10,10,D12,10,D12_P010_SEC_12_12_PAR005,,false,true,false
", cities",2,10,10,D12,26,D12_P026_SEC_12_39_PAR001,,false,true,false
days of,2,10,7,D12,32,D12_P032_SEC_12_49_PAR002,,false,true,false
"languages ,",2,10,10,D13,11,D13_P011_SEC_13_27_PAR001,,false,true,false
members of,2,10,9,D13,21,D13_P021_SEC_13_58_PAR007,,false,true,false
's ai,2,10,9,D14,18,D14_BOX005,,false,true,false
day .,2,10,10,D15,1,D15_P001_UNKNOWN_PAR002,,false,true,false
global cities,2,10,10,D15,3,D15_P003_SEC_15_5_PAR001,,false,true,false
institutional design,2,10,9,D15,11,D15_P011_SEC_15_14_PAR001,,false,true,false
24 (,2,10,10,D15,20,D15_P020_SEC_15_34_PAR003,,false,true,false
has to,2,10,8,D15,32,D15_P032_SEC_15_61_PAR001,,true,true,false
portfolio investors,2,10,10,D16,8,D16_P008_SEC_16_16_PAR001,investors,false,true,false
rti act,2,10,7,D17,8,D17_BOX005,,false,true,false
february 1,2,10,10,D19,1,D19_P001_UNKNOWN_PAR018,,false,true,false
2025-26 are,2,10,10,D19,4,D19_P004_UNKNOWN_PAR008,,false,true,false
16 th,2,10,8,D19,5,D19_P005_UNKNOWN_PAR006,,false,true,false
east conflict,2,10,9,D20,4,D20_P004_II_PAR001,,false,true,false
framework was,2,10,10,D21,3,D21_P003_SEC_3_1_1_PAR008,,false,true,false
. 2  market,2,10,10,D21,4,D21_P004_SEC_3_1_2_PAR001,,false,true,false
2  market activity,2,10,10,D21,4,D21_P004_SEC_3_1_2_PAR001,,false,true,false
transfer agent,2,10,9,D21,16,D21_P016_SEC_3_4_2_PAR002,,false,true,false
. amount,2,10,5,D21,5,D21_T001,,false,true,false
issues amount,2,10,4,D21,7,D21_T004,,false,true,false
were made,2,10,9,D21,14,D21_T010,,false,true,false
of trades,2,10,7,D22,12,D22_BOX003,,false,true,false
a member,2,10,8,D22,35,D22_BOX007,,false,true,false
nsdl and,2,10,9,D22,7,D22_P007_SEC_4_1_1_PAR002,,false,true,false
members (,2,10,7,D22,16,D22_P016_SEC_4_3_3_PAR002,,false,true,false
available on,2,10,10,D22,27,D22_P027_SEC_4_6_3_PAR002,,false,true,false
for rtas,2,10,5,D22,31,D22_P031_SEC_4_7_5_PAR002,,false,true,false
circular for,2,10,6,D22,33,D22_P033_SEC_4_7_5_PAR008,,false,true,false
3 0,2,10,7,D22,7,D22_T007,,false,true,false
- mar,2,10,1,D22,37,D22_T039,,false,true,false
dated july,2,10,10,D23,15,D23_P015_SEC_5_3_1_PAR001,,false,true,false
capital investors,2,10,10,D24,1,D24_P001_SEC_6_1_PAR003,capital;investors,false,true,false
with miis,2,10,10,D24,2,D24_P002_SEC_6_1_1_PAR020,,false,true,false
sebi had,2,10,10,D24,2,D24_P002_SEC_6_1_1_PAR037,,false,true,false
dated december,2,10,10,D26,11,D26_BOX003,,false,true,false
sebi investor,2,10,10,D26,3,D26_P003_SEC_8_1_3_PAR012,investor,false,true,false
pending cases,2,10,10,D26,14,D26_P014_SEC_8_3_2_PAR001,,false,true,false
head office,2,10,10,D26,13,D26_T005,,false,true,false
inspection of,2,10,9,D27,7,D27_BOX007,,false,true,false
regulatory actions,2,10,6,D27,2,D27_P002_SEC_9_1_4_PAR002,regulatory,false,true,false
prosecution cases,2,10,6,D28,8,D28_P008_SEC_10_1_4_PAR002,,false,true,false
pending before,2,10,6,D28,8,D28_P008_SEC_10_1_4_PAR002,,false,true,false
hon'ble delhi,2,10,7,D28,27,D28_P027_UNKNOWN_PAR004,,false,true,false
scrips moved,2,10,1,D28,3,D28_T001,,false,true,false
cases older,2,10,5,D28,7,D28_T007,,false,true,false
older than,2,10,5,D28,7,D28_T007,,false,true,false
than 2,2,10,5,D28,7,D28_T007,,false,true,false
2 yea,2,10,5,D28,7,D28_T007,,false,true,false
the staff,2,10,7,D31,2,D31_P002_SEC_13_4_1_PAR001,,false,true,false
general manager,2,10,3,D31,14,D31_P014_SEC_13_9_PAR002,,false,true,false
recurring fees,2,10,5,D31,16,D31_P016_SEC_13_11_PAR005,,false,true,false
manager (,2,10,2,D31,3,D31_T004,,false,true,false
economic statecraft,2,9,6,D01,5,D01_BOX001,,false,true,false
model for,2,9,9,D01,18,D01_BOX003,,false,true,false
all india,2,9,8,D01,21,D01_BOX005,,false,true,false
distribution .,2,9,9,D01,21,D01_BOX005,,false,true,false
economy has,2,9,9,D01,31,D01_BOX007,,false,true,false
constraints .,2,9,9,D01,1,D01_P001_UNKNOWN_PAR003,,false,true,false
indicators for,2,9,9,D01,1,D01_P001_UNKNOWN_PAR004,,false,true,false
"fundamentals ,",2,9,9,D01,1,D01_P001_UNKNOWN_PAR005,,false,true,false
. inflation,2,9,9,D01,1,D01_P001_UNKNOWN_PAR005,inflation,false,true,false
has moderated,2,9,9,D01,1,D01_P001_UNKNOWN_PAR005,,false,true,false
a balance,2,9,9,D01,1,D01_P001_UNKNOWN_PAR005,balance,false,true,false
"efforts ,",2,9,9,D01,1,D01_P001_UNKNOWN_PAR006,,false,true,false
amid global,2,9,9,D01,1,D01_P001_UNKNOWN_PAR006,,false,true,false
"tariffs ,",2,9,9,D01,2,D01_P002_SEC_1_1_PAR001,,false,true,false
in april 2025,2,9,8,D01,2,D01_P002_SEC_1_1_PAR001,,false,true,false
ahead of,2,9,9,D01,2,D01_P002_SEC_1_1_PAR001,,false,true,false
. growth,2,9,8,D01,2,D01_P002_SEC_1_1_PAR001,growth,false,true,false
", inflation",2,9,8,D01,2,D01_P002_SEC_1_1_PAR001,inflation,false,true,false
intelligence (,2,9,9,D01,3,D01_P003_SEC_1_2_PAR002,,false,true,false
tariffs on,2,9,8,D01,3,D01_P003_SEC_1_2_PAR002,,false,true,false
growth rates,2,9,9,D01,3,D01_P003_SEC_1_2_PAR002,growth;rates,false,true,false
has led,2,9,9,D01,3,D01_P003_SEC_1_3_PAR001,,false,true,false
pre-pandemic levels,2,9,8,D01,4,D01_P004_SEC_1_3_PAR001,,false,true,false
bond yields,2,9,8,D01,4,D01_P004_SEC_1_3_PAR001,bond;yields,false,true,false
on account,2,9,9,D01,4,D01_P004_SEC_1_5_PAR001,account,false,true,false
foreign direct,2,9,9,D01,4,D01_P004_SEC_1_5_PAR001,foreign,false,true,false
rose by,2,9,9,D01,4,D01_P004_SEC_1_5_PAR001,,false,true,false
policies .,2,9,9,D01,5,D01_P005_SEC_1_5_PAR002,,false,true,false
", box",2,9,9,D01,5,D01_P005_SEC_1_6_PAR001,,false,true,false
imposed by,2,9,9,D01,6,D01_P006_SEC_1_6_PAR001,,false,true,false
is now,2,9,8,D01,6,D01_P006_SEC_1_6_PAR002,,false,true,false
the space,2,9,8,D01,6,D01_P006_SEC_1_6_PAR004,,false,true,false
across different,2,9,9,D01,6,D01_P006_SEC_1_6_PAR006,,false,true,false
as one,2,9,9,D01,6,D01_P006_SEC_1_6_PAR007,,true,true,false
sectors and,2,9,9,D01,7,D01_P007_SEC_1_6_PAR005,sectors,false,true,false
", electronics",2,9,9,D01,7,D01_P007_SEC_1_6_PAR009,,false,true,false
in early,2,9,9,D01,7,D01_P007_SEC_1_6_PAR009,,false,true,false
the eu,2,9,8,D01,8,D01_P008_SEC_1_6_PAR001,,false,true,false
", enhanced",2,9,9,D01,8,D01_P008_SEC_1_6_PAR002,,false,true,false
through its,2,9,9,D01,8,D01_P008_SEC_1_6_PAR002,,true,true,false
survey .,2,9,9,D01,8,D01_P008_SEC_1_6_PAR003,,false,true,false
developments .,2,9,9,D01,8,D01_P008_SEC_1_7_PAR001,,false,true,false
the fourth,2,9,9,D01,9,D01_P009_SEC_1_8_PAR002,,false,true,false
performance in,2,9,9,D01,9,D01_P009_SEC_1_8_PAR002,,false,true,false
financial and,2,9,9,D01,9,D01_P009_SEC_1_8_PAR002,financial,false,true,false
the momentum,2,9,7,D01,10,D01_P010_SEC_1_9_PAR001,,false,true,false
demand is,2,9,7,D01,10,D01_P010_SEC_1_9_PAR001,demand,false,true,false
"sales ,",2,9,6,D01,11,D01_P011_SEC_1_11_PAR001,,false,true,false
rural households,2,9,7,D01,11,D01_P011_SEC_1_11_PAR001,,false,true,false
recorded in,2,9,9,D01,12,D01_P012_SEC_1_12_PAR001,,false,true,false
9 ),2,9,9,D01,12,D01_P012_SEC_1_12_PAR001,,false,true,false
average .,2,9,9,D01,13,D01_P013_SEC_1_13_PAR001,,false,true,false
in particular,2,9,9,D01,13,D01_P013_SEC_1_13_PAR001,,false,true,false
"15 ,",2,9,9,D01,13,D01_P013_SEC_1_14_PAR001,,false,true,false
", exports",2,9,9,D01,13,D01_P013_SEC_1_14_PAR001,exports,false,true,false
11 ),2,9,9,D01,13,D01_P013_SEC_1_14_PAR001,,false,true,false
detail in,2,9,9,D01,13,D01_P013_SEC_1_14_PAR001,,false,true,false
export markets,2,9,9,D01,14,D01_P014_SEC_1_15_PAR001,export;markets,false,true,false
below the,2,9,9,D01,14,D01_P014_SEC_1_17_PAR001,,true,true,false
the long-term,2,9,9,D01,14,D01_P014_SEC_1_17_PAR001,,false,true,false
"trend ,",2,9,9,D01,14,D01_P014_SEC_1_17_PAR001,,false,true,false
have grown,2,9,9,D01,15,D01_P015_SEC_1_17_PAR002,,false,true,false
14 ),2,9,9,D01,15,D01_P015_SEC_1_17_PAR002,,false,true,false
in agricultural,2,9,8,D01,15,D01_P015_SEC_1_17_PAR002,,false,true,false
performance and,2,9,9,D01,15,D01_P015_SEC_1_17_PAR002,,false,true,false
allied sectors,2,9,8,D01,15,D01_P015_SEC_1_17_PAR002,sectors,false,true,false
with greater,2,9,9,D01,15,D01_P015_SEC_1_19_PAR001,,false,true,false
in real,2,9,9,D01,15,D01_P015_SEC_1_19_PAR001,,false,true,false
remained broadly,2,9,9,D01,15,D01_P015_SEC_1_19_PAR001,,false,true,false
comparable to,2,9,9,D01,15,D01_P015_SEC_1_19_PAR001,,false,true,false
is supported,2,9,9,D01,16,D01_P016_SEC_1_20_PAR001,,false,true,false
18 ),2,9,6,D01,17,D01_P017_SEC_1_24_PAR001,,false,true,false
", communication",2,9,9,D01,18,D01_P018_SEC_1_25_PAR001,,false,true,false
a dynamic,2,9,9,D01,19,D01_P019_UNKNOWN_PAR002,,false,true,false
dynamics of,2,9,9,D01,19,D01_P019_UNKNOWN_PAR002,,false,true,false
of multiple,2,9,8,D01,19,D01_P019_UNKNOWN_PAR002,,false,true,false
factors .,2,9,9,D01,19,D01_P019_UNKNOWN_PAR002,,false,true,false
follows :,2,9,9,D01,19,D01_P019_UNKNOWN_PAR003,,false,true,false
a ``,2,9,9,D01,20,D01_P020_UNKNOWN_PAR001,,false,true,false
assessment and,2,9,8,D01,21,D01_P021_SEC_1_28_PAR001,,false,true,false
union territories,2,9,8,D01,22,D01_P022_SEC_1_28_PAR007,,false,true,false
for strengthening,2,9,9,D01,22,D01_P022_SEC_1_28_PAR007,,false,true,false
of ``,2,9,8,D01,23,D01_P023_SEC_1_28_PAR008,,false,true,false
to better,2,9,9,D01,23,D01_P023_SEC_1_28_PAR008,,false,true,false
the latest,2,9,9,D01,23,D01_P023_SEC_1_28_PAR008,,false,true,false
foundation for,2,9,9,D01,23,D01_P023_SEC_1_28_PAR012,,false,true,false
a continuous,2,9,9,D01,23,D01_P023_SEC_1_28_PAR013,,false,true,false
a broad-based,2,9,9,D01,24,D01_P024_SEC_1_29_PAR001,,false,true,false
for these,2,9,9,D01,24,D01_P024_SEC_1_29_PAR001,,true,true,false
the context,2,9,9,D01,24,D01_P024_SEC_1_29_PAR001,,false,true,false
fy24 fy25,2,9,9,D01,24,D01_P024_SEC_1_29_PAR003,,false,true,false
in absolute,2,9,9,D01,24,D01_P024_SEC_1_30_PAR001,,false,true,false
absolute terms,2,9,9,D01,24,D01_P024_SEC_1_30_PAR001,,false,true,false
personal income,2,9,8,D01,25,D01_P025_SEC_1_30_PAR002,income,false,true,false
cash transfers,2,9,8,D01,25,D01_P025_SEC_1_31_PAR001,,false,true,false
declining by,2,9,9,D01,25,D01_P025_SEC_1_32_PAR001,,false,true,false
the credibility,2,9,9,D01,26,D01_P026_SEC_1_32_PAR001,,false,true,false
discipline .,2,9,8,D01,26,D01_P026_SEC_1_32_PAR001,,false,true,false
by higher,2,9,8,D01,26,D01_P026_SEC_1_33_PAR001,,false,true,false
"financing ,",2,9,9,D01,27,D01_P027_SEC_1_34_PAR001,,false,true,false
to serve,2,9,9,D01,27,D01_P027_SEC_1_34_PAR001,,false,true,false
there has,2,9,9,D01,27,D01_P027_SEC_1_34_PAR001,,true,true,false
have experienced,2,9,6,D01,28,D01_P028_SEC_1_36_PAR001,,false,true,false
and increased,2,9,9,D01,28,D01_P028_SEC_1_36_PAR001,,false,true,false
countries such,2,9,9,D01,28,D01_P028_SEC_1_36_PAR001,,false,true,false
in foreign,2,9,9,D01,28,D01_P028_SEC_1_36_PAR001,foreign,false,true,false
indian rupee,2,9,8,D01,28,D01_P028_SEC_1_37_PAR001,rupee,false,true,false
long term,2,9,9,D01,28,D01_P028_SEC_1_37_PAR001,,false,true,false
offering a,2,9,9,D01,28,D01_P028_SEC_1_38_PAR001,,false,true,false
evidenced by,2,9,8,D01,28,D01_P028_SEC_1_38_PAR001,,false,true,false
medium term,2,9,9,D01,28,D01_P028_SEC_1_38_PAR001,,false,true,false
way forward,2,9,9,D01,28,D01_P028_SEC_1_38_PAR001,,false,true,false
regulatory reforms,2,9,9,D01,28,D01_P028_SEC_1_39_PAR001,regulatory,false,true,false
force participation,2,9,8,D01,29,D01_P029_SEC_1_39_PAR002,,false,true,false
marks a,2,9,8,D01,29,D01_P029_SEC_1_40_PAR001,,false,true,false
to simplify,2,9,9,D01,29,D01_P029_SEC_1_40_PAR001,,false,true,false
"flexibility ,",2,9,9,D01,29,D01_P029_SEC_1_40_PAR001,,false,true,false
while maintaining,2,9,9,D01,29,D01_P029_SEC_1_40_PAR001,,false,true,false
gig and,2,9,9,D01,29,D01_P029_SEC_1_40_PAR001,,false,true,false
and platform,2,9,9,D01,29,D01_P029_SEC_1_40_PAR001,,false,true,false
platform workers,2,9,9,D01,29,D01_P029_SEC_1_40_PAR001,,false,true,false
skilling initiatives,2,9,9,D01,29,D01_P029_SEC_1_40_PAR001,,false,true,false
in 2022-23,2,9,6,D01,29,D01_P029_SEC_1_41_PAR001,,false,true,false
and child,2,9,9,D01,30,D01_P030_SEC_1_41_PAR001,,false,true,false
adapt to,2,9,9,D01,30,D01_P030_SEC_1_42_PAR001,,false,true,false
to these,2,9,9,D01,30,D01_P030_SEC_1_42_PAR001,,true,true,false
", certain",2,9,9,D01,30,D01_P030_SEC_1_43_PAR001,,false,true,false
risks to,2,9,9,D01,30,D01_P030_SEC_1_43_PAR001,,false,true,false
reinforce the,2,9,9,D01,30,D01_P030_SEC_1_44_PAR001,,false,true,false
these conditions,2,9,8,D01,31,D01_P031_SEC_1_45_PAR002,,false,true,false
the coming,2,9,9,D01,31,D01_P031_SEC_1_45_PAR002,,false,true,false
pli ),2,9,9,D01,31,D01_P031_SEC_1_46_PAR002,,false,true,false
physical and,2,9,9,D01,31,D01_P031_SEC_1_46_PAR002,,false,true,false
for regulatory,2,9,9,D01,31,D01_P031_SEC_1_46_PAR002,regulatory,false,true,false
including those,2,9,9,D01,31,D01_P031_SEC_1_46_PAR002,,false,true,false
reforms have,2,9,9,D01,31,D01_P031_SEC_1_46_PAR003,,false,true,false
labour input,2,9,9,D01,32,D01_P032_SEC_1_46_PAR001,,false,true,false
used in,2,9,9,D01,32,D01_P032_SEC_1_46_PAR004,,false,true,false
digital and,2,9,9,D01,32,D01_P032_SEC_1_PAR002,,false,true,false
"women ,",2,9,9,D01,33,D01_P033_SEC_1_PAR006,,false,true,false
volatility and,2,9,9,D01,33,D01_P033_SEC_1_PAR006,,false,true,false
of labour,2,9,9,D01,33,D01_P033_SEC_1_PAR007,,false,true,false
gains from,2,9,9,D01,33,D01_P033_SEC_3_PAR001,,false,true,false
capital to,2,9,8,D01,33,D01_P033_SEC_3_PAR002,capital,false,true,false
this reflects,2,9,9,D01,34,D01_P034_SEC_3_PAR003,,false,true,false
that such,2,9,9,D01,34,D01_P034_SEC_3_PAR004,,true,true,false
and coordination,2,9,9,D01,35,D01_P035_SEC_3_PAR002,,false,true,false
centre and,2,9,9,D01,35,D01_P035_SEC_3_PAR002,,false,true,false
2015 ),2,9,6,D01,35,D01_P035_SEC_3_PAR004,,false,true,false
( fy16,2,9,9,D01,12,D01_T004,,false,true,false
"economics ,",2,9,9,D02,5,D02_BOX001,,false,true,false
"losses ,",2,9,9,D02,15,D02_BOX005,losses,false,true,false
in gross,2,9,9,D02,15,D02_BOX005,,false,true,false
space .,2,9,9,D02,15,D02_BOX005,,false,true,false
capital outlay,2,9,8,D02,22,D02_BOX011,capital,false,true,false
be the,2,9,9,D02,22,D02_BOX011,,true,true,false
resources to,2,9,8,D02,22,D02_BOX011,,false,true,false
"factors ,",2,9,9,D02,22,D02_BOX011,,false,true,false
volume of,2,9,9,D02,22,D02_BOX011,,false,true,false
association with,2,9,7,D02,22,D02_BOX011,,false,true,false
suggesting that,2,9,9,D02,22,D02_BOX011,,false,true,false
employment generation,2,9,9,D02,22,D02_BOX011,employment,false,true,false
scheme has,2,9,9,D02,26,D02_BOX013,,false,true,false
fy21 to,2,9,9,D02,26,D02_BOX013,,false,true,false
estimates that,2,9,9,D02,28,D02_BOX015,,false,true,false
new delhi,2,9,7,D02,28,D02_BOX015,,false,true,false
"maharashtra ,",2,9,9,D02,28,D02_BOX015,,false,true,false
aimed to,2,9,9,D02,34,D02_BOX017,,false,true,false
in fy21,2,9,9,D02,34,D02_BOX017,,false,true,false
being a,2,9,9,D02,34,D02_BOX017,,true,true,false
measure of,2,9,9,D02,34,D02_BOX017,,false,true,false
captures the,2,9,8,D02,34,D02_BOX017,,false,true,false
et al,2,9,8,D02,39,D02_BOX019,,false,true,false
'' and,2,9,9,D02,39,D02_BOX019,,false,true,false
was driven,2,9,9,D02,1,D02_P001_UNKNOWN_PAR003,,false,true,false
an analysis,2,9,9,D02,2,D02_P002_SEC_2_2_PAR001,,false,true,false
the rapid,2,9,9,D02,2,D02_P002_UNKNOWN_PAR001,,false,true,false
"limited ,",2,9,9,D02,2,D02_P002_UNKNOWN_PAR002,,false,true,false
. going,2,9,9,D02,2,D02_P002_UNKNOWN_PAR002,,false,true,false
provides the,2,9,9,D02,2,D02_P002_UNKNOWN_PAR002,,false,true,false
definition of,2,9,8,D02,2,D02_P002_UNKNOWN_PAR003,,false,true,false
"companies ,",2,9,9,D02,2,D02_P002_UNKNOWN_PAR003,,false,true,false
trust and,2,9,9,D02,2,D02_P002_UNKNOWN_PAR003,,false,true,false
economy and,2,9,9,D02,4,D02_P004_SEC_2_6_PAR001,,false,true,false
implemented by,2,9,9,D02,4,D02_P004_SEC_2_6_PAR001,,false,true,false
of individual,2,9,9,D02,4,D02_P004_SEC_2_6_PAR001,,false,true,false
"7 ,",2,9,9,D02,4,D02_P004_SEC_2_7_PAR001,,false,true,false
base .,2,9,9,D02,5,D02_P005_SEC_2_8_PAR001,,false,true,false
box ii.,2,9,9,D02,5,D02_P005_SEC_2_8_PAR001,,false,true,false
the foreign,2,9,8,D02,5,D02_P005_SEC_2_8_PAR002,foreign,false,true,false
", declining",2,9,9,D02,6,D02_P006_SEC_2_10_PAR002,,false,true,false
initiative has,2,9,9,D02,6,D02_P006_SEC_2_8_PAR002,,false,true,false
"communication ,",2,9,9,D02,6,D02_P006_SEC_2_8_PAR002,,false,true,false
the resilience,2,9,9,D02,6,D02_P006_SEC_2_9_PAR001,,false,true,false
sector in,2,9,9,D02,6,D02_P006_SEC_2_9_PAR001,sector,false,true,false
domestic manufacturing,2,9,8,D02,7,D02_P007_SEC_2_12_PAR001,,false,true,false
and encourage,2,9,9,D02,10,D02_P010_UNKNOWN_PAR007,,false,true,false
medical devices,2,9,6,D02,10,D02_P010_UNKNOWN_PAR008,,false,true,false
and green,2,9,9,D02,10,D02_P010_UNKNOWN_PAR008,,false,true,false
of physical,2,9,8,D02,11,D02_P011_SEC_2_17_PAR001,,false,true,false
"control ,",2,9,9,D02,11,D02_P011_SEC_2_18_PAR001,,false,true,false
"enforcement ,",2,9,9,D02,11,D02_P011_SEC_2_18_PAR001,,false,true,false
a calibrated,2,9,9,D02,11,D02_P011_UNKNOWN_PAR001,,false,true,false
two years,2,9,9,D02,12,D02_P012_SEC_2_19_PAR001,,false,true,false
registered a,2,9,9,D02,12,D02_P012_SEC_2_19_PAR001,,false,true,false
went up,2,9,8,D02,12,D02_P012_SEC_2_20_PAR001,,false,true,false
and equity,2,9,9,D02,13,D02_P013_SEC_2_21_PAR001,equity,false,true,false
listed entities,2,9,7,D02,13,D02_P013_SEC_2_23_PAR001,,false,true,false
power sector,2,9,9,D02,15,D02_P015_SEC_2_26_PAR002,sector,false,true,false
", requires",2,9,9,D02,15,D02_P015_SEC_2_26_PAR002,,false,true,false
and enabling,2,9,9,D02,16,D02_P016_SEC_2_26_PAR001,,false,true,false
", increased",2,9,9,D02,16,D02_P016_SEC_2_27_PAR001,,false,true,false
for approximately,2,9,9,D02,16,D02_P016_SEC_2_27_PAR001,,false,true,false
undertaken by,2,9,9,D02,16,D02_P016_SEC_2_27_PAR001,,false,true,false
"model ,",2,9,9,D02,17,D02_P017_UNKNOWN_PAR001,,false,true,false
implemented through,2,9,9,D02,17,D02_P017_UNKNOWN_PAR001,,false,true,false
key initiatives,2,9,9,D02,17,D02_P017_UNKNOWN_PAR001,,false,true,false
sector (,2,9,7,D02,17,D02_P017_UNKNOWN_PAR002,sector,false,true,false
management system,2,9,8,D02,17,D02_P017_UNKNOWN_PAR003,,false,true,false
( other,2,9,9,D02,17,D02_P017_UNKNOWN_PAR004,,false,true,false
initiative to,2,9,9,D02,17,D02_P017_UNKNOWN_PAR006,,false,true,false
developed by,2,9,9,D02,17,D02_P017_UNKNOWN_PAR006,,false,true,false
"affairs ,",2,9,9,D02,18,D02_P018_SEC_2_29_PAR001,,false,true,false
jeevan mission,2,9,8,D02,18,D02_P018_SEC_2_29_PAR001,,false,true,false
composition of,2,9,8,D02,19,D02_P019_SEC_2_30_PAR001,,false,true,false
central taxes,2,9,8,D02,21,D02_P021_SEC_2_33_PAR001,taxes,false,true,false
be ),2,9,9,D02,21,D02_P021_SEC_2_33_PAR001,,false,true,false
assets and,2,9,9,D02,22,D02_P022_SEC_2_33_PAR001,assets,false,true,false
in household,2,9,9,D02,22,D02_P022_SEC_2_33_PAR001,,false,true,false
and 3,2,9,9,D02,23,D02_P023_SEC_2_38_PAR001,,false,true,false
an additional,2,9,9,D02,23,D02_P023_UNKNOWN_PAR001,,false,true,false
pradesh (,2,9,5,D02,24,D02_P024_SEC_2_39_PAR002,,false,true,false
", gujarat",2,9,8,D02,24,D02_P024_SEC_2_39_PAR002,,false,true,false
", haryana",2,9,7,D02,24,D02_P024_SEC_2_39_PAR002,,false,true,false
is calculated,2,9,8,D02,25,D02_P025_UNKNOWN_PAR004,,false,true,false
", around",2,9,9,D02,26,D02_P026_SEC_2_40_PAR001,,false,true,false
been allocated,2,9,6,D02,26,D02_P026_SEC_2_40_PAR001,,false,true,false
15 ),2,9,9,D02,27,D02_P027_SEC_2_41_PAR001,,false,true,false
undergone a,2,9,9,D02,27,D02_P027_SEC_2_41_PAR001,,false,true,false
scope for,2,9,9,D02,27,D02_P027_SEC_2_41_PAR001,,false,true,false
health .,2,9,8,D02,27,D02_P027_UNKNOWN_PAR001,,false,true,false
: for,2,9,9,D02,27,D02_P027_UNKNOWN_PAR003,,false,true,false
they do,2,9,9,D02,29,D02_P029_UNKNOWN_PAR004,,true,true,false
employment opportunities,2,9,9,D02,29,D02_P029_UNKNOWN_PAR004,employment,false,true,false
women in,2,9,9,D02,29,D02_P029_UNKNOWN_PAR007,,false,true,false
and as,2,9,9,D02,32,D02_P032_SEC_2_43_PAR001,,true,true,false
"nadu ,",2,9,9,D02,32,D02_P032_SEC_2_43_PAR003,,false,true,false
is important,2,9,8,D02,34,D02_P034_UNKNOWN_PAR001,,false,true,false
"far ,",2,9,9,D02,35,D02_P035_SEC_2_46_PAR001,,false,true,false
fy20 to,2,9,9,D02,35,D02_P035_SEC_2_46_PAR001,,false,true,false
been reduced,2,9,8,D02,36,D02_P036_SEC_2_48_PAR001,,false,true,false
when it,2,9,9,D02,36,D02_P036_SEC_2_49_PAR001,,true,true,false
an overview,2,9,9,D02,37,D02_P037_SEC_2_51_PAR001,,false,true,false
", france",2,9,9,D02,41,D02_P041_SEC_2_56_PAR003,,false,true,false
of local,2,9,9,D02,42,D02_P042_SEC_2_57_PAR001,,false,true,false
transparency .,2,9,9,D02,42,D02_P042_SEC_2_58_PAR001,,false,true,false
to understand,2,9,9,D03,5,D03_BOX001,,false,true,false
of firms,2,9,9,D03,5,D03_BOX001,,false,true,false
firms in,2,9,8,D03,5,D03_BOX001,,false,true,false
infrastructure (,2,9,9,D03,24,D03_BOX005,,false,true,false
//tinyurl.com/ 5,2,9,8,D03,27,D03_BOX009,,false,true,false
( regulation,2,9,9,D03,36,D03_BOX013,regulation,false,true,false
regulation ),2,9,9,D03,36,D03_BOX013,regulation,false,true,false
"1992 ,",2,9,8,D03,36,D03_BOX013,,false,true,false
governance of,2,9,9,D03,36,D03_BOX013,,false,true,false
household financial,2,9,9,D03,39,D03_BOX015,financial,false,true,false
and evolving,2,9,9,D03,39,D03_BOX015,,false,true,false
"verification ,",2,9,9,D03,42,D03_BOX017,,false,true,false
view to,2,9,9,D03,60,D03_BOX021,,false,true,false
notified on,2,9,8,D03,60,D03_BOX021,,false,true,false
"transition ,",2,9,9,D03,64,D03_BOX023,,false,true,false
reduced the,2,9,9,D03,1,D03_P001_UNKNOWN_PAR002,,false,true,false
household savings,2,9,8,D03,1,D03_P001_UNKNOWN_PAR003,savings,false,true,false
domestic savings,2,9,8,D03,1,D03_P001_UNKNOWN_PAR003,savings,false,true,false
"lending ,",2,9,9,D03,1,D03_P001_UNKNOWN_PAR004,lending,false,true,false
"diversified ,",2,9,9,D03,1,D03_P001_UNKNOWN_PAR005,,false,true,false
addressing the,2,9,9,D03,2,D03_P002_SEC_3_2_PAR001,,false,true,false
market volatility,2,9,9,D03,3,D03_P003_SEC_3_5_PAR001,market,false,true,false
uncertainty (,2,9,6,D03,3,D03_P003_SEC_3_6_PAR001,,false,true,false
in credit,2,9,9,D03,3,D03_P003_SEC_3_6_PAR001,credit,false,true,false
sensitive to,2,9,9,D03,4,D03_P004_SEC_3_7_PAR001,,false,true,false
75 per cent of,2,9,9,D03,4,D03_P004_SEC_3_7_PAR001,,false,true,false
. 6,2,9,9,D03,4,D03_P004_SEC_3_7_PAR001,,false,true,false
variety of,2,9,9,D03,5,D03_P005_SEC_3_8_PAR003,,false,true,false
) index,2,9,7,D03,5,D03_P005_SEC_3_8_PAR003,,false,true,false
of large,2,9,9,D03,5,D03_P005_SEC_3_8_PAR004,,false,true,false
. firms,2,9,9,D03,6,D03_P006_SEC_3_8_PAR006,,false,true,false
and 2024,2,9,9,D03,7,D03_P007_SEC_3_8_PAR007,,false,true,false
be made,2,9,9,D03,8,D03_P008_UNKNOWN_PAR001,,false,true,false
firms can,2,9,7,D03,8,D03_P008_UNKNOWN_PAR001,,false,true,false
of small,2,9,9,D03,8,D03_P008_UNKNOWN_PAR001,,false,true,false
light of,2,9,9,D03,9,D03_P009_SEC_3_10_PAR001,,false,true,false
decreased by,2,9,8,D03,12,D03_P012_SEC_3_17_PAR001,,false,true,false
"savings ,",2,9,8,D03,12,D03_P012_SEC_3_19_PAR001,savings,false,true,false
intermediaries and,2,9,7,D03,13,D03_P013_SEC_3_19_PAR002,,false,true,false
been observed,2,9,9,D03,13,D03_P013_SEC_3_20_PAR001,,false,true,false
and net,2,9,8,D03,13,D03_P013_SEC_3_20_PAR001,,false,true,false
small enterprises,2,9,8,D03,16,D03_P016_SEC_3_26_PAR001,,false,true,false
and silver,2,9,7,D03,16,D03_P016_SEC_3_27_PAR001,,false,true,false
segment .,2,9,9,D03,16,D03_P016_SEC_3_27_PAR001,,false,true,false
and others,2,9,9,D03,16,D03_P016_SEC_3_27_PAR001,,false,true,false
"others ,",2,9,9,D03,16,D03_P016_SEC_3_27_PAR001,,false,true,false
is driven,2,9,9,D03,17,D03_P017_SEC_3_30_PAR001,,false,true,false
implemented to,2,9,9,D03,18,D03_P018_SEC_3_32_PAR001,,false,true,false
streamline the,2,9,9,D03,18,D03_P018_SEC_3_32_PAR001,,false,true,false
of march 2025,2,9,9,D03,19,D03_P019_SEC_3_35_PAR001,,false,true,false
ai .,2,9,9,D03,20,D03_P020_SEC_3_41_PAR001,,false,true,false
policies and,2,9,9,D03,21,D03_P021_SEC_3_41_PAR002,,false,true,false
using a,2,9,9,D03,21,D03_P021_SEC_3_41_PAR003,,false,true,false
the provision,2,9,8,D03,22,D03_P022_SEC_3_41_PAR002,,false,true,false
is concentrated,2,9,9,D03,22,D03_P022_SEC_3_41_PAR005,,false,true,false
and security,2,9,9,D03,23,D03_P023_SEC_3_41_PAR002,,false,true,false
welfare .,2,9,6,D03,25,D03_P025_SEC_3_47_PAR005,,false,true,false
or a,2,9,9,D03,26,D03_P026_SEC_3_47_PAR003,,true,true,false
the experience,2,9,9,D03,26,D03_P026_SEC_3_47_PAR004,,false,true,false
experience of,2,9,9,D03,26,D03_P026_SEC_3_47_PAR004,,false,true,false
that may,2,9,9,D03,26,D03_P026_SEC_3_47_PAR006,,true,true,false
may not,2,9,9,D03,26,D03_P026_SEC_3_47_PAR006,,true,true,false
gaps in,2,9,9,D03,27,D03_P027_SEC_3_48_PAR001,,false,true,false
's digital,2,9,9,D03,27,D03_P027_SEC_3_48_PAR001,,false,true,false
targeted interventions,2,9,9,D03,27,D03_P027_SEC_3_49_PAR001,,false,true,false
and enhanced,2,9,9,D03,28,D03_P028_SEC_3_49_PAR004,,false,true,false
prior to,2,9,9,D03,29,D03_P029_SEC_3_49_PAR002,,false,true,false
a digital,2,9,8,D03,30,D03_P030_SEC_3_50_PAR001,,false,true,false
to formal,2,9,9,D03,30,D03_P030_SEC_3_50_PAR001,,false,true,false
technological change,2,9,9,D03,30,D03_P030_SEC_3_50_PAR002,,false,true,false
is associated,2,9,9,D03,30,D03_P030_SEC_3_50_PAR003,,false,true,false
created a,2,9,9,D03,31,D03_P031_SEC_3_50_PAR003,,false,true,false
the proportion,2,9,8,D03,32,D03_P032_SEC_3_56_PAR001,,false,true,false
"q2 fy26 ,",2,9,8,D03,34,D03_P034_SEC_3_64_PAR001,,false,true,false
singapore 's,2,9,7,D03,35,D03_P035_SEC_3_66_PAR001,,false,true,false
. financial,2,9,9,D03,35,D03_P035_SEC_3_66_PAR001,financial,false,true,false
it and,2,9,9,D03,35,D03_P035_SEC_3_66_PAR001,,true,true,false
listed on,2,9,9,D03,36,D03_P036_SEC_3_70_PAR001,,false,true,false
publication of,2,9,9,D03,37,D03_P037_SEC_3_71_PAR004,,false,true,false
from sebi,2,9,9,D03,37,D03_P037_SEC_3_71_PAR005,,false,true,false
only by,2,9,9,D03,37,D03_P037_SEC_3_71_PAR006,,false,true,false
board .,2,9,9,D03,38,D03_P038_UNKNOWN_PAR002,,false,true,false
"registration ,",2,9,9,D03,38,D03_P038_UNKNOWN_PAR003,,false,true,false
"mechanisms ,",2,9,9,D03,38,D03_P038_UNKNOWN_PAR003,,false,true,false
of other,2,9,9,D03,38,D03_P038_UNKNOWN_PAR004,,true,true,false
financial assets,2,9,8,D03,39,D03_P039_SEC_3_72_PAR002,assets;financial,false,true,false
fund industry,2,9,8,D03,39,D03_P039_SEC_3_73_PAR001,industry,false,true,false
individual investors,2,9,8,D03,39,D03_P039_SEC_3_73_PAR002,investors,false,true,false
expanded to,2,9,9,D03,39,D03_P039_SEC_3_73_PAR002,,false,true,false
of equity,2,9,9,D03,39,D03_P039_SEC_3_73_PAR003,equity,false,true,false
in debt,2,9,8,D03,41,D03_P041_SEC_3_73_PAR002,debt,false,true,false
and china,2,9,9,D03,41,D03_P041_SEC_3_73_PAR003,,false,true,false
developing a,2,9,9,D03,42,D03_P042_SEC_3_73_PAR001,,false,true,false
market development,2,9,9,D03,42,D03_P042_SEC_3_74_PAR001,market,false,true,false
sebi vs,2,9,8,D03,42,D03_P042_SEC_3_74_PAR002,,false,true,false
panchayati raj,2,9,9,D03,42,D03_P042_SEC_3_74_PAR002,,false,true,false
comply with,2,9,9,D03,42,D03_P042_SEC_3_74_PAR002,,false,true,false
persons with,2,9,6,D03,42,D03_P042_SEC_3_74_PAR002,,false,true,false
municipal bonds,2,9,7,D03,43,D03_P043_SEC_3_74_PAR003,bonds,false,true,false
the issue,2,9,8,D03,43,D03_P043_SEC_3_74_PAR003,,false,true,false
processes .,2,9,9,D03,43,D03_P043_SEC_3_74_PAR005,,false,true,false
function as,2,9,9,D03,43,D03_P043_SEC_3_74_PAR007,,false,true,false
2047 .,2,9,9,D03,44,D03_P044_SEC_3_75_PAR001,,false,true,false
of corporate,2,9,9,D03,44,D03_P044_SEC_3_77_PAR001,,false,true,false
korea 's,2,9,7,D03,44,D03_P044_SEC_3_78_PAR001,,false,true,false
to various,2,9,9,D03,44,D03_P044_SEC_3_78_PAR001,,false,true,false
participate in,2,9,9,D03,45,D03_P045_SEC_3_79_PAR001,,false,true,false
of long-term,2,9,9,D03,45,D03_P045_SEC_3_81_PAR001,,false,true,false
the distribution,2,9,9,D03,47,D03_P047_SEC_3_85_PAR002,,false,true,false
dependent on,2,9,9,D03,47,D03_P047_SEC_3_85_PAR003,,false,true,false
the capacity,2,9,9,D03,48,D03_P048_SEC_3_85_PAR003,,false,true,false
tends to,2,9,9,D03,49,D03_P049_SEC_3_85_PAR003,,false,true,false
a weaker,2,9,4,D03,49,D03_P049_SEC_3_85_PAR003,,false,true,false
weaker currency,2,9,5,D03,49,D03_P049_SEC_3_85_PAR003,currency,false,true,false
capital allocation,2,9,9,D03,49,D03_P049_SEC_3_85_PAR004,capital,false,true,false
the strategic,2,9,8,D03,49,D03_P049_SEC_3_85_PAR005,,false,true,false
policies that,2,9,9,D03,49,D03_P049_SEC_3_85_PAR005,,false,true,false
support and,2,9,9,D03,49,D03_P049_SEC_3_85_PAR006,,false,true,false
fpi outflows,2,9,9,D03,50,D03_P050_SEC_3_87_PAR001,fpi,false,true,false
of fpi,2,9,9,D03,51,D03_P051_SEC_3_88_PAR001,fpi,false,true,false
into india,2,9,9,D03,51,D03_P051_SEC_3_88_PAR001,,false,true,false
market participation,2,9,9,D03,52,D03_P052_SEC_3_92_PAR001,market,false,true,false
dominated by,2,9,9,D03,55,D03_P055_SEC_3_99_PAR002,,false,true,false
assets under,2,9,8,D03,55,D03_P055_SEC_3_99_PAR003,assets,false,true,false
future of,2,9,9,D03,56,D03_P056_SEC_3_99_PAR003,,false,true,false
an early,2,9,9,D03,56,D03_P056_SEC_3_99_PAR003,,false,true,false
relatively low,2,9,9,D03,57,D03_P057_SEC_3_99_PAR003,,false,true,false
develop a,2,9,9,D03,58,D03_P058_SEC_3_99_PAR002,,false,true,false
significantly from,2,9,9,D03,59,D03_P059_SEC_3_99_PAR003,,false,true,false
is critical,2,9,9,D03,60,D03_P060_SEC_3_99_PAR001,,false,true,false
individuals and,2,9,9,D03,60,D03_P060_SEC_3_99_PAR003,,false,true,false
of shares,2,9,9,D03,60,D03_P060_SEC_3_99_PAR004,,false,true,false
and protection,2,9,9,D03,60,D03_P060_SEC_3_99_PAR005,,false,true,false
intermediaries .,2,9,9,D03,61,D03_P061_SEC_3_99_PAR004,,false,true,false
across both,2,9,9,D03,61,D03_P061_SEC_3_99_PAR007,,false,true,false
to keep,2,9,9,D03,62,D03_P062_SEC_3_99_PAR001,,false,true,false
and distribution,2,9,9,D03,62,D03_P062_SEC_3_99_PAR001,,false,true,false
that has,2,9,8,D03,62,D03_P062_SEC_3_99_PAR004,,true,true,false
pillar of,2,9,9,D03,62,D03_P062_SEC_3_99_PAR004,,false,true,false
one that,2,9,8,D03,63,D03_P063_UNKNOWN_PAR002,,true,true,false
evolving market,2,9,9,D03,63,D03_P063_UNKNOWN_PAR002,market,false,true,false
and provides,2,9,9,D03,63,D03_P063_UNKNOWN_PAR003,,false,true,false
ecosystem and,2,9,8,D03,63,D03_P063_UNKNOWN_PAR003,,false,true,false
to those,2,9,9,D03,64,D03_P064_UNKNOWN_PAR001,,true,true,false
address these,2,9,8,D03,65,D03_P065_UNKNOWN_PAR003,,false,true,false
to shape,2,9,9,D03,65,D03_P065_UNKNOWN_PAR012,,false,true,false
"competitive ,",2,9,9,D03,65,D03_P065_UNKNOWN_PAR012,,false,true,false
fund management,2,9,6,D03,54,D03_T002,,false,true,false
", cybersecurity",2,9,9,D03,54,D03_T002,,false,true,false
's growing,2,9,8,D03,54,D03_T002,,false,true,false
2023-24 .,2,9,8,D04,47,D04_BOX009,,false,true,false
's export,2,9,7,D04,2,D04_P002_SEC_4_5_PAR001,export,false,true,false
patterns .,2,9,9,D04,3,D04_P003_SEC_4_8_PAR001,,false,true,false
the ongoing,2,9,9,D04,4,D04_P004_SEC_4_9_PAR001,,false,true,false
the baseline,2,9,7,D04,5,D04_P005_SEC_4_9_PAR001,,false,true,false
for each,2,9,9,D04,6,D04_P006_SEC_4_13_PAR003,,true,true,false
as discussed,2,9,9,D04,7,D04_P007_SEC_4_14_PAR001,,false,true,false
exports are,2,9,8,D04,7,D04_P007_SEC_4_15_PAR001,exports,false,true,false
exports has,2,9,7,D04,8,D04_P008_SEC_4_18_PAR001,exports,false,true,false
"partnerships ,",2,9,9,D04,8,D04_P008_SEC_4_19_PAR001,,false,true,false
also increased,2,9,9,D04,9,D04_P009_SEC_4_20_PAR001,,false,true,false
are a,2,9,9,D04,10,D04_P010_SEC_4_23_PAR001,,true,true,false
to reach,2,9,9,D04,12,D04_P012_SEC_4_31_PAR001,,false,true,false
stocks and,2,9,8,D04,13,D04_P013_SEC_4_32_PAR001,,false,true,false
the price,2,9,8,D04,13,D04_P013_SEC_4_32_PAR001,,false,true,false
scheme was,2,9,9,D04,13,D04_P013_SEC_4_35_PAR001,,false,true,false
up of,2,9,9,D04,14,D04_P014_SEC_4_37_PAR001,,true,true,false
of value,2,9,9,D04,14,D04_P014_SEC_4_37_PAR001,,false,true,false
. most,2,9,9,D04,14,D04_P014_SEC_4_38_PAR001,,false,true,false
uae (,2,9,9,D04,17,D04_P017_SEC_4_40_PAR001,,false,true,false
", spain",2,9,9,D04,17,D04_P017_UNKNOWN_PAR001,,false,true,false
• for,2,9,7,D04,18,D04_P018_UNKNOWN_PAR002,,false,true,false
from other,2,9,9,D04,19,D04_P019_SEC_4_42_PAR001,,true,true,false
"2013 ,",2,9,9,D04,19,D04_P019_SEC_4_44_PAR001,,false,true,false
"complex ,",2,9,8,D04,19,D04_P019_SEC_4_44_PAR004,,false,true,false
rapid growth,2,9,9,D04,19,D04_P019_SEC_4_44_PAR004,growth,false,true,false
within india,2,9,9,D04,20,D04_P020_SEC_4_45_PAR001,,false,true,false
upgrading .,2,9,9,D04,22,D04_P022_SEC_4_50_PAR001,,false,true,false
"pathways ,",2,9,9,D04,22,D04_P022_SEC_4_50_PAR003,,false,true,false
. indian,2,9,9,D04,22,D04_P022_UNKNOWN_PAR001,,false,true,false
in 2019,2,9,9,D04,23,D04_P023_UNKNOWN_PAR002,,false,true,false
for global,2,9,9,D04,23,D04_P023_UNKNOWN_PAR004,,false,true,false
responsible for,2,9,9,D04,23,D04_P023_UNKNOWN_PAR005,,false,true,false
submission of,2,9,9,D04,23,D04_P023_UNKNOWN_PAR007,,false,true,false
authority .,2,9,9,D04,23,D04_P023_UNKNOWN_PAR007,,false,true,false
the department,2,9,9,D04,24,D04_P024_SEC_4_51_PAR002,,false,true,false
chemicals and,2,9,7,D04,24,D04_P024_SEC_4_51_PAR002,,false,true,false
", representing",2,9,9,D04,24,D04_P024_UNKNOWN_PAR001,,false,true,false
for enhancing,2,9,9,D04,25,D04_P025_SEC_4_53_PAR001,,false,true,false
and value,2,9,9,D04,31,D04_P031_SEC_4_69_PAR001,,false,true,false
digital economy,2,9,8,D04,33,D04_P033_SEC_4_76_PAR001,,false,true,false
inflows .,2,9,8,D04,34,D04_P034_SEC_4_78_PAR001,,false,true,false
"zones ,",2,9,9,D04,36,D04_P036_SEC_4_80_PAR002,,false,true,false
chaired by,2,9,9,D04,37,D04_P037_SEC_4_80_PAR001,,false,true,false
", r",2,9,9,D04,37,D04_P037_SEC_4_80_PAR013,,false,true,false
given that,2,9,9,D04,37,D04_P037_SEC_4_80_PAR015,,false,true,false
and provide,2,9,9,D04,37,D04_P037_SEC_4_80_PAR018,,false,true,false
to offer,2,9,9,D04,37,D04_P037_SEC_4_80_PAR018,,false,true,false
and procedures,2,9,8,D04,38,D04_P038_SEC_4_80_PAR003,,false,true,false
are required,2,9,8,D04,38,D04_P038_SEC_4_80_PAR004,,false,true,false
thereby enhancing,2,9,9,D04,38,D04_P038_SEC_4_80_PAR005,,false,true,false
and scaling,2,9,9,D04,38,D04_P038_SEC_4_80_PAR007,,false,true,false
key policy,2,9,9,D04,39,D04_P039_SEC_4_81_PAR002,policy,false,true,false
's experience,2,9,9,D04,41,D04_P041_SEC_4_81_PAR004,,false,true,false
pressures .,2,9,9,D04,46,D04_P046_SEC_4_91_PAR001,,false,true,false
is used,2,9,8,D04,48,D04_P048_SEC_4_93_PAR001,,false,true,false
in many,2,9,9,D04,51,D04_P051_SEC_4_97_PAR002,,false,true,false
a practical,2,9,9,D04,51,D04_P051_SEC_4_97_PAR002,,false,true,false
equally important,2,9,9,D04,51,D04_P051_SEC_4_97_PAR003,,false,true,false
information technology,2,9,8,D04,51,D04_P051_SEC_4_97_PAR006,,false,true,false
and help,2,9,9,D04,52,D04_P052_SEC_4_97_PAR001,,false,true,false
and facilitating,2,9,9,D04,53,D04_P053_SEC_4_99_PAR012,,false,true,false
edible oil,2,9,6,D05,1,D05_P001_UNKNOWN_PAR003,oil,false,true,false
current year,2,9,9,D05,3,D05_P003_SEC_5_3_PAR001,current,false,true,false
energy prices,2,9,9,D05,5,D05_P005_SEC_5_7_PAR001,energy,false,true,false
the base,2,9,6,D05,8,D05_P008_SEC_5_11_PAR001,,false,true,false
central role,2,9,9,D05,10,D05_P010_SEC_5_17_PAR001,,false,true,false
the area,2,9,9,D05,12,D05_P012_SEC_5_20_PAR001,,false,true,false
", local",2,9,9,D05,15,D05_P015_SEC_5_29_PAR001,,false,true,false
", whether",2,9,8,D05,18,D05_P018_SEC_5_33_PAR001,,false,true,false
national average,2,9,4,D05,18,D05_P018_SEC_5_33_PAR001,,false,true,false
", bringing",2,9,9,D05,20,D05_P020_SEC_5_36_PAR001,,false,true,false
technology adoption,2,9,9,D06,7,D06_BOX001,,false,true,false
crop diversification,2,9,8,D06,7,D06_BOX001,,false,true,false
been identified,2,9,8,D06,13,D06_BOX005,,false,true,false
"patterns ,",2,9,9,D06,23,D06_BOX009,,false,true,false
", environmental",2,9,9,D06,23,D06_BOX009,,false,true,false
"population ,",2,9,8,D06,30,D06_BOX011,,false,true,false
", storage",2,9,9,D06,1,D06_P001_UNKNOWN_PAR005,,false,true,false
food processing,2,9,7,D06,3,D06_P003_SEC_6_5_PAR001,,false,true,false
opportunities in,2,9,8,D06,5,D06_P005_SEC_6_9_PAR002,,false,true,false
"gujarat ,",2,9,8,D06,6,D06_P006_SEC_6_11_PAR001,,false,true,false
"odisha ,",2,9,7,D06,6,D06_P006_SEC_6_12_PAR001,,false,true,false
in 2014,2,9,7,D06,7,D06_P007_SEC_6_12_PAR002,,false,true,false
case for,2,9,9,D06,11,D06_P011_SEC_6_16_PAR006,,false,true,false
's role,2,9,9,D06,12,D06_P012_SEC_6_17_PAR001,,false,true,false
the limited,2,9,9,D06,12,D06_P012_SEC_6_19_PAR001,,false,true,false
", aims",2,9,8,D06,12,D06_P012_SEC_6_19_PAR001,,false,true,false
"waste ,",2,9,7,D06,13,D06_P013_SEC_6_21_PAR001,,false,true,false
water bodies,2,9,8,D06,14,D06_P014_SEC_6_21_PAR001,,false,true,false
cost .,2,9,9,D06,15,D06_P015_SEC_6_22_PAR008,,false,true,false
water and,2,9,9,D06,16,D06_P016_SEC_6_22_PAR002,,false,true,false
2025 -,2,9,9,D06,18,D06_P018_SEC_6_26_PAR001,,false,true,false
"surveillance ,",2,9,9,D06,19,D06_P019_SEC_6_27_PAR001,,false,true,false
are vital,2,9,9,D06,20,D06_P020_SEC_6_29_PAR001,,false,true,false
has implemented,2,9,9,D06,20,D06_P020_SEC_6_30_PAR001,,false,true,false
delivery .,2,9,9,D06,22,D06_P022_SEC_6_35_PAR001,,false,true,false
enhance their,2,9,9,D06,26,D06_P026_SEC_6_43_PAR001,,false,true,false
centres and,2,9,9,D06,27,D06_P027_SEC_6_47_PAR001,,false,true,false
within this,2,9,9,D06,28,D06_P028_SEC_6_49_PAR001,,false,true,false
digital technologies,2,9,9,D06,31,D06_P031_SEC_6_56_PAR001,,false,true,false
key to,2,9,9,D06,32,D06_P032_SEC_6_58_PAR001,,false,true,false
", climate",2,9,9,D06,32,D06_P032_SEC_6_59_PAR001,,false,true,false
can further,2,9,9,D06,32,D06_P032_SEC_6_60_PAR001,,true,true,false
communities .,2,9,9,D06,32,D06_P032_SEC_6_60_PAR001,,false,true,false
state to,2,9,8,D07,15,D07_BOX007,,false,true,false
. international,2,9,9,D07,30,D07_BOX013,,false,true,false
gaps and,2,9,9,D07,2,D07_P002_SEC_7_4_PAR001,,false,true,false
. 4,2,9,9,D07,3,D07_P003_SEC_7_6_PAR002,,false,true,false
the backbone,2,9,9,D07,18,D07_P018_SEC_7_24_PAR001,,false,true,false
backbone of,2,9,9,D07,18,D07_P018_SEC_7_24_PAR001,,false,true,false
connectivity to,2,9,9,D07,20,D07_P020_SEC_7_29_PAR001,,false,true,false
ai data,2,9,6,D07,22,D07_P022_SEC_7_35_PAR001,,false,true,false
to play,2,9,9,D07,24,D07_P024_SEC_7_40_PAR001,,false,true,false
and mobility,2,9,9,D07,25,D07_P025_SEC_7_41_PAR001,,false,true,false
chains and,2,9,9,D07,29,D07_P029_SEC_7_51_PAR001,,false,true,false
limited (,2,9,5,D07,31,D07_P031_SEC_7_54_PAR001,,false,true,false
"execution ,",2,9,9,D07,31,D07_P031_SEC_7_54_PAR001,,false,true,false
policy (,2,9,8,D07,31,D07_P031_SEC_7_54_PAR001,policy,false,true,false
applications .,2,9,9,D07,32,D07_P032_SEC_7_55_PAR001,,false,true,false
battery storage,2,9,6,D08,13,D08_BOX001,,false,true,false
industrial clusters,2,9,8,D08,20,D08_BOX007,,false,true,false
"skilling ,",2,9,9,D08,20,D08_BOX007,,false,true,false
rd in,2,9,2,D08,24,D08_BOX011,,false,true,false
"micro ,",2,9,9,D08,36,D08_BOX021,,false,true,false
and continuous,2,9,9,D08,1,D08_P001_UNKNOWN_PAR004,,false,true,false
natural gas,2,9,9,D08,10,D08_P010_SEC_8_23_PAR001,,false,true,false
highlighted in,2,9,9,D08,13,D08_P013_SEC_8_28_PAR002,,false,true,false
as ai,2,9,9,D08,16,D08_P016_SEC_8_34_PAR001,,false,true,false
the purpose,2,9,9,D08,27,D08_P027_SEC_8_52_PAR001,,false,true,false
"crucially ,",2,9,9,D08,28,D08_P028_SEC_8_52_PAR001,,false,true,false
"small ,",2,9,9,D08,29,D08_P029_SEC_8_52_PAR003,,false,true,false
"delays ,",2,9,8,D08,29,D08_P029_SEC_8_52_PAR003,,false,true,false
which will,2,9,9,D08,31,D08_P031_SEC_8_57_PAR001,,true,true,false
initiatives in,2,9,9,D08,31,D08_P031_SEC_8_57_PAR001,,false,true,false
binding constraint,2,9,9,D08,33,D08_P033_SEC_8_61_PAR001,,false,true,false
"guidelines ,",2,9,9,D08,39,D08_P039_SEC_8_66_PAR002,,false,true,false
digital governance,2,9,9,D08,42,D08_P042_SEC_8_70_PAR002,,false,true,false
and create,2,9,9,D08,45,D08_P045_SEC_8_75_PAR001,,false,true,false
's urban,2,9,9,D09,19,D09_BOX017,,false,true,false
development (,2,9,9,D09,34,D09_BOX029,,false,true,false
action plan,2,9,9,D09,34,D09_BOX029,,false,true,false
. public,2,9,9,D09,2,D09_P002_SEC_9_4_PAR001,,false,true,false
rural infrastructure,2,9,8,D09,3,D09_P003_SEC_9_10_PAR001,,false,true,false
be treated,2,9,9,D09,5,D09_P005_SEC_9_15_PAR001,,false,true,false
solid waste,2,9,9,D09,7,D09_P007_SEC_9_17_PAR014,,false,true,false
the environment,2,9,9,D09,8,D09_P008_SEC_9_17_PAR001,,false,true,false
encouraged to,2,9,9,D09,9,D09_P009_SEC_9_17_PAR005,,false,true,false
initiatives and,2,9,9,D09,10,D09_P010_SEC_9_20_PAR001,,false,true,false
km ),2,9,4,D09,14,D09_P014_SEC_9_24_PAR001,,false,true,false
", mumbai",2,9,6,D09,20,D09_P020_UNKNOWN_PAR003,,false,true,false
result of,2,9,9,D09,24,D09_P024_SEC_9_40_PAR008,,false,true,false
"literacy ,",2,9,9,D09,27,D09_P027_SEC_4_PAR002,,false,true,false
water security,2,9,8,D09,33,D09_P033_SEC_9_50_PAR002,,false,true,false
"tool ,",2,9,9,D09,36,D09_P036_SEC_9_58_PAR001,,false,true,false
. development,2,9,7,D10,18,D10_BOX005,,false,true,false
utilization of,2,9,9,D10,18,D10_BOX005,,false,true,false
for climate,2,9,9,D10,32,D10_BOX015,,false,true,false
domestic financial,2,9,9,D10,1,D10_P001_UNKNOWN_PAR004,financial,false,true,false
and what,2,9,9,D10,3,D10_P003_SEC_10_7_PAR001,,false,true,false
records of,2,9,9,D10,3,D10_P003_SEC_10_8_PAR001,,false,true,false
energy efficiency,2,9,9,D10,5,D10_P005_SEC_10_15_PAR001,energy,false,true,false
climate adaptation,2,9,9,D10,7,D10_P007_SEC_10_20_PAR001,,false,true,false
communities to,2,9,9,D10,8,D10_P008_SEC_10_24_PAR001,,false,true,false
) a,2,9,6,D10,24,D10_P024_SEC_10_58_PAR004,,false,true,false
the physical,2,9,8,D10,31,D10_P031_SEC_10_74_PAR001,,false,true,false
"managers ,",2,9,8,D10,32,D10_P032_SEC_10_76_PAR002,,false,true,false
) the,2,9,9,D10,35,D10_P035_SEC_10_84_PAR002,,false,true,false
", administrative",2,9,9,D10,41,D10_P041_SEC_10_99_PAR003,,false,true,false
children 's,2,9,8,D11,7,D11_BOX001,,false,true,false
engagement .,2,9,9,D11,19,D11_BOX009,,false,true,false
schools and,2,9,9,D11,2,D11_P002_SEC_11_2_PAR001,,false,true,false
skills .,2,9,9,D11,3,D11_P003_SEC_11_7_PAR001,,false,true,false
students .,2,9,9,D11,5,D11_P005_SEC_11_10_PAR011,,false,true,false
conducted by,2,9,9,D11,8,D11_P008_SEC_11_15_PAR001,,false,true,false
be established,2,9,7,D11,15,D11_P015_SEC_11_21_PAR002,,false,true,false
students in,2,9,8,D11,18,D11_P018_SEC_11_28_PAR001,,false,true,false
protection for,2,9,9,D11,27,D11_P027_UNKNOWN_PAR002,,false,true,false
shall be,2,9,7,D11,31,D11_P031_SEC_11_47_PAR005,,true,true,false
", namely",2,9,9,D11,33,D11_P033_SEC_11_47_PAR002,,false,true,false
reach of,2,9,9,D11,37,D11_P037_SEC_11_52_PAR001,,false,true,false
"structured ,",2,9,9,D11,40,D11_P040_SEC_11_57_PAR001,,false,true,false
lakh ),2,9,7,D11,15,D11_T003,,false,true,false
gig economy,2,9,8,D12,25,D12_BOX009,,false,true,false
code on,2,9,8,D12,25,D12_BOX009,,false,true,false
"course ,",2,9,9,D12,41,D12_BOX019,,false,true,false
the organised,2,9,9,D12,1,D12_P001_UNKNOWN_PAR002,,false,true,false
essential .,2,9,8,D12,1,D12_P001_UNKNOWN_PAR003,,false,true,false
the 15,2,9,7,D12,2,D12_P002_SEC_12_2_PAR001,,false,true,false
"retention ,",2,9,9,D12,29,D12_P029_SEC_12_45_PAR002,,false,true,false
priority areas,2,9,6,D13,9,D13_BOX001,,false,true,false
", sabka",2,9,3,D13,1,D13_P001_UNKNOWN_PAR002,,false,true,false
accountability and,2,9,9,D13,11,D13_P011_SEC_13_26_PAR008,,false,true,false
and maintenance,2,9,8,D13,15,D13_P015_SEC_13_41_PAR001,,false,true,false
( d,2,9,9,D13,17,D13_P017_SEC_13_47_PAR001,,false,true,false
reduction and,2,9,9,D13,29,D13_P029_SEC_13_78_PAR001,,false,true,false
post -2022,2,9,8,D14,4,D14_P004_SEC_14_6_PAR006,,false,true,false
involved in,2,9,9,D14,7,D14_P007_SEC_14_10_PAR001,,false,true,false
indian data,2,9,9,D14,28,D14_P028_SEC_14_66_PAR004,,false,true,false
2025-26 is,2,9,9,D15,33,D15_P033_UNKNOWN_PAR001,,false,true,false
of applications,2,9,6,D17,32,D17_P032_UNKNOWN_PAR002,,false,true,false
vii .,2,9,9,D18,3,D18_P003_VI_PAR004,,false,true,false
of penalty,2,9,7,D19,1,D19_P001_UNKNOWN_PAR015,,false,true,false
the 16,2,9,8,D19,5,D19_P005_UNKNOWN_PAR006,,false,true,false
'' ),2,9,7,D19,9,D19_P009_UNKNOWN_PAR008,,false,false,false
sebi conducted,2,9,9,D21,11,D21_BOX007,,false,true,false
. review,2,9,9,D21,13,D21_BOX009,,false,true,false
sebi during,2,9,9,D21,1,D21_P001_SEC_3_1_PAR003,,false,true,false
during 2024-25,2,9,7,D21,7,D21_P007_SEC_3_1_2_PAR004,,false,true,false
applications were,2,9,6,D21,8,D21_P008_UNKNOWN_PAR010,,false,true,false
sebi issued,2,9,8,D21,14,D21_T010,,false,true,false
exemption from,2,9,8,D21,14,D21_T010,,false,true,false
of cases,2,9,7,D21,14,D21_T012,,false,true,false
3 3,2,9,8,D21,17,D21_T016,,false,true,true
", down",2,9,9,D22,5,D22_P005_SEC_4_1_1_PAR002,,false,true,false
is given,2,9,9,D22,6,D22_P006_SEC_4_1_1_PAR005,,false,true,false
by fpis,2,9,9,D22,6,D22_P006_SEC_4_1_1_PAR006,,false,true,false
"19 ,",2,9,9,D22,8,D22_P008_SEC_4_1_3_PAR001,,false,true,false
rfq platform,2,9,4,D22,10,D22_P010_SEC_4_2_1_PAR002,,false,true,false
clearing corporation,2,9,5,D22,11,D22_P011_SEC_4_2_2_PAR007,,false,true,false
index options,2,9,6,D22,12,D22_P012_SEC_4_3_PAR002,,false,true,false
viz .,2,9,8,D22,24,D22_P024_SEC_4_4_5_PAR001,,false,true,false
enhance ease,2,9,9,D22,32,D22_P032_SEC_4_7_5_PAR002,,false,true,false
of stock,2,9,8,D22,36,D22_P036_SEC_4_8_PAR002,,false,true,false
dated september,2,9,9,D22,37,D22_P037_SEC_4_8_2_PAR004,,false,true,false
the miis,2,9,7,D22,39,D22_P039_SEC_4_8_3_PAR001,,false,true,false
0.0 0.1,2,9,5,D22,28,D22_T032,,false,true,false
investments made,2,9,5,D23,2,D23_BOX001,investments,false,true,false
in unlisted,2,9,7,D23,10,D23_BOX003,,false,true,false
the theme,2,9,9,D26,8,D26_P008_SEC_8_1_6_PAR015,,false,true,false
adjudication proceedings,2,9,7,D27,7,D27_BOX007,,false,true,false
the adjudication,2,9,7,D27,7,D27_BOX007,,false,true,false
inspections of,2,9,9,D28,2,D28_P002_SEC_10_1_1_PAR005,,false,true,false
section 24,2,9,9,D28,33,D28_P033_UNKNOWN_PAR003,,false,true,false
filed disposed,2,9,5,D28,18,D28_T037,,false,true,false
disposed pending,2,9,5,D28,18,D28_T037,,false,true,false
language policy,2,9,8,D31,10,D31_P010_SEC_13_4_7_PAR001,policy,false,true,false
defined as,2,8,8,D01,5,D01_BOX001,,false,true,false
has witnessed,2,8,8,D01,5,D01_BOX001,,false,true,false
use .,2,8,8,D01,18,D01_BOX003,,false,true,false
"present ,",2,8,8,D01,18,D01_BOX003,,false,true,false
public policy,2,8,8,D01,21,D01_BOX005,policy,false,true,false
. recognising,2,8,8,D01,21,D01_BOX005,,false,true,false
coverage of,2,8,8,D01,21,D01_BOX005,,false,true,false
ownership and,2,8,8,D01,21,D01_BOX005,,false,true,false
not been,2,8,8,D01,21,D01_BOX005,,true,true,false
conducted in,2,8,8,D01,21,D01_BOX005,,false,true,false
's medium-term,2,8,8,D01,31,D01_BOX007,,false,true,false
begun to,2,8,8,D01,31,D01_BOX007,,false,true,false
"tensions ,",2,8,7,D01,1,D01_P001_UNKNOWN_PAR002,,false,true,false
"disruptions ,",2,8,8,D01,1,D01_P001_UNKNOWN_PAR002,,false,true,false
largely driven,2,8,8,D01,1,D01_P001_UNKNOWN_PAR003,,false,true,false
remain the,2,8,7,D01,1,D01_P001_UNKNOWN_PAR003,,false,true,false
global conditions,2,8,8,D01,1,D01_P001_UNKNOWN_PAR004,,false,true,false
trends .,2,8,8,D01,1,D01_P001_UNKNOWN_PAR004,,false,true,false
", external",2,8,8,D01,1,D01_P001_UNKNOWN_PAR005,,false,true,false
term .,2,8,8,D01,1,D01_P001_UNKNOWN_PAR006,,false,true,false
partners .,2,8,8,D01,2,D01_P002_SEC_1_1_PAR001,,false,true,false
table i.,2,8,7,D01,2,D01_P002_SEC_1_1_PAR001,,false,true,false
remain a,2,8,8,D01,3,D01_P003_SEC_1_2_PAR002,,false,true,false
the bank,2,8,7,D01,3,D01_P003_SEC_1_2_PAR002,bank,false,true,false
japan 's,2,8,7,D01,3,D01_P003_SEC_1_2_PAR002,,false,true,false
the shift,2,8,8,D01,3,D01_P003_SEC_1_3_PAR001,,false,true,false
of central,2,8,8,D01,3,D01_P003_SEC_1_3_PAR001,,false,true,false
in data,2,8,7,D01,4,D01_P004_SEC_1_3_PAR001,,false,true,false
", coupled",2,8,8,D01,4,D01_P004_SEC_1_5_PAR001,,false,true,false
the surge,2,8,8,D01,4,D01_P004_SEC_1_5_PAR001,,false,true,false
in most,2,8,8,D01,4,D01_P004_SEC_1_5_PAR001,,true,true,false
", four",2,8,8,D01,4,D01_P004_SEC_1_5_PAR001,,false,true,false
limited to,2,8,8,D01,6,D01_P006_SEC_1_6_PAR003,,false,true,false
priorities .,2,8,8,D01,6,D01_P006_SEC_1_6_PAR004,,false,true,false
free trade,2,8,8,D01,6,D01_P006_SEC_1_6_PAR005,trade,false,true,false
"order ,",2,8,8,D01,6,D01_P006_SEC_1_6_PAR005,,false,true,false
", effectively",2,8,8,D01,6,D01_P006_SEC_1_6_PAR007,,false,true,false
seen as,2,8,8,D01,6,D01_P006_SEC_1_6_PAR007,,false,true,false
a tool,2,8,8,D01,6,D01_P006_SEC_1_6_PAR007,,false,true,false
fostering a,2,8,8,D01,7,D01_P007_SEC_1_6_PAR002,,false,true,false
"financial ,",2,8,8,D01,7,D01_P007_SEC_1_6_PAR002,financial,false,true,false
", geopolitical",2,8,8,D01,7,D01_P007_SEC_1_6_PAR003,,false,true,false
in strategic,2,8,8,D01,7,D01_P007_SEC_1_6_PAR005,,false,true,false
"semiconductors ,",2,8,8,D01,7,D01_P007_SEC_1_6_PAR006,,false,true,false
and ai,2,8,8,D01,7,D01_P007_SEC_1_6_PAR006,,false,true,false
or ',2,8,8,D01,7,D01_P007_SEC_1_6_PAR007,,false,true,false
depending on,2,8,8,D01,7,D01_P007_SEC_1_6_PAR007,,false,true,false
"emissions ,",2,8,8,D01,8,D01_P008_SEC_1_6_PAR001,,false,true,false
to retain,2,8,7,D01,8,D01_P008_SEC_1_6_PAR002,,false,true,false
pressures and,2,8,8,D01,8,D01_P008_SEC_1_6_PAR003,,false,true,false
. strategic,2,8,6,D01,8,D01_P008_SEC_1_6_PAR003,,false,true,false
critical to,2,8,8,D01,8,D01_P008_SEC_1_6_PAR003,,false,true,false
"diversity ,",2,8,8,D01,8,D01_P008_SEC_1_6_PAR003,,false,true,false
areas such,2,8,8,D01,8,D01_P008_SEC_1_6_PAR003,,false,true,false
", building",2,8,8,D01,8,D01_P008_SEC_1_6_PAR003,,false,true,false
are detailed,2,8,8,D01,8,D01_P008_SEC_1_6_PAR003,,false,true,false
detailed in,2,8,8,D01,8,D01_P008_SEC_1_6_PAR003,,false,true,false
market developments,2,8,8,D01,8,D01_P008_SEC_1_7_PAR001,market,false,true,false
", surpassing",2,8,8,D01,9,D01_P009_SEC_1_8_PAR002,,false,true,false
by various,2,8,8,D01,9,D01_P009_SEC_1_8_PAR002,,false,true,false
a strengthening,2,8,8,D01,9,D01_P009_SEC_1_8_PAR002,,false,true,false
in trade,2,8,8,D01,9,D01_P009_SEC_1_8_PAR002,trade,false,true,false
growing by,2,8,8,D01,10,D01_P010_SEC_1_9_PAR001,,false,true,false
. moreover,2,8,8,D01,10,D01_P010_SEC_1_9_PAR001,,false,true,false
the gradual,2,8,8,D01,10,D01_P010_SEC_1_9_PAR001,,false,true,false
on an,2,8,7,D01,11,D01_P011_SEC_1_10_PAR001,,true,true,false
of recent,2,8,8,D01,11,D01_P011_SEC_1_10_PAR001,,false,true,false
"traffic ,",2,8,6,D01,11,D01_P011_SEC_1_11_PAR001,,false,true,false
sustained public,2,8,8,D01,12,D01_P012_SEC_1_12_PAR001,,false,true,false
"particular ,",2,8,8,D01,13,D01_P013_SEC_1_13_PAR001,,false,true,false
in detail,2,8,8,D01,13,D01_P013_SEC_1_14_PAR001,,false,true,false
. looking,2,8,8,D01,14,D01_P014_SEC_1_15_PAR001,,false,true,false
weather conditions,2,8,8,D01,14,D01_P014_SEC_1_17_PAR001,,false,true,false
"increased ,",2,8,8,D01,15,D01_P015_SEC_1_17_PAR002,,false,true,false
inputs .,2,8,8,D01,15,D01_P015_SEC_1_18_PAR001,,false,true,false
"crops ,",2,8,8,D01,15,D01_P015_SEC_1_18_PAR001,,false,true,false
of output,2,8,8,D01,15,D01_P015_SEC_1_19_PAR001,output,false,true,false
the industrial,2,8,8,D01,15,D01_P015_SEC_1_19_PAR001,,false,true,false
industrial sector,2,8,7,D01,15,D01_P015_SEC_1_19_PAR001,sector,false,true,false
e-way bill,2,8,8,D01,16,D01_P016_SEC_1_22_PAR001,,false,true,false
by robust,2,8,8,D01,16,D01_P016_SEC_1_22_PAR001,,false,true,false
"revenues ,",2,8,8,D01,19,D01_P019_UNKNOWN_PAR001,,false,true,false
. once,2,8,8,D01,20,D01_P020_UNKNOWN_PAR001,,false,true,false
small number,2,8,8,D01,20,D01_P020_UNKNOWN_PAR002,,false,true,false
factors that,2,8,7,D01,20,D01_P020_UNKNOWN_PAR002,,false,true,false
initiatives are,2,8,8,D01,21,D01_P021_SEC_1_28_PAR001,,false,true,false
been revised,2,8,8,D01,22,D01_P022_SEC_1_28_PAR003,,false,true,false
estimates .,2,8,8,D01,22,D01_P022_SEC_1_28_PAR003,,false,true,false
financial assistance,2,8,7,D01,22,D01_P022_SEC_1_28_PAR007,financial,false,true,false
and union,2,8,7,D01,22,D01_P022_SEC_1_28_PAR007,,false,true,false
the household,2,8,8,D01,22,D01_P022_SEC_1_28_PAR013,,false,true,false
production and,2,8,8,D01,23,D01_P023_SEC_1_28_PAR003,,false,true,false
also being,2,8,8,D01,23,D01_P023_SEC_1_28_PAR003,,true,true,false
urban and,2,8,8,D01,23,D01_P023_SEC_1_28_PAR008,,false,true,false
has developed,2,8,8,D01,23,D01_P023_SEC_1_28_PAR009,,false,true,false
the reach,2,8,8,D01,23,D01_P023_SEC_1_28_PAR010,,false,true,false
the trajectory,2,8,8,D01,24,D01_P024_SEC_1_29_PAR001,,false,true,false
in domestic,2,8,8,D01,24,D01_P024_SEC_1_30_PAR001,,false,true,false
the budgeted,2,8,7,D01,24,D01_P024_SEC_1_30_PAR001,,false,true,false
november 2025 ),2,8,8,D01,24,D01_P024_SEC_1_30_PAR001,,false,true,false
states for,2,8,8,D01,25,D01_P025_SEC_1_31_PAR001,,false,true,false
has successfully,2,8,8,D01,25,D01_P025_SEC_1_31_PAR001,,false,true,false
has contributed,2,8,8,D01,25,D01_P025_SEC_1_31_PAR001,,false,true,false
to rising,2,8,8,D01,25,D01_P025_SEC_1_31_PAR001,,false,true,false
consolidation path,2,8,8,D01,25,D01_P025_SEC_1_31_PAR001,,false,true,false
repo rate,2,8,7,D01,25,D01_P025_SEC_1_32_PAR001,rate;repo,false,true,false
s &,2,8,8,D01,26,D01_P026_SEC_1_32_PAR001,,false,true,false
reduction of,2,8,7,D01,26,D01_P026_SEC_1_33_PAR001,,false,true,false
of outstanding,2,8,6,D01,27,D01_P027_SEC_1_34_PAR001,,false,true,false
for large,2,8,8,D01,27,D01_P027_SEC_1_34_PAR001,,false,true,false
in april-,2,8,7,D01,27,D01_P027_SEC_1_34_PAR001,,false,true,false
total exports,2,8,6,D01,27,D01_P027_SEC_1_35_PAR001,exports,false,true,false
gross fdi,2,8,7,D01,27,D01_P027_SEC_1_35_PAR001,fdi,false,true,false
capital account,2,8,7,D01,27,D01_P027_SEC_1_36_PAR001,account;capital,false,true,false
to rise,2,8,8,D01,27,D01_P027_SEC_1_36_PAR001,,false,true,false
in net,2,8,8,D01,28,D01_P028_SEC_1_36_PAR001,,false,true,false
from april,2,8,8,D01,28,D01_P028_SEC_1_36_PAR001,,false,true,false
fpi flows,2,8,6,D01,28,D01_P028_SEC_1_36_PAR001,fpi,false,true,false
with market,2,8,8,D01,28,D01_P028_SEC_1_37_PAR001,market,false,true,false
it to,2,8,8,D01,28,D01_P028_SEC_1_37_PAR001,,true,true,false
by approximately,2,8,8,D01,28,D01_P028_SEC_1_37_PAR001,,false,true,false
guided by,2,8,8,D01,28,D01_P028_SEC_1_37_PAR001,,false,true,false
pursuit of,2,8,8,D01,28,D01_P028_SEC_1_38_PAR001,,false,true,false
as evidenced,2,8,8,D01,28,D01_P028_SEC_1_38_PAR001,,false,true,false
trade is,2,8,8,D01,28,D01_P028_SEC_1_38_PAR001,trade,false,true,false
box iv.,2,8,8,D01,28,D01_P028_SEC_1_38_PAR001,,false,true,false
consolidation of,2,8,7,D01,29,D01_P029_SEC_1_40_PAR001,,false,true,false
the gig,2,8,7,D01,29,D01_P029_SEC_1_40_PAR001,,false,true,false
forms of,2,8,8,D01,29,D01_P029_SEC_1_40_PAR001,,false,true,false
the requirements,2,8,8,D01,29,D01_P029_SEC_1_40_PAR001,,false,true,false
social sector,2,8,8,D01,29,D01_P029_SEC_1_41_PAR001,sector,false,true,false
have contributed,2,8,8,D01,29,D01_P029_SEC_1_41_PAR001,,false,true,false
poverty line,2,8,5,D01,29,D01_P029_SEC_1_41_PAR001,poverty,false,true,false
", 2021",2,8,8,D01,29,D01_P029_SEC_1_41_PAR001,,false,true,false
poverty and,2,8,8,D01,29,D01_P029_SEC_1_41_PAR001,poverty,false,true,false
have shown,2,8,8,D01,30,D01_P030_SEC_1_41_PAR001,,false,true,false
health outcomes,2,8,8,D01,30,D01_P030_SEC_1_41_PAR001,,false,true,false
maternal and,2,8,8,D01,30,D01_P030_SEC_1_41_PAR001,,false,true,false
", faster",2,8,8,D01,30,D01_P030_SEC_1_42_PAR001,,false,true,false
commodity price,2,8,8,D01,30,D01_P030_SEC_1_43_PAR001,,false,true,false
credibility .,2,8,8,D01,30,D01_P030_SEC_1_44_PAR001,,false,true,false
shocks and,2,8,8,D01,31,D01_P031_SEC_1_45_PAR002,,false,true,false
the cumulative,2,8,8,D01,31,D01_P031_SEC_1_46_PAR001,,false,true,false
the range,2,8,8,D01,31,D01_P031_SEC_1_46_PAR001,,false,true,false
been supported,2,8,8,D01,31,D01_P031_SEC_1_46_PAR002,,false,true,false
tax administration,2,8,7,D01,31,D01_P031_SEC_1_46_PAR003,tax,false,true,false
the exercise,2,8,7,D01,31,D01_P031_SEC_1_46_PAR003,,false,true,false
capital stock,2,8,7,D01,32,D01_P032_SEC_1_46_PAR001,capital,false,true,false
an improvement,2,8,7,D01,32,D01_P032_SEC_1_46_PAR004,,false,true,false
7 .,2,8,8,D01,32,D01_P032_SEC_1_46_PAR004,,false,true,false
reforms that,2,8,8,D01,32,D01_P032_SEC_1_PAR002,,false,true,false
particularly when,2,8,8,D01,32,D01_P032_SEC_1_PAR003,,false,true,false
as economic,2,8,7,D01,33,D01_P033_SEC_1_PAR007,,false,true,false
"above ,",2,8,8,D01,33,D01_P033_SEC_3_PAR001,,false,true,false
has reduced,2,8,8,D01,33,D01_P033_SEC_3_PAR002,,false,true,false
labour productivity,2,8,8,D01,34,D01_P034_SEC_3_PAR001,productivity,false,true,false
effect of,2,8,8,D01,34,D01_P034_SEC_3_PAR003,,false,true,false
at its,2,8,8,D01,35,D01_P035_SEC_3_PAR002,,true,true,false
inclusive development,2,8,8,D01,35,D01_P035_SEC_3_PAR003,,false,true,false
( 2015,2,8,5,D01,35,D01_P035_SEC_3_PAR004,,false,true,false
) growth,2,8,8,D01,2,D01_T001,growth,false,true,false
public administration,2,8,8,D01,9,D01_T002,,false,true,false
", defence",2,8,8,D01,9,D01_T002,,false,true,false
data analytics,2,8,8,D02,5,D02_BOX001,,false,true,false
"railways ,",2,8,8,D02,15,D02_BOX005,,false,true,false
public financial,2,8,8,D02,16,D02_BOX007,financial,false,true,false
system to,2,8,8,D02,16,D02_BOX007,,false,true,false
architecture .,2,8,8,D02,22,D02_BOX011,,false,true,false
income growth,2,8,7,D02,22,D02_BOX011,growth;income,false,true,false
states that,2,8,8,D02,22,D02_BOX011,,false,true,false
costs of,2,8,8,D02,22,D02_BOX011,,false,true,false
loans to,2,8,8,D02,26,D02_BOX013,loans,false,true,false
of two,2,8,8,D02,26,D02_BOX013,,true,true,false
form a,2,8,8,D02,28,D02_BOX015,,false,true,false
"karnataka ,",2,8,8,D02,28,D02_BOX015,,false,true,false
to bring,2,8,8,D02,34,D02_BOX017,,false,true,false
practices in,2,8,8,D02,34,D02_BOX017,,false,true,false
regardless of,2,8,8,D02,39,D02_BOX019,,false,true,false
assess the,2,8,8,D02,39,D02_BOX019,,false,true,false
by global,2,8,8,D02,2,D02_P002_SEC_2_1_PAR001,,false,true,false
chapter examines,2,8,8,D02,2,D02_P002_SEC_2_2_PAR001,,false,true,false
the general,2,8,7,D02,2,D02_P002_UNKNOWN_PAR002,,false,true,false
"targets ,",2,8,8,D02,3,D02_P003_SEC_2_3_PAR001,,false,true,false
"steadily ,",2,8,8,D02,3,D02_P003_SEC_2_4_PAR001,,false,true,false
of expenditure,2,8,7,D02,3,D02_P003_SEC_2_4_PAR001,expenditure,false,true,false
of heightened,2,8,8,D02,4,D02_P004_SEC_2_5_PAR001,,false,true,false
", implying",2,8,8,D02,4,D02_P004_SEC_2_7_PAR001,,false,true,false
have emerged,2,8,8,D02,5,D02_P005_SEC_2_8_PAR001,,false,true,false
"claims ,",2,8,7,D02,5,D02_P005_SEC_2_8_PAR002,,false,true,false
among major,2,8,8,D02,6,D02_P006_SEC_2_10_PAR002,,false,true,false
of nearly,2,8,7,D02,6,D02_P006_SEC_2_8_PAR001,,false,true,false
entities and,2,8,8,D02,6,D02_P006_SEC_2_8_PAR001,,false,true,false
close to,2,8,8,D02,6,D02_P006_SEC_2_9_PAR001,,false,true,false
have reduced,2,8,8,D02,7,D02_P007_SEC_2_13_PAR001,,false,true,false
has played,2,8,8,D02,7,D02_P007_SEC_2_14_PAR001,,false,true,false
• gst,2,8,8,D02,9,D02_P009_UNKNOWN_PAR002,gst,false,true,false
from 12 per cent,2,8,8,D02,9,D02_P009_UNKNOWN_PAR002,,false,true,false
shift to,2,8,8,D02,10,D02_P010_UNKNOWN_PAR008,,false,true,false
and expand,2,8,8,D02,10,D02_P010_UNKNOWN_PAR008,,false,true,false
regime .,2,8,8,D02,10,D02_P010_UNKNOWN_PAR008,,false,true,false
by making,2,8,8,D02,10,D02_P010_UNKNOWN_PAR008,,false,true,false
"reform ,",2,8,8,D02,11,D02_P011_SEC_2_17_PAR001,,false,true,false
an effective,2,8,8,D02,11,D02_P011_SEC_2_17_PAR001,,false,true,false
has evolved,2,8,8,D02,11,D02_P011_SEC_2_17_PAR001,,false,true,false
under which,2,8,8,D02,11,D02_P011_SEC_2_18_PAR001,,true,true,false
inputs and,2,8,8,D02,11,D02_P011_UNKNOWN_PAR001,,false,true,false
"fertilisers ,",2,8,8,D02,11,D02_P011_UNKNOWN_PAR001,,false,true,false
arising from,2,8,8,D02,11,D02_P011_UNKNOWN_PAR001,,false,true,false
to preserve,2,8,7,D02,11,D02_P011_UNKNOWN_PAR001,,false,true,false
by rising,2,8,8,D02,12,D02_P012_SEC_2_18_PAR001,,false,true,false
largely by,2,8,7,D02,12,D02_P012_SEC_2_19_PAR001,,false,true,false
is about,2,8,7,D02,12,D02_P012_SEC_2_19_PAR001,,true,true,false
up by,2,8,8,D02,12,D02_P012_SEC_2_20_PAR001,,true,true,false
", bank",2,8,8,D02,13,D02_P013_SEC_2_21_PAR001,bank,false,true,false
maharashtra and,2,8,8,D02,13,D02_P013_SEC_2_21_PAR001,,false,true,false
stages of,2,8,8,D02,13,D02_P013_SEC_2_22_PAR001,,false,true,false
by market,2,8,8,D02,13,D02_P013_SEC_2_23_PAR001,market,false,true,false
state government,2,8,8,D02,13,D02_P013_SEC_2_23_PAR001,,false,true,false
", limited",2,8,8,D02,13,D02_P013_SEC_2_23_PAR001,,false,true,false
october 2025 .,2,8,7,D02,14,D02_P014_SEC_2_25_PAR001,,false,true,false
and power,2,8,8,D02,15,D02_P015_SEC_2_26_PAR001,,false,true,false
", 2003",2,8,7,D02,15,D02_P015_SEC_2_26_PAR002,,false,true,false
", replacing",2,8,8,D02,15,D02_P015_SEC_2_26_PAR003,,false,true,false
"necessary ,",2,8,8,D02,16,D02_P016_SEC_2_28_PAR001,,false,true,false
outlined in,2,8,8,D02,16,D02_P016_SEC_2_28_PAR001,,false,true,false
savings and,2,8,7,D02,17,D02_P017_UNKNOWN_PAR003,savings,false,true,false
payments .,2,8,8,D02,17,D02_P017_UNKNOWN_PAR004,payments,false,true,false
systems (,2,8,8,D02,17,D02_P017_UNKNOWN_PAR007,,false,true,false
amounted to,2,8,8,D02,19,D02_P019_SEC_2_31_PAR001,,false,true,false
it does,2,8,8,D02,22,D02_P022_SEC_2_33_PAR001,,true,true,false
the nps,2,8,6,D02,23,D02_P023_UNKNOWN_PAR001,,false,true,false
", between",2,8,8,D02,24,D02_P024_SEC_2_38_PAR001,,false,true,false
compounded by,2,8,8,D02,24,D02_P024_SEC_2_38_PAR001,,false,true,false
", odisha",2,8,6,D02,24,D02_P024_SEC_2_39_PAR002,,false,true,false
at about,2,8,7,D02,25,D02_P025_SEC_2_40_PAR001,,true,true,false
the second-largest,2,8,7,D02,25,D02_P025_UNKNOWN_PAR001,,false,true,false
states with,2,8,8,D02,26,D02_P026_SEC_2_40_PAR002,,false,true,false
of at,2,8,7,D02,29,D02_P029_UNKNOWN_PAR001,,true,true,false
outstanding liabilities,2,8,5,D02,29,D02_P029_UNKNOWN_PAR002,liabilities,false,true,false
health of,2,8,8,D02,29,D02_P029_UNKNOWN_PAR003,,false,true,false
programmes in,2,8,8,D02,29,D02_P029_UNKNOWN_PAR004,,false,true,false
monitoring .,2,8,8,D02,30,D02_P030_UNKNOWN_PAR001,,false,true,false
followed a,2,8,8,D02,30,D02_P030_UNKNOWN_PAR001,,false,true,false
"front ,",2,8,8,D02,31,D02_P031_SEC_2_43_PAR001,,false,true,false
pension and,2,8,8,D02,31,D02_P031_SEC_2_43_PAR001,,false,true,false
and tamil,2,8,8,D02,32,D02_P032_SEC_2_43_PAR003,,false,true,false
"cost ,",2,8,8,D02,33,D02_P033_UNKNOWN_PAR001,,false,true,false
supporting the,2,8,8,D02,33,D02_P033_UNKNOWN_PAR001,,false,true,false
government securities,2,8,7,D02,33,D02_P033_UNKNOWN_PAR001,securities,false,true,false
while preserving,2,8,8,D02,33,D02_P033_UNKNOWN_PAR001,,false,true,false
form the,2,8,8,D02,34,D02_P034_SEC_2_45_PAR001,,false,true,false
date .,2,8,7,D02,34,D02_P034_UNKNOWN_PAR002,,false,true,false
years in,2,8,6,D02,35,D02_P035_SEC_2_46_PAR001,,false,true,false
domestic institutional,2,8,8,D02,35,D02_P035_SEC_2_47_PAR001,,false,true,false
on domestic,2,8,8,D02,36,D02_P036_SEC_2_48_PAR001,,false,true,false
a sustainable,2,8,8,D02,36,D02_P036_SEC_2_49_PAR001,,false,true,false
with limited,2,8,8,D02,36,D02_P036_SEC_2_50_PAR001,,false,true,false
provide an,2,8,8,D02,37,D02_P037_SEC_2_51_PAR001,,false,true,false
is presented,2,8,8,D02,39,D02_P039_UNKNOWN_PAR001,,false,true,false
a positive,2,8,7,D02,39,D02_P039_UNKNOWN_PAR002,,false,true,false
a negative,2,8,8,D02,39,D02_P039_UNKNOWN_PAR002,,false,true,false
not in,2,8,8,D02,39,D02_P039_UNKNOWN_PAR002,,true,true,false
"behaviour ,",2,8,8,D02,40,D02_P040_UNKNOWN_PAR001,,false,true,false
", wherein",2,8,8,D02,40,D02_P040_UNKNOWN_PAR001,,false,true,false
the strengthening,2,8,8,D02,40,D02_P040_UNKNOWN_PAR001,,false,true,false
's recent,2,8,8,D02,41,D02_P041_SEC_2_55_PAR001,,false,true,false
"france ,",2,8,8,D02,41,D02_P041_SEC_2_56_PAR002,,false,true,false
can also,2,8,8,D02,42,D02_P042_SEC_2_57_PAR001,,true,true,false
thereby strengthening,2,8,8,D02,42,D02_P042_SEC_2_58_PAR001,,false,true,false
* (,2,8,4,D02,40,D02_T009,,false,false,false
they also,2,8,8,D03,5,D03_BOX001,,true,true,false
microfinance sector,2,8,8,D03,24,D03_BOX005,sector,false,true,false
borrowers .,2,8,7,D03,24,D03_BOX007,borrowers,false,true,false
two decades,2,8,8,D03,24,D03_BOX007,,false,true,false
contracts (,2,8,8,D03,36,D03_BOX013,,false,true,false
", 1996",2,8,8,D03,36,D03_BOX013,,false,true,false
", investor",2,8,8,D03,36,D03_BOX013,investor,false,true,false
referred to,2,8,8,D03,36,D03_BOX013,,false,true,false
"equities ,",2,8,7,D03,39,D03_BOX015,equities,false,true,false
", diversified",2,8,8,D03,39,D03_BOX015,,false,true,false
market ecosystem,2,8,8,D03,42,D03_BOX017,market,false,true,false
segments of,2,8,8,D03,42,D03_BOX017,,false,true,false
capital is,2,8,8,D03,46,D03_BOX019,capital,false,true,false
"so ,",2,8,8,D03,46,D03_BOX019,,false,true,false
and south,2,8,7,D03,46,D03_BOX019,,false,true,false
", 1999",2,8,7,D03,60,D03_BOX021,,false,true,false
", facilitate",2,8,8,D03,60,D03_BOX021,,false,true,false
technology transfer,2,8,8,D03,60,D03_BOX021,,false,true,false
"transfer ,",2,8,8,D03,60,D03_BOX021,,false,true,false
and behavioural,2,8,8,D03,64,D03_BOX023,,false,true,false
finance for,2,8,7,D03,64,D03_BOX023,finance,false,true,false
and structural,2,8,8,D03,1,D03_P001_UNKNOWN_PAR002,,false,true,false
the face,2,8,8,D03,2,D03_P002_SEC_3_1_PAR001,,false,true,false
face of,2,8,8,D03,2,D03_P002_SEC_3_1_PAR001,,false,true,false
"fragmentation ,",2,8,8,D03,2,D03_P002_SEC_3_2_PAR001,,false,true,false
emerging markets,2,8,8,D03,2,D03_P002_SEC_3_2_PAR001,markets,false,true,false
the task,2,8,8,D03,2,D03_P002_SEC_3_2_PAR001,,false,true,false
goals of,2,8,8,D03,2,D03_P002_SEC_3_2_PAR001,,false,true,false
. subsequently,2,8,8,D03,2,D03_P002_SEC_3_3_PAR001,,false,true,false
"subsequently ,",2,8,8,D03,2,D03_P002_SEC_3_3_PAR001,,false,true,false
achievements and,2,8,8,D03,2,D03_P002_SEC_3_3_PAR001,,false,true,false
improvement .,2,8,7,D03,2,D03_P002_SEC_3_3_PAR001,,false,true,false
real time,2,8,7,D03,3,D03_P003_SEC_3_4_PAR002,,false,true,false
", 2014",2,8,8,D03,4,D03_P004_SEC_3_6_PAR001,,false,true,false
report also,2,8,8,D03,4,D03_P004_SEC_3_7_PAR001,,false,true,false
90 per cent of,2,8,7,D03,4,D03_P004_SEC_3_7_PAR001,,false,true,false
market capitalisation,2,8,7,D03,4,D03_P004_SEC_3_7_PAR001,market,false,true,false
", m.",2,8,6,D03,5,D03_P005_SEC_3_8_PAR005,,false,true,false
uncertainty is,2,8,7,D03,6,D03_P006_SEC_3_8_PAR002,,false,true,false
fixed assets,2,8,8,D03,6,D03_P006_SEC_3_8_PAR005,assets,false,true,false
findings of,2,8,8,D03,6,D03_P006_SEC_3_8_PAR007,,false,true,false
heightened geopolitical,2,8,8,D03,7,D03_P007_SEC_3_8_PAR007,,false,true,false
relationship between,2,8,8,D03,8,D03_P008_UNKNOWN_PAR001,,false,true,false
committee (,2,8,8,D03,9,D03_P009_SEC_3_10_PAR001,,false,true,false
"dynamics ,",2,8,8,D03,9,D03_P009_SEC_3_10_PAR001,,false,true,false
's approach,2,8,8,D03,9,D03_P009_SEC_3_9_PAR001,,false,true,false
acts as,2,8,8,D03,9,D03_P009_SEC_3_9_PAR001,,false,true,false
by enhancing,2,8,8,D03,9,D03_P009_UNKNOWN_PAR002,,false,true,false
more stable,2,8,8,D03,9,D03_P009_UNKNOWN_PAR002,stable,false,true,false
in light,2,8,8,D03,11,D03_P011_SEC_3_15_PAR001,,false,true,false
measured by,2,8,8,D03,11,D03_P011_SEC_3_15_PAR001,,false,true,false
a diverse,2,8,8,D03,12,D03_P012_SEC_3_19_PAR001,,false,true,false
expanding access,2,8,8,D03,13,D03_P013_SEC_3_19_PAR002,,false,true,false
stability of,2,8,8,D03,13,D03_P013_SEC_3_20_PAR001,stability,false,true,false
level and,2,8,8,D03,13,D03_P013_SEC_3_20_PAR001,,false,true,false
in september 2025,2,8,7,D03,13,D03_P013_SEC_3_21_PAR001,,false,true,false
personal loans,2,8,6,D03,13,D03_P013_SEC_3_21_PAR001,loans,false,true,false
agriculture sector,2,8,8,D03,13,D03_P013_SEC_3_21_PAR001,sector,false,true,false
march 2025 .,2,8,8,D03,13,D03_P013_SEC_3_21_PAR001,,false,true,false
has experienced,2,8,8,D03,14,D03_P014_SEC_3_23_PAR001,,false,true,false
for small,2,8,8,D03,16,D03_P016_SEC_3_27_PAR001,,false,true,false
is primarily,2,8,8,D03,18,D03_P018_SEC_3_32_PAR001,,false,true,false
following section,2,8,8,D03,18,D03_P018_SEC_3_32_PAR001,,false,true,false
objectives .,2,8,8,D03,19,D03_P019_SEC_3_35_PAR001,,false,true,false
a policy,2,8,8,D03,19,D03_P019_SEC_3_37_PAR001,policy,false,true,false
launched the,2,8,8,D03,19,D03_P019_SEC_3_38_PAR001,,false,true,false
in consultation,2,8,8,D03,20,D03_P020_SEC_3_39_PAR001,,false,true,false
consultation with,2,8,8,D03,20,D03_P020_SEC_3_39_PAR001,,false,true,false
a regulatory,2,8,8,D03,20,D03_P020_SEC_3_40_PAR001,regulatory,false,true,false
engagement in,2,8,8,D03,20,D03_P020_SEC_3_40_PAR001,,false,true,false
by central,2,8,8,D03,20,D03_P020_SEC_3_41_PAR001,,false,true,false
"limits ,",2,8,8,D03,21,D03_P021_SEC_3_41_PAR003,,false,true,false
risks of,2,8,8,D03,21,D03_P021_SEC_3_41_PAR004,,false,true,false
issues .,2,8,8,D03,21,D03_P021_SEC_3_41_PAR004,,false,true,false
despite these,2,8,8,D03,22,D03_P022_SEC_3_41_PAR002,,false,true,false
data and,2,8,8,D03,22,D03_P022_SEC_3_41_PAR008,,false,true,false
measures for,2,8,8,D03,23,D03_P023_SEC_3_41_PAR002,,false,true,false
presents a,2,8,7,D03,23,D03_P023_SEC_3_41_PAR003,,false,true,false
a model,2,8,7,D03,23,D03_P023_SEC_3_41_PAR003,,false,true,false
for emerging,2,8,8,D03,23,D03_P023_SEC_3_41_PAR003,,false,true,false
fy14 to,2,8,5,D03,23,D03_P023_SEC_3_44_PAR001,,false,true,false
and deeper,2,8,8,D03,25,D03_P025_SEC_3_47_PAR005,,false,true,false
is limited,2,8,8,D03,25,D03_P025_SEC_3_47_PAR005,,false,true,false
with high,2,8,8,D03,25,D03_P025_SEC_3_47_PAR007,,false,true,false
not always,2,8,8,D03,26,D03_P026_SEC_3_47_PAR001,,false,true,false
would have,2,8,8,D03,26,D03_P026_SEC_3_47_PAR003,,true,true,false
", commercial",2,8,8,D03,26,D03_P026_SEC_3_47_PAR006,,false,true,false
made significant,2,8,8,D03,27,D03_P027_SEC_3_48_PAR001,,false,true,false
bank account,2,8,8,D03,27,D03_P027_SEC_3_48_PAR001,account;bank,false,true,false
", operational",2,8,8,D03,27,D03_P027_SEC_3_49_PAR001,,false,true,false
than merely,2,8,8,D03,28,D03_P028_SEC_3_49_PAR001,,false,true,false
"records ,",2,8,8,D03,28,D03_P028_SEC_3_49_PAR001,,false,true,false
facilities .,2,8,7,D03,28,D03_P028_SEC_3_49_PAR001,,false,true,false
the welfare,2,8,8,D03,28,D03_P028_SEC_3_49_PAR004,,false,true,false
", combined",2,8,8,D03,29,D03_P029_SEC_3_49_PAR004,,false,true,false
", provide",2,8,8,D03,29,D03_P029_SEC_3_50_PAR001,,false,true,false
of how,2,8,8,D03,30,D03_P030_SEC_3_50_PAR003,,true,true,false
ecosystem that,2,8,8,D03,30,D03_P030_SEC_3_50_PAR004,,false,true,false
next phase,2,8,8,D03,30,D03_P030_SEC_3_50_PAR005,,false,true,false
but in,2,8,8,D03,31,D03_P031_SEC_3_50_PAR003,,true,true,false
in digital,2,8,8,D03,31,D03_P031_SEC_3_50_PAR003,,false,true,false
capability and,2,8,8,D03,31,D03_P031_SEC_3_50_PAR003,,false,true,false
in achieving,2,8,8,D03,31,D03_P031_SEC_3_51_PAR001,,false,true,false
data on,2,8,8,D03,31,D03_P031_SEC_3_51_PAR001,,false,true,false
have improved,2,8,8,D03,32,D03_P032_SEC_3_53_PAR001,,false,true,false
decrease in,2,8,8,D03,32,D03_P032_SEC_3_56_PAR001,,false,true,false
framework and,2,8,8,D03,34,D03_P034_SEC_3_63_PAR001,,false,true,false
primary markets,2,8,5,D03,35,D03_P035_SEC_3_67_PAR001,markets,false,true,false
", encompassing",2,8,8,D03,35,D03_P035_SEC_3_68_PAR001,,false,true,false
", represents",2,8,8,D03,36,D03_P036_SEC_3_71_PAR001,,false,true,false
", executive",2,8,8,D03,37,D03_P037_SEC_3_71_PAR003,,false,true,false
the smc,2,8,8,D03,37,D03_P037_SEC_3_71_PAR003,,false,true,false
the governance,2,8,8,D03,37,D03_P037_SEC_3_71_PAR005,,false,true,false
"intermediaries ,",2,8,8,D03,38,D03_P038_UNKNOWN_PAR001,,false,true,false
right to,2,8,6,D03,38,D03_P038_UNKNOWN_PAR003,,false,true,false
serving as,2,8,8,D03,38,D03_P038_UNKNOWN_PAR004,,false,true,false
diffusion of,2,8,8,D03,39,D03_P039_SEC_3_73_PAR001,,false,true,false
prevalence of,2,8,8,D03,40,D03_P040_SEC_3_73_PAR002,,false,true,false
in major,2,8,8,D03,41,D03_P041_SEC_3_73_PAR003,,false,true,false
capital for,2,8,8,D03,42,D03_P042_SEC_3_73_PAR001,capital,false,true,false
and offer,2,8,8,D03,42,D03_P042_SEC_3_73_PAR001,,false,true,false
' sebi,2,8,7,D03,42,D03_P042_SEC_3_74_PAR002,,false,true,false
education at,2,8,7,D03,42,D03_P042_SEC_3_74_PAR002,,false,true,false
"social ,",2,8,7,D03,43,D03_P043_SEC_3_74_PAR003,,false,true,false
of municipal,2,8,7,D03,43,D03_P043_SEC_3_74_PAR003,,false,true,false
to investors,2,8,8,D03,43,D03_P043_SEC_3_74_PAR003,investors,false,true,false
guidelines for,2,8,8,D03,43,D03_P043_SEC_3_74_PAR003,,false,true,false
investment advisers,2,8,8,D03,43,D03_P043_SEC_3_74_PAR007,investment,false,true,false
"derivatives ,",2,8,7,D03,43,D03_P043_SEC_3_74_PAR007,,false,true,false
central electricity,2,8,8,D03,43,D03_P043_SEC_3_74_PAR007,,false,true,false
electricity regulatory,2,8,5,D03,43,D03_P043_SEC_3_74_PAR007,regulatory,false,true,false
directed to,2,8,7,D03,43,D03_P043_SEC_3_74_PAR009,,false,true,false
also introduced,2,8,8,D03,43,D03_P043_SEC_3_74_PAR009,,false,true,false
open interest,2,8,6,D03,43,D03_P043_SEC_3_74_PAR009,,false,true,false
"indices ,",2,8,8,D03,43,D03_P043_SEC_3_74_PAR009,,false,true,false
fy15 to,2,8,7,D03,44,D03_P044_SEC_3_76_PAR001,,false,true,false
corporate debt,2,8,7,D03,44,D03_P044_SEC_3_78_PAR001,debt,false,true,false
than that,2,8,6,D03,45,D03_P045_SEC_3_78_PAR002,,true,true,false
china (,2,8,6,D03,45,D03_P045_SEC_3_78_PAR002,,false,true,false
request for,2,8,7,D03,45,D03_P045_SEC_3_82_PAR001,,false,true,false
to accelerate,2,8,8,D03,46,D03_P046_SEC_3_83_PAR001,,false,true,false
"decline ,",2,8,8,D03,46,D03_P046_SEC_3_84_PAR001,,false,true,false
the path,2,8,8,D03,46,D03_P046_SEC_3_85_PAR001,,false,true,false
path to,2,8,8,D03,46,D03_P046_SEC_3_85_PAR001,,false,true,false
merely a,2,8,8,D03,47,D03_P047_SEC_3_85_PAR003,,false,true,false
"australia ,",2,8,8,D03,47,D03_P047_SEC_3_85_PAR004,,false,true,false
"brazil ,",2,8,8,D03,47,D03_P047_SEC_3_85_PAR004,,false,true,false
expectations and,2,8,8,D03,47,D03_P047_SEC_3_85_PAR006,,false,true,false
t -1,2,8,3,D03,47,D03_P047_SEC_3_85_PAR007,,false,true,false
pool of,2,8,8,D03,48,D03_P048_SEC_3_85_PAR003,,false,true,false
raising the,2,8,8,D03,48,D03_P048_SEC_3_85_PAR003,,false,true,false
on foreign,2,8,8,D03,48,D03_P048_SEC_3_85_PAR004,foreign,false,true,false
can reduce,2,8,8,D03,49,D03_P049_SEC_3_85_PAR004,,false,true,false
are already,2,8,8,D03,49,D03_P049_SEC_3_85_PAR004,,false,true,false
only to,2,8,8,D03,49,D03_P049_SEC_3_85_PAR005,,false,true,false
can support,2,8,8,D03,49,D03_P049_SEC_3_85_PAR006,,false,true,false
indian equities,2,8,6,D03,49,D03_P049_SEC_3_86_PAR001,equities,false,true,false
from being,2,8,8,D03,49,D03_P049_SEC_3_86_PAR001,,true,true,false
and sectoral,2,8,8,D03,51,D03_P051_SEC_3_89_PAR001,,false,true,false
centre (,2,8,8,D03,53,D03_P053_SEC_3_93_PAR001,,false,true,false
) at,2,8,7,D03,53,D03_P053_SEC_3_93_PAR001,,false,true,false
15 -59,2,8,6,D03,55,D03_P055_SEC_3_99_PAR001,,false,true,false
other schemes,2,8,5,D03,55,D03_P055_SEC_3_99_PAR002,,false,true,false
features of,2,8,8,D03,56,D03_P056_SEC_3_99_PAR002,,false,true,false
"flexible ,",2,8,8,D03,56,D03_P056_SEC_3_99_PAR005,,false,true,false
", singapore",2,8,7,D03,57,D03_P057_SEC_3_99_PAR002,,false,true,false
integration and,2,8,7,D03,58,D03_P058_SEC_3_99_PAR001,,false,true,false
system that,2,8,8,D03,58,D03_P058_SEC_3_99_PAR002,,false,true,false
is undergoing,2,8,8,D03,58,D03_P058_SEC_3_99_PAR004,,false,true,false
point of,2,8,8,D03,59,D03_P059_SEC_3_99_PAR003,,false,true,false
from approximately,2,8,7,D03,59,D03_P059_SEC_3_99_PAR003,,false,true,false
sections of,2,8,7,D03,59,D03_P059_SEC_3_99_PAR003,,false,true,false
companies .,2,8,8,D03,60,D03_P060_SEC_3_99_PAR004,,false,true,false
for effective,2,8,7,D03,61,D03_P061_SEC_3_99_PAR003,,false,true,false
conditions for,2,8,8,D03,61,D03_P061_SEC_3_99_PAR004,,false,true,false
", two",2,8,8,D03,61,D03_P061_SEC_3_99_PAR005,,false,true,false
"place ,",2,8,8,D03,61,D03_P061_SEC_3_99_PAR005,,false,true,false
for digital,2,8,8,D03,61,D03_P061_SEC_3_99_PAR008,,false,true,false
a pivotal,2,8,8,D03,62,D03_P062_SEC_3_99_PAR004,,false,true,false
it will,2,8,7,D03,62,D03_P062_SEC_3_99_PAR004,,true,true,false
boundaries .,2,8,8,D03,64,D03_P064_UNKNOWN_PAR001,,false,true,false
exposure .,2,8,8,D03,64,D03_P064_UNKNOWN_PAR001,,false,true,false
tonnes of,2,8,6,D03,54,D03_T002,,false,true,false
"analytics ,",2,8,8,D03,54,D03_T002,,false,true,false
regional and,2,8,8,D03,54,D03_T002,,false,true,false
the local,2,8,7,D03,54,D03_T002,,false,true,false
seeking to,2,8,8,D04,2,D04_P002_SEC_4_1_PAR001,,false,true,false
shaping the,2,8,8,D04,2,D04_P002_SEC_4_4_PAR001,,false,true,false
's trade,2,8,8,D04,2,D04_P002_SEC_4_5_PAR001,trade,false,true,false
"conflict ,",2,8,8,D04,3,D04_P003_SEC_4_7_PAR001,,false,true,false
: //doi.org/,2,8,8,D04,3,D04_P003_SEC_4_8_PAR003,,false,true,false
index is,2,8,8,D04,3,D04_P003_SEC_4_8_PAR005,,false,true,false
countries that,2,8,8,D04,3,D04_P003_SEC_4_8_PAR005,,false,true,false
", security",2,8,8,D04,4,D04_P004_SEC_4_8_PAR001,,false,true,false
. ``,2,8,8,D04,5,D04_P005_SEC_4_9_PAR001,,false,false,false
the estimates,2,8,8,D04,5,D04_P005_SEC_4_9_PAR001,,false,true,false
in that,2,8,8,D04,6,D04_P006_SEC_4_13_PAR003,,true,true,false
trade in,2,8,8,D04,7,D04_P007_SEC_4_14_PAR001,trade,false,true,false
export performance,2,8,8,D04,8,D04_P008_SEC_4_17_PAR001,export,false,true,false
than doubled,2,8,8,D04,8,D04_P008_SEC_4_18_PAR001,,false,true,false
a historic,2,8,8,D04,10,D04_P010_SEC_4_22_PAR001,,false,true,false
gems and,2,8,3,D04,10,D04_P010_SEC_4_22_PAR001,,false,true,false
in exports,2,8,8,D04,10,D04_P010_SEC_4_23_PAR001,exports,false,true,false
", processing",2,8,8,D04,13,D04_P013_SEC_4_31_PAR001,,false,true,false
and various,2,8,8,D04,13,D04_P013_SEC_4_31_PAR001,,false,true,false
availability and,2,8,8,D04,13,D04_P013_SEC_4_32_PAR001,,false,true,false
