ngram,n,frequency,document_frequency,domain_terms_in_phrase,domain_relevance_reason,function_word_ratio,example_context,example_document,example_page,example_unit_id
of gdp,2,122,73,gdp,"contains domain term 'gdp'; 'of gdp' is a noun phrase / collocation, not a function-word pair",0.5,"see D01_P003_SEC_1_2_PAR002 (D01, page 3) - contains 'of gdp'",D01,3,D01_P003_SEC_1_2_PAR002
"growth ,",2,101,99,growth,"contains domain term 'growth'; 'growth ,' is a noun phrase / collocation, not a function-word pair",0,"see D01_P001_UNKNOWN_PAR004 (D01, page 1) - contains 'growth ,'",D01,1,D01_P001_UNKNOWN_PAR004
and financial,2,96,93,financial,"contains domain term 'financial'; 'and financial' is a noun phrase / collocation, not a function-word pair",0.5,"see D01_P007_SEC_1_6_PAR002 (D01, page 7) - contains 'and financial'",D01,7,D01_P007_SEC_1_6_PAR002
growth in,2,96,84,growth,"contains domain term 'growth'; 'growth in' is a noun phrase / collocation, not a function-word pair",0.5,"see D01_P001_UNKNOWN_PAR006 (D01, page 1) - contains 'growth in'",D01,1,D01_P001_UNKNOWN_PAR006
growth .,2,86,85,growth,"contains domain term 'growth'; 'growth .' is a noun phrase / collocation, not a function-word pair",0,"see D01_BOX001 (D01, page 5) - contains 'growth .'",D01,5,D01_BOX001
securities market,2,83,77,market;securities,"contains domain term 'market'; contains domain term 'securities'; 'securities market' is a noun phrase / collocation, not a function-word pair",0,"see D03_BOX017 (D03, page 42) - contains 'securities market'",D03,42,D03_BOX017
the sector,2,79,73,sector,"contains domain term 'sector'; 'the sector' is a noun phrase / collocation, not a function-word pair",0.5,"see D01_P016_SEC_1_20_PAR001 (D01, page 16) - contains 'the sector'",D01,16,D01_P016_SEC_1_20_PAR001
sector .,2,66,65,sector,"contains domain term 'sector'; 'sector .' is a noun phrase / collocation, not a function-word pair",0,"see D01_BOX005 (D01, page 21) - contains 'sector .'",D01,21,D01_BOX005
"sector ,",2,63,62,sector,"contains domain term 'sector'; 'sector ,' is a noun phrase / collocation, not a function-word pair",0,"see D01_P003_SEC_1_2_PAR002 (D01, page 3) - contains 'sector ,'",D01,3,D01_P003_SEC_1_2_PAR002
investment in,2,61,53,investment,"contains domain term 'investment'; 'investment in' is a noun phrase / collocation, not a function-word pair",0.5,"see D01_P001_UNKNOWN_PAR004 (D01, page 1) - contains 'investment in'",D01,1,D01_P001_UNKNOWN_PAR004
growth and,2,60,57,growth,"contains domain term 'growth'; 'growth and' is a noun phrase / collocation, not a function-word pair",0.5,"see D01_P001_UNKNOWN_PAR002 (D01, page 1) - contains 'growth and'",D01,1,D01_P001_UNKNOWN_PAR002
the financial,2,59,52,financial,"contains domain term 'financial'; 'the financial' is a noun phrase / collocation, not a function-word pair",0.5,"see D03_BOX015 (D03, page 39) - contains 'the financial'",D03,39,D03_BOX015
the securities,2,59,54,securities,"contains domain term 'securities'; 'the securities' is a noun phrase / collocation, not a function-word pair",0.5,"see D03_BOX013 (D03, page 36) - contains 'the securities'",D03,36,D03_BOX013
labour market,2,58,46,market,"contains domain term 'market'; 'labour market' is a noun phrase / collocation, not a function-word pair",0,"see D01_P001_UNKNOWN_PAR005 (D01, page 1) - contains 'labour market'",D01,1,D01_P001_UNKNOWN_PAR005
market .,2,58,58,market,"contains domain term 'market'; 'market .' is a noun phrase / collocation, not a function-word pair",0,"see D01_P033_SEC_1_PAR007 (D01, page 33) - contains 'market .'",D01,33,D01_P033_SEC_1_PAR007
the current,2,58,55,current,"contains domain term 'current'; 'the current' is a noun phrase / collocation, not a function-word pair",0.5,"see D01_P027_SEC_1_35_PAR001 (D01, page 27) - contains 'the current'",D01,27,D01_P027_SEC_1_35_PAR001
"markets ,",2,55,55,markets,"contains domain term 'markets'; 'markets ,' is a noun phrase / collocation, not a function-word pair",0,"see D03_BOX019 (D03, page 46) - contains 'markets ,'",D03,46,D03_BOX019
markets .,2,55,55,markets,"contains domain term 'markets'; 'markets .' is a noun phrase / collocation, not a function-word pair",0,"see D01_BOX001 (D01, page 5) - contains 'markets .'",D01,5,D01_BOX001
supply chains,2,55,53,supply,"contains domain term 'supply'; 'supply chains' is a noun phrase / collocation, not a function-word pair",0,"see D01_P001_UNKNOWN_PAR002 (D01, page 1) - contains 'supply chains'",D01,1,D01_P001_UNKNOWN_PAR002
growth of,2,54,48,growth,"contains domain term 'growth'; 'growth of' is a noun phrase / collocation, not a function-word pair",0.5,"see D01_P016_SEC_1_20_PAR001 (D01, page 16) - contains 'growth of'",D01,16,D01_P016_SEC_1_20_PAR001
capital expenditure,2,51,43,capital;expenditure,"contains domain term 'capital'; contains domain term 'expenditure'; 'capital expenditure' is a noun phrase / collocation, not a function-word pair",0,"see D01_P012_SEC_1_12_PAR001 (D01, page 12) - contains 'capital expenditure'",D01,12,D01_P012_SEC_1_12_PAR001
private sector,2,49,44,sector,"contains domain term 'sector'; 'private sector' is a noun phrase / collocation, not a function-word pair",0,"see D01_P032_SEC_1_PAR002 (D01, page 32) - contains 'private sector'",D01,32,D01_P032_SEC_1_PAR002
employment and,2,48,45,employment,"contains domain term 'employment'; 'employment and' is a noun phrase / collocation, not a function-word pair",0.5,"see D07_BOX001 (D07, page 7) - contains 'employment and'",D07,7,D07_BOX001
investment and,2,46,46,investment,"contains domain term 'investment'; 'investment and' is a noun phrase / collocation, not a function-word pair",0.5,"see D01_P030_SEC_1_43_PAR001 (D01, page 30) - contains 'investment and'",D01,30,D01_P030_SEC_1_43_PAR001
investor protection,2,45,42,investor,"contains domain term 'investor'; 'investor protection' is a noun phrase / collocation, not a function-word pair",0,"see D03_BOX013 (D03, page 36) - contains 'investor protection'",D03,36,D03_BOX013
account for,2,44,42,account,"contains domain term 'account'; 'account for' is a noun phrase / collocation, not a function-word pair",0.5,"see D01_P021_UNKNOWN_PAR002 (D01, page 21) - contains 'account for'",D01,21,D01_P021_UNKNOWN_PAR002
"sectors ,",2,44,42,sectors,"contains domain term 'sectors'; 'sectors ,' is a noun phrase / collocation, not a function-word pair",0,"see D01_P007_SEC_1_6_PAR009 (D01, page 7) - contains 'sectors ,'",D01,7,D01_P007_SEC_1_6_PAR009
financial intermediation,2,43,42,financial,"contains domain term 'financial'; 'financial intermediation' is a noun phrase / collocation, not a function-word pair",0,"see D03_P001_SEC_3_1_PAR001 (D03, page 1) - contains 'financial intermediation'",D03,1,D03_P001_SEC_3_1_PAR001
gdp in,2,43,30,gdp,"contains domain term 'gdp'; 'gdp in' is a noun phrase / collocation, not a function-word pair",0.5,"see D01_P027_SEC_1_35_PAR001 (D01, page 27) - contains 'gdp in'",D01,27,D01_P027_SEC_1_35_PAR001
"market ,",2,43,43,market,"contains domain term 'market'; 'market ,' is a noun phrase / collocation, not a function-word pair",0,"see D01_P028_SEC_1_39_PAR001 (D01, page 28) - contains 'market ,'",D01,28,D01_P028_SEC_1_39_PAR001
of capital,2,43,38,capital,"contains domain term 'capital'; 'of capital' is a noun phrase / collocation, not a function-word pair",0.5,"see D01_P013_SEC_1_13_PAR001 (D01, page 13) - contains 'of capital'",D01,13,D01_P013_SEC_1_13_PAR001
services exports,2,43,31,exports,"contains domain term 'exports'; 'services exports' is a noun phrase / collocation, not a function-word pair",0,"see D01_P001_UNKNOWN_PAR005 (D01, page 1) - contains 'services exports'",D01,1,D01_P001_UNKNOWN_PAR005
sectors .,2,42,42,sectors,"contains domain term 'sectors'; 'sectors .' is a noun phrase / collocation, not a function-word pair",0,"see D01_P015_SEC_1_17_PAR002 (D01, page 15) - contains 'sectors .'",D01,15,D01_P015_SEC_1_17_PAR002
of gdp in,3,41,28,gdp,"contains domain term 'gdp'; 'of gdp in' is a fixed multi-word expression, not a grammatical template",0.667,"see D01_P027_SEC_1_35_PAR001 (D01, page 27) - contains 'of gdp in'",D01,27,D01_P027_SEC_1_35_PAR001
capital formation,2,41,38,capital,"contains domain term 'capital'; 'capital formation' is a noun phrase / collocation, not a function-word pair",0,"see D01_P001_UNKNOWN_PAR003 (D01, page 1) - contains 'capital formation'",D01,1,D01_P001_UNKNOWN_PAR003
economic growth,2,40,40,growth,"contains domain term 'growth'; 'economic growth' is a noun phrase / collocation, not a function-word pair",0,"see D01_BOX001 (D01, page 5) - contains 'economic growth'",D01,5,D01_BOX001
financial inclusion,2,40,36,financial,"contains domain term 'financial'; 'financial inclusion' is a noun phrase / collocation, not a function-word pair",0,"see D01_P034_SEC_3_PAR002 (D01, page 34) - contains 'financial inclusion'",D01,34,D01_P034_SEC_3_PAR002
"productivity ,",2,40,39,productivity,"contains domain term 'productivity'; 'productivity ,' is a noun phrase / collocation, not a function-word pair",0,"see D02_P030_UNKNOWN_PAR003 (D02, page 30) - contains 'productivity ,'",D02,30,D02_P030_UNKNOWN_PAR003
"finance ,",2,39,37,finance,"contains domain term 'finance'; 'finance ,' is a noun phrase / collocation, not a function-word pair",0,"see D03_BOX011 (D03, page 29) - contains 'finance ,'",D03,29,D03_BOX011
renewable energy,2,39,31,energy,"contains domain term 'energy'; 'renewable energy' is a noun phrase / collocation, not a function-word pair",0,"see D01_P007_SEC_1_6_PAR006 (D01, page 7) - contains 'renewable energy'",D01,7,D01_P007_SEC_1_6_PAR006
"energy ,",2,38,36,energy,"contains domain term 'energy'; 'energy ,' is a noun phrase / collocation, not a function-word pair",0,"see D01_P007_SEC_1_6_PAR006 (D01, page 7) - contains 'energy ,'",D01,7,D01_P007_SEC_1_6_PAR006
"investment ,",2,38,37,investment,"contains domain term 'investment'; 'investment ,' is a noun phrase / collocation, not a function-word pair",0,"see D01_P003_SEC_1_2_PAR002 (D01, page 3) - contains 'investment ,'",D01,3,D01_P003_SEC_1_2_PAR002
investments in,2,38,37,investments,"contains domain term 'investments'; 'investments in' is a noun phrase / collocation, not a function-word pair",0.5,"see D01_P028_SEC_1_36_PAR001 (D01, page 28) - contains 'investments in'",D01,28,D01_P028_SEC_1_36_PAR001
the fiscal,2,38,33,fiscal,"contains domain term 'fiscal'; 'the fiscal' is a noun phrase / collocation, not a function-word pair",0.5,"see D01_P008_SEC_1_6_PAR002 (D01, page 8) - contains 'the fiscal'",D01,8,D01_P008_SEC_1_6_PAR002
the securities market,3,37,34,market;securities,"contains domain term 'market'; contains domain term 'securities'; 'the securities market' is a fixed multi-word expression, not a grammatical template",0.333,"see D03_BOX017 (D03, page 42) - contains 'the securities market'",D03,42,D03_BOX017
financial sector,2,37,25,financial;sector,"contains domain term 'financial'; contains domain term 'sector'; 'financial sector' is a noun phrase / collocation, not a function-word pair",0,"see D01_P001_UNKNOWN_PAR005 (D01, page 1) - contains 'financial sector'",D01,1,D01_P001_UNKNOWN_PAR005
", financial",2,36,35,financial,"contains domain term 'financial'; ', financial' is a noun phrase / collocation, not a function-word pair",0,"see D01_P001_UNKNOWN_PAR005 (D01, page 1) - contains ', financial'",D01,1,D01_P001_UNKNOWN_PAR005
monetary management,2,36,35,monetary,"contains domain term 'monetary'; 'monetary management' is a noun phrase / collocation, not a function-word pair",0,"see D03_P001_SEC_3_1_PAR001 (D03, page 1) - contains 'monetary management'",D03,1,D03_P001_SEC_3_1_PAR001
and financial intermediation,3,35,35,financial,"contains domain term 'financial'; 'and financial intermediation' is a fixed multi-word expression, not a grammatical template",0.333,"see D03_P001_SEC_3_1_PAR001 (D03, page 1) - contains 'and financial intermediation'",D03,1,D03_P001_SEC_3_1_PAR001
management and financial,3,35,35,financial,"contains domain term 'financial'; 'management and financial' is a fixed multi-word expression, not a grammatical template",0.333,"see D03_P001_SEC_3_1_PAR001 (D03, page 1) - contains 'management and financial'",D03,1,D03_P001_SEC_3_1_PAR001
of financial,2,35,33,financial,"contains domain term 'financial'; 'of financial' is a noun phrase / collocation, not a function-word pair",0.5,"see D01_P027_SEC_1_34_PAR001 (D01, page 27) - contains 'of financial'",D01,27,D01_P027_SEC_1_34_PAR001
sector has,2,35,33,sector,"contains domain term 'sector'; 'sector has' is a noun phrase / collocation, not a function-word pair",0.5,"see D01_P026_SEC_1_33_PAR001 (D01, page 26) - contains 'sector has'",D01,26,D01_P026_SEC_1_33_PAR001
"trade ,",2,35,29,trade,"contains domain term 'trade'; 'trade ,' is a noun phrase / collocation, not a function-word pair",0,"see D01_P007_SEC_1_6_PAR007 (D01, page 7) - contains 'trade ,'",D01,7,D01_P007_SEC_1_6_PAR007
management and financial intermediation,4,34,34,financial,"contains domain term 'financial'; 'management and financial intermediation' is a fixed multi-word expression, not a grammatical template",0.25,"see D03_P001_SEC_3_1_PAR001 (D03, page 1) - contains 'management and financial intermediation'",D03,1,D03_P001_SEC_3_1_PAR001
monetary management and financial,4,34,34,financial;monetary,"contains domain term 'financial'; contains domain term 'monetary'; 'monetary management and financial' is a fixed multi-word expression, not a grammatical template",0.25,"see D03_P001_SEC_3_1_PAR001 (D03, page 1) - contains 'monetary management and financial'",D03,1,D03_P001_SEC_3_1_PAR001
monetary management and,3,34,34,monetary,"contains domain term 'monetary'; 'monetary management and' is a fixed multi-word expression, not a grammatical template",0.333,"see D03_P001_SEC_3_1_PAR001 (D03, page 1) - contains 'monetary management and'",D03,1,D03_P001_SEC_3_1_PAR001
"capital ,",2,34,33,capital,"contains domain term 'capital'; 'capital ,' is a noun phrase / collocation, not a function-word pair",0,"see D02_P038_SEC_2_53_PAR001 (D02, page 38) - contains 'capital ,'",D02,38,D02_P038_SEC_2_53_PAR001
demand for,2,34,33,demand,"contains domain term 'demand'; 'demand for' is a noun phrase / collocation, not a function-word pair",0.5,"see D01_P014_SEC_1_16_PAR001 (D01, page 14) - contains 'demand for'",D01,14,D01_P014_SEC_1_16_PAR001
services sector,2,34,28,sector,"contains domain term 'sector'; 'services sector' is a noun phrase / collocation, not a function-word pair",0,"see D01_BOX005 (D01, page 21) - contains 'services sector'",D01,21,D01_BOX005
the market,2,34,34,market,"contains domain term 'market'; 'the market' is a noun phrase / collocation, not a function-word pair",0.5,"see D02_P034_SEC_2_45_PAR001 (D02, page 34) - contains 'the market'",D02,34,D02_P034_SEC_2_45_PAR001
the regulatory,2,34,33,regulatory,"contains domain term 'regulatory'; 'the regulatory' is a noun phrase / collocation, not a function-word pair",0.5,"see D01_P029_SEC_1_40_PAR001 (D01, page 29) - contains 'the regulatory'",D01,29,D01_P029_SEC_1_40_PAR001
trade and,2,34,30,trade,"contains domain term 'trade'; 'trade and' is a noun phrase / collocation, not a function-word pair",0.5,"see D01_P004_SEC_1_5_PAR001 (D01, page 4) - contains 'trade and'",D01,4,D01_P004_SEC_1_5_PAR001
union budget,2,34,32,budget,"contains domain term 'budget'; 'union budget' is a noun phrase / collocation, not a function-word pair",0,"see D02_P003_SEC_2_3_PAR001 (D02, page 3) - contains 'union budget'",D02,3,D02_P003_SEC_2_3_PAR001
and investment,2,33,32,investment,"contains domain term 'investment'; 'and investment' is a noun phrase / collocation, not a function-word pair",0.5,"see D01_BOX005 (D01, page 21) - contains 'and investment'",D01,21,D01_BOX005
"exports ,",2,33,30,exports,"contains domain term 'exports'; 'exports ,' is a noun phrase / collocation, not a function-word pair",0,"see D01_P013_SEC_1_14_PAR001 (D01, page 13) - contains 'exports ,'",D01,13,D01_P013_SEC_1_14_PAR001
fiscal deficit,2,33,24,deficit;fiscal,"contains domain term 'deficit'; contains domain term 'fiscal'; 'fiscal deficit' is a noun phrase / collocation, not a function-word pair",0,"see D01_P008_SEC_1_6_PAR002 (D01, page 8) - contains 'fiscal deficit'",D01,8,D01_P008_SEC_1_6_PAR002
global trade,2,33,30,trade,"contains domain term 'trade'; 'global trade' is a noun phrase / collocation, not a function-word pair",0,"see D01_P006_SEC_1_6_PAR005 (D01, page 6) - contains 'global trade'",D01,6,D01_P006_SEC_1_6_PAR005
"policy ,",2,33,33,policy,"contains domain term 'policy'; 'policy ,' is a noun phrase / collocation, not a function-word pair",0,"see D01_P008_SEC_1_7_PAR001 (D01, page 8) - contains 'policy ,'",D01,8,D01_P008_SEC_1_7_PAR001
"stability ,",2,33,30,stability,"contains domain term 'stability'; 'stability ,' is a noun phrase / collocation, not a function-word pair",0,"see D01_P001_UNKNOWN_PAR003 (D01, page 1) - contains 'stability ,'",D01,1,D01_P001_UNKNOWN_PAR003
investment .,2,32,29,investment,"contains domain term 'investment'; 'investment .' is a noun phrase / collocation, not a function-word pair",0,"see D02_BOX011 (D02, page 22) - contains 'investment .'",D02,22,D02_BOX011
regulatory framework,2,32,28,regulatory,"contains domain term 'regulatory'; 'regulatory framework' is a noun phrase / collocation, not a function-word pair",0,"see D01_P029_SEC_1_40_PAR001 (D01, page 29) - contains 'regulatory framework'",D01,29,D01_P029_SEC_1_40_PAR001
and market,2,31,31,market,"contains domain term 'market'; 'and market' is a noun phrase / collocation, not a function-word pair",0.5,"see D03_P008_UNKNOWN_PAR003 (D03, page 8) - contains 'and market'",D03,8,D03_P008_UNKNOWN_PAR003
and regulatory,2,31,31,regulatory,"contains domain term 'regulatory'; 'and regulatory' is a noun phrase / collocation, not a function-word pair",0.5,"see D01_P032_SEC_1_PAR002 (D01, page 32) - contains 'and regulatory'",D01,32,D01_P032_SEC_1_PAR002
corporate bond,2,31,23,bond,"contains domain term 'bond'; 'corporate bond' is a noun phrase / collocation, not a function-word pair",0,"see D03_BOX019 (D03, page 46) - contains 'corporate bond'",D03,46,D03_BOX019
"demand ,",2,31,31,demand,"contains domain term 'demand'; 'demand ,' is a noun phrase / collocation, not a function-word pair",0,"see D01_P003_SEC_1_2_PAR002 (D01, page 3) - contains 'demand ,'",D01,3,D01_P003_SEC_1_2_PAR002
"employment ,",2,31,29,employment,"contains domain term 'employment'; 'employment ,' is a noun phrase / collocation, not a function-word pair",0,"see D02_P022_SEC_2_33_PAR001 (D02, page 22) - contains 'employment ,'",D02,22,D02_P022_SEC_2_33_PAR001
financial stability,2,31,25,financial;stability,"contains domain term 'financial'; contains domain term 'stability'; 'financial stability' is a noun phrase / collocation, not a function-word pair",0,"see D03_P002_SEC_3_1_PAR001 (D03, page 2) - contains 'financial stability'",D03,2,D03_P002_SEC_3_1_PAR001
gdp growth,2,31,29,gdp;growth,"contains domain term 'gdp'; contains domain term 'growth'; 'gdp growth' is a noun phrase / collocation, not a function-word pair",0,"see D01_BOX003 (D01, page 18) - contains 'gdp growth'",D01,18,D01_BOX003
import substitution,2,31,28,import,"contains domain term 'import'; 'import substitution' is a noun phrase / collocation, not a function-word pair",0,"see D04_P015_SEC_4_39_PAR001 (D04, page 15) - contains 'import substitution'",D04,15,D04_P015_SEC_4_39_PAR001
"inflation ,",2,31,26,inflation,"contains domain term 'inflation'; 'inflation ,' is a noun phrase / collocation, not a function-word pair",0,"see D01_BOX001 (D01, page 5) - contains 'inflation ,'",D01,5,D01_BOX001
of securities,2,31,28,securities,"contains domain term 'securities'; 'of securities' is a noun phrase / collocation, not a function-word pair",0.5,"see D03_P036_SEC_3_71_PAR001 (D03, page 36) - contains 'of securities'",D03,36,D03_P036_SEC_3_71_PAR001
bank credit,2,30,22,bank;credit,"contains domain term 'bank'; contains domain term 'credit'; 'bank credit' is a noun phrase / collocation, not a function-word pair",0,"see D01_P013_SEC_1_13_PAR001 (D01, page 13) - contains 'bank credit'",D01,13,D01_P013_SEC_1_13_PAR001
exchange rate,2,30,23,exchange;rate,"contains domain term 'exchange'; contains domain term 'rate'; 'exchange rate' is a noun phrase / collocation, not a function-word pair",0,"see D01_P028_SEC_1_37_PAR001 (D01, page 28) - contains 'exchange rate'",D01,28,D01_P028_SEC_1_37_PAR001
"gdp ,",2,30,27,gdp,"contains domain term 'gdp'; 'gdp ,' is a noun phrase / collocation, not a function-word pair",0,"see D01_P013_SEC_1_14_PAR001 (D01, page 13) - contains 'gdp ,'",D01,13,D01_P013_SEC_1_14_PAR001
global financial,2,30,27,financial,"contains domain term 'financial'; 'global financial' is a noun phrase / collocation, not a function-word pair",0,"see D03_P002_SEC_3_2_PAR001 (D03, page 2) - contains 'global financial'",D03,2,D03_P002_SEC_3_2_PAR001
markets and,2,30,30,markets,"contains domain term 'markets'; 'markets and' is a noun phrase / collocation, not a function-word pair",0.5,"see D01_BOX005 (D01, page 21) - contains 'markets and'",D01,21,D01_BOX005
sector 's,2,30,29,sector,"contains domain term 'sector'; 'sector 's' is a noun phrase / collocation, not a function-word pair",0,"see D01_P018_SEC_1_26_PAR001 (D01, page 18) - contains 'sector 's'",D01,18,D01_P018_SEC_1_26_PAR001
world bank,2,30,29,bank,"contains domain term 'bank'; 'world bank' is a noun phrase / collocation, not a function-word pair",0,"see D01_P029_SEC_1_41_PAR001 (D01, page 29) - contains 'world bank'",D01,29,D01_P029_SEC_1_41_PAR001
current account,2,29,27,account;current,"contains domain term 'account'; contains domain term 'current'; 'current account' is a noun phrase / collocation, not a function-word pair",0,"see D01_P027_SEC_1_35_PAR001 (D01, page 27) - contains 'current account'",D01,27,D01_P027_SEC_1_35_PAR001
financial services,2,29,29,financial,"contains domain term 'financial'; 'financial services' is a noun phrase / collocation, not a function-word pair",0,"see D03_P013_SEC_3_19_PAR002 (D03, page 13) - contains 'financial services'",D03,13,D03_P013_SEC_3_19_PAR002
foreign exchange,2,29,28,exchange;foreign,"contains domain term 'exchange'; contains domain term 'foreign'; 'foreign exchange' is a noun phrase / collocation, not a function-word pair",0,"see D01_P001_UNKNOWN_PAR005 (D01, page 1) - contains 'foreign exchange'",D01,1,D01_P001_UNKNOWN_PAR005
securities markets,2,29,24,markets;securities,"contains domain term 'markets'; contains domain term 'securities'; 'securities markets' is a noun phrase / collocation, not a function-word pair",0,"see D02_P033_UNKNOWN_PAR001 (D02, page 33) - contains 'securities markets'",D02,33,D02_P033_UNKNOWN_PAR001
the growth,2,29,29,growth,"contains domain term 'growth'; 'the growth' is a noun phrase / collocation, not a function-word pair",0.5,"see D01_P001_UNKNOWN_PAR001 (D01, page 1) - contains 'the growth'",D01,1,D01_P001_UNKNOWN_PAR001
venture capital,2,29,24,capital,"contains domain term 'capital'; 'venture capital' is a noun phrase / collocation, not a function-word pair",0,"see D03_BOX007 (D03, page 24) - contains 'venture capital'",D03,24,D03_BOX007
", capital",2,28,28,capital,"contains domain term 'capital'; ', capital' is a noun phrase / collocation, not a function-word pair",0,"see D01_P007_SEC_1_6_PAR007 (D01, page 7) - contains ', capital'",D01,7,D01_P007_SEC_1_6_PAR007
", regulatory",2,28,27,regulatory,"contains domain term 'regulatory'; ', regulatory' is a noun phrase / collocation, not a function-word pair",0,"see D03_BOX013 (D03, page 36) - contains ', regulatory'",D03,36,D03_BOX013
and capital,2,28,27,capital,"contains domain term 'capital'; 'and capital' is a noun phrase / collocation, not a function-word pair",0.5,"see D01_P001_UNKNOWN_PAR003 (D01, page 1) - contains 'and capital'",D01,1,D01_P001_UNKNOWN_PAR003
and policy,2,28,27,policy,"contains domain term 'policy'; 'and policy' is a noun phrase / collocation, not a function-word pair",0.5,"see D01_P006_SEC_1_6_PAR004 (D01, page 6) - contains 'and policy'",D01,6,D01_P006_SEC_1_6_PAR004
"banks ,",2,28,23,banks,"contains domain term 'banks'; 'banks ,' is a noun phrase / collocation, not a function-word pair",0,"see D03_P010_SEC_3_13_PAR001 (D03, page 10) - contains 'banks ,'",D03,10,D03_P010_SEC_3_13_PAR001
rate of,2,28,26,rate,"contains domain term 'rate'; 'rate of' is a noun phrase / collocation, not a function-word pair",0.5,"see D01_P027_SEC_1_34_PAR001 (D01, page 27) - contains 'rate of'",D01,27,D01_P027_SEC_1_34_PAR001
services trade,2,28,20,trade,"contains domain term 'trade'; 'services trade' is a noun phrase / collocation, not a function-word pair",0,"see D01_P027_SEC_1_35_PAR001 (D01, page 27) - contains 'services trade'",D01,27,D01_P027_SEC_1_35_PAR001
stability .,2,28,26,stability,"contains domain term 'stability'; 'stability .' is a noun phrase / collocation, not a function-word pair",0,"see D01_P008_SEC_1_6_PAR002 (D01, page 8) - contains 'stability .'",D01,8,D01_P008_SEC_1_6_PAR002
capital and,2,27,27,capital,"contains domain term 'capital'; 'capital and' is a noun phrase / collocation, not a function-word pair",0.5,"see D01_P007_SEC_1_6_PAR007 (D01, page 7) - contains 'capital and'",D01,7,D01_P007_SEC_1_6_PAR007
productivity and,2,27,27,productivity,"contains domain term 'productivity'; 'productivity and' is a noun phrase / collocation, not a function-word pair",0.5,"see D03_P046_SEC_3_85_PAR001 (D03, page 46) - contains 'productivity and'",D03,46,D03_P046_SEC_3_85_PAR001
the industry,2,27,26,industry,"contains domain term 'industry'; 'the industry' is a noun phrase / collocation, not a function-word pair",0.5,"see D01_P014_SEC_1_16_PAR001 (D01, page 14) - contains 'the industry'",D01,14,D01_P014_SEC_1_16_PAR001
the investor,2,27,26,investor,"contains domain term 'investor'; 'the investor' is a noun phrase / collocation, not a function-word pair",0.5,"see D02_P037_UNKNOWN_PAR001 (D02, page 37) - contains 'the investor'",D02,37,D02_P037_UNKNOWN_PAR001
the policy,2,27,27,policy,"contains domain term 'policy'; 'the policy' is a noun phrase / collocation, not a function-word pair",0.5,"see D01_P026_SEC_1_33_PAR001 (D01, page 26) - contains 'the policy'",D01,26,D01_P026_SEC_1_33_PAR001
bond market,2,26,19,bond;market,"contains domain term 'bond'; contains domain term 'market'; 'bond market' is a noun phrase / collocation, not a function-word pair",0,"see D03_BOX019 (D03, page 46) - contains 'bond market'",D03,46,D03_BOX019
capital markets,2,26,25,capital;markets,"contains domain term 'capital'; contains domain term 'markets'; 'capital markets' is a noun phrase / collocation, not a function-word pair",0,"see D03_P012_SEC_3_19_PAR001 (D03, page 12) - contains 'capital markets'",D03,12,D03_P012_SEC_3_19_PAR001
industry 's,2,26,26,industry,"contains domain term 'industry'; 'industry 's' is a noun phrase / collocation, not a function-word pair",0,"see D08_P001_UNKNOWN_PAR001 (D08, page 1) - contains 'industry 's'",D08,1,D08_P001_UNKNOWN_PAR001
and investor,2,25,24,investor,"contains domain term 'investor'; 'and investor' is a noun phrase / collocation, not a function-word pair",0.5,"see D01_P030_SEC_1_44_PAR001 (D01, page 30) - contains 'and investor'",D01,30,D01_P030_SEC_1_44_PAR001
bank of,2,25,23,bank,"contains domain term 'bank'; 'bank of' is a noun phrase / collocation, not a function-word pair",0.5,"see D01_P003_SEC_1_2_PAR002 (D01, page 3) - contains 'bank of'",D01,3,D01_P003_SEC_1_2_PAR002
credit rating,2,25,21,credit,"contains domain term 'credit'; 'credit rating' is a noun phrase / collocation, not a function-word pair",0,"see D02_BOX017 (D02, page 34) - contains 'credit rating'",D02,34,D02_BOX017
crude oil,2,25,22,oil,"contains domain term 'oil'; 'crude oil' is a noun phrase / collocation, not a function-word pair",0,"see D02_P007_SEC_2_12_PAR001 (D02, page 7) - contains 'crude oil'",D02,7,D02_P007_SEC_2_12_PAR001
"investors ,",2,25,22,investors,"contains domain term 'investors'; 'investors ,' is a noun phrase / collocation, not a function-word pair",0,"see D03_P035_SEC_3_67_PAR001 (D03, page 35) - contains 'investors ,'",D03,35,D03_P035_SEC_3_67_PAR001
of trade,2,25,25,trade,"contains domain term 'trade'; 'of trade' is a noun phrase / collocation, not a function-word pair",0.5,"see D01_P003_SEC_1_2_PAR002 (D01, page 3) - contains 'of trade'",D01,3,D01_P003_SEC_1_2_PAR002
trade policy,2,25,21,policy;trade,"contains domain term 'policy'; contains domain term 'trade'; 'trade policy' is a noun phrase / collocation, not a function-word pair",0,"see D04_P001_UNKNOWN_PAR002 (D04, page 1) - contains 'trade policy'",D04,1,D04_P001_UNKNOWN_PAR002
securities market .,3,24,24,market;securities,"contains domain term 'market'; contains domain term 'securities'; 'securities market .' is a fixed multi-word expression, not a grammatical template",0,"see D03_BOX017 (D03, page 42) - contains 'securities market .'",D03,42,D03_BOX017
's financial,2,24,23,financial,"contains domain term 'financial'; ''s financial' is a noun phrase / collocation, not a function-word pair",0,"see D03_BOX007 (D03, page 24) - contains ''s financial'",D03,24,D03_BOX007
capital flows,2,24,24,capital,"contains domain term 'capital'; 'capital flows' is a noun phrase / collocation, not a function-word pair",0,"see D01_P003_SEC_1_3_PAR001 (D01, page 3) - contains 'capital flows'",D01,3,D01_P003_SEC_1_3_PAR001
domestic demand,2,24,24,demand,"contains domain term 'demand'; 'domestic demand' is a noun phrase / collocation, not a function-word pair",0,"see D01_P001_UNKNOWN_PAR003 (D01, page 1) - contains 'domestic demand'",D01,1,D01_P001_UNKNOWN_PAR003
equity derivatives,2,24,22,equity,"contains domain term 'equity'; 'equity derivatives' is a noun phrase / collocation, not a function-word pair",0,"see D03_P043_SEC_3_74_PAR008 (D03, page 43) - contains 'equity derivatives'",D03,43,D03_P043_SEC_3_74_PAR008
"expenditure ,",2,24,23,expenditure,"contains domain term 'expenditure'; 'expenditure ,' is a noun phrase / collocation, not a function-word pair",0,"see D01_P014_SEC_1_16_PAR001 (D01, page 14) - contains 'expenditure ,'",D01,14,D01_P014_SEC_1_16_PAR001
global capital,2,24,22,capital,"contains domain term 'capital'; 'global capital' is a noun phrase / collocation, not a function-word pair",0,"see D03_P001_UNKNOWN_PAR004 (D03, page 1) - contains 'global capital'",D03,1,D03_P001_UNKNOWN_PAR004
investors .,2,24,23,investors,"contains domain term 'investors'; 'investors .' is a noun phrase / collocation, not a function-word pair",0,"see D03_BOX007 (D03, page 24) - contains 'investors .'",D03,24,D03_BOX007
of growth,2,24,24,growth,"contains domain term 'growth'; 'of growth' is a noun phrase / collocation, not a function-word pair",0.5,"see D01_P002_SEC_1_1_PAR001 (D01, page 2) - contains 'of growth'",D01,2,D01_P002_SEC_1_1_PAR001
regulatory action,2,24,24,regulatory,"contains domain term 'regulatory'; 'regulatory action' is a noun phrase / collocation, not a function-word pair",0,"see D03_P024_SEC_3_45_PAR001 (D03, page 24) - contains 'regulatory action'",D03,24,D03_P024_SEC_3_45_PAR001
revenue expenditure,2,24,20,expenditure;revenue,"contains domain term 'expenditure'; contains domain term 'revenue'; 'revenue expenditure' is a noun phrase / collocation, not a function-word pair",0,"see D01_P025_SEC_1_30_PAR002 (D01, page 25) - contains 'revenue expenditure'",D01,25,D01_P025_SEC_1_30_PAR002
employment and skill development,4,23,23,employment,"contains domain term 'employment'; 'employment and skill development' is a fixed multi-word expression, not a grammatical template",0.25,"see D12_P001_UNKNOWN_PAR001 (D12, page 1) - contains 'employment and skill development'",D12,1,D12_P001_UNKNOWN_PAR001
industry 's next leap,4,23,23,industry,"contains domain term 'industry'; 'industry 's next leap' is a fixed multi-word expression, not a grammatical template",0,"see D08_P001_UNKNOWN_PAR001 (D08, page 1) - contains 'industry 's next leap'",D08,1,D08_P001_UNKNOWN_PAR001
employment and skill,3,23,23,employment,"contains domain term 'employment'; 'employment and skill' is a fixed multi-word expression, not a grammatical template",0.333,"see D12_P001_UNKNOWN_PAR001 (D12, page 1) - contains 'employment and skill'",D12,1,D12_P001_UNKNOWN_PAR001
industry 's next,3,23,23,industry,"contains domain term 'industry'; 'industry 's next' is a fixed multi-word expression, not a grammatical template",0,"see D08_P001_UNKNOWN_PAR001 (D08, page 1) - contains 'industry 's next'",D08,1,D08_P001_UNKNOWN_PAR001
"of gdp ,",3,23,21,gdp,"contains domain term 'gdp'; 'of gdp ,' is a fixed multi-word expression, not a grammatical template",0.333,"see D01_P013_SEC_1_14_PAR001 (D01, page 13) - contains 'of gdp ,'",D01,13,D01_P013_SEC_1_14_PAR001
external sector,2,23,20,sector,"contains domain term 'sector'; 'external sector' is a noun phrase / collocation, not a function-word pair",0,"see D01_P001_UNKNOWN_PAR005 (D01, page 1) - contains 'external sector'",D01,1,D01_P001_UNKNOWN_PAR005
financial markets,2,23,20,financial;markets,"contains domain term 'financial'; contains domain term 'markets'; 'financial markets' is a noun phrase / collocation, not a function-word pair",0,"see D02_P034_UNKNOWN_PAR001 (D02, page 34) - contains 'financial markets'",D02,34,D02_P034_UNKNOWN_PAR001
financial system,2,23,23,financial,"contains domain term 'financial'; 'financial system' is a noun phrase / collocation, not a function-word pair",0,"see D03_BOX015 (D03, page 39) - contains 'financial system'",D03,39,D03_BOX015
human capital,2,23,22,capital,"contains domain term 'capital'; 'human capital' is a noun phrase / collocation, not a function-word pair",0,"see D01_P030_SEC_1_41_PAR001 (D01, page 30) - contains 'human capital'",D01,30,D01_P030_SEC_1_41_PAR001
market participants,2,23,22,market,"contains domain term 'market'; 'market participants' is a noun phrase / collocation, not a function-word pair",0,"see D03_P002_SEC_3_4_PAR001 (D03, page 2) - contains 'market participants'",D03,2,D03_P002_SEC_3_4_PAR001
merchandise trade,2,23,19,trade,"contains domain term 'trade'; 'merchandise trade' is a noun phrase / collocation, not a function-word pair",0,"see D01_P027_SEC_1_35_PAR001 (D01, page 27) - contains 'merchandise trade'",D01,27,D01_P027_SEC_1_35_PAR001
monetary policy,2,23,22,monetary;policy,"contains domain term 'monetary'; contains domain term 'policy'; 'monetary policy' is a noun phrase / collocation, not a function-word pair",0,"see D01_P003_SEC_1_3_PAR001 (D01, page 3) - contains 'monetary policy'",D01,3,D01_P003_SEC_1_3_PAR001
of energy,2,23,19,energy,"contains domain term 'energy'; 'of energy' is a noun phrase / collocation, not a function-word pair",0.5,"see D01_P006_SEC_1_6_PAR002 (D01, page 6) - contains 'of energy'",D01,6,D01_P006_SEC_1_6_PAR002
private investment,2,23,22,investment,"contains domain term 'investment'; 'private investment' is a noun phrase / collocation, not a function-word pair",0,"see D01_P012_SEC_1_12_PAR001 (D01, page 12) - contains 'private investment'",D01,12,D01_P012_SEC_1_12_PAR001
rate (,2,23,19,rate,"contains domain term 'rate'; 'rate (' is a noun phrase / collocation, not a function-word pair",0,"see D01_P026_SEC_1_33_PAR001 (D01, page 26) - contains 'rate ('",D01,26,D01_P026_SEC_1_33_PAR001
sector is,2,23,22,sector,"contains domain term 'sector'; 'sector is' is a noun phrase / collocation, not a function-word pair",0.5,"see D01_P015_SEC_1_19_PAR001 (D01, page 15) - contains 'sector is'",D01,15,D01_P015_SEC_1_19_PAR001
the trade,2,23,21,trade,"contains domain term 'trade'; 'the trade' is a noun phrase / collocation, not a function-word pair",0.5,"see D04_BOX005 (D04, page 35) - contains 'the trade'",D04,35,D04_BOX005
", investment",2,22,22,investment,"contains domain term 'investment'; ', investment' is a noun phrase / collocation, not a function-word pair",0,"see D01_P006_SEC_1_6_PAR006 (D01, page 6) - contains ', investment'",D01,6,D01_P006_SEC_1_6_PAR006
and export,2,22,22,export,"contains domain term 'export'; 'and export' is a noun phrase / collocation, not a function-word pair",0.5,"see D03_P046_SEC_3_85_PAR001 (D03, page 46) - contains 'and export'",D03,46,D03_P046_SEC_3_85_PAR001
"assets ,",2,22,22,assets,"contains domain term 'assets'; 'assets ,' is a noun phrase / collocation, not a function-word pair",0,"see D02_P018_SEC_2_29_PAR001 (D02, page 18) - contains 'assets ,'",D02,18,D02_P018_SEC_2_29_PAR001
banks and,2,22,20,banks,"contains domain term 'banks'; 'banks and' is a noun phrase / collocation, not a function-word pair",0.5,"see D02_P012_SEC_2_19_PAR001 (D02, page 12) - contains 'banks and'",D02,12,D02_P012_SEC_2_19_PAR001
capital .,2,22,21,capital,"contains domain term 'capital'; 'capital .' is a noun phrase / collocation, not a function-word pair",0,"see D01_P032_SEC_1_PAR002 (D01, page 32) - contains 'capital .'",D01,32,D01_P032_SEC_1_PAR002
climate finance,2,22,16,finance,"contains domain term 'finance'; 'climate finance' is a noun phrase / collocation, not a function-word pair",0,"see D10_BOX011 (D10, page 25) - contains 'climate finance'",D10,25,D10_BOX011
finance and,2,22,21,finance,"contains domain term 'finance'; 'finance and' is a noun phrase / collocation, not a function-word pair",0.5,"see D03_P002_SEC_3_2_PAR001 (D03, page 2) - contains 'finance and'",D03,2,D03_P002_SEC_3_2_PAR001
income tax,2,22,18,income;tax,"contains domain term 'income'; contains domain term 'tax'; 'income tax' is a noun phrase / collocation, not a function-word pair",0,"see D01_P025_SEC_1_30_PAR002 (D01, page 25) - contains 'income tax'",D01,25,D01_P025_SEC_1_30_PAR002
investors and,2,22,22,investors,"contains domain term 'investors'; 'investors and' is a noun phrase / collocation, not a function-word pair",0.5,"see D03_P043_SEC_3_74_PAR003 (D03, page 43) - contains 'investors and'",D03,43,D03_P043_SEC_3_74_PAR003
manufacturing sector,2,22,18,sector,"contains domain term 'sector'; 'manufacturing sector' is a noun phrase / collocation, not a function-word pair",0,"see D05_P014_SEC_5_27_PAR001 (D05, page 14) - contains 'manufacturing sector'",D05,14,D05_P014_SEC_5_27_PAR001
productivity .,2,22,21,productivity,"contains domain term 'productivity'; 'productivity .' is a noun phrase / collocation, not a function-word pair",0,"see D01_P034_SEC_3_PAR001 (D01, page 34) - contains 'productivity .'",D01,34,D01_P034_SEC_3_PAR001
to finance,2,22,22,finance,"contains domain term 'finance'; 'to finance' is a noun phrase / collocation, not a function-word pair",0.5,"see D02_P003_SEC_2_4_PAR001 (D02, page 3) - contains 'to finance'",D02,3,D02_P003_SEC_2_4_PAR001
"regulatory action ,",3,21,21,regulatory,"contains domain term 'regulatory'; 'regulatory action ,' is a fixed multi-word expression, not a grammatical template",0,"see D03_P024_SEC_3_45_PAR001 (D03, page 24) - contains 'regulatory action ,'",D03,24,D03_P024_SEC_3_45_PAR001
the private sector,3,21,20,sector,"contains domain term 'sector'; 'the private sector' is a fixed multi-word expression, not a grammatical template",0.333,"see D01_P032_SEC_1_PAR002 (D01, page 32) - contains 'the private sector'",D01,32,D01_P032_SEC_1_PAR002
and foreign,2,21,21,foreign,"contains domain term 'foreign'; 'and foreign' is a noun phrase / collocation, not a function-word pair",0.5,"see D02_P005_SEC_2_8_PAR002 (D02, page 5) - contains 'and foreign'",D02,5,D02_P005_SEC_2_8_PAR002
financial year,2,21,20,financial,"contains domain term 'financial'; 'financial year' is a noun phrase / collocation, not a function-word pair",0,"see D03_P042_SEC_3_74_PAR001 (D03, page 42) - contains 'financial year'",D03,42,D03_P042_SEC_3_74_PAR001
"investments ,",2,21,21,investments,"contains domain term 'investments'; 'investments ,' is a noun phrase / collocation, not a function-word pair",0,"see D01_P007_SEC_1_6_PAR006 (D01, page 7) - contains 'investments ,'",D01,7,D01_P007_SEC_1_6_PAR006
investor awareness,2,21,21,investor,"contains domain term 'investor'; 'investor awareness' is a noun phrase / collocation, not a function-word pair",0,"see D21_BOX007 (D21, page 11) - contains 'investor awareness'",D21,11,D21_BOX007
"loans ,",2,21,19,loans,"contains domain term 'loans'; 'loans ,' is a noun phrase / collocation, not a function-word pair",0,"see D03_P013_SEC_3_21_PAR001 (D03, page 13) - contains 'loans ,'",D03,13,D03_P013_SEC_3_21_PAR001
policy and,2,21,20,policy,"contains domain term 'policy'; 'policy and' is a noun phrase / collocation, not a function-word pair",0.5,"see D02_P004_SEC_2_6_PAR001 (D02, page 4) - contains 'policy and'",D02,4,D02_P004_SEC_2_6_PAR001
policy measures,2,21,20,policy,"contains domain term 'policy'; 'policy measures' is a noun phrase / collocation, not a function-word pair",0,"see D04_P002_SEC_4_3_PAR001 (D04, page 2) - contains 'policy measures'",D04,2,D04_P002_SEC_4_3_PAR001
productivity gains,2,21,21,productivity,"contains domain term 'productivity'; 'productivity gains' is a noun phrase / collocation, not a function-word pair",0,"see D01_P014_SEC_1_17_PAR001 (D01, page 14) - contains 'productivity gains'",D01,14,D01_P014_SEC_1_17_PAR001
revenue deficit,2,21,17,deficit;revenue,"contains domain term 'deficit'; contains domain term 'revenue'; 'revenue deficit' is a noun phrase / collocation, not a function-word pair",0,"see D01_P025_SEC_1_31_PAR001 (D01, page 25) - contains 'revenue deficit'",D01,25,D01_P025_SEC_1_31_PAR001
revenue receipts,2,21,20,revenue,"contains domain term 'revenue'; 'revenue receipts' is a noun phrase / collocation, not a function-word pair",0,"see D02_BOX007 (D02, page 16) - contains 'revenue receipts'",D02,16,D02_BOX007
sector and,2,21,21,sector,"contains domain term 'sector'; 'sector and' is a noun phrase / collocation, not a function-word pair",0.5,"see D02_P022_SEC_2_35_PAR001 (D02, page 22) - contains 'sector and'",D02,22,D02_P022_SEC_2_35_PAR001
stability to,2,21,21,stability,"contains domain term 'stability'; 'stability to' is a noun phrase / collocation, not a function-word pair",0.5,"see D05_P012_SEC_5_22_PAR001 (D05, page 12) - contains 'stability to'",D05,12,D05_P012_SEC_5_22_PAR001
supply chain,2,21,21,supply,"contains domain term 'supply'; 'supply chain' is a noun phrase / collocation, not a function-word pair",0,"see D01_P004_SEC_1_5_PAR001 (D01, page 4) - contains 'supply chain'",D01,4,D01_P004_SEC_1_5_PAR001
growth in the,3,20,17,growth,"contains domain term 'growth'; 'growth in the' is a fixed multi-word expression, not a grammatical template",0.667,"see D01_P001_UNKNOWN_PAR006 (D01, page 1) - contains 'growth in the'",D01,1,D01_P001_UNKNOWN_PAR006
investment and infrastructure,3,20,20,investment,"contains domain term 'investment'; 'investment and infrastructure' is a fixed multi-word expression, not a grammatical template",0.333,"see D02_P013_SEC_2_23_PAR001 (D02, page 13) - contains 'investment and infrastructure'",D02,13,D02_P013_SEC_2_23_PAR001
sectors such as,3,20,20,sectors,"contains domain term 'sectors'; 'sectors such as' is a fixed multi-word expression, not a grammatical template",0.667,"see D02_P011_UNKNOWN_PAR001 (D02, page 11) - contains 'sectors such as'",D02,11,D02_P011_UNKNOWN_PAR001
the labour market,3,20,17,market,"contains domain term 'market'; 'the labour market' is a fixed multi-word expression, not a grammatical template",0.333,"see D01_P028_SEC_1_39_PAR001 (D01, page 28) - contains 'the labour market'",D01,28,D01_P028_SEC_1_39_PAR001
", supervision",2,20,20,supervision,"contains domain term 'supervision'; ', supervision' is a noun phrase / collocation, not a function-word pair",0,"see D28_P001_UNKNOWN_PAR001 (D28, page 1) - contains ', supervision'",D28,1,D28_P001_UNKNOWN_PAR001
and employment,2,20,20,employment,"contains domain term 'employment'; 'and employment' is a noun phrase / collocation, not a function-word pair",0.5,"see D02_BOX011 (D02, page 22) - contains 'and employment'",D02,22,D02_BOX011
capital goods,2,20,16,capital,"contains domain term 'capital'; 'capital goods' is a noun phrase / collocation, not a function-word pair",0,"see D01_P013_SEC_1_13_PAR001 (D01, page 13) - contains 'capital goods'",D01,13,D01_P013_SEC_1_13_PAR001
capital market,2,20,20,capital;market,"contains domain term 'capital'; contains domain term 'market'; 'capital market' is a noun phrase / collocation, not a function-word pair",0,"see D03_BOX017 (D03, page 42) - contains 'capital market'",D03,42,D03_BOX017
demand .,2,20,20,demand,"contains domain term 'demand'; 'demand .' is a noun phrase / collocation, not a function-word pair",0,"see D01_P001_UNKNOWN_PAR003 (D01, page 1) - contains 'demand .'",D01,1,D01_P001_UNKNOWN_PAR003
expenditure .,2,20,18,expenditure,"contains domain term 'expenditure'; 'expenditure .' is a noun phrase / collocation, not a function-word pair",0,"see D02_BOX017 (D02, page 34) - contains 'expenditure .'",D02,34,D02_BOX017
financial institutions,2,20,19,financial,"contains domain term 'financial'; 'financial institutions' is a noun phrase / collocation, not a function-word pair",0,"see D02_P012_SEC_2_19_PAR001 (D02, page 12) - contains 'financial institutions'",D02,12,D02_P012_SEC_2_19_PAR001
growth rate,2,20,19,growth;rate,"contains domain term 'growth'; contains domain term 'rate'; 'growth rate' is a noun phrase / collocation, not a function-word pair",0,"see D01_P009_SEC_1_8_PAR002 (D01, page 9) - contains 'growth rate'",D01,9,D01_P009_SEC_1_8_PAR002
"industry ,",2,20,19,industry,"contains domain term 'industry'; 'industry ,' is a noun phrase / collocation, not a function-word pair",0,"see D01_P015_SEC_1_19_PAR001 (D01, page 15) - contains 'industry ,'",D01,15,D01_P015_SEC_1_19_PAR001
interest rates,2,20,16,rates,"contains domain term 'rates'; 'interest rates' is a noun phrase / collocation, not a function-word pair",0,"see D02_P033_UNKNOWN_PAR001 (D02, page 33) - contains 'interest rates'",D02,33,D02_P033_UNKNOWN_PAR001
nominal gdp,2,20,20,gdp,"contains domain term 'gdp'; 'nominal gdp' is a noun phrase / collocation, not a function-word pair",0,"see D01_T003 (D01, page 10) - contains 'nominal gdp'",D01,10,D01_T003
public investment,2,20,19,investment,"contains domain term 'investment'; 'public investment' is a noun phrase / collocation, not a function-word pair",0,"see D01_P025_SEC_1_31_PAR001 (D01, page 25) - contains 'public investment'",D01,25,D01_P025_SEC_1_31_PAR001
public sector,2,20,20,sector,"contains domain term 'sector'; 'public sector' is a noun phrase / collocation, not a function-word pair",0,"see D02_P012_SEC_2_19_PAR001 (D02, page 12) - contains 'public sector'",D02,12,D02_P012_SEC_2_19_PAR001
sectors such,2,20,20,sectors,"contains domain term 'sectors'; 'sectors such' is a noun phrase / collocation, not a function-word pair",0.5,"see D02_P011_UNKNOWN_PAR001 (D02, page 11) - contains 'sectors such'",D02,11,D02_P011_UNKNOWN_PAR001
supervision and,2,20,20,supervision,"contains domain term 'supervision'; 'supervision and' is a noun phrase / collocation, not a function-word pair",0.5,"see D27_P008_SEC_9_3_1_PAR001 (D27, page 8) - contains 'supervision and'",D27,8,D27_P008_SEC_9_3_1_PAR001
yoy growth,2,20,17,growth,"contains domain term 'growth'; 'yoy growth' is a noun phrase / collocation, not a function-word pair",0,"see D01_P012_SEC_1_11_PAR001 (D01, page 12) - contains 'yoy growth'",D01,12,D01_P012_SEC_1_11_PAR001
", supervision and enforcement",4,19,19,supervision,"contains domain term 'supervision'; ', supervision and enforcement' is a fixed multi-word expression, not a grammatical template",0.25,"see D28_P001_UNKNOWN_PAR001 (D28, page 1) - contains ', supervision and enforcement'",D28,1,D28_P001_UNKNOWN_PAR001
"10 regulatory action ,",4,19,19,regulatory,"contains domain term 'regulatory'; '10 regulatory action ,' is a fixed multi-word expression, not a grammatical template",0,"see D28_P001_UNKNOWN_PAR001 (D28, page 1) - contains '10 regulatory action ,'",D28,1,D28_P001_UNKNOWN_PAR001
"action , supervision and",4,19,19,supervision,"contains domain term 'supervision'; 'action , supervision and' is a fixed multi-word expression, not a grammatical template",0.25,"see D28_P001_UNKNOWN_PAR001 (D28, page 1) - contains 'action , supervision and'",D28,1,D28_P001_UNKNOWN_PAR001
chapter 10 regulatory action,4,19,19,regulatory,"contains domain term 'regulatory'; 'chapter 10 regulatory action' is a fixed multi-word expression, not a grammatical template",0,"see D28_P001_UNKNOWN_PAR001 (D28, page 1) - contains 'chapter 10 regulatory action'",D28,1,D28_P001_UNKNOWN_PAR001
investment and infrastructure :,4,19,19,investment,"contains domain term 'investment'; 'investment and infrastructure :' is a fixed multi-word expression, not a grammatical template",0.25,"see D09_P001_UNKNOWN_PAR001 (D09, page 1) - contains 'investment and infrastructure :'",D09,1,D09_P001_UNKNOWN_PAR001
"regulatory action , supervision",4,19,19,regulatory;supervision,"contains domain term 'regulatory'; contains domain term 'supervision'; 'regulatory action , supervision' is a fixed multi-word expression, not a grammatical template",0,"see D28_P001_UNKNOWN_PAR001 (D28, page 1) - contains 'regulatory action , supervision'",D28,1,D28_P001_UNKNOWN_PAR001
", supervision and",3,19,19,supervision,"contains domain term 'supervision'; ', supervision and' is a fixed multi-word expression, not a grammatical template",0.333,"see D28_P001_UNKNOWN_PAR001 (D28, page 1) - contains ', supervision and'",D28,1,D28_P001_UNKNOWN_PAR001
10 regulatory action,3,19,19,regulatory,"contains domain term 'regulatory'; '10 regulatory action' is a fixed multi-word expression, not a grammatical template",0,"see D28_P001_UNKNOWN_PAR001 (D28, page 1) - contains '10 regulatory action'",D28,1,D28_P001_UNKNOWN_PAR001
"action , supervision",3,19,19,supervision,"contains domain term 'supervision'; 'action , supervision' is a fixed multi-word expression, not a grammatical template",0,"see D28_P001_UNKNOWN_PAR001 (D28, page 1) - contains 'action , supervision'",D28,1,D28_P001_UNKNOWN_PAR001
chapter 10 regulatory,3,19,19,regulatory,"contains domain term 'regulatory'; 'chapter 10 regulatory' is a fixed multi-word expression, not a grammatical template",0,"see D28_P001_UNKNOWN_PAR001 (D28, page 1) - contains 'chapter 10 regulatory'",D28,1,D28_P001_UNKNOWN_PAR001
in the securities,3,19,18,securities,"contains domain term 'securities'; 'in the securities' is a fixed multi-word expression, not a grammatical template",0.667,"see D03_P042_SEC_3_74_PAR002 (D03, page 42) - contains 'in the securities'",D03,42,D03_P042_SEC_3_74_PAR002
supervision and enforcement,3,19,19,supervision,"contains domain term 'supervision'; 'supervision and enforcement' is a fixed multi-word expression, not a grammatical template",0.333,"see D28_P001_UNKNOWN_PAR001 (D28, page 1) - contains 'supervision and enforcement'",D28,1,D28_P001_UNKNOWN_PAR001
the services sector,3,19,17,sector,"contains domain term 'sector'; 'the services sector' is a fixed multi-word expression, not a grammatical template",0.333,"see D01_BOX005 (D01, page 21) - contains 'the services sector'",D01,21,D01_BOX005
", policy",2,19,19,policy,"contains domain term 'policy'; ', policy' is a noun phrase / collocation, not a function-word pair",0,"see D01_P008_SEC_1_6_PAR003 (D01, page 8) - contains ', policy'",D01,8,D01_P008_SEC_1_6_PAR003
10 regulatory,2,19,19,regulatory,"contains domain term 'regulatory'; '10 regulatory' is a noun phrase / collocation, not a function-word pair",0,"see D28_P001_UNKNOWN_PAR001 (D28, page 1) - contains '10 regulatory'",D28,1,D28_P001_UNKNOWN_PAR001
and fiscal,2,19,18,fiscal,"contains domain term 'fiscal'; 'and fiscal' is a noun phrase / collocation, not a function-word pair",0.5,"see D01_P001_UNKNOWN_PAR005 (D01, page 1) - contains 'and fiscal'",D01,1,D01_P001_UNKNOWN_PAR005
and trade,2,19,18,trade,"contains domain term 'trade'; 'and trade' is a noun phrase / collocation, not a function-word pair",0.5,"see D01_BOX001 (D01, page 5) - contains 'and trade'",D01,5,D01_BOX001
core inflation,2,19,9,inflation,"contains domain term 'inflation'; 'core inflation' is a noun phrase / collocation, not a function-word pair",0,"see D01_P024_SEC_1_29_PAR001 (D01, page 24) - contains 'core inflation'",D01,24,D01_P024_SEC_1_29_PAR001
debt securities,2,19,10,debt;securities,"contains domain term 'debt'; contains domain term 'securities'; 'debt securities' is a noun phrase / collocation, not a function-word pair",0,"see D03_P041_SEC_3_73_PAR003 (D03, page 41) - contains 'debt securities'",D03,41,D03_P041_SEC_3_73_PAR003
expenditure on,2,19,14,expenditure,"contains domain term 'expenditure'; 'expenditure on' is a noun phrase / collocation, not a function-word pair",0.5,"see D02_P014_SEC_2_25_PAR001 (D02, page 14) - contains 'expenditure on'",D02,14,D02_P014_SEC_2_25_PAR001
fiscal policy,2,19,16,fiscal;policy,"contains domain term 'fiscal'; contains domain term 'policy'; 'fiscal policy' is a noun phrase / collocation, not a function-word pair",0,"see D01_P001_UNKNOWN_PAR005 (D01, page 1) - contains 'fiscal policy'",D01,1,D01_P001_UNKNOWN_PAR005
market and,2,19,19,market,"contains domain term 'market'; 'market and' is a noun phrase / collocation, not a function-word pair",0.5,"see D01_P002_SEC_1_1_PAR001 (D01, page 2) - contains 'market and'",D01,2,D01_P002_SEC_1_1_PAR001
"output ,",2,19,18,output,"contains domain term 'output'; 'output ,' is a noun phrase / collocation, not a function-word pair",0,"see D01_P032_SEC_1_46_PAR001 (D01, page 32) - contains 'output ,'",D01,32,D01_P032_SEC_1_46_PAR001
regulatory and,2,19,19,regulatory,"contains domain term 'regulatory'; 'regulatory and' is a noun phrase / collocation, not a function-word pair",0.5,"see D03_BOX021 (D03, page 60) - contains 'regulatory and'",D03,60,D03_BOX021
tax revenue,2,19,15,revenue;tax,"contains domain term 'revenue'; contains domain term 'tax'; 'tax revenue' is a noun phrase / collocation, not a function-word pair",0,"see D01_P024_SEC_1_30_PAR001 (D01, page 24) - contains 'tax revenue'",D01,24,D01_P024_SEC_1_30_PAR001
the banking,2,19,18,banking,"contains domain term 'banking'; 'the banking' is a noun phrase / collocation, not a function-word pair",0.5,"see D01_P026_SEC_1_33_PAR001 (D01, page 26) - contains 'the banking'",D01,26,D01_P026_SEC_1_33_PAR001
the equity,2,19,19,equity,"contains domain term 'equity'; 'the equity' is a noun phrase / collocation, not a function-word pair",0.5,"see D03_P041_SEC_3_73_PAR003 (D03, page 41) - contains 'the equity'",D03,41,D03_P041_SEC_3_73_PAR003
total expenditure,2,19,17,expenditure,"contains domain term 'expenditure'; 'total expenditure' is a noun phrase / collocation, not a function-word pair",0,"see D02_P019_SEC_2_31_PAR001 (D02, page 19) - contains 'total expenditure'",D02,19,D02_P019_SEC_2_31_PAR001
", productivity",2,18,18,productivity,"contains domain term 'productivity'; ', productivity' is a noun phrase / collocation, not a function-word pair",0,"see D04_P053_SEC_4_99_PAR012 (D04, page 53) - contains ', productivity'",D04,53,D04_P053_SEC_4_99_PAR012
", trade",2,18,17,trade,"contains domain term 'trade'; ', trade' is a noun phrase / collocation, not a function-word pair",0,"see D01_P001_UNKNOWN_PAR002 (D01, page 1) - contains ', trade'",D01,1,D01_P001_UNKNOWN_PAR002
balance sheets,2,18,18,balance,"contains domain term 'balance'; 'balance sheets' is a noun phrase / collocation, not a function-word pair",0,"see D01_P001_UNKNOWN_PAR005 (D01, page 1) - contains 'balance sheets'",D01,1,D01_P001_UNKNOWN_PAR005
"credit ,",2,18,18,credit,"contains domain term 'credit'; 'credit ,' is a noun phrase / collocation, not a function-word pair",0,"see D01_P013_SEC_1_13_PAR001 (D01, page 13) - contains 'credit ,'",D01,13,D01_P013_SEC_1_13_PAR001
credit growth,2,18,13,credit;growth,"contains domain term 'credit'; contains domain term 'growth'; 'credit growth' is a noun phrase / collocation, not a function-word pair",0,"see D03_P014_SEC_3_24_PAR001 (D03, page 14) - contains 'credit growth'",D03,14,D03_P014_SEC_3_24_PAR001
export growth,2,18,18,export;growth,"contains domain term 'export'; contains domain term 'growth'; 'export growth' is a noun phrase / collocation, not a function-word pair",0,"see D01_P014_SEC_1_15_PAR001 (D01, page 14) - contains 'export growth'",D01,14,D01_P014_SEC_1_15_PAR001
exports .,2,18,17,exports,"contains domain term 'exports'; 'exports .' is a noun phrase / collocation, not a function-word pair",0,"see D01_P002_SEC_1_1_PAR001 (D01, page 2) - contains 'exports .'",D01,2,D01_P002_SEC_1_1_PAR001
fdi inflows,2,18,17,fdi,"contains domain term 'fdi'; 'fdi inflows' is a noun phrase / collocation, not a function-word pair",0,"see D01_P027_SEC_1_35_PAR001 (D01, page 27) - contains 'fdi inflows'",D01,27,D01_P027_SEC_1_35_PAR001
inclusive growth,2,18,18,growth,"contains domain term 'growth'; 'inclusive growth' is a noun phrase / collocation, not a function-word pair",0,"see D01_P030_SEC_1_41_PAR001 (D01, page 30) - contains 'inclusive growth'",D01,30,D01_P030_SEC_1_41_PAR001
infrastructure investment,2,18,18,investment,"contains domain term 'investment'; 'infrastructure investment' is a noun phrase / collocation, not a function-word pair",0,"see D01_P032_SEC_1_PAR003 (D01, page 32) - contains 'infrastructure investment'",D01,32,D01_P032_SEC_1_PAR003
investor education,2,18,18,investor,"contains domain term 'investor'; 'investor education' is a noun phrase / collocation, not a function-word pair",0,"see D03_P042_SEC_3_74_PAR002 (D03, page 42) - contains 'investor education'",D03,42,D03_P042_SEC_3_74_PAR002
policy .,2,18,18,policy,"contains domain term 'policy'; 'policy .' is a noun phrase / collocation, not a function-word pair",0,"see D03_P010_SEC_3_12_PAR001 (D03, page 10) - contains 'policy .'",D03,10,D03_P010_SEC_3_12_PAR001
"rates ,",2,18,17,rates,"contains domain term 'rates'; 'rates ,' is a noun phrase / collocation, not a function-word pair",0,"see D01_P032_SEC_1_46_PAR001 (D01, page 32) - contains 'rates ,'",D01,32,D01_P032_SEC_1_46_PAR001
strong growth,2,18,17,growth,"contains domain term 'growth'; 'strong growth' is a noun phrase / collocation, not a function-word pair",0,"see D01_P001_UNKNOWN_PAR003 (D01, page 1) - contains 'strong growth'",D01,1,D01_P001_UNKNOWN_PAR003
: from stability to,4,17,17,stability,"contains domain term 'stability'; ': from stability to' is a fixed multi-word expression, not a grammatical template",0.5,"see D07_P001_UNKNOWN_PAR001 (D07, page 1) - contains ': from stability to'",D07,1,D07_P001_UNKNOWN_PAR001
from stability to new,4,17,17,stability,"contains domain term 'stability'; 'from stability to new' is a fixed multi-word expression, not a grammatical template",0.5,"see D07_P001_UNKNOWN_PAR001 (D07, page 1) - contains 'from stability to new'",D07,1,D07_P001_UNKNOWN_PAR001
services : from stability,4,17,17,stability,"contains domain term 'stability'; 'services : from stability' is a fixed multi-word expression, not a grammatical template",0.25,"see D07_P001_UNKNOWN_PAR001 (D07, page 1) - contains 'services : from stability'",D07,1,D07_P001_UNKNOWN_PAR001
stability to new frontiers,4,17,17,stability,"contains domain term 'stability'; 'stability to new frontiers' is a fixed multi-word expression, not a grammatical template",0.25,"see D07_P001_UNKNOWN_PAR001 (D07, page 1) - contains 'stability to new frontiers'",D07,1,D07_P001_UNKNOWN_PAR001
", the sector",3,17,17,sector,"contains domain term 'sector'; ', the sector' is a fixed multi-word expression, not a grammatical template",0.333,"see D03_P023_SEC_3_42_PAR001 (D03, page 23) - contains ', the sector'",D03,23,D03_P023_SEC_3_42_PAR001
: from stability,3,17,17,stability,"contains domain term 'stability'; ': from stability' is a fixed multi-word expression, not a grammatical template",0.333,"see D07_P001_UNKNOWN_PAR001 (D07, page 1) - contains ': from stability'",D07,1,D07_P001_UNKNOWN_PAR001
corporate bond market,3,17,13,bond;market,"contains domain term 'bond'; contains domain term 'market'; 'corporate bond market' is a fixed multi-word expression, not a grammatical template",0,"see D03_BOX019 (D03, page 46) - contains 'corporate bond market'",D03,46,D03_BOX019
from stability to,3,17,17,stability,"contains domain term 'stability'; 'from stability to' is a fixed multi-word expression, not a grammatical template",0.667,"see D07_P001_UNKNOWN_PAR001 (D07, page 1) - contains 'from stability to'",D07,1,D07_P001_UNKNOWN_PAR001
stability to new,3,17,17,stability,"contains domain term 'stability'; 'stability to new' is a fixed multi-word expression, not a grammatical template",0.333,"see D07_P001_UNKNOWN_PAR001 (D07, page 1) - contains 'stability to new'",D07,1,D07_P001_UNKNOWN_PAR001
the sector 's,3,17,16,sector,"contains domain term 'sector'; 'the sector 's' is a fixed multi-word expression, not a grammatical template",0.333,"see D03_P058_SEC_3_99_PAR005 (D03, page 58) - contains 'the sector 's'",D03,58,D03_P058_SEC_3_99_PAR005
and energy,2,17,17,energy,"contains domain term 'energy'; 'and energy' is a noun phrase / collocation, not a function-word pair",0.5,"see D01_P007_SEC_1_6_PAR009 (D01, page 7) - contains 'and energy'",D01,7,D01_P007_SEC_1_6_PAR009
equity markets,2,17,15,equity;markets,"contains domain term 'equity'; contains domain term 'markets'; 'equity markets' is a noun phrase / collocation, not a function-word pair",0,"see D03_P001_UNKNOWN_PAR003 (D03, page 1) - contains 'equity markets'",D03,1,D03_P001_UNKNOWN_PAR003
exports of,2,17,13,exports,"contains domain term 'exports'; 'exports of' is a noun phrase / collocation, not a function-word pair",0.5,"see D01_P013_SEC_1_14_PAR001 (D01, page 13) - contains 'exports of'",D01,13,D01_P013_SEC_1_14_PAR001
from stability,2,17,17,stability,"contains domain term 'stability'; 'from stability' is a noun phrase / collocation, not a function-word pair",0.5,"see D07_P001_UNKNOWN_PAR001 (D07, page 1) - contains 'from stability'",D07,1,D07_P001_UNKNOWN_PAR001
growth (,2,17,13,growth,"contains domain term 'growth'; 'growth (' is a noun phrase / collocation, not a function-word pair",0,"see D01_T004 (D01, page 12) - contains 'growth ('",D01,12,D01_T004
investor interests,2,17,17,investor,"contains domain term 'investor'; 'investor interests' is a noun phrase / collocation, not a function-word pair",0,"see D21_BOX001 (D21, page 2) - contains 'investor interests'",D21,2,D21_BOX001
market access,2,17,17,market,"contains domain term 'market'; 'market access' is a noun phrase / collocation, not a function-word pair",0,"see D04_P024_SEC_4_51_PAR001 (D04, page 24) - contains 'market access'",D04,24,D04_P024_SEC_4_51_PAR001
of market,2,17,17,market,"contains domain term 'market'; 'of market' is a noun phrase / collocation, not a function-word pair",0.5,"see D03_BOX013 (D03, page 36) - contains 'of market'",D03,36,D03_BOX013
securities .,2,17,14,securities,"contains domain term 'securities'; 'securities .' is a noun phrase / collocation, not a function-word pair",0,"see D03_P046_SEC_3_83_PAR001 (D03, page 46) - contains 'securities .'",D03,46,D03_P046_SEC_3_83_PAR001
the supply,2,17,17,supply,"contains domain term 'supply'; 'the supply' is a noun phrase / collocation, not a function-word pair",0.5,"see D01_P001_UNKNOWN_PAR003 (D01, page 1) - contains 'the supply'",D01,1,D01_P001_UNKNOWN_PAR003
cost of capital,3,16,14,capital,"contains domain term 'capital'; 'cost of capital' is a fixed multi-word expression, not a grammatical template",0.333,"see D03_BOX019 (D03, page 46) - contains 'cost of capital'",D03,46,D03_BOX019
the union budget,3,16,14,budget,"contains domain term 'budget'; 'the union budget' is a fixed multi-word expression, not a grammatical template",0.333,"see D02_P003_SEC_2_3_PAR001 (D02, page 3) - contains 'the union budget'",D02,3,D02_P003_SEC_2_3_PAR001
the world bank,3,16,16,bank,"contains domain term 'bank'; 'the world bank' is a fixed multi-word expression, not a grammatical template",0.333,"see D01_P029_SEC_1_41_PAR001 (D01, page 29) - contains 'the world bank'",D01,29,D01_P029_SEC_1_41_PAR001
", employment",2,16,15,employment,"contains domain term 'employment'; ', employment' is a noun phrase / collocation, not a function-word pair",0,"see D04_P036_SEC_4_80_PAR003 (D04, page 36) - contains ', employment'",D04,36,D04_P036_SEC_4_80_PAR003
. regulatory,2,16,15,regulatory,"contains domain term 'regulatory'; '. regulatory' is a noun phrase / collocation, not a function-word pair",0,"see D14_P010_SEC_14_22_PAR001 (D14, page 10) - contains '. regulatory'",D14,10,D14_P010_SEC_14_22_PAR001
and productivity,2,16,15,productivity,"contains domain term 'productivity'; 'and productivity' is a noun phrase / collocation, not a function-word pair",0.5,"see D04_P053_SEC_4_99_PAR012 (D04, page 53) - contains 'and productivity'",D04,53,D04_P053_SEC_4_99_PAR012
credit to,2,16,15,credit,"contains domain term 'credit'; 'credit to' is a noun phrase / collocation, not a function-word pair",0.5,"see D03_BOX019 (D03, page 46) - contains 'credit to'",D03,46,D03_BOX019
"debt ,",2,16,16,debt,"contains domain term 'debt'; 'debt ,' is a noun phrase / collocation, not a function-word pair",0,"see D02_P037_SEC_2_51_PAR001 (D02, page 37) - contains 'debt ,'",D02,37,D02_P037_SEC_2_51_PAR001
external debt,2,16,13,debt,"contains domain term 'debt'; 'external debt' is a noun phrase / collocation, not a function-word pair",0,"see D01_P028_SEC_1_38_PAR001 (D01, page 28) - contains 'external debt'",D01,28,D01_P028_SEC_1_38_PAR001
financial literacy,2,16,15,financial,"contains domain term 'financial'; 'financial literacy' is a noun phrase / collocation, not a function-word pair",0,"see D03_P042_SEC_3_74_PAR002 (D03, page 42) - contains 'financial literacy'",D03,42,D03_P042_SEC_3_74_PAR002
growth has,2,16,16,growth,"contains domain term 'growth'; 'growth has' is a noun phrase / collocation, not a function-word pair",0.5,"see D01_P003_SEC_1_2_PAR002 (D01, page 3) - contains 'growth has'",D01,3,D01_P003_SEC_1_2_PAR002
in capital,2,16,16,capital,"contains domain term 'capital'; 'in capital' is a noun phrase / collocation, not a function-word pair",0.5,"see D01_P009_SEC_1_8_PAR002 (D01, page 9) - contains 'in capital'",D01,9,D01_P009_SEC_1_8_PAR002
inflation in,2,16,13,inflation,"contains domain term 'inflation'; 'inflation in' is a noun phrase / collocation, not a function-word pair",0.5,"see D01_P002_SEC_1_1_PAR001 (D01, page 2) - contains 'inflation in'",D01,2,D01_P002_SEC_1_1_PAR001
investors to,2,16,15,investors,"contains domain term 'investors'; 'investors to' is a noun phrase / collocation, not a function-word pair",0.5,"see D03_P003_SEC_3_5_PAR001 (D03, page 3) - contains 'investors to'",D03,3,D03_P003_SEC_3_5_PAR001
merchandise exports,2,16,13,exports,"contains domain term 'exports'; 'merchandise exports' is a noun phrase / collocation, not a function-word pair",0,"see D01_P003_SEC_1_2_PAR002 (D01, page 3) - contains 'merchandise exports'",D01,3,D01_P003_SEC_1_2_PAR002
of finance,2,16,15,finance,"contains domain term 'finance'; 'of finance' is a noun phrase / collocation, not a function-word pair",0.5,"see D03_BOX023 (D03, page 64) - contains 'of finance'",D03,64,D03_BOX023
of investor,2,16,16,investor,"contains domain term 'investor'; 'of investor' is a noun phrase / collocation, not a function-word pair",0.5,"see D03_P042_SEC_3_74_PAR002 (D03, page 42) - contains 'of investor'",D03,42,D03_P042_SEC_3_74_PAR002
of regulatory,2,16,15,regulatory,"contains domain term 'regulatory'; 'of regulatory' is a noun phrase / collocation, not a function-word pair",0.5,"see D01_P028_SEC_1_39_PAR001 (D01, page 28) - contains 'of regulatory'",D01,28,D01_P028_SEC_1_39_PAR001
policy uncertainty,2,16,12,policy,"contains domain term 'policy'; 'policy uncertainty' is a noun phrase / collocation, not a function-word pair",0,"see D03_P003_SEC_3_5_PAR001 (D03, page 3) - contains 'policy uncertainty'",D03,3,D03_P003_SEC_3_5_PAR001
private capital,2,16,15,capital,"contains domain term 'capital'; 'private capital' is a noun phrase / collocation, not a function-word pair",0,"see D02_P038_SEC_2_53_PAR001 (D02, page 38) - contains 'private capital'",D02,38,D02_P038_SEC_2_53_PAR001
secondary market,2,16,14,market,"contains domain term 'market'; 'secondary market' is a noun phrase / collocation, not a function-word pair",0,"see D02_P036_SEC_2_50_PAR001 (D02, page 36) - contains 'secondary market'",D02,36,D02_P036_SEC_2_50_PAR001
stability and,2,16,16,stability,"contains domain term 'stability'; 'stability and' is a noun phrase / collocation, not a function-word pair",0.5,"see D02_P001_UNKNOWN_PAR002 (D02, page 1) - contains 'stability and'",D02,1,D02_P001_UNKNOWN_PAR002
the capital,2,16,16,capital,"contains domain term 'capital'; 'the capital' is a noun phrase / collocation, not a function-word pair",0.5,"see D01_P027_SEC_1_36_PAR001 (D01, page 27) - contains 'the capital'",D01,27,D01_P027_SEC_1_36_PAR001
in the securities market,4,15,14,market;securities,"contains domain term 'market'; contains domain term 'securities'; 'in the securities market' is a fixed multi-word expression, not a grammatical template",0.5,"see D03_P042_SEC_3_74_PAR002 (D03, page 42) - contains 'in the securities market'",D03,42,D03_P042_SEC_3_74_PAR002
", and financial",3,15,15,financial,"contains domain term 'financial'; ', and financial' is a fixed multi-word expression, not a grammatical template",0.333,"see D01_P009_SEC_1_8_PAR002 (D01, page 9) - contains ', and financial'",D01,9,D01_P009_SEC_1_8_PAR002
bank of india,3,15,15,bank,"contains domain term 'bank'; 'bank of india' is a fixed multi-word expression, not a grammatical template",0.333,"see D02_P006_SEC_2_9_PAR001 (D02, page 6) - contains 'bank of india'",D02,6,D02_P006_SEC_2_9_PAR001
india 's financial,3,15,14,financial,"contains domain term 'financial'; 'india 's financial' is a fixed multi-word expression, not a grammatical template",0,"see D03_BOX007 (D03, page 24) - contains 'india 's financial'",D03,24,D03_BOX007
of gdp ),3,15,11,gdp,"contains domain term 'gdp'; 'of gdp )' is a fixed multi-word expression, not a grammatical template",0.333,"see D02_P036_SEC_2_48_PAR001 (D02, page 36) - contains 'of gdp )'",D02,36,D02_P036_SEC_2_48_PAR001
sector . the,3,15,15,sector,"contains domain term 'sector'; 'sector . the' is a fixed multi-word expression, not a grammatical template",0.333,"see D01_BOX005 (D01, page 21) - contains 'sector . the'",D01,21,D01_BOX005
"supply chains ,",3,15,15,supply,"contains domain term 'supply'; 'supply chains ,' is a fixed multi-word expression, not a grammatical template",0,"see D01_P001_UNKNOWN_PAR002 (D01, page 1) - contains 'supply chains ,'",D01,1,D01_P001_UNKNOWN_PAR002
. policy,2,15,14,policy,"contains domain term 'policy'; '. policy' is a noun phrase / collocation, not a function-word pair",0,"see D04_P049_SEC_4_95_PAR001 (D04, page 49) - contains '. policy'",D04,49,D04_P049_SEC_4_95_PAR001
alternative investment,2,15,13,investment,"contains domain term 'investment'; 'alternative investment' is a noun phrase / collocation, not a function-word pair",0,"see D09_P009_SEC_9_17_PAR004 (D09, page 9) - contains 'alternative investment'",D09,9,D09_P009_SEC_9_17_PAR004
and credit,2,15,15,credit,"contains domain term 'credit'; 'and credit' is a noun phrase / collocation, not a function-word pair",0.5,"see D03_P011_SEC_3_16_PAR001 (D03, page 11) - contains 'and credit'",D03,11,D03_P011_SEC_3_16_PAR001
and supply,2,15,15,supply,"contains domain term 'supply'; 'and supply' is a noun phrase / collocation, not a function-word pair",0.5,"see D01_P005_SEC_1_6_PAR001 (D01, page 5) - contains 'and supply'",D01,5,D01_P005_SEC_1_6_PAR001
"consumption ,",2,15,14,consumption,"contains domain term 'consumption'; 'consumption ,' is a noun phrase / collocation, not a function-word pair",0,"see D01_P010_SEC_1_9_PAR001 (D01, page 10) - contains 'consumption ,'",D01,10,D01_P010_SEC_1_9_PAR001
corporate bonds,2,15,12,bonds,"contains domain term 'bonds'; 'corporate bonds' is a noun phrase / collocation, not a function-word pair",0,"see D03_P041_SEC_3_73_PAR003 (D03, page 41) - contains 'corporate bonds'",D03,41,D03_P041_SEC_3_73_PAR003
currency derivatives,2,15,15,currency,"contains domain term 'currency'; 'currency derivatives' is a noun phrase / collocation, not a function-word pair",0,"see D22_P024_SEC_4_4_5_PAR001 (D22, page 24) - contains 'currency derivatives'",D22,24,D22_P024_SEC_4_4_5_PAR001
demand and,2,15,15,demand,"contains domain term 'demand'; 'demand and' is a noun phrase / collocation, not a function-word pair",0.5,"see D01_P001_UNKNOWN_PAR004 (D01, page 1) - contains 'demand and'",D01,1,D01_P001_UNKNOWN_PAR004
employment in,2,15,15,employment,"contains domain term 'employment'; 'employment in' is a noun phrase / collocation, not a function-word pair",0.5,"see D06_P002_SEC_6_1_PAR001 (D06, page 2) - contains 'employment in'",D06,2,D06_P002_SEC_6_1_PAR001
energy and,2,15,15,energy,"contains domain term 'energy'; 'energy and' is a noun phrase / collocation, not a function-word pair",0.5,"see D01_P006_SEC_1_6_PAR002 (D01, page 6) - contains 'energy and'",D01,6,D01_P006_SEC_1_6_PAR002
expenditure (,2,15,13,expenditure,"contains domain term 'expenditure'; 'expenditure (' is a noun phrase / collocation, not a function-word pair",0,"see D01_P010_SEC_1_9_PAR001 (D01, page 10) - contains 'expenditure ('",D01,10,D01_P010_SEC_1_9_PAR001
exports and,2,15,15,exports,"contains domain term 'exports'; 'exports and' is a noun phrase / collocation, not a function-word pair",0.5,"see D01_P001_UNKNOWN_PAR005 (D01, page 1) - contains 'exports and'",D01,1,D01_P001_UNKNOWN_PAR005
financial market,2,15,15,financial;market,"contains domain term 'financial'; contains domain term 'market'; 'financial market' is a noun phrase / collocation, not a function-word pair",0,"see D03_P002_SEC_3_4_PAR001 (D03, page 2) - contains 'financial market'",D03,2,D03_P002_SEC_3_4_PAR001
for capital,2,15,14,capital,"contains domain term 'capital'; 'for capital' is a noun phrase / collocation, not a function-word pair",0.5,"see D01_P003_SEC_1_3_PAR001 (D01, page 3) - contains 'for capital'",D01,3,D01_P003_SEC_1_3_PAR001
foreign portfolio,2,15,15,foreign,"contains domain term 'foreign'; 'foreign portfolio' is a noun phrase / collocation, not a function-word pair",0,"see D01_P028_SEC_1_36_PAR001 (D01, page 28) - contains 'foreign portfolio'",D01,28,D01_P028_SEC_1_36_PAR001
from import,2,15,15,import,"contains domain term 'import'; 'from import' is a noun phrase / collocation, not a function-word pair",0.5,"see D03_P048_SEC_3_85_PAR004 (D03, page 48) - contains 'from import'",D03,48,D03_P048_SEC_3_85_PAR004
gdp ),2,15,11,gdp,"contains domain term 'gdp'; 'gdp )' is a noun phrase / collocation, not a function-word pair",0,"see D02_P036_SEC_2_48_PAR001 (D02, page 36) - contains 'gdp )'",D02,36,D02_P036_SEC_2_48_PAR001
global supply,2,15,15,supply,"contains domain term 'supply'; 'global supply' is a noun phrase / collocation, not a function-word pair",0,"see D04_P050_SEC_4_97_PAR002 (D04, page 50) - contains 'global supply'",D04,50,D04_P050_SEC_4_97_PAR002
growth is,2,15,15,growth,"contains domain term 'growth'; 'growth is' is a noun phrase / collocation, not a function-word pair",0.5,"see D01_P030_SEC_1_43_PAR001 (D01, page 30) - contains 'growth is'",D01,30,D01_P030_SEC_1_43_PAR001
headline inflation,2,15,10,inflation,"contains domain term 'inflation'; 'headline inflation' is a noun phrase / collocation, not a function-word pair",0,"see D05_P001_UNKNOWN_PAR002 (D05, page 1) - contains 'headline inflation'",D05,1,D05_P001_UNKNOWN_PAR002
in employment,2,15,13,employment,"contains domain term 'employment'; 'in employment' is a noun phrase / collocation, not a function-word pair",0.5,"see D02_P029_UNKNOWN_PAR002 (D02, page 29) - contains 'in employment'",D02,29,D02_P029_UNKNOWN_PAR002
indian securities,2,15,15,securities,"contains domain term 'securities'; 'indian securities' is a noun phrase / collocation, not a function-word pair",0,"see D03_P050_SEC_3_87_PAR001 (D03, page 50) - contains 'indian securities'",D03,50,D03_P050_SEC_3_87_PAR001
institutional investors,2,15,15,investors,"contains domain term 'investors'; 'institutional investors' is a noun phrase / collocation, not a function-word pair",0,"see D02_P035_SEC_2_47_PAR001 (D02, page 35) - contains 'institutional investors'",D02,35,D02_P035_SEC_2_47_PAR001
interest rate,2,15,11,rate,"contains domain term 'rate'; 'interest rate' is a noun phrase / collocation, not a function-word pair",0,"see D02_P036_SEC_2_48_PAR001 (D02, page 36) - contains 'interest rate'",D02,36,D02_P036_SEC_2_48_PAR001
labour markets,2,15,15,markets,"contains domain term 'markets'; 'labour markets' is a noun phrase / collocation, not a function-word pair",0,"see D12_P001_SEC_12_1_PAR001 (D12, page 1) - contains 'labour markets'",D12,1,D12_P001_SEC_12_1_PAR001
macroeconomic stability,2,15,15,macroeconomic;stability,"contains domain term 'macroeconomic'; contains domain term 'stability'; 'macroeconomic stability' is a noun phrase / collocation, not a function-word pair",0,"see D01_P001_UNKNOWN_PAR006 (D01, page 1) - contains 'macroeconomic stability'",D01,1,D01_P001_UNKNOWN_PAR006
of gst,2,15,15,gst,"contains domain term 'gst'; 'of gst' is a noun phrase / collocation, not a function-word pair",0.5,"see D01_P011_SEC_1_11_PAR001 (D01, page 11) - contains 'of gst'",D01,11,D01_P011_SEC_1_11_PAR001
of investment,2,15,13,investment,"contains domain term 'investment'; 'of investment' is a noun phrase / collocation, not a function-word pair",0.5,"see D03_P026_SEC_3_47_PAR001 (D03, page 26) - contains 'of investment'",D03,26,D03_P026_SEC_3_47_PAR001
oil prices,2,15,15,oil,"contains domain term 'oil'; 'oil prices' is a noun phrase / collocation, not a function-word pair",0,"see D04_P010_SEC_4_23_PAR001 (D04, page 10) - contains 'oil prices'",D04,10,D04_P010_SEC_4_23_PAR001
"payments ,",2,15,15,payments,"contains domain term 'payments'; 'payments ,' is a noun phrase / collocation, not a function-word pair",0,"see D02_P014_SEC_2_25_PAR001 (D02, page 14) - contains 'payments ,'",D02,14,D02_P014_SEC_2_25_PAR001
regulatory frameworks,2,15,15,regulatory,"contains domain term 'regulatory'; 'regulatory frameworks' is a noun phrase / collocation, not a function-word pair",0,"see D03_P035_SEC_3_67_PAR001 (D03, page 35) - contains 'regulatory frameworks'",D03,35,D03_P035_SEC_3_67_PAR001
sector remains,2,15,15,sector,"contains domain term 'sector'; 'sector remains' is a noun phrase / collocation, not a function-word pair",0,"see D01_P001_UNKNOWN_PAR005 (D01, page 1) - contains 'sector remains'",D01,1,D01_P001_UNKNOWN_PAR005
stock exchange,2,15,13,exchange,"contains domain term 'exchange'; 'stock exchange' is a noun phrase / collocation, not a function-word pair",0,"see D21_BOX001 (D21, page 2) - contains 'stock exchange'",D21,2,D21_BOX001
trade deficit,2,15,13,deficit;trade,"contains domain term 'deficit'; contains domain term 'trade'; 'trade deficit' is a noun phrase / collocation, not a function-word pair",0,"see D01_P027_SEC_1_35_PAR001 (D01, page 27) - contains 'trade deficit'",D01,27,D01_P027_SEC_1_35_PAR001
reserve bank of india,4,14,14,bank;reserve,"contains domain term 'bank'; contains domain term 'reserve'; 'reserve bank of india' is a fixed multi-word expression, not a grammatical template",0.25,"see D02_P006_SEC_2_9_PAR001 (D02, page 6) - contains 'reserve bank of india'",D02,6,D02_P006_SEC_2_9_PAR001
from import substitution,3,14,14,import,"contains domain term 'import'; 'from import substitution' is a fixed multi-word expression, not a grammatical template",0.333,"see D08_P045_SEC_8_74_PAR002 (D08, page 45) - contains 'from import substitution'",D08,45,D08_P045_SEC_8_74_PAR002
of the financial,3,14,12,financial,"contains domain term 'financial'; 'of the financial' is a fixed multi-word expression, not a grammatical template",0.667,"see D03_P002_SEC_3_3_PAR001 (D03, page 2) - contains 'of the financial'",D03,2,D03_P002_SEC_3_3_PAR001
reserve bank of,3,14,14,bank;reserve,"contains domain term 'bank'; contains domain term 'reserve'; 'reserve bank of' is a fixed multi-word expression, not a grammatical template",0.333,"see D02_P006_SEC_2_9_PAR001 (D02, page 6) - contains 'reserve bank of'",D02,6,D02_P006_SEC_2_9_PAR001
supply chains .,3,14,14,supply,"contains domain term 'supply'; 'supply chains .' is a fixed multi-word expression, not a grammatical template",0,"see D01_P007_SEC_1_6_PAR010 (D01, page 7) - contains 'supply chains .'",D01,7,D01_P007_SEC_1_6_PAR010
", banks",2,14,14,banks,"contains domain term 'banks'; ', banks' is a noun phrase / collocation, not a function-word pair",0,"see D03_P011_SEC_3_15_PAR001 (D03, page 11) - contains ', banks'",D03,11,D03_P011_SEC_3_15_PAR001
", credit",2,14,14,credit,"contains domain term 'credit'; ', credit' is a noun phrase / collocation, not a function-word pair",0,"see D03_P019_SEC_3_35_PAR001 (D03, page 19) - contains ', credit'",D03,19,D03_P019_SEC_3_35_PAR001
", finance",2,14,14,finance,"contains domain term 'finance'; ', finance' is a noun phrase / collocation, not a function-word pair",0,"see D02_P021_SEC_2_33_PAR001 (D02, page 21) - contains ', finance'",D02,21,D02_P021_SEC_2_33_PAR001
", industry",2,14,14,industry,"contains domain term 'industry'; ', industry' is a noun phrase / collocation, not a function-word pair",0,"see D03_P015_SEC_3_25_PAR001 (D03, page 15) - contains ', industry'",D03,15,D03_P015_SEC_3_25_PAR001
and industry,2,14,10,industry,"contains domain term 'industry'; 'and industry' is a noun phrase / collocation, not a function-word pair",0.5,"see D11_P015_SEC_11_21_PAR002 (D11, page 15) - contains 'and industry'",D11,15,D11_P015_SEC_11_21_PAR002
assets .,2,14,14,assets,"contains domain term 'assets'; 'assets .' is a noun phrase / collocation, not a function-word pair",0,"see D03_P039_SEC_3_72_PAR002 (D03, page 39) - contains 'assets .'",D03,39,D03_P039_SEC_3_72_PAR002
bond markets,2,14,12,bond;markets,"contains domain term 'bond'; contains domain term 'markets'; 'bond markets' is a noun phrase / collocation, not a function-word pair",0,"see D03_BOX019 (D03, page 46) - contains 'bond markets'",D03,46,D03_BOX019
direct investment,2,14,12,investment,"contains domain term 'investment'; 'direct investment' is a noun phrase / collocation, not a function-word pair",0,"see D01_P004_SEC_1_5_PAR001 (D01, page 4) - contains 'direct investment'",D01,4,D01_P004_SEC_1_5_PAR001
employment .,2,14,14,employment,"contains domain term 'employment'; 'employment .' is a noun phrase / collocation, not a function-word pair",0,"see D01_P029_SEC_1_40_PAR001 (D01, page 29) - contains 'employment .'",D01,29,D01_P029_SEC_1_40_PAR001
energy security,2,14,13,energy,"contains domain term 'energy'; 'energy security' is a noun phrase / collocation, not a function-word pair",0,"see D06_P010_SEC_6_16_PAR002 (D06, page 10) - contains 'energy security'",D06,10,D06_P010_SEC_6_16_PAR002
for investment,2,14,9,investment,"contains domain term 'investment'; 'for investment' is a noun phrase / collocation, not a function-word pair",0.5,"see D04_P036_SEC_4_80_PAR006 (D04, page 36) - contains 'for investment'",D04,36,D04_P036_SEC_4_80_PAR006
in equity,2,14,12,equity,"contains domain term 'equity'; 'in equity' is a noun phrase / collocation, not a function-word pair",0.5,"see D03_P039_SEC_3_73_PAR002 (D03, page 39) - contains 'in equity'",D03,39,D03_P039_SEC_3_73_PAR002
in securities,2,14,14,securities,"contains domain term 'securities'; 'in securities' is a noun phrase / collocation, not a function-word pair",0.5,"see D03_P037_UNKNOWN_PAR002 (D03, page 37) - contains 'in securities'",D03,37,D03_P037_UNKNOWN_PAR002
interest payments,2,14,12,payments,"contains domain term 'payments'; 'interest payments' is a noun phrase / collocation, not a function-word pair",0,"see D02_P014_SEC_2_25_PAR001 (D02, page 14) - contains 'interest payments'",D02,14,D02_P014_SEC_2_25_PAR001
investment funds,2,14,13,investment,"contains domain term 'investment'; 'investment funds' is a noun phrase / collocation, not a function-word pair",0,"see D03_P040_SEC_3_73_PAR003 (D03, page 40) - contains 'investment funds'",D03,40,D03_P040_SEC_3_73_PAR003
investment trusts,2,14,12,investment,"contains domain term 'investment'; 'investment trusts' is a noun phrase / collocation, not a function-word pair",0,"see D03_P045_SEC_3_82_PAR001 (D03, page 45) - contains 'investment trusts'",D03,45,D03_P045_SEC_3_82_PAR001
investors (,2,14,14,investors,"contains domain term 'investors'; 'investors (' is a noun phrase / collocation, not a function-word pair",0,"see D03_P051_SEC_3_90_PAR001 (D03, page 51) - contains 'investors ('",D03,51,D03_P051_SEC_3_90_PAR001
investors with,2,14,12,investors,"contains domain term 'investors'; 'investors with' is a noun phrase / collocation, not a function-word pair",0.5,"see D03_P043_SEC_3_74_PAR007 (D03, page 43) - contains 'investors with'",D03,43,D03_P043_SEC_3_74_PAR007
of debt,2,14,13,debt,"contains domain term 'debt'; 'of debt' is a noun phrase / collocation, not a function-word pair",0.5,"see D02_P033_UNKNOWN_PAR001 (D02, page 33) - contains 'of debt'",D02,33,D02_P033_UNKNOWN_PAR001
of foreign,2,14,14,foreign,"contains domain term 'foreign'; 'of foreign' is a noun phrase / collocation, not a function-word pair",0.5,"see D02_P005_SEC_2_8_PAR002 (D02, page 5) - contains 'of foreign'",D02,5,D02_P005_SEC_2_8_PAR002
"rate ,",2,14,12,rate,"contains domain term 'rate'; 'rate ,' is a noun phrase / collocation, not a function-word pair",0,"see D01_P025_SEC_1_30_PAR002 (D01, page 25) - contains 'rate ,'",D01,25,D01_P025_SEC_1_30_PAR002
regulatory oversight,2,14,14,regulatory,"contains domain term 'regulatory'; 'regulatory oversight' is a noun phrase / collocation, not a function-word pair",0,"see D03_P039_SEC_3_72_PAR002 (D03, page 39) - contains 'regulatory oversight'",D03,39,D03_P039_SEC_3_72_PAR002
reserve bank,2,14,14,bank;reserve,"contains domain term 'bank'; contains domain term 'reserve'; 'reserve bank' is a noun phrase / collocation, not a function-word pair",0,"see D02_P006_SEC_2_9_PAR001 (D02, page 6) - contains 'reserve bank'",D02,6,D02_P006_SEC_2_9_PAR001
sector to,2,14,14,sector,"contains domain term 'sector'; 'sector to' is a noun phrase / collocation, not a function-word pair",0.5,"see D03_P060_SEC_3_99_PAR001 (D03, page 60) - contains 'sector to'",D03,60,D03_P060_SEC_3_99_PAR001
"taxes ,",2,14,14,taxes,"contains domain term 'taxes'; 'taxes ,' is a noun phrase / collocation, not a function-word pair",0,"see D01_P010_SEC_1_9_PAR001 (D01, page 10) - contains 'taxes ,'",D01,10,D01_P010_SEC_1_9_PAR001
the credit,2,14,10,credit,"contains domain term 'credit'; 'the credit' is a noun phrase / collocation, not a function-word pair",0.5,"see D03_P016_SEC_3_26_PAR001 (D03, page 16) - contains 'the credit'",D03,16,D03_P016_SEC_3_26_PAR001
the investment,2,14,14,investment,"contains domain term 'investment'; 'the investment' is a noun phrase / collocation, not a function-word pair",0.5,"see D01_P012_SEC_1_12_PAR001 (D01, page 12) - contains 'the investment'",D01,12,D01_P012_SEC_1_12_PAR001
trade performance,2,14,14,trade,"contains domain term 'trade'; 'trade performance' is a noun phrase / collocation, not a function-word pair",0,"see D04_P002_SEC_4_5_PAR001 (D04, page 2) - contains 'trade performance'",D04,2,D04_P002_SEC_4_5_PAR001
from import substitution to,4,13,13,import,"contains domain term 'import'; 'from import substitution to' is a fixed multi-word expression, not a grammatical template",0.5,"see D16_P001_UNKNOWN_PAR001 (D16, page 1) - contains 'from import substitution to'",D16,1,D16_P001_UNKNOWN_PAR001
import substitution to strategic,4,13,13,import,"contains domain term 'import'; 'import substitution to strategic' is a fixed multi-word expression, not a grammatical template",0.25,"see D16_P001_UNKNOWN_PAR001 (D16, page 1) - contains 'import substitution to strategic'",D16,1,D16_P001_UNKNOWN_PAR001
of gdp in the,4,13,10,gdp,"contains domain term 'gdp'; 'of gdp in the' is a fixed multi-word expression, not a grammatical template",0.75,"see D02_P001_UNKNOWN_PAR003 (D02, page 1) - contains 'of gdp in the'",D02,1,D02_P001_UNKNOWN_PAR003
's external sector,3,13,12,sector,"contains domain term 'sector'; ''s external sector' is a fixed multi-word expression, not a grammatical template",0,"see D01_P028_SEC_1_38_PAR001 (D01, page 28) - contains ''s external sector'",D01,28,D01_P028_SEC_1_38_PAR001
credit rating agencies,3,13,11,credit,"contains domain term 'credit'; 'credit rating agencies' is a fixed multi-word expression, not a grammatical template",0,"see D02_BOX017 (D02, page 34) - contains 'credit rating agencies'",D02,34,D02_BOX017
gdp in the,3,13,10,gdp,"contains domain term 'gdp'; 'gdp in the' is a fixed multi-word expression, not a grammatical template",0.667,"see D02_P001_UNKNOWN_PAR003 (D02, page 1) - contains 'gdp in the'",D02,1,D02_P001_UNKNOWN_PAR003
import substitution to,3,13,13,import,"contains domain term 'import'; 'import substitution to' is a fixed multi-word expression, not a grammatical template",0.333,"see D16_P001_UNKNOWN_PAR001 (D16, page 1) - contains 'import substitution to'",D16,1,D16_P001_UNKNOWN_PAR001
"markets , and",3,13,13,markets,"contains domain term 'markets'; 'markets , and' is a fixed multi-word expression, not a grammatical template",0.333,"see D03_P012_SEC_3_19_PAR001 (D03, page 12) - contains 'markets , and'",D03,12,D03_P012_SEC_3_19_PAR001
"securities market ,",3,13,13,market;securities,"contains domain term 'market'; contains domain term 'securities'; 'securities market ,' is a fixed multi-word expression, not a grammatical template",0,"see D03_P038_UNKNOWN_PAR004 (D03, page 38) - contains 'securities market ,'",D03,38,D03_P038_UNKNOWN_PAR004
the financial sector,3,13,12,financial;sector,"contains domain term 'financial'; contains domain term 'sector'; 'the financial sector' is a fixed multi-word expression, not a grammatical template",0.333,"see D03_P002_SEC_3_2_PAR001 (D03, page 2) - contains 'the financial sector'",D03,2,D03_P002_SEC_3_2_PAR001
's growth,2,13,13,growth,"contains domain term 'growth'; ''s growth' is a noun phrase / collocation, not a function-word pair",0,"see D03_P010_SEC_3_13_PAR001 (D03, page 10) - contains ''s growth'",D03,10,D03_P010_SEC_3_13_PAR001
", energy",2,13,13,energy,"contains domain term 'energy'; ', energy' is a noun phrase / collocation, not a function-word pair",0,"see D03_BOX023 (D03, page 64) - contains ', energy'",D03,64,D03_BOX023
", growth",2,13,13,growth,"contains domain term 'growth'; ', growth' is a noun phrase / collocation, not a function-word pair",0,"see D01_P003_SEC_1_2_PAR002 (D01, page 3) - contains ', growth'",D01,3,D01_P003_SEC_1_2_PAR002
a growth,2,13,12,growth,"contains domain term 'growth'; 'a growth' is a noun phrase / collocation, not a function-word pair",0.5,"see D02_P007_SEC_2_13_PAR001 (D02, page 7) - contains 'a growth'",D02,7,D02_P007_SEC_2_13_PAR001
a stable,2,13,13,stable,"contains domain term 'stable'; 'a stable' is a noun phrase / collocation, not a function-word pair",0.5,"see D01_P013_SEC_1_14_PAR001 (D01, page 13) - contains 'a stable'",D01,13,D01_P013_SEC_1_14_PAR001
account of,2,13,12,account,"contains domain term 'account'; 'account of' is a noun phrase / collocation, not a function-word pair",0.5,"see D01_P004_SEC_1_5_PAR001 (D01, page 4) - contains 'account of'",D01,4,D01_P004_SEC_1_5_PAR001
balance between,2,13,13,balance,"contains domain term 'balance'; 'balance between' is a noun phrase / collocation, not a function-word pair",0.5,"see D01_P001_UNKNOWN_PAR005 (D01, page 1) - contains 'balance between'",D01,1,D01_P001_UNKNOWN_PAR005
central bank,2,13,13,bank,"contains domain term 'bank'; 'central bank' is a noun phrase / collocation, not a function-word pair",0,"see D01_P003_SEC_1_2_PAR002 (D01, page 3) - contains 'central bank'",D01,3,D01_P003_SEC_1_2_PAR002
central banks,2,13,12,banks,"contains domain term 'banks'; 'central banks' is a noun phrase / collocation, not a function-word pair",0,"see D03_P012_SEC_3_18_PAR001 (D03, page 12) - contains 'central banks'",D03,12,D03_P012_SEC_3_18_PAR001
credit access,2,13,13,credit,"contains domain term 'credit'; 'credit access' is a noun phrase / collocation, not a function-word pair",0,"see D03_BOX009 (D03, page 27) - contains 'credit access'",D03,27,D03_BOX009
export competitiveness,2,13,11,export,"contains domain term 'export'; 'export competitiveness' is a noun phrase / collocation, not a function-word pair",0,"see D03_P046_SEC_3_85_PAR001 (D03, page 46) - contains 'export competitiveness'",D03,46,D03_P046_SEC_3_85_PAR001
exports to,2,13,10,exports,"contains domain term 'exports'; 'exports to' is a noun phrase / collocation, not a function-word pair",0.5,"see D01_P007_SEC_1_6_PAR009 (D01, page 7) - contains 'exports to'",D01,7,D01_P007_SEC_1_6_PAR009
foreign investment,2,13,13,foreign;investment,"contains domain term 'foreign'; contains domain term 'investment'; 'foreign investment' is a noun phrase / collocation, not a function-word pair",0,"see D03_P051_SEC_3_90_PAR001 (D03, page 51) - contains 'foreign investment'",D03,51,D03_P051_SEC_3_90_PAR001
gdp .,2,13,13,gdp,"contains domain term 'gdp'; 'gdp .' is a noun phrase / collocation, not a function-word pair",0,"see D01_P007_SEC_1_6_PAR003 (D01, page 7) - contains 'gdp .'",D01,7,D01_P007_SEC_1_6_PAR003
global markets,2,13,13,markets,"contains domain term 'markets'; 'global markets' is a noun phrase / collocation, not a function-word pair",0,"see D04_BOX011 (D04, page 50) - contains 'global markets'",D04,50,D04_BOX011
gst on,2,13,9,gst,"contains domain term 'gst'; 'gst on' is a noun phrase / collocation, not a function-word pair",0.5,"see D02_P009_UNKNOWN_PAR002 (D02, page 9) - contains 'gst on'",D02,9,D02_P009_UNKNOWN_PAR002
gst rate,2,13,13,gst;rate,"contains domain term 'gst'; contains domain term 'rate'; 'gst rate' is a noun phrase / collocation, not a function-word pair",0,"see D01_P011_SEC_1_11_PAR001 (D01, page 11) - contains 'gst rate'",D01,11,D01_P011_SEC_1_11_PAR001
industry .,2,13,13,industry,"contains domain term 'industry'; 'industry .' is a noun phrase / collocation, not a function-word pair",0,"see D03_P061_SEC_3_99_PAR007 (D03, page 61) - contains 'industry .'",D03,61,D03_P061_SEC_3_99_PAR007
investments .,2,13,12,investments,"contains domain term 'investments'; 'investments .' is a noun phrase / collocation, not a function-word pair",0,"see D02_P026_SEC_2_40_PAR002 (D02, page 26) - contains 'investments .'",D02,26,D02_P026_SEC_2_40_PAR002
investors in,2,13,12,investors,"contains domain term 'investors'; 'investors in' is a noun phrase / collocation, not a function-word pair",0.5,"see D03_P039_SEC_3_73_PAR001 (D03, page 39) - contains 'investors in'",D03,39,D03_P039_SEC_3_73_PAR001
macroeconomic fundamentals,2,13,13,macroeconomic,"contains domain term 'macroeconomic'; 'macroeconomic fundamentals' is a noun phrase / collocation, not a function-word pair",0,"see D01_P001_UNKNOWN_PAR005 (D01, page 1) - contains 'macroeconomic fundamentals'",D01,1,D01_P001_UNKNOWN_PAR005
of investors,2,13,11,investors,"contains domain term 'investors'; 'of investors' is a noun phrase / collocation, not a function-word pair",0.5,"see D16_P024_SEC_16_74_PAR001 (D16, page 24) - contains 'of investors'",D16,24,D16_P024_SEC_16_74_PAR001
policy initiatives,2,13,12,policy,"contains domain term 'policy'; 'policy initiatives' is a noun phrase / collocation, not a function-word pair",0,"see D07_P031_SEC_7_54_PAR001 (D07, page 31) - contains 'policy initiatives'",D07,31,D07_P031_SEC_7_54_PAR001
rates and,2,13,13,rates,"contains domain term 'rates'; 'rates and' is a noun phrase / collocation, not a function-word pair",0.5,"see D02_P011_UNKNOWN_PAR001 (D02, page 11) - contains 'rates and'",D02,11,D02_P011_UNKNOWN_PAR001
"regulation ,",2,13,13,regulation,"contains domain term 'regulation'; 'regulation ,' is a noun phrase / collocation, not a function-word pair",0,"see D03_P063_UNKNOWN_PAR002 (D03, page 63) - contains 'regulation ,'",D03,63,D03_P063_UNKNOWN_PAR002
"supply ,",2,13,13,supply,"contains domain term 'supply'; 'supply ,' is a noun phrase / collocation, not a function-word pair",0,"see D03_P002_SEC_3_1_PAR001 (D03, page 2) - contains 'supply ,'",D03,2,D03_P002_SEC_3_1_PAR001
the reserve,2,13,13,reserve,"contains domain term 'reserve'; 'the reserve' is a noun phrase / collocation, not a function-word pair",0.5,"see D02_P006_SEC_2_9_PAR001 (D02, page 6) - contains 'the reserve'",D02,6,D02_P006_SEC_2_9_PAR001
india 's external sector,4,12,11,sector,"contains domain term 'sector'; 'india 's external sector' is a fixed multi-word expression, not a grammatical template",0,"see D01_P028_SEC_1_38_PAR001 (D01, page 28) - contains 'india 's external sector'",D01,28,D01_P028_SEC_1_38_PAR001
the reserve bank of,4,12,12,bank;reserve,"contains domain term 'bank'; contains domain term 'reserve'; 'the reserve bank of' is a fixed multi-word expression, not a grammatical template",0.5,"see D02_P006_SEC_2_9_PAR001 (D02, page 6) - contains 'the reserve bank of'",D02,6,D02_P006_SEC_2_9_PAR001
"growth , and",3,12,12,growth,"contains domain term 'growth'; 'growth , and' is a fixed multi-word expression, not a grammatical template",0.333,"see D01_P032_SEC_1_46_PAR004 (D01, page 32) - contains 'growth , and'",D01,32,D01_P032_SEC_1_46_PAR004
growth . the,3,12,12,growth,"contains domain term 'growth'; 'growth . the' is a fixed multi-word expression, not a grammatical template",0.333,"see D01_BOX007 (D01, page 31) - contains 'growth . the'",D01,31,D01_BOX007
in the current,3,12,11,current,"contains domain term 'current'; 'in the current' is a fixed multi-word expression, not a grammatical template",0.667,"see D03_P047_SEC_3_85_PAR003 (D03, page 47) - contains 'in the current'",D03,47,D03_P047_SEC_3_85_PAR003
"productivity , and",3,12,12,productivity,"contains domain term 'productivity'; 'productivity , and' is a fixed multi-word expression, not a grammatical template",0.333,"see D02_P030_UNKNOWN_PAR003 (D02, page 30) - contains 'productivity , and'",D02,30,D02_P030_UNKNOWN_PAR003
real estate investment,3,12,11,investment,"contains domain term 'investment'; 'real estate investment' is a fixed multi-word expression, not a grammatical template",0,"see D03_P045_SEC_3_82_PAR001 (D03, page 45) - contains 'real estate investment'",D03,45,D03_P045_SEC_3_82_PAR001
sector continues to,3,12,12,sector,"contains domain term 'sector'; 'sector continues to' is a fixed multi-word expression, not a grammatical template",0.333,"see D03_P016_SEC_3_26_PAR001 (D03, page 16) - contains 'sector continues to'",D03,16,D03_P016_SEC_3_26_PAR001
the current account,3,12,12,account;current,"contains domain term 'account'; contains domain term 'current'; 'the current account' is a fixed multi-word expression, not a grammatical template",0.333,"see D01_P027_SEC_1_35_PAR001 (D01, page 27) - contains 'the current account'",D01,27,D01_P027_SEC_1_35_PAR001
the reserve bank,3,12,12,bank;reserve,"contains domain term 'bank'; contains domain term 'reserve'; 'the reserve bank' is a fixed multi-word expression, not a grammatical template",0.333,"see D02_P006_SEC_2_9_PAR001 (D02, page 6) - contains 'the reserve bank'",D02,6,D02_P006_SEC_2_9_PAR001
", export",2,12,12,export,"contains domain term 'export'; ', export' is a noun phrase / collocation, not a function-word pair",0,"see D01_P014_SEC_1_15_PAR001 (D01, page 14) - contains ', export'",D01,14,D01_P014_SEC_1_15_PAR001
", market",2,12,11,market,"contains domain term 'market'; ', market' is a noun phrase / collocation, not a function-word pair",0,"see D03_P005_SEC_3_8_PAR002 (D03, page 5) - contains ', market'",D03,5,D03_P005_SEC_3_8_PAR002
. capital,2,12,11,capital,"contains domain term 'capital'; '. capital' is a noun phrase / collocation, not a function-word pair",0,"see D01_P004_SEC_1_5_PAR001 (D01, page 4) - contains '. capital'",D01,4,D01_P004_SEC_1_5_PAR001
across sectors,2,12,12,sectors,"contains domain term 'sectors'; 'across sectors' is a noun phrase / collocation, not a function-word pair",0,"see D01_P030_SEC_1_42_PAR001 (D01, page 30) - contains 'across sectors'",D01,30,D01_P030_SEC_1_42_PAR001
and debt,2,12,12,debt,"contains domain term 'debt'; 'and debt' is a noun phrase / collocation, not a function-word pair",0.5,"see D02_P041_SEC_2_55_PAR001 (D02, page 41) - contains 'and debt'",D02,41,D02_P041_SEC_2_55_PAR001
budget 2025-26,2,12,11,budget,"contains domain term 'budget'; 'budget 2025-26' is a noun phrase / collocation, not a function-word pair",0,"see D02_P006_SEC_2_10_PAR001 (D02, page 6) - contains 'budget 2025-26'",D02,6,D02_P006_SEC_2_10_PAR001
capital inflows,2,12,10,capital,"contains domain term 'capital'; 'capital inflows' is a noun phrase / collocation, not a function-word pair",0,"see D03_P047_SEC_3_85_PAR003 (D03, page 47) - contains 'capital inflows'",D03,47,D03_P047_SEC_3_85_PAR003
consumption and,2,12,12,consumption,"contains domain term 'consumption'; 'consumption and' is a noun phrase / collocation, not a function-word pair",0.5,"see D01_P001_UNKNOWN_PAR003 (D01, page 1) - contains 'consumption and'",D01,1,D01_P001_UNKNOWN_PAR003
corporate sector,2,12,11,sector,"contains domain term 'sector'; 'corporate sector' is a noun phrase / collocation, not a function-word pair",0,"see D01_P022_SEC_1_28_PAR012 (D01, page 22) - contains 'corporate sector'",D01,22,D01_P022_SEC_1_28_PAR012
credit .,2,12,10,credit,"contains domain term 'credit'; 'credit .' is a noun phrase / collocation, not a function-word pair",0,"see D01_P027_SEC_1_34_PAR001 (D01, page 27) - contains 'credit .'",D01,27,D01_P027_SEC_1_34_PAR001
debt instruments,2,12,11,debt,"contains domain term 'debt'; 'debt instruments' is a noun phrase / collocation, not a function-word pair",0,"see D03_P041_SEC_3_73_PAR002 (D03, page 41) - contains 'debt instruments'",D03,41,D03_P041_SEC_3_73_PAR002
emerging market,2,12,12,market,"contains domain term 'market'; 'emerging market' is a noun phrase / collocation, not a function-word pair",0,"see D01_P002_SEC_1_1_PAR001 (D01, page 2) - contains 'emerging market'",D01,2,D01_P002_SEC_1_1_PAR001
energy transition,2,12,12,energy,"contains domain term 'energy'; 'energy transition' is a noun phrase / collocation, not a function-word pair",0,"see D03_BOX023 (D03, page 64) - contains 'energy transition'",D03,64,D03_BOX023
estate investment,2,12,11,investment,"contains domain term 'investment'; 'estate investment' is a noun phrase / collocation, not a function-word pair",0,"see D03_P045_SEC_3_82_PAR001 (D03, page 45) - contains 'estate investment'",D03,45,D03_P045_SEC_3_82_PAR001
finance .,2,12,11,finance,"contains domain term 'finance'; 'finance .' is a noun phrase / collocation, not a function-word pair",0,"see D03_P029_SEC_3_49_PAR005 (D03, page 29) - contains 'finance .'",D03,29,D03_P029_SEC_3_49_PAR005
finance commission,2,12,11,finance,"contains domain term 'finance'; 'finance commission' is a noun phrase / collocation, not a function-word pair",0,"see D02_P021_SEC_2_33_PAR001 (D02, page 21) - contains 'finance commission'",D02,21,D02_P021_SEC_2_33_PAR001
fiscal space,2,12,12,fiscal,"contains domain term 'fiscal'; 'fiscal space' is a noun phrase / collocation, not a function-word pair",0,"see D01_P025_SEC_1_31_PAR001 (D01, page 25) - contains 'fiscal space'",D01,25,D01_P025_SEC_1_31_PAR001
fiscal year,2,12,12,fiscal,"contains domain term 'fiscal'; 'fiscal year' is a noun phrase / collocation, not a function-word pair",0,"see D02_P006_SEC_2_10_PAR001 (D02, page 6) - contains 'fiscal year'",D02,6,D02_P006_SEC_2_10_PAR001
in financial,2,12,9,financial,"contains domain term 'financial'; 'in financial' is a noun phrase / collocation, not a function-word pair",0.5,"see D01_P034_SEC_3_PAR002 (D01, page 34) - contains 'in financial'",D01,34,D01_P034_SEC_3_PAR002
industrial policy,2,12,12,policy,"contains domain term 'policy'; 'industrial policy' is a noun phrase / collocation, not a function-word pair",0,"see D04_P004_SEC_4_9_PAR001 (D04, page 4) - contains 'industrial policy'",D04,4,D04_P004_SEC_4_9_PAR001
industry and,2,12,11,industry,"contains domain term 'industry'; 'industry and' is a noun phrase / collocation, not a function-word pair",0.5,"see D01_P014_SEC_1_15_PAR002 (D01, page 14) - contains 'industry and'",D01,14,D01_P014_SEC_1_15_PAR002
international financial,2,12,11,financial,"contains domain term 'financial'; 'international financial' is a noun phrase / collocation, not a function-word pair",0,"see D03_P001_UNKNOWN_PAR004 (D03, page 1) - contains 'international financial'",D03,1,D03_P001_UNKNOWN_PAR004
investment of,2,12,11,investment,"contains domain term 'investment'; 'investment of' is a noun phrase / collocation, not a function-word pair",0.5,"see D06_P021_SEC_6_33_PAR001 (D06, page 21) - contains 'investment of'",D06,21,D06_P021_SEC_6_33_PAR001
investments and,2,12,12,investments,"contains domain term 'investments'; 'investments and' is a noun phrase / collocation, not a function-word pair",0.5,"see D03_P003_SEC_3_6_PAR001 (D03, page 3) - contains 'investments and'",D03,3,D03_P003_SEC_3_6_PAR001
investor base,2,12,10,investor,"contains domain term 'investor'; 'investor base' is a noun phrase / collocation, not a function-word pair",0,"see D02_P037_UNKNOWN_PAR001 (D02, page 37) - contains 'investor base'",D02,37,D02_P037_UNKNOWN_PAR001
investor confidence,2,12,12,investor,"contains domain term 'investor'; 'investor confidence' is a noun phrase / collocation, not a function-word pair",0,"see D03_P044_SEC_3_76_PAR001 (D03, page 44) - contains 'investor confidence'",D03,44,D03_P044_SEC_3_76_PAR001
inward fdi,2,12,5,fdi,"contains domain term 'fdi'; 'inward fdi' is a noun phrase / collocation, not a function-word pair",0,"see D04_BOX003 (D04, page 34) - contains 'inward fdi'",D04,34,D04_BOX003
market infrastructure,2,12,12,market,"contains domain term 'market'; 'market infrastructure' is a noun phrase / collocation, not a function-word pair",0,"see D03_P042_SEC_3_74_PAR002 (D03, page 42) - contains 'market infrastructure'",D03,42,D03_P042_SEC_3_74_PAR002
of employment,2,12,12,employment,"contains domain term 'employment'; 'of employment' is a noun phrase / collocation, not a function-word pair",0.5,"see D01_P029_SEC_1_40_PAR001 (D01, page 29) - contains 'of employment'",D01,29,D01_P029_SEC_1_40_PAR001
on capital,2,12,12,capital,"contains domain term 'capital'; 'on capital' is a noun phrase / collocation, not a function-word pair",0.5,"see D02_BOX017 (D02, page 34) - contains 'on capital'",D02,34,D02_BOX017
primary market,2,12,11,market,"contains domain term 'market'; 'primary market' is a noun phrase / collocation, not a function-word pair",0,"see D03_P036_SEC_3_69_PAR001 (D03, page 36) - contains 'primary market'",D03,36,D03_P036_SEC_3_69_PAR001
public capital,2,12,12,capital,"contains domain term 'capital'; 'public capital' is a noun phrase / collocation, not a function-word pair",0,"see D01_P012_SEC_1_12_PAR001 (D01, page 12) - contains 'public capital'",D01,12,D01_P012_SEC_1_12_PAR001
sector continues,2,12,12,sector,"contains domain term 'sector'; 'sector continues' is a noun phrase / collocation, not a function-word pair",0,"see D03_P016_SEC_3_26_PAR001 (D03, page 16) - contains 'sector continues'",D03,16,D03_P016_SEC_3_26_PAR001
stable and,2,12,12,stable,"contains domain term 'stable'; 'stable and' is a noun phrase / collocation, not a function-word pair",0.5,"see D03_BOX021 (D03, page 60) - contains 'stable and'",D03,60,D03_BOX021
the revenue,2,12,12,revenue,"contains domain term 'revenue'; 'the revenue' is a noun phrase / collocation, not a function-word pair",0.5,"see D02_P003_SEC_2_4_PAR001 (D02, page 3) - contains 'the revenue'",D02,3,D02_P003_SEC_2_4_PAR001
this sector,2,12,12,sector,"contains domain term 'sector'; 'this sector' is a noun phrase / collocation, not a function-word pair",0.5,"see D03_P013_SEC_3_21_PAR001 (D03, page 13) - contains 'this sector'",D03,13,D03_P013_SEC_3_21_PAR001
to financial,2,12,11,financial,"contains domain term 'financial'; 'to financial' is a noun phrase / collocation, not a function-word pair",0.5,"see D03_P013_SEC_3_19_PAR002 (D03, page 13) - contains 'to financial'",D03,13,D03_P013_SEC_3_19_PAR002
to gdp,2,12,11,gdp,"contains domain term 'gdp'; 'to gdp' is a noun phrase / collocation, not a function-word pair",0.5,"see D02_P039_UNKNOWN_PAR005 (D02, page 39) - contains 'to gdp'",D02,39,D02_P039_UNKNOWN_PAR005
in the union budget,4,11,9,budget,"contains domain term 'budget'; 'in the union budget' is a fixed multi-word expression, not a grammatical template",0.5,"see D03_BOX013 (D03, page 36) - contains 'in the union budget'",D03,36,D03_BOX013
the securities market .,4,11,11,market;securities,"contains domain term 'market'; contains domain term 'securities'; 'the securities market .' is a fixed multi-word expression, not a grammatical template",0.25,"see D03_BOX017 (D03, page 42) - contains 'the securities market .'",D03,42,D03_BOX017
", and market",3,11,11,market,"contains domain term 'market'; ', and market' is a fixed multi-word expression, not a grammatical template",0.333,"see D03_P008_UNKNOWN_PAR003 (D03, page 8) - contains ', and market'",D03,8,D03_P008_UNKNOWN_PAR003
a growth of,3,11,10,growth,"contains domain term 'growth'; 'a growth of' is a fixed multi-word expression, not a grammatical template",0.667,"see D02_P007_SEC_2_13_PAR001 (D02, page 7) - contains 'a growth of'",D02,7,D02_P007_SEC_2_13_PAR001
economic growth .,3,11,11,growth,"contains domain term 'growth'; 'economic growth .' is a fixed multi-word expression, not a grammatical template",0,"see D01_BOX001 (D01, page 5) - contains 'economic growth .'",D01,5,D01_BOX001
"finance , and",3,11,11,finance,"contains domain term 'finance'; 'finance , and' is a fixed multi-word expression, not a grammatical template",0.333,"see D03_P001_UNKNOWN_PAR005 (D03, page 1) - contains 'finance , and'",D03,1,D03_P001_UNKNOWN_PAR005
financial inclusion and,3,11,11,financial,"contains domain term 'financial'; 'financial inclusion and' is a fixed multi-word expression, not a grammatical template",0.333,"see D03_P021_SEC_3_41_PAR004 (D03, page 21) - contains 'financial inclusion and'",D03,21,D03_P021_SEC_3_41_PAR004
foreign venture capital,3,11,11,capital;foreign,"contains domain term 'capital'; contains domain term 'foreign'; 'foreign venture capital' is a fixed multi-word expression, not a grammatical template",0,"see D24_P001_UNKNOWN_PAR001 (D24, page 1) - contains 'foreign venture capital'",D24,1,D24_P001_UNKNOWN_PAR001
investor education and,3,11,11,investor,"contains domain term 'investor'; 'investor education and' is a fixed multi-word expression, not a grammatical template",0.333,"see D21_P009_SEC_3_2_1_PAR007 (D21, page 9) - contains 'investor education and'",D21,9,D21_P009_SEC_3_2_1_PAR007
of the sector,3,11,11,sector,"contains domain term 'sector'; 'of the sector' is a fixed multi-word expression, not a grammatical template",0.667,"see D02_P022_SEC_2_35_PAR001 (D02, page 22) - contains 'of the sector'",D02,22,D02_P022_SEC_2_35_PAR001
the manufacturing sector,3,11,10,sector,"contains domain term 'sector'; 'the manufacturing sector' is a fixed multi-word expression, not a grammatical template",0.333,"see D05_P014_SEC_5_27_PAR001 (D05, page 14) - contains 'the manufacturing sector'",D05,14,D05_P014_SEC_5_27_PAR001
the merchandise trade,3,11,11,trade,"contains domain term 'trade'; 'the merchandise trade' is a fixed multi-word expression, not a grammatical template",0.333,"see D04_P001_UNKNOWN_PAR003 (D04, page 1) - contains 'the merchandise trade'",D04,1,D04_P001_UNKNOWN_PAR003
union budget 2025-26,3,11,10,budget,"contains domain term 'budget'; 'union budget 2025-26' is a fixed multi-word expression, not a grammatical template",0,"see D02_P006_SEC_2_10_PAR001 (D02, page 6) - contains 'union budget 2025-26'",D02,6,D02_P006_SEC_2_10_PAR001
union budget 2026-27,3,11,11,budget,"contains domain term 'budget'; 'union budget 2026-27' is a fixed multi-word expression, not a grammatical template",0,"see D19_P002_UNKNOWN_PAR001 (D19, page 2) - contains 'union budget 2026-27'",D19,2,D19_P002_UNKNOWN_PAR001
's fiscal,2,11,9,fiscal,"contains domain term 'fiscal'; ''s fiscal' is a noun phrase / collocation, not a function-word pair",0,"see D01_P025_SEC_1_31_PAR001 (D01, page 25) - contains ''s fiscal'",D01,25,D01_P025_SEC_1_31_PAR001
", stable",2,11,11,stable,"contains domain term 'stable'; ', stable' is a noun phrase / collocation, not a function-word pair",0,"see D01_P010_SEC_1_9_PAR001 (D01, page 10) - contains ', stable'",D01,10,D01_P010_SEC_1_9_PAR001
and growth,2,11,11,growth,"contains domain term 'growth'; 'and growth' is a noun phrase / collocation, not a function-word pair",0.5,"see D01_BOX003 (D01, page 18) - contains 'and growth'",D01,18,D01_BOX003
annual growth,2,11,11,growth,"contains domain term 'growth'; 'annual growth' is a noun phrase / collocation, not a function-word pair",0,"see D03_P016_SEC_3_28_PAR001 (D03, page 16) - contains 'annual growth'",D03,16,D03_P016_SEC_3_28_PAR001
banking system,2,11,11,banking,"contains domain term 'banking'; 'banking system' is a noun phrase / collocation, not a function-word pair",0,"see D01_P026_SEC_1_33_PAR001 (D01, page 26) - contains 'banking system'",D01,26,D01_P026_SEC_1_33_PAR001
banks (,2,11,8,banks,"contains domain term 'banks'; 'banks (' is a noun phrase / collocation, not a function-word pair",0,"see D03_P012_SEC_3_17_PAR001 (D03, page 12) - contains 'banks ('",D03,12,D03_P012_SEC_3_17_PAR001
budget 2026-27,2,11,11,budget,"contains domain term 'budget'; 'budget 2026-27' is a noun phrase / collocation, not a function-word pair",0,"see D19_P002_UNKNOWN_PAR001 (D19, page 2) - contains 'budget 2026-27'",D19,2,D19_P002_UNKNOWN_PAR001
budget estimates,2,11,11,budget,"contains domain term 'budget'; 'budget estimates' is a noun phrase / collocation, not a function-word pair",0,"see D01_P025_SEC_1_31_PAR001 (D01, page 25) - contains 'budget estimates'",D01,25,D01_P025_SEC_1_31_PAR001
commercial banks,2,11,11,banks,"contains domain term 'banks'; 'commercial banks' is a noun phrase / collocation, not a function-word pair",0,"see D01_P026_SEC_1_33_PAR001 (D01, page 26) - contains 'commercial banks'",D01,26,D01_P026_SEC_1_33_PAR001
commercial sector,2,11,8,sector,"contains domain term 'sector'; 'commercial sector' is a noun phrase / collocation, not a function-word pair",0,"see D01_P026_SEC_1_33_PAR002 (D01, page 26) - contains 'commercial sector'",D01,26,D01_P026_SEC_1_33_PAR002
consumption expenditure,2,11,9,consumption;expenditure,"contains domain term 'consumption'; contains domain term 'expenditure'; 'consumption expenditure' is a noun phrase / collocation, not a function-word pair",0,"see D01_P010_SEC_1_9_PAR001 (D01, page 10) - contains 'consumption expenditure'",D01,10,D01_P010_SEC_1_9_PAR001
debt market,2,11,9,debt;market,"contains domain term 'debt'; contains domain term 'market'; 'debt market' is a noun phrase / collocation, not a function-word pair",0,"see D03_P042_SEC_3_73_PAR001 (D03, page 42) - contains 'debt market'",D03,42,D03_P042_SEC_3_73_PAR001
"deficit ,",2,11,11,deficit,"contains domain term 'deficit'; 'deficit ,' is a noun phrase / collocation, not a function-word pair",0,"see D01_P025_SEC_1_31_PAR001 (D01, page 25) - contains 'deficit ,'",D01,25,D01_P025_SEC_1_31_PAR001
energy .,2,11,11,energy,"contains domain term 'energy'; 'energy .' is a noun phrase / collocation, not a function-word pair",0,"see D04_P049_SEC_4_94_PAR001 (D04, page 49) - contains 'energy .'",D04,49,D04_P049_SEC_4_94_PAR001
energy storage,2,11,6,energy,"contains domain term 'energy'; 'energy storage' is a noun phrase / collocation, not a function-word pair",0,"see D09_P028_SEC_9_43_PAR001 (D09, page 28) - contains 'energy storage'",D09,28,D09_P028_SEC_9_43_PAR001
"equity ,",2,11,11,equity,"contains domain term 'equity'; 'equity ,' is a noun phrase / collocation, not a function-word pair",0,"see D02_P036_SEC_2_49_PAR001 (D02, page 36) - contains 'equity ,'",D02,36,D02_P036_SEC_2_49_PAR001
"exchange ,",2,11,11,exchange,"contains domain term 'exchange'; 'exchange ,' is a noun phrase / collocation, not a function-word pair",0,"see D02_P018_UNKNOWN_PAR001 (D02, page 18) - contains 'exchange ,'",D02,18,D02_P018_UNKNOWN_PAR001
"fdi ,",2,11,9,fdi,"contains domain term 'fdi'; 'fdi ,' is a noun phrase / collocation, not a function-word pair",0,"see D04_BOX005 (D04, page 35) - contains 'fdi ,'",D04,35,D04_BOX005
financial conditions,2,11,10,financial,"contains domain term 'financial'; 'financial conditions' is a noun phrase / collocation, not a function-word pair",0,"see D04_P001_UNKNOWN_PAR004 (D04, page 1) - contains 'financial conditions'",D04,1,D04_P001_UNKNOWN_PAR004
financial ecosystem,2,11,11,financial,"contains domain term 'financial'; 'financial ecosystem' is a noun phrase / collocation, not a function-word pair",0,"see D03_P035_SEC_3_67_PAR001 (D03, page 35) - contains 'financial ecosystem'",D03,35,D03_P035_SEC_3_67_PAR001
for investors,2,11,11,investors,"contains domain term 'investors'; 'for investors' is a noun phrase / collocation, not a function-word pair",0.5,"see D04_BOX003 (D04, page 34) - contains 'for investors'",D04,34,D04_BOX003
foreign venture,2,11,11,foreign,"contains domain term 'foreign'; 'foreign venture' is a noun phrase / collocation, not a function-word pair",0,"see D24_P001_UNKNOWN_PAR001 (D24, page 1) - contains 'foreign venture'",D24,1,D24_P001_UNKNOWN_PAR001
growth momentum,2,11,11,growth,"contains domain term 'growth'; 'growth momentum' is a noun phrase / collocation, not a function-word pair",0,"see D01_P001_UNKNOWN_PAR003 (D01, page 1) - contains 'growth momentum'",D01,1,D01_P001_UNKNOWN_PAR003
in gdp,2,11,9,gdp,"contains domain term 'gdp'; 'in gdp' is a noun phrase / collocation, not a function-word pair",0.5,"see D01_P010_SEC_1_9_PAR001 (D01, page 10) - contains 'in gdp'",D01,10,D01_P010_SEC_1_9_PAR001
in revenue,2,11,10,revenue,"contains domain term 'revenue'; 'in revenue' is a noun phrase / collocation, not a function-word pair",0.5,"see D01_P025_SEC_1_30_PAR002 (D01, page 25) - contains 'in revenue'",D01,25,D01_P025_SEC_1_30_PAR002
income support,2,11,11,income,"contains domain term 'income'; 'income support' is a noun phrase / collocation, not a function-word pair",0,"see D02_P002_UNKNOWN_PAR001 (D02, page 2) - contains 'income support'",D02,2,D02_P002_UNKNOWN_PAR001
industry is,2,11,11,industry,"contains domain term 'industry'; 'industry is' is a noun phrase / collocation, not a function-word pair",0.5,"see D06_P028_SEC_6_49_PAR001 (D06, page 28) - contains 'industry is'",D06,28,D06_P028_SEC_6_49_PAR001
inflation .,2,11,11,inflation,"contains domain term 'inflation'; 'inflation .' is a noun phrase / collocation, not a function-word pair",0,"see D03_P021_SEC_3_41_PAR004 (D03, page 21) - contains 'inflation .'",D03,21,D03_P021_SEC_3_41_PAR004
investment trust,2,11,7,investment,"contains domain term 'investment'; 'investment trust' is a noun phrase / collocation, not a function-word pair",0,"see D03_P043_SEC_3_74_PAR005 (D03, page 43) - contains 'investment trust'",D03,43,D03_P043_SEC_3_74_PAR005
loans and,2,11,11,loans,"contains domain term 'loans'; 'loans and' is a noun phrase / collocation, not a function-word pair",0.5,"see D02_P028_UNKNOWN_PAR001 (D02, page 28) - contains 'loans and'",D02,28,D02_P028_UNKNOWN_PAR001
manufacturing exports,2,11,9,exports,"contains domain term 'exports'; 'manufacturing exports' is a noun phrase / collocation, not a function-word pair",0,"see D04_BOX011 (D04, page 50) - contains 'manufacturing exports'",D04,50,D04_BOX011
market integrity,2,11,11,market,"contains domain term 'market'; 'market integrity' is a noun phrase / collocation, not a function-word pair",0,"see D03_P036_SEC_3_71_PAR001 (D03, page 36) - contains 'market integrity'",D03,36,D03_P036_SEC_3_71_PAR001
market is,2,11,10,market,"contains domain term 'market'; 'market is' is a noun phrase / collocation, not a function-word pair",0.5,"see D03_P044_SEC_3_75_PAR001 (D03, page 44) - contains 'market is'",D03,44,D03_P044_SEC_3_75_PAR001
markets in,2,11,11,markets,"contains domain term 'markets'; 'markets in' is a noun phrase / collocation, not a function-word pair",0.5,"see D03_P035_SEC_3_67_PAR001 (D03, page 35) - contains 'markets in'",D03,35,D03_P035_SEC_3_67_PAR001
of export,2,11,11,export,"contains domain term 'export'; 'of export' is a noun phrase / collocation, not a function-word pair",0.5,"see D01_P006_SEC_1_6_PAR002 (D01, page 6) - contains 'of export'",D01,6,D01_P006_SEC_1_6_PAR002
of revenue,2,11,10,revenue,"contains domain term 'revenue'; 'of revenue' is a noun phrase / collocation, not a function-word pair",0.5,"see D02_P004_SEC_2_6_PAR001 (D02, page 4) - contains 'of revenue'",D02,4,D02_P004_SEC_2_6_PAR001
policy has,2,11,11,policy,"contains domain term 'policy'; 'policy has' is a noun phrase / collocation, not a function-word pair",0.5,"see D01_P027_SEC_1_34_PAR001 (D01, page 27) - contains 'policy has'",D01,27,D01_P027_SEC_1_34_PAR001
rates .,2,11,11,rates,"contains domain term 'rates'; 'rates .' is a noun phrase / collocation, not a function-word pair",0,"see D02_P011_UNKNOWN_PAR001 (D02, page 11) - contains 'rates .'",D02,11,D02_P011_UNKNOWN_PAR001
regulatory capacity,2,11,11,regulatory,"contains domain term 'regulatory'; 'regulatory capacity' is a noun phrase / collocation, not a function-word pair",0,"see D04_P024_UNKNOWN_PAR002 (D04, page 24) - contains 'regulatory capacity'",D04,24,D04_P024_UNKNOWN_PAR002
"returns ,",2,11,10,returns,"contains domain term 'returns'; 'returns ,' is a noun phrase / collocation, not a function-word pair",0,"see D02_P005_SEC_2_8_PAR002 (D02, page 5) - contains 'returns ,'",D02,5,D02_P005_SEC_2_8_PAR002
rural employment,2,11,9,employment,"contains domain term 'employment'; 'rural employment' is a noun phrase / collocation, not a function-word pair",0,"see D12_P005_SEC_12_10_PAR001 (D12, page 5) - contains 'rural employment'",D12,5,D12_P005_SEC_12_10_PAR001
"securities ,",2,11,11,securities,"contains domain term 'securities'; 'securities ,' is a noun phrase / collocation, not a function-word pair",0,"see D02_P034_SEC_2_45_PAR001 (D02, page 34) - contains 'securities ,'",D02,34,D02_P034_SEC_2_45_PAR001
service sector,2,11,11,sector,"contains domain term 'sector'; 'service sector' is a noun phrase / collocation, not a function-word pair",0,"see D01_BOX005 (D01, page 21) - contains 'service sector'",D01,21,D01_BOX005
"stable ,",2,11,11,stable,"contains domain term 'stable'; 'stable ,' is a noun phrase / collocation, not a function-word pair",0,"see D01_P027_SEC_1_34_PAR002 (D01, page 27) - contains 'stable ,'",D01,27,D01_P027_SEC_1_34_PAR002
stable at,2,11,10,stable,"contains domain term 'stable'; 'stable at' is a noun phrase / collocation, not a function-word pair",0.5,"see D01_P015_SEC_1_19_PAR001 (D01, page 15) - contains 'stable at'",D01,15,D01_P015_SEC_1_19_PAR001
supply of,2,11,11,supply,"contains domain term 'supply'; 'supply of' is a noun phrase / collocation, not a function-word pair",0.5,"see D03_P045_SEC_3_79_PAR001 (D03, page 45) - contains 'supply of'",D03,45,D03_P045_SEC_3_79_PAR001
the exchange,2,11,10,exchange,"contains domain term 'exchange'; 'the exchange' is a noun phrase / collocation, not a function-word pair",0.5,"see D04_BOX009 (D04, page 47) - contains 'the exchange'",D04,47,D04_BOX009
the investors,2,11,11,investors,"contains domain term 'investors'; 'the investors' is a noun phrase / collocation, not a function-word pair",0.5,"see D21_BOX001 (D21, page 2) - contains 'the investors'",D21,2,D21_BOX001
the tax,2,11,8,tax,"contains domain term 'tax'; 'the tax' is a noun phrase / collocation, not a function-word pair",0.5,"see D02_P005_SEC_2_8_PAR001 (D02, page 5) - contains 'the tax'",D02,5,D02_P005_SEC_2_8_PAR001
this growth,2,11,11,growth,"contains domain term 'growth'; 'this growth' is a noun phrase / collocation, not a function-word pair",0.5,"see D03_P015_SEC_3_25_PAR001 (D03, page 15) - contains 'this growth'",D03,15,D03_P015_SEC_3_25_PAR001
trade agreements,2,11,10,trade,"contains domain term 'trade'; 'trade agreements' is a noun phrase / collocation, not a function-word pair",0,"see D01_P002_SEC_1_1_PAR001 (D01, page 2) - contains 'trade agreements'",D01,2,D01_P002_SEC_1_1_PAR001
water supply,2,11,11,supply,"contains domain term 'supply'; 'water supply' is a noun phrase / collocation, not a function-word pair",0,"see D01_P016_SEC_1_20_PAR001 (D01, page 16) - contains 'water supply'",D01,16,D01_P016_SEC_1_20_PAR001
with industry,2,11,11,industry,"contains domain term 'industry'; 'with industry' is a noun phrase / collocation, not a function-word pair",0.5,"see D07_P029_SEC_7_52_PAR001 (D07, page 29) - contains 'with industry'",D07,29,D07_P029_SEC_7_52_PAR001
"yields ,",2,11,11,yields,"contains domain term 'yields'; 'yields ,' is a noun phrase / collocation, not a function-word pair",0,"see D01_P025_SEC_1_32_PAR001 (D01, page 25) - contains 'yields ,'",D01,25,D01_P025_SEC_1_32_PAR001
the union budget 2025-26,4,10,9,budget,"contains domain term 'budget'; 'the union budget 2025-26' is a fixed multi-word expression, not a grammatical template",0.25,"see D02_P006_SEC_2_10_PAR001 (D02, page 6) - contains 'the union budget 2025-26'",D02,6,D02_P006_SEC_2_10_PAR001
", finance ,",3,10,10,finance,"contains domain term 'finance'; ', finance ,' is a fixed multi-word expression, not a grammatical template",0,"see D07_P003_SEC_7_6_PAR002 (D07, page 3) - contains ', finance ,'",D07,3,D07_P003_SEC_7_6_PAR002
", productivity ,",3,10,10,productivity,"contains domain term 'productivity'; ', productivity ,' is a fixed multi-word expression, not a grammatical template",0,"see D04_P057_UNKNOWN_PAR001 (D04, page 57) - contains ', productivity ,'",D04,57,D04_P057_UNKNOWN_PAR001
account for a,3,10,10,account,"contains domain term 'account'; 'account for a' is a fixed multi-word expression, not a grammatical template",0.667,"see D02_P028_UNKNOWN_PAR005 (D02, page 28) - contains 'account for a'",D02,28,D02_P028_UNKNOWN_PAR005
crude oil prices,3,10,10,oil,"contains domain term 'oil'; 'crude oil prices' is a fixed multi-word expression, not a grammatical template",0,"see D04_P010_SEC_4_23_PAR001 (D04, page 10) - contains 'crude oil prices'",D04,10,D04_P010_SEC_4_23_PAR001
"economic growth ,",3,10,10,growth,"contains domain term 'growth'; 'economic growth ,' is a fixed multi-word expression, not a grammatical template",0,"see D01_P007_SEC_1_6_PAR006 (D01, page 7) - contains 'economic growth ,'",D01,7,D01_P007_SEC_1_6_PAR006
india 's capital,3,10,10,capital,"contains domain term 'capital'; 'india 's capital' is a fixed multi-word expression, not a grammatical template",0,"see D01_P032_SEC_1_PAR001 (D01, page 32) - contains 'india 's capital'",D01,32,D01_P032_SEC_1_PAR001
india 's exports,3,10,8,exports,"contains domain term 'exports'; 'india 's exports' is a fixed multi-word expression, not a grammatical template",0,"see D01_P028_SEC_1_38_PAR001 (D01, page 28) - contains 'india 's exports'",D01,28,D01_P028_SEC_1_38_PAR001
indian securities market,3,10,10,market;securities,"contains domain term 'market'; contains domain term 'securities'; 'indian securities market' is a fixed multi-word expression, not a grammatical template",0,"see D22_P001_UNKNOWN_PAR001 (D22, page 1) - contains 'indian securities market'",D22,1,D22_P001_UNKNOWN_PAR001
private sector participation,3,10,10,sector,"contains domain term 'sector'; 'private sector participation' is a fixed multi-word expression, not a grammatical template",0,"see D06_P009_SEC_6_15_PAR001 (D06, page 9) - contains 'private sector participation'",D06,9,D06_P009_SEC_6_15_PAR001
the corporate bond,3,10,10,bond,"contains domain term 'bond'; 'the corporate bond' is a fixed multi-word expression, not a grammatical template",0.333,"see D03_BOX019 (D03, page 46) - contains 'the corporate bond'",D03,46,D03_BOX019
the financial year,3,10,9,financial,"contains domain term 'financial'; 'the financial year' is a fixed multi-word expression, not a grammatical template",0.333,"see D05_P005_SEC_5_8_PAR001 (D05, page 5) - contains 'the financial year'",D05,5,D05_P005_SEC_5_8_PAR001
the growth in,3,10,10,growth,"contains domain term 'growth'; 'the growth in' is a fixed multi-word expression, not a grammatical template",0.667,"see D01_P025_SEC_1_30_PAR002 (D01, page 25) - contains 'the growth in'",D01,25,D01_P025_SEC_1_30_PAR002
the regulatory framework,3,10,9,regulatory,"contains domain term 'regulatory'; 'the regulatory framework' is a fixed multi-word expression, not a grammatical template",0.333,"see D01_P029_SEC_1_40_PAR001 (D01, page 29) - contains 'the regulatory framework'",D01,29,D01_P029_SEC_1_40_PAR001
venture capital investors,3,10,10,capital;investors,"contains domain term 'capital'; contains domain term 'investors'; 'venture capital investors' is a fixed multi-word expression, not a grammatical template",0,"see D24_P001_SEC_6_1_PAR003 (D24, page 1) - contains 'venture capital investors'",D24,1,D24_P001_SEC_6_1_PAR003
's capital,2,10,10,capital,"contains domain term 'capital'; ''s capital' is a noun phrase / collocation, not a function-word pair",0,"see D01_P032_SEC_1_PAR001 (D01, page 32) - contains ''s capital'",D01,32,D01_P032_SEC_1_PAR001
's exports,2,10,8,exports,"contains domain term 'exports'; ''s exports' is a noun phrase / collocation, not a function-word pair",0,"see D01_P028_SEC_1_38_PAR001 (D01, page 28) - contains ''s exports'",D01,28,D01_P028_SEC_1_38_PAR001
", fiscal",2,10,10,fiscal,"contains domain term 'fiscal'; ', fiscal' is a noun phrase / collocation, not a function-word pair",0,"see D01_P001_UNKNOWN_PAR005 (D01, page 1) - contains ', fiscal'",D01,1,D01_P001_UNKNOWN_PAR005
", foreign",2,10,10,foreign,"contains domain term 'foreign'; ', foreign' is a noun phrase / collocation, not a function-word pair",0,"see D01_P028_SEC_1_36_PAR001 (D01, page 28) - contains ', foreign'",D01,28,D01_P028_SEC_1_36_PAR001
agricultural productivity,2,10,10,productivity,"contains domain term 'productivity'; 'agricultural productivity' is a noun phrase / collocation, not a function-word pair",0,"see D06_BOX005 (D06, page 13) - contains 'agricultural productivity'",D06,13,D06_BOX005
and income,2,10,10,income,"contains domain term 'income'; 'and income' is a noun phrase / collocation, not a function-word pair",0.5,"see D02_P042_SEC_2_57_PAR001 (D02, page 42) - contains 'and income'",D02,42,D02_P042_SEC_2_57_PAR001
balance .,2,10,9,balance,"contains domain term 'balance'; 'balance .' is a noun phrase / collocation, not a function-word pair",0,"see D02_P036_SEC_2_49_PAR001 (D02, page 36) - contains 'balance .'",D02,36,D02_P036_SEC_2_49_PAR001
bank 's,2,10,10,bank,"contains domain term 'bank'; 'bank 's' is a noun phrase / collocation, not a function-word pair",0,"see D01_P003_SEC_1_2_PAR002 (D01, page 3) - contains 'bank 's'",D01,3,D01_P003_SEC_1_2_PAR002
banking sector,2,10,10,banking;sector,"contains domain term 'banking'; contains domain term 'sector'; 'banking sector' is a noun phrase / collocation, not a function-word pair",0,"see D01_P026_SEC_1_33_PAR001 (D01, page 26) - contains 'banking sector'",D01,26,D01_P026_SEC_1_33_PAR001
"bonds ,",2,10,10,bonds,"contains domain term 'bonds'; 'bonds ,' is a noun phrase / collocation, not a function-word pair",0,"see D03_P042_SEC_3_73_PAR001 (D03, page 42) - contains 'bonds ,'",D03,42,D03_P042_SEC_3_73_PAR001
broadly stable,2,10,10,stable,"contains domain term 'stable'; 'broadly stable' is a noun phrase / collocation, not a function-word pair",0,"see D01_P015_SEC_1_19_PAR001 (D01, page 15) - contains 'broadly stable'",D01,15,D01_P015_SEC_1_19_PAR001
capital costs,2,10,10,capital,"contains domain term 'capital'; 'capital costs' is a noun phrase / collocation, not a function-word pair",0,"see D03_P042_SEC_3_73_PAR001 (D03, page 42) - contains 'capital costs'",D03,42,D03_P042_SEC_3_73_PAR001
capital investors,2,10,10,capital;investors,"contains domain term 'capital'; contains domain term 'investors'; 'capital investors' is a noun phrase / collocation, not a function-word pair",0,"see D24_P001_SEC_6_1_PAR003 (D24, page 1) - contains 'capital investors'",D24,1,D24_P001_SEC_6_1_PAR003
consumption .,2,10,10,consumption,"contains domain term 'consumption'; 'consumption .' is a noun phrase / collocation, not a function-word pair",0,"see D01_P024_SEC_1_29_PAR001 (D01, page 24) - contains 'consumption .'",D01,24,D01_P024_SEC_1_29_PAR001
credit guarantee,2,10,8,credit,"contains domain term 'credit'; 'credit guarantee' is a noun phrase / collocation, not a function-word pair",0,"see D03_P020_SEC_3_38_PAR001 (D03, page 20) - contains 'credit guarantee'",D03,20,D03_P020_SEC_3_38_PAR001
digital payments,2,10,10,payments,"contains domain term 'payments'; 'digital payments' is a noun phrase / collocation, not a function-word pair",0,"see D03_P029_SEC_3_49_PAR002 (D03, page 29) - contains 'digital payments'",D03,29,D03_P029_SEC_3_49_PAR002
economic policy,2,10,7,policy,"contains domain term 'policy'; 'economic policy' is a noun phrase / collocation, not a function-word pair",0,"see D01_BOX001 (D01, page 5) - contains 'economic policy'",D01,5,D01_BOX001
equity and,2,10,10,equity,"contains domain term 'equity'; 'equity and' is a noun phrase / collocation, not a function-word pair",0.5,"see D03_P036_SEC_3_68_PAR001 (D03, page 36) - contains 'equity and'",D03,36,D03_P036_SEC_3_68_PAR001
exports have,2,10,9,exports,"contains domain term 'exports'; 'exports have' is a noun phrase / collocation, not a function-word pair",0.5,"see D01_P013_SEC_1_14_PAR001 (D01, page 13) - contains 'exports have'",D01,13,D01_P013_SEC_1_14_PAR001
financial resources,2,10,9,financial,"contains domain term 'financial'; 'financial resources' is a noun phrase / collocation, not a function-word pair",0,"see D01_P027_SEC_1_34_PAR001 (D01, page 27) - contains 'financial resources'",D01,27,D01_P027_SEC_1_34_PAR001
fiscal consolidation,2,10,10,fiscal,"contains domain term 'fiscal'; 'fiscal consolidation' is a noun phrase / collocation, not a function-word pair",0,"see D01_P025_SEC_1_31_PAR001 (D01, page 25) - contains 'fiscal consolidation'",D01,25,D01_P025_SEC_1_31_PAR001
for financial,2,10,10,financial,"contains domain term 'financial'; 'for financial' is a noun phrase / collocation, not a function-word pair",0.5,"see D03_P004_SEC_3_6_PAR001 (D03, page 4) - contains 'for financial'",D03,4,D03_P004_SEC_3_6_PAR001
formal credit,2,10,10,credit,"contains domain term 'credit'; 'formal credit' is a noun phrase / collocation, not a function-word pair",0,"see D03_BOX009 (D03, page 27) - contains 'formal credit'",D03,27,D03_BOX009
global demand,2,10,10,demand,"contains domain term 'demand'; 'global demand' is a noun phrase / collocation, not a function-word pair",0,"see D04_P008_SEC_4_17_PAR001 (D04, page 8) - contains 'global demand'",D04,8,D04_P008_SEC_4_17_PAR001
green bonds,2,10,5,bonds,"contains domain term 'bonds'; 'green bonds' is a noun phrase / collocation, not a function-word pair",0,"see D03_T002 (D03, page 54) - contains 'green bonds'",D03,54,D03_T002
"imports ,",2,10,9,imports,"contains domain term 'imports'; 'imports ,' is a noun phrase / collocation, not a function-word pair",0,"see D01_P019_UNKNOWN_PAR001 (D01, page 19) - contains 'imports ,'",D01,19,D01_P019_UNKNOWN_PAR001
imports of,2,10,8,imports,"contains domain term 'imports'; 'imports of' is a noun phrase / collocation, not a function-word pair",0.5,"see D01_P013_SEC_1_13_PAR001 (D01, page 13) - contains 'imports of'",D01,13,D01_P013_SEC_1_13_PAR001
in consumption,2,10,9,consumption,"contains domain term 'consumption'; 'in consumption' is a noun phrase / collocation, not a function-word pair",0.5,"see D01_P010_SEC_1_9_PAR001 (D01, page 10) - contains 'in consumption'",D01,10,D01_P010_SEC_1_9_PAR001
insurance sector,2,10,9,sector,"contains domain term 'sector'; 'insurance sector' is a noun phrase / collocation, not a function-word pair",0,"see D03_BOX021 (D03, page 60) - contains 'insurance sector'",D03,60,D03_BOX021
"liquidity ,",2,10,10,liquidity,"contains domain term 'liquidity'; 'liquidity ,' is a noun phrase / collocation, not a function-word pair",0,"see D03_P011_SEC_3_15_PAR001 (D03, page 11) - contains 'liquidity ,'",D03,11,D03_P011_SEC_3_15_PAR001
market operations,2,10,10,market,"contains domain term 'market'; 'market operations' is a noun phrase / collocation, not a function-word pair",0,"see D01_P026_SEC_1_33_PAR001 (D01, page 26) - contains 'market operations'",D01,26,D01_P026_SEC_1_33_PAR001
medium-term growth,2,10,10,growth,"contains domain term 'growth'; 'medium-term growth' is a noun phrase / collocation, not a function-word pair",0,"see D01_P001_UNKNOWN_PAR006 (D01, page 1) - contains 'medium-term growth'",D01,1,D01_P001_UNKNOWN_PAR006
non-tax revenue,2,10,5,revenue,"contains domain term 'revenue'; 'non-tax revenue' is a noun phrase / collocation, not a function-word pair",0,"see D02_BOX007 (D02, page 16) - contains 'non-tax revenue'",D02,16,D02_BOX007
of credit,2,10,9,credit,"contains domain term 'credit'; 'of credit' is a noun phrase / collocation, not a function-word pair",0.5,"see D03_BOX009 (D03, page 27) - contains 'of credit'",D03,27,D03_BOX009
of policy,2,10,10,policy,"contains domain term 'policy'; 'of policy' is a noun phrase / collocation, not a function-word pair",0.5,"see D01_P031_SEC_1_46_PAR001 (D01, page 31) - contains 'of policy'",D01,31,D01_P031_SEC_1_46_PAR001
policy reforms,2,10,10,policy,"contains domain term 'policy'; 'policy reforms' is a noun phrase / collocation, not a function-word pair",0,"see D01_P025_SEC_1_30_PAR002 (D01, page 25) - contains 'policy reforms'",D01,25,D01_P025_SEC_1_30_PAR002
portfolio investors,2,10,10,investors,"contains domain term 'investors'; 'portfolio investors' is a noun phrase / collocation, not a function-word pair",0,"see D16_P008_SEC_16_16_PAR001 (D16, page 8) - contains 'portfolio investors'",D16,8,D16_P008_SEC_16_16_PAR001
real gdp,2,10,9,gdp,"contains domain term 'gdp'; 'real gdp' is a noun phrase / collocation, not a function-word pair",0,"see D01_P001_UNKNOWN_PAR003 (D01, page 1) - contains 'real gdp'",D01,1,D01_P001_UNKNOWN_PAR003
regulatory actions,2,10,6,regulatory,"contains domain term 'regulatory'; 'regulatory actions' is a noun phrase / collocation, not a function-word pair",0,"see D27_P002_SEC_9_1_4_PAR002 (D27, page 2) - contains 'regulatory actions'",D27,2,D27_P002_SEC_9_1_4_PAR002
retail investors,2,10,9,investors,"contains domain term 'investors'; 'retail investors' is a noun phrase / collocation, not a function-word pair",0,"see D03_P052_SEC_3_92_PAR001 (D03, page 52) - contains 'retail investors'",D03,52,D03_P052_SEC_3_92_PAR001
"revenue ,",2,10,8,revenue,"contains domain term 'revenue'; 'revenue ,' is a noun phrase / collocation, not a function-word pair",0,"see D02_P004_SEC_2_6_PAR001 (D02, page 4) - contains 'revenue ,'",D02,4,D02_P004_SEC_2_6_PAR001
sebi investor,2,10,10,investor,"contains domain term 'investor'; 'sebi investor' is a noun phrase / collocation, not a function-word pair",0,"see D26_P003_SEC_8_1_3_PAR012 (D26, page 3) - contains 'sebi investor'",D26,3,D26_P003_SEC_8_1_3_PAR012
sector in,2,10,10,sector,"contains domain term 'sector'; 'sector in' is a noun phrase / collocation, not a function-word pair",0.5,"see D01_P026_SEC_1_33_PAR002 (D01, page 26) - contains 'sector in'",D01,26,D01_P026_SEC_1_33_PAR002
sector participation,2,10,10,sector,"contains domain term 'sector'; 'sector participation' is a noun phrase / collocation, not a function-word pair",0,"see D06_P009_SEC_6_15_PAR001 (D06, page 9) - contains 'sector participation'",D06,9,D06_P009_SEC_6_15_PAR001
tax and,2,10,10,tax,"contains domain term 'tax'; 'tax and' is a noun phrase / collocation, not a function-word pair",0.5,"see D01_P025_SEC_1_30_PAR002 (D01, page 25) - contains 'tax and'",D01,25,D01_P025_SEC_1_30_PAR002
tax collections,2,10,7,tax,"contains domain term 'tax'; 'tax collections' is a noun phrase / collocation, not a function-word pair",0,"see D01_P024_SEC_1_30_PAR001 (D01, page 24) - contains 'tax collections'",D01,24,D01_P024_SEC_1_30_PAR001
the budget,2,10,8,budget,"contains domain term 'budget'; 'the budget' is a noun phrase / collocation, not a function-word pair",0.5,"see D01_P025_SEC_1_31_PAR001 (D01, page 25) - contains 'the budget'",D01,25,D01_P025_SEC_1_31_PAR001
the currency,2,10,10,currency,"contains domain term 'currency'; 'the currency' is a noun phrase / collocation, not a function-word pair",0.5,"see D03_P010_SEC_3_12_PAR001 (D03, page 10) - contains 'the currency'",D03,10,D03_P010_SEC_3_12_PAR001
the debt,2,10,10,debt,"contains domain term 'debt'; 'the debt' is a noun phrase / collocation, not a function-word pair",0.5,"see D03_P044_SEC_3_77_PAR001 (D03, page 44) - contains 'the debt'",D03,44,D03_P044_SEC_3_77_PAR001
the demand,2,10,10,demand,"contains domain term 'demand'; 'the demand' is a noun phrase / collocation, not a function-word pair",0.5,"see D01_P008_SEC_1_7_PAR001 (D01, page 8) - contains 'the demand'",D01,8,D01_P008_SEC_1_7_PAR001
the energy,2,10,9,energy,"contains domain term 'energy'; 'the energy' is a noun phrase / collocation, not a function-word pair",0.5,"see D09_P027_SEC_4_PAR004 (D09, page 27) - contains 'the energy'",D09,27,D09_P027_SEC_4_PAR004
the gdp,2,10,10,gdp,"contains domain term 'gdp'; 'the gdp' is a noun phrase / collocation, not a function-word pair",0.5,"see D04_P006_SEC_4_13_PAR002 (D04, page 6) - contains 'the gdp'",D04,6,D04_P006_SEC_4_13_PAR002
these sectors,2,10,10,sectors,"contains domain term 'sectors'; 'these sectors' is a noun phrase / collocation, not a function-word pair",0.5,"see D02_P011_UNKNOWN_PAR001 (D02, page 11) - contains 'these sectors'",D02,11,D02_P011_UNKNOWN_PAR001
"wages ,",2,10,10,wages,"contains domain term 'wages'; 'wages ,' is a noun phrase / collocation, not a function-word pair",0,"see D01_P029_SEC_1_40_PAR001 (D01, page 29) - contains 'wages ,'",D01,29,D01_P029_SEC_1_40_PAR001
foreign venture capital investors,4,9,9,capital;foreign;investors,"contains domain term 'capital'; contains domain term 'foreign'; contains domain term 'investors'; 'foreign venture capital investors' is a fixed multi-word expression, not a grammatical template",0,"see D24_P001_UNKNOWN_PAR001 (D24, page 1) - contains 'foreign venture capital investors'",D24,1,D24_P001_UNKNOWN_PAR001
the official language policy,4,9,8,policy,"contains domain term 'policy'; 'the official language policy' is a fixed multi-word expression, not a grammatical template",0.25,"see D31_P010_SEC_13_4_7_PAR001 (D31, page 10) - contains 'the official language policy'",D31,10,D31_P010_SEC_13_4_7_PAR001
"the securities market ,",4,9,9,market;securities,"contains domain term 'market'; contains domain term 'securities'; 'the securities market ,' is a fixed multi-word expression, not a grammatical template",0.25,"see D03_P038_UNKNOWN_PAR004 (D03, page 38) - contains 'the securities market ,'",D03,38,D03_P038_UNKNOWN_PAR004
to the commercial sector,4,9,6,sector,"contains domain term 'sector'; 'to the commercial sector' is a fixed multi-word expression, not a grammatical template",0.5,"see D03_P010_SEC_3_13_PAR001 (D03, page 10) - contains 'to the commercial sector'",D03,10,D03_P010_SEC_3_13_PAR001
", and regulatory",3,9,9,regulatory,"contains domain term 'regulatory'; ', and regulatory' is a fixed multi-word expression, not a grammatical template",0.333,"see D03_P046_SEC_3_84_PAR001 (D03, page 46) - contains ', and regulatory'",D03,46,D03_P046_SEC_3_84_PAR001
and investor protection,3,9,9,investor,"contains domain term 'investor'; 'and investor protection' is a fixed multi-word expression, not a grammatical template",0.333,"see D03_BOX017 (D03, page 42) - contains 'and investor protection'",D03,42,D03_BOX017
annual growth rate,3,9,9,growth;rate,"contains domain term 'growth'; contains domain term 'rate'; 'annual growth rate' is a fixed multi-word expression, not a grammatical template",0,"see D03_P016_SEC_3_28_PAR001 (D03, page 16) - contains 'annual growth rate'",D03,16,D03_P016_SEC_3_28_PAR001
banks and nbfcs,3,9,9,banks,"contains domain term 'banks'; 'banks and nbfcs' is a fixed multi-word expression, not a grammatical template",0.333,"see D03_P063_UNKNOWN_PAR004 (D03, page 63) - contains 'banks and nbfcs'",D03,63,D03_P063_UNKNOWN_PAR004
capital formation .,3,9,9,capital,"contains domain term 'capital'; 'capital formation .' is a fixed multi-word expression, not a grammatical template",0,"see D01_P009_SEC_1_8_PAR002 (D01, page 9) - contains 'capital formation .'",D01,9,D01_P009_SEC_1_8_PAR002
foreign direct investment,3,9,9,foreign;investment,"contains domain term 'foreign'; contains domain term 'investment'; 'foreign direct investment' is a fixed multi-word expression, not a grammatical template",0,"see D01_P004_SEC_1_5_PAR001 (D01, page 4) - contains 'foreign direct investment'",D01,4,D01_P004_SEC_1_5_PAR001
foreign portfolio investors,3,9,9,foreign;investors,"contains domain term 'foreign'; contains domain term 'investors'; 'foreign portfolio investors' is a fixed multi-word expression, not a grammatical template",0,"see D24_P001_SEC_6_1_PAR002 (D24, page 1) - contains 'foreign portfolio investors'",D24,1,D24_P001_SEC_6_1_PAR002
growth rate (,3,9,9,growth;rate,"contains domain term 'growth'; contains domain term 'rate'; 'growth rate (' is a fixed multi-word expression, not a grammatical template",0,"see D03_P016_SEC_3_28_PAR001 (D03, page 16) - contains 'growth rate ('",D03,16,D03_P016_SEC_3_28_PAR001
in the sector,3,9,7,sector,"contains domain term 'sector'; 'in the sector' is a fixed multi-word expression, not a grammatical template",0.667,"see D03_P023_SEC_3_45_PAR001 (D03, page 23) - contains 'in the sector'",D03,23,D03_P023_SEC_3_45_PAR001
india 's growth,3,9,9,growth,"contains domain term 'growth'; 'india 's growth' is a fixed multi-word expression, not a grammatical template",0,"see D04_P030_SEC_4_66_PAR001 (D04, page 30) - contains 'india 's growth'",D04,30,D04_P030_SEC_4_66_PAR001
"investment , and",3,9,9,investment,"contains domain term 'investment'; 'investment , and' is a fixed multi-word expression, not a grammatical template",0.333,"see D01_P006_SEC_1_6_PAR006 (D01, page 6) - contains 'investment , and'",D01,6,D01_P006_SEC_1_6_PAR006
investor protection .,3,9,9,investor,"contains domain term 'investor'; 'investor protection .' is a fixed multi-word expression, not a grammatical template",0,"see D03_BOX017 (D03, page 42) - contains 'investor protection .'",D03,42,D03_BOX017
investor protection and,3,9,9,investor,"contains domain term 'investor'; 'investor protection and' is a fixed multi-word expression, not a grammatical template",0.333,"see D03_BOX017 (D03, page 42) - contains 'investor protection and'",D03,42,D03_BOX017
mutual fund industry,3,9,8,industry,"contains domain term 'industry'; 'mutual fund industry' is a fixed multi-word expression, not a grammatical template",0,"see D03_P039_SEC_3_73_PAR001 (D03, page 39) - contains 'mutual fund industry'",D03,39,D03_P039_SEC_3_73_PAR001
nominal gdp growth,3,9,9,gdp;growth,"contains domain term 'gdp'; contains domain term 'growth'; 'nominal gdp growth' is a fixed multi-word expression, not a grammatical template",0,"see D02_P006_SEC_2_9_PAR001 (D02, page 6) - contains 'nominal gdp growth'",D02,6,D02_P006_SEC_2_9_PAR001
of the fiscal,3,9,8,fiscal,"contains domain term 'fiscal'; 'of the fiscal' is a fixed multi-word expression, not a grammatical template",0.667,"see D02_P002_SEC_2_2_PAR001 (D02, page 2) - contains 'of the fiscal'",D02,2,D02_P002_SEC_2_2_PAR001
of the investor,3,9,9,investor,"contains domain term 'investor'; 'of the investor' is a fixed multi-word expression, not a grammatical template",0.667,"see D23_P001_SEC_5_1_PAR001 (D23, page 1) - contains 'of the investor'",D23,1,D23_P001_SEC_5_1_PAR001
of the securities,3,9,9,securities,"contains domain term 'securities'; 'of the securities' is a fixed multi-word expression, not a grammatical template",0.667,"see D03_BOX017 (D03, page 42) - contains 'of the securities'",D03,42,D03_BOX017
official language policy,3,9,8,policy,"contains domain term 'policy'; 'official language policy' is a fixed multi-word expression, not a grammatical template",0,"see D31_P010_SEC_13_4_7_PAR001 (D31, page 10) - contains 'official language policy'",D31,10,D31_P010_SEC_13_4_7_PAR001
on account of,3,9,9,account,"contains domain term 'account'; 'on account of' is a fixed multi-word expression, not a grammatical template",0.667,"see D01_P004_SEC_1_5_PAR001 (D01, page 4) - contains 'on account of'",D01,4,D01_P004_SEC_1_5_PAR001
public capital expenditure,3,9,9,capital;expenditure,"contains domain term 'capital'; contains domain term 'expenditure'; 'public capital expenditure' is a fixed multi-word expression, not a grammatical template",0,"see D01_P012_SEC_1_12_PAR001 (D01, page 12) - contains 'public capital expenditure'",D01,12,D01_P012_SEC_1_12_PAR001
regulatory framework for,3,9,7,regulatory,"contains domain term 'regulatory'; 'regulatory framework for' is a fixed multi-word expression, not a grammatical template",0.333,"see D03_P053_SEC_3_96_PAR001 (D03, page 53) - contains 'regulatory framework for'",D03,53,D03_P053_SEC_3_96_PAR001
"sector , the",3,9,9,sector,"contains domain term 'sector'; 'sector , the' is a fixed multi-word expression, not a grammatical template",0.333,"see D03_P002_SEC_3_3_PAR001 (D03, page 2) - contains 'sector , the'",D03,2,D03_P002_SEC_3_3_PAR001
the banking sector,3,9,9,banking;sector,"contains domain term 'banking'; contains domain term 'sector'; 'the banking sector' is a fixed multi-word expression, not a grammatical template",0.333,"see D01_P026_SEC_1_33_PAR001 (D01, page 26) - contains 'the banking sector'",D01,26,D01_P026_SEC_1_33_PAR001
the commercial sector,3,9,6,sector,"contains domain term 'sector'; 'the commercial sector' is a fixed multi-word expression, not a grammatical template",0.333,"see D03_P010_SEC_3_13_PAR001 (D03, page 10) - contains 'the commercial sector'",D03,10,D03_P010_SEC_3_13_PAR001
the growth of,3,9,9,growth,"contains domain term 'growth'; 'the growth of' is a fixed multi-word expression, not a grammatical template",0.667,"see D01_P016_SEC_1_20_PAR001 (D01, page 16) - contains 'the growth of'",D01,16,D01_P016_SEC_1_20_PAR001
the sector .,3,9,9,sector,"contains domain term 'sector'; 'the sector .' is a fixed multi-word expression, not a grammatical template",0.333,"see D03_P016_SEC_3_27_PAR001 (D03, page 16) - contains 'the sector .'",D03,16,D03_P016_SEC_3_27_PAR001
's export,2,9,7,export,"contains domain term 'export'; ''s export' is a noun phrase / collocation, not a function-word pair",0,"see D04_P002_SEC_4_5_PAR001 (D04, page 2) - contains ''s export'",D04,2,D04_P002_SEC_4_5_PAR001
( regulation,2,9,9,regulation,"contains domain term 'regulation'; '( regulation' is a noun phrase / collocation, not a function-word pair",0,"see D03_BOX013 (D03, page 36) - contains '( regulation'",D03,36,D03_BOX013
", exports",2,9,9,exports,"contains domain term 'exports'; ', exports' is a noun phrase / collocation, not a function-word pair",0,"see D01_P013_SEC_1_14_PAR001 (D01, page 13) - contains ', exports'",D01,13,D01_P013_SEC_1_14_PAR001
", inflation",2,9,8,inflation,"contains domain term 'inflation'; ', inflation' is a noun phrase / collocation, not a function-word pair",0,"see D01_P002_SEC_1_1_PAR001 (D01, page 2) - contains ', inflation'",D01,2,D01_P002_SEC_1_1_PAR001
. financial,2,9,9,financial,"contains domain term 'financial'; '. financial' is a noun phrase / collocation, not a function-word pair",0,"see D03_P035_SEC_3_66_PAR001 (D03, page 35) - contains '. financial'",D03,35,D03_P035_SEC_3_66_PAR001
. growth,2,9,8,growth,"contains domain term 'growth'; '. growth' is a noun phrase / collocation, not a function-word pair",0,"see D01_P002_SEC_1_1_PAR001 (D01, page 2) - contains '. growth'",D01,2,D01_P002_SEC_1_1_PAR001
. inflation,2,9,9,inflation,"contains domain term 'inflation'; '. inflation' is a noun phrase / collocation, not a function-word pair",0,"see D01_P001_UNKNOWN_PAR005 (D01, page 1) - contains '. inflation'",D01,1,D01_P001_UNKNOWN_PAR005
a balance,2,9,9,balance,"contains domain term 'balance'; 'a balance' is a noun phrase / collocation, not a function-word pair",0.5,"see D01_P001_UNKNOWN_PAR005 (D01, page 1) - contains 'a balance'",D01,1,D01_P001_UNKNOWN_PAR005
allied sectors,2,9,8,sectors,"contains domain term 'sectors'; 'allied sectors' is a noun phrase / collocation, not a function-word pair",0,"see D01_P015_SEC_1_17_PAR002 (D01, page 15) - contains 'allied sectors'",D01,15,D01_P015_SEC_1_17_PAR002
and equity,2,9,9,equity,"contains domain term 'equity'; 'and equity' is a noun phrase / collocation, not a function-word pair",0.5,"see D02_P013_SEC_2_21_PAR001 (D02, page 13) - contains 'and equity'",D02,13,D02_P013_SEC_2_21_PAR001
assets and,2,9,9,assets,"contains domain term 'assets'; 'assets and' is a noun phrase / collocation, not a function-word pair",0.5,"see D02_P022_SEC_2_33_PAR001 (D02, page 22) - contains 'assets and'",D02,22,D02_P022_SEC_2_33_PAR001
assets under,2,9,8,assets,"contains domain term 'assets'; 'assets under' is a noun phrase / collocation, not a function-word pair",0.5,"see D03_P055_SEC_3_99_PAR003 (D03, page 55) - contains 'assets under'",D03,55,D03_P055_SEC_3_99_PAR003
bond yields,2,9,8,bond;yields,"contains domain term 'bond'; contains domain term 'yields'; 'bond yields' is a noun phrase / collocation, not a function-word pair",0,"see D01_P004_SEC_1_3_PAR001 (D01, page 4) - contains 'bond yields'",D01,4,D01_P004_SEC_1_3_PAR001
capital allocation,2,9,9,capital,"contains domain term 'capital'; 'capital allocation' is a noun phrase / collocation, not a function-word pair",0,"see D03_P049_SEC_3_85_PAR004 (D03, page 49) - contains 'capital allocation'",D03,49,D03_P049_SEC_3_85_PAR004
capital outlay,2,9,8,capital,"contains domain term 'capital'; 'capital outlay' is a noun phrase / collocation, not a function-word pair",0,"see D02_BOX011 (D02, page 22) - contains 'capital outlay'",D02,22,D02_BOX011
capital to,2,9,8,capital,"contains domain term 'capital'; 'capital to' is a noun phrase / collocation, not a function-word pair",0.5,"see D01_P033_SEC_3_PAR002 (D01, page 33) - contains 'capital to'",D01,33,D01_P033_SEC_3_PAR002
central taxes,2,9,8,taxes,"contains domain term 'taxes'; 'central taxes' is a noun phrase / collocation, not a function-word pair",0,"see D02_P021_SEC_2_33_PAR001 (D02, page 21) - contains 'central taxes'",D02,21,D02_P021_SEC_2_33_PAR001
current year,2,9,9,current,"contains domain term 'current'; 'current year' is a noun phrase / collocation, not a function-word pair",0,"see D05_P003_SEC_5_3_PAR001 (D05, page 3) - contains 'current year'",D05,3,D05_P003_SEC_5_3_PAR001
demand is,2,9,7,demand,"contains domain term 'demand'; 'demand is' is a noun phrase / collocation, not a function-word pair",0.5,"see D01_P010_SEC_1_9_PAR001 (D01, page 10) - contains 'demand is'",D01,10,D01_P010_SEC_1_9_PAR001
domestic savings,2,9,8,savings,"contains domain term 'savings'; 'domestic savings' is a noun phrase / collocation, not a function-word pair",0,"see D03_P001_UNKNOWN_PAR003 (D03, page 1) - contains 'domestic savings'",D03,1,D03_P001_UNKNOWN_PAR003
edible oil,2,9,6,oil,"contains domain term 'oil'; 'edible oil' is a noun phrase / collocation, not a function-word pair",0,"see D05_P001_UNKNOWN_PAR003 (D05, page 1) - contains 'edible oil'",D05,1,D05_P001_UNKNOWN_PAR003
employment generation,2,9,9,employment,"contains domain term 'employment'; 'employment generation' is a noun phrase / collocation, not a function-word pair",0,"see D02_BOX011 (D02, page 22) - contains 'employment generation'",D02,22,D02_BOX011
employment opportunities,2,9,9,employment,"contains domain term 'employment'; 'employment opportunities' is a noun phrase / collocation, not a function-word pair",0,"see D02_P029_UNKNOWN_PAR004 (D02, page 29) - contains 'employment opportunities'",D02,29,D02_P029_UNKNOWN_PAR004
energy efficiency,2,9,9,energy,"contains domain term 'energy'; 'energy efficiency' is a noun phrase / collocation, not a function-word pair",0,"see D10_P005_SEC_10_15_PAR001 (D10, page 5) - contains 'energy efficiency'",D10,5,D10_P005_SEC_10_15_PAR001
energy prices,2,9,9,energy,"contains domain term 'energy'; 'energy prices' is a noun phrase / collocation, not a function-word pair",0,"see D05_P005_SEC_5_7_PAR001 (D05, page 5) - contains 'energy prices'",D05,5,D05_P005_SEC_5_7_PAR001
evolving market,2,9,9,market,"contains domain term 'market'; 'evolving market' is a noun phrase / collocation, not a function-word pair",0,"see D03_P063_UNKNOWN_PAR002 (D03, page 63) - contains 'evolving market'",D03,63,D03_P063_UNKNOWN_PAR002
export markets,2,9,9,export;markets,"contains domain term 'export'; contains domain term 'markets'; 'export markets' is a noun phrase / collocation, not a function-word pair",0,"see D01_P014_SEC_1_15_PAR001 (D01, page 14) - contains 'export markets'",D01,14,D01_P014_SEC_1_15_PAR001
exports are,2,9,8,exports,"contains domain term 'exports'; 'exports are' is a noun phrase / collocation, not a function-word pair",0.5,"see D04_P007_SEC_4_15_PAR001 (D04, page 7) - contains 'exports are'",D04,7,D04_P007_SEC_4_15_PAR001
exports has,2,9,7,exports,"contains domain term 'exports'; 'exports has' is a noun phrase / collocation, not a function-word pair",0.5,"see D04_P008_SEC_4_18_PAR001 (D04, page 8) - contains 'exports has'",D04,8,D04_P008_SEC_4_18_PAR001
financial and,2,9,9,financial,"contains domain term 'financial'; 'financial and' is a noun phrase / collocation, not a function-word pair",0.5,"see D01_P009_SEC_1_8_PAR002 (D01, page 9) - contains 'financial and'",D01,9,D01_P009_SEC_1_8_PAR002
financial assets,2,9,8,assets;financial,"contains domain term 'assets'; contains domain term 'financial'; 'financial assets' is a noun phrase / collocation, not a function-word pair",0,"see D03_P039_SEC_3_72_PAR002 (D03, page 39) - contains 'financial assets'",D03,39,D03_P039_SEC_3_72_PAR002
for regulatory,2,9,9,regulatory,"contains domain term 'regulatory'; 'for regulatory' is a noun phrase / collocation, not a function-word pair",0.5,"see D01_P031_SEC_1_46_PAR002 (D01, page 31) - contains 'for regulatory'",D01,31,D01_P031_SEC_1_46_PAR002
foreign direct,2,9,9,foreign,"contains domain term 'foreign'; 'foreign direct' is a noun phrase / collocation, not a function-word pair",0,"see D01_P004_SEC_1_5_PAR001 (D01, page 4) - contains 'foreign direct'",D01,4,D01_P004_SEC_1_5_PAR001
fpi outflows,2,9,9,fpi,"contains domain term 'fpi'; 'fpi outflows' is a noun phrase / collocation, not a function-word pair",0,"see D03_P050_SEC_3_87_PAR001 (D03, page 50) - contains 'fpi outflows'",D03,50,D03_P050_SEC_3_87_PAR001
fund industry,2,9,8,industry,"contains domain term 'industry'; 'fund industry' is a noun phrase / collocation, not a function-word pair",0,"see D03_P039_SEC_3_73_PAR001 (D03, page 39) - contains 'fund industry'",D03,39,D03_P039_SEC_3_73_PAR001
growth rates,2,9,9,growth;rates,"contains domain term 'growth'; contains domain term 'rates'; 'growth rates' is a noun phrase / collocation, not a function-word pair",0,"see D01_P003_SEC_1_2_PAR002 (D01, page 3) - contains 'growth rates'",D01,3,D01_P003_SEC_1_2_PAR002
household financial,2,9,9,financial,"contains domain term 'financial'; 'household financial' is a noun phrase / collocation, not a function-word pair",0,"see D03_BOX015 (D03, page 39) - contains 'household financial'",D03,39,D03_BOX015
household savings,2,9,9,savings,"contains domain term 'savings'; 'household savings' is a noun phrase / collocation, not a function-word pair",0,"see D03_P001_UNKNOWN_PAR003 (D03, page 1) - contains 'household savings'",D03,1,D03_P001_UNKNOWN_PAR003
in credit,2,9,9,credit,"contains domain term 'credit'; 'in credit' is a noun phrase / collocation, not a function-word pair",0.5,"see D03_P003_SEC_3_6_PAR001 (D03, page 3) - contains 'in credit'",D03,3,D03_P003_SEC_3_6_PAR001
in debt,2,9,8,debt,"contains domain term 'debt'; 'in debt' is a noun phrase / collocation, not a function-word pair",0.5,"see D03_P041_SEC_3_73_PAR002 (D03, page 41) - contains 'in debt'",D03,41,D03_P041_SEC_3_73_PAR002
in foreign,2,9,9,foreign,"contains domain term 'foreign'; 'in foreign' is a noun phrase / collocation, not a function-word pair",0.5,"see D01_P028_SEC_1_36_PAR001 (D01, page 28) - contains 'in foreign'",D01,28,D01_P028_SEC_1_36_PAR001
indian equities,2,9,7,equities,"contains domain term 'equities'; 'indian equities' is a noun phrase / collocation, not a function-word pair",0,"see D03_P040_SEC_3_73_PAR004 (D03, page 40) - contains 'indian equities'",D03,40,D03_P040_SEC_3_73_PAR004
indian rupee,2,9,8,rupee,"contains domain term 'rupee'; 'indian rupee' is a noun phrase / collocation, not a function-word pair",0,"see D01_P028_SEC_1_37_PAR001 (D01, page 28) - contains 'indian rupee'",D01,28,D01_P028_SEC_1_37_PAR001
individual investors,2,9,8,investors,"contains domain term 'investors'; 'individual investors' is a noun phrase / collocation, not a function-word pair",0,"see D03_P039_SEC_3_73_PAR002 (D03, page 39) - contains 'individual investors'",D03,39,D03_P039_SEC_3_73_PAR002
investment (,2,9,9,investment,"contains domain term 'investment'; 'investment (' is a noun phrase / collocation, not a function-word pair",0,"see D01_P004_SEC_1_5_PAR001 (D01, page 4) - contains 'investment ('",D01,4,D01_P004_SEC_1_5_PAR001
investment by,2,9,8,investment,"contains domain term 'investment'; 'investment by' is a noun phrase / collocation, not a function-word pair",0.5,"see D04_P041_SEC_4_81_PAR004 (D04, page 41) - contains 'investment by'",D04,41,D04_P041_SEC_4_81_PAR004
key policy,2,9,9,policy,"contains domain term 'policy'; 'key policy' is a noun phrase / collocation, not a function-word pair",0,"see D04_P039_SEC_4_81_PAR002 (D04, page 39) - contains 'key policy'",D04,39,D04_P039_SEC_4_81_PAR002
language policy,2,9,8,policy,"contains domain term 'policy'; 'language policy' is a noun phrase / collocation, not a function-word pair",0,"see D31_P010_SEC_13_4_7_PAR001 (D31, page 10) - contains 'language policy'",D31,10,D31_P010_SEC_13_4_7_PAR001
"lending ,",2,9,9,lending,"contains domain term 'lending'; 'lending ,' is a noun phrase / collocation, not a function-word pair",0,"see D03_P001_UNKNOWN_PAR004 (D03, page 1) - contains 'lending ,'",D03,1,D03_P001_UNKNOWN_PAR004
"losses ,",2,9,9,losses,"contains domain term 'losses'; 'losses ,' is a noun phrase / collocation, not a function-word pair",0,"see D02_BOX005 (D02, page 15) - contains 'losses ,'",D02,15,D02_BOX005
market development,2,9,9,market,"contains domain term 'market'; 'market development' is a noun phrase / collocation, not a function-word pair",0,"see D03_P042_SEC_3_74_PAR001 (D03, page 42) - contains 'market development'",D03,42,D03_P042_SEC_3_74_PAR001
market participation,2,9,9,market,"contains domain term 'market'; 'market participation' is a noun phrase / collocation, not a function-word pair",0,"see D03_P052_SEC_3_92_PAR001 (D03, page 52) - contains 'market participation'",D03,52,D03_P052_SEC_3_92_PAR001
market volatility,2,9,9,market,"contains domain term 'market'; 'market volatility' is a noun phrase / collocation, not a function-word pair",0,"see D03_P003_SEC_3_5_PAR001 (D03, page 3) - contains 'market volatility'",D03,3,D03_P003_SEC_3_5_PAR001
municipal bonds,2,9,7,bonds,"contains domain term 'bonds'; 'municipal bonds' is a noun phrase / collocation, not a function-word pair",0,"see D03_P043_SEC_3_74_PAR003 (D03, page 43) - contains 'municipal bonds'",D03,43,D03_P043_SEC_3_74_PAR003
of fpi,2,9,9,fpi,"contains domain term 'fpi'; 'of fpi' is a noun phrase / collocation, not a function-word pair",0.5,"see D03_P051_SEC_3_88_PAR001 (D03, page 51) - contains 'of fpi'",D03,51,D03_P051_SEC_3_88_PAR001
on account,2,9,9,account,"contains domain term 'account'; 'on account' is a noun phrase / collocation, not a function-word pair",0.5,"see D01_P004_SEC_1_5_PAR001 (D01, page 4) - contains 'on account'",D01,4,D01_P004_SEC_1_5_PAR001
policy (,2,9,8,policy,"contains domain term 'policy'; 'policy (' is a noun phrase / collocation, not a function-word pair",0,"see D07_P031_SEC_7_54_PAR001 (D07, page 31) - contains 'policy ('",D07,31,D07_P031_SEC_7_54_PAR001
power sector,2,9,9,sector,"contains domain term 'sector'; 'power sector' is a noun phrase / collocation, not a function-word pair",0,"see D02_P015_SEC_2_26_PAR002 (D02, page 15) - contains 'power sector'",D02,15,D02_P015_SEC_2_26_PAR002
regulation ),2,9,9,regulation,"contains domain term 'regulation'; 'regulation )' is a noun phrase / collocation, not a function-word pair",0,"see D03_BOX013 (D03, page 36) - contains 'regulation )'",D03,36,D03_BOX013
regulatory reforms,2,9,9,regulatory,"contains domain term 'regulatory'; 'regulatory reforms' is a noun phrase / collocation, not a function-word pair",0,"see D01_P028_SEC_1_39_PAR001 (D01, page 28) - contains 'regulatory reforms'",D01,28,D01_P028_SEC_1_39_PAR001
"savings ,",2,9,8,savings,"contains domain term 'savings'; 'savings ,' is a noun phrase / collocation, not a function-word pair",0,"see D03_P012_SEC_3_19_PAR001 (D03, page 12) - contains 'savings ,'",D03,12,D03_P012_SEC_3_19_PAR001
sector (,2,9,7,sector,"contains domain term 'sector'; 'sector (' is a noun phrase / collocation, not a function-word pair",0,"see D02_P017_UNKNOWN_PAR002 (D02, page 17) - contains 'sector ('",D02,17,D02_P017_UNKNOWN_PAR002
sectors and,2,9,9,sectors,"contains domain term 'sectors'; 'sectors and' is a noun phrase / collocation, not a function-word pair",0.5,"see D01_P007_SEC_1_6_PAR005 (D01, page 7) - contains 'sectors and'",D01,7,D01_P007_SEC_1_6_PAR005
weaker currency,2,9,5,currency,"contains domain term 'currency'; 'weaker currency' is a noun phrase / collocation, not a function-word pair",0,"see D03_P049_SEC_3_85_PAR003 (D03, page 49) - contains 'weaker currency'",D03,49,D03_P049_SEC_3_85_PAR003
", productivity , and",4,8,8,productivity,"contains domain term 'productivity'; ', productivity , and' is a fixed multi-word expression, not a grammatical template",0.25,"see D06_P002_SEC_6_3_PAR001 (D06, page 2) - contains ', productivity , and'",D06,2,D06_P002_SEC_6_3_PAR001
annual growth rate (,4,8,8,growth;rate,"contains domain term 'growth'; contains domain term 'rate'; 'annual growth rate (' is a fixed multi-word expression, not a grammatical template",0,"see D03_P016_SEC_3_28_PAR001 (D03, page 16) - contains 'annual growth rate ('",D03,16,D03_P016_SEC_3_28_PAR001
budget 2026-27 analysis prs,4,8,8,budget,"contains domain term 'budget'; 'budget 2026-27 analysis prs' is a fixed multi-word expression, not a grammatical template",0,"see D19_P002_UNKNOWN_PAR001 (D19, page 2) - contains 'budget 2026-27 analysis prs'",D19,2,D19_P002_UNKNOWN_PAR001
in the labour market,4,8,7,market,"contains domain term 'market'; 'in the labour market' is a fixed multi-word expression, not a grammatical template",0.5,"see D01_P028_SEC_1_39_PAR001 (D01, page 28) - contains 'in the labour market'",D01,28,D01_P028_SEC_1_39_PAR001
of gdp in fy25,4,8,8,gdp,"contains domain term 'gdp'; 'of gdp in fy25' is a fixed multi-word expression, not a grammatical template",0.5,"see D02_P001_UNKNOWN_PAR004 (D02, page 1) - contains 'of gdp in fy25'",D02,1,D02_P001_UNKNOWN_PAR004
of the investor interests,4,8,8,investor,"contains domain term 'investor'; 'of the investor interests' is a fixed multi-word expression, not a grammatical template",0.5,"see D26_P001_UNKNOWN_PAR001 (D26, page 1) - contains 'of the investor interests'",D26,1,D26_P001_UNKNOWN_PAR001
protection of the investor,4,8,8,investor,"contains domain term 'investor'; 'protection of the investor' is a fixed multi-word expression, not a grammatical template",0.5,"see D26_P001_UNKNOWN_PAR001 (D26, page 1) - contains 'protection of the investor'",D26,1,D26_P001_UNKNOWN_PAR001
real estate investment trusts,4,8,8,investment,"contains domain term 'investment'; 'real estate investment trusts' is a fixed multi-word expression, not a grammatical template",0,"see D03_P045_SEC_3_82_PAR001 (D03, page 45) - contains 'real estate investment trusts'",D03,45,D03_P045_SEC_3_82_PAR001
the cost of capital,4,8,7,capital,"contains domain term 'capital'; 'the cost of capital' is a fixed multi-word expression, not a grammatical template",0.5,"see D03_P046_SEC_3_84_PAR001 (D03, page 46) - contains 'the cost of capital'",D03,46,D03_P046_SEC_3_84_PAR001
union budget 2026-27 analysis,4,8,8,budget,"contains domain term 'budget'; 'union budget 2026-27 analysis' is a fixed multi-word expression, not a grammatical template",0,"see D19_P002_UNKNOWN_PAR001 (D19, page 2) - contains 'union budget 2026-27 analysis'",D19,2,D19_P002_UNKNOWN_PAR001
( regulation ),3,8,8,regulation,"contains domain term 'regulation'; '( regulation )' is a fixed multi-word expression, not a grammatical template",0,"see D03_BOX013 (D03, page 36) - contains '( regulation )'",D03,36,D03_BOX013
", and export",3,8,8,export,"contains domain term 'export'; ', and export' is a fixed multi-word expression, not a grammatical template",0.333,"see D04_P057_UNKNOWN_PAR001 (D04, page 57) - contains ', and export'",D04,57,D04_P057_UNKNOWN_PAR001
", investment ,",3,8,8,investment,"contains domain term 'investment'; ', investment ,' is a fixed multi-word expression, not a grammatical template",0,"see D01_P006_SEC_1_6_PAR006 (D01, page 6) - contains ', investment ,'",D01,6,D01_P006_SEC_1_6_PAR006
. the sector,3,8,8,sector,"contains domain term 'sector'; '. the sector' is a fixed multi-word expression, not a grammatical template",0.333,"see D01_P016_SEC_1_20_PAR001 (D01, page 16) - contains '. the sector'",D01,16,D01_P016_SEC_1_20_PAR001
a balance between,3,8,8,balance,"contains domain term 'balance'; 'a balance between' is a fixed multi-word expression, not a grammatical template",0.667,"see D01_P001_UNKNOWN_PAR005 (D01, page 1) - contains 'a balance between'",D01,1,D01_P001_UNKNOWN_PAR005
a weaker currency,3,8,4,currency,"contains domain term 'currency'; 'a weaker currency' is a fixed multi-word expression, not a grammatical template",0.333,"see D03_P049_SEC_3_85_PAR003 (D03, page 49) - contains 'a weaker currency'",D03,49,D03_P049_SEC_3_85_PAR003
alternative investment funds,3,8,8,investment,"contains domain term 'investment'; 'alternative investment funds' is a fixed multi-word expression, not a grammatical template",0,"see D09_P009_SEC_9_17_PAR004 (D09, page 9) - contains 'alternative investment funds'",D09,9,D09_P009_SEC_9_17_PAR004
budget 2026-27 analysis,3,8,8,budget,"contains domain term 'budget'; 'budget 2026-27 analysis' is a fixed multi-word expression, not a grammatical template",0,"see D19_P002_UNKNOWN_PAR001 (D19, page 2) - contains 'budget 2026-27 analysis'",D19,2,D19_P002_UNKNOWN_PAR001
"capital , and",3,8,8,capital,"contains domain term 'capital'; 'capital , and' is a fixed multi-word expression, not a grammatical template",0.333,"see D02_P038_SEC_2_53_PAR001 (D02, page 38) - contains 'capital , and'",D02,38,D02_P038_SEC_2_53_PAR001
during the current,3,8,8,current,"contains domain term 'current'; 'during the current' is a fixed multi-word expression, not a grammatical template",0.667,"see D02_P006_SEC_2_10_PAR001 (D02, page 6) - contains 'during the current'",D02,6,D02_P006_SEC_2_10_PAR001
estate investment trusts,3,8,8,investment,"contains domain term 'investment'; 'estate investment trusts' is a fixed multi-word expression, not a grammatical template",0,"see D03_P045_SEC_3_82_PAR001 (D03, page 45) - contains 'estate investment trusts'",D03,45,D03_P045_SEC_3_82_PAR001
"financial inclusion ,",3,8,7,financial,"contains domain term 'financial'; 'financial inclusion ,' is a fixed multi-word expression, not a grammatical template",0,"see D01_P034_SEC_3_PAR002 (D01, page 34) - contains 'financial inclusion ,'",D01,34,D01_P034_SEC_3_PAR002
gdp in fy22,3,8,8,gdp,"contains domain term 'gdp'; 'gdp in fy22' is a fixed multi-word expression, not a grammatical template",0.333,"see D02_P001_UNKNOWN_PAR004 (D02, page 1) - contains 'gdp in fy22'",D02,1,D02_P001_UNKNOWN_PAR004
gdp in fy25,3,8,8,gdp,"contains domain term 'gdp'; 'gdp in fy25' is a fixed multi-word expression, not a grammatical template",0.333,"see D02_P001_UNKNOWN_PAR004 (D02, page 1) - contains 'gdp in fy25'",D02,1,D02_P001_UNKNOWN_PAR004
global financial conditions,3,8,7,financial,"contains domain term 'financial'; 'global financial conditions' is a fixed multi-word expression, not a grammatical template",0,"see D04_P001_UNKNOWN_PAR004 (D04, page 1) - contains 'global financial conditions'",D04,1,D04_P001_UNKNOWN_PAR004
global supply chains,3,8,8,supply,"contains domain term 'supply'; 'global supply chains' is a fixed multi-word expression, not a grammatical template",0,"see D04_P050_SEC_4_97_PAR002 (D04, page 50) - contains 'global supply chains'",D04,50,D04_P050_SEC_4_97_PAR002
gross fdi inflows,3,8,7,fdi,"contains domain term 'fdi'; 'gross fdi inflows' is a fixed multi-word expression, not a grammatical template",0,"see D01_P027_SEC_1_35_PAR001 (D01, page 27) - contains 'gross fdi inflows'",D01,27,D01_P027_SEC_1_35_PAR001
merchandise trade deficit,3,8,8,deficit;trade,"contains domain term 'deficit'; contains domain term 'trade'; 'merchandise trade deficit' is a fixed multi-word expression, not a grammatical template",0,"see D01_P027_SEC_1_35_PAR001 (D01, page 27) - contains 'merchandise trade deficit'",D01,27,D01_P027_SEC_1_35_PAR001
of capital and,3,8,8,capital,"contains domain term 'capital'; 'of capital and' is a fixed multi-word expression, not a grammatical template",0.667,"see D01_P032_SEC_1_46_PAR001 (D01, page 32) - contains 'of capital and'",D01,32,D01_P032_SEC_1_46_PAR001
percentage of gdp,3,8,7,gdp,"contains domain term 'gdp'; 'percentage of gdp' is a fixed multi-word expression, not a grammatical template",0.333,"see D02_P012_SEC_2_19_PAR001 (D02, page 12) - contains 'percentage of gdp'",D02,12,D02_P012_SEC_2_19_PAR001
personal income tax,3,8,7,income;tax,"contains domain term 'income'; contains domain term 'tax'; 'personal income tax' is a fixed multi-word expression, not a grammatical template",0,"see D01_P025_SEC_1_30_PAR002 (D01, page 25) - contains 'personal income tax'",D01,25,D01_P025_SEC_1_30_PAR002
remained broadly stable,3,8,8,stable,"contains domain term 'stable'; 'remained broadly stable' is a fixed multi-word expression, not a grammatical template",0,"see D01_P015_SEC_1_19_PAR001 (D01, page 15) - contains 'remained broadly stable'",D01,15,D01_P015_SEC_1_19_PAR001
terms of trade,3,8,8,trade,"contains domain term 'trade'; 'terms of trade' is a fixed multi-word expression, not a grammatical template",0.333,"see D01_P015_SEC_1_19_PAR001 (D01, page 15) - contains 'terms of trade'",D01,15,D01_P015_SEC_1_19_PAR001
the banking system,3,8,8,banking,"contains domain term 'banking'; 'the banking system' is a fixed multi-word expression, not a grammatical template",0.333,"see D01_P026_SEC_1_33_PAR001 (D01, page 26) - contains 'the banking system'",D01,26,D01_P026_SEC_1_33_PAR001
the current year,3,8,8,current,"contains domain term 'current'; 'the current year' is a fixed multi-word expression, not a grammatical template",0.333,"see D05_P003_SEC_5_3_PAR001 (D05, page 3) - contains 'the current year'",D05,3,D05_P003_SEC_5_3_PAR001
the exchange rate,3,8,7,exchange;rate,"contains domain term 'exchange'; contains domain term 'rate'; 'the exchange rate' is a fixed multi-word expression, not a grammatical template",0.333,"see D04_BOX009 (D04, page 47) - contains 'the exchange rate'",D04,47,D04_BOX009
the fiscal deficit,3,8,7,deficit;fiscal,"contains domain term 'deficit'; contains domain term 'fiscal'; 'the fiscal deficit' is a fixed multi-word expression, not a grammatical template",0.333,"see D01_P008_SEC_1_6_PAR002 (D01, page 8) - contains 'the fiscal deficit'",D01,8,D01_P008_SEC_1_6_PAR002
the global financial,3,8,8,financial,"contains domain term 'financial'; 'the global financial' is a fixed multi-word expression, not a grammatical template",0.333,"see D03_P002_SEC_3_3_PAR001 (D03, page 2) - contains 'the global financial'",D03,2,D03_P002_SEC_3_3_PAR001
the indian securities,3,8,8,securities,"contains domain term 'securities'; 'the indian securities' is a fixed multi-word expression, not a grammatical template",0.333,"see D22_P001_UNKNOWN_PAR001 (D22, page 1) - contains 'the indian securities'",D22,1,D22_P001_UNKNOWN_PAR001
the insurance sector,3,8,8,sector,"contains domain term 'sector'; 'the insurance sector' is a fixed multi-word expression, not a grammatical template",0.333,"see D03_BOX021 (D03, page 60) - contains 'the insurance sector'",D03,60,D03_BOX021
the investor interests,3,8,8,investor,"contains domain term 'investor'; 'the investor interests' is a fixed multi-word expression, not a grammatical template",0.333,"see D26_P001_UNKNOWN_PAR001 (D26, page 1) - contains 'the investor interests'",D26,1,D26_P001_UNKNOWN_PAR001
the sector has,3,8,7,sector,"contains domain term 'sector'; 'the sector has' is a fixed multi-word expression, not a grammatical template",0.667,"see D03_BOX007 (D03, page 24) - contains 'the sector has'",D03,24,D03_BOX007
venture capital fund,3,8,8,capital,"contains domain term 'capital'; 'venture capital fund' is a fixed multi-word expression, not a grammatical template",0,"see D09_BOX031 (D09, page 36) - contains 'venture capital fund'",D09,36,D09_BOX031
world bank 's,3,8,8,bank,"contains domain term 'bank'; 'world bank 's' is a fixed multi-word expression, not a grammatical template",0,"see D02_P041_SEC_2_56_PAR002 (D02, page 41) - contains 'world bank 's'",D02,41,D02_P041_SEC_2_56_PAR002
's trade,2,8,8,trade,"contains domain term 'trade'; ''s trade' is a noun phrase / collocation, not a function-word pair",0,"see D04_P002_SEC_4_5_PAR001 (D04, page 2) - contains ''s trade'",D04,2,D04_P002_SEC_4_5_PAR001
) growth,2,8,8,growth,"contains domain term 'growth'; ') growth' is a noun phrase / collocation, not a function-word pair",0,"see D01_T001 (D01, page 2) - contains ') growth'",D01,2,D01_T001
", bank",2,8,8,bank,"contains domain term 'bank'; ', bank' is a noun phrase / collocation, not a function-word pair",0,"see D02_P013_SEC_2_21_PAR001 (D02, page 13) - contains ', bank'",D02,13,D02_P013_SEC_2_21_PAR001
", investor",2,8,8,investor,"contains domain term 'investor'; ', investor' is a noun phrase / collocation, not a function-word pair",0,"see D03_BOX013 (D03, page 36) - contains ', investor'",D03,36,D03_BOX013
a policy,2,8,8,policy,"contains domain term 'policy'; 'a policy' is a noun phrase / collocation, not a function-word pair",0.5,"see D03_P019_SEC_3_37_PAR001 (D03, page 19) - contains 'a policy'",D03,19,D03_P019_SEC_3_37_PAR001
a regulatory,2,8,8,regulatory,"contains domain term 'regulatory'; 'a regulatory' is a noun phrase / collocation, not a function-word pair",0.5,"see D03_P020_SEC_3_40_PAR001 (D03, page 20) - contains 'a regulatory'",D03,20,D03_P020_SEC_3_40_PAR001
accredited investors,2,8,4,investors,"contains domain term 'investors'; 'accredited investors' is a noun phrase / collocation, not a function-word pair",0,"see D23_BOX003 (D23, page 10) - contains 'accredited investors'",D23,10,D23_BOX003
agriculture sector,2,8,8,sector,"contains domain term 'sector'; 'agriculture sector' is a noun phrase / collocation, not a function-word pair",0,"see D03_P013_SEC_3_21_PAR001 (D03, page 13) - contains 'agriculture sector'",D03,13,D03_P013_SEC_3_21_PAR001
bank account,2,8,8,account;bank,"contains domain term 'account'; contains domain term 'bank'; 'bank account' is a noun phrase / collocation, not a function-word pair",0,"see D03_P027_SEC_3_48_PAR001 (D03, page 27) - contains 'bank account'",D03,27,D03_P027_SEC_3_48_PAR001
borrowers .,2,8,7,borrowers,"contains domain term 'borrowers'; 'borrowers .' is a noun phrase / collocation, not a function-word pair",0,"see D03_BOX007 (D03, page 24) - contains 'borrowers .'",D03,24,D03_BOX007
by market,2,8,8,market,"contains domain term 'market'; 'by market' is a noun phrase / collocation, not a function-word pair",0.5,"see D02_P013_SEC_2_23_PAR001 (D02, page 13) - contains 'by market'",D02,13,D02_P013_SEC_2_23_PAR001
capital account,2,8,7,account;capital,"contains domain term 'account'; contains domain term 'capital'; 'capital account' is a noun phrase / collocation, not a function-word pair",0,"see D01_P027_SEC_1_36_PAR001 (D01, page 27) - contains 'capital account'",D01,27,D01_P027_SEC_1_36_PAR001
capital for,2,8,8,capital,"contains domain term 'capital'; 'capital for' is a noun phrase / collocation, not a function-word pair",0.5,"see D03_P042_SEC_3_73_PAR001 (D03, page 42) - contains 'capital for'",D03,42,D03_P042_SEC_3_73_PAR001
capital fund,2,8,8,capital,"contains domain term 'capital'; 'capital fund' is a noun phrase / collocation, not a function-word pair",0,"see D09_BOX031 (D09, page 36) - contains 'capital fund'",D09,36,D09_BOX031
capital is,2,8,8,capital,"contains domain term 'capital'; 'capital is' is a noun phrase / collocation, not a function-word pair",0.5,"see D03_BOX019 (D03, page 46) - contains 'capital is'",D03,46,D03_BOX019
capital stock,2,8,7,capital,"contains domain term 'capital'; 'capital stock' is a noun phrase / collocation, not a function-word pair",0,"see D01_P032_SEC_1_46_PAR001 (D01, page 32) - contains 'capital stock'",D01,32,D01_P032_SEC_1_46_PAR001
cash market,2,8,7,market,"contains domain term 'market'; 'cash market' is a noun phrase / collocation, not a function-word pair",0,"see D22_P001_UNKNOWN_PAR002 (D22, page 1) - contains 'cash market'",D22,1,D22_P001_UNKNOWN_PAR002
corporate debt,2,8,7,debt,"contains domain term 'debt'; 'corporate debt' is a noun phrase / collocation, not a function-word pair",0,"see D03_P044_SEC_3_78_PAR001 (D03, page 44) - contains 'corporate debt'",D03,44,D03_P044_SEC_3_78_PAR001
deficit of,2,8,7,deficit,"contains domain term 'deficit'; 'deficit of' is a noun phrase / collocation, not a function-word pair",0.5,"see D01_P028_SEC_1_36_PAR001 (D01, page 28) - contains 'deficit of'",D01,28,D01_P028_SEC_1_36_PAR001
demand from,2,8,8,demand,"contains domain term 'demand'; 'demand from' is a noun phrase / collocation, not a function-word pair",0.5,"see D07_P010_SEC_7_16_PAR001 (D07, page 10) - contains 'demand from'",D07,10,D07_P010_SEC_7_16_PAR001
domestic financial,2,8,8,financial,"contains domain term 'financial'; 'domestic financial' is a noun phrase / collocation, not a function-word pair",0,"see D10_P001_UNKNOWN_PAR004 (D10, page 1) - contains 'domestic financial'",D10,1,D10_P001_UNKNOWN_PAR004
electricity regulatory,2,8,5,regulatory,"contains domain term 'regulatory'; 'electricity regulatory' is a noun phrase / collocation, not a function-word pair",0,"see D03_P043_SEC_3_74_PAR007 (D03, page 43) - contains 'electricity regulatory'",D03,43,D03_P043_SEC_3_74_PAR007
emerging markets,2,8,8,markets,"contains domain term 'markets'; 'emerging markets' is a noun phrase / collocation, not a function-word pair",0,"see D03_P002_SEC_3_2_PAR001 (D03, page 2) - contains 'emerging markets'",D03,2,D03_P002_SEC_3_2_PAR001
employment is,2,8,7,employment,"contains domain term 'employment'; 'employment is' is a noun phrase / collocation, not a function-word pair",0.5,"see D07_BOX001 (D07, page 7) - contains 'employment is'",D07,7,D07_BOX001
environmental regulation,2,8,6,regulation,"contains domain term 'regulation'; 'environmental regulation' is a noun phrase / collocation, not a function-word pair",0,"see D10_P006_SEC_10_17_PAR001 (D10, page 6) - contains 'environmental regulation'",D10,6,D10_P006_SEC_10_17_PAR001
"equities ,",2,8,7,equities,"contains domain term 'equities'; 'equities ,' is a noun phrase / collocation, not a function-word pair",0,"see D03_BOX015 (D03, page 39) - contains 'equities ,'",D03,39,D03_BOX015
export capability,2,8,8,export,"contains domain term 'export'; 'export capability' is a noun phrase / collocation, not a function-word pair",0,"see D16_P013_SEC_16_40_PAR001 (D16, page 13) - contains 'export capability'",D16,13,D16_P013_SEC_16_40_PAR001
export performance,2,8,8,export,"contains domain term 'export'; 'export performance' is a noun phrase / collocation, not a function-word pair",0,"see D04_P008_SEC_4_17_PAR001 (D04, page 8) - contains 'export performance'",D04,8,D04_P008_SEC_4_17_PAR001
exports in,2,8,8,exports,"contains domain term 'exports'; 'exports in' is a noun phrase / collocation, not a function-word pair",0.5,"see D04_P012_SEC_4_29_PAR001 (D04, page 12) - contains 'exports in'",D04,12,D04_P012_SEC_4_29_PAR001
finance for,2,8,7,finance,"contains domain term 'finance'; 'finance for' is a noun phrase / collocation, not a function-word pair",0.5,"see D03_BOX023 (D03, page 64) - contains 'finance for'",D03,64,D03_BOX023
"financial ,",2,8,8,financial,"contains domain term 'financial'; 'financial ,' is a noun phrase / collocation, not a function-word pair",0,"see D01_P007_SEC_1_6_PAR002 (D01, page 7) - contains 'financial ,'",D01,7,D01_P007_SEC_1_6_PAR002
financial assistance,2,8,7,financial,"contains domain term 'financial'; 'financial assistance' is a noun phrase / collocation, not a function-word pair",0,"see D01_P022_SEC_1_28_PAR007 (D01, page 22) - contains 'financial assistance'",D01,22,D01_P022_SEC_1_28_PAR007
financial support,2,8,8,financial,"contains domain term 'financial'; 'financial support' is a noun phrase / collocation, not a function-word pair",0,"see D06_P020_SEC_6_30_PAR001 (D06, page 20) - contains 'financial support'",D06,20,D06_P020_SEC_6_30_PAR001
for market,2,8,8,market,"contains domain term 'market'; 'for market' is a noun phrase / collocation, not a function-word pair",0.5,"see D17_P020_UNKNOWN_PAR005 (D17, page 20) - contains 'for market'",D17,20,D17_P020_UNKNOWN_PAR005
fpi flows,2,8,6,fpi,"contains domain term 'fpi'; 'fpi flows' is a noun phrase / collocation, not a function-word pair",0,"see D01_P028_SEC_1_36_PAR001 (D01, page 28) - contains 'fpi flows'",D01,28,D01_P028_SEC_1_36_PAR001
free trade,2,8,8,trade,"contains domain term 'trade'; 'free trade' is a noun phrase / collocation, not a function-word pair",0,"see D01_P006_SEC_1_6_PAR005 (D01, page 6) - contains 'free trade'",D01,6,D01_P006_SEC_1_6_PAR005
government securities,2,8,7,securities,"contains domain term 'securities'; 'government securities' is a noun phrase / collocation, not a function-word pair",0,"see D02_P033_UNKNOWN_PAR001 (D02, page 33) - contains 'government securities'",D02,33,D02_P033_UNKNOWN_PAR001
gross fdi,2,8,7,fdi,"contains domain term 'fdi'; 'gross fdi' is a noun phrase / collocation, not a function-word pair",0,"see D01_P027_SEC_1_35_PAR001 (D01, page 27) - contains 'gross fdi'",D01,27,D01_P027_SEC_1_35_PAR001
import dependence,2,8,8,import,"contains domain term 'import'; 'import dependence' is a noun phrase / collocation, not a function-word pair",0,"see D06_P009_SEC_6_15_PAR001 (D06, page 9) - contains 'import dependence'",D06,9,D06_P009_SEC_6_15_PAR001
in exports,2,8,8,exports,"contains domain term 'exports'; 'in exports' is a noun phrase / collocation, not a function-word pair",0.5,"see D04_P010_SEC_4_23_PAR001 (D04, page 10) - contains 'in exports'",D04,10,D04_P010_SEC_4_23_PAR001
in trade,2,8,8,trade,"contains domain term 'trade'; 'in trade' is a noun phrase / collocation, not a function-word pair",0.5,"see D01_P009_SEC_1_8_PAR002 (D01, page 9) - contains 'in trade'",D01,9,D01_P009_SEC_1_8_PAR002
income from,2,8,4,income,"contains domain term 'income'; 'income from' is a noun phrase / collocation, not a function-word pair",0.5,"see D19_P001_UNKNOWN_PAR011 (D19, page 1) - contains 'income from'",D19,1,D19_P001_UNKNOWN_PAR011
income growth,2,8,7,growth;income,"contains domain term 'growth'; contains domain term 'income'; 'income growth' is a noun phrase / collocation, not a function-word pair",0,"see D02_BOX011 (D02, page 22) - contains 'income growth'",D02,22,D02_BOX011
industrial sector,2,8,7,sector,"contains domain term 'sector'; 'industrial sector' is a noun phrase / collocation, not a function-word pair",0,"see D01_P015_SEC_1_19_PAR001 (D01, page 15) - contains 'industrial sector'",D01,15,D01_P015_SEC_1_19_PAR001
"industries ,",2,8,8,industries,"contains domain term 'industries'; 'industries ,' is a noun phrase / collocation, not a function-word pair",0,"see D04_P021_SEC_4_50_PAR001 (D04, page 21) - contains 'industries ,'",D04,21,D04_P021_SEC_4_50_PAR001
investment advisers,2,8,8,investment,"contains domain term 'investment'; 'investment advisers' is a noun phrase / collocation, not a function-word pair",0,"see D03_P043_SEC_3_74_PAR007 (D03, page 43) - contains 'investment advisers'",D03,43,D03_P043_SEC_3_74_PAR007
investment fund,2,8,6,investment,"contains domain term 'investment'; 'investment fund' is a noun phrase / collocation, not a function-word pair",0,"see D08_BOX019 (D08, page 34) - contains 'investment fund'",D08,34,D08_BOX019
labour productivity,2,8,8,productivity,"contains domain term 'productivity'; 'labour productivity' is a noun phrase / collocation, not a function-word pair",0,"see D01_P034_SEC_3_PAR001 (D01, page 34) - contains 'labour productivity'",D01,34,D01_P034_SEC_3_PAR001
loans to,2,8,8,loans,"contains domain term 'loans'; 'loans to' is a noun phrase / collocation, not a function-word pair",0.5,"see D02_BOX013 (D02, page 26) - contains 'loans to'",D02,26,D02_BOX013
market capitalisation,2,8,7,market,"contains domain term 'market'; 'market capitalisation' is a noun phrase / collocation, not a function-word pair",0,"see D03_P004_SEC_3_7_PAR001 (D03, page 4) - contains 'market capitalisation'",D03,4,D03_P004_SEC_3_7_PAR001
market developments,2,8,8,market,"contains domain term 'market'; 'market developments' is a noun phrase / collocation, not a function-word pair",0,"see D01_P008_SEC_1_7_PAR001 (D01, page 8) - contains 'market developments'",D01,8,D01_P008_SEC_1_7_PAR001
market ecosystem,2,8,8,market,"contains domain term 'market'; 'market ecosystem' is a noun phrase / collocation, not a function-word pair",0,"see D03_BOX017 (D03, page 42) - contains 'market ecosystem'",D03,42,D03_BOX017
markets (,2,8,8,markets,"contains domain term 'markets'; 'markets (' is a noun phrase / collocation, not a function-word pair",0,"see D10_BOX013 (D10, page 30) - contains 'markets ('",D10,30,D10_BOX013
markets for,2,8,8,markets,"contains domain term 'markets'; 'markets for' is a noun phrase / collocation, not a function-word pair",0.5,"see D04_P013_SEC_4_32_PAR001 (D04, page 13) - contains 'markets for'",D04,13,D04_P013_SEC_4_32_PAR001
microfinance sector,2,8,8,sector,"contains domain term 'sector'; 'microfinance sector' is a noun phrase / collocation, not a function-word pair",0,"see D03_BOX005 (D03, page 24) - contains 'microfinance sector'",D03,24,D03_BOX005
more stable,2,8,8,stable,"contains domain term 'stable'; 'more stable' is a noun phrase / collocation, not a function-word pair",0.5,"see D03_P009_UNKNOWN_PAR002 (D03, page 9) - contains 'more stable'",D03,9,D03_P009_UNKNOWN_PAR002
of equity,2,8,8,equity,"contains domain term 'equity'; 'of equity' is a noun phrase / collocation, not a function-word pair",0.5,"see D03_P039_SEC_3_73_PAR003 (D03, page 39) - contains 'of equity'",D03,39,D03_P039_SEC_3_73_PAR003
of expenditure,2,8,7,expenditure,"contains domain term 'expenditure'; 'of expenditure' is a noun phrase / collocation, not a function-word pair",0.5,"see D02_P003_SEC_2_4_PAR001 (D02, page 3) - contains 'of expenditure'",D02,3,D02_P003_SEC_2_4_PAR001
of output,2,8,8,output,"contains domain term 'output'; 'of output' is a noun phrase / collocation, not a function-word pair",0.5,"see D01_P015_SEC_1_19_PAR001 (D01, page 15) - contains 'of output'",D01,15,D01_P015_SEC_1_19_PAR001
outstanding liabilities,2,8,5,liabilities,"contains domain term 'liabilities'; 'outstanding liabilities' is a noun phrase / collocation, not a function-word pair",0,"see D02_P029_UNKNOWN_PAR002 (D02, page 29) - contains 'outstanding liabilities'",D02,29,D02_P029_UNKNOWN_PAR002
payments .,2,8,8,payments,"contains domain term 'payments'; 'payments .' is a noun phrase / collocation, not a function-word pair",0,"see D02_P017_UNKNOWN_PAR004 (D02, page 17) - contains 'payments .'",D02,17,D02_P017_UNKNOWN_PAR004
personal income,2,8,7,income,"contains domain term 'income'; 'personal income' is a noun phrase / collocation, not a function-word pair",0,"see D01_P025_SEC_1_30_PAR002 (D01, page 25) - contains 'personal income'",D01,25,D01_P025_SEC_1_30_PAR002
personal loans,2,8,6,loans,"contains domain term 'loans'; 'personal loans' is a noun phrase / collocation, not a function-word pair",0,"see D03_P013_SEC_3_21_PAR001 (D03, page 13) - contains 'personal loans'",D03,13,D03_P013_SEC_3_21_PAR001
policy of,2,8,7,policy,"contains domain term 'policy'; 'policy of' is a noun phrase / collocation, not a function-word pair",0.5,"see D06_BOX001 (D06, page 7) - contains 'policy of'",D06,7,D06_BOX001
poverty and,2,8,8,poverty,"contains domain term 'poverty'; 'poverty and' is a noun phrase / collocation, not a function-word pair",0.5,"see D01_P029_SEC_1_41_PAR001 (D01, page 29) - contains 'poverty and'",D01,29,D01_P029_SEC_1_41_PAR001
poverty line,2,8,5,poverty,"contains domain term 'poverty'; 'poverty line' is a noun phrase / collocation, not a function-word pair",0,"see D01_P029_SEC_1_41_PAR001 (D01, page 29) - contains 'poverty line'",D01,29,D01_P029_SEC_1_41_PAR001
primary markets,2,8,5,markets,"contains domain term 'markets'; 'primary markets' is a noun phrase / collocation, not a function-word pair",0,"see D03_P035_SEC_3_67_PAR001 (D03, page 35) - contains 'primary markets'",D03,35,D03_P035_SEC_3_67_PAR001
public financial,2,8,8,financial,"contains domain term 'financial'; 'public financial' is a noun phrase / collocation, not a function-word pair",0,"see D02_BOX007 (D02, page 16) - contains 'public financial'",D02,16,D02_BOX007
public policy,2,8,8,policy,"contains domain term 'policy'; 'public policy' is a noun phrase / collocation, not a function-word pair",0,"see D01_BOX005 (D01, page 21) - contains 'public policy'",D01,21,D01_BOX005
rapid growth,2,8,8,growth,"contains domain term 'growth'; 'rapid growth' is a noun phrase / collocation, not a function-word pair",0,"see D04_P050_SEC_4_97_PAR002 (D04, page 50) - contains 'rapid growth'",D04,50,D04_P050_SEC_4_97_PAR002
"regulatory ,",2,8,8,regulatory,"contains domain term 'regulatory'; 'regulatory ,' is a noun phrase / collocation, not a function-word pair",0,"see D04_P022_SEC_4_50_PAR003 (D04, page 22) - contains 'regulatory ,'",D04,22,D04_P022_SEC_4_50_PAR003
repo rate,2,8,7,rate;repo,"contains domain term 'rate'; contains domain term 'repo'; 'repo rate' is a noun phrase / collocation, not a function-word pair",0,"see D01_P025_SEC_1_32_PAR001 (D01, page 25) - contains 'repo rate'",D01,25,D01_P025_SEC_1_32_PAR001
savings and,2,8,7,savings,"contains domain term 'savings'; 'savings and' is a noun phrase / collocation, not a function-word pair",0.5,"see D02_P017_UNKNOWN_PAR003 (D02, page 17) - contains 'savings and'",D02,17,D02_P017_UNKNOWN_PAR003
social sector,2,8,8,sector,"contains domain term 'sector'; 'social sector' is a noun phrase / collocation, not a function-word pair",0,"see D01_P029_SEC_1_41_PAR001 (D01, page 29) - contains 'social sector'",D01,29,D01_P029_SEC_1_41_PAR001
stability of,2,8,8,stability,"contains domain term 'stability'; 'stability of' is a noun phrase / collocation, not a function-word pair",0.5,"see D03_P013_SEC_3_20_PAR001 (D03, page 13) - contains 'stability of'",D03,13,D03_P013_SEC_3_20_PAR001
tax administration,2,8,7,tax,"contains domain term 'tax'; 'tax administration' is a noun phrase / collocation, not a function-word pair",0,"see D01_P031_SEC_1_46_PAR003 (D01, page 31) - contains 'tax administration'",D01,31,D01_P031_SEC_1_46_PAR003
the bank,2,8,7,bank,"contains domain term 'bank'; 'the bank' is a noun phrase / collocation, not a function-word pair",0.5,"see D01_P003_SEC_1_2_PAR002 (D01, page 3) - contains 'the bank'",D01,3,D01_P003_SEC_1_2_PAR002
the foreign,2,8,7,foreign,"contains domain term 'foreign'; 'the foreign' is a noun phrase / collocation, not a function-word pair",0.5,"see D02_P005_SEC_2_8_PAR002 (D02, page 5) - contains 'the foreign'",D02,5,D02_P005_SEC_2_8_PAR002
to investors,2,8,8,investors,"contains domain term 'investors'; 'to investors' is a noun phrase / collocation, not a function-word pair",0.5,"see D03_P043_SEC_3_74_PAR003 (D03, page 43) - contains 'to investors'",D03,43,D03_P043_SEC_3_74_PAR003
total exports,2,8,6,exports,"contains domain term 'exports'; 'total exports' is a noun phrase / collocation, not a function-word pair",0,"see D01_P027_SEC_1_35_PAR001 (D01, page 27) - contains 'total exports'",D01,27,D01_P027_SEC_1_35_PAR001
trade in,2,8,8,trade,"contains domain term 'trade'; 'trade in' is a noun phrase / collocation, not a function-word pair",0.5,"see D04_P007_SEC_4_14_PAR001 (D04, page 7) - contains 'trade in'",D04,7,D04_P007_SEC_4_14_PAR001
trade is,2,8,8,trade,"contains domain term 'trade'; 'trade is' is a noun phrase / collocation, not a function-word pair",0.5,"see D01_P028_SEC_1_38_PAR001 (D01, page 28) - contains 'trade is'",D01,28,D01_P028_SEC_1_38_PAR001
with market,2,8,8,market,"contains domain term 'market'; 'with market' is a noun phrase / collocation, not a function-word pair",0.5,"see D01_P028_SEC_1_37_PAR001 (D01, page 28) - contains 'with market'",D01,28,D01_P028_SEC_1_37_PAR001
working capital,2,8,7,capital,"contains domain term 'capital'; 'working capital' is a noun phrase / collocation, not a function-word pair",0,"see D02_P011_UNKNOWN_PAR001 (D02, page 11) - contains 'working capital'",D02,11,D02_P011_UNKNOWN_PAR001
• gst,2,8,8,gst,"contains domain term 'gst'; '• gst' is a noun phrase / collocation, not a function-word pair",0,"see D02_P009_UNKNOWN_PAR002 (D02, page 9) - contains '• gst'",D02,9,D02_P009_UNKNOWN_PAR002
", finance , and",4,7,7,finance,"contains domain term 'finance'; ', finance , and' is a fixed multi-word expression, not a grammatical template",0.25,"see D07_P003_SEC_7_6_PAR002 (D07, page 3) - contains ', finance , and'",D07,3,D07_P003_SEC_7_6_PAR002
a percentage of gdp,4,7,6,gdp,"contains domain term 'gdp'; 'a percentage of gdp' is a fixed multi-word expression, not a grammatical template",0.5,"see D02_P012_SEC_2_19_PAR001 (D02, page 12) - contains 'a percentage of gdp'",D02,12,D02_P012_SEC_2_19_PAR001
contracts ( regulation ),4,7,7,regulation,"contains domain term 'regulation'; 'contracts ( regulation )' is a fixed multi-word expression, not a grammatical template",0,"see D03_BOX013 (D03, page 36) - contains 'contracts ( regulation )'",D03,36,D03_BOX013
gdp in fy22 to,4,7,7,gdp,"contains domain term 'gdp'; 'gdp in fy22 to' is a fixed multi-word expression, not a grammatical template",0.5,"see D02_P001_UNKNOWN_PAR004 (D02, page 1) - contains 'gdp in fy22 to'",D02,1,D02_P001_UNKNOWN_PAR004
growth rate ( cagr,4,7,7,growth;rate,"contains domain term 'growth'; contains domain term 'rate'; 'growth rate ( cagr' is a fixed multi-word expression, not a grammatical template",0,"see D03_P016_SEC_3_28_PAR001 (D03, page 16) - contains 'growth rate ( cagr'",D03,16,D03_P016_SEC_3_28_PAR001
investment trusts ) (,4,7,7,investment,"contains domain term 'investment'; 'investment trusts ) (' is a fixed multi-word expression, not a grammatical template",0,"see D28_P035_UNKNOWN_PAR001 (D28, page 35) - contains 'investment trusts ) ('",D28,35,D28_P035_UNKNOWN_PAR001
language policy of the,4,7,6,policy,"contains domain term 'policy'; 'language policy of the' is a fixed multi-word expression, not a grammatical template",0.5,"see D31_P010_SEC_13_6_PAR001 (D31, page 10) - contains 'language policy of the'",D31,10,D31_P010_SEC_13_6_PAR001
of gdp in fy22,4,7,7,gdp,"contains domain term 'gdp'; 'of gdp in fy22' is a fixed multi-word expression, not a grammatical template",0.5,"see D02_P001_UNKNOWN_PAR004 (D02, page 1) - contains 'of gdp in fy22'",D02,1,D02_P001_UNKNOWN_PAR004
official language policy of,4,7,6,policy,"contains domain term 'policy'; 'official language policy of' is a fixed multi-word expression, not a grammatical template",0.25,"see D31_P010_SEC_13_6_PAR001 (D31, page 10) - contains 'official language policy of'",D31,10,D31_P010_SEC_13_6_PAR001
rate ( cagr ),4,7,7,rate,"contains domain term 'rate'; 'rate ( cagr )' is a fixed multi-word expression, not a grammatical template",0,"see D03_P016_SEC_3_28_PAR001 (D03, page 16) - contains 'rate ( cagr )'",D03,16,D03_P016_SEC_3_28_PAR001
securities contracts ( regulation,4,7,7,regulation;securities,"contains domain term 'regulation'; contains domain term 'securities'; 'securities contracts ( regulation' is a fixed multi-word expression, not a grammatical template",0,"see D03_BOX013 (D03, page 36) - contains 'securities contracts ( regulation'",D03,36,D03_BOX013
the corporate bond market,4,7,7,bond;market,"contains domain term 'bond'; contains domain term 'market'; 'the corporate bond market' is a fixed multi-word expression, not a grammatical template",0.25,"see D03_BOX019 (D03, page 46) - contains 'the corporate bond market'",D03,46,D03_BOX019
the indian securities market,4,7,7,market;securities,"contains domain term 'market'; contains domain term 'securities'; 'the indian securities market' is a fixed multi-word expression, not a grammatical template",0.25,"see D22_P001_UNKNOWN_PAR001 (D22, page 1) - contains 'the indian securities market'",D22,1,D22_P001_UNKNOWN_PAR001
the world bank 's,4,7,7,bank,"contains domain term 'bank'; 'the world bank 's' is a fixed multi-word expression, not a grammatical template",0.25,"see D04_P038_SEC_4_80_PAR004 (D04, page 38) - contains 'the world bank 's'",D04,38,D04_P038_SEC_4_80_PAR004
to states for capital,4,7,7,capital,"contains domain term 'capital'; 'to states for capital' is a fixed multi-word expression, not a grammatical template",0.5,"see D01_P025_SEC_1_31_PAR001 (D01, page 25) - contains 'to states for capital'",D01,25,D01_P025_SEC_1_31_PAR001
", union budget",3,7,7,budget,"contains domain term 'budget'; ', union budget' is a fixed multi-word expression, not a grammatical template",0,"see D19_P008_UNKNOWN_PAR009 (D19, page 8) - contains ', union budget'",D19,8,D19_P008_UNKNOWN_PAR009
. the current,3,7,7,current,"contains domain term 'current'; '. the current' is a fixed multi-word expression, not a grammatical template",0.333,"see D05_P006_SEC_5_9_PAR001 (D05, page 6) - contains '. the current'",D05,6,D05_P006_SEC_5_9_PAR001
. this growth,3,7,7,growth,"contains domain term 'growth'; '. this growth' is a fixed multi-word expression, not a grammatical template",0.333,"see D04_P026_SEC_4_58_PAR001 (D04, page 26) - contains '. this growth'",D04,26,D04_P026_SEC_4_58_PAR001
access to finance,3,7,7,finance,"contains domain term 'finance'; 'access to finance' is a fixed multi-word expression, not a grammatical template",0.333,"see D03_P029_SEC_3_49_PAR005 (D03, page 29) - contains 'access to finance'",D03,29,D03_P029_SEC_3_49_PAR005
and human capital,3,7,7,capital,"contains domain term 'capital'; 'and human capital' is a fixed multi-word expression, not a grammatical template",0.333,"see D01_P030_SEC_1_41_PAR001 (D01, page 30) - contains 'and human capital'",D01,30,D01_P030_SEC_1_41_PAR001
and supply chains,3,7,7,supply,"contains domain term 'supply'; 'and supply chains' is a fixed multi-word expression, not a grammatical template",0.333,"see D01_P005_SEC_1_6_PAR001 (D01, page 5) - contains 'and supply chains'",D01,5,D01_P005_SEC_1_6_PAR001
"capital expenditure ,",3,7,7,capital;expenditure,"contains domain term 'capital'; contains domain term 'expenditure'; 'capital expenditure ,' is a fixed multi-word expression, not a grammatical template",0,"see D01_P014_SEC_1_16_PAR001 (D01, page 14) - contains 'capital expenditure ,'",D01,14,D01_P014_SEC_1_16_PAR001
capital expenditure .,3,7,7,capital;expenditure,"contains domain term 'capital'; contains domain term 'expenditure'; 'capital expenditure .' is a fixed multi-word expression, not a grammatical template",0,"see D02_BOX017 (D02, page 34) - contains 'capital expenditure .'",D02,34,D02_BOX017
"capital flows ,",3,7,7,capital,"contains domain term 'capital'; 'capital flows ,' is a fixed multi-word expression, not a grammatical template",0,"see D03_P051_SEC_3_90_PAR001 (D03, page 51) - contains 'capital flows ,'",D03,51,D03_P051_SEC_3_90_PAR001
consumption expenditure (,3,7,5,consumption;expenditure,"contains domain term 'consumption'; contains domain term 'expenditure'; 'consumption expenditure (' is a fixed multi-word expression, not a grammatical template",0,"see D01_P010_SEC_1_9_PAR001 (D01, page 10) - contains 'consumption expenditure ('",D01,10,D01_P010_SEC_1_9_PAR001
contracts ( regulation,3,7,7,regulation,"contains domain term 'regulation'; 'contracts ( regulation' is a fixed multi-word expression, not a grammatical template",0,"see D03_BOX013 (D03, page 36) - contains 'contracts ( regulation'",D03,36,D03_BOX013
"credit access ,",3,7,7,credit,"contains domain term 'credit'; 'credit access ,' is a fixed multi-word expression, not a grammatical template",0,"see D03_P029_SEC_3_49_PAR004 (D03, page 29) - contains 'credit access ,'",D03,29,D03_P029_SEC_3_49_PAR004
credit to the,3,7,7,credit,"contains domain term 'credit'; 'credit to the' is a fixed multi-word expression, not a grammatical template",0.667,"see D03_BOX019 (D03, page 46) - contains 'credit to the'",D03,46,D03_BOX019
economic policy uncertainty,3,7,5,policy,"contains domain term 'policy'; 'economic policy uncertainty' is a fixed multi-word expression, not a grammatical template",0,"see D03_P005_SEC_3_8_PAR003 (D03, page 5) - contains 'economic policy uncertainty'",D03,5,D03_P005_SEC_3_8_PAR003
electricity regulatory commission,3,7,5,regulatory,"contains domain term 'regulatory'; 'electricity regulatory commission' is a fixed multi-word expression, not a grammatical template",0,"see D03_P043_SEC_3_74_PAR007 (D03, page 43) - contains 'electricity regulatory commission'",D03,43,D03_P043_SEC_3_74_PAR007
"employment , and",3,7,7,employment,"contains domain term 'employment'; 'employment , and' is a fixed multi-word expression, not a grammatical template",0.333,"see D04_P036_SEC_4_80_PAR003 (D04, page 36) - contains 'employment , and'",D04,36,D04_P036_SEC_4_80_PAR003
employment in the,3,7,7,employment,"contains domain term 'employment'; 'employment in the' is a fixed multi-word expression, not a grammatical template",0.667,"see D07_P002_SEC_7_3_PAR001 (D07, page 2) - contains 'employment in the'",D07,2,D07_P002_SEC_7_3_PAR001
"export growth ,",3,7,7,export;growth,"contains domain term 'export'; contains domain term 'growth'; 'export growth ,' is a fixed multi-word expression, not a grammatical template",0,"see D01_P014_SEC_1_15_PAR001 (D01, page 14) - contains 'export growth ,'",D01,14,D01_P014_SEC_1_15_PAR001
exports to the,3,7,4,exports,"contains domain term 'exports'; 'exports to the' is a fixed multi-word expression, not a grammatical template",0.667,"see D04_P015_SEC_4_40_PAR002 (D04, page 15) - contains 'exports to the'",D04,15,D04_P015_SEC_4_40_PAR002
financial stability report,3,7,7,financial;stability,"contains domain term 'financial'; contains domain term 'stability'; 'financial stability report' is a fixed multi-word expression, not a grammatical template",0,"see D03_P004_SEC_3_7_PAR001 (D03, page 4) - contains 'financial stability report'",D03,4,D03_P004_SEC_3_7_PAR001
foreign exchange reserves,3,7,7,exchange;foreign,"contains domain term 'exchange'; contains domain term 'foreign'; 'foreign exchange reserves' is a fixed multi-word expression, not a grammatical template",0,"see D01_P001_UNKNOWN_PAR005 (D01, page 1) - contains 'foreign exchange reserves'",D01,1,D01_P001_UNKNOWN_PAR005
in bank credit,3,7,6,bank;credit,"contains domain term 'bank'; contains domain term 'credit'; 'in bank credit' is a fixed multi-word expression, not a grammatical template",0.333,"see D01_P027_SEC_1_34_PAR001 (D01, page 27) - contains 'in bank credit'",D01,27,D01_P027_SEC_1_34_PAR001
in central taxes,3,7,7,taxes,"contains domain term 'taxes'; 'in central taxes' is a fixed multi-word expression, not a grammatical template",0.333,"see D02_P021_SEC_2_33_PAR001 (D02, page 21) - contains 'in central taxes'",D02,21,D02_P021_SEC_2_33_PAR001
in the equity,3,7,7,equity,"contains domain term 'equity'; 'in the equity' is a fixed multi-word expression, not a grammatical template",0.667,"see D22_BOX001 (D22, page 2) - contains 'in the equity'",D22,2,D22_BOX001
inclusive growth and,3,7,7,growth,"contains domain term 'growth'; 'inclusive growth and' is a fixed multi-word expression, not a grammatical template",0.333,"see D06_P002_SEC_6_1_PAR001 (D06, page 2) - contains 'inclusive growth and'",D06,2,D06_P002_SEC_6_1_PAR001
investment trusts ),3,7,7,investment,"contains domain term 'investment'; 'investment trusts )' is a fixed multi-word expression, not a grammatical template",0,"see D28_P035_UNKNOWN_PAR001 (D28, page 35) - contains 'investment trusts )'",D28,35,D28_P035_UNKNOWN_PAR001
language policy of,3,7,6,policy,"contains domain term 'policy'; 'language policy of' is a fixed multi-word expression, not a grammatical template",0.333,"see D31_P010_SEC_13_6_PAR001 (D31, page 10) - contains 'language policy of'",D31,10,D31_P010_SEC_13_6_PAR001
market . the,3,7,7,market,"contains domain term 'market'; 'market . the' is a fixed multi-word expression, not a grammatical template",0.333,"see D03_P052_SEC_3_91_PAR001 (D03, page 52) - contains 'market . the'",D03,52,D03_P052_SEC_3_91_PAR001
markets . the,3,7,7,markets,"contains domain term 'markets'; 'markets . the' is a fixed multi-word expression, not a grammatical template",0.333,"see D01_P023_SEC_1_28_PAR008 (D01, page 23) - contains 'markets . the'",D01,23,D01_P023_SEC_1_28_PAR008
of global trade,3,7,7,trade,"contains domain term 'trade'; 'of global trade' is a fixed multi-word expression, not a grammatical template",0.333,"see D01_P027_SEC_1_35_PAR001 (D01, page 27) - contains 'of global trade'",D01,27,D01_P027_SEC_1_35_PAR001
policy of the,3,7,6,policy,"contains domain term 'policy'; 'policy of the' is a fixed multi-word expression, not a grammatical template",0.667,"see D31_P010_SEC_13_6_PAR001 (D31, page 10) - contains 'policy of the'",D31,10,D31_P010_SEC_13_6_PAR001
policy uncertainty (,3,7,4,policy,"contains domain term 'policy'; 'policy uncertainty (' is a fixed multi-word expression, not a grammatical template",0,"see D03_P005_SEC_3_8_PAR003 (D03, page 5) - contains 'policy uncertainty ('",D03,5,D03_P005_SEC_3_8_PAR003
private investment .,3,7,7,investment,"contains domain term 'investment'; 'private investment .' is a fixed multi-word expression, not a grammatical template",0,"see D02_BOX013 (D02, page 26) - contains 'private investment .'",D02,26,D02_BOX013
"productivity gains ,",3,7,7,productivity,"contains domain term 'productivity'; 'productivity gains ,' is a fixed multi-word expression, not a grammatical template",0,"see D01_P028_SEC_1_37_PAR001 (D01, page 28) - contains 'productivity gains ,'",D01,28,D01_P028_SEC_1_37_PAR001
rate ( cagr,3,7,7,rate,"contains domain term 'rate'; 'rate ( cagr' is a fixed multi-word expression, not a grammatical template",0,"see D03_P016_SEC_3_28_PAR001 (D03, page 16) - contains 'rate ( cagr'",D03,16,D03_P016_SEC_3_28_PAR001
real gdp growth,3,7,6,gdp;growth,"contains domain term 'gdp'; contains domain term 'growth'; 'real gdp growth' is a fixed multi-word expression, not a grammatical template",0,"see D01_P001_UNKNOWN_PAR003 (D01, page 1) - contains 'real gdp growth'",D01,1,D01_P001_UNKNOWN_PAR003
"revenue expenditure ,",3,7,7,expenditure;revenue,"contains domain term 'expenditure'; contains domain term 'revenue'; 'revenue expenditure ,' is a fixed multi-word expression, not a grammatical template",0,"see D01_P025_SEC_1_31_PAR001 (D01, page 25) - contains 'revenue expenditure ,'",D01,25,D01_P025_SEC_1_31_PAR001
scheduled commercial banks,3,7,7,banks,"contains domain term 'banks'; 'scheduled commercial banks' is a fixed multi-word expression, not a grammatical template",0,"see D01_P026_SEC_1_33_PAR001 (D01, page 26) - contains 'scheduled commercial banks'",D01,26,D01_P026_SEC_1_33_PAR001
"sectors , including",3,7,7,sectors,"contains domain term 'sectors'; 'sectors , including' is a fixed multi-word expression, not a grammatical template",0,"see D03_P044_SEC_3_75_PAR001 (D03, page 44) - contains 'sectors , including'",D03,44,D03_P044_SEC_3_75_PAR001
securities contracts (,3,7,7,securities,"contains domain term 'securities'; 'securities contracts (' is a fixed multi-word expression, not a grammatical template",0,"see D03_BOX013 (D03, page 36) - contains 'securities contracts ('",D03,36,D03_BOX013
"services trade ,",3,7,5,trade,"contains domain term 'trade'; 'services trade ,' is a fixed multi-word expression, not a grammatical template",0,"see D04_P008_SEC_4_17_PAR001 (D04, page 8) - contains 'services trade ,'",D04,8,D04_P008_SEC_4_17_PAR001
"stability , and",3,7,7,stability,"contains domain term 'stability'; 'stability , and' is a fixed multi-word expression, not a grammatical template",0.333,"see D01_P008_SEC_1_6_PAR002 (D01, page 8) - contains 'stability , and'",D01,8,D01_P008_SEC_1_6_PAR002
states for capital,3,7,7,capital,"contains domain term 'capital'; 'states for capital' is a fixed multi-word expression, not a grammatical template",0.333,"see D01_P025_SEC_1_31_PAR001 (D01, page 25) - contains 'states for capital'",D01,25,D01_P025_SEC_1_31_PAR001
strong growth in,3,7,6,growth,"contains domain term 'growth'; 'strong growth in' is a fixed multi-word expression, not a grammatical template",0.333,"see D01_P002_SEC_1_1_PAR001 (D01, page 2) - contains 'strong growth in'",D01,2,D01_P002_SEC_1_1_PAR001
the equity derivatives,3,7,7,equity,"contains domain term 'equity'; 'the equity derivatives' is a fixed multi-word expression, not a grammatical template",0.333,"see D22_P005_SEC_4_1_1_PAR001 (D22, page 5) - contains 'the equity derivatives'",D22,5,D22_P005_SEC_4_1_1_PAR001
the financial stability,3,7,5,financial;stability,"contains domain term 'financial'; contains domain term 'stability'; 'the financial stability' is a fixed multi-word expression, not a grammatical template",0.333,"see D18_P001_UNKNOWN_PAR002 (D18, page 1) - contains 'the financial stability'",D18,1,D18_P001_UNKNOWN_PAR002
the indian rupee,3,7,6,rupee,"contains domain term 'rupee'; 'the indian rupee' is a fixed multi-word expression, not a grammatical template",0.333,"see D01_P028_SEC_1_37_PAR001 (D01, page 28) - contains 'the indian rupee'",D01,28,D01_P028_SEC_1_37_PAR001
the power sector,3,7,7,sector,"contains domain term 'sector'; 'the power sector' is a fixed multi-word expression, not a grammatical template",0.333,"see D02_P016_SEC_2_26_PAR001 (D02, page 16) - contains 'the power sector'",D02,16,D02_P016_SEC_2_26_PAR001
the securities markets,3,7,6,markets;securities,"contains domain term 'markets'; contains domain term 'securities'; 'the securities markets' is a fixed multi-word expression, not a grammatical template",0.333,"see D03_BOX013 (D03, page 36) - contains 'the securities markets'",D03,36,D03_BOX013
the service sector,3,7,7,sector,"contains domain term 'sector'; 'the service sector' is a fixed multi-word expression, not a grammatical template",0.333,"see D01_P018_SEC_1_25_PAR001 (D01, page 18) - contains 'the service sector'",D01,18,D01_P018_SEC_1_25_PAR001
the supply of,3,7,7,supply,"contains domain term 'supply'; 'the supply of' is a fixed multi-word expression, not a grammatical template",0.667,"see D03_P045_SEC_3_79_PAR001 (D03, page 45) - contains 'the supply of'",D03,45,D03_P045_SEC_3_79_PAR001
's current,2,7,7,current,"contains domain term 'current'; ''s current' is a noun phrase / collocation, not a function-word pair",0,"see D02_P041_SEC_2_56_PAR002 (D02, page 41) - contains ''s current'",D02,41,D02_P041_SEC_2_56_PAR002
", exchange",2,7,7,exchange,"contains domain term 'exchange'; ', exchange' is a noun phrase / collocation, not a function-word pair",0,"see D01_P028_SEC_1_37_PAR001 (D01, page 28) - contains ', exchange'",D01,28,D01_P028_SEC_1_37_PAR001
", income",2,7,6,income,"contains domain term 'income'; ', income' is a noun phrase / collocation, not a function-word pair",0,"see D06_P009_SEC_6_14_PAR001 (D06, page 9) - contains ', income'",D06,9,D06_P009_SEC_6_14_PAR001
", investors",2,7,7,investors,"contains domain term 'investors'; ', investors' is a noun phrase / collocation, not a function-word pair",0,"see D03_P004_SEC_3_7_PAR001 (D03, page 4) - contains ', investors'",D03,4,D03_P004_SEC_3_7_PAR001
", monetary",2,7,7,monetary,"contains domain term 'monetary'; ', monetary' is a noun phrase / collocation, not a function-word pair",0,"see D01_BOX001 (D01, page 5) - contains ', monetary'",D01,5,D01_BOX001
. credit,2,7,6,credit,"contains domain term 'credit'; '. credit' is a noun phrase / collocation, not a function-word pair",0,"see D01_P026_SEC_1_32_PAR001 (D01, page 26) - contains '. credit'",D01,26,D01_P026_SEC_1_32_PAR001
. expenditure,2,7,7,expenditure,"contains domain term 'expenditure'; '. expenditure' is a noun phrase / collocation, not a function-word pair",0,"see D02_P014_SEC_2_25_PAR001 (D02, page 14) - contains '. expenditure'",D02,14,D02_P014_SEC_2_25_PAR001
. investment,2,7,7,investment,"contains domain term 'investment'; '. investment' is a noun phrase / collocation, not a function-word pair",0,"see D01_P012_SEC_1_12_PAR001 (D01, page 12) - contains '. investment'",D01,12,D01_P012_SEC_1_12_PAR001
. investor,2,7,7,investor,"contains domain term 'investor'; '. investor' is a noun phrase / collocation, not a function-word pair",0,"see D03_BOX017 (D03, page 42) - contains '. investor'",D03,42,D03_BOX017
a financial,2,7,7,financial,"contains domain term 'financial'; 'a financial' is a noun phrase / collocation, not a function-word pair",0.5,"see D03_P002_SEC_3_3_PAR001 (D03, page 2) - contains 'a financial'",D03,2,D03_P002_SEC_3_3_PAR001
agricultural output,2,7,7,output,"contains domain term 'output'; 'agricultural output' is a noun phrase / collocation, not a function-word pair",0,"see D05_P001_UNKNOWN_PAR005 (D05, page 1) - contains 'agricultural output'",D05,1,D05_P001_UNKNOWN_PAR005
agricultural sector,2,7,7,sector,"contains domain term 'sector'; 'agricultural sector' is a noun phrase / collocation, not a function-word pair",0,"see D03_P018_SEC_3_34_PAR001 (D03, page 18) - contains 'agricultural sector'",D03,18,D03_P018_SEC_3_34_PAR001
and exports,2,7,7,exports,"contains domain term 'exports'; 'and exports' is a noun phrase / collocation, not a function-word pair",0.5,"see D04_P007_SEC_4_15_PAR001 (D04, page 7) - contains 'and exports'",D04,7,D04_P007_SEC_4_15_PAR001
and profits,2,7,6,profits,"contains domain term 'profits'; 'and profits' is a noun phrase / collocation, not a function-word pair",0.5,"see D02_P012_SEC_2_18_PAR001 (D02, page 12) - contains 'and profits'",D02,12,D02_P012_SEC_2_18_PAR001
balance (,2,7,5,balance,"contains domain term 'balance'; 'balance (' is a noun phrase / collocation, not a function-word pair",0,"see D01_P027_SEC_1_35_PAR001 (D01, page 27) - contains 'balance ('",D01,27,D01_P027_SEC_1_35_PAR001
"bank ,",2,7,7,bank,"contains domain term 'bank'; 'bank ,' is a noun phrase / collocation, not a function-word pair",0,"see D01_P032_SEC_1_PAR003 (D01, page 32) - contains 'bank ,'",D01,32,D01_P032_SEC_1_PAR003
banks .,2,7,7,banks,"contains domain term 'banks'; 'banks .' is a noun phrase / collocation, not a function-word pair",0,"see D03_P020_SEC_3_41_PAR001 (D03, page 20) - contains 'banks .'",D03,20,D03_P020_SEC_3_41_PAR001
banks should,2,7,7,banks,"contains domain term 'banks'; 'banks should' is a noun phrase / collocation, not a function-word pair",0.5,"see D03_P029_SEC_3_49_PAR004 (D03, page 29) - contains 'banks should'",D03,29,D03_P029_SEC_3_49_PAR004
capital investment,2,7,7,capital;investment,"contains domain term 'capital'; contains domain term 'investment'; 'capital investment' is a noun phrase / collocation, not a function-word pair",0,"see D02_P002_SEC_2_1_PAR001 (D02, page 2) - contains 'capital investment'",D02,2,D02_P002_SEC_2_1_PAR001
clean energy,2,7,7,energy,"contains domain term 'energy'; 'clean energy' is a noun phrase / collocation, not a function-word pair",0,"see D07_P024_SEC_7_39_PAR001 (D07, page 24) - contains 'clean energy'",D07,24,D07_P024_SEC_7_39_PAR001
credit and,2,7,7,credit,"contains domain term 'credit'; 'credit and' is a noun phrase / collocation, not a function-word pair",0.5,"see D03_BOX023 (D03, page 64) - contains 'credit and'",D03,64,D03_BOX023
debt and,2,7,7,debt,"contains domain term 'debt'; 'debt and' is a noun phrase / collocation, not a function-word pair",0.5,"see D01_BOX005 (D01, page 21) - contains 'debt and'",D01,21,D01_BOX005
deficit is,2,7,6,deficit,"contains domain term 'deficit'; 'deficit is' is a noun phrase / collocation, not a function-word pair",0.5,"see D02_P023_SEC_2_37_PAR001 (D02, page 23) - contains 'deficit is'",D02,23,D02_P023_SEC_2_37_PAR001
domestic investment,2,7,4,investment,"contains domain term 'investment'; 'domestic investment' is a noun phrase / collocation, not a function-word pair",0,"see D03_P047_SEC_3_85_PAR003 (D03, page 47) - contains 'domestic investment'",D03,47,D03_P047_SEC_3_85_PAR003
energy systems,2,7,7,energy,"contains domain term 'energy'; 'energy systems' is a noun phrase / collocation, not a function-word pair",0,"see D08_BOX013 (D08, page 25) - contains 'energy systems'",D08,25,D08_BOX013
enhance investor,2,7,5,investor,"contains domain term 'investor'; 'enhance investor' is a noun phrase / collocation, not a function-word pair",0,"see D03_P042_SEC_3_74_PAR001 (D03, page 42) - contains 'enhance investor'",D03,42,D03_P042_SEC_3_74_PAR001
enhancing productivity,2,7,7,productivity,"contains domain term 'productivity'; 'enhancing productivity' is a noun phrase / collocation, not a function-word pair",0,"see D06_P022_SEC_6_35_PAR001 (D06, page 22) - contains 'enhancing productivity'",D06,22,D06_P022_SEC_6_35_PAR001
equity market,2,7,7,equity;market,"contains domain term 'equity'; contains domain term 'market'; 'equity market' is a noun phrase / collocation, not a function-word pair",0,"see D03_P035_SEC_3_66_PAR001 (D03, page 35) - contains 'equity market'",D03,35,D03_P035_SEC_3_66_PAR001
exchange reserves,2,7,7,exchange,"contains domain term 'exchange'; 'exchange reserves' is a noun phrase / collocation, not a function-word pair",0,"see D01_P001_UNKNOWN_PAR005 (D01, page 1) - contains 'exchange reserves'",D01,1,D01_P001_UNKNOWN_PAR005
expenditure and,2,7,7,expenditure,"contains domain term 'expenditure'; 'expenditure and' is a noun phrase / collocation, not a function-word pair",0.5,"see D01_P016_SEC_1_21_PAR001 (D01, page 16) - contains 'expenditure and'",D01,16,D01_P016_SEC_1_21_PAR001
export orientation,2,7,7,export,"contains domain term 'export'; 'export orientation' is a noun phrase / collocation, not a function-word pair",0,"see D03_P007_SEC_3_8_PAR002 (D03, page 7) - contains 'export orientation'",D03,7,D03_P007_SEC_3_8_PAR002
final consumption,2,7,5,consumption,"contains domain term 'consumption'; 'final consumption' is a noun phrase / collocation, not a function-word pair",0,"see D01_P022_SEC_1_28_PAR014 (D01, page 22) - contains 'final consumption'",D01,22,D01_P022_SEC_1_28_PAR014
financial instruments,2,7,7,financial,"contains domain term 'financial'; 'financial instruments' is a noun phrase / collocation, not a function-word pair",0,"see D01_P027_SEC_1_34_PAR001 (D01, page 27) - contains 'financial instruments'",D01,27,D01_P027_SEC_1_34_PAR001
financial management,2,7,7,financial,"contains domain term 'financial'; 'financial management' is a noun phrase / collocation, not a function-word pair",0,"see D02_BOX007 (D02, page 16) - contains 'financial management'",D02,16,D02_BOX007
financial savings,2,7,6,financial;savings,"contains domain term 'financial'; contains domain term 'savings'; 'financial savings' is a noun phrase / collocation, not a function-word pair",0,"see D03_BOX015 (D03, page 39) - contains 'financial savings'",D03,39,D03_BOX015
fiscal deficits,2,7,6,fiscal,"contains domain term 'fiscal'; 'fiscal deficits' is a noun phrase / collocation, not a function-word pair",0,"see D02_BOX011 (D02, page 22) - contains 'fiscal deficits'",D02,22,D02_BOX011
fixed assets,2,7,7,assets,"contains domain term 'assets'; 'fixed assets' is a noun phrase / collocation, not a function-word pair",0,"see D03_P006_SEC_3_8_PAR005 (D03, page 6) - contains 'fixed assets'",D03,6,D03_P006_SEC_3_8_PAR005
for investor,2,7,7,investor,"contains domain term 'investor'; 'for investor' is a noun phrase / collocation, not a function-word pair",0.5,"see D22_BOX003 (D22, page 12) - contains 'for investor'",D22,12,D22_BOX003
foreign investors,2,7,7,foreign;investors,"contains domain term 'foreign'; contains domain term 'investors'; 'foreign investors' is a noun phrase / collocation, not a function-word pair",0,"see D04_P034_SEC_4_77_PAR001 (D04, page 34) - contains 'foreign investors'",D04,34,D04_P034_SEC_4_77_PAR001
global growth,2,7,6,growth,"contains domain term 'growth'; 'global growth' is a noun phrase / collocation, not a function-word pair",0,"see D01_P030_SEC_1_43_PAR001 (D01, page 30) - contains 'global growth'",D01,30,D01_P030_SEC_1_43_PAR001
government debt,2,7,7,debt,"contains domain term 'debt'; 'government debt' is a noun phrase / collocation, not a function-word pair",0,"see D02_P002_SEC_2_2_PAR001 (D02, page 2) - contains 'government debt'",D02,2,D02_P002_SEC_2_2_PAR001
gross tax,2,7,7,tax,"contains domain term 'tax'; 'gross tax' is a noun phrase / collocation, not a function-word pair",0,"see D01_P019_UNKNOWN_PAR001 (D01, page 19) - contains 'gross tax'",D01,19,D01_P019_UNKNOWN_PAR001
growth at,2,7,7,growth,"contains domain term 'growth'; 'growth at' is a noun phrase / collocation, not a function-word pair",0.5,"see D01_BOX007 (D01, page 31) - contains 'growth at'",D01,31,D01_BOX007
growth trajectory,2,7,7,growth,"contains domain term 'growth'; 'growth trajectory' is a noun phrase / collocation, not a function-word pair",0,"see D06_P002_SEC_6_1_PAR001 (D06, page 2) - contains 'growth trajectory'",D06,2,D06_P002_SEC_6_1_PAR001
"gva ,",2,7,6,gva,"contains domain term 'gva'; 'gva ,' is a noun phrase / collocation, not a function-word pair",0,"see D01_P014_SEC_1_17_PAR001 (D01, page 14) - contains 'gva ,'",D01,14,D01_P014_SEC_1_17_PAR001
imports and,2,7,7,imports,"contains domain term 'imports'; 'imports and' is a noun phrase / collocation, not a function-word pair",0.5,"see D04_P007_SEC_4_15_PAR001 (D04, page 7) - contains 'imports and'",D04,7,D04_P007_SEC_4_15_PAR001
in bank,2,7,6,bank,"contains domain term 'bank'; 'in bank' is a noun phrase / collocation, not a function-word pair",0.5,"see D01_P027_SEC_1_34_PAR001 (D01, page 27) - contains 'in bank'",D01,27,D01_P027_SEC_1_34_PAR001
income of,2,7,7,income,"contains domain term 'income'; 'income of' is a noun phrase / collocation, not a function-word pair",0.5,"see D02_P006_SEC_2_8_PAR001 (D02, page 6) - contains 'income of'",D02,6,D02_P006_SEC_2_8_PAR001
industries .,2,7,7,industries,"contains domain term 'industries'; 'industries .' is a noun phrase / collocation, not a function-word pair",0,"see D04_P051_SEC_4_97_PAR003 (D04, page 51) - contains 'industries .'",D04,51,D04_P051_SEC_4_97_PAR003
inflation (,2,7,7,inflation,"contains domain term 'inflation'; 'inflation (' is a noun phrase / collocation, not a function-word pair",0,"see D01_P024_SEC_6_7_PAR002 (D01, page 24) - contains 'inflation ('",D01,24,D01_P024_SEC_6_7_PAR002
inflation outcomes,2,7,7,inflation,"contains domain term 'inflation'; 'inflation outcomes' is a noun phrase / collocation, not a function-word pair",0,"see D01_P001_UNKNOWN_PAR002 (D01, page 1) - contains 'inflation outcomes'",D01,1,D01_P001_UNKNOWN_PAR002
investment flows,2,7,7,investment,"contains domain term 'investment'; 'investment flows' is a noun phrase / collocation, not a function-word pair",0,"see D04_BOX005 (D04, page 35) - contains 'investment flows'",D04,35,D04_BOX005
investments made,2,7,4,investments,"contains domain term 'investments'; 'investments made' is a noun phrase / collocation, not a function-word pair",0,"see D23_BOX001 (D23, page 2) - contains 'investments made'",D23,2,D23_BOX001
investor charter,2,7,3,investor,"contains domain term 'investor'; 'investor charter' is a noun phrase / collocation, not a function-word pair",0,"see D22_P034_SEC_4_7_5_PAR007 (D22, page 34) - contains 'investor charter'",D22,34,D22_P034_SEC_4_7_5_PAR007
key sectors,2,7,6,sectors,"contains domain term 'sectors'; 'key sectors' is a noun phrase / collocation, not a function-word pair",0,"see D02_P010_UNKNOWN_PAR008 (D02, page 10) - contains 'key sectors'",D02,10,D02_P010_UNKNOWN_PAR008
liquidity .,2,7,7,liquidity,"contains domain term 'liquidity'; 'liquidity .' is a noun phrase / collocation, not a function-word pair",0,"see D02_P035_UNKNOWN_PAR001 (D02, page 35) - contains 'liquidity .'",D02,35,D02_P035_UNKNOWN_PAR001
loans .,2,7,7,loans,"contains domain term 'loans'; 'loans .' is a noun phrase / collocation, not a function-word pair",0,"see D06_P017_SEC_6_24_PAR001 (D06, page 17) - contains 'loans .'",D06,17,D06_P017_SEC_6_24_PAR001
market 's,2,7,7,market,"contains domain term 'market'; 'market 's' is a noun phrase / collocation, not a function-word pair",0,"see D03_P045_SEC_3_80_PAR001 (D03, page 45) - contains 'market 's'",D03,45,D03_P045_SEC_3_80_PAR001
market :,2,7,7,market,"contains domain term 'market'; 'market :' is a noun phrase / collocation, not a function-word pair",0,"see D21_P016_SEC_3_4_2_PAR002 (D21, page 16) - contains 'market :'",D21,16,D21_P016_SEC_3_4_2_PAR002
market conditions,2,7,7,market,"contains domain term 'market'; 'market conditions' is a noun phrase / collocation, not a function-word pair",0,"see D02_P013_SEC_2_23_PAR001 (D02, page 13) - contains 'market conditions'",D02,13,D02_P013_SEC_2_23_PAR001
market has,2,7,7,market,"contains domain term 'market'; 'market has' is a noun phrase / collocation, not a function-word pair",0.5,"see D03_P044_SEC_3_76_PAR001 (D03, page 44) - contains 'market has'",D03,44,D03_P044_SEC_3_76_PAR001
market intermediaries,2,7,7,market,"contains domain term 'market'; 'market intermediaries' is a noun phrase / collocation, not a function-word pair",0,"see D21_P016_SEC_3_4_PAR002 (D21, page 16) - contains 'market intermediaries'",D21,16,D21_P016_SEC_3_4_PAR002
market linkages,2,7,7,market,"contains domain term 'market'; 'market linkages' is a noun phrase / collocation, not a function-word pair",0,"see D06_P001_UNKNOWN_PAR004 (D06, page 1) - contains 'market linkages'",D06,1,D06_P001_UNKNOWN_PAR004
market liquidity,2,7,7,liquidity;market,"contains domain term 'liquidity'; contains domain term 'market'; 'market liquidity' is a noun phrase / collocation, not a function-word pair",0,"see D02_P037_UNKNOWN_PAR001 (D02, page 37) - contains 'market liquidity'",D02,37,D02_P037_UNKNOWN_PAR001
minimum investment,2,7,7,investment,"contains domain term 'investment'; 'minimum investment' is a noun phrase / collocation, not a function-word pair",0,"see D08_P014_SEC_8_28_PAR001 (D08, page 14) - contains 'minimum investment'",D08,14,D08_P014_SEC_8_28_PAR001
msme sector,2,7,6,sector,"contains domain term 'sector'; 'msme sector' is a noun phrase / collocation, not a function-word pair",0,"see D03_P016_SEC_3_26_PAR001 (D03, page 16) - contains 'msme sector'",D03,16,D03_P016_SEC_3_26_PAR001
municipal bond,2,7,6,bond,"contains domain term 'bond'; 'municipal bond' is a noun phrase / collocation, not a function-word pair",0,"see D03_P043_SEC_3_74_PAR003 (D03, page 43) - contains 'municipal bond'",D03,43,D03_P043_SEC_3_74_PAR003
of borrowers,2,7,6,borrowers,"contains domain term 'borrowers'; 'of borrowers' is a noun phrase / collocation, not a function-word pair",0.5,"see D03_P025_SEC_3_47_PAR002 (D03, page 25) - contains 'of borrowers'",D03,25,D03_P025_SEC_3_47_PAR002
of exports,2,7,7,exports,"contains domain term 'exports'; 'of exports' is a noun phrase / collocation, not a function-word pair",0.5,"see D04_P008_SEC_4_20_PAR001 (D04, page 8) - contains 'of exports'",D04,8,D04_P008_SEC_4_20_PAR001
of inflation,2,7,7,inflation,"contains domain term 'inflation'; 'of inflation' is a noun phrase / collocation, not a function-word pair",0.5,"see D01_P024_SEC_1_29_PAR001 (D01, page 24) - contains 'of inflation'",D01,24,D01_P024_SEC_1_29_PAR001
of regulation,2,7,7,regulation,"contains domain term 'regulation'; 'of regulation' is a noun phrase / collocation, not a function-word pair",0.5,"see D14_P031_SEC_14_79_PAR001 (D14, page 31) - contains 'of regulation'",D14,31,D14_P031_SEC_14_79_PAR001
of supply,2,7,7,supply,"contains domain term 'supply'; 'of supply' is a noun phrase / collocation, not a function-word pair",0.5,"see D02_P015_SEC_2_26_PAR002 (D02, page 15) - contains 'of supply'",D02,15,D02_P015_SEC_2_26_PAR002
of tax,2,7,7,tax,"contains domain term 'tax'; 'of tax' is a noun phrase / collocation, not a function-word pair",0.5,"see D01_P031_SEC_1_46_PAR002 (D01, page 31) - contains 'of tax'",D01,31,D01_P031_SEC_1_46_PAR002
on bank,2,7,7,bank,"contains domain term 'bank'; 'on bank' is a noun phrase / collocation, not a function-word pair",0.5,"see D01_P027_SEC_1_34_PAR001 (D01, page 27) - contains 'on bank'",D01,27,D01_P027_SEC_1_34_PAR001
on foreign,2,7,7,foreign,"contains domain term 'foreign'; 'on foreign' is a noun phrase / collocation, not a function-word pair",0.5,"see D03_P048_SEC_3_85_PAR004 (D03, page 48) - contains 'on foreign'",D03,48,D03_P048_SEC_3_85_PAR004
open market,2,7,7,market,"contains domain term 'market'; 'open market' is a noun phrase / collocation, not a function-word pair",0,"see D01_P026_SEC_1_33_PAR001 (D01, page 26) - contains 'open market'",D01,26,D01_P026_SEC_1_33_PAR001
output and,2,7,7,output,"contains domain term 'output'; 'output and' is a noun phrase / collocation, not a function-word pair",0.5,"see D06_P005_SEC_6_9_PAR002 (D06, page 5) - contains 'output and'",D06,5,D06_P005_SEC_6_9_PAR002
pbis sector,2,7,7,sector,"contains domain term 'sector'; 'pbis sector' is a noun phrase / collocation, not a function-word pair",0,"see D14_P004_SEC_14_6_PAR006 (D14, page 4) - contains 'pbis sector'",D14,4,D14_P004_SEC_14_6_PAR006
pharmaceutical industry,2,7,7,industry,"contains domain term 'industry'; 'pharmaceutical industry' is a noun phrase / collocation, not a function-word pair",0,"see D04_P021_SEC_4_50_PAR001 (D04, page 21) - contains 'pharmaceutical industry'",D04,21,D04_P021_SEC_4_50_PAR001
policy interventions,2,7,7,policy,"contains domain term 'policy'; 'policy interventions' is a noun phrase / collocation, not a function-word pair",0,"see D05_P001_UNKNOWN_PAR003 (D05, page 1) - contains 'policy interventions'",D05,1,D05_P001_UNKNOWN_PAR003
policy rates,2,7,7,policy;rates,"contains domain term 'policy'; contains domain term 'rates'; 'policy rates' is a noun phrase / collocation, not a function-word pair",0,"see D01_P003_SEC_1_3_PAR001 (D01, page 3) - contains 'policy rates'",D01,3,D01_P003_SEC_1_3_PAR001
productivity in,2,7,7,productivity,"contains domain term 'productivity'; 'productivity in' is a noun phrase / collocation, not a function-word pair",0.5,"see D04_P051_SEC_4_97_PAR004 (D04, page 51) - contains 'productivity in'",D04,51,D04_P051_SEC_4_97_PAR004
regulation and,2,7,7,regulation,"contains domain term 'regulation'; 'regulation and' is a noun phrase / collocation, not a function-word pair",0.5,"see D03_P048_SEC_3_85_PAR004 (D03, page 48) - contains 'regulation and'",D03,48,D03_P048_SEC_3_85_PAR004
regulation in,2,7,6,regulation,"contains domain term 'regulation'; 'regulation in' is a noun phrase / collocation, not a function-word pair",0.5,"see D03_P020_SEC_3_40_PAR001 (D03, page 20) - contains 'regulation in'",D03,20,D03_P020_SEC_3_40_PAR001
regulatory commission,2,7,5,regulatory,"contains domain term 'regulatory'; 'regulatory commission' is a noun phrase / collocation, not a function-word pair",0,"see D03_P043_SEC_3_74_PAR007 (D03, page 43) - contains 'regulatory commission'",D03,43,D03_P043_SEC_3_74_PAR007
relatively stable,2,7,6,stable,"contains domain term 'stable'; 'relatively stable' is a noun phrase / collocation, not a function-word pair",0,"see D01_P002_SEC_1_1_PAR001 (D01, page 2) - contains 'relatively stable'",D01,2,D01_P002_SEC_1_1_PAR001
remained stable,2,7,7,stable,"contains domain term 'stable'; 'remained stable' is a noun phrase / collocation, not a function-word pair",0,"see D02_P012_SEC_2_19_PAR001 (D02, page 12) - contains 'remained stable'",D02,12,D02_P012_SEC_2_19_PAR001
returns .,2,7,7,returns,"contains domain term 'returns'; 'returns .' is a noun phrase / collocation, not a function-word pair",0,"see D02_P005_SEC_2_8_PAR002 (D02, page 5) - contains 'returns .'",D02,5,D02_P005_SEC_2_8_PAR002
sector lending,2,7,7,lending;sector,"contains domain term 'lending'; contains domain term 'sector'; 'sector lending' is a noun phrase / collocation, not a function-word pair",0,"see D03_P019_SEC_3_35_PAR001 (D03, page 19) - contains 'sector lending'",D03,19,D03_P019_SEC_3_35_PAR001
sector regulators,2,7,5,sector,"contains domain term 'sector'; 'sector regulators' is a noun phrase / collocation, not a function-word pair",0,"see D03_P002_SEC_3_3_PAR001 (D03, page 2) - contains 'sector regulators'",D03,2,D03_P002_SEC_3_3_PAR001
securities (,2,7,7,securities,"contains domain term 'securities'; 'securities (' is a noun phrase / collocation, not a function-word pair",0,"see D03_P043_SEC_3_74_PAR003 (D03, page 43) - contains 'securities ('",D03,43,D03_P043_SEC_3_74_PAR003
securities contracts,2,7,7,securities,"contains domain term 'securities'; 'securities contracts' is a noun phrase / collocation, not a function-word pair",0,"see D03_BOX013 (D03, page 36) - contains 'securities contracts'",D03,36,D03_BOX013
significant growth,2,7,7,growth,"contains domain term 'growth'; 'significant growth' is a noun phrase / collocation, not a function-word pair",0,"see D04_P008_SEC_4_20_PAR001 (D04, page 8) - contains 'significant growth'",D04,8,D04_P008_SEC_4_20_PAR001
stability report,2,7,7,stability,"contains domain term 'stability'; 'stability report' is a noun phrase / collocation, not a function-word pair",0,"see D03_P004_SEC_3_7_PAR001 (D03, page 4) - contains 'stability report'",D03,4,D03_P004_SEC_3_7_PAR001
state-level inflation,2,7,4,inflation,"contains domain term 'inflation'; 'state-level inflation' is a noun phrase / collocation, not a function-word pair",0,"see D05_P001_UNKNOWN_PAR004 (D05, page 1) - contains 'state-level inflation'",D05,1,D05_P001_UNKNOWN_PAR004
supply and,2,7,7,supply,"contains domain term 'supply'; 'supply and' is a noun phrase / collocation, not a function-word pair",0.5,"see D01_P016_SEC_1_20_PAR001 (D01, page 16) - contains 'supply and'",D01,16,D01_P016_SEC_1_20_PAR001
supply side,2,7,7,supply,"contains domain term 'supply'; 'supply side' is a noun phrase / collocation, not a function-word pair",0,"see D01_P001_UNKNOWN_PAR003 (D01, page 1) - contains 'supply side'",D01,1,D01_P001_UNKNOWN_PAR003
sustained growth,2,7,7,growth,"contains domain term 'growth'; 'sustained growth' is a noun phrase / collocation, not a function-word pair",0,"see D01_P035_SEC_3_PAR003 (D01, page 35) - contains 'sustained growth'",D01,35,D01_P035_SEC_3_PAR003
the expenditure,2,7,7,expenditure,"contains domain term 'expenditure'; 'the expenditure' is a noun phrase / collocation, not a function-word pair",0.5,"see D01_P025_SEC_1_30_PAR002 (D01, page 25) - contains 'the expenditure'",D01,25,D01_P025_SEC_1_30_PAR002
the export,2,7,7,export,"contains domain term 'export'; 'the export' is a noun phrase / collocation, not a function-word pair",0.5,"see D04_P010_SEC_4_22_PAR001 (D04, page 10) - contains 'the export'",D04,10,D04_P010_SEC_4_22_PAR001
the fpi,2,7,4,fpi,"contains domain term 'fpi'; 'the fpi' is a noun phrase / collocation, not a function-word pair",0.5,"see D24_P002_SEC_6_1_1_PAR037 (D24, page 2) - contains 'the fpi'",D24,2,D24_P002_SEC_6_1_1_PAR037
the rupee,2,7,4,rupee,"contains domain term 'rupee'; 'the rupee' is a noun phrase / collocation, not a function-word pair",0.5,"see D04_P047_SEC_4_92_PAR001 (D04, page 47) - contains 'the rupee'",D04,47,D04_P047_SEC_4_92_PAR001
the yield,2,7,7,yield,"contains domain term 'yield'; 'the yield' is a noun phrase / collocation, not a function-word pair",0.5,"see D02_P016_SEC_2_27_PAR001 (D02, page 16) - contains 'the yield'",D02,16,D02_P016_SEC_2_27_PAR001
to capital,2,7,7,capital,"contains domain term 'capital'; 'to capital' is a noun phrase / collocation, not a function-word pair",0.5,"see D02_BOX011 (D02, page 22) - contains 'to capital'",D02,22,D02_BOX011
to employment,2,7,7,employment,"contains domain term 'employment'; 'to employment' is a noun phrase / collocation, not a function-word pair",0.5,"see D08_P044_SEC_8_73_PAR001 (D08, page 44) - contains 'to employment'",D08,44,D08_P044_SEC_8_73_PAR001
to market,2,7,7,market,"contains domain term 'market'; 'to market' is a noun phrase / collocation, not a function-word pair",0.5,"see D06_P025_SEC_6_38_PAR002 (D06, page 25) - contains 'to market'",D06,25,D06_P025_SEC_6_38_PAR002
to regulatory,2,7,7,regulatory,"contains domain term 'regulatory'; 'to regulatory' is a noun phrase / collocation, not a function-word pair",0.5,"see D03_P063_UNKNOWN_PAR002 (D03, page 63) - contains 'to regulatory'",D03,63,D03_P063_UNKNOWN_PAR002
total trade,2,7,6,trade,"contains domain term 'trade'; 'total trade' is a noun phrase / collocation, not a function-word pair",0,"see D04_P009_SEC_4_20_PAR001 (D04, page 9) - contains 'total trade'",D04,9,D04_P009_SEC_4_20_PAR001
trade .,2,7,7,trade,"contains domain term 'trade'; 'trade .' is a noun phrase / collocation, not a function-word pair",0,"see D02_P011_SEC_2_17_PAR001 (D02, page 11) - contains 'trade .'",D02,11,D02_P011_SEC_2_17_PAR001
bank of india (,4,6,6,bank,"contains domain term 'bank'; 'bank of india (' is a fixed multi-word expression, not a grammatical template",0.25,"see D03_P001_SEC_3_1_PAR001 (D03, page 1) - contains 'bank of india ('",D03,1,D03_P001_SEC_3_1_PAR001
equity f & o,4,6,5,equity,"contains domain term 'equity'; 'equity f & o' is a fixed multi-word expression, not a grammatical template",0,"see D22_P014_SEC_4_3_2_PAR002 (D22, page 14) - contains 'equity f & o'",D22,14,D22_P014_SEC_4_3_2_PAR002
goods and services tax,4,6,6,tax,"contains domain term 'tax'; 'goods and services tax' is a fixed multi-word expression, not a grammatical template",0.25,"see D02_P007_SEC_2_13_PAR002 (D02, page 7) - contains 'goods and services tax'",D02,7,D02_P007_SEC_2_13_PAR002
india 's services sector,4,6,6,sector,"contains domain term 'sector'; 'india 's services sector' is a fixed multi-word expression, not a grammatical template",0,"see D07_BOX001 (D07, page 7) - contains 'india 's services sector'",D07,7,D07_BOX001
investor education and awareness,4,6,6,investor,"contains domain term 'investor'; 'investor education and awareness' is a fixed multi-word expression, not a grammatical template",0.25,"see D23_BOX001 (D23, page 2) - contains 'investor education and awareness'",D23,2,D23_BOX001
policy of the goi,4,6,5,policy,"contains domain term 'policy'; 'policy of the goi' is a fixed multi-word expression, not a grammatical template",0.5,"see D31_P010_SEC_13_6_PAR006 (D31, page 10) - contains 'policy of the goi'",D31,10,D31_P010_SEC_13_6_PAR006
strike a balance between,4,6,6,balance,"contains domain term 'balance'; 'strike a balance between' is a fixed multi-word expression, not a grammatical template",0.5,"see D01_P001_UNKNOWN_PAR005 (D01, page 1) - contains 'strike a balance between'",D01,1,D01_P001_UNKNOWN_PAR005
the current account deficit,4,6,6,account;current;deficit,"contains domain term 'account'; contains domain term 'current'; contains domain term 'deficit'; 'the current account deficit' is a fixed multi-word expression, not a grammatical template",0.25,"see D01_P027_SEC_1_35_PAR001 (D01, page 27) - contains 'the current account deficit'",D01,27,D01_P027_SEC_1_35_PAR001
the merchandise trade deficit,4,6,6,deficit;trade,"contains domain term 'deficit'; contains domain term 'trade'; 'the merchandise trade deficit' is a fixed multi-word expression, not a grammatical template",0.25,"see D04_P001_UNKNOWN_PAR003 (D04, page 1) - contains 'the merchandise trade deficit'",D04,1,D04_P001_UNKNOWN_PAR003
the mutual fund industry,4,6,6,industry,"contains domain term 'industry'; 'the mutual fund industry' is a fixed multi-word expression, not a grammatical template",0.25,"see D03_P039_SEC_3_73_PAR001 (D03, page 39) - contains 'the mutual fund industry'",D03,39,D03_P039_SEC_3_73_PAR001
% of gdp,3,6,4,gdp,"contains domain term 'gdp'; '% of gdp' is a fixed multi-word expression, not a grammatical template",0.333,"see D19_P008_UNKNOWN_PAR005 (D19, page 8) - contains '% of gdp'",D19,8,D19_P008_UNKNOWN_PAR005
's services sector,3,6,6,sector,"contains domain term 'sector'; ''s services sector' is a fixed multi-word expression, not a grammatical template",0,"see D07_BOX001 (D07, page 7) - contains ''s services sector'",D07,7,D07_BOX001
", and energy",3,6,6,energy,"contains domain term 'energy'; ', and energy' is a fixed multi-word expression, not a grammatical template",0.333,"see D01_P007_SEC_1_6_PAR009 (D01, page 7) - contains ', and energy'",D01,7,D01_P007_SEC_1_6_PAR009
", and trade",3,6,6,trade,"contains domain term 'trade'; ', and trade' is a fixed multi-word expression, not a grammatical template",0.333,"see D01_BOX001 (D01, page 5) - contains ', and trade'",D01,5,D01_BOX001
", services exports",3,6,5,exports,"contains domain term 'exports'; ', services exports' is a fixed multi-word expression, not a grammatical template",0,"see D04_P026_SEC_4_57_PAR001 (D04, page 26) - contains ', services exports'",D04,26,D04_P026_SEC_4_57_PAR001
", the current",3,6,6,current,"contains domain term 'current'; ', the current' is a fixed multi-word expression, not a grammatical template",0.333,"see D01_P027_SEC_1_35_PAR001 (D01, page 27) - contains ', the current'",D01,27,D01_P027_SEC_1_35_PAR001
access to credit,3,6,6,credit,"contains domain term 'credit'; 'access to credit' is a fixed multi-word expression, not a grammatical template",0.333,"see D03_P026_SEC_3_47_PAR004 (D03, page 26) - contains 'access to credit'",D03,26,D03_P026_SEC_3_47_PAR004
account for over,3,6,6,account,"contains domain term 'account'; 'account for over' is a fixed multi-word expression, not a grammatical template",0.667,"see D02_P019_SEC_2_30_PAR001 (D02, page 19) - contains 'account for over'",D02,19,D02_P019_SEC_2_30_PAR001
alternative investment fund,3,6,4,investment,"contains domain term 'investment'; 'alternative investment fund' is a fixed multi-word expression, not a grammatical template",0,"see D26_T004 (D26, page 13) - contains 'alternative investment fund'",D26,13,D26_T004
and services tax,3,6,6,tax,"contains domain term 'tax'; 'and services tax' is a fixed multi-word expression, not a grammatical template",0.333,"see D02_P007_SEC_2_13_PAR002 (D02, page 7) - contains 'and services tax'",D02,7,D02_P007_SEC_2_13_PAR002
bank credit to,3,6,5,bank;credit,"contains domain term 'bank'; contains domain term 'credit'; 'bank credit to' is a fixed multi-word expression, not a grammatical template",0.333,"see D03_P010_SEC_3_13_PAR001 (D03, page 10) - contains 'bank credit to'",D03,10,D03_P010_SEC_3_13_PAR001
"capital goods ,",3,6,6,capital,"contains domain term 'capital'; 'capital goods ,' is a fixed multi-word expression, not a grammatical template",0,"see D01_P013_SEC_1_13_PAR001 (D01, page 13) - contains 'capital goods ,'",D01,13,D01_P013_SEC_1_13_PAR001
capital markets and,3,6,6,capital;markets,"contains domain term 'capital'; contains domain term 'markets'; 'capital markets and' is a fixed multi-word expression, not a grammatical template",0.333,"see D03_P021_SEC_3_41_PAR002 (D03, page 21) - contains 'capital markets and'",D03,21,D03_P021_SEC_3_41_PAR002
current account deficit,3,6,6,account;current;deficit,"contains domain term 'account'; contains domain term 'current'; contains domain term 'deficit'; 'current account deficit' is a fixed multi-word expression, not a grammatical template",0,"see D01_P027_SEC_1_35_PAR001 (D01, page 27) - contains 'current account deficit'",D01,27,D01_P027_SEC_1_35_PAR001
current account surpluses,3,6,6,account;current,"contains domain term 'account'; contains domain term 'current'; 'current account surpluses' is a fixed multi-word expression, not a grammatical template",0,"see D03_P049_SEC_3_85_PAR005 (D03, page 49) - contains 'current account surpluses'",D03,49,D03_P049_SEC_3_85_PAR005
"demand , and",3,6,6,demand,"contains domain term 'demand'; 'demand , and' is a fixed multi-word expression, not a grammatical template",0.333,"see D06_P005_SEC_6_9_PAR002 (D06, page 5) - contains 'demand , and'",D06,5,D06_P005_SEC_6_9_PAR002
"domestic demand ,",3,6,6,demand,"contains domain term 'demand'; 'domestic demand ,' is a fixed multi-word expression, not a grammatical template",0,"see D01_P003_SEC_1_2_PAR002 (D01, page 3) - contains 'domestic demand ,'",D01,3,D01_P003_SEC_1_2_PAR002
domestic demand and,3,6,6,demand,"contains domain term 'demand'; 'domestic demand and' is a fixed multi-word expression, not a grammatical template",0.333,"see D01_P018_SEC_1_26_PAR001 (D01, page 18) - contains 'domestic demand and'",D01,18,D01_P018_SEC_1_26_PAR001
equity f &,3,6,5,equity,"contains domain term 'equity'; 'equity f &' is a fixed multi-word expression, not a grammatical template",0,"see D22_P014_SEC_4_3_2_PAR002 (D22, page 14) - contains 'equity f &'",D22,14,D22_P014_SEC_4_3_2_PAR002
"export competitiveness ,",3,6,6,export,"contains domain term 'export'; 'export competitiveness ,' is a fixed multi-word expression, not a grammatical template",0,"see D04_P025_SEC_4_52_PAR001 (D04, page 25) - contains 'export competitiveness ,'",D04,25,D04_P025_SEC_4_52_PAR001
"exports , and",3,6,6,exports,"contains domain term 'exports'; 'exports , and' is a fixed multi-word expression, not a grammatical template",0.333,"see D03_P049_SEC_3_85_PAR005 (D03, page 49) - contains 'exports , and'",D03,49,D03_P049_SEC_3_85_PAR005
final consumption expenditure,3,6,4,consumption;expenditure,"contains domain term 'consumption'; contains domain term 'expenditure'; 'final consumption expenditure' is a fixed multi-word expression, not a grammatical template",0,"see D01_P022_SEC_1_28_PAR014 (D01, page 22) - contains 'final consumption expenditure'",D01,22,D01_P022_SEC_1_28_PAR014
financial assistance to,3,6,5,financial,"contains domain term 'financial'; 'financial assistance to' is a fixed multi-word expression, not a grammatical template",0.333,"see D01_P022_SEC_1_28_PAR007 (D01, page 22) - contains 'financial assistance to'",D01,22,D01_P022_SEC_1_28_PAR007
financial sector regulators,3,6,4,financial;sector,"contains domain term 'financial'; contains domain term 'sector'; 'financial sector regulators' is a fixed multi-word expression, not a grammatical template",0,"see D03_P002_SEC_3_3_PAR001 (D03, page 2) - contains 'financial sector regulators'",D03,2,D03_P002_SEC_3_3_PAR001
financial stability .,3,6,6,financial;stability,"contains domain term 'financial'; contains domain term 'stability'; 'financial stability .' is a fixed multi-word expression, not a grammatical template",0,"see D03_P002_SEC_3_1_PAR001 (D03, page 2) - contains 'financial stability .'",D03,2,D03_P002_SEC_3_1_PAR001
financial system .,3,6,6,financial,"contains domain term 'financial'; 'financial system .' is a fixed multi-word expression, not a grammatical template",0,"see D03_P042_SEC_3_73_PAR001 (D03, page 42) - contains 'financial system .'",D03,42,D03_P042_SEC_3_73_PAR001
global capital flows,3,6,6,capital,"contains domain term 'capital'; 'global capital flows' is a fixed multi-word expression, not a grammatical template",0,"see D03_P063_UNKNOWN_PAR005 (D03, page 63) - contains 'global capital flows'",D03,63,D03_P063_UNKNOWN_PAR005
government 's fiscal,3,6,4,fiscal,"contains domain term 'fiscal'; 'government 's fiscal' is a fixed multi-word expression, not a grammatical template",0,"see D01_P025_SEC_1_31_PAR001 (D01, page 25) - contains 'government 's fiscal'",D01,25,D01_P025_SEC_1_31_PAR001
gross tax revenue,3,6,6,revenue;tax,"contains domain term 'revenue'; contains domain term 'tax'; 'gross tax revenue' is a fixed multi-word expression, not a grammatical template",0,"see D01_P024_SEC_1_30_PAR001 (D01, page 24) - contains 'gross tax revenue'",D01,24,D01_P024_SEC_1_30_PAR001
growth and development,3,6,6,growth,"contains domain term 'growth'; 'growth and development' is a fixed multi-word expression, not a grammatical template",0.333,"see D01_P035_SEC_3_PAR003 (D01, page 35) - contains 'growth and development'",D01,35,D01_P035_SEC_3_PAR003
growth has been,3,6,6,growth,"contains domain term 'growth'; 'growth has been' is a fixed multi-word expression, not a grammatical template",0.667,"see D01_P003_SEC_1_2_PAR002 (D01, page 3) - contains 'growth has been'",D01,3,D01_P003_SEC_1_2_PAR002
growth of the,3,6,6,growth,"contains domain term 'growth'; 'growth of the' is a fixed multi-word expression, not a grammatical template",0.667,"see D01_P019_UNKNOWN_PAR006 (D01, page 19) - contains 'growth of the'",D01,19,D01_P019_UNKNOWN_PAR006
infrastructure investment trust,3,6,6,investment,"contains domain term 'investment'; 'infrastructure investment trust' is a fixed multi-word expression, not a grammatical template",0,"see D03_P043_SEC_3_74_PAR005 (D03, page 43) - contains 'infrastructure investment trust'",D03,43,D03_P043_SEC_3_74_PAR005
infrastructure investment trusts,3,6,6,investment,"contains domain term 'investment'; 'infrastructure investment trusts' is a fixed multi-word expression, not a grammatical template",0,"see D09_P004_SEC_9_12_PAR001 (D09, page 4) - contains 'infrastructure investment trusts'",D09,4,D09_P004_SEC_9_12_PAR001
"interest rates ,",3,6,6,rates,"contains domain term 'rates'; 'interest rates ,' is a fixed multi-word expression, not a grammatical template",0,"see D03_P002_SEC_3_1_PAR001 (D03, page 2) - contains 'interest rates ,'",D03,2,D03_P002_SEC_3_1_PAR001
investment trusts (,3,6,4,investment,"contains domain term 'investment'; 'investment trusts (' is a fixed multi-word expression, not a grammatical template",0,"see D09_P004_SEC_9_12_PAR001 (D09, page 4) - contains 'investment trusts ('",D09,4,D09_P004_SEC_9_12_PAR001
investor awareness and,3,6,6,investor,"contains domain term 'investor'; 'investor awareness and' is a fixed multi-word expression, not a grammatical template",0.333,"see D21_BOX007 (D21, page 11) - contains 'investor awareness and'",D21,11,D21_BOX007
investor charter for,3,6,3,investor,"contains domain term 'investor'; 'investor charter for' is a fixed multi-word expression, not a grammatical template",0.333,"see D22_P034_SEC_4_7_5_PAR007 (D22, page 34) - contains 'investor charter for'",D22,34,D22_P034_SEC_4_7_5_PAR007
"investor protection ,",3,6,6,investor,"contains domain term 'investor'; 'investor protection ,' is a fixed multi-word expression, not a grammatical template",0,"see D03_BOX013 (D03, page 36) - contains 'investor protection ,'",D03,36,D03_BOX013
labour market .,3,6,6,market,"contains domain term 'market'; 'labour market .' is a fixed multi-word expression, not a grammatical template",0,"see D01_P033_SEC_1_PAR007 (D01, page 33) - contains 'labour market .'",D01,33,D01_P033_SEC_1_PAR007
"labour markets ,",3,6,6,markets,"contains domain term 'markets'; 'labour markets ,' is a fixed multi-word expression, not a grammatical template",0,"see D12_P027_SEC_12_40_PAR001 (D12, page 27) - contains 'labour markets ,'",D12,27,D12_P027_SEC_12_40_PAR001
loans and advances,3,6,6,loans,"contains domain term 'loans'; 'loans and advances' is a fixed multi-word expression, not a grammatical template",0.333,"see D02_P028_UNKNOWN_PAR001 (D02, page 28) - contains 'loans and advances'",D02,28,D02_P028_UNKNOWN_PAR001
loans to states,3,6,6,loans,"contains domain term 'loans'; 'loans to states' is a fixed multi-word expression, not a grammatical template",0.333,"see D02_P023_SEC_2_37_PAR001 (D02, page 23) - contains 'loans to states'",D02,23,D02_P023_SEC_2_37_PAR001
market infrastructure institutions,3,6,6,market,"contains domain term 'market'; 'market infrastructure institutions' is a fixed multi-word expression, not a grammatical template",0,"see D03_P042_SEC_3_74_PAR002 (D03, page 42) - contains 'market infrastructure institutions'",D03,42,D03_P042_SEC_3_74_PAR002
"market participants ,",3,6,6,market,"contains domain term 'market'; 'market participants ,' is a fixed multi-word expression, not a grammatical template",0,"see D03_P038_UNKNOWN_PAR003 (D03, page 38) - contains 'market participants ,'",D03,38,D03_P038_UNKNOWN_PAR003
"monetary policy ,",3,6,6,monetary;policy,"contains domain term 'monetary'; contains domain term 'policy'; 'monetary policy ,' is a fixed multi-word expression, not a grammatical template",0,"see D03_P011_SEC_3_16_PAR001 (D03, page 11) - contains 'monetary policy ,'",D03,11,D03_P011_SEC_3_16_PAR001
net total trade,3,6,5,trade,"contains domain term 'trade'; 'net total trade' is a fixed multi-word expression, not a grammatical template",0,"see D04_P047_SEC_4_93_PAR004 (D04, page 47) - contains 'net total trade'",D04,47,D04_P047_SEC_4_93_PAR004
non-food bank credit,3,6,6,bank;credit,"contains domain term 'bank'; contains domain term 'credit'; 'non-food bank credit' is a fixed multi-word expression, not a grammatical template",0,"see D01_P013_SEC_1_13_PAR001 (D01, page 13) - contains 'non-food bank credit'",D01,13,D01_P013_SEC_1_13_PAR001
of capital .,3,6,6,capital,"contains domain term 'capital'; 'of capital .' is a fixed multi-word expression, not a grammatical template",0.333,"see D01_P032_SEC_1_PAR002 (D01, page 32) - contains 'of capital .'",D01,32,D01_P032_SEC_1_PAR002
"of finance ,",3,6,6,finance,"contains domain term 'finance'; 'of finance ,' is a fixed multi-word expression, not a grammatical template",0.333,"see D03_BOX023 (D03, page 64) - contains 'of finance ,'",D03,64,D03_BOX023
"of growth ,",3,6,6,growth,"contains domain term 'growth'; 'of growth ,' is a fixed multi-word expression, not a grammatical template",0.333,"see D07_P001_SEC_7_1_PAR001 (D07, page 1) - contains 'of growth ,'",D07,1,D07_P001_SEC_7_1_PAR001
of monetary policy,3,6,6,monetary;policy,"contains domain term 'monetary'; contains domain term 'policy'; 'of monetary policy' is a fixed multi-word expression, not a grammatical template",0.333,"see D01_P024_SEC_1_29_PAR001 (D01, page 24) - contains 'of monetary policy'",D01,24,D01_P024_SEC_1_29_PAR001
of securities markets,3,6,6,markets;securities,"contains domain term 'markets'; contains domain term 'securities'; 'of securities markets' is a fixed multi-word expression, not a grammatical template",0.333,"see D26_P002_SEC_8_1_PAR015 (D26, page 2) - contains 'of securities markets'",D26,2,D26_P002_SEC_8_1_PAR015
organised manufacturing sector,3,6,6,sector,"contains domain term 'sector'; 'organised manufacturing sector' is a fixed multi-word expression, not a grammatical template",0,"see D06_P028_SEC_6_49_PAR001 (D06, page 28) - contains 'organised manufacturing sector'",D06,28,D06_P028_SEC_6_49_PAR001
"payments , and",3,6,6,payments,"contains domain term 'payments'; 'payments , and' is a fixed multi-word expression, not a grammatical template",0.333,"see D02_P014_SEC_2_25_PAR001 (D02, page 14) - contains 'payments , and'",D02,14,D02_P014_SEC_2_25_PAR001
"policy , and",3,6,6,policy,"contains domain term 'policy'; 'policy , and' is a fixed multi-word expression, not a grammatical template",0.333,"see D03_P022_SEC_3_41_PAR008 (D03, page 22) - contains 'policy , and'",D03,22,D03_P022_SEC_3_41_PAR008
priority sector lending,3,6,6,lending;sector,"contains domain term 'lending'; contains domain term 'sector'; 'priority sector lending' is a fixed multi-word expression, not a grammatical template",0,"see D03_P019_SEC_3_35_PAR001 (D03, page 19) - contains 'priority sector lending'",D03,19,D03_P019_SEC_3_35_PAR001
profit after tax,3,6,6,profit;tax,"contains domain term 'profit'; contains domain term 'tax'; 'profit after tax' is a fixed multi-word expression, not a grammatical template",0.333,"see D01_P026_SEC_1_33_PAR001 (D01, page 26) - contains 'profit after tax'",D01,26,D01_P026_SEC_1_33_PAR001
public financial management,3,6,6,financial,"contains domain term 'financial'; 'public financial management' is a fixed multi-word expression, not a grammatical template",0,"see D02_BOX007 (D02, page 16) - contains 'public financial management'",D02,16,D02_BOX007
rapid growth in,3,6,6,growth,"contains domain term 'growth'; 'rapid growth in' is a fixed multi-word expression, not a grammatical template",0.333,"see D06_P011_SEC_6_16_PAR003 (D06, page 11) - contains 'rapid growth in'",D06,11,D06_P011_SEC_6_16_PAR003
"renewable energy ,",3,6,6,energy,"contains domain term 'energy'; 'renewable energy ,' is a fixed multi-word expression, not a grammatical template",0,"see D01_P007_SEC_1_6_PAR006 (D01, page 7) - contains 'renewable energy ,'",D01,7,D01_P007_SEC_1_6_PAR006
"sector , which",3,6,6,sector,"contains domain term 'sector'; 'sector , which' is a fixed multi-word expression, not a grammatical template",0.333,"see D04_BOX001 (D04, page 21) - contains 'sector , which'",D04,21,D04_BOX001
sector enterprises (,3,6,5,sector,"contains domain term 'sector'; 'sector enterprises (' is a fixed multi-word expression, not a grammatical template",0,"see D01_BOX005 (D01, page 21) - contains 'sector enterprises ('",D01,21,D01_BOX005
"sectors , with",3,6,5,sectors,"contains domain term 'sectors'; 'sectors , with' is a fixed multi-word expression, not a grammatical template",0.333,"see D05_P015_SEC_5_30_PAR001 (D05, page 15) - contains 'sectors , with'",D05,15,D05_P015_SEC_5_30_PAR001
sectors . the,3,6,6,sectors,"contains domain term 'sectors'; 'sectors . the' is a fixed multi-word expression, not a grammatical template",0.333,"see D03_P013_SEC_3_21_PAR001 (D03, page 13) - contains 'sectors . the'",D03,13,D03_P013_SEC_3_21_PAR001
"services exports ,",3,6,6,exports,"contains domain term 'exports'; 'services exports ,' is a fixed multi-word expression, not a grammatical template",0,"see D04_P008_SEC_4_20_PAR001 (D04, page 8) - contains 'services exports ,'",D04,8,D04_P008_SEC_4_20_PAR001
services exports have,3,6,5,exports,"contains domain term 'exports'; 'services exports have' is a fixed multi-word expression, not a grammatical template",0.333,"see D01_P013_SEC_1_14_PAR001 (D01, page 13) - contains 'services exports have'",D01,13,D01_P013_SEC_1_14_PAR001
strike a balance,3,6,6,balance,"contains domain term 'balance'; 'strike a balance' is a fixed multi-word expression, not a grammatical template",0.333,"see D01_P001_UNKNOWN_PAR005 (D01, page 1) - contains 'strike a balance'",D01,1,D01_P001_UNKNOWN_PAR005
strong macroeconomic fundamentals,3,6,6,macroeconomic,"contains domain term 'macroeconomic'; 'strong macroeconomic fundamentals' is a fixed multi-word expression, not a grammatical template",0,"see D02_P041_SEC_2_55_PAR001 (D02, page 41) - contains 'strong macroeconomic fundamentals'",D02,41,D02_P041_SEC_2_55_PAR001
supply chains and,3,6,6,supply,"contains domain term 'supply'; 'supply chains and' is a fixed multi-word expression, not a grammatical template",0.333,"see D08_P027_UNKNOWN_PAR005 (D08, page 27) - contains 'supply chains and'",D08,27,D08_P027_UNKNOWN_PAR005
supply chains are,3,6,6,supply,"contains domain term 'supply'; 'supply chains are' is a fixed multi-word expression, not a grammatical template",0.333,"see D04_P002_SEC_4_1_PAR001 (D04, page 2) - contains 'supply chains are'",D04,2,D04_P002_SEC_4_1_PAR001
that services exports,3,6,6,exports,"contains domain term 'exports'; 'that services exports' is a fixed multi-word expression, not a grammatical template",0.333,"see D04_P052_SEC_4_97_PAR001 (D04, page 52) - contains 'that services exports'",D04,52,D04_P052_SEC_4_97_PAR001
the agricultural sector,3,6,6,sector,"contains domain term 'sector'; 'the agricultural sector' is a fixed multi-word expression, not a grammatical template",0.333,"see D03_P018_SEC_3_34_PAR001 (D03, page 18) - contains 'the agricultural sector'",D03,18,D03_P018_SEC_3_34_PAR001
the agriculture sector,3,6,6,sector,"contains domain term 'sector'; 'the agriculture sector' is a fixed multi-word expression, not a grammatical template",0.333,"see D03_P013_SEC_3_21_PAR001 (D03, page 13) - contains 'the agriculture sector'",D03,13,D03_P013_SEC_3_21_PAR001
the credit guarantee,3,6,4,credit,"contains domain term 'credit'; 'the credit guarantee' is a fixed multi-word expression, not a grammatical template",0.333,"see D03_P020_SEC_3_38_PAR001 (D03, page 20) - contains 'the credit guarantee'",D03,20,D03_P020_SEC_3_38_PAR001
the msme sector,3,6,5,sector,"contains domain term 'sector'; 'the msme sector' is a fixed multi-word expression, not a grammatical template",0.333,"see D03_P016_SEC_3_26_PAR001 (D03, page 16) - contains 'the msme sector'",D03,16,D03_P016_SEC_3_26_PAR001
"trade , and",3,6,6,trade,"contains domain term 'trade'; 'trade , and' is a fixed multi-word expression, not a grammatical template",0.333,"see D03_P002_SEC_3_4_PAR001 (D03, page 2) - contains 'trade , and'",D03,2,D03_P002_SEC_3_4_PAR001
"trade deficit ,",3,6,6,deficit;trade,"contains domain term 'deficit'; contains domain term 'trade'; 'trade deficit ,' is a fixed multi-word expression, not a grammatical template",0,"see D04_P001_UNKNOWN_PAR003 (D04, page 1) - contains 'trade deficit ,'",D04,1,D04_P001_UNKNOWN_PAR003
trade policy uncertainty,3,6,6,policy;trade,"contains domain term 'policy'; contains domain term 'trade'; 'trade policy uncertainty' is a fixed multi-word expression, not a grammatical template",0,"see D04_P001_UNKNOWN_PAR002 (D04, page 1) - contains 'trade policy uncertainty'",D04,1,D04_P001_UNKNOWN_PAR002
's policy,2,6,6,policy,"contains domain term 'policy'; ''s policy' is a noun phrase / collocation, not a function-word pair",0,"see D03_P009_SEC_3_12_PAR001 (D03, page 9) - contains ''s policy'",D03,9,D03_P009_SEC_3_12_PAR001
's regulatory,2,6,6,regulatory,"contains domain term 'regulatory'; ''s regulatory' is a noun phrase / collocation, not a function-word pair",0,"see D03_P038_UNKNOWN_PAR005 (D03, page 38) - contains ''s regulatory'",D03,38,D03_P038_UNKNOWN_PAR005
( foreign,2,6,6,foreign,"contains domain term 'foreign'; '( foreign' is a noun phrase / collocation, not a function-word pair",0,"see D03_P061_SEC_3_99_PAR004 (D03, page 61) - contains '( foreign'",D03,61,D03_P061_SEC_3_99_PAR004
", debt",2,6,6,debt,"contains domain term 'debt'; ', debt' is a noun phrase / collocation, not a function-word pair",0,"see D11_P046_SEC_11_70_PAR001 (D11, page 46) - contains ', debt'",D11,46,D11_P046_SEC_11_70_PAR001
", fdi",2,6,6,fdi,"contains domain term 'fdi'; ', fdi' is a noun phrase / collocation, not a function-word pair",0,"see D01_P004_SEC_1_5_PAR001 (D01, page 4) - contains ', fdi'",D01,4,D01_P004_SEC_1_5_PAR001
", gst",2,6,6,gst,"contains domain term 'gst'; ', gst' is a noun phrase / collocation, not a function-word pair",0,"see D02_P001_UNKNOWN_PAR003 (D02, page 1) - contains ', gst'",D02,1,D02_P001_UNKNOWN_PAR003
. export,2,6,6,export,"contains domain term 'export'; '. export' is a noun phrase / collocation, not a function-word pair",0,"see D04_P013_SEC_4_31_PAR001 (D04, page 13) - contains '. export'",D04,13,D04_P013_SEC_4_31_PAR001
. industry,2,6,6,industry,"contains domain term 'industry'; '. industry' is a noun phrase / collocation, not a function-word pair",0,"see D07_P019_SEC_7_26_PAR001 (D07, page 19) - contains '. industry'",D07,19,D07_P019_SEC_7_26_PAR001
. market,2,6,6,market,"contains domain term 'market'; '. market' is a noun phrase / collocation, not a function-word pair",0,"see D22_P020_SEC_4_4_4_PAR003 (D22, page 20) - contains '. market'",D22,20,D22_P020_SEC_4_4_4_PAR003
a fiscal,2,6,6,fiscal,"contains domain term 'fiscal'; 'a fiscal' is a noun phrase / collocation, not a function-word pair",0.5,"see D01_P025_SEC_1_31_PAR001 (D01, page 25) - contains 'a fiscal'",D01,25,D01_P025_SEC_1_31_PAR001
a market,2,6,5,market,"contains domain term 'market'; 'a market' is a noun phrase / collocation, not a function-word pair",0.5,"see D03_P044_SEC_3_75_PAR001 (D03, page 44) - contains 'a market'",D03,44,D03_P044_SEC_3_75_PAR001
account deficit,2,6,6,account;deficit,"contains domain term 'account'; contains domain term 'deficit'; 'account deficit' is a noun phrase / collocation, not a function-word pair",0,"see D01_P027_SEC_1_35_PAR001 (D01, page 27) - contains 'account deficit'",D01,27,D01_P027_SEC_1_35_PAR001
account surpluses,2,6,6,account,"contains domain term 'account'; 'account surpluses' is a noun phrase / collocation, not a function-word pair",0,"see D03_P049_SEC_3_85_PAR005 (D03, page 49) - contains 'account surpluses'",D03,49,D03_P049_SEC_3_85_PAR005
after tax,2,6,6,tax,"contains domain term 'tax'; 'after tax' is a noun phrase / collocation, not a function-word pair",0.5,"see D01_P026_SEC_1_33_PAR001 (D01, page 26) - contains 'after tax'",D01,26,D01_P026_SEC_1_33_PAR001
agricultural exports,2,6,5,exports,"contains domain term 'exports'; 'agricultural exports' is a noun phrase / collocation, not a function-word pair",0,"see D04_P012_SEC_4_28_PAR002 (D04, page 12) - contains 'agricultural exports'",D04,12,D04_P012_SEC_4_28_PAR002
and exchange,2,6,6,exchange,"contains domain term 'exchange'; 'and exchange' is a noun phrase / collocation, not a function-word pair",0.5,"see D04_P047_SEC_4_93_PAR001 (D04, page 47) - contains 'and exchange'",D04,47,D04_P047_SEC_4_93_PAR001
and liquidity,2,6,5,liquidity,"contains domain term 'liquidity'; 'and liquidity' is a noun phrase / collocation, not a function-word pair",0.5,"see D02_P035_SEC_2_47_PAR001 (D02, page 35) - contains 'and liquidity'",D02,35,D02_P035_SEC_2_47_PAR001
and output,2,6,5,output,"contains domain term 'output'; 'and output' is a noun phrase / collocation, not a function-word pair",0.5,"see D06_P011_SEC_6_16_PAR006 (D06, page 11) - contains 'and output'",D06,11,D06_P011_SEC_6_16_PAR006
assets (,2,6,6,assets,"contains domain term 'assets'; 'assets (' is a noun phrase / collocation, not a function-word pair",0,"see D03_P006_SEC_3_8_PAR008 (D03, page 6) - contains 'assets ('",D03,6,D03_P006_SEC_3_8_PAR008
assets of,2,6,5,assets,"contains domain term 'assets'; 'assets of' is a noun phrase / collocation, not a function-word pair",0.5,"see D03_P006_SEC_3_8_PAR005 (D03, page 6) - contains 'assets of'",D03,6,D03_P006_SEC_3_8_PAR005
blended finance,2,6,6,finance,"contains domain term 'finance'; 'blended finance' is a noun phrase / collocation, not a function-word pair",0,"see D03_P042_SEC_3_73_PAR001 (D03, page 42) - contains 'blended finance'",D03,42,D03_P042_SEC_3_73_PAR001
bonds :,2,6,4,bonds,"contains domain term 'bonds'; 'bonds :' is a noun phrase / collocation, not a function-word pair",0,"see D21_BOX005 (D21, page 11) - contains 'bonds :'",D21,11,D21_BOX005
bonds and,2,6,6,bonds,"contains domain term 'bonds'; 'bonds and' is a noun phrase / collocation, not a function-word pair",0.5,"see D03_P041_SEC_3_73_PAR003 (D03, page 41) - contains 'bonds and'",D03,41,D03_P041_SEC_3_73_PAR003
capital funds,2,6,6,capital,"contains domain term 'capital'; 'capital funds' is a noun phrase / collocation, not a function-word pair",0,"see D22_P008_SEC_4_1_3_PAR002 (D22, page 8) - contains 'capital funds'",D22,8,D22_P008_SEC_4_1_3_PAR002
cement industry,2,6,4,industry,"contains domain term 'industry'; 'cement industry' is a noun phrase / collocation, not a function-word pair",0,"see D08_P007_SEC_8_16_PAR001 (D08, page 7) - contains 'cement industry'",D08,7,D08_P007_SEC_8_16_PAR001
central sector,2,6,6,sector,"contains domain term 'sector'; 'central sector' is a noun phrase / collocation, not a function-word pair",0,"see D02_P017_UNKNOWN_PAR002 (D02, page 17) - contains 'central sector'",D02,17,D02_P017_UNKNOWN_PAR002
consumption demand,2,6,6,consumption;demand,"contains domain term 'consumption'; contains domain term 'demand'; 'consumption demand' is a noun phrase / collocation, not a function-word pair",0,"see D01_P010_SEC_1_9_PAR001 (D01, page 10) - contains 'consumption demand'",D01,10,D01_P010_SEC_1_9_PAR001
consumption of,2,6,5,consumption,"contains domain term 'consumption'; 'consumption of' is a noun phrase / collocation, not a function-word pair",0.5,"see D10_P019_SEC_10_46_PAR002 (D10, page 19) - contains 'consumption of'",D10,19,D10_P019_SEC_10_46_PAR002
cooperative banks,2,6,4,banks,"contains domain term 'banks'; 'cooperative banks' is a noun phrase / collocation, not a function-word pair",0,"see D03_P020_SEC_3_39_PAR001 (D03, page 20) - contains 'cooperative banks'",D03,20,D03_P020_SEC_3_39_PAR001
corporate tax,2,6,5,tax,"contains domain term 'tax'; 'corporate tax' is a noun phrase / collocation, not a function-word pair",0,"see D02_BOX003 (D02, page 8) - contains 'corporate tax'",D02,8,D02_BOX003
cpi inflation,2,6,6,cpi;inflation,"contains domain term 'cpi'; contains domain term 'inflation'; 'cpi inflation' is a noun phrase / collocation, not a function-word pair",0,"see D01_P024_SEC_1_29_PAR001 (D01, page 24) - contains 'cpi inflation'",D01,24,D01_P024_SEC_1_29_PAR001
credit ratings,2,6,6,credit,"contains domain term 'credit'; 'credit ratings' is a noun phrase / collocation, not a function-word pair",0,"see D01_P026_SEC_1_32_PAR001 (D01, page 26) - contains 'credit ratings'",D01,26,D01_P026_SEC_1_32_PAR001
currency strength,2,6,5,currency,"contains domain term 'currency'; 'currency strength' is a noun phrase / collocation, not a function-word pair",0,"see D04_P050_SEC_4_96_PAR001 (D04, page 50) - contains 'currency strength'",D04,50,D04_P050_SEC_4_96_PAR001
current fiscal,2,6,6,current;fiscal,"contains domain term 'current'; contains domain term 'fiscal'; 'current fiscal' is a noun phrase / collocation, not a function-word pair",0,"see D02_BOX017 (D02, page 34) - contains 'current fiscal'",D02,34,D02_BOX017
debt .,2,6,6,debt,"contains domain term 'debt'; 'debt .' is a noun phrase / collocation, not a function-word pair",0,"see D02_P041_SEC_2_55_PAR001 (D02, page 41) - contains 'debt .'",D02,41,D02_P041_SEC_2_55_PAR001
deficit in,2,6,5,deficit,"contains domain term 'deficit'; 'deficit in' is a noun phrase / collocation, not a function-word pair",0.5,"see D10_P019_SEC_10_46_PAR001 (D10, page 19) - contains 'deficit in'",D10,19,D10_P019_SEC_10_46_PAR001
demat account,2,6,4,account,"contains domain term 'account'; 'demat account' is a noun phrase / collocation, not a function-word pair",0,"see D21_T014 (D21, page 15) - contains 'demat account'",D21,15,D21_T014
distribution sector,2,6,5,sector,"contains domain term 'sector'; 'distribution sector' is a noun phrase / collocation, not a function-word pair",0,"see D02_P016_SEC_2_26_PAR001 (D02, page 16) - contains 'distribution sector'",D02,16,D02_P016_SEC_2_26_PAR001
domestic market,2,6,6,market,"contains domain term 'market'; 'domestic market' is a noun phrase / collocation, not a function-word pair",0,"see D03_P052_SEC_3_91_PAR001 (D03, page 52) - contains 'domestic market'",D03,52,D03_P052_SEC_3_91_PAR001
electricity consumption,2,6,5,consumption,"contains domain term 'consumption'; 'electricity consumption' is a noun phrase / collocation, not a function-word pair",0,"see D01_P019_UNKNOWN_PAR001 (D01, page 19) - contains 'electricity consumption'",D01,19,D01_P019_UNKNOWN_PAR001
employment dynamics,2,6,6,employment,"contains domain term 'employment'; 'employment dynamics' is a noun phrase / collocation, not a function-word pair",0,"see D07_P001_UNKNOWN_PAR003 (D07, page 1) - contains 'employment dynamics'",D07,1,D07_P001_UNKNOWN_PAR003
energy sources,2,6,6,energy,"contains domain term 'energy'; 'energy sources' is a noun phrase / collocation, not a function-word pair",0,"see D07_P021_SEC_7_30_PAR002 (D07, page 21) - contains 'energy sources'",D07,21,D07_P021_SEC_7_30_PAR002
enhance productivity,2,6,6,productivity,"contains domain term 'productivity'; 'enhance productivity' is a noun phrase / collocation, not a function-word pair",0,"see D06_P001_UNKNOWN_PAR004 (D06, page 1) - contains 'enhance productivity'",D06,1,D06_P001_UNKNOWN_PAR004
equity f,2,6,5,equity,"contains domain term 'equity'; 'equity f' is a noun phrase / collocation, not a function-word pair",0,"see D22_P014_SEC_4_3_2_PAR002 (D22, page 14) - contains 'equity f'",D22,14,D22_P014_SEC_4_3_2_PAR002
exchange .,2,6,5,exchange,"contains domain term 'exchange'; 'exchange .' is a noun phrase / collocation, not a function-word pair",0,"see D03_P030_SEC_3_50_PAR004 (D03, page 30) - contains 'exchange .'",D03,30,D03_P030_SEC_3_50_PAR004
export controls,2,6,5,export,"contains domain term 'export'; 'export controls' is a noun phrase / collocation, not a function-word pair",0,"see D01_P006_SEC_1_6_PAR002 (D01, page 6) - contains 'export controls'",D01,6,D01_P006_SEC_1_6_PAR002
financial architecture,2,6,6,financial,"contains domain term 'financial'; 'financial architecture' is a noun phrase / collocation, not a function-word pair",0,"see D03_P002_SEC_3_2_PAR001 (D03, page 2) - contains 'financial architecture'",D03,2,D03_P002_SEC_3_2_PAR001
financial deepening,2,6,6,financial,"contains domain term 'financial'; 'financial deepening' is a noun phrase / collocation, not a function-word pair",0,"see D03_P030_SEC_3_50_PAR002 (D03, page 30) - contains 'financial deepening'",D03,30,D03_P030_SEC_3_50_PAR002
financial statements,2,6,6,financial,"contains domain term 'financial'; 'financial statements' is a noun phrase / collocation, not a function-word pair",0,"see D28_P006_UNKNOWN_PAR003 (D28, page 6) - contains 'financial statements'",D28,6,D28_P006_UNKNOWN_PAR003
financial systems,2,6,6,financial,"contains domain term 'financial'; 'financial systems' is a noun phrase / collocation, not a function-word pair",0,"see D10_P001_UNKNOWN_PAR004 (D10, page 1) - contains 'financial systems'",D10,1,D10_P001_UNKNOWN_PAR004
for banks,2,6,5,banks,"contains domain term 'banks'; 'for banks' is a noun phrase / collocation, not a function-word pair",0.5,"see D18_P002_UNKNOWN_PAR002 (D18, page 2) - contains 'for banks'",D18,2,D18_P002_UNKNOWN_PAR002
for foreign,2,6,6,foreign,"contains domain term 'foreign'; 'for foreign' is a noun phrase / collocation, not a function-word pair",0.5,"see D03_P060_SEC_3_99_PAR004 (D03, page 60) - contains 'for foreign'",D03,60,D03_P060_SEC_3_99_PAR004
for growth,2,6,6,growth,"contains domain term 'growth'; 'for growth' is a noun phrase / collocation, not a function-word pair",0.5,"see D01_P013_SEC_1_14_PAR001 (D01, page 13) - contains 'for growth'",D01,13,D01_P013_SEC_1_14_PAR001
foreign capital,2,6,6,capital;foreign,"contains domain term 'capital'; contains domain term 'foreign'; 'foreign capital' is a noun phrase / collocation, not a function-word pair",0,"see D03_P034_SEC_3_64_PAR001 (D03, page 34) - contains 'foreign capital'",D03,34,D03_P034_SEC_3_64_PAR001
fresh capital,2,6,4,capital,"contains domain term 'capital'; 'fresh capital' is a noun phrase / collocation, not a function-word pair",0,"see D04_P038_SEC_4_80_PAR007 (D04, page 38) - contains 'fresh capital'",D04,38,D04_P038_SEC_4_80_PAR007
gdp by,2,6,6,gdp,"contains domain term 'gdp'; 'gdp by' is a noun phrase / collocation, not a function-word pair",0.5,"see D01_P025_SEC_1_31_PAR001 (D01, page 25) - contains 'gdp by'",D01,25,D01_P025_SEC_1_31_PAR001
gdp for,2,6,6,gdp,"contains domain term 'gdp'; 'gdp for' is a noun phrase / collocation, not a function-word pair",0.5,"see D02_P034_UNKNOWN_PAR001 (D02, page 34) - contains 'gdp for'",D02,34,D02_P034_UNKNOWN_PAR001
global fdi,2,6,6,fdi,"contains domain term 'fdi'; 'global fdi' is a noun phrase / collocation, not a function-word pair",0,"see D04_BOX007 (D04, page 39) - contains 'global fdi'",D04,39,D04_BOX007
green energy,2,6,6,energy,"contains domain term 'energy'; 'green energy' is a noun phrase / collocation, not a function-word pair",0,"see D07_P021_SEC_7_30_PAR002 (D07, page 21) - contains 'green energy'",D07,21,D07_P021_SEC_7_30_PAR002
growth during,2,6,6,growth,"contains domain term 'growth'; 'growth during' is a noun phrase / collocation, not a function-word pair",0.5,"see D01_P008_SEC_1_7_PAR001 (D01, page 8) - contains 'growth during'",D01,8,D01_P008_SEC_1_7_PAR001
growth for,2,6,6,growth,"contains domain term 'growth'; 'growth for' is a noun phrase / collocation, not a function-word pair",0.5,"see D01_P021_UNKNOWN_PAR002 (D01, page 21) - contains 'growth for'",D01,21,D01_P021_UNKNOWN_PAR002
imports from,2,6,5,imports,"contains domain term 'imports'; 'imports from' is a noun phrase / collocation, not a function-word pair",0.5,"see D01_P002_SEC_1_1_PAR001 (D01, page 2) - contains 'imports from'",D01,2,D01_P002_SEC_1_1_PAR001
in energy,2,6,6,energy,"contains domain term 'energy'; 'in energy' is a noun phrase / collocation, not a function-word pair",0.5,"see D06_P011_SEC_6_16_PAR004 (D06, page 11) - contains 'in energy'",D06,11,D06_P011_SEC_6_16_PAR004
in sectors,2,6,6,sectors,"contains domain term 'sectors'; 'in sectors' is a noun phrase / collocation, not a function-word pair",0.5,"see D07_P015_SEC_7_18_PAR002 (D07, page 15) - contains 'in sectors'",D07,15,D07_P015_SEC_7_18_PAR002
"income ,",2,6,6,income,"contains domain term 'income'; 'income ,' is a noun phrase / collocation, not a function-word pair",0,"see D07_P008_SEC_7_13_PAR003 (D07, page 8) - contains 'income ,'",D07,8,D07_P008_SEC_7_13_PAR003
india market,2,6,6,market,"contains domain term 'market'; 'india market' is a noun phrase / collocation, not a function-word pair",0,"see D22_P004_SEC_4_1_1_PAR002 (D22, page 4) - contains 'india market'",D22,4,D22_P004_SEC_4_1_1_PAR002
indian capital,2,6,6,capital,"contains domain term 'capital'; 'indian capital' is a noun phrase / collocation, not a function-word pair",0,"see D03_P052_SEC_3_92_PAR001 (D03, page 52) - contains 'indian capital'",D03,52,D03_P052_SEC_3_92_PAR001
industrial growth,2,6,6,growth,"contains domain term 'growth'; 'industrial growth' is a noun phrase / collocation, not a function-word pair",0,"see D01_P016_SEC_1_21_PAR001 (D01, page 16) - contains 'industrial growth'",D01,16,D01_P016_SEC_1_21_PAR001
industries ltd.,2,6,6,industries,"contains domain term 'industries'; 'industries ltd.' is a noun phrase / collocation, not a function-word pair",0,"see D28_P019_UNKNOWN_PAR011 (D28, page 19) - contains 'industries ltd.'",D28,19,D28_P019_UNKNOWN_PAR011
inflation has,2,6,6,inflation,"contains domain term 'inflation'; 'inflation has' is a noun phrase / collocation, not a function-word pair",0.5,"see D01_P001_UNKNOWN_PAR005 (D01, page 1) - contains 'inflation has'",D01,1,D01_P001_UNKNOWN_PAR005
investment activity,2,6,5,investment,"contains domain term 'investment'; 'investment activity' is a noun phrase / collocation, not a function-word pair",0,"see D01_P012_SEC_1_12_PAR001 (D01, page 12) - contains 'investment activity'",D01,12,D01_P012_SEC_1_12_PAR001
investment decisions,2,6,6,investment,"contains domain term 'investment'; 'investment decisions' is a noun phrase / collocation, not a function-word pair",0,"see D03_P004_SEC_3_8_PAR001 (D03, page 4) - contains 'investment decisions'",D03,4,D03_P004_SEC_3_8_PAR001
investor .,2,6,6,investor,"contains domain term 'investor'; 'investor .' is a noun phrase / collocation, not a function-word pair",0,"see D21_P003_SEC_3_1_1_PAR002 (D21, page 3) - contains 'investor .'",D21,3,D21_P003_SEC_3_1_1_PAR002
investors can,2,6,5,investors,"contains domain term 'investors'; 'investors can' is a noun phrase / collocation, not a function-word pair",0.5,"see D10_P033_SEC_10_79_PAR001 (D10, page 33) - contains 'investors can'",D10,33,D10_P033_SEC_10_79_PAR001
investors from,2,6,6,investors,"contains domain term 'investors'; 'investors from' is a noun phrase / collocation, not a function-word pair",0.5,"see D26_P002_SEC_8_1_PAR064 (D26, page 2) - contains 'investors from'",D26,2,D26_P002_SEC_8_1_PAR064
lending to,2,6,6,lending,"contains domain term 'lending'; 'lending to' is a noun phrase / collocation, not a function-word pair",0.5,"see D03_P027_SEC_3_49_PAR001 (D03, page 27) - contains 'lending to'",D03,27,D03_P027_SEC_3_49_PAR001
"liabilities ,",2,6,5,liabilities,"contains domain term 'liabilities'; 'liabilities ,' is a noun phrase / collocation, not a function-word pair",0,"see D02_P036_SEC_2_48_PAR001 (D02, page 36) - contains 'liabilities ,'",D02,36,D02_P036_SEC_2_48_PAR001
liquidity conditions,2,6,5,liquidity,"contains domain term 'liquidity'; 'liquidity conditions' is a noun phrase / collocation, not a function-word pair",0,"see D03_P002_SEC_3_1_PAR001 (D03, page 2) - contains 'liquidity conditions'",D03,2,D03_P002_SEC_3_1_PAR001
loss of,2,6,6,loss,"contains domain term 'loss'; 'loss of' is a noun phrase / collocation, not a function-word pair",0.5,"see D02_BOX005 (D02, page 15) - contains 'loss of'",D02,15,D02_BOX005
manufacturing export,2,6,6,export,"contains domain term 'export'; 'manufacturing export' is a noun phrase / collocation, not a function-word pair",0,"see D04_P052_SEC_4_97_PAR001 (D04, page 52) - contains 'manufacturing export'",D04,52,D04_P052_SEC_4_97_PAR001
market dynamics,2,6,6,market,"contains domain term 'market'; 'market dynamics' is a noun phrase / collocation, not a function-word pair",0,"see D01_P033_SEC_1_PAR006 (D01, page 33) - contains 'market dynamics'",D01,33,D01_P033_SEC_1_PAR006
market in,2,6,6,market,"contains domain term 'market'; 'market in' is a noun phrase / collocation, not a function-word pair",0.5,"see D03_BOX019 (D03, page 46) - contains 'market in'",D03,46,D03_BOX019
market segments,2,6,6,market,"contains domain term 'market'; 'market segments' is a noun phrase / collocation, not a function-word pair",0,"see D22_P028_SEC_4_6_3_PAR002 (D22, page 28) - contains 'market segments'",D22,28,D22_P028_SEC_4_6_3_PAR002
market share,2,6,6,market,"contains domain term 'market'; 'market share' is a noun phrase / collocation, not a function-word pair",0,"see D02_BOX005 (D02, page 15) - contains 'market share'",D02,15,D02_BOX005
markets have,2,6,6,markets,"contains domain term 'markets'; 'markets have' is a noun phrase / collocation, not a function-word pair",0.5,"see D01_P025_SEC_1_32_PAR001 (D01, page 25) - contains 'markets have'",D01,25,D01_P025_SEC_1_32_PAR001
mortality rate,2,6,4,rate,"contains domain term 'rate'; 'mortality rate' is a noun phrase / collocation, not a function-word pair",0,"see D01_P030_SEC_1_41_PAR001 (D01, page 30) - contains 'mortality rate'",D01,30,D01_P030_SEC_1_41_PAR001
net capital,2,6,5,capital,"contains domain term 'capital'; 'net capital' is a noun phrase / collocation, not a function-word pair",0,"see D04_P047_SEC_4_93_PAR002 (D04, page 47) - contains 'net capital'",D04,47,D04_P047_SEC_4_93_PAR002
net tax,2,6,5,tax,"contains domain term 'tax'; 'net tax' is a noun phrase / collocation, not a function-word pair",0,"see D02_BOX007 (D02, page 16) - contains 'net tax'",D02,16,D02_BOX007
non-food bank,2,6,6,bank,"contains domain term 'bank'; 'non-food bank' is a noun phrase / collocation, not a function-word pair",0,"see D01_P013_SEC_1_13_PAR001 (D01, page 13) - contains 'non-food bank'",D01,13,D01_P013_SEC_1_13_PAR001
nuclear energy,2,6,5,energy,"contains domain term 'energy'; 'nuclear energy' is a noun phrase / collocation, not a function-word pair",0,"see D08_BOX011 (D08, page 24) - contains 'nuclear energy'",D08,24,D08_BOX011
of bank,2,6,6,bank,"contains domain term 'bank'; 'of bank' is a noun phrase / collocation, not a function-word pair",0.5,"see D03_BOX011 (D03, page 29) - contains 'of bank'",D03,29,D03_BOX011
of investments,2,6,6,investments,"contains domain term 'investments'; 'of investments' is a noun phrase / collocation, not a function-word pair",0.5,"see D04_BOX003 (D04, page 34) - contains 'of investments'",D04,34,D04_BOX003
of monetary,2,6,6,monetary,"contains domain term 'monetary'; 'of monetary' is a noun phrase / collocation, not a function-word pair",0.5,"see D01_P024_SEC_1_29_PAR001 (D01, page 24) - contains 'of monetary'",D01,24,D01_P024_SEC_1_29_PAR001
"oil ,",2,6,6,oil,"contains domain term 'oil'; 'oil ,' is a noun phrase / collocation, not a function-word pair",0,"see D02_P007_SEC_2_12_PAR001 (D02, page 7) - contains 'oil ,'",D02,7,D02_P007_SEC_2_12_PAR001
on energy,2,6,4,energy,"contains domain term 'energy'; 'on energy' is a noun phrase / collocation, not a function-word pair",0.5,"see D10_P025_SEC_10_61_PAR002 (D10, page 25) - contains 'on energy'",D10,25,D10_P025_SEC_10_61_PAR002
on equity,2,6,6,equity,"contains domain term 'equity'; 'on equity' is a noun phrase / collocation, not a function-word pair",0.5,"see D03_P014_SEC_3_23_PAR001 (D03, page 14) - contains 'on equity'",D03,14,D03_P014_SEC_3_23_PAR001
on investment,2,6,6,investment,"contains domain term 'investment'; 'on investment' is a noun phrase / collocation, not a function-word pair",0.5,"see D01_P030_SEC_1_43_PAR001 (D01, page 30) - contains 'on investment'",D01,30,D01_P030_SEC_1_43_PAR001
other financial,2,6,5,financial,"contains domain term 'financial'; 'other financial' is a noun phrase / collocation, not a function-word pair",0.5,"see D07_P008_SEC_7_13_PAR002 (D07, page 8) - contains 'other financial'",D07,8,D07_P008_SEC_7_13_PAR002
output .,2,6,6,output,"contains domain term 'output'; 'output .' is a noun phrase / collocation, not a function-word pair",0,"see D01_P035_SEC_3_PAR004 (D01, page 35) - contains 'output .'",D01,35,D01_P035_SEC_3_PAR004
outstanding debt,2,6,5,debt,"contains domain term 'debt'; 'outstanding debt' is a noun phrase / collocation, not a function-word pair",0,"see D02_P035_SEC_2_46_PAR001 (D02, page 35) - contains 'outstanding debt'",D02,35,D02_P035_SEC_2_46_PAR001
outward investment,2,6,5,investment,"contains domain term 'investment'; 'outward investment' is a noun phrase / collocation, not a function-word pair",0,"see D04_P039_SEC_4_81_PAR001 (D04, page 39) - contains 'outward investment'",D04,39,D04_P039_SEC_4_81_PAR001
payments are,2,6,6,payments,"contains domain term 'payments'; 'payments are' is a noun phrase / collocation, not a function-word pair",0.5,"see D03_P030_SEC_3_50_PAR003 (D03, page 30) - contains 'payments are'",D03,30,D03_P030_SEC_3_50_PAR003
payments to,2,6,6,payments,"contains domain term 'payments'; 'payments to' is a noun phrase / collocation, not a function-word pair",0.5,"see D02_P036_SEC_2_49_PAR001 (D02, page 36) - contains 'payments to'",D02,36,D02_P036_SEC_2_49_PAR001
policy actions,2,6,6,policy,"contains domain term 'policy'; 'policy actions' is a noun phrase / collocation, not a function-word pair",0,"see D03_P001_UNKNOWN_PAR002 (D03, page 1) - contains 'policy actions'",D03,1,D03_P001_UNKNOWN_PAR002
policy design,2,6,6,policy,"contains domain term 'policy'; 'policy design' is a noun phrase / collocation, not a function-word pair",0,"see D02_P011_SEC_2_18_PAR001 (D02, page 11) - contains 'policy design'",D02,11,D02_P011_SEC_2_18_PAR001
policy focus,2,6,6,policy,"contains domain term 'policy'; 'policy focus' is a noun phrase / collocation, not a function-word pair",0,"see D03_P046_SEC_3_84_PAR001 (D03, page 46) - contains 'policy focus'",D03,46,D03_P046_SEC_3_84_PAR001
policy should,2,6,4,policy,"contains domain term 'policy'; 'policy should' is a noun phrase / collocation, not a function-word pair",0.5,"see D10_P004_SEC_10_9_PAR001 (D10, page 4) - contains 'policy should'",D10,4,D10_P004_SEC_10_9_PAR001
price stability,2,6,6,stability,"contains domain term 'stability'; 'price stability' is a noun phrase / collocation, not a function-word pair",0,"see D03_P002_SEC_3_1_PAR001 (D03, page 2) - contains 'price stability'",D03,2,D03_P002_SEC_3_1_PAR001
priority sector,2,6,6,sector,"contains domain term 'sector'; 'priority sector' is a noun phrase / collocation, not a function-word pair",0,"see D03_P019_SEC_3_35_PAR001 (D03, page 19) - contains 'priority sector'",D03,19,D03_P019_SEC_3_35_PAR001
productivity through,2,6,6,productivity,"contains domain term 'productivity'; 'productivity through' is a noun phrase / collocation, not a function-word pair",0.5,"see D06_P003_SEC_6_5_PAR001 (D06, page 3) - contains 'productivity through'",D06,3,D06_P003_SEC_6_5_PAR001
profit after,2,6,6,profit,"contains domain term 'profit'; 'profit after' is a noun phrase / collocation, not a function-word pair",0.5,"see D01_P026_SEC_1_33_PAR001 (D01, page 26) - contains 'profit after'",D01,26,D01_P026_SEC_1_33_PAR001
provide investors,2,6,6,investors,"contains domain term 'investors'; 'provide investors' is a noun phrase / collocation, not a function-word pair",0,"see D03_P043_SEC_3_74_PAR007 (D03, page 43) - contains 'provide investors'",D03,43,D03_P043_SEC_3_74_PAR007
rate and,2,6,6,rate,"contains domain term 'rate'; 'rate and' is a noun phrase / collocation, not a function-word pair",0.5,"see D01_P029_SEC_1_39_PAR002 (D01, page 29) - contains 'rate and'",D01,29,D01_P029_SEC_1_39_PAR002
rate rationalisation,2,6,6,rate,"contains domain term 'rate'; 'rate rationalisation' is a noun phrase / collocation, not a function-word pair",0,"see D01_P011_SEC_1_11_PAR001 (D01, page 11) - contains 'rate rationalisation'",D01,11,D01_P011_SEC_1_11_PAR001
rates are,2,6,6,rates,"contains domain term 'rates'; 'rates are' is a noun phrase / collocation, not a function-word pair",0.5,"see D02_P008_SEC_2_16_PAR001 (D02, page 8) - contains 'rates are'",D02,8,D02_P008_SEC_2_16_PAR001
rates in,2,6,6,rates,"contains domain term 'rates'; 'rates in' is a noun phrase / collocation, not a function-word pair",0.5,"see D01_P003_SEC_1_2_PAR002 (D01, page 3) - contains 'rates in'",D01,3,D01_P003_SEC_1_2_PAR002
rates of,2,6,6,rates,"contains domain term 'rates'; 'rates of' is a noun phrase / collocation, not a function-word pair",0.5,"see D01_P015_SEC_1_17_PAR002 (D01, page 15) - contains 'rates of'",D01,15,D01_P015_SEC_1_17_PAR002
regulation .,2,6,6,regulation,"contains domain term 'regulation'; 'regulation .' is a noun phrase / collocation, not a function-word pair",0,"see D03_BOX023 (D03, page 64) - contains 'regulation .'",D03,64,D03_BOX023
regulatory compliance,2,6,6,regulatory,"contains domain term 'regulatory'; 'regulatory compliance' is a noun phrase / collocation, not a function-word pair",0,"see D01_P033_SEC_1_PAR007 (D01, page 33) - contains 'regulatory compliance'",D01,33,D01_P033_SEC_1_PAR007
regulatory institutions,2,6,6,regulatory,"contains domain term 'regulatory'; 'regulatory institutions' is a noun phrase / collocation, not a function-word pair",0,"see D17_P003_SEC_16_87_PAR001 (D17, page 3) - contains 'regulatory institutions'",D17,3,D17_P003_SEC_16_87_PAR001
revenue mobilisation,2,6,6,revenue,"contains domain term 'revenue'; 'revenue mobilisation' is a noun phrase / collocation, not a function-word pair",0,"see D01_P024_SEC_1_30_PAR001 (D01, page 24) - contains 'revenue mobilisation'",D01,24,D01_P024_SEC_1_30_PAR001
robust growth,2,6,6,growth,"contains domain term 'growth'; 'robust growth' is a noun phrase / collocation, not a function-word pair",0,"see D04_P010_SEC_4_22_PAR001 (D04, page 10) - contains 'robust growth'",D04,10,D04_P010_SEC_4_22_PAR001
sector enterprises,2,6,5,sector,"contains domain term 'sector'; 'sector enterprises' is a noun phrase / collocation, not a function-word pair",0,"see D01_BOX005 (D01, page 21) - contains 'sector enterprises'",D01,21,D01_BOX005
sector through,2,6,6,sector,"contains domain term 'sector'; 'sector through' is a noun phrase / collocation, not a function-word pair",0.5,"see D01_P022_SEC_1_28_PAR009 (D01, page 22) - contains 'sector through'",D01,22,D01_P022_SEC_1_28_PAR009
sectors in,2,6,6,sectors,"contains domain term 'sectors'; 'sectors in' is a noun phrase / collocation, not a function-word pair",0.5,"see D02_P019_SEC_2_30_PAR001 (D02, page 19) - contains 'sectors in'",D02,19,D02_P019_SEC_2_30_PAR001
securities and,2,6,6,securities,"contains domain term 'securities'; 'securities and' is a noun phrase / collocation, not a function-word pair",0.5,"see D02_P034_SEC_2_45_PAR001 (D02, page 34) - contains 'securities and'",D02,34,D02_P034_SEC_2_45_PAR001
securities laws,2,6,6,securities,"contains domain term 'securities'; 'securities laws' is a noun phrase / collocation, not a function-word pair",0,"see D28_P006_SEC_10_1_4_PAR003 (D28, page 6) - contains 'securities laws'",D28,6,D28_P006_SEC_10_1_4_PAR003
services tax,2,6,6,tax,"contains domain term 'tax'; 'services tax' is a noun phrase / collocation, not a function-word pair",0,"see D02_P007_SEC_2_13_PAR002 (D02, page 7) - contains 'services tax'",D02,7,D02_P007_SEC_2_13_PAR002
social capital,2,6,6,capital,"contains domain term 'capital'; 'social capital' is a noun phrase / collocation, not a function-word pair",0,"see D11_P041_SEC_11_63_PAR001 (D11, page 41) - contains 'social capital'",D11,41,D11_P041_SEC_11_63_PAR001
strategic sectors,2,6,5,sectors,"contains domain term 'sectors'; 'strategic sectors' is a noun phrase / collocation, not a function-word pair",0,"see D01_P007_SEC_1_6_PAR005 (D01, page 7) - contains 'strategic sectors'",D01,7,D01_P007_SEC_1_6_PAR005
strong macroeconomic,2,6,6,macroeconomic,"contains domain term 'macroeconomic'; 'strong macroeconomic' is a noun phrase / collocation, not a function-word pair",0,"see D02_P041_SEC_2_55_PAR001 (D02, page 41) - contains 'strong macroeconomic'",D02,41,D02_P041_SEC_2_55_PAR001
tax (,2,6,6,tax,"contains domain term 'tax'; 'tax (' is a noun phrase / collocation, not a function-word pair",0,"see D02_P007_SEC_2_14_PAR001 (D02, page 7) - contains 'tax ('",D02,7,D02_P007_SEC_2_14_PAR001
tax reforms,2,6,5,tax,"contains domain term 'tax'; 'tax reforms' is a noun phrase / collocation, not a function-word pair",0,"see D01_P011_SEC_1_10_PAR001 (D01, page 11) - contains 'tax reforms'",D01,11,D01_P011_SEC_1_10_PAR001
the import,2,6,6,import,"contains domain term 'import'; 'the import' is a noun phrase / collocation, not a function-word pair",0.5,"see D04_P010_SEC_4_24_PAR001 (D04, page 10) - contains 'the import'",D04,10,D04_P010_SEC_4_24_PAR001
to credit,2,6,6,credit,"contains domain term 'credit'; 'to credit' is a noun phrase / collocation, not a function-word pair",0.5,"see D03_P026_SEC_3_47_PAR004 (D03, page 26) - contains 'to credit'",D03,26,D03_P026_SEC_3_47_PAR004
to investment,2,6,6,investment,"contains domain term 'investment'; 'to investment' is a noun phrase / collocation, not a function-word pair",0.5,"see D03_P026_SEC_3_47_PAR001 (D03, page 26) - contains 'to investment'",D03,26,D03_P026_SEC_3_47_PAR001
to policy,2,6,6,policy,"contains domain term 'policy'; 'to policy' is a noun phrase / collocation, not a function-word pair",0.5,"see D04_P053_SEC_4_99_PAR002 (D04, page 53) - contains 'to policy'",D04,53,D04_P053_SEC_4_99_PAR002
trade tensions,2,6,5,trade,"contains domain term 'trade'; 'trade tensions' is a noun phrase / collocation, not a function-word pair",0,"see D04_P004_SEC_4_9_PAR001 (D04, page 4) - contains 'trade tensions'",D04,4,D04_P004_SEC_4_9_PAR001
under regulation,2,6,6,regulation,"contains domain term 'regulation'; 'under regulation' is a noun phrase / collocation, not a function-word pair",0.5,"see D11_P033_SEC_11_47_PAR002 (D11, page 33) - contains 'under regulation'",D11,33,D11_P033_SEC_11_47_PAR002
