ngram,n,frequency,document_frequency,example_document,example_page,example_unit_id,contains_domain_term,is_function_word_phrase,has_content_token,is_repeated_token
ai ai ai ai ai,5,284,19,D17,36,D17_P036_UNKNOWN_PAR001,,false,true,true
"as on march 31 ,",5,61,43,D21,16,D21_P016_SEC_3_4_2_PAR003,,false,true,false
"at the same time ,",5,60,58,D01,14,D01_P014_SEC_1_15_PAR001,,false,true,false
"march 31 , 2026 ,",5,50,42,D21,16,D21_P016_SEC_3_4_2_PAR003,,false,true,false
"amendment ) regulations , 2025",5,47,47,D04,25,D04_P025_SEC_4_54_PAR001,,false,true,false
. at the same time,5,44,43,D01,14,D01_P014_SEC_1_15_PAR001,,false,true,false
"on march 31 , 2026",5,43,37,D21,16,D21_P016_SEC_3_4_2_PAR003,,false,true,false
". as a result ,",5,35,35,D01,2,D01_P002_SEC_1_1_PAR001,,false,true,false
". in this context ,",5,35,35,D01,5,D01_P005_SEC_1_6_PAR001,,false,true,false
monetary management and financial intermediation,5,34,34,D03,1,D03_P001_SEC_3_1_PAR001,financial;monetary,false,true,false
strategic resilience and strategic indispensability,5,32,32,D16,1,D16_P001_UNKNOWN_PAR001,,false,true,false
"the sebi act , 1992",5,31,25,D03,36,D03_BOX013,,false,true,false
"of the sebi act ,",5,25,20,D22,28,D22_T031,,false,true,false
"of march 31 , 2026",5,24,22,D21,14,D21_T010,,false,true,false
) ( amendment ) regulations,5,24,24,D28,35,D28_P035_UNKNOWN_PAR001,,false,true,false
"( amendment ) regulations ,",5,24,24,D28,35,D28_P035_UNKNOWN_PAR001,,false,true,false
industry 's next leap :,5,23,23,D08,1,D08_P001_UNKNOWN_PAR001,industry,false,true,false
's next leap : structural,5,23,23,D08,1,D08_P001_UNKNOWN_PAR001,,false,true,false
next leap : structural transformation,5,23,23,D08,1,D08_P001_UNKNOWN_PAR001,,false,true,false
leap : structural transformation and,5,23,23,D08,1,D08_P001_UNKNOWN_PAR001,,false,true,false
: structural transformation and global,5,23,23,D08,1,D08_P001_UNKNOWN_PAR001,,false,true,false
structural transformation and global integration,5,23,23,D08,1,D08_P001_UNKNOWN_PAR001,,false,true,false
ai ui ai ai ai,5,22,13,D17,36,D17_P036_UNKNOWN_PAR001,,false,true,false
at the end of the,5,21,15,D02,34,D02_P034_UNKNOWN_PAR002,,false,true,false
in the previous year .,5,19,18,D02,12,D02_P012_SEC_2_19_PAR001,,false,true,false
investment and infrastructure : strengthening,5,19,19,D09,1,D09_P001_UNKNOWN_PAR001,investment,false,true,false
and infrastructure : strengthening connectivity,5,19,19,D09,1,D09_P001_UNKNOWN_PAR001,,false,true,false
"infrastructure : strengthening connectivity ,",5,19,19,D09,1,D09_P001_UNKNOWN_PAR001,,false,true,false
": strengthening connectivity , capacity",5,19,19,D09,1,D09_P001_UNKNOWN_PAR001,,false,true,false
"strengthening connectivity , capacity and",5,19,19,D09,1,D09_P001_UNKNOWN_PAR001,,false,true,false
"connectivity , capacity and competitiveness",5,19,19,D09,1,D09_P001_UNKNOWN_PAR001,,false,true,false
evolution of the ai ecosystem,5,19,19,D14,1,D14_P001_UNKNOWN_PAR001,,false,true,false
of the ai ecosystem in,5,19,19,D14,1,D14_P001_UNKNOWN_PAR001,,false,true,false
the ai ecosystem in india,5,19,19,D14,1,D14_P001_UNKNOWN_PAR001,,false,true,false
ai ai ui ai ai,5,19,10,D17,36,D17_P036_UNKNOWN_PAR001,,false,true,false
"as of march 31 ,",5,19,18,D21,14,D21_T010,,false,true,false
"chapter 10 regulatory action ,",5,19,19,D28,1,D28_P001_UNKNOWN_PAR001,regulatory,false,true,false
"10 regulatory action , supervision",5,19,19,D28,1,D28_P001_UNKNOWN_PAR001,regulatory;supervision,false,true,false
"regulatory action , supervision and",5,19,19,D28,1,D28_P001_UNKNOWN_PAR001,regulatory;supervision,false,true,false
"action , supervision and enforcement",5,19,19,D28,1,D28_P001_UNKNOWN_PAR001,supervision,false,true,false
rural development and social progress,5,18,18,D13,1,D13_P001_UNKNOWN_PAR001,,false,true,false
development and social progress :,5,18,18,D13,1,D13_P001_UNKNOWN_PAR001,,false,true,false
and social progress : from,5,18,18,D13,1,D13_P001_UNKNOWN_PAR001,,false,true,false
building strategic resilience and strategic,5,18,18,D17,1,D17_P001_UNKNOWN_PAR001,,false,true,false
ui ai ai ai ai,5,18,13,D17,36,D17_P036_UNKNOWN_PAR001,,false,true,false
ai ai ai ai -,5,18,13,D17,36,D17_P036_UNKNOWN_PAR001,,false,true,false
ai ai ai ai ui,5,18,12,D17,36,D17_P036_UNKNOWN_PAR002,,false,true,false
"31 , 2026 , the",5,18,17,D22,29,D22_P029_SEC_4_7_2_PAR002,,false,true,false
services : from stability to,5,17,17,D07,1,D07_P001_UNKNOWN_PAR001,stability,false,true,false
: from stability to new,5,17,17,D07,1,D07_P001_UNKNOWN_PAR001,stability,false,true,false
from stability to new frontiers,5,17,17,D07,1,D07_P001_UNKNOWN_PAR001,stability,false,true,false
social progress : from participatiom,5,17,17,D13,3,D13_P003_SEC_13_6_PAR001,,false,true,false
progress : from participatiom to,5,17,17,D13,3,D13_P003_SEC_13_6_PAR001,,false,true,false
: from participatiom to partnership,5,17,17,D13,3,D13_P003_SEC_13_6_PAR001,,false,true,false
ai ai ai - ai,5,17,13,D17,36,D17_P036_UNKNOWN_PAR001,,false,true,false
ai ai - ai ai,5,17,13,D17,36,D17_P036_UNKNOWN_PAR001,,false,true,false
ai ai ai ui ai,5,17,12,D17,36,D17_P036_UNKNOWN_PAR001,,false,true,false
ai - ai ai ai,5,17,13,D17,36,D17_P036_UNKNOWN_PAR001,,false,true,false
"the same time , the",5,16,16,D02,7,D02_P007_SEC_2_12_PAR001,,false,true,false
- ai ai ai ai,5,16,12,D17,36,D17_P036_UNKNOWN_PAR001,,false,true,false
- - - - -,5,16,5,D17,36,D17_P036_UNKNOWN_PAR011,,false,false,true
"in this context , the",5,15,15,D02,3,D02_P003_SEC_2_3_PAR001,,false,true,false
"on the other hand ,",5,15,15,D02,19,D02_P019_SEC_2_31_PAR001,,false,true,false
"over the past decade ,",5,15,14,D03,24,D03_BOX005,,false,true,false
"ease of doing business ,",5,15,15,D03,60,D03_P060_SEC_3_99_PAR003,,false,true,false
the revised estimate of 2025-26,5,15,12,D19,1,D19_P001_UNKNOWN_PAR001,,false,true,false
. on the other hand,5,14,14,D02,19,D02_P019_SEC_2_31_PAR001,,false,true,false
ease of doing business for,5,14,12,D03,20,D03_P020_SEC_3_38_PAR001,,false,true,false
) ( second amendment ),5,14,14,D04,25,D04_P025_SEC_4_54_PAR001,,false,true,false
( second amendment ) regulations,5,14,14,D04,25,D04_P025_SEC_4_54_PAR001,,false,true,false
"second amendment ) regulations ,",5,14,14,D04,25,D04_P025_SEC_4_54_PAR001,,false,true,false
"on march 31 , 2025",5,14,14,D21,17,D21_T017,,false,true,false
the end of the period,5,14,9,D23,19,D23_T022,,false,true,false
during the same period .,5,13,13,D04,10,D04_P010_SEC_4_22_PAR001,,false,true,false
from import substitution to strategic,5,13,13,D16,1,D16_P001_UNKNOWN_PAR001,import,false,true,false
import substitution to strategic resilience,5,13,13,D16,1,D16_P001_UNKNOWN_PAR001,import,false,true,false
substitution to strategic resilience and,5,13,13,D16,1,D16_P001_UNKNOWN_PAR001,,false,true,false
to strategic resilience and strategic,5,13,13,D16,1,D16_P001_UNKNOWN_PAR001,,false,true,false
". during 2025-26 , the",5,13,13,D21,8,D21_P008_UNKNOWN_PAR003,,false,true,false
amount ( ₹crore ) no,5,13,8,D21,5,D21_T001,,false,true,false
( ₹crore ) no .,5,13,8,D21,5,D21_T001,,false,true,false
the reserve bank of india,5,12,12,D02,6,D02_P006_SEC_2_9_PAR001,bank;reserve,false,true,false
the ease of doing business,5,12,12,D03,60,D03_BOX021,,false,true,false
revised estimate of 2025-26 .,5,12,11,D19,1,D19_P001_UNKNOWN_PAR001,,false,true,false
2025-26 2024-25 2025-26 2024-25 2025-26,5,12,11,D22,8,D22_T008,,false,true,false
": during 2025-26 , the",5,11,11,D21,11,D21_BOX005,,false,true,false
0.0 0.0 0.0 0.0 0.0,5,11,3,D31,17,D31_P017_UNKNOWN_PAR011,,false,true,true
the government of india has,5,10,10,D06,28,D06_P028_SEC_6_50_PAR001,,false,true,false
over the revised estimate of,5,10,8,D19,3,D19_P003_UNKNOWN_PAR003,,false,true,false
. 2  market activity and trends,5,10,10,D21,4,D21_P004_SEC_3_1_2_PAR001,,false,true,false
no . of issues amount,5,10,4,D21,7,D21_T004,,false,true,false
. of issues amount (,5,10,4,D21,7,D21_T004,,false,true,false
of issues amount ( ₹crore,5,10,4,D21,7,D21_T004,,false,true,false
issues amount ( ₹crore ),5,10,4,D21,7,D21_T004,,false,true,false
. as of march 31,5,10,10,D21,14,D21_T010,,false,true,false
"march 31 , 2026 (",5,10,10,D21,15,D21_T014,,false,true,false
2024-25 2025-26 2024-25 2025-26 2024-25,5,10,9,D22,8,D22_T009,,false,true,false
100 100 100 100 100,5,10,3,D22,8,D22_T009,,false,true,true
pending at the end of,5,10,9,D28,7,D28_P007_SEC_10_1_4_PAR004,,false,true,false
and disclosure requirements ) (,5,10,10,D28,35,D28_P035_UNKNOWN_PAR006,,false,true,false
4 ( 1 ) (,5,10,5,D31,1,D31_P001_SEC_13_1_PAR001,,false,true,false
play a key role in,5,9,9,D02,11,D02_P011_SEC_2_18_PAR001,,false,true,false
. ( 2025 ) .,5,9,9,D03,29,D03_BOX011,,false,true,false
ease of doing business .,5,9,8,D03,60,D03_BOX021,,false,true,false
". in recent years ,",5,9,9,D03,18,D03_P018_SEC_3_34_PAR001,,false,true,false
2  market activity and trends observed,5,9,9,D21,4,D21_P004_SEC_3_1_2_PAR001,,false,true,false
"31 , 2026 , there",5,9,7,D21,16,D21_P016_SEC_3_4_2_PAR003,,false,true,false
", 2026 , there were",5,9,7,D21,16,D21_P016_SEC_3_4_2_PAR003,,false,true,false
₹crore ) no . of,5,9,4,D21,8,D21_T005,,false,true,false
at the beginning of the,5,9,8,D21,14,D21_T011,,false,true,false
"march 31 , 2025 march",5,9,8,D21,17,D21_T017,,false,true,false
"31 , 2025 march 31",5,9,8,D21,17,D21_T017,,false,true,false
", 2025 march 31 ,",5,9,8,D21,17,D21_T017,,false,true,false
"2025 march 31 , 2026",5,9,8,D21,17,D21_T017,,false,true,false
during the same period (,5,9,9,D22,4,D22_P004_SEC_4_1_1_PAR001,,false,true,false
: as on march 31,5,9,8,D22,13,D22_P013_SEC_4_3_2_PAR002,,false,true,false
before the hon'ble supreme court,5,9,8,D28,14,D28_P014_SEC_10_2_2_PAR005,,false,true,false
section 4 ( 1 ),5,9,5,D31,1,D31_P001_SEC_13_1_PAR001,,false,true,false
the first half of fy26,5,8,7,D01,1,D01_P001_UNKNOWN_PAR004,,false,true,false
artificial intelligence ( ai ),5,8,8,D01,3,D01_P003_SEC_1_2_PAR002,,false,true,false
"in h 1 fy26 ,",5,8,7,D01,17,D01_P017_SEC_1_24_PAR001,,false,true,false
( fy16 - fy20 ),5,8,8,D01,12,D01_T004,,false,true,false
in fy25 ( pa ),5,8,7,D02,4,D02_P004_SEC_2_7_PAR001,,false,true,false
( ₹ lakh crore ),5,8,3,D02,12,D02_T003,,false,true,false
announced in the union budget,5,8,6,D03,36,D03_BOX013,budget,false,true,false
". as of 31 december 2025 ,",5,8,8,D03,4,D03_P004_SEC_3_7_PAR001,,false,true,false
in the union budget 2025-26,5,8,7,D03,16,D03_P016_SEC_3_27_PAR001,budget,false,true,false
there is a need to,5,8,8,D04,39,D04_P039_SEC_4_80_PAR001,,false,true,false
", underscoring the need for",5,8,8,D06,19,D06_P019_SEC_6_26_PAR002,,false,true,false
", the total number of",5,8,8,D12,35,D12_P035_SEC_12_50_PAR004,,false,true,false
union budget 2026-27 analysis prs,5,8,8,D19,2,D19_P002_UNKNOWN_PAR001,budget,false,true,false
budget 2026-27 analysis prs legislative,5,8,8,D19,2,D19_P002_UNKNOWN_PAR001,budget,false,true,false
2026-27 analysis prs legislative research,5,8,8,D19,2,D19_P002_UNKNOWN_PAR001,,false,true,false
"february 1 , 2026 -",5,8,8,D19,2,D19_P002_UNKNOWN_PAR011,,false,true,false
sebi ( listing obligations and,5,8,8,D21,3,D21_P003_SEC_3_1_1_PAR009,,false,true,false
( listing obligations and disclosure,5,8,8,D21,3,D21_P003_SEC_3_1_1_PAR009,,false,true,false
listing obligations and disclosure requirements,5,8,8,D21,3,D21_P003_SEC_3_1_1_PAR009,,false,true,false
obligations and disclosure requirements ),5,8,8,D21,3,D21_P003_SEC_3_1_1_PAR009,,false,true,false
issue and share transfer agent,5,8,8,D21,16,D21_P016_SEC_3_4_2_PAR002,,false,true,false
no . amount ( ₹crore,5,8,4,D21,5,D21_T001,,false,true,false
. amount ( ₹crore ),5,8,4,D21,5,D21_T001,,false,true,false
pending at the beginning of,5,8,8,D21,15,D21_T014,,false,true,false
". during 2025-26 , sebi",5,8,8,D21,15,D21_T014,,false,true,false
the same period ( table,5,8,8,D22,4,D22_P004_SEC_4_1_1_PAR001,,false,true,false
to an issue and share,5,8,8,D22,33,D22_P033_SEC_4_7_5_PAR003,,false,true,false
an issue and share transfer,5,8,8,D22,33,D22_P033_SEC_4_7_5_PAR003,,false,true,false
no . of no .,5,8,3,D22,23,D22_T024,,false,true,false
. of no . of,5,8,3,D22,23,D22_T024,,false,true,false
) of the sebi act,5,8,7,D22,28,D22_T031,,false,true,false
. as on march 31,5,8,7,D24,7,D24_T004,,false,true,false
chapter 8 protection of the,5,8,8,D26,1,D26_P001_UNKNOWN_PAR001,,false,true,false
8 protection of the investor,5,8,8,D26,1,D26_P001_UNKNOWN_PAR001,investor,false,true,false
protection of the investor interests,5,8,8,D26,1,D26_P001_UNKNOWN_PAR001,investor,false,true,false
the hon'ble supreme court .,5,8,7,D28,15,D28_P015_SEC_10_2_2_PAR003,,false,true,false
) ( third amendment ),5,8,8,D28,35,D28_P035_UNKNOWN_PAR007,,false,true,false
( third amendment ) regulations,5,8,8,D28,35,D28_P035_UNKNOWN_PAR007,,false,true,false
"third amendment ) regulations ,",5,8,8,D28,35,D28_P035_UNKNOWN_PAR007,,false,true,false
under section 4 ( 1,5,8,4,D31,1,D31_P001_SEC_13_1_PAR001,,false,true,false
in the first half of,5,7,6,D01,12,D01_P012_SEC_1_12_PAR001,,false,true,false
"as a result , the",5,7,7,D01,27,D01_P027_SEC_1_35_PAR001,,false,true,false
of gdp in fy22 to,5,7,7,D02,1,D02_P001_UNKNOWN_PAR004,gdp,false,true,false
"over the same period ,",5,7,7,D02,3,D02_P003_SEC_2_4_PAR001,,false,true,false
the same period . the,5,7,7,D02,4,D02_P004_SEC_2_6_PAR001,,false,true,false
as a percentage of gdp,5,7,6,D02,12,D02_P012_SEC_2_19_PAR001,gdp,false,true,false
securities contracts ( regulation ),5,7,7,D03,36,D03_BOX013,regulation;securities,false,true,false
"sebi act , 1992 ,",5,7,7,D03,36,D03_BOX013,,false,true,false
"during the same period ,",5,7,7,D03,10,D03_P010_SEC_3_13_PAR001,,false,true,false
growth rate ( cagr ),5,7,7,D03,16,D03_P016_SEC_3_28_PAR001,growth;rate,false,true,false
rate ( cagr ) of,5,7,7,D03,16,D03_P016_SEC_3_28_PAR001,rate,false,true,false
", as well as the",5,7,7,D03,18,D03_P018_SEC_3_34_PAR001,,false,true,false
. retrieved on december 24,5,7,2,D10,18,D10_BOX005,,false,true,false
"retrieved on december 24 ,",5,7,2,D10,18,D10_BOX005,,false,true,false
"on december 24 , 2025",5,7,2,D10,18,D10_BOX005,,false,true,false
"december 24 , 2025 ,",5,7,2,D10,18,D10_BOX005,,false,true,false
"24 , 2025 , from",5,7,2,D10,18,D10_BOX005,,false,true,false
", 2025 , from :",5,7,2,D10,18,D10_BOX005,,false,true,false
"2025 , from : https",5,7,2,D10,18,D10_BOX005,,false,true,false
", from : https :",5,7,2,D10,18,D10_BOX005,,false,true,false
", and ( iii )",5,7,7,D11,17,D11_P017_SEC_11_26_PAR001,,false,true,false
". in this sense ,",5,7,7,D14,24,D14_P024_SEC_14_52_PAR002,,false,true,false
ai ai ui ai ui,5,7,4,D17,36,D17_P036_UNKNOWN_PAR002,,false,true,false
ai ai - - ai,5,7,3,D17,36,D17_P036_UNKNOWN_PAR008,,false,true,false
- ai ai - -,5,7,4,D17,36,D17_P036_UNKNOWN_PAR008,,false,true,false
ai - - ai ai,5,7,5,D17,36,D17_P036_UNKNOWN_PAR008,,false,true,false
ai ai ai - -,5,7,4,D17,36,D17_P036_UNKNOWN_PAR009,,false,true,false
than the revised estimate of,5,7,6,D19,1,D19_P001_UNKNOWN_PAR001,,false,true,false
the revised estimate for 2025-26,5,7,6,D19,1,D19_P001_UNKNOWN_PAR002,,false,true,false
the revised estimates for 2025-26,5,7,6,D19,4,D19_P004_UNKNOWN_PAR003,,false,true,false
the revised estimates of 2025-26,5,7,6,D19,4,D19_P004_UNKNOWN_PAR004,,false,true,false
actuals 2024-25 budgeted 2025-26 revised,5,7,7,D19,3,D19_T001,,false,true,false
2024-25 budgeted 2025-26 revised 2025-26,5,7,7,D19,3,D19_T001,,false,true,false
budgeted 2025-26 revised 2025-26 budgeted,5,7,7,D19,3,D19_T001,,false,true,false
2025-26 revised 2025-26 budgeted 2026-27,5,7,7,D19,3,D19_T001,,false,true,false
% change ( 2025-26 re,5,7,7,D19,3,D19_T001,,false,true,false
change ( 2025-26 re to,5,7,7,D19,3,D19_T001,,false,true,false
"31 , 2026 ( table",5,7,7,D21,15,D21_T014,,false,true,false
"end of march 31 ,",5,7,7,D22,5,D22_P005_SEC_4_1_1_PAR003,,false,true,false
sebi ( stock brokers ),5,7,4,D22,33,D22_P033_SEC_4_7_5_PAR004,,false,true,false
( stock brokers ) regulations,5,7,4,D22,33,D22_P033_SEC_4_7_5_PAR004,,false,true,false
"stock brokers ) regulations ,",5,7,4,D22,33,D22_P033_SEC_4_7_5_PAR004,,false,true,false
pending as on march 31,5,7,5,D22,31,D22_T037,,false,true,false
". during the year ,",5,7,7,D27,2,D27_P002_SEC_9_1_1_PAR002,,false,true,false
"sebi act , 1992 and",5,7,7,D28,25,D28_P025_UNKNOWN_PAR004,,false,true,false
the beginning of the period,5,7,7,D28,7,D28_T007,,false,true,false
the official language policy of,5,7,6,D31,10,D31_P010_SEC_13_6_PAR001,policy,false,true,false
official language policy of the,5,7,6,D31,10,D31_P010_SEC_13_6_PAR001,policy,false,true,false
"first half of fy26 ,",5,6,6,D01,1,D01_P001_UNKNOWN_PAR004,,false,true,false
period of the previous year,5,6,6,D01,28,D01_P028_SEC_1_36_PAR001,,false,true,false
of the previous year .,5,6,6,D01,28,D01_P028_SEC_1_36_PAR001,,false,true,false
". against this backdrop ,",5,6,6,D01,30,D01_P030_SEC_1_45_PAR001,,false,true,false
in the post-pandemic period .,5,6,6,D02,1,D02_P001_UNKNOWN_PAR002,,false,true,false
play a critical role in,5,6,6,D02,42,D02_P042_SEC_2_56_PAR001,,false,true,false
"as of 31 december 2025 , the",5,6,6,D03,4,D03_P004_SEC_3_7_PAR001,,false,true,false
in fy26 ( up to,5,6,5,D03,11,D03_P011_SEC_3_15_PAR001,,false,true,false
". in contrast , the",5,6,6,D03,13,D03_P013_SEC_3_21_PAR001,,false,true,false
annual growth rate ( cagr,5,6,6,D03,16,D03_P016_SEC_3_28_PAR001,growth;rate,false,true,false
and ease of doing business,5,6,6,D03,37,D03_P037_SEC_3_71_PAR002,,false,true,false
ease of doing business and,5,6,6,D03,42,D03_P042_SEC_3_74_PAR001,,false,true,false
") . in contrast ,",5,6,6,D04,15,D04_P015_SEC_4_40_PAR002,,false,true,false
of the government of india,5,6,6,D04,56,D04_P056_UNKNOWN_PAR001,,false,true,false
". in addition , the",5,6,6,D06,2,D06_P002_SEC_6_3_PAR001,,false,true,false
". over time , this",5,6,6,D06,11,D06_P011_SEC_6_16_PAR004,,false,true,false
", and the adoption of",5,6,6,D06,21,D06_P021_SEC_6_33_PAR001,,false,true,false
", the government of india",5,6,6,D06,28,D06_P028_SEC_6_50_PAR001,,false,true,false
available at https : //tinyurl.com/,5,6,6,D08,20,D08_BOX007,,false,true,false
incentive ( pli ) scheme,5,6,6,D08,1,D08_P001_UNKNOWN_PAR003,,false,true,false
". for india , the",5,6,6,D10,5,D10_P005_SEC_10_13_PAR001,,false,true,false
ui ai ai ai ui,5,6,4,D17,36,D17_P036_UNKNOWN_PAR001,,false,true,false
ai - - - ai,5,6,4,D17,36,D17_P036_UNKNOWN_PAR008,,false,true,false
- - - ai ai,5,6,5,D17,36,D17_P036_UNKNOWN_PAR008,,false,true,false
- - ai ai ai,5,6,4,D17,36,D17_P036_UNKNOWN_PAR008,,false,true,false
- ai ai ai -,5,6,4,D17,36,D17_P036_UNKNOWN_PAR008,,false,true,false
© economic laws practice 2026,5,6,6,D18,1,D18_P001_UNKNOWN_PAR014,,false,true,false
revised 2025-26 budgeted 2026-27 %,5,6,6,D19,3,D19_T001,,false,true,false
2025-26 budgeted 2026-27 % change,5,6,6,D19,3,D19_T001,,false,true,false
budgeted 2026-27 % change (,5,6,6,D19,3,D19_T001,,false,true,false
2026-27 % change ( 2025-26,5,6,6,D19,3,D19_T001,,false,true,false
( 2025-26 re to 2026-27,5,6,6,D19,3,D19_T001,,false,true,false
2025-26 re to 2026-27 be,5,6,6,D19,3,D19_T001,,false,true,false
re to 2026-27 be ),5,6,6,D19,3,D19_T001,,false,true,false
"2025-26 , the number of",5,6,6,D21,4,D21_P004_SEC_3_1_2_PAR005,,false,true,false
amount ( ₹crore ) 2024-25,5,6,6,D21,5,D21_T001,,false,true,false
) no . of issues,5,6,3,D21,8,D21_T005,,false,true,false
the previous year ( table,5,6,6,D22,5,D22_P005_SEC_4_1_1_PAR002,,false,true,false
at the end of march,5,6,6,D22,5,D22_P005_SEC_4_1_1_PAR003,,false,true,false
the end of march 31,5,6,6,D22,5,D22_P005_SEC_4_1_1_PAR003,,false,true,false
: to enhance ease of,5,6,6,D22,32,D22_P032_SEC_4_7_5_PAR002,,false,true,false
to enhance ease of doing,5,6,6,D22,32,D22_P032_SEC_4_7_5_PAR002,,false,true,false
enhance ease of doing business,5,6,6,D22,32,D22_P032_SEC_4_7_5_PAR002,,false,true,false
-mar -25 31 -mar -26,5,6,3,D22,7,D22_T006,,false,true,false
sebi ( mutual funds ),5,6,6,D23,2,D23_BOX001,,false,true,false
"sebi act , 1992 .",5,6,6,D26,1,D26_P001_UNKNOWN_PAR004,,false,true,false
of no . of partici-,5,6,1,D26,4,D26_T001,,false,true,false
": during 2025-26 , sebi",5,6,5,D27,10,D27_P010_UNKNOWN_PAR007,,false,true,false
cases at the end of,5,6,6,D28,7,D28_P007_SEC_10_1_4_PAR003,,false,true,false
27 of the sebi act,5,6,6,D28,33,D28_P033_UNKNOWN_PAR002,,false,true,false
under section 24 ( 1,5,6,6,D28,33,D28_P033_UNKNOWN_PAR003,,false,true,false
section 24 ( 1 ),5,6,6,D28,33,D28_P033_UNKNOWN_PAR003,,false,true,false
", 2025 sebi ( listing",5,6,6,D28,35,D28_P035_UNKNOWN_PAR006,,false,true,false
2025 sebi ( listing obligations,5,6,6,D28,35,D28_P035_UNKNOWN_PAR006,,false,true,false
of the official language policy,5,6,6,D31,10,D31_P010_SEC_13_4_7_PAR001,policy,false,true,false
language policy of the goi,5,6,5,D31,10,D31_P010_SEC_13_6_PAR006,policy,false,true,false
"against this backdrop , the",5,5,5,D01,1,D01_P001_UNKNOWN_PAR003,,false,true,false
as a share of gdp,5,5,5,D01,25,D01_P025_SEC_1_31_PAR001,gdp,false,true,false
", there has been a",5,5,5,D01,27,D01_P027_SEC_1_34_PAR001,,false,true,false
the corresponding period of the,5,5,5,D01,28,D01_P028_SEC_1_36_PAR001,,false,true,false
corresponding period of the previous,5,5,5,D01,28,D01_P028_SEC_1_36_PAR001,,false,true,false
"initiatives , such as the",5,5,5,D01,31,D01_P031_SEC_1_46_PAR002,,false,true,false
over the same period .,5,5,5,D02,4,D02_P004_SEC_2_6_PAR001,,false,true,false
fy25 ( pa ) .,5,5,4,D02,4,D02_P004_SEC_2_7_PAR001,,false,true,false
"in the post-pandemic period ,",5,5,5,D02,5,D02_P005_SEC_2_8_PAR001,,false,true,false
during the current fiscal year,5,5,5,D02,6,D02_P006_SEC_2_10_PAR001,current;fiscal,false,true,false
over the past decade .,5,5,4,D02,15,D02_P015_SEC_2_26_PAR001,,false,true,false
for a significant share of,5,5,5,D02,28,D02_P028_UNKNOWN_PAR005,,false,true,false
as at the end of,5,5,5,D02,31,D02_P031_SEC_2_43_PAR001,,false,true,false
"securities markets code , 2025",5,5,4,D03,36,D03_BOX013,markets;securities,false,true,false
the securities contracts ( regulation,5,5,5,D03,36,D03_BOX013,regulation;securities,false,true,false
to enhance the ease of,5,5,5,D03,60,D03_BOX021,,false,true,false
reserve bank of india (,5,5,5,D03,1,D03_P001_SEC_3_1_PAR001,bank;reserve,false,true,false
bank of india ( rbi,5,5,5,D03,1,D03_P001_SEC_3_1_PAR001,bank,false,true,false
of india ( rbi ),5,5,5,D03,1,D03_P001_SEC_3_1_PAR001,,false,true,false
( up to december 2025 ),5,5,4,D03,14,D03_P014_SEC_3_24_PAR001,,false,true,false
"the union budget 2025-26 ,",5,5,5,D03,16,D03_P016_SEC_3_27_PAR001,budget,false,true,false
resources to the commercial sector,5,5,4,D03,16,D03_P016_SEC_3_28_PAR001,sector,false,true,false
reached an all-time high of,5,5,4,D03,19,D03_P019_SEC_3_35_PAR001,,false,true,false
facilitate ease of doing business,5,5,5,D03,42,D03_P042_SEC_3_74_PAR001,,false,true,false
india is the world 's,5,5,5,D04,12,D04_P012_SEC_4_30_PAR001,,false,true,false
. there is a need,5,5,5,D04,39,D04_P039_SEC_4_80_PAR001,,false,true,false
over the last decade (,5,5,5,D04,55,D04_P055_UNKNOWN_PAR004,,false,true,false
https : //www.niti.gov.in/sites/default/files/ 2025-09 /strategies-and-pathways-for-accelerating-growth-in-,5,5,1,D06,7,D06_BOX001,,false,true,false
: //www.niti.gov.in/sites/default/files/ 2025-09 /strategies-and-pathways-for-accelerating-growth-in- pulses-towards-the-goal-of-atmanirbharta.pdf,5,5,1,D06,7,D06_BOX001,,false,true,false
"the government of india ,",5,5,5,D06,13,D06_BOX005,,false,true,false
compound annual growth rate (,5,5,5,D06,4,D06_P004_SEC_6_7_PAR001,growth;rate,false,true,false
over the previous year .,5,5,5,D06,4,D06_P004_SEC_6_8_PAR001,,false,true,false
", the government has been",5,5,5,D06,9,D06_P009_SEC_6_14_PAR001,,false,true,false
"the same time , india",5,5,5,D06,23,D06_P023_SEC_6_38_PAR005,,false,true,false
", and the development of",5,5,5,D06,32,D06_P032_SEC_6_60_PAR001,,false,true,false
"up the value chain ,",5,5,5,D07,12,D07_P012_SEC_7_18_PAR001,,false,true,false
linked incentive ( pli ),5,5,5,D08,1,D08_P001_UNKNOWN_PAR003,,false,true,false
and medium enterprises ( msmes,5,5,5,D08,7,D08_P007_SEC_8_15_PAR001,,false,true,false
medium enterprises ( msmes ),5,5,5,D08,7,D08_P007_SEC_8_15_PAR001,,false,true,false
viksit bharat @ 2047 .,5,5,5,D08,45,D08_P045_SEC_8_76_PAR001,,false,true,false
"over the last decade ,",5,5,4,D09,27,D09_P027_SEC_9_41_PAR001,,false,true,false
- ai - ai ai,5,5,4,D17,36,D17_P036_UNKNOWN_PAR002,,false,true,false
ai ui ai ui ai,5,5,4,D17,36,D17_P036_UNKNOWN_PAR002,,false,true,false
ui ai ui ui ai,5,5,3,D17,36,D17_P036_UNKNOWN_PAR005,,false,true,false
- - ai - -,5,5,3,D17,36,D17_P036_UNKNOWN_PAR008,,false,true,false
- ai - - -,5,5,3,D17,36,D17_P036_UNKNOWN_PAR008,,false,true,false
- - ai ai -,5,5,4,D17,36,D17_P036_UNKNOWN_PAR008,,false,true,false
ai - ai ai -,5,5,3,D17,36,D17_P036_UNKNOWN_PAR008,,false,true,false
ai - - - -,5,5,3,D17,36,D17_P036_UNKNOWN_PAR008,,false,true,false
- - - - ai,5,5,3,D17,36,D17_P036_UNKNOWN_PAR008,,false,true,false
- - - ai -,5,5,2,D17,36,D17_P036_UNKNOWN_PAR008,,false,true,false
ai ui ui ai ai,5,5,4,D17,36,D17_P036_UNKNOWN_PAR012,,false,true,false
ui ui ai ai ai,5,5,4,D17,36,D17_P036_UNKNOWN_PAR012,,false,true,false
▪ the rbi notes that,5,5,5,D18,2,D18_P002_II_PAR001,,false,true,false
higher than the revised estimate,5,5,4,D19,1,D19_P001_UNKNOWN_PAR001,,false,true,false
revised estimate for 2025-26 .,5,5,5,D19,1,D19_P001_UNKNOWN_PAR002,,false,true,false
"in 2026-27 , an increase",5,5,4,D19,3,D19_P003_UNKNOWN_PAR006,,false,true,false
"2026-27 , an increase of",5,5,4,D19,3,D19_P003_UNKNOWN_PAR006,,false,true,false
over the revised estimates for,5,5,5,D19,4,D19_P004_UNKNOWN_PAR003,,false,true,false
revised estimates for 2025-26 .,5,5,5,D19,4,D19_P004_UNKNOWN_PAR003,,false,true,false
in 2026-27 is estimated to,5,5,5,D19,4,D19_P004_UNKNOWN_PAR007,,false,true,false
revised estimates of 2025-26 .,5,5,4,D19,5,D19_P005_UNKNOWN_PAR005,,false,true,false
the 16 th fc has,5,5,4,D19,9,D19_P009_UNKNOWN_PAR005,,false,true,false
sebi ( issue of capital,5,5,5,D21,3,D21_P003_SEC_3_1_1_PAR009,capital,false,true,false
( issue of capital and,5,5,5,D21,3,D21_P003_SEC_3_1_1_PAR009,capital,false,true,false
issue of capital and disclosure,5,5,5,D21,3,D21_P003_SEC_3_1_1_PAR009,capital,false,true,false
of capital and disclosure requirements,5,5,5,D21,3,D21_P003_SEC_3_1_1_PAR009,capital,false,true,false
capital and disclosure requirements ),5,5,5,D21,3,D21_P003_SEC_3_1_1_PAR009,capital,false,true,false
sebi ( lodr ) regulations,5,5,5,D21,9,D21_P009_SEC_3_2_1_PAR007,,false,true,false
to issue and share transfer,5,5,5,D21,16,D21_P016_SEC_3_4_2_PAR002,,false,true,false
issue and share transfer agents,5,5,5,D21,16,D21_P016_SEC_3_4_2_PAR003,,false,true,false
) no . amount (,5,5,5,D21,5,D21_T001,,false,true,false
the end of the year,5,5,5,D21,14,D21_T011,,false,true,false
") regulations , 2015 .",5,5,5,D21,15,D21_T014,,false,true,false
. at the end of,5,5,5,D22,7,D22_P007_SEC_4_1_1_PAR002,,false,true,false
sebi ( depositories and participants,5,5,5,D22,7,D22_P007_SEC_4_1_3_PAR001,,false,true,false
( depositories and participants ),5,5,5,D22,7,D22_P007_SEC_4_1_3_PAR001,,false,true,false
", 2026 , the total",5,5,5,D22,31,D22_P031_SEC_4_7_3_PAR001,,false,true,false
: in order to enhance,5,5,5,D22,32,D22_P032_SEC_4_7_5_PAR003,,false,true,false
registrars to an issue and,5,5,5,D22,33,D22_P033_SEC_4_7_5_PAR003,,false,true,false
stock exchanges and clearing corporations,5,5,4,D22,36,D22_P036_SEC_4_8_PAR004,,false,true,false
31 -mar -25 31 -mar,5,5,3,D22,7,D22_T006,,false,true,false
31 - mar -25 31,5,5,1,D22,37,D22_T039,,false,true,false
- mar -25 31 -,5,5,1,D22,37,D22_T039,,false,true,false
mar -25 31 - mar,5,5,1,D22,37,D22_T039,,false,true,false
-25 31 - mar -26,5,5,1,D22,37,D22_T039,,false,true,false
ii . growth/equity oriented schemes,5,5,2,D23,4,D23_T001,,false,true,false
"march 31 , 2025 as",5,5,5,D23,13,D23_T016,,false,true,false
"31 , 2025 as on",5,5,5,D23,13,D23_T016,,false,true,false
", 2025 as on march",5,5,5,D23,13,D23_T016,,false,true,false
foreign portfolio investors and foreign,5,5,5,D24,1,D24_P001_UNKNOWN_PAR001,foreign;investors,false,true,false
portfolio investors and foreign venture,5,5,5,D24,1,D24_P001_UNKNOWN_PAR001,foreign;investors,false,true,false
investors and foreign venture capital,5,5,5,D24,1,D24_P001_UNKNOWN_PAR001,capital;foreign;investors,false,true,false
and foreign venture capital investors,5,5,5,D24,1,D24_P001_UNKNOWN_PAR001,capital;foreign;investors,false,true,false
no . of partici- no,5,5,1,D26,4,D26_T001,,false,true,false
. of partici- no .,5,5,1,D26,4,D26_T001,,false,true,false
of partici- no . of,5,5,1,D26,4,D26_T001,,false,true,false
partici- no . of no,5,5,1,D26,4,D26_T001,,false,true,false
"of sebi act , 1992",5,5,5,D28,2,D28_P002_SEC_10_1_2_PAR001,,false,true,false
"sebi act , 1992 for",5,5,5,D28,33,D28_P033_UNKNOWN_PAR002,,false,true,false
prosecution was launched by sebi,5,5,5,D28,33,D28_P033_UNKNOWN_PAR003,,false,true,false
24 ( 1 ) r/w,5,5,5,D28,33,D28_P033_UNKNOWN_PAR003,,false,true,false
( 1 ) r/w section,5,5,5,D28,33,D28_P033_UNKNOWN_PAR003,,false,true,false
) r/w section 27 of,5,5,5,D28,33,D28_P033_UNKNOWN_PAR004,,false,true,false
"8 , 2025 sebi (",5,5,5,D28,35,D28_P035_UNKNOWN_PAR020,,false,true,false
cases pending at the beginning,5,5,5,D28,7,D28_T007,,false,true,false
cases pending at the end,5,5,5,D28,7,D28_T007,,false,true,false
break-up of pending cases at,5,5,5,D28,7,D28_T007,,false,true,false
of pending cases at the,5,5,5,D28,7,D28_T007,,false,true,false
pending cases at the end,5,5,5,D28,7,D28_T007,,false,true,false
end of the period cases,5,5,5,D28,7,D28_T007,,false,true,false
of the period cases older,5,5,5,D28,7,D28_T007,,false,true,false
the period cases older than,5,5,5,D28,7,D28_T007,,false,true,false
period cases older than 2,5,5,5,D28,7,D28_T007,,false,true,false
cases older than 2 yea,5,5,5,D28,7,D28_T007,,false,true,false
but less than 2 yea,5,5,5,D28,7,D28_T007,,false,true,false
cases less than 1 year,5,5,5,D28,7,D28_T007,,false,true,false
amount ( ₹ crore ),5,5,3,D28,13,D28_T026,,false,true,false
of unincorporated sector enterprises (,5,4,4,D01,21,D01_BOX005,sector,false,true,false
during the first half of,5,4,4,D01,1,D01_P001_UNKNOWN_PAR004,,false,true,false
high-frequency indicators for the third,5,4,4,D01,1,D01_P001_UNKNOWN_PAR004,,false,true,false
indicators for the third quarter,5,4,4,D01,1,D01_P001_UNKNOWN_PAR004,,false,true,false
to strike a balance between,5,4,4,D01,1,D01_P001_UNKNOWN_PAR005,balance,false,true,false
. this is reflected in,5,4,4,D01,2,D01_P002_SEC_1_1_PAR001,,false,true,false
advanced economies ( aes ),5,4,4,D01,2,D01_P002_SEC_1_1_PAR001,,false,true,false
emerging market and developing economies,5,4,4,D01,2,D01_P002_SEC_1_1_PAR001,market,false,true,false
market and developing economies (,5,4,4,D01,2,D01_P002_SEC_1_1_PAR001,market,false,true,false
foreign direct investment ( fdi,5,4,4,D01,4,D01_P004_SEC_1_5_PAR001,fdi;foreign;investment,false,true,false
direct investment ( fdi ),5,4,4,D01,4,D01_P004_SEC_1_5_PAR001,fdi;investment,false,true,false
"in this context , box",5,4,4,D01,5,D01_P005_SEC_1_6_PAR001,,false,true,false
"against this backdrop , india",5,4,4,D01,8,D01_P008_SEC_1_6_PAR003,,false,true,false
", as reflected in the",5,4,4,D01,9,D01_P009_SEC_1_8_PAR002,,false,true,false
consumption expenditure ( pfce ),5,4,4,D01,10,D01_P010_SEC_1_9_PAR001,consumption;expenditure,false,true,false
"h 1 of fy26 ,",5,4,4,D01,10,D01_P010_SEC_1_9_PAR001,,false,true,false
", with the share of",5,4,4,D01,11,D01_P011_SEC_1_11_PAR001,,false,true,false
gross fixed capital formation (,5,4,4,D01,12,D01_P012_SEC_1_12_PAR001,capital,false,true,false
fixed capital formation ( gfcf,5,4,4,D01,12,D01_P012_SEC_1_12_PAR001,capital,false,true,false
capital formation ( gfcf ),5,4,4,D01,12,D01_P012_SEC_1_12_PAR001,capital,false,true,false
". together , these developments",5,4,4,D01,12,D01_P012_SEC_1_12_PAR001,,false,true,false
the central government 's fiscal,5,4,4,D01,25,D01_P025_SEC_1_31_PAR001,fiscal,false,true,false
special assistance to states for,5,4,4,D01,25,D01_P025_SEC_1_31_PAR001,,false,true,false
assistance to states for capital,5,4,4,D01,25,D01_P025_SEC_1_31_PAR001,capital,false,true,false
. these measures have been,5,4,4,D01,26,D01_P026_SEC_1_33_PAR001,,false,true,false
in the corresponding period of,5,4,4,D01,28,D01_P028_SEC_1_36_PAR001,,false,true,false
as of the end of,5,4,4,D01,28,D01_P028_SEC_1_38_PAR001,,false,true,false
production-linked incentive ( pli ),5,4,4,D01,31,D01_P031_SEC_1_46_PAR002,,false,true,false
' 25 oct ' 25 jan ',5,4,1,D01,2,D01_T001,,false,true,false
yoy growth ( fy16 -,5,4,4,D01,12,D01_T004,growth,false,true,false
growth ( fy16 - fy20,5,4,4,D01,12,D01_T004,growth,false,true,false
". this , in turn",5,4,4,D02,15,D02_BOX005,,false,true,false
"this , in turn ,",5,4,4,D02,15,D02_BOX005,,false,true,false
to states for capital expenditure,5,4,4,D02,26,D02_BOX013,capital;expenditure,false,true,false
from an average of about,5,4,4,D02,1,D02_P001_UNKNOWN_PAR003,,false,true,false
of gdp in the pre-pandemic,5,4,4,D02,1,D02_P001_UNKNOWN_PAR003,gdp,false,true,false
in the pre-pandemic period (,5,4,4,D02,1,D02_P001_UNKNOWN_PAR003,,false,true,false
the pre-pandemic period ( fy16,5,4,4,D02,1,D02_P001_UNKNOWN_PAR003,,false,true,false
pre-pandemic period ( fy16 -,5,4,4,D02,1,D02_P001_UNKNOWN_PAR003,,false,true,false
period ( fy16 - fy20,5,4,4,D02,1,D02_P001_UNKNOWN_PAR003,,false,true,false
of gdp in fy25 .,5,4,4,D02,1,D02_P001_UNKNOWN_PAR004,gdp,false,true,false
of gdp in the post-pandemic,5,4,4,D02,4,D02_P004_SEC_2_6_PAR001,gdp,false,true,false
gdp in the post-pandemic period,5,4,4,D02,4,D02_P004_SEC_2_6_PAR001,gdp,false,true,false
"during fy23 - fy25 ,",5,4,4,D02,6,D02_P006_SEC_2_9_PAR001,,false,true,false
india 's position as a,5,4,4,D02,10,D02_P010_UNKNOWN_PAR009,,false,true,false
", in line with the",5,4,4,D02,11,D02_P011_SEC_2_18_PAR001,,false,true,false
the public distribution system (,5,4,4,D02,17,D02_P017_UNKNOWN_PAR005,,false,true,false
the first eight months of,5,4,4,D02,19,D02_P019_SEC_2_31_PAR001,,false,true,false
"education , health , and",5,4,4,D02,30,D02_P030_UNKNOWN_PAR001,,false,true,false
the previous year ( chart,5,4,3,D02,31,D02_P031_SEC_2_43_PAR001,,false,true,false
"in this regard , the",5,4,4,D02,34,D02_P034_UNKNOWN_PAR002,,false,true,false
https : //tinyurl . com/,5,4,4,D02,41,D02_P041_SEC_2_56_PAR002,,false,true,false
s ( per capita gdp,5,4,1,D02,41,D02_P041_SEC_2_56_PAR002,gdp,false,true,false
a critical role in shaping,5,4,4,D02,42,D02_P042_SEC_2_56_PAR001,,false,true,false
this underscores the importance of,5,4,4,D02,42,D02_P042_SEC_2_57_PAR001,,false,true,false
turnover ( ₹ lakh crore,5,4,2,D02,12,D02_T003,,false,true,false
ministry of housing and urban,5,4,4,D03,29,D03_BOX011,,false,true,false
of housing and urban affairs,5,4,4,D03,29,D03_BOX011,,false,true,false
"the securities markets code ,",5,4,3,D03,36,D03_BOX013,markets;securities,false,true,false
"( regulation ) act ,",5,4,4,D03,36,D03_BOX013,regulation,false,true,false
over the past three decades,5,4,4,D03,46,D03_BOX019,,false,true,false
". ( 2025 , december",5,4,2,D03,46,D03_BOX019,,false,true,false
by the reserve bank of,5,4,4,D03,1,D03_P001_SEC_3_1_PAR001,bank;reserve,false,true,false
financial companies ( nbfcs ),5,4,4,D03,12,D03_P012_SEC_3_19_PAR001,financial,false,true,false
fy26 ( up to december 2025,5,4,3,D03,14,D03_P014_SEC_3_24_PAR001,,false,true,false
( yoy ) . the,5,4,3,D03,17,D03_P017_SEC_3_30_PAR001,,false,true,false
"quasi-legislative , executive , and",5,4,4,D03,37,D03_P037_SEC_3_71_PAR003,,false,true,false
", executive , and quasi-judicial",5,4,4,D03,37,D03_P037_SEC_3_71_PAR003,,false,true,false
"executive , and quasi-judicial powers",5,4,4,D03,37,D03_P037_SEC_3_71_PAR003,,false,true,false
"in the securities market ,",5,4,4,D03,42,D03_P042_SEC_3_74_PAR002,market;securities,false,true,false
". complementing this , the",5,4,4,D03,42,D03_P042_SEC_3_74_PAR002,,false,true,false
in the securities market .,5,4,4,D03,42,D03_P042_SEC_3_74_PAR002,market;securities,false,true,false
( by value of holdings,5,4,2,D03,52,D03_P052_SEC_3_91_PAR001,,false,true,false
by value of holdings ),5,4,2,D03,52,D03_P052_SEC_3_91_PAR001,,false,true,false
of the merchandise trade deficit,5,4,4,D04,1,D04_P001_UNKNOWN_PAR003,deficit;trade,false,true,false
plays a vital role in,5,4,4,D04,2,D04_P002_SEC_4_4_PAR001,,false,true,false
. during the same period,5,4,4,D04,9,D04_P009_SEC_4_21_PAR001,,false,true,false
the anusandhan national research foundation,5,4,4,D04,20,D04_P020_SEC_4_46_PAR001,,false,true,false
is one of the most,5,4,4,D04,21,D04_P021_SEC_4_50_PAR001,,true,true,false
as a global hub for,5,4,4,D04,23,D04_P023_UNKNOWN_PAR003,,false,true,false
play a vital role in,5,4,4,D04,25,D04_P025_SEC_4_52_PAR001,,false,true,false
as the world 's largest,5,4,4,D04,29,D04_P029_SEC_4_64_PAR001,,false,true,false
". however , the overall",5,4,4,D04,31,D04_P031_SEC_4_69_PAR001,,false,true,false
", r & d ,",5,4,4,D04,40,D04_P040_SEC_4_81_PAR003,,false,true,false
. as shown in chart,5,4,4,D04,47,D04_P047_SEC_4_92_PAR001,,false,true,false
at the state level .,5,4,4,D05,19,D05_P019_SEC_5_35_PAR002,,false,true,false
//www.niti.gov.in/sites/default/files/ 2025-09 /strategies-and-pathways-for-accelerating-growth-in- pulses-towards-the-goal-of-atmanirbharta.pdf .,5,4,1,D06,7,D06_BOX001,,false,true,false
department of agriculture and farmers,5,4,1,D06,14,D06_BOX007,,false,true,false
of agriculture and farmers welfare,5,4,1,D06,14,D06_BOX007,,false,true,false
agriculture and farmers welfare .,5,4,1,D06,14,D06_BOX007,,false,true,false
a compound annual growth rate,5,4,4,D06,4,D06_P004_SEC_6_7_PAR001,growth;rate,false,true,false
". as of 2025 ,",5,4,4,D06,8,D06_P008_SEC_6_12_PAR001,,false,true,false
the government has been implementing,5,4,4,D06,9,D06_P009_SEC_6_14_PAR001,,false,true,false
. this can be achieved,5,4,4,D06,15,D06_P015_SEC_6_22_PAR006,,false,true,false
"2025-26 , a total of",5,4,4,D06,18,D06_P018_SEC_6_26_PAR001,,false,true,false
digital public infrastructure ( dpi,5,4,4,D06,20,D06_P020_SEC_6_31_PAR001,,false,true,false
public infrastructure ( dpi ),5,4,4,D06,20,D06_P020_SEC_6_31_PAR001,,false,true,false
"growth , resilience , and",5,4,4,D07,1,D07_P001_SEC_7_1_PAR001,growth,false,true,false
sector has emerged as a,5,4,4,D07,1,D07_P001_SEC_7_1_PAR001,sector,false,true,false
move up the value chain,5,4,4,D07,17,D07_P017_UNKNOWN_PAR002,,false,true,false
. over the past decade,5,4,4,D07,29,D07_P029_SEC_7_51_PAR001,,false,true,false
. the objective of the,5,4,4,D08,13,D08_BOX001,,false,true,false
https : //tinyurl.com/ 5 n,5,4,4,D08,34,D08_BOX019,,false,true,false
", and ( ii )",5,4,4,D08,40,D08_BOX025,,false,true,false
the production linked incentive (,5,4,4,D08,1,D08_P001_UNKNOWN_PAR003,,false,true,false
production linked incentive ( pli,5,4,4,D08,1,D08_P001_UNKNOWN_PAR003,,false,true,false
"research , development and innovation",5,4,4,D08,25,D08_P025_SEC_8_51_PAR001,,false,true,false
"micro , small , and",5,4,4,D08,29,D08_P029_SEC_8_52_PAR003,,false,true,false
", small , and medium",5,4,4,D08,29,D08_P029_SEC_8_52_PAR003,,false,true,false
"small , and medium enterprises",5,4,4,D08,29,D08_P029_SEC_8_52_PAR003,,false,true,false
tier -2 and tier -3,5,4,4,D08,32,D08_P032_SEC_8_58_PAR001,,false,true,false
-2 and tier -3 cities,5,4,4,D08,32,D08_P032_SEC_8_58_PAR001,,false,true,false
", available at https :",5,4,4,D08,39,D08_P039_SEC_8_67_PAR005,,false,true,false
. the next phase of,5,4,4,D08,43,D08_P043_SEC_8_72_PAR001,,false,true,false
"have been sanctioned , and",5,4,4,D09,13,D09_BOX009,,false,true,false
public-private partnership ( ppp ),5,4,4,D09,1,D09_P001_UNKNOWN_PAR003,,false,true,false
real estate investment trusts (,5,4,4,D09,4,D09_P004_SEC_9_12_PAR001,investment,false,true,false
") act , 2025 ,",5,4,4,D10,9,D10_P009_SEC_10_25_PAR001,,false,true,false
play a crucial role in,5,4,4,D10,9,D10_P009_SEC_10_26_PAR001,,false,true,false
", the government has launched",5,4,4,D10,18,D10_P018_SEC_10_44_PAR001,,false,true,false
". in india , the",5,4,4,D10,31,D10_P031_SEC_10_74_PAR001,,false,true,false
( prevention and control of,5,4,2,D10,34,D10_P034_SEC_10_82_PAR001,,false,true,false
prevention and control of pollution,5,4,2,D10,34,D10_P034_SEC_10_82_PAR001,,false,true,false
and control of pollution ),5,4,2,D10,34,D10_P034_SEC_10_82_PAR001,,false,true,false
". over the years ,",5,4,4,D11,1,D11_P001_SEC_11_1_PAR001,,false,true,false
one of the world 's,5,4,4,D11,4,D11_P004_SEC_11_10_PAR001,,false,true,false
of the economic survey 2024-25,5,4,4,D11,30,D11_P030_SEC_11_47_PAR001,,false,true,false
in both rural and urban,5,4,3,D11,34,D11_P034_SEC_11_50_PAR001,,false,true,false
"over the past year ,",5,4,4,D12,3,D12_P003_SEC_12_6_PAR001,,false,true,false
women 's participation in the,5,4,4,D12,7,D12_P007_SEC_12_11_PAR002,,false,true,false
in the organised manufacturing sector,5,4,4,D12,12,D12_P012_SEC_12_19_PAR002,sector,false,true,false
"council on energy , environment",5,4,2,D15,24,D15_BOX007,energy,false,true,false
"on energy , environment and",5,4,2,D15,24,D15_BOX007,energy,false,true,false
compliance reduction and deregulation initiative,5,4,4,D17,28,D17_P028_UNKNOWN_PAR005,,false,true,false
- ai ai ui ai,5,4,4,D17,36,D17_P036_UNKNOWN_PAR001,,false,true,false
ai ui ai ai ui,5,4,4,D17,36,D17_P036_UNKNOWN_PAR001,,false,true,false
ui ai ai ui ai,5,4,4,D17,36,D17_P036_UNKNOWN_PAR001,,false,true,false
ui ai ai ai -,5,4,4,D17,36,D17_P036_UNKNOWN_PAR002,,false,true,false
) ai ai ai ai,5,4,4,D17,36,D17_P036_UNKNOWN_PAR003,,false,true,false
ui ai ui ai ai,5,4,2,D17,36,D17_P036_UNKNOWN_PAR004,,false,true,false
ai - - ai -,5,4,3,D17,36,D17_P036_UNKNOWN_PAR008,,false,true,false
ai ai - - -,5,4,3,D17,36,D17_P036_UNKNOWN_PAR008,,false,true,false
- - ai - ai,5,4,4,D17,36,D17_P036_UNKNOWN_PAR008,,false,true,false
over the revised estimate for,5,4,4,D19,1,D19_P001_UNKNOWN_PAR002,,false,true,false
is estimated to increase by,5,4,4,D19,3,D19_P003_UNKNOWN_PAR004,,false,true,false
receipts ( excluding borrowings ),5,4,4,D19,3,D19_P003_UNKNOWN_PAR005,,false,true,false
over the revised estimates of,5,4,3,D19,4,D19_P004_UNKNOWN_PAR004,,false,true,false
2026-27 is estimated to be,5,4,4,D19,5,D19_P005_UNKNOWN_PAR005,,false,true,false
is expected to increase by,5,4,2,D19,3,D19_T001,,false,true,false
". in 2025-26 , the",5,4,4,D19,3,D19_T001,,false,true,false
in the previous year (,5,4,4,D21,4,D21_P004_SEC_3_1_2_PAR002,,false,true,false
"during 2025-26 , the number",5,4,4,D21,4,D21_P004_SEC_3_1_2_PAR005,,false,true,false
. this was followed by,5,4,4,D21,6,D21_P006_SEC_3_1_2_PAR003,,false,true,false
₹crore ) no . amount,5,4,4,D21,5,D21_T001,,false,true,false
no . of offers amount,5,4,1,D21,14,D21_T010,,false,true,false
. of offers amount (,5,4,1,D21,14,D21_T010,,false,true,false
of offers amount ( ₹crore,5,4,1,D21,14,D21_T010,,false,true,false
offers amount ( ₹crore ),5,4,1,D21,14,D21_T010,,false,true,false
( ₹crore ) ( ₹crore,5,4,3,D21,14,D21_T012,,false,true,false
₹crore ) ( ₹crore ),5,4,3,D21,14,D21_T012,,false,true,false
"( lodr ) regulations ,",5,4,4,D21,15,D21_T014,,false,true,false
"lodr ) regulations , 2015",5,4,4,D21,15,D21_T014,,false,true,false
at the end of 2025-26,5,4,4,D22,7,D22_P007_SEC_4_1_1_PAR002,,false,true,false
"in the previous year ,",5,4,4,D22,15,D22_P015_SEC_4_3_3_PAR003,,false,true,false
equity f & o segment,5,4,3,D22,15,D22_P015_SEC_4_3_3_PAR004,equity,false,true,false
", the number of registered",5,4,3,D22,29,D22_P029_SEC_4_7_2_PAR001,,false,true,false
"on january 07 , 2026",5,4,3,D22,33,D22_P033_SEC_4_7_5_PAR006,,false,true,false
enable the stakeholders to have,5,4,4,D22,33,D22_P033_SEC_4_7_5_PAR010,,false,true,false
the stakeholders to have an,5,4,4,D22,33,D22_P033_SEC_4_7_5_PAR010,,false,true,false
stakeholders to have an access,5,4,4,D22,33,D22_P033_SEC_4_7_5_PAR010,,false,true,false
to have an access to,5,4,4,D22,33,D22_P033_SEC_4_7_5_PAR010,,false,true,false
applicable requirements at one place,5,4,4,D22,33,D22_P033_SEC_4_7_5_PAR010,,false,true,false
"requirements at one place ,",5,4,4,D22,33,D22_P033_SEC_4_7_5_PAR010,,false,true,false
for a period of one,5,4,4,D22,34,D22_P034_SEC_4_7_5_PAR002,,false,true,false
a period of one year,5,4,4,D22,34,D22_P034_SEC_4_7_5_PAR002,,false,true,false
contracts ( regulation ) (,5,4,4,D22,36,D22_P036_SEC_4_8_PAR004,regulation,false,true,false
( regulation ) ( stock,5,4,4,D22,36,D22_P036_SEC_4_8_PAR004,regulation,false,true,false
regulation ) ( stock exchanges,5,4,4,D22,36,D22_P036_SEC_4_8_PAR004,regulation,false,true,false
) ( stock exchanges and,5,4,4,D22,36,D22_P036_SEC_4_8_PAR004,,false,true,false
( stock exchanges and clearing,5,4,4,D22,36,D22_P036_SEC_4_8_PAR004,,false,true,false
exchanges and clearing corporations ),5,4,4,D22,36,D22_P036_SEC_4_8_PAR004,,false,true,false
no . of trades settled,5,4,1,D22,10,D22_T013,,false,true,false
llp others ( if any,5,4,2,D22,29,D22_T033,,false,true,false
others ( if any ),5,4,2,D22,29,D22_T033,,false,true,false
31 - mar -26 31,5,4,1,D22,37,D22_T039,,false,true,false
- mar -26 31 -,5,4,1,D22,37,D22_T039,,false,true,false
mar -26 31 - mar,5,4,1,D22,37,D22_T039,,false,true,false
-26 31 - mar -25,5,4,1,D22,37,D22_T039,,false,true,false
( mutual funds ) regulations,5,4,4,D23,2,D23_BOX001,,false,true,false
"mutual funds ) regulations ,",5,4,4,D23,2,D23_BOX001,,false,true,false
. some of the key,5,4,4,D23,2,D23_BOX001,,false,true,false
regulatory framework for angel funds,5,4,2,D23,11,D23_BOX005,regulatory,false,true,false
sebi ( alternative investment funds,5,4,4,D23,11,D23_BOX005,investment,false,true,false
( alternative investment funds ),5,4,4,D23,11,D23_BOX005,investment,false,true,false
". in addition , sebi",5,4,4,D23,11,D23_BOX005,,false,true,false
sebi ( icdr ) regulations,5,4,3,D23,12,D23_P012_SEC_5_1_2_PAR005,,false,true,false
"( icdr ) regulations ,",5,4,3,D23,12,D23_P012_SEC_5_1_2_PAR005,,false,true,false
"icdr ) regulations , 2018",5,4,3,D23,12,D23_P012_SEC_5_1_2_PAR005,,false,true,false
the following amendments were made,5,4,4,D23,18,D23_P018_SEC_5_3_2_PAR002,,false,true,false
following amendments were made to,5,4,4,D23,18,D23_P018_SEC_5_3_2_PAR002,,false,true,false
the previous year . during,5,4,4,D23,13,D23_T015,,false,true,false
previous year . during 2025-26,5,4,4,D23,13,D23_T015,,false,true,false
"year . during 2025-26 ,",5,4,4,D23,13,D23_T015,,false,true,false
2025 as on march 31,5,4,4,D23,13,D23_T016,,false,true,false
chapter 6 foreign portfolio investors,5,4,4,D24,1,D24_P001_UNKNOWN_PAR001,foreign;investors,false,true,false
6 foreign portfolio investors and,5,4,4,D24,1,D24_P001_UNKNOWN_PAR001,foreign;investors,false,true,false
the indian securities market .,5,4,4,D24,2,D24_P002_SEC_6_1_1_PAR034,market;securities,false,true,false
sebi ( credit rating agencies,5,4,3,D25,1,D25_P001_SEC_7_1_PAR002,credit,false,true,false
( credit rating agencies ),5,4,3,D25,1,D25_P001_SEC_7_1_PAR002,credit,false,true,false
"sebi , in collaboration with",5,4,4,D26,7,D26_BOX001,,false,true,false
) ( b ) of,5,4,3,D26,11,D26_BOX003,,false,true,false
( b ) of the,5,4,3,D26,11,D26_BOX003,,false,true,false
( 1 ) ( d,5,4,4,D26,11,D26_BOX003,,false,true,false
1 ) ( d ),5,4,4,D26,11,D26_BOX003,,false,true,false
pro- grams pro- grams pro-,5,4,1,D26,4,D26_T001,,false,true,false
grams pro- grams pro- grams,5,4,1,D26,4,D26_T001,,false,true,false
sebi ( pit ) regulations,5,4,4,D28,2,D28_P002_SEC_10_1_1_PAR007,,false,true,false
"( pit ) regulations ,",5,4,4,D28,2,D28_P002_SEC_10_1_1_PAR007,,false,true,false
"pit ) regulations , 2015",5,4,4,D28,2,D28_P002_SEC_10_1_1_PAR007,,false,true,false
"under the sebi act ,",5,4,4,D28,6,D28_P006_UNKNOWN_PAR001,,false,true,false
"the companies act , 2013",5,4,4,D28,8,D28_P008_SEC_10_1_4_PAR002,,false,true,false
of the ld . sat,5,4,3,D28,23,D28_P023_UNKNOWN_PAR009,,false,true,false
30 ( 11 ) of,5,4,4,D28,24,D28_P024_UNKNOWN_PAR001,,false,true,false
"the pit regulations , 1992",5,4,3,D28,27,D28_P027_UNKNOWN_PAR008,,false,true,false
", the hon'ble court held",5,4,4,D28,33,D28_P033_UNKNOWN_PAR004,,false,true,false
the hon'ble court held that,5,4,4,D28,33,D28_P033_UNKNOWN_PAR004,,false,true,false
section 27 of the sebi,5,4,4,D28,33,D28_P033_UNKNOWN_PAR004,,false,true,false
", in default of payment",5,4,3,D28,33,D28_P033_UNKNOWN_PAR006,,false,true,false
in default of payment of,5,4,3,D28,33,D28_P033_UNKNOWN_PAR006,,false,true,false
default of payment of fine,5,4,3,D28,33,D28_P033_UNKNOWN_PAR006,,false,true,false
was launched by sebi against,5,4,4,D28,33,D28_P033_UNKNOWN_PAR010,,false,true,false
1 ) r/w section 27,5,4,4,D28,33,D28_P033_UNKNOWN_PAR010,,false,true,false
", 2025 sebi ( infrastructure",5,4,4,D28,35,D28_P035_UNKNOWN_PAR001,,false,true,false
2025 sebi ( infrastructure investment,5,4,4,D28,35,D28_P035_UNKNOWN_PAR001,investment,false,true,false
sebi ( infrastructure investment trusts,5,4,4,D28,35,D28_P035_UNKNOWN_PAR001,investment,false,true,false
( infrastructure investment trusts ),5,4,4,D28,35,D28_P035_UNKNOWN_PAR001,investment,false,true,false
infrastructure investment trusts ) (,5,4,4,D28,35,D28_P035_UNKNOWN_PAR001,investment,false,true,false
"1 , 2025 sebi (",5,4,4,D28,35,D28_P035_UNKNOWN_PAR006,,false,true,false
", 2025 sebi ( issue",5,4,4,D28,35,D28_P035_UNKNOWN_PAR009,,false,true,false
"3 , 2025 sebi (",5,4,4,D28,35,D28_P035_UNKNOWN_PAR016,,false,true,false
"05 , 2025 sebi (",5,4,4,D28,36,D28_P036_UNKNOWN_PAR009,,false,true,false
"amendment ) regulations , 2026",5,4,4,D28,36,D28_P036_UNKNOWN_PAR017,,false,true,false
2025-26 cases pending at the,5,4,4,D28,7,D28_T007,,false,true,false
cases added during the period,5,4,4,D28,7,D28_T007,,false,true,false
particula rs 2024 -25 2025-26 filed,5,4,4,D28,18,D28_T037,,false,true,false
rs 2024 -25 2025-26 filed disposed,5,4,4,D28,18,D28_T037,,false,true,false
-25 2025-26 filed disposed pending,5,4,4,D28,18,D28_T037,,false,true,false
2025-26 filed disposed pending filed,5,4,4,D28,18,D28_T037,,false,true,false
filed disposed pending filed disposed,5,4,4,D28,18,D28_T037,,false,true,false
disposed pending filed disposed pending,5,4,4,D28,18,D28_T037,,false,true,false
pending filed disposed pending cases,5,4,4,D28,18,D28_T037,,false,true,false
filed disposed pending cases filed,5,4,4,D28,18,D28_T037,,false,true,false
disposed pending cases filed by,5,4,4,D28,18,D28_T037,,false,true,false
pending cases filed by sebi,5,4,4,D28,18,D28_T037,,false,true,false
national institute of securities markets,5,4,4,D30,1,D30_P001_UNKNOWN_PAR001,markets;securities,false,true,false
( 1 ) ( b,5,4,3,D31,14,D31_P014_SEC_13_9_PAR005,,false,true,false
1 ) ( b ),5,4,3,D31,14,D31_P014_SEC_13_9_PAR005,,false,true,false
over the past few years,5,3,3,D01,5,D01_BOX001,,false,true,false
"the past few years ,",5,3,3,D01,5,D01_BOX001,,false,true,false
"this , the government has",5,3,3,D01,21,D01_BOX005,,false,true,false
", the government has undertaken",5,3,3,D01,21,D01_BOX005,,false,true,false
annual survey of unincorporated sector,5,3,3,D01,21,D01_BOX005,sector,false,true,false
survey of unincorporated sector enterprises,5,3,3,D01,21,D01_BOX005,sector,false,true,false
unincorporated sector enterprises ( asuse,5,3,3,D01,21,D01_BOX005,sector,false,true,false
sector enterprises ( asuse ),5,3,3,D01,21,D01_BOX005,sector,false,true,false
rural and urban areas .,5,3,3,D01,21,D01_BOX005,,false,true,false
"in the near term ,",5,3,3,D01,1,D01_P001_UNKNOWN_PAR002,,false,true,false
and developing economies ( emdes,5,3,3,D01,2,D01_P002_SEC_1_1_PAR001,,false,true,false
developing economies ( emdes ),5,3,3,D01,2,D01_P002_SEC_1_1_PAR001,,false,true,false
of central bank policy rates,5,3,3,D01,3,D01_P003_SEC_1_3_PAR001,bank;policy;rates,false,true,false
"this backdrop , india 's",5,3,3,D01,8,D01_P008_SEC_1_6_PAR003,,false,true,false
with an assessment of the,5,3,2,D01,8,D01_P008_SEC_1_7_PAR001,,false,true,false
the ministry of statistics and,5,3,3,D01,9,D01_P009_SEC_1_8_PAR002,,false,true,false
ministry of statistics and programme,5,3,3,D01,9,D01_P009_SEC_1_8_PAR002,,false,true,false
of statistics and programme implementation,5,3,3,D01,9,D01_P009_SEC_1_8_PAR002,,false,true,false
the first half of the,5,3,3,D01,10,D01_P010_SEC_1_9_PAR001,,false,true,false
first half of the year,5,3,3,D01,10,D01_P010_SEC_1_9_PAR001,,false,true,false
in h 1 of fy26,5,3,3,D01,10,D01_P010_SEC_1_9_PAR001,,false,true,false
its share in gdp rising,5,3,3,D01,10,D01_P010_SEC_1_9_PAR001,gdp,false,true,false
share in gdp rising to,5,3,3,D01,10,D01_P010_SEC_1_9_PAR001,gdp,false,true,false
the corresponding period last year,5,3,3,D01,12,D01_P012_SEC_1_12_PAR001,,false,true,false
the index of industrial production,5,3,3,D01,13,D01_P013_SEC_1_13_PAR001,,false,true,false
index of industrial production (,5,3,3,D01,13,D01_P013_SEC_1_13_PAR001,,false,true,false
of industrial production ( iip,5,3,3,D01,13,D01_P013_SEC_1_13_PAR001,,false,true,false
industrial production ( iip ),5,3,3,D01,13,D01_P013_SEC_1_13_PAR001,,false,true,false
. this is expected to,5,3,3,D01,15,D01_P015_SEC_1_18_PAR001,,false,true,false
remained broadly stable at around,5,3,3,D01,15,D01_P015_SEC_1_19_PAR001,stable,false,true,false
in h 1 of fy25,5,3,3,D01,16,D01_P016_SEC_1_20_PAR001,,false,true,false
"electricity , gas , water",5,3,3,D01,16,D01_P016_SEC_1_20_PAR001,,false,true,false
", gas , water supply",5,3,3,D01,16,D01_P016_SEC_1_20_PAR001,supply,false,true,false
"h 1 fy26 , with",5,3,3,D01,17,D01_P017_SEC_1_24_PAR001,,false,true,false
", with its share in",5,3,3,D01,17,D01_P017_SEC_1_24_PAR001,,false,true,false
"trade , hospitality , transport",5,3,3,D01,18,D01_P018_SEC_1_25_PAR001,trade,false,true,false
periodic labour force survey (,5,3,3,D01,22,D01_P022_SEC_1_28_PAR003,,false,true,false
labour force survey ( plfs,5,3,3,D01,22,D01_P022_SEC_1_28_PAR003,,false,true,false
force survey ( plfs ),5,3,3,D01,22,D01_P022_SEC_1_28_PAR003,,false,true,false
consumer price index ( cpi,5,3,3,D01,23,D01_P023_SEC_1_28_PAR008,cpi,false,true,false
price index ( cpi ),5,3,3,D01,23,D01_P023_SEC_1_28_PAR008,cpi,false,true,false
in fy26 ( april-december ),5,3,3,D01,24,D01_P024_SEC_1_29_PAR001,,false,true,false
". looking ahead , the",5,3,3,D01,24,D01_P024_SEC_1_29_PAR001,,false,true,false
"during the year , with",5,3,3,D01,24,D01_P024_SEC_1_30_PAR001,,false,true,false
"on the expenditure side ,",5,3,3,D01,25,D01_P025_SEC_1_30_PAR002,expenditure,false,true,false
". as of november 2025 ,",5,3,3,D01,25,D01_P025_SEC_1_31_PAR001,,false,true,false
". together , these trends",5,3,3,D01,27,D01_P027_SEC_1_34_PAR001,,false,true,false
the overall flow of financial,5,3,3,D01,27,D01_P027_SEC_1_34_PAR001,financial,false,true,false
overall flow of financial resources,5,3,3,D01,27,D01_P027_SEC_1_34_PAR001,financial,false,true,false
balance of payments ( bop,5,3,3,D01,28,D01_P028_SEC_1_36_PAR001,balance;payments,false,true,false
of payments ( bop ),5,3,3,D01,28,D01_P028_SEC_1_36_PAR001,payments,false,true,false
against the us dollar .,5,3,3,D01,28,D01_P028_SEC_1_37_PAR001,,false,true,false
over the medium to long,5,3,3,D01,28,D01_P028_SEC_1_37_PAR001,,false,true,false
the medium to long term,5,3,3,D01,28,D01_P028_SEC_1_37_PAR001,,false,true,false
", as evidenced by the",5,3,3,D01,28,D01_P028_SEC_1_38_PAR001,,false,true,false
". therefore , it becomes",5,3,3,D01,28,D01_P028_SEC_1_38_PAR001,,false,true,false
"therefore , it becomes imperative",5,3,3,D01,28,D01_P028_SEC_1_38_PAR001,,false,true,false
"gig and platform workers ,",5,3,3,D01,29,D01_P029_SEC_1_40_PAR001,,false,true,false
". together , these measures",5,3,3,D01,29,D01_P029_SEC_1_40_PAR001,,false,true,false
"maternal and child health ,",5,3,3,D01,30,D01_P030_SEC_1_41_PAR001,,false,true,false
the production-linked incentive ( pli,5,3,3,D01,31,D01_P031_SEC_1_46_PAR002,,false,true,false
has been supported by a,5,3,3,D01,32,D01_P032_SEC_1_PAR002,,false,true,false
"over the medium term ,",5,3,3,D01,33,D01_P033_SEC_1_PAR007,,false,true,false
private final consumption expenditure (,5,3,3,D01,9,D01_T002,consumption;expenditure,false,true,false
final consumption expenditure ( pfce,5,3,3,D01,9,D01_T002,consumption;expenditure,false,true,false
indicators q1 fy26 q2 fy26 q3 fy26 monthly,5,3,3,D01,13,D01_T005,,false,true,false
q1 fy26 q2 fy26 q3 fy26 monthly avg,5,3,3,D01,13,D01_T005,,false,true,false
q2 fy26 q3 fy26 monthly avg yoy,5,3,3,D01,13,D01_T005,,false,true,false
q3 fy26 monthly avg yoy growth,5,3,3,D01,13,D01_T005,growth,false,true,false
monthly avg yoy growth (,5,3,3,D01,13,D01_T005,growth,false,true,false
avg yoy growth ( fy16,5,3,3,D01,13,D01_T005,growth,false,true,false
the central government has undertaken,5,3,3,D02,16,D02_BOX007,,false,true,false
gdp in the pre-pandemic period,5,3,3,D02,1,D02_P001_UNKNOWN_PAR003,gdp,false,true,false
fy16 - fy20 ) to,5,3,3,D02,1,D02_P001_UNKNOWN_PAR003,,false,true,false
in the pre-pandemic period to,5,3,3,D02,1,D02_P001_UNKNOWN_PAR004,,false,true,false
"at the state level ,",5,3,3,D02,2,D02_P002_UNKNOWN_PAR001,,false,true,false
", india has reduced its",5,3,3,D02,2,D02_P002_UNKNOWN_PAR002,,false,true,false
"the same period , the",5,3,3,D02,3,D02_P003_SEC_2_4_PAR001,,false,true,false
increased from an average of,5,3,3,D02,4,D02_P004_SEC_2_6_PAR001,,false,true,false
of gdp over the same,5,3,3,D02,4,D02_P004_SEC_2_6_PAR001,gdp,false,true,false
gdp over the same period,5,3,3,D02,4,D02_P004_SEC_2_6_PAR001,gdp,false,true,false
led to a reduction in,5,3,3,D02,5,D02_P005_SEC_2_8_PAR002,,false,true,false
"the current fiscal year ,",5,3,3,D02,6,D02_P006_SEC_2_10_PAR001,current;fiscal,false,true,false
"reserve bank of india ,",5,3,3,D02,6,D02_P006_SEC_2_9_PAR001,bank;reserve,false,true,false
to 5 per cent from 12 per cent .,5,3,3,D02,9,D02_P009_UNKNOWN_PAR002,,false,true,false
's position as a global,5,3,3,D02,10,D02_P010_UNKNOWN_PAR009,,false,true,false
the previous year . as,5,3,3,D02,12,D02_P012_SEC_2_19_PAR001,,false,true,false
previous year . as a,5,3,3,D02,12,D02_P012_SEC_2_19_PAR001,,false,true,false
", which is lower than",5,3,3,D02,14,D02_P014_SEC_2_24_PAR001,,false,true,false
public financial management system (,5,3,3,D02,17,D02_P017_UNKNOWN_PAR003,financial,false,true,false
financial management system ( pfms,5,3,3,D02,17,D02_P017_UNKNOWN_PAR003,financial,false,true,false
management system ( pfms ),5,3,3,D02,17,D02_P017_UNKNOWN_PAR003,,false,true,false
public distribution system ( pds,5,3,3,D02,17,D02_P017_UNKNOWN_PAR005,,false,true,false
distribution system ( pds ),5,3,3,D02,17,D02_P017_UNKNOWN_PAR005,,false,true,false
during the first eight months,5,3,3,D02,19,D02_P019_SEC_2_31_PAR001,,false,true,false
first eight months of the,5,3,3,D02,19,D02_P019_SEC_2_31_PAR001,,false,true,false
eight months of the year,5,3,3,D02,19,D02_P019_SEC_2_31_PAR001,,false,true,false
from the centre to the,5,3,1,D02,21,D02_P021_SEC_2_33_PAR001,,false,true,false
the centre to the states,5,3,1,D02,21,D02_P021_SEC_2_33_PAR001,,false,true,false
", the central government has",5,3,3,D02,25,D02_P025_SEC_2_40_PAR001,,false,true,false
", underscoring the role of",5,3,3,D02,25,D02_P025_SEC_2_40_PAR001,,false,true,false
account for a significant share,5,3,3,D02,28,D02_P028_UNKNOWN_PAR005,account,false,true,false
the fiscal responsibility and budget,5,3,3,D02,34,D02_P034_UNKNOWN_PAR001,budget;fiscal,false,true,false
fiscal responsibility and budget management,5,3,3,D02,34,D02_P034_UNKNOWN_PAR001,budget;fiscal,false,true,false
"the covid -19 pandemic ,",5,3,3,D02,36,D02_P036_SEC_2_49_PAR001,,false,true,false
this can be achieved by,5,3,3,D02,37,D02_P037_UNKNOWN_PAR001,,false,true,false
"in this context , a",5,3,3,D02,39,D02_P039_UNKNOWN_PAR001,,false,true,false
"in the indian context ,",5,3,3,D02,39,D02_P039_UNKNOWN_PAR003,,false,true,false
( per capita gdp us$2100,5,3,1,D02,41,D02_P041_SEC_2_56_PAR002,gdp,false,true,false
per capita gdp us$2100 -,5,3,1,D02,41,D02_P041_SEC_2_56_PAR002,gdp,false,true,false
1970 s ( per capita,5,3,1,D02,41,D02_P041_SEC_2_56_PAR002,,false,true,false
at the grassroots level .,5,3,3,D02,42,D02_P042_SEC_2_57_PAR001,,false,true,false
in collaboration with the ministry,5,3,3,D03,29,D03_BOX011,,false,true,false
contracts ( regulation ) act,5,3,3,D03,36,D03_BOX013,regulation,false,true,false
"regulation ) act , 1956",5,3,3,D03,36,D03_BOX013,regulation,false,true,false
"the depositories act , 1996",5,3,3,D03,36,D03_BOX013,,false,true,false
enhance the ease of doing,5,3,3,D03,60,D03_BOX021,,false,true,false
"india ( rbi ) ,",5,3,3,D03,1,D03_P001_SEC_3_1_PAR001,,false,true,false
reserve bank of india 's,5,3,3,D03,1,D03_P001_UNKNOWN_PAR002,bank;reserve,false,true,false
"resilient , diversified , and",5,3,3,D03,1,D03_P001_UNKNOWN_PAR005,,false,true,false
", diversified , and inclusive",5,3,3,D03,1,D03_P001_UNKNOWN_PAR005,,false,true,false
in the face of global,5,3,3,D03,2,D03_P002_SEC_3_1_PAR001,,false,true,false
. the chapter concludes with,5,3,3,D03,2,D03_P002_SEC_3_3_PAR001,,false,true,false
calendar year ( cy ),5,3,3,D03,3,D03_P003_SEC_3_5_PAR001,,false,true,false
financial stability report ( fsr,5,3,3,D03,4,D03_P004_SEC_3_7_PAR001,financial;stability,false,true,false
stability report ( fsr ),5,3,3,D03,4,D03_P004_SEC_3_7_PAR001,stability,false,true,false
due to factors such as,5,3,3,D03,5,D03_P005_SEC_3_8_PAR002,,false,true,false
economic policy uncertainty ( epu,5,3,3,D03,5,D03_P005_SEC_3_8_PAR003,policy,false,true,false
policy uncertainty ( epu ),5,3,3,D03,5,D03_P005_SEC_3_8_PAR003,policy,false,true,false
"( 2013 ) , the",5,3,2,D03,6,D03_P006_SEC_3_8_PAR001,,false,true,false
following an uncertainty shock .,5,3,2,D03,6,D03_P006_SEC_3_8_PAR006,,false,true,false
. in response to the,5,3,3,D03,9,D03_P009_SEC_3_10_PAR001,,false,true,false
". as of december 2025 ,",5,3,3,D03,9,D03_P009_SEC_3_10_PAR001,,false,true,false
", as measured by the",5,3,3,D03,11,D03_P011_SEC_3_15_PAR001,,false,true,false
", non-banking financial companies (",5,3,3,D03,12,D03_P012_SEC_3_19_PAR001,financial,false,true,false
non-banking financial companies ( nbfcs,5,3,3,D03,12,D03_P012_SEC_3_19_PAR001,financial,false,true,false
"companies ( nbfcs ) ,",5,3,3,D03,12,D03_P012_SEC_3_19_PAR001,,false,true,false
"however , the share of",5,3,3,D03,13,D03_P013_SEC_3_21_PAR001,,false,true,false
( yoy ) in fy25,5,3,3,D03,14,D03_P014_SEC_3_23_PAR001,,false,true,false
"the other hand , the",5,3,3,D03,14,D03_P014_SEC_3_23_PAR001,,false,true,false
"to the commercial sector ,",5,3,3,D03,16,D03_P016_SEC_3_28_PAR001,sector,false,true,false
flow of financial resources to,5,3,3,D03,16,D03_P016_SEC_3_29_PAR001,financial,false,true,false
of financial resources to the,5,3,3,D03,16,D03_P016_SEC_3_29_PAR001,financial,false,true,false
financial resources to the commercial,5,3,3,D03,16,D03_P016_SEC_3_29_PAR001,financial,false,true,false
yoy ) . the increase,5,3,2,D03,17,D03_P017_SEC_3_30_PAR001,,false,true,false
) . the increase in,5,3,2,D03,17,D03_P017_SEC_3_30_PAR001,,false,true,false
it is important to note,5,3,3,D03,17,D03_P017_SEC_3_31_PAR001,,false,true,false
is important to note that,5,3,3,D03,17,D03_P017_SEC_3_31_PAR001,,false,true,false
based on the principle of,5,3,3,D03,18,D03_P018_SEC_3_33_PAR001,,false,true,false
expressed as a percentage of,5,3,3,D03,18,D03_P018_SEC_3_34_PAR001,,false,true,false
"as of march 2025 , the",5,3,3,D03,19,D03_P019_SEC_3_35_PAR001,,false,true,false
for micro and small enterprises,5,3,2,D03,20,D03_P020_SEC_3_38_PAR001,,false,true,false
micro and small enterprises (,5,3,2,D03,20,D03_P020_SEC_3_38_PAR001,,false,true,false
"however , there is a",5,3,3,D03,21,D03_P021_SEC_3_41_PAR003,,false,true,false
", as well as to",5,3,3,D03,21,D03_P021_SEC_3_41_PAR005,,false,true,false
". as of march 2025 ,",5,3,3,D03,23,D03_P023_SEC_3_43_PAR001,,false,true,false
". during this period ,",5,3,3,D03,23,D03_P023_SEC_3_44_PAR001,,false,true,false
. such an approach would,5,3,3,D03,27,D03_P027_SEC_3_47_PAR002,,false,true,false
india has made significant strides,5,3,3,D03,27,D03_P027_SEC_3_48_PAR001,,false,true,false
into the formal financial system,5,3,3,D03,28,D03_P028_SEC_3_49_PAR001,financial,false,true,false
as a percentage of the,5,3,3,D03,29,D03_P029_SEC_3_49_PAR003,,false,true,false
a cornerstone of india 's,5,3,3,D03,31,D03_P031_SEC_3_50_PAR003,,false,true,false
". over time , the",5,3,3,D03,32,D03_P032_SEC_3_54_PAR001,,false,true,false
fy26 ( till december 2025 ),5,3,2,D03,35,D03_P035_SEC_3_68_PAR001,,false,true,false
infrastructure institutions ( miis ),5,3,3,D03,37,D03_P037_SEC_3_71_PAR002,,false,true,false
", and ease of doing",5,3,3,D03,37,D03_P037_SEC_3_71_PAR002,,false,true,false
"stock exchanges , clearing corporations",5,3,3,D03,38,D03_P038_UNKNOWN_PAR003,,false,true,false
"exchanges , clearing corporations ,",5,3,3,D03,38,D03_P038_UNKNOWN_PAR003,,false,true,false
. the mutual fund industry,5,3,3,D03,39,D03_P039_SEC_3_73_PAR001,industry,false,true,false
india 's corporate bond market,5,3,2,D03,41,D03_P041_SEC_3_73_PAR003,bond;market,false,true,false
in order to strengthen the,5,3,3,D03,42,D03_P042_SEC_3_74_PAR001,,false,true,false
been discussed in detail in,5,3,3,D03,42,D03_P042_SEC_3_74_PAR001,,false,true,false
the ' sebi check ',5,3,3,D03,42,D03_P042_SEC_3_74_PAR002,,false,true,false
", in addition to the",5,3,3,D03,43,D03_P043_SEC_3_74_PAR003,,false,true,false
to facilitate ease of doing,5,3,3,D03,43,D03_P043_SEC_3_74_PAR003,,false,true,false
risk and return verification agency,5,3,3,D03,43,D03_P043_SEC_3_74_PAR007,,false,true,false
". in fy25 , the",5,3,3,D03,44,D03_P044_SEC_3_76_PAR001,,false,true,false
the ministry of corporate affairs,5,3,3,D03,45,D03_P045_SEC_3_81_PAR001,,false,true,false
"japan , south korea ,",5,3,3,D03,47,D03_P047_SEC_3_85_PAR004,,false,true,false
"and r & d ,",5,3,3,D03,49,D03_P049_SEC_3_85_PAR005,,false,true,false
participation in global value chains,5,3,3,D03,49,D03_P049_SEC_3_85_PAR005,,false,true,false
"march 31 , 2025 ,",5,3,3,D03,51,D03_P051_SEC_3_89_PAR001,,false,true,false
", it is essential that",5,3,3,D03,55,D03_P055_SEC_3_99_PAR001,,false,true,false
farmer-producer organisations ( fpos ),5,3,3,D03,56,D03_P056_SEC_3_99_PAR005,,false,true,false
. the focus is on,5,3,3,D03,56,D03_P056_SEC_3_99_PAR005,,false,true,false
"growth in recent years ,",5,3,3,D03,59,D03_P059_SEC_3_99_PAR004,growth,false,true,false
for ease of doing business,5,3,3,D03,60,D03_P060_SEC_3_99_PAR003,,false,true,false
"of doing business , the",5,3,3,D03,60,D03_P060_SEC_3_99_PAR003,,false,true,false
promote ease of doing business,5,3,2,D03,60,D03_P060_SEC_3_99_PAR004,,false,true,false
ease of doing business :,5,3,3,D03,60,D03_P060_SEC_3_99_PAR004,,false,true,false
to promote ease of doing,5,3,3,D03,60,D03_P060_SEC_3_99_PAR004,,false,true,false
the global economic landscape is,5,3,3,D04,1,D04_P001_SEC_4_1_PAR001,,false,true,false
"the merchandise trade deficit ,",5,3,3,D04,1,D04_P001_UNKNOWN_PAR003,deficit;trade,false,true,false
", business services , and",5,3,3,D04,1,D04_P001_UNKNOWN_PAR003,,false,true,false
"against this backdrop , this",5,3,3,D04,2,D04_P002_SEC_4_5_PAR001,,false,true,false
"this backdrop , this chapter",5,3,3,D04,2,D04_P002_SEC_4_5_PAR001,,false,true,false
as shown in chart iv.,5,3,3,D04,3,D04_P003_SEC_4_8_PAR001,,false,true,false
is calculated based on the,5,3,3,D04,4,D04_P004_SEC_4_8_PAR002,,false,true,false
of india 's external sector,5,3,3,D04,7,D04_P007_SEC_4_16_PAR001,sector,false,true,false
the economy 's ability to,5,3,3,D04,9,D04_P009_SEC_4_22_PAR001,,false,true,false
"in fy25 , india 's",5,3,3,D04,9,D04_P009_SEC_4_22_PAR001,,false,true,false
"non-petroleum , non-gems and jewellery",5,3,3,D04,10,D04_P010_SEC_4_22_PAR001,,false,true,false
exports of gems and jewellery,5,3,2,D04,10,D04_P010_SEC_4_22_PAR001,exports,false,true,false
the average annual growth rate,5,3,3,D04,13,D04_P013_SEC_4_36_PAR001,growth;rate,false,true,false
". collectively , these developments",5,3,3,D04,15,D04_P015_SEC_4_39_PAR001,,false,true,false
's share in india 's,5,3,3,D04,17,D04_P017_SEC_4_40_PAR002,,false,true,false
) and saudi arabia (,5,3,3,D04,18,D04_P018_UNKNOWN_PAR006,,false,true,false
anusandhan national research foundation (,5,3,3,D04,20,D04_P020_SEC_4_46_PAR001,,false,true,false
national research foundation ( anrf,5,3,3,D04,20,D04_P020_SEC_4_46_PAR001,,false,true,false
research foundation ( anrf ),5,3,3,D04,20,D04_P020_SEC_4_46_PAR001,,false,true,false
"and the research , development",5,3,3,D04,20,D04_P020_SEC_4_46_PAR001,,false,true,false
agreement on trade-related aspects of,5,3,2,D04,21,D04_P021_SEC_4_50_PAR001,,false,true,false
on trade-related aspects of intellectual,5,3,2,D04,21,D04_P021_SEC_4_50_PAR001,,false,true,false
trade-related aspects of intellectual property,5,3,2,D04,21,D04_P021_SEC_4_50_PAR001,,false,true,false
aspects of intellectual property rights,5,3,2,D04,21,D04_P021_SEC_4_50_PAR001,,false,true,false
"as a result , india",5,3,3,D04,23,D04_P023_UNKNOWN_PAR003,,false,true,false
") , as well as",5,3,3,D04,24,D04_P024_SEC_4_51_PAR001,,false,true,false
across a wide range of,5,3,3,D04,24,D04_P024_SEC_4_51_PAR001,,false,true,false
plays a crucial role in,5,3,3,D04,26,D04_P026_SEC_4_56_PAR001,,false,true,false
", and professional services .",5,3,3,D04,26,D04_P026_SEC_4_57_PAR001,,false,true,false
global capability centres ( gccs,5,3,3,D04,26,D04_P026_SEC_4_58_PAR001,,false,true,false
capability centres ( gccs ),5,3,3,D04,26,D04_P026_SEC_4_58_PAR001,,false,true,false
position as the world 's,5,3,3,D04,29,D04_P029_SEC_4_64_PAR001,,false,true,false
", indicating a shift towards",5,3,3,D04,30,D04_P030_SEC_4_65_PAR001,,false,true,false
"in recent years , india",5,3,3,D04,30,D04_P030_SEC_4_66_PAR001,,false,true,false
", while the number of",5,3,3,D04,31,D04_P031_SEC_4_69_PAR001,,false,true,false
in the h 1 of,5,3,3,D04,32,D04_P032_SEC_4_71_PAR001,,false,true,false
in the united states .,5,3,3,D04,44,D04_P044_SEC_4_85_PAR002,,false,true,false
"in india 's case ,",5,3,3,D04,49,D04_P049_SEC_4_94_PAR001,,false,true,false
") . however , the",5,3,3,D04,49,D04_P049_SEC_4_95_PAR001,,false,true,false
". however , india 's",5,3,3,D04,53,D04_P053_SEC_4_99_PAR003,,false,true,false
investment in r & d,5,3,3,D04,53,D04_P053_SEC_4_99_PAR008,investment,false,true,false
ease of doing business through,5,3,3,D04,53,D04_P053_SEC_4_99_PAR012,,false,true,false
the government of india 's,5,3,3,D04,56,D04_P056_UNKNOWN_PAR001,,false,true,false
"in the united states ,",5,3,3,D05,2,D05_P002_SEC_5_2_PAR001,,false,true,false
. the scheme aims to,5,3,3,D06,13,D06_BOX005,,false,true,false
such as the pradhan mantri,5,3,3,D06,1,D06_P001_UNKNOWN_PAR002,,false,true,false
", and strengthen market linkages",5,3,3,D06,1,D06_P001_UNKNOWN_PAR004,market,false,true,false
"procurement , storage , and",5,3,3,D06,1,D06_P001_UNKNOWN_PAR005,,false,true,false
"the last five years ,",5,3,3,D06,3,D06_P003_SEC_6_6_PAR001,,false,true,false
". as of august 2025 ,",5,3,3,D06,4,D06_P004_SEC_6_9_PAR001,,false,true,false
", highlighting the sector 's",5,3,3,D06,5,D06_P005_SEC_6_9_PAR002,sector,false,true,false
government has been implementing the,5,3,3,D06,9,D06_P009_SEC_6_15_PAR001,,false,true,false
growing at a cagr of,5,3,3,D06,11,D06_P011_SEC_6_16_PAR003,,false,true,false
played a significant role in,5,3,3,D06,12,D06_P012_SEC_6_17_PAR001,,false,true,false
". under this initiative ,",5,3,3,D06,12,D06_P012_SEC_6_19_PAR001,,false,true,false
from the previous year .,5,3,3,D06,25,D06_P025_SEC_6_40_PAR001,,false,true,false
states and union territories .,5,3,3,D06,28,D06_P028_SEC_6_51_PAR002,,false,true,false
a central pillar of india,5,3,3,D07,11,D07_P011_SEC_7_17_PAR001,,false,true,false
central pillar of india 's,5,3,3,D07,11,D07_P011_SEC_7_17_PAR001,,false,true,false
reason is that services exports,5,3,3,D07,15,D07_P015_SEC_7_21_PAR002,exports,false,true,false
", but it is not",5,3,3,D07,16,D07_P016_SEC_7_21_PAR003,,false,true,false
tier 2 and tier 3,5,3,3,D07,20,D07_P020_SEC_7_28_PAR001,,false,true,false
integration into global value chains,5,3,3,D07,22,D07_P022_SEC_7_34_PAR001,,false,true,false
. this momentum continued into,5,3,3,D07,25,D07_P025_SEC_7_42_PAR001,,false,true,false
( table vii. 1 ),5,3,3,D07,25,D07_P025_SEC_7_42_PAR001,,false,true,false
table vii. 1 ) .,5,3,3,D07,25,D07_P025_SEC_7_42_PAR001,,false,true,false
"across various sectors , including",5,3,3,D07,30,D07_P030_SEC_7_52_PAR001,sectors,false,true,false
"same time , india 's",5,3,3,D07,31,D07_P031_SEC_7_54_PAR001,,false,true,false
. • scheme for promotion,5,3,2,D08,15,D08_BOX003,,false,true,false
• scheme for promotion of,5,3,2,D08,15,D08_BOX003,,false,true,false
have been approved with a,5,3,3,D08,15,D08_BOX003,,false,true,false
") , announced in the",5,3,2,D08,20,D08_BOX007,,false,true,false
", announced in the union",5,3,2,D08,20,D08_BOX007,,false,true,false
innovation and r & d,5,3,3,D08,20,D08_BOX007,,false,true,false
) available at https :,5,3,2,D08,34,D08_BOX019,,false,true,false
the establishment of the anusandhan,5,3,3,D08,1,D08_P001_UNKNOWN_PAR003,,false,true,false
establishment of the anusandhan national,5,3,3,D08,1,D08_P001_UNKNOWN_PAR003,,false,true,false
of the anusandhan national research,5,3,3,D08,1,D08_P001_UNKNOWN_PAR003,,false,true,false
quality control orders ( qcos,5,3,3,D08,7,D08_P007_SEC_8_15_PAR001,,false,true,false
control orders ( qcos ),5,3,3,D08,7,D08_P007_SEC_8_15_PAR001,,false,true,false
"micro , small and medium",5,3,3,D08,7,D08_P007_SEC_8_15_PAR001,,false,true,false
", small and medium enterprises",5,3,3,D08,7,D08_P007_SEC_8_15_PAR001,,false,true,false
( pli ) scheme for,5,3,3,D08,9,D08_P009_SEC_8_20_PAR001,,false,true,false
is the world 's third-largest,5,3,3,D08,15,D08_P015_SEC_8_32_PAR001,,false,true,false
", and medium enterprises (",5,3,3,D08,29,D08_P029_SEC_8_52_PAR003,,false,true,false
has emerged as the world,5,3,3,D08,31,D08_P031_SEC_8_57_PAR003,,false,true,false
emerged as the world 's,5,3,3,D08,31,D08_P031_SEC_8_57_PAR003,,false,true,false
online dispute resolution ( odr,5,3,3,D08,36,D08_P036_SEC_8_66_PAR003,,false,true,false
dispute resolution ( odr ),5,3,3,D08,36,D08_P036_SEC_8_66_PAR003,,false,true,false
. initiatives such as the,5,3,3,D08,37,D08_P037_SEC_8_67_PAR003,,false,true,false
") , available at https",5,3,3,D08,39,D08_P039_SEC_8_67_PAR005,,false,true,false
"the economic survey 2024-25 ,",5,3,3,D08,43,D08_P043_SEC_8_71_PAR002,,false,true,false
the role of the state,5,3,3,D08,45,D08_P045_SEC_8_74_PAR002,,false,true,false
", and the use of",5,3,3,D09,11,D09_BOX007,,false,true,false
played a critical role in,5,3,3,D09,11,D09_BOX007,,false,true,false
", railways , ports ,",5,3,3,D09,1,D09_P001_SEC_9_2_PAR001,,false,true,false
viability gap funding ( vgf,5,3,3,D09,7,D09_P007_SEC_9_17_PAR003,,false,true,false
gap funding ( vgf ),5,3,3,D09,7,D09_P007_SEC_9_17_PAR003,,false,true,false
have been completed as of,5,3,3,D09,10,D09_P010_SEC_9_20_PAR001,,false,true,false
km of road length ),5,3,2,D09,12,D09_P012_SEC_9_22_PAR001,,false,true,false
play a pivotal role in,5,3,3,D09,12,D09_P012_SEC_9_24_PAR001,,false,true,false
pradhan mantri janjati adivasi nyaya,5,3,3,D09,12,D09_P012_UNKNOWN_PAR001,,false,true,false
mantri janjati adivasi nyaya maha,5,3,3,D09,12,D09_P012_UNKNOWN_PAR001,,false,true,false
janjati adivasi nyaya maha abhiyan,5,3,3,D09,12,D09_P012_UNKNOWN_PAR001,,false,true,false
particularly vulnerable tribal groups (,5,3,3,D09,12,D09_P012_UNKNOWN_PAR001,,false,true,false
as a result of these,5,3,3,D09,24,D09_P024_SEC_9_40_PAR008,,false,true,false
press information bureau . (,5,3,1,D10,18,D10_BOX005,,false,true,false
information bureau . ( 2025,5,3,1,D10,18,D10_BOX005,,false,true,false
"bureau . ( 2025 ,",5,3,1,D10,18,D10_BOX005,,false,true,false
"( 2025 , december 18",5,3,1,D10,18,D10_BOX005,,false,true,false
"2025 , december 18 )",5,3,1,D10,18,D10_BOX005,,false,true,false
", december 18 ) .",5,3,1,D10,18,D10_BOX005,,false,true,false
december 18 ) . development,5,3,1,D10,18,D10_BOX005,,false,true,false
18 ) . development and,5,3,1,D10,18,D10_BOX005,,false,true,false
) . development and deployment,5,3,1,D10,18,D10_BOX005,,false,true,false
. development and deployment of,5,3,1,D10,18,D10_BOX005,,false,true,false
development and deployment of energy,5,3,1,D10,18,D10_BOX005,energy,false,true,false
and deployment of energy storage,5,3,1,D10,18,D10_BOX005,energy,false,true,false
deployment of energy storage capacities,5,3,1,D10,18,D10_BOX005,energy,false,true,false
of energy storage capacities to,5,3,1,D10,18,D10_BOX005,energy,false,true,false
energy storage capacities to power,5,3,1,D10,18,D10_BOX005,energy,false,true,false
storage capacities to power reliable,5,3,1,D10,18,D10_BOX005,,false,true,false
capacities to power reliable renewable,5,3,1,D10,18,D10_BOX005,,false,true,false
to power reliable renewable future,5,3,1,D10,18,D10_BOX005,,false,true,false
power reliable renewable future .,5,3,1,D10,18,D10_BOX005,,false,true,false
reliable renewable future . retrieved,5,3,1,D10,18,D10_BOX005,,false,true,false
renewable future . retrieved on,5,3,1,D10,18,D10_BOX005,,false,true,false
future . retrieved on december,5,3,1,D10,18,D10_BOX005,,false,true,false
from : https : //tinyurl.com/ypkzbz,5,3,1,D10,18,D10_BOX005,,false,true,false
: https : //tinyurl.com/ypkzbz 4,5,3,1,D10,18,D10_BOX005,,false,true,false
https : //tinyurl.com/ypkzbz 4 z,5,3,1,D10,18,D10_BOX005,,false,true,false
: //tinyurl.com/ypkzbz 4 z .,5,3,1,D10,18,D10_BOX005,,false,true,false
", government of india .",5,3,3,D10,38,D10_BOX019,,false,true,false
", 2025 , from https",5,3,3,D10,38,D10_BOX019,,false,true,false
"2025 , from https :",5,3,3,D10,38,D10_BOX019,,false,true,false
guarantee for rozgar and ajeevika,5,3,3,D10,9,D10_P009_SEC_10_25_PAR001,,false,true,false
for rozgar and ajeevika mission,5,3,3,D10,9,D10_P009_SEC_10_25_PAR001,,false,true,false
rozgar and ajeevika mission (,5,3,3,D10,9,D10_P009_SEC_10_25_PAR001,,false,true,false
and ajeevika mission ( gramin,5,3,3,D10,9,D10_P009_SEC_10_25_PAR001,,false,true,false
ajeevika mission ( gramin ),5,3,3,D10,9,D10_P009_SEC_10_25_PAR001,,false,true,false
: https : //tinyurl.com/ 3,5,3,3,D10,17,D10_P017_SEC_10_44_PAR003,,false,true,false
the national critical mineral mission,5,3,3,D10,21,D10_P021_SEC_10_51_PAR001,,false,true,false
shaped by factors such as,5,3,3,D10,32,D10_P032_SEC_10_76_PAR001,,false,true,false
the water ( prevention and,5,3,2,D10,34,D10_P034_SEC_10_82_PAR001,,false,true,false
water ( prevention and control,5,3,2,D10,34,D10_P034_SEC_10_82_PAR001,,false,true,false
control of pollution ) act,5,3,2,D10,34,D10_P034_SEC_10_82_PAR001,,false,true,false
"of pollution ) act ,",5,3,2,D10,34,D10_P034_SEC_10_82_PAR001,,false,true,false
"at the national level ,",5,3,3,D10,35,D10_P035_SEC_10_84_PAR001,,false,true,false
discussed in detail in chapter,5,3,3,D11,2,D11_P002_SEC_11_4_PAR001,,false,true,false
of the world 's largest,5,3,3,D11,4,D11_P004_SEC_11_10_PAR001,,false,true,false
the government of india .,5,3,3,D11,4,D11_P004_SEC_11_10_PAR001,,false,true,false
", it is essential to",5,3,3,D11,9,D11_P009_SEC_11_17_PAR001,,false,true,false
plays a critical role in,5,3,3,D11,13,D11_P013_SEC_11_19_PAR001,,false,true,false
economic survey provides a detailed,5,3,3,D11,15,D11_P015_SEC_11_21_PAR002,,false,true,false
: ( i ) a,5,3,3,D11,17,D11_P017_SEC_11_26_PAR001,,false,true,false
11 of the economic survey,5,3,3,D11,30,D11_P030_SEC_11_47_PAR001,,false,true,false
in the country . the,5,3,3,D11,33,D11_P033_SEC_11_48_PAR001,,false,true,false
. as part of the,5,3,3,D11,33,D11_P033_SEC_11_48_PAR001,,false,true,false
both rural and urban areas,5,3,3,D11,34,D11_P034_SEC_11_50_PAR001,,false,true,false
. https : //tinyurl.com/ 2,5,3,3,D11,42,D11_P042_SEC_11_65_PAR009,,false,true,false
. the goal is to,5,3,3,D12,35,D12_BOX015,,false,true,false
of the labour market .,5,3,3,D12,1,D12_P001_SEC_12_1_PAR001,market,false,true,false
". to achieve this ,",5,3,3,D12,1,D12_P001_UNKNOWN_PAR003,,false,true,false
in employment and related activities,5,3,1,D12,6,D12_P006_SEC_12_11_PAR002,employment,false,true,false
aged 6 years and above,5,3,2,D12,6,D12_P006_SEC_12_11_PAR004,,false,true,false
increasing women 's participation in,5,3,3,D12,7,D12_P007_SEC_12_11_PAR002,,false,true,false
". taken together , the",5,3,3,D12,27,D12_P027_SEC_12_39_PAR003,,false,true,false
needs of the labour market,5,3,3,D12,28,D12_P028_SEC_12_44_PAR001,market,false,true,false
of the economic survey .,5,3,3,D12,31,D12_P031_SEC_12_46_PAR001,,false,true,false
". in this regard ,",5,3,3,D12,38,D12_P038_SEC_12_55_PAR001,,false,true,false
", sabka vikas , sabka",5,3,3,D13,1,D13_P001_UNKNOWN_PAR002,,false,true,false
played a central role in,5,3,3,D13,1,D13_P001_UNKNOWN_PAR002,,false,true,false
", skill development , and",5,3,3,D13,1,D13_P001_UNKNOWN_PAR003,,false,true,false
"the same time , they",5,3,3,D13,8,D13_P008_SEC_13_22_PAR001,,false,true,false
"in rural areas , the",5,3,3,D13,25,D13_P025_SEC_13_68_PAR001,,false,true,false
". for instance , a",5,3,3,D14,3,D14_P003_SEC_14_5_PAR001,,false,true,false
of india 's own ai,5,3,3,D14,7,D14_P007_SEC_14_10_PAR001,,false,true,false
", in collaboration with the",5,3,3,D14,21,D14_P021_SEC_14_43_PAR001,,false,true,false
india 's data governance approach,5,3,3,D14,27,D14_P027_SEC_14_63_PAR001,,false,true,false
of the provisions of the,5,3,3,D14,29,D14_P029_SEC_14_68_PAR001,,false,true,false
( std . error ),5,3,2,D14,6,D14_T001,,false,true,false
"energy , environment and water",5,3,1,D15,24,D15_BOX007,energy,false,true,false
pradhan mantri awas yojana -,5,3,2,D15,27,D15_P027_SEC_15_50_PAR001,,false,true,false
the importance of the informal,5,3,2,D15,28,D15_P028_SEC_15_52_PAR001,,false,true,false
the state 's ability to,5,3,3,D16,1,D16_P001_UNKNOWN_PAR004,,false,true,false
". in doing so ,",5,3,3,D16,2,D16_P002_UNKNOWN_PAR001,,false,true,false
". state capacity , in",5,3,2,D16,2,D16_P002_UNKNOWN_PAR002,,false,true,false
"state capacity , in this",5,3,2,D16,2,D16_P002_UNKNOWN_PAR002,,false,true,false
weaknesses that sheltered activities can,5,3,3,D16,15,D16_P015_SEC_16_48_PAR001,,false,true,false
from swadeshi to strategic resilience,5,3,3,D16,18,D16_P018_SEC_16_59_PAR002,,false,true,false
import substitution strategic resilience strategic,5,3,3,D16,20,D16_P020_UNKNOWN_PAR001,import,false,true,false
substitution strategic resilience strategic indispensability,5,3,3,D16,20,D16_P020_UNKNOWN_PAR001,,false,true,false
in both public and private,5,3,3,D17,10,D17_P010_UNKNOWN_PAR006,,false,true,false
ai ai - ai ui,5,3,3,D17,36,D17_P036_UNKNOWN_PAR001,,false,true,false
ai ai - ai -,5,3,3,D17,36,D17_P036_UNKNOWN_PAR002,,false,true,false
ai - ai - ai,5,3,3,D17,36,D17_P036_UNKNOWN_PAR002,,false,true,false
ai ui ai ui ui,5,3,2,D17,36,D17_P036_UNKNOWN_PAR005,,false,true,false
ai ui ui ai ui,5,3,3,D17,36,D17_P036_UNKNOWN_PAR005,,false,true,false
- ai ui ai ai,5,3,3,D17,36,D17_P036_UNKNOWN_PAR006,,false,true,false
- ai ai - ai,5,3,3,D17,36,D17_P036_UNKNOWN_PAR008,,false,true,false
- ai - ai -,5,3,2,D17,36,D17_P036_UNKNOWN_PAR009,,false,true,false
ai - ai - -,5,3,3,D17,36,D17_P036_UNKNOWN_PAR009,,false,true,false
- ai - - ai,5,3,3,D17,36,D17_P036_UNKNOWN_PAR009,,false,true,false
ai ai ai ui ui,5,3,3,D17,36,D17_P036_UNKNOWN_PAR010,,false,true,false
ui ui ai ui ui,5,3,2,D17,36,D17_P036_UNKNOWN_PAR019,,false,true,false
", the rbi cautions that",5,3,3,D18,2,D18_P002_I_PAR002,,false,true,false
"accordingly , banks and nbfcs",5,3,3,D18,3,D18_P003_V_PAR003,banks,false,true,false
", banks and nbfcs should",5,3,3,D18,3,D18_P003_V_PAR003,banks,false,true,false
banks and nbfcs should continue,5,3,3,D18,3,D18_P003_V_PAR003,banks,false,true,false
and nbfcs should continue to,5,3,3,D18,3,D18_P003_V_PAR003,,false,true,false
the government is estimated to,5,3,3,D19,1,D19_P001_UNKNOWN_PAR001,,false,true,false
in 2026-27 are estimated to,5,3,3,D19,1,D19_P001_UNKNOWN_PAR002,,false,true,false
2026-27 are estimated to be,5,3,3,D19,1,D19_P001_UNKNOWN_PAR002,,false,true,false
"are estimated to be rs 36,51,547 crore",5,3,3,D19,1,D19_P001_UNKNOWN_PAR002,,false,true,false
"estimated to be rs 36,51,547 crore ,",5,3,3,D19,1,D19_P001_UNKNOWN_PAR002,,false,true,false
", lower than the revised",5,3,3,D19,1,D19_P001_UNKNOWN_PAR004,,false,true,false
lower than the revised estimate,5,3,3,D19,1,D19_P001_UNKNOWN_PAR004,,false,true,false
estimates for 2025-26 . this,5,3,3,D19,4,D19_P004_UNKNOWN_PAR003,,false,true,false
"in 2026-27 , over the",5,3,3,D19,4,D19_P004_UNKNOWN_PAR004,,false,true,false
"2026-27 , over the revised",5,3,3,D19,4,D19_P004_UNKNOWN_PAR004,,false,true,false
. this is primarily due,5,3,3,D19,5,D19_P005_UNKNOWN_PAR004,,false,true,false
this is primarily due to,5,3,3,D19,5,D19_P005_UNKNOWN_PAR004,,false,true,false
loans to states for capital,5,3,3,D19,5,D19_P005_UNKNOWN_PAR005,capital;loans,false,true,false
of the 16 th finance,5,3,3,D19,5,D19_P005_UNKNOWN_PAR006,finance,false,true,false
the 16 th finance commission,5,3,3,D19,5,D19_P005_UNKNOWN_PAR006,finance,false,true,false
estimates of 2025-26 ( see,5,3,3,D19,5,D19_P005_UNKNOWN_PAR006,,false,true,false
sources : budget at a,5,3,3,D19,8,D19_P008_UNKNOWN_PAR009,budget,false,true,false
: budget at a glance,5,3,3,D19,8,D19_P008_UNKNOWN_PAR009,budget,false,true,false
"budget at a glance ,",5,3,3,D19,8,D19_P008_UNKNOWN_PAR009,budget,false,true,false
"at a glance , union",5,3,3,D19,8,D19_P008_UNKNOWN_PAR009,,false,true,false
"a glance , union budget",5,3,3,D19,8,D19_P008_UNKNOWN_PAR009,budget,false,true,false
"total expenditure 46,52,867 50,65,345 49,64,842",5,3,3,D19,3,D19_T001,expenditure,false,true,false
"expenditure 46,52,867 50,65,345 49,64,842 53,47,315",5,3,3,D19,3,D19_T001,expenditure,false,true,false
"46,52,867 50,65,345 49,64,842 53,47,315 7.7%",5,3,3,D19,3,D19_T001,,false,true,false
", union budget documents 2026-27",5,3,3,D19,3,D19_T001,budget,false,true,false
union budget documents 2026-27 ;,5,3,3,D19,3,D19_T001,budget,false,true,false
budget documents 2026-27 ; prs,5,3,3,D19,3,D19_T001,budget,false,true,false
documents 2026-27 ; prs .,5,3,3,D19,3,D19_T001,,false,true,false
2026-27 ; prs . expenditure,5,3,3,D19,3,D19_T001,expenditure,false,true,false
". february 1 , 2026",5,3,3,D19,4,D19_T002,,false,true,false
", union budget 2026-27 ;",5,3,3,D19,5,D19_T004,budget,false,true,false
union budget 2026-27 ; prs,5,3,3,D19,5,D19_T004,budget,false,true,false
budget 2026-27 ; prs .,5,3,3,D19,5,D19_T004,budget,false,true,false
of the strait of hormuz,5,3,3,D20,1,D20_P001_UNKNOWN_PAR003,,false,true,false
of the middle east conflict,5,3,3,D20,4,D20_P004_II_PAR001,,false,true,false
in the second half .,5,3,3,D20,6,D20_P006_SEC_2_1_3_PAR001,,false,true,false
from the middle east conflict,5,3,3,D20,7,D20_P007_SEC_2_2_1_PAR004,,false,true,false
period of one year from,5,3,3,D21,2,D21_BOX001,,false,true,false
facilitating ease of doing business,5,3,3,D21,3,D21_P003_SEC_3_1_1_PAR009,,false,true,false
and disclosure requirements ) regulations,5,3,2,D21,3,D21_P003_SEC_3_1_1_PAR009,,false,true,false
"disclosure requirements ) regulations ,",5,3,2,D21,3,D21_P003_SEC_3_1_1_PAR009,,false,true,false
"during 2025-26 , the median",5,3,3,D21,8,D21_P008_UNKNOWN_PAR003,,false,true,false
the median processing time for,5,3,3,D21,8,D21_P008_UNKNOWN_PAR008,,false,true,false
"the end of 2025-26 ,",5,3,3,D21,8,D21_P008_UNKNOWN_PAR008,,false,true,false
registrar to issue and share,5,3,3,D21,16,D21_P016_SEC_3_4_2_PAR003,,false,true,false
) no . of offers,5,3,1,D21,14,D21_T010,,false,true,false
of sebi ( lodr ),5,3,3,D21,15,D21_T014,,false,true,false
sebi registered intermediaries and other,5,3,1,D22,35,D22_BOX007,,false,true,false
registered intermediaries and other entities,5,3,1,D22,35,D22_BOX007,,false,true,false
"by march 31 , 2026",5,3,3,D22,1,D22_P001_UNKNOWN_PAR001,,false,true,false
"31 , 2026 , india",5,3,3,D22,1,D22_P001_UNKNOWN_PAR001,,false,true,false
) : in order to,5,3,3,D22,1,D22_P001_UNKNOWN_PAR003,,false,true,false
"during the year , sebi",5,3,3,D22,1,D22_P001_UNKNOWN_PAR005,,false,true,false
", respectively during the same",5,3,3,D22,2,D22_P002_SEC_4_1_1_PAR001,,false,true,false
respectively during the same period,5,3,3,D22,2,D22_P002_SEC_4_1_1_PAR001,,false,true,false
of listed equity in demat,5,3,2,D22,7,D22_P007_SEC_4_1_1_PAR001,equity,false,true,false
listed equity in demat form,5,3,2,D22,7,D22_P007_SEC_4_1_1_PAR001,equity,false,true,false
"2025-26 , the total number",5,3,3,D22,7,D22_P007_SEC_4_1_1_PAR002,,false,true,false
": during 2025-26 , a",5,3,3,D22,7,D22_P007_SEC_4_1_3_PAR001,,false,true,false
depositories and participants ) regulations,5,3,3,D22,7,D22_P007_SEC_4_1_3_PAR001,,false,true,false
") regulations , 2018 (",5,3,2,D22,7,D22_P007_SEC_4_1_3_PAR001,,false,true,false
venture capital funds ( vcfs,5,3,3,D22,8,D22_P008_SEC_4_1_3_PAR002,capital,false,true,false
capital funds ( vcfs ),5,3,3,D22,8,D22_P008_SEC_4_1_3_PAR002,capital,false,true,false
in annual cash market turnover,5,3,2,D22,8,D22_P008_SEC_4_1_4_PAR001,market,false,true,false
", portfolio managers , and",5,3,3,D22,10,D22_P010_SEC_4_2_1_PAR003,,false,true,false
to strengthen the equity derivatives,5,3,3,D22,12,D22_P012_SEC_4_3_1_PAR001,equity,false,true,false
concentration and risk management measures,5,3,3,D22,14,D22_P014_SEC_4_3_3_PAR001,,false,true,false
"during 2025-26 . however ,",5,3,3,D22,14,D22_P014_SEC_4_3_3_PAR002,,false,true,false
in the equity f &,5,3,3,D22,15,D22_P015_SEC_4_3_3_PAR004,equity,false,true,false
the equity f & o,5,3,3,D22,15,D22_P015_SEC_4_3_3_PAR004,equity,false,true,false
compared to the previous year,5,3,3,D22,18,D22_P018_UNKNOWN_PAR017,,false,true,false
to the previous year .,5,3,3,D22,18,D22_P018_UNKNOWN_PAR017,,false,true,false
in order to provide investors,5,3,3,D22,32,D22_P032_SEC_4_7_5_PAR001,investors,false,true,false
order to provide investors with,5,3,3,D22,32,D22_P032_SEC_4_7_5_PAR001,investors,false,true,false
"brokers ) regulations , 2026",5,3,3,D22,33,D22_P033_SEC_4_7_5_PAR006,,false,true,false
"notified on january 07 ,",5,3,2,D22,33,D22_P033_SEC_4_7_5_PAR006,,false,true,false
to facilitate ease of compliance,5,3,3,D22,33,D22_P033_SEC_4_7_5_PAR006,,false,true,false
"brokers ) regulations , 1992",5,3,3,D22,33,D22_P033_SEC_4_7_5_PAR006,,false,true,false
") regulations , 1992 .",5,3,3,D22,33,D22_P033_SEC_4_7_5_PAR006,,false,true,false
have an access to provisions,5,3,3,D22,33,D22_P033_SEC_4_7_5_PAR010,,false,true,false
an access to provisions of,5,3,3,D22,33,D22_P033_SEC_4_7_5_PAR010,,false,true,false
access to provisions of all,5,3,3,D22,33,D22_P033_SEC_4_7_5_PAR010,,false,true,false
to provisions of all applicable,5,3,3,D22,33,D22_P033_SEC_4_7_5_PAR010,,false,true,false
provisions of all applicable requirements,5,3,3,D22,33,D22_P033_SEC_4_7_5_PAR010,,false,true,false
of all applicable requirements at,5,3,3,D22,33,D22_P033_SEC_4_7_5_PAR010,,false,true,false
all applicable requirements at one,5,3,3,D22,33,D22_P033_SEC_4_7_5_PAR010,,false,true,false
"at one place , all",5,3,3,D22,33,D22_P033_SEC_4_7_5_PAR010,,false,true,false
"one place , all circulars",5,3,3,D22,33,D22_P033_SEC_4_7_5_PAR010,,false,true,false
"place , all circulars issued",5,3,3,D22,33,D22_P033_SEC_4_7_5_PAR010,,false,true,false
", all circulars issued till",5,3,3,D22,33,D22_P033_SEC_4_7_5_PAR010,,false,true,false
were rescinded and replaced with,5,3,3,D22,33,D22_P033_SEC_4_7_5_PAR010,,false,true,false
rescinded and replaced with the,5,3,3,D22,33,D22_P033_SEC_4_7_5_PAR010,,false,true,false
and replaced with the master,5,3,3,D22,33,D22_P033_SEC_4_7_5_PAR010,,false,true,false
replaced with the master circular,5,3,3,D22,33,D22_P033_SEC_4_7_5_PAR010,,false,true,false
with the master circular for,5,3,3,D22,33,D22_P033_SEC_4_7_5_PAR010,,false,true,false
sebi ( registrar to an,5,3,2,D22,34,D22_P034_SEC_4_7_5_PAR005,,false,true,false
( registrar to an issue,5,3,2,D22,34,D22_P034_SEC_4_7_5_PAR005,,false,true,false
share transfer agent ) regulations,5,3,2,D22,34,D22_P034_SEC_4_7_5_PAR005,,false,true,false
"transfer agent ) regulations ,",5,3,2,D22,34,D22_P034_SEC_4_7_5_PAR005,,false,true,false
"agent ) regulations , 2025",5,3,2,D22,34,D22_P034_SEC_4_7_5_PAR005,,false,true,false
registrar to an issue and,5,3,3,D22,34,D22_P034_SEC_4_7_5_PAR005,,false,true,false
key features of the revised,5,3,3,D22,34,D22_P034_SEC_4_7_5_PAR005,,false,true,false
features of the revised regulatory,5,3,3,D22,34,D22_P034_SEC_4_7_5_PAR005,regulatory,false,true,false
of the revised regulatory framework,5,3,3,D22,34,D22_P034_SEC_4_7_5_PAR005,regulatory,false,true,false
in order to enable the,5,3,3,D22,34,D22_P034_SEC_4_7_5_PAR006,,false,true,false
order to enable the stakeholders,5,3,3,D22,34,D22_P034_SEC_4_7_5_PAR006,,false,true,false
to enable the stakeholders to,5,3,3,D22,34,D22_P034_SEC_4_7_5_PAR006,,false,true,false
sebi ( investment advisers ),5,3,3,D22,35,D22_P035_SEC_4_7_5_PAR002,investment,false,true,false
sebi ( research analysts ),5,3,3,D22,35,D22_P035_SEC_4_7_5_PAR002,,false,true,false
and d & p regulations,5,3,2,D22,36,D22_P036_SEC_4_8_2_PAR002,,false,true,false
"d & p regulations ,",5,3,2,D22,36,D22_P036_SEC_4_8_2_PAR002,,false,true,false
* 2025-26 2024-25 2025-26 2024-25,5,3,3,D22,7,D22_T007,,false,true,false
0 0 0 0 0,5,3,2,D22,7,D22_T007,,false,true,true
"2025-26 march 31 , 2025",5,3,3,D22,9,D22_T011,,false,true,false
. of trades settled no,5,3,1,D22,10,D22_T013,,false,true,false
of trades settled no .,5,3,1,D22,10,D22_T013,,false,true,false
trades settled no . of,5,3,1,D22,10,D22_T013,,false,true,false
settled no . of trades,5,3,1,D22,10,D22_T013,,false,true,false
amount ( ₹crore ) amount,5,3,1,D22,10,D22_T013,,false,true,false
( ₹crore ) amount (,5,3,1,D22,10,D22_T013,,false,true,false
₹crore ) amount ( ₹crore,5,3,1,D22,10,D22_T013,,false,true,false
) amount ( ₹crore ),5,3,1,D22,10,D22_T013,,false,true,false
domestic financial institutions ( other,5,3,3,D22,12,D22_T015,financial,false,true,false
financial institutions ( other than,5,3,3,D22,12,D22_T015,financial,false,true,false
year total mtm settlement final,5,3,3,D22,15,D22_T017,,false,true,false
total mtm settlement final settlement,5,3,3,D22,15,D22_T017,,false,true,false
lakh ) ( ₹crore ),5,3,3,D22,26,D22_T025,,false,true,false
. settlement : during 2025-26,5,3,3,D22,26,D22_T026,,false,true,false
"settlement : during 2025-26 ,",5,3,3,D22,26,D22_T026,,false,true,false
a comprehensive review of the,5,3,2,D23,2,D23_BOX001,,false,true,false
"funds ) regulations , 2026",5,3,3,D23,2,D23_BOX001,,false,true,false
for investment in a start-up,5,3,1,D23,11,D23_BOX005,investment,false,true,false
"companies act , 2013 .",5,3,3,D23,11,D23_BOX005,,false,true,false
", 2026 , the number",5,3,3,D23,4,D23_P004_SEC_5_1_2_PAR003,,false,true,false
"2026 , the number of",5,3,3,D23,4,D23_P004_SEC_5_1_2_PAR003,,false,true,false
from time to time .,5,3,3,D23,15,D23_P015_SEC_5_3_1_PAR001,,false,true,false
( +ve ) / outflow,5,3,2,D23,6,D23_T004,,false,true,false
) ( ₹crore ) (,5,3,2,D23,6,D23_T004,,false,true,false
schemes - - - -,5,3,1,D23,6,D23_T004,,false,true,false
"2026 , the total number",5,3,3,D23,13,D23_T015,,false,true,false
", followed by financial services",5,3,3,D23,13,D23_T015,financial,false,true,false
followed by financial services (,5,3,3,D23,13,D23_T015,financial,false,true,false
"( fpi ) regulations ,",5,3,3,D24,2,D24_P002_SEC_6_1_1_PAR038,fpi,false,true,false
"fpi ) regulations , 2019",5,3,3,D24,2,D24_P002_SEC_6_1_1_PAR038,fpi,false,true,false
) ( d ) of,5,3,3,D26,11,D26_BOX003,,false,true,false
( d ) of the,5,3,3,D26,11,D26_BOX003,,false,true,false
"31 , 2026 , sebi",5,3,3,D26,1,D26_P001_SEC_8_1_PAR004,,false,true,false
"sebi , miis and amfi",5,3,3,D26,2,D26_P002_SEC_8_1_PAR048,,false,true,false
at the end of previous,5,3,3,D26,14,D26_P014_UNKNOWN_PAR001,,false,true,false
the end of previous year,5,3,3,D26,14,D26_P014_UNKNOWN_PAR001,,false,true,false
a . income from investments,5,3,2,D26,15,D26_P015_UNKNOWN_PAR009,income;investments,false,true,false
2025-26 received resolved pending received,5,3,3,D26,14,D26_T006,,false,true,false
received resolved pending received resolved,5,3,3,D26,14,D26_T006,,false,true,false
resolved pending received resolved pending,5,3,3,D26,14,D26_T006,,false,true,false
pending received resolved pending a,5,3,3,D26,14,D26_T006,,false,true,false
received resolved pending a .,5,3,3,D26,14,D26_T006,,false,true,false
resolved pending a . complaints,5,3,3,D26,14,D26_T006,,false,true,false
r ( ai ) dar,5,3,3,D27,7,D27_P007_SEC_9_2_8_PAR003,,false,true,false
. as a member of,5,3,3,D27,11,D27_P011_SEC_9_4_1_PAR016,,false,true,false
iso 27001 : 2022 certification,5,3,1,D27,12,D27_P012_SEC_9_4_1_PAR006,,false,true,false
11 /11 ( 4 ),5,3,3,D28,6,D28_P006_SEC_10_1_4_PAR004,,false,true,false
/11 ( 4 ) /11,5,3,3,D28,6,D28_P006_SEC_10_1_4_PAR004,,false,true,false
( 4 ) /11 b/,5,3,3,D28,6,D28_P006_SEC_10_1_4_PAR004,,false,true,false
4 ) /11 b/ 11,5,3,3,D28,6,D28_P006_SEC_10_1_4_PAR004,,false,true,false
) /11 b/ 11 d,5,3,3,D28,6,D28_P006_SEC_10_1_4_PAR004,,false,true,false
were taken up for investigation,5,3,3,D28,6,D28_P006_UNKNOWN_PAR002,,false,true,false
taken up for investigation and,5,3,3,D28,6,D28_P006_UNKNOWN_PAR002,,false,true,false
cases were completed ( table,5,3,3,D28,6,D28_P006_UNKNOWN_PAR002,,false,true,false
adjudicating officer ( ao ),5,3,3,D28,8,D28_P008_SEC_10_1_4_PAR001,,false,true,false
cases . at the end,5,3,3,D28,8,D28_P008_SEC_10_1_4_PAR001,,false,true,false
"apart from the above ,",5,3,3,D28,8,D28_P008_SEC_10_1_4_PAR002,,false,true,false
of the hon'ble supreme court,5,3,3,D28,14,D28_P014_SEC_10_2_2_PAR004,,false,true,false
been appointed by the hon'ble,5,3,3,D28,14,D28_P014_SEC_10_2_2_PAR007,,false,true,false
by the hon'ble supreme court,5,3,3,D28,14,D28_P014_SEC_10_2_2_PAR007,,false,true,false
", 2026 , the committee",5,3,3,D28,15,D28_P015_SEC_10_2_2_PAR002,,false,true,false
"the hon'ble supreme court ,",5,3,3,D28,15,D28_P015_SEC_10_2_2_PAR004,,false,true,false
cases in the previous year,5,3,3,D28,19,D28_P019_UNKNOWN_PAR004,,false,true,false
industries ltd. & ors .,5,3,3,D28,19,D28_P019_UNKNOWN_PAR011,industries,false,true,false
order dated 15.10 . 2025,5,3,3,D28,21,D28_P021_UNKNOWN_PAR004,,false,true,false
failed to comply with the,5,3,3,D28,21,D28_P021_UNKNOWN_PAR008,,false,true,false
"order dated july 31 ,",5,3,3,D28,22,D28_P022_UNKNOWN_PAR006,,false,true,false
"dated july 31 , 2014",5,3,3,D28,22,D28_P022_UNKNOWN_PAR006,,false,true,false
before the ld . sat,5,3,3,D28,22,D28_P022_UNKNOWN_PAR007,,false,true,false
hon'ble supreme court . the,5,3,3,D28,22,D28_P022_UNKNOWN_PAR008,,false,true,false
", vide its order dated",5,3,3,D28,22,D28_P022_UNKNOWN_PAR008,,false,true,false
"order dated september 28 ,",5,3,3,D28,22,D28_P022_UNKNOWN_PAR009,,false,true,false
"dated september 28 , 2018",5,3,3,D28,22,D28_P022_UNKNOWN_PAR009,,false,true,false
", inter alia , held",5,3,3,D28,23,D28_P023_UNKNOWN_PAR002,,false,true,false
"inter alia , held that",5,3,3,D28,23,D28_P023_UNKNOWN_PAR002,,false,true,false
"alia , held that :",5,3,3,D28,23,D28_P023_UNKNOWN_PAR002,,false,true,false
filed an appeal before the,5,3,2,D28,23,D28_P023_UNKNOWN_PAR005,,false,true,false
order of the ld .,5,3,3,D28,23,D28_P023_UNKNOWN_PAR009,,false,true,false
"on march 24 , 2020",5,3,3,D28,23,D28_P023_UNKNOWN_PAR014,,false,true,false
regulation 30 ( 11 ),5,3,3,D28,24,D28_P024_UNKNOWN_PAR001,regulation,false,true,false
the respondent no 1 company,5,3,2,D28,25,D28_P025_UNKNOWN_PAR002,,false,true,false
practices in the securities market,5,3,3,D28,26,D28_P026_UNKNOWN_PAR004,market;securities,false,true,false
provisions of the sebi act,5,3,2,D28,26,D28_P026_UNKNOWN_PAR005,,false,true,false
violation of the provisions of,5,3,3,D28,26,D28_P026_UNKNOWN_PAR005,,false,true,false
"act , 1992 and the",5,3,3,D28,26,D28_P026_UNKNOWN_PAR005,,false,true,false
4 ( 2 ) (,5,3,1,D28,26,D28_P026_UNKNOWN_PAR007,,false,true,false
( lpa 550 /2018 ),5,3,3,D28,27,D28_P027_UNKNOWN_PAR004,,false,true,false
before hon'ble delhi high court,5,3,3,D28,27,D28_P027_UNKNOWN_PAR004,,false,true,false
hon'ble delhi high court .,5,3,3,D28,27,D28_P027_UNKNOWN_PAR004,,false,true,false
a finding on violation of,5,3,3,D28,28,D28_P028_UNKNOWN_PAR003,,false,true,false
", hon'ble delhi high court",5,3,2,D28,29,D28_P029_UNKNOWN_PAR005,,false,true,false
bombay dyeing and manufacturing company,5,3,2,D28,29,D28_P029_UNKNOWN_PAR010,,false,true,false
to fraudulent and unfair trade,5,3,2,D28,30,D28_P030_UNKNOWN_PAR003,trade,false,true,false
the sebi ( icdr ),5,3,2,D28,32,D28_P032_UNKNOWN_PAR002,,false,true,false
section 11 ( 3 ),5,3,3,D28,33,D28_P033_UNKNOWN_PAR003,,false,true,false
11 ( 3 ) of,5,3,3,D28,33,D28_P033_UNKNOWN_PAR003,,false,true,false
under section 24 ( 2,5,3,3,D28,33,D28_P033_UNKNOWN_PAR004,,false,true,false
section 24 ( 2 ),5,3,3,D28,33,D28_P033_UNKNOWN_PAR004,,false,true,false
r/w section 27 of the,5,3,3,D28,33,D28_P033_UNKNOWN_PAR004,,false,true,false
offence punishable under section 24,5,3,3,D28,33,D28_P033_UNKNOWN_PAR006,,false,true,false
punishable under section 24 (,5,3,3,D28,33,D28_P033_UNKNOWN_PAR006,,false,true,false
accused no . 2 and,5,3,1,D28,33,D28_P033_UNKNOWN_PAR006,,false,true,false
no . 2 and accused,5,3,1,D28,33,D28_P033_UNKNOWN_PAR006,,false,true,false
. 2 and accused no,5,3,1,D28,33,D28_P033_UNKNOWN_PAR006,,false,true,false
2 and accused no .,5,3,1,D28,33,D28_P033_UNKNOWN_PAR006,,false,true,false
and accused no . 3,5,3,1,D28,33,D28_P033_UNKNOWN_PAR006,,false,true,false
and further simple imprisonment of,5,3,3,D28,33,D28_P033_UNKNOWN_PAR006,,false,true,false
of payment of fine .,5,3,3,D28,33,D28_P033_UNKNOWN_PAR006,,false,true,false
"accordingly , the hon'ble court",5,3,3,D28,33,D28_P033_UNKNOWN_PAR007,,false,true,false
in sebi spl . case,5,3,3,D28,33,D28_P033_UNKNOWN_PAR008,,false,true,false
sebi spl . case no,5,3,3,D28,33,D28_P033_UNKNOWN_PAR008,,false,true,false
spl . case no .,5,3,3,D28,33,D28_P033_UNKNOWN_PAR008,,false,true,false
directors under section 24 (,5,3,3,D28,33,D28_P033_UNKNOWN_PAR010,,false,true,false
araya plantation and farm developers,5,3,3,D28,34,D28_P034_UNKNOWN_PAR002,,false,true,false
"after appreciating the evidence ,",5,3,3,D28,34,D28_P034_UNKNOWN_PAR003,,false,true,false
"appreciating the evidence , the",5,3,3,D28,34,D28_P034_UNKNOWN_PAR003,,false,true,false
"the evidence , the hon'ble",5,3,3,D28,34,D28_P034_UNKNOWN_PAR003,,false,true,false
"evidence , the hon'ble court",5,3,3,D28,34,D28_P034_UNKNOWN_PAR003,,false,true,false
"2 , 2025 sebi (",5,3,3,D28,35,D28_P035_UNKNOWN_PAR001,,false,true,false
"23 , 2025 sebi (",5,3,3,D28,35,D28_P035_UNKNOWN_PAR002,,false,true,false
", 2025 sebi ( real",5,3,3,D28,35,D28_P035_UNKNOWN_PAR002,,false,true,false
2025 sebi ( real estate,5,3,3,D28,35,D28_P035_UNKNOWN_PAR002,,false,true,false
sebi ( real estate investment,5,3,3,D28,35,D28_P035_UNKNOWN_PAR002,investment,false,true,false
( real estate investment trusts,5,3,3,D28,35,D28_P035_UNKNOWN_PAR002,investment,false,true,false
real estate investment trusts ),5,3,3,D28,35,D28_P035_UNKNOWN_PAR002,investment,false,true,false
estate investment trusts ) (,5,3,3,D28,35,D28_P035_UNKNOWN_PAR002,investment,false,true,false
disclosure requirements ) ( second,5,3,3,D28,35,D28_P035_UNKNOWN_PAR006,,false,true,false
requirements ) ( second amendment,5,3,3,D28,35,D28_P035_UNKNOWN_PAR006,,false,true,false
sebi ( issue and listing,5,3,3,D28,35,D28_P035_UNKNOWN_PAR009,,false,true,false
( issue and listing of,5,3,3,D28,35,D28_P035_UNKNOWN_PAR009,,false,true,false
", 2025 sebi ( alternative",5,3,3,D28,35,D28_P035_UNKNOWN_PAR010,,false,true,false
2025 sebi ( alternative investment,5,3,3,D28,35,D28_P035_UNKNOWN_PAR010,investment,false,true,false
alternative investment funds ) (,5,3,3,D28,35,D28_P035_UNKNOWN_PAR010,investment,false,true,false
", 2025 sebi ( foreign",5,3,3,D28,35,D28_P035_UNKNOWN_PAR014,foreign,false,true,false
) ( fourth amendment ),5,3,3,D28,35,D28_P035_UNKNOWN_PAR027,,false,true,false
( fourth amendment ) regulations,5,3,3,D28,35,D28_P035_UNKNOWN_PAR027,,false,true,false
"fourth amendment ) regulations ,",5,3,3,D28,35,D28_P035_UNKNOWN_PAR027,,false,true,false
cases completed 2024-25 2025-26 2024-25,5,3,3,D28,5,D28_T004,,false,true,false
completed 2024-25 2025-26 2024-25 2025-26,5,3,3,D28,5,D28_T004,,false,true,false
particula rs 2024 -25 2025-26 cases,5,3,3,D28,7,D28_T007,,false,true,false
rs 2024 -25 2025-26 cases pending,5,3,3,D28,7,D28_T007,,false,true,false
-25 2025-26 cases pending at,5,3,3,D28,7,D28_T007,,false,true,false
cases older than 1 but,5,3,3,D28,7,D28_T007,,false,true,false
older than 1 but less,5,3,3,D28,7,D28_T007,,false,true,false
than 1 but less than,5,3,3,D28,7,D28_T007,,false,true,false
1 but less than 2,5,3,3,D28,7,D28_T007,,false,true,false
"bharatiya nyaya sanhita , 2023",5,3,1,D28,16,D28_T030,,false,true,false
"sebi act , 1992 &",5,3,2,D28,16,D28_T030,,false,true,false
"indian penal code , 1860",5,3,2,D28,16,D28_T030,,false,true,false
"district & sessions court ,",5,3,1,D28,20,D28_T043,,false,true,false
discussed areas of mutual interest,5,3,3,D29,3,D29_P003_III_PAR001,,false,true,false
"prof. dr. marlene amstad ,",5,3,3,D29,3,D29_P003_III_PAR005,,false,true,false
"dr. marlene amstad , chairperson",5,3,3,D29,3,D29_P003_III_PAR005,,false,true,false
"marlene amstad , chairperson ,",5,3,3,D29,3,D29_P003_III_PAR005,,false,true,false
"amstad , chairperson , swiss",5,3,3,D29,3,D29_P003_III_PAR005,,false,true,false
", chairperson , swiss financial",5,3,3,D29,3,D29_P003_III_PAR005,financial,false,true,false
"chairperson , swiss financial market",5,3,3,D29,3,D29_P003_III_PAR005,financial;market,false,true,false
", swiss financial market supervisory",5,3,3,D29,3,D29_P003_III_PAR005,financial;market,false,true,false
swiss financial market supervisory authority,5,3,3,D29,3,D29_P003_III_PAR005,financial;market,false,true,false
discussed issues of mutual interest,5,3,3,D29,3,D29_P003_III_PAR005,,false,true,false
issues of mutual interest and,5,3,3,D29,3,D29_P003_III_PAR005,,false,true,false
of mutual interest and co-operation,5,3,3,D29,3,D29_P003_III_PAR005,,false,true,false
mutual interest and co-operation .,5,3,3,D29,3,D29_P003_III_PAR005,,false,true,false
chapter 12 national institute of,5,3,3,D30,2,D30_P002_SEC_12_1_PAR001,,false,true,false
12 national institute of securities,5,3,3,D30,2,D30_P002_SEC_12_1_PAR001,securities,false,true,false
implementation of the official language,5,3,3,D31,10,D31_P010_SEC_13_4_7_PAR001,,false,true,false
hindi in their official work,5,3,3,D31,10,D31_P010_SEC_13_6_PAR004,,false,true,false
requirements of the official language,5,3,3,D31,10,D31_P010_SEC_13_6_PAR006,,false,true,false
the theme of vaw 2025,5,3,3,D31,12,D31_P012_SEC_13_8_PAR001,,false,true,false
"of the rti act ,",5,3,2,D31,14,D31_P014_SEC_13_9_PAR002,,false,true,false
on a suo motu basis,5,3,1,D31,14,D31_P014_SEC_13_9_PAR005,,false,true,false
0.0 0.1 0.1 0.0 0.1,5,3,3,D31,17,D31_P017_UNKNOWN_PAR003,,false,true,false
0.1 0.1 0.0 0.1 0.1,5,3,3,D31,17,D31_P017_UNKNOWN_PAR003,,false,true,false
"by the appellate authority ,",5,3,1,D31,14,D31_T009,,false,true,false
"the appellate authority , sebi",5,3,1,D31,14,D31_T009,,false,true,false
after the end of the,5,2,2,D01,18,D01_BOX003,,false,true,false
"timely , credible and granular",5,2,2,D01,21,D01_BOX005,,false,true,false
", credible and granular data",5,2,2,D01,21,D01_BOX005,,false,true,false
". recognising this , the",5,2,2,D01,21,D01_BOX005,,false,true,false
"recognising this , the government",5,2,2,D01,21,D01_BOX005,,false,true,false
"data generation , survey modernisation",5,2,2,D01,21,D01_BOX005,,false,true,false
"generation , survey modernisation ,",5,2,2,D01,21,D01_BOX005,,false,true,false
", survey modernisation , macroeconomic",5,2,2,D01,21,D01_BOX005,macroeconomic,false,true,false
"survey modernisation , macroeconomic rebasing",5,2,2,D01,21,D01_BOX005,macroeconomic,false,true,false
". together , these efforts",5,2,2,D01,21,D01_BOX005,,false,true,false
a rapidly changing economy .,5,2,2,D01,21,D01_BOX005,,false,true,false
. the annual survey of,5,2,2,D01,21,D01_BOX005,,false,true,false
. this complements the existing,5,2,2,D01,21,D01_BOX005,,false,true,false
"enterprises ( asuse ) ,",5,2,2,D01,21,D01_BOX005,,false,true,false
of the services sector .,5,2,2,D01,21,D01_BOX005,sector,false,true,false
2 of the economic survey,5,2,2,D01,31,D01_BOX007,,false,true,false
an upward shift in potential,5,2,2,D01,31,D01_BOX007,,false,true,false
", trade disruptions , and",5,2,2,D01,1,D01_P001_UNKNOWN_PAR002,trade,false,true,false
", the indian economy has",5,2,2,D01,1,D01_P001_UNKNOWN_PAR003,,false,true,false
for the third quarter .,5,2,2,D01,1,D01_P001_UNKNOWN_PAR004,,false,true,false
"key macroeconomic fundamentals , including",5,2,2,D01,1,D01_P001_UNKNOWN_PAR005,macroeconomic,false,true,false
"inflation , financial sector conditions",5,2,2,D01,1,D01_P001_UNKNOWN_PAR005,financial;inflation;sector,false,true,false
", financial sector conditions ,",5,2,2,D01,1,D01_P001_UNKNOWN_PAR005,financial;sector,false,true,false
"financial sector conditions , fiscal",5,2,2,D01,1,D01_P001_UNKNOWN_PAR005,financial;fiscal;sector,false,true,false
in the near term .,5,2,2,D01,1,D01_P001_UNKNOWN_PAR006,,false,true,false
in the short run .,5,2,2,D01,2,D01_P002_SEC_1_1_PAR001,,false,true,false
the imf 's world economic,5,2,2,D01,2,D01_P002_SEC_1_1_PAR001,,false,true,false
imf 's world economic outlook,5,2,2,D01,2,D01_P002_SEC_1_1_PAR001,,false,true,false
". in some instances ,",5,2,2,D01,2,D01_P002_SEC_1_1_PAR001,,false,true,false
remained relatively stable in the,5,2,2,D01,2,D01_P002_SEC_1_1_PAR001,stable,false,true,false
in the short term .,5,2,2,D01,2,D01_P002_SEC_1_1_PAR001,,false,true,false
this is reflected in the,5,2,2,D01,2,D01_P002_SEC_1_1_PAR001,,false,true,false
( table i. 1 ),5,2,1,D01,2,D01_P002_SEC_1_1_PAR001,,false,true,false
table i. 1 ) .,5,2,1,D01,2,D01_P002_SEC_1_1_PAR001,,false,true,false
driven by strong growth in,5,2,2,D01,2,D01_P002_SEC_1_1_PAR001,growth,false,true,false
in artificial intelligence ( ai,5,2,2,D01,3,D01_P003_SEC_1_2_PAR002,,false,true,false
intelligence ( ai ) .,5,2,2,D01,3,D01_P003_SEC_1_2_PAR002,,false,true,false
", as well as technological",5,2,2,D01,5,D01_P005_SEC_1_6_PAR001,,false,true,false
the resurgence of economic statecraft,5,2,2,D01,5,D01_P005_SEC_1_6_PAR001,,false,true,false
", and the growing use",5,2,2,D01,6,D01_P006_SEC_1_6_PAR002,,false,true,false
and the growing use of,5,2,2,D01,6,D01_P006_SEC_1_6_PAR002,,false,true,false
advanced and emerging economies alike,5,2,2,D01,6,D01_P006_SEC_1_6_PAR002,,false,true,false
access to critical minerals and,5,2,2,D01,7,D01_P007_SEC_1_6_PAR004,,false,true,false
carbon border adjustment mechanism (,5,2,2,D01,8,D01_P008_SEC_1_6_PAR001,,false,true,false
border adjustment mechanism ( cbam,5,2,2,D01,8,D01_P008_SEC_1_6_PAR001,,false,true,false
adjustment mechanism ( cbam ),5,2,2,D01,8,D01_P008_SEC_1_6_PAR001,,false,true,false
in emerging areas such as,5,2,2,D01,8,D01_P008_SEC_1_6_PAR003,,false,true,false
. against this global backdrop,5,2,2,D01,8,D01_P008_SEC_1_7_PAR001,,false,true,false
"against this global backdrop ,",5,2,2,D01,8,D01_P008_SEC_1_7_PAR001,,false,true,false
the performance of the indian,5,2,2,D01,8,D01_P008_SEC_1_7_PAR001,,false,true,false
as reflected in the first,5,2,2,D01,8,D01_P008_SEC_1_7_PAR001,,false,true,false
reflected in the first advance,5,2,2,D01,8,D01_P008_SEC_1_7_PAR001,,false,true,false
in the first advance estimates,5,2,2,D01,8,D01_P008_SEC_1_7_PAR001,,false,true,false
. the chapter then examines,5,2,2,D01,8,D01_P008_SEC_1_7_PAR001,,false,true,false
concludes with an assessment of,5,2,2,D01,8,D01_P008_SEC_1_7_PAR001,,false,true,false
. even as the global,5,2,2,D01,8,D01_P008_SEC_1_8_PAR001,,false,true,false
by the ministry of statistics,5,2,2,D01,9,D01_P009_SEC_1_8_PAR002,,false,true,false
statistics and programme implementation (,5,2,2,D01,9,D01_P009_SEC_1_8_PAR002,,false,true,false
and programme implementation ( mospi,5,2,2,D01,9,D01_P009_SEC_1_8_PAR002,,false,true,false
programme implementation ( mospi ),5,2,2,D01,9,D01_P009_SEC_1_8_PAR002,,false,true,false
in the economic survey of,5,2,2,D01,9,D01_P009_SEC_1_8_PAR002,,false,true,false
. on the supply side,5,2,2,D01,9,D01_P009_SEC_1_8_PAR002,supply,false,true,false
"on the supply side ,",5,2,2,D01,9,D01_P009_SEC_1_8_PAR002,supply,false,true,false
. this is corroborated by,5,2,2,D01,10,D01_P010_SEC_1_9_PAR001,,false,true,false
"half of the year ,",5,2,2,D01,10,D01_P010_SEC_1_9_PAR001,,false,true,false
"of the year , with",5,2,2,D01,10,D01_P010_SEC_1_9_PAR001,,false,true,false
", aided by the rationalisation",5,2,2,D01,10,D01_P010_SEC_1_9_PAR001,,false,true,false
aided by the rationalisation of,5,2,2,D01,10,D01_P010_SEC_1_9_PAR001,,false,true,false
", including the impact of",5,2,2,D01,11,D01_P011_SEC_1_10_PAR001,,false,true,false
is likely to remain resilient,5,2,2,D01,11,D01_P011_SEC_1_10_PAR001,,false,true,false
rural economic conditions and sentiments,5,2,2,D01,11,D01_P011_SEC_1_11_PAR001,,false,true,false
economic conditions and sentiments survey,5,2,2,D01,11,D01_P011_SEC_1_11_PAR001,,false,true,false
"during the last year ,",5,2,2,D01,11,D01_P011_SEC_1_11_PAR001,,false,true,false
can be attributed to the,5,2,2,D01,11,D01_P011_SEC_1_11_PAR001,,false,true,false
"in fy26 , with the",5,2,2,D01,12,D01_P012_SEC_1_12_PAR001,,false,true,false
"fy26 , with the share",5,2,2,D01,12,D01_P012_SEC_1_12_PAR001,,false,true,false
in the corresponding period last,5,2,2,D01,12,D01_P012_SEC_1_12_PAR001,,false,true,false
and remaining above the pre-pandemic,5,2,2,D01,12,D01_P012_SEC_1_12_PAR001,,false,true,false
remaining above the pre-pandemic average,5,2,2,D01,12,D01_P012_SEC_1_12_PAR001,,false,true,false
by sustained public capital expenditure,5,2,2,D01,12,D01_P012_SEC_1_12_PAR001,capital;expenditure,false,true,false
") . together , these",5,2,2,D01,12,D01_P012_SEC_1_12_PAR001,,false,true,false
"of the investment cycle ,",5,2,2,D01,12,D01_P012_SEC_1_12_PAR001,investment,false,true,false
. the implicit h 2,5,2,2,D01,13,D01_P013_SEC_1_13_PAR001,,false,true,false
the implicit h 2 estimate,5,2,2,D01,13,D01_P013_SEC_1_13_PAR001,,false,true,false
", the index of industrial",5,2,2,D01,13,D01_P013_SEC_1_13_PAR001,,false,true,false
", with a share of",5,2,2,D01,13,D01_P013_SEC_1_14_PAR001,,false,true,false
exports of goods and services,5,2,2,D01,13,D01_P013_SEC_1_14_PAR001,exports,false,true,false
the same period last year,5,2,2,D01,13,D01_P013_SEC_1_14_PAR001,,false,true,false
"same period last year ,",5,2,2,D01,13,D01_P013_SEC_1_14_PAR001,,false,true,false
trade negotiations with the united,5,2,2,D01,14,D01_P014_SEC_1_15_PAR001,trade,false,true,false
negotiations with the united states,5,2,2,D01,14,D01_P014_SEC_1_15_PAR001,,false,true,false
are estimated to grow by,5,2,2,D01,14,D01_P014_SEC_1_17_PAR001,,false,true,false
growth recorded in h 1,5,2,2,D01,14,D01_P014_SEC_1_17_PAR001,growth,false,true,false
"in h 1 fy25 ,",5,2,2,D01,14,D01_P014_SEC_1_17_PAR001,,false,true,false
for more than half of,5,2,2,D01,14,D01_P014_SEC_1_17_PAR001,,false,true,false
"of agricultural gva , has",5,2,2,D01,14,D01_P014_SEC_1_17_PAR001,gva,false,true,false
", has been marked by",5,2,2,D01,14,D01_P014_SEC_1_17_PAR001,,false,true,false
higher than the corresponding period,5,2,2,D01,15,D01_P015_SEC_1_18_PAR001,,false,true,false
corresponding period last year .,5,2,2,D01,15,D01_P015_SEC_1_18_PAR001,,false,true,false
in the second half of,5,2,2,D01,15,D01_P015_SEC_1_18_PAR001,,false,true,false
gdp deflators : manufacturing 's,5,2,2,D01,15,D01_P015_SEC_1_19_PAR001,gdp,false,true,false
deflators : manufacturing 's reversal,5,2,2,D01,15,D01_P015_SEC_1_19_PAR001,,false,true,false
: manufacturing 's reversal in,5,2,2,D01,15,D01_P015_SEC_1_19_PAR001,,false,true,false
manufacturing 's reversal in terms,5,2,2,D01,15,D01_P015_SEC_1_19_PAR001,,false,true,false
's reversal in terms of,5,2,2,D01,15,D01_P015_SEC_1_19_PAR001,,false,true,false
reversal in terms of trade,5,2,2,D01,15,D01_P015_SEC_1_19_PAR001,trade,false,true,false
gross value of output (,5,2,2,D01,15,D01_P015_SEC_1_19_PAR001,output,false,true,false
value of output ( gvo,5,2,2,D01,15,D01_P015_SEC_1_19_PAR001,output,false,true,false
of output ( gvo ),5,2,2,D01,15,D01_P015_SEC_1_19_PAR001,output,false,true,false
"of fy26 , exceeding the",5,2,2,D01,16,D01_P016_SEC_1_20_PAR001,,false,true,false
h 1 of fy25 and,5,2,2,D01,16,D01_P016_SEC_1_20_PAR001,,false,true,false
1 of fy25 and the,5,2,2,D01,16,D01_P016_SEC_1_20_PAR001,,false,true,false
. the high-frequency indicators for,5,2,2,D01,16,D01_P016_SEC_1_22_PAR001,,false,true,false
by the rationalisation of gst,5,2,2,D01,16,D01_P016_SEC_1_22_PAR001,gst,false,true,false
", is estimated to have",5,2,2,D01,17,D01_P017_SEC_1_23_PAR001,,false,true,false
by 9.3 per cent in h 1,5,2,2,D01,17,D01_P017_SEC_1_24_PAR001,,false,true,false
"1 fy26 , with its",5,2,2,D01,17,D01_P017_SEC_1_24_PAR001,,false,true,false
"fy26 , with its share",5,2,2,D01,17,D01_P017_SEC_1_24_PAR001,,false,true,false
with its share in gdp,5,2,2,D01,17,D01_P017_SEC_1_24_PAR001,gdp,false,true,false
in gdp rising to 53.6 per cent,5,2,2,D01,17,D01_P017_SEC_1_24_PAR001,gdp,false,true,false
"gdp rising to 53.6 per cent ,",5,2,2,D01,17,D01_P017_SEC_1_24_PAR001,gdp,false,true,false
in h 1 fy25 and,5,2,2,D01,17,D01_P017_SEC_1_24_PAR001,,false,true,false
h 1 fy25 and the,5,2,2,D01,17,D01_P017_SEC_1_24_PAR001,,false,true,false
1 fy25 and the pre-pandemic,5,2,2,D01,17,D01_P017_SEC_1_24_PAR001,,false,true,false
fy25 and the pre-pandemic period,5,2,2,D01,17,D01_P017_SEC_1_24_PAR001,,false,true,false
"' trade , hospitality ,",5,2,2,D01,18,D01_P018_SEC_1_25_PAR001,trade,false,true,false
", hospitality , transport ,",5,2,2,D01,18,D01_P018_SEC_1_25_PAR001,,false,true,false
"hospitality , transport , communication",5,2,2,D01,18,D01_P018_SEC_1_25_PAR001,,false,true,false
", transport , communication and",5,2,2,D01,18,D01_P018_SEC_1_25_PAR001,,false,true,false
"transport , communication and related",5,2,2,D01,18,D01_P018_SEC_1_25_PAR001,,false,true,false
", communication and related services",5,2,2,D01,18,D01_P018_SEC_1_25_PAR001,,false,true,false
communication and related services ',5,2,2,D01,18,D01_P018_SEC_1_25_PAR001,,false,true,false
", port cargo traffic ,",5,2,2,D01,18,D01_P018_SEC_1_26_PAR001,,false,true,false
"operating costs , capacity constraints",5,2,2,D01,18,D01_P018_SEC_1_26_PAR001,,false,true,false
"costs , capacity constraints ,",5,2,2,D01,18,D01_P018_SEC_1_26_PAR001,,false,true,false
geopolitical uncertainties affecting international routes,5,2,2,D01,18,D01_P018_SEC_1_26_PAR001,,false,true,false
the annual survey of unincorporated,5,2,2,D01,22,D01_P022_SEC_1_28_PAR003,,false,true,false
to states and union territories,5,2,2,D01,22,D01_P022_SEC_1_28_PAR007,,false,true,false
the consumer price index (,5,2,2,D01,23,D01_P023_SEC_1_28_PAR008,,false,true,false
the foundation for an integrated,5,2,2,D01,23,D01_P023_SEC_1_28_PAR012,,false,true,false
pass-through of gst rate rationalisation,5,2,2,D01,24,D01_P024_SEC_1_29_PAR001,gst;rate,false,true,false
has been underpinned by a,5,2,2,D01,24,D01_P024_SEC_1_30_PAR001,,false,true,false
multiple all-time highs during the,5,2,2,D01,24,D01_P024_SEC_1_30_PAR001,,false,true,false
"policy reforms , including the",5,2,2,D01,25,D01_P025_SEC_1_30_PAR002,policy,false,true,false
. the central government 's,5,2,2,D01,25,D01_P025_SEC_1_31_PAR001,,false,true,false
central government 's fiscal trajectory,5,2,2,D01,25,D01_P025_SEC_1_31_PAR001,fiscal,false,true,false
government 's fiscal trajectory stands,5,2,2,D01,25,D01_P025_SEC_1_31_PAR001,fiscal,false,true,false
's fiscal trajectory stands out,5,2,2,D01,25,D01_P025_SEC_1_31_PAR001,fiscal,false,true,false
fiscal trajectory stands out for,5,2,2,D01,25,D01_P025_SEC_1_31_PAR001,fiscal,false,true,false
trajectory stands out for combining,5,2,2,D01,25,D01_P025_SEC_1_31_PAR001,,false,true,false
stands out for combining consolidation,5,2,2,D01,25,D01_P025_SEC_1_31_PAR001,,false,true,false
out for combining consolidation with,5,2,2,D01,25,D01_P025_SEC_1_31_PAR001,,false,true,false
for combining consolidation with sustained,5,2,2,D01,25,D01_P025_SEC_1_31_PAR001,,false,true,false
combining consolidation with sustained public,5,2,2,D01,25,D01_P025_SEC_1_31_PAR001,,false,true,false
consolidation with sustained public investment,5,2,2,D01,25,D01_P025_SEC_1_31_PAR001,investment,false,true,false
"the central government , through",5,2,2,D01,25,D01_P025_SEC_1_31_PAR001,,false,true,false
"central government , through its",5,2,2,D01,25,D01_P025_SEC_1_31_PAR001,,false,true,false
"government , through its special",5,2,2,D01,25,D01_P025_SEC_1_31_PAR001,,false,true,false
", through its special assistance",5,2,2,D01,25,D01_P025_SEC_1_31_PAR001,,false,true,false
through its special assistance to,5,2,2,D01,25,D01_P025_SEC_1_31_PAR001,,false,true,false
its special assistance to states,5,2,2,D01,25,D01_P025_SEC_1_31_PAR001,,false,true,false
"expenditure/investment ( sasci ) ,",5,2,2,D01,25,D01_P025_SEC_1_31_PAR001,,false,true,false
"( sasci ) , has",5,2,2,D01,25,D01_P025_SEC_1_31_PAR001,,false,true,false
"sasci ) , has successfully",5,2,2,D01,25,D01_P025_SEC_1_31_PAR001,,false,true,false
") , has successfully incentivised",5,2,2,D01,25,D01_P025_SEC_1_31_PAR001,,false,true,false
", has successfully incentivised the",5,2,2,D01,25,D01_P025_SEC_1_31_PAR001,,false,true,false
has successfully incentivised the states,5,2,2,D01,25,D01_P025_SEC_1_31_PAR001,,false,true,false
successfully incentivised the states to,5,2,2,D01,25,D01_P025_SEC_1_31_PAR001,,false,true,false
incentivised the states to maintain,5,2,2,D01,25,D01_P025_SEC_1_31_PAR001,,false,true,false
the states to maintain capital,5,2,2,D01,25,D01_P025_SEC_1_31_PAR001,capital,false,true,false
states to maintain capital expenditure,5,2,2,D01,25,D01_P025_SEC_1_31_PAR001,capital;expenditure,false,true,false
to maintain capital expenditure at,5,2,2,D01,25,D01_P025_SEC_1_31_PAR001,capital;expenditure,false,true,false
maintain capital expenditure at around,5,2,2,D01,25,D01_P025_SEC_1_31_PAR001,capital;expenditure,false,true,false
capital expenditure at around 2.4 per cent,5,2,2,D01,25,D01_P025_SEC_1_31_PAR001,capital;expenditure,false,true,false
expenditure at around 2.4 per cent of,5,2,2,D01,25,D01_P025_SEC_1_31_PAR001,expenditure,false,true,false
at around 2.4 per cent of gdp,5,2,2,D01,25,D01_P025_SEC_1_31_PAR001,gdp,false,true,false
expansion of unconditional cash transfers,5,2,2,D01,25,D01_P025_SEC_1_31_PAR001,,false,true,false
) . based on the,5,2,2,D01,25,D01_P025_SEC_1_31_PAR001,,false,true,false
"during the year , the",5,2,2,D01,25,D01_P025_SEC_1_31_PAR001,,false,true,false
on track to achieve its,5,2,2,D01,25,D01_P025_SEC_1_31_PAR001,,false,true,false
a fiscal deficit target of,5,2,2,D01,25,D01_P025_SEC_1_31_PAR001,deficit;fiscal,false,true,false
"as of november 2025 , the",5,2,2,D01,25,D01_P025_SEC_1_31_PAR001,,false,true,false
the government 's commitment to,5,2,2,D01,25,D01_P025_SEC_1_32_PAR001,,false,true,false
in the policy repo rate,5,2,2,D01,26,D01_P026_SEC_1_33_PAR001,policy;rate;repo,false,true,false
these measures have been effectively,5,2,2,D01,26,D01_P026_SEC_1_33_PAR001,,false,true,false
measures have been effectively transmitted,5,2,2,D01,26,D01_P026_SEC_1_33_PAR001,,false,true,false
have been effectively transmitted to,5,2,2,D01,26,D01_P026_SEC_1_33_PAR001,,false,true,false
", with gross non-performing asset",5,2,2,D01,26,D01_P026_SEC_1_33_PAR001,,false,true,false
in bank credit . the,5,2,2,D01,27,D01_P027_SEC_1_34_PAR001,bank;credit,false,true,false
transmission of monetary policy has,5,2,2,D01,27,D01_P027_SEC_1_34_PAR001,monetary;policy,false,true,false
", as the profitability of",5,2,2,D01,27,D01_P027_SEC_1_34_PAR001,,false,true,false
"over time , their internal",5,2,2,D01,27,D01_P027_SEC_1_34_PAR001,,false,true,false
"time , their internal resources",5,2,2,D01,27,D01_P027_SEC_1_34_PAR001,,false,true,false
", their internal resources have",5,2,2,D01,27,D01_P027_SEC_1_34_PAR001,,false,true,false
their internal resources have become,5,2,2,D01,27,D01_P027_SEC_1_34_PAR001,,false,true,false
", within the overall flow",5,2,2,D01,27,D01_P027_SEC_1_34_PAR001,,false,true,false
within the overall flow of,5,2,2,D01,27,D01_P027_SEC_1_34_PAR001,,false,true,false
a significant increase in the,5,2,2,D01,27,D01_P027_SEC_1_34_PAR001,,false,true,false
increase in the flow from,5,2,2,D01,27,D01_P027_SEC_1_34_PAR001,,false,true,false
in the flow from non-bank,5,2,2,D01,27,D01_P027_SEC_1_34_PAR001,,false,true,false
the flow from non-bank sources,5,2,2,D01,27,D01_P027_SEC_1_34_PAR001,,false,true,false
"flow from non-bank sources ,",5,2,2,D01,27,D01_P027_SEC_1_34_PAR001,,false,true,false
. against a backdrop of,5,2,2,D01,27,D01_P027_SEC_1_35_PAR001,,false,true,false
against a backdrop of global,5,2,2,D01,27,D01_P027_SEC_1_35_PAR001,,false,true,false
", india 's total exports",5,2,2,D01,27,D01_P027_SEC_1_35_PAR001,exports,false,true,false
india 's total exports (,5,2,2,D01,27,D01_P027_SEC_1_35_PAR001,exports,false,true,false
's total exports ( merchandise,5,2,2,D01,27,D01_P027_SEC_1_35_PAR001,exports,false,true,false
total exports ( merchandise and,5,2,2,D01,27,D01_P027_SEC_1_35_PAR001,exports,false,true,false
exports ( merchandise and services,5,2,2,D01,27,D01_P027_SEC_1_35_PAR001,exports,false,true,false
( merchandise and services ),5,2,2,D01,27,D01_P027_SEC_1_35_PAR001,,false,true,false
"( april- december 2025 ) ,",5,2,2,D01,27,D01_P027_SEC_1_35_PAR001,,false,true,false
"in most years , remittances",5,2,2,D01,27,D01_P027_SEC_1_35_PAR001,,false,true,false
have surpassed gross fdi inflows,5,2,2,D01,27,D01_P027_SEC_1_35_PAR001,fdi,false,true,false
"surpassed gross fdi inflows ,",5,2,2,D01,27,D01_P027_SEC_1_35_PAR001,fdi,false,true,false
three months of sizable net,5,2,2,D01,28,D01_P028_SEC_1_36_PAR001,,false,true,false
months of sizable net inflows,5,2,2,D01,28,D01_P028_SEC_1_36_PAR001,,false,true,false
six months of net outflows,5,2,2,D01,28,D01_P028_SEC_1_36_PAR001,,false,true,false
", resulting in a modest",5,2,2,D01,28,D01_P028_SEC_1_36_PAR001,,false,true,false
resulting in a modest net,5,2,2,D01,28,D01_P028_SEC_1_36_PAR001,,false,true,false
. over the medium to,5,2,2,D01,28,D01_P028_SEC_1_37_PAR001,,false,true,false
"medium to long term ,",5,2,2,D01,28,D01_P028_SEC_1_37_PAR001,,false,true,false
of the external debt outstanding,5,2,2,D01,28,D01_P028_SEC_1_38_PAR001,debt,false,true,false
"the end of september 2025 ,",5,2,2,D01,28,D01_P028_SEC_1_38_PAR001,,false,true,false
", bodes well for india",5,2,2,D01,28,D01_P028_SEC_1_38_PAR001,,false,true,false
bodes well for india 's,5,2,2,D01,28,D01_P028_SEC_1_38_PAR001,,false,true,false
increasingly influenced by geopolitical alignments,5,2,2,D01,28,D01_P028_SEC_1_38_PAR001,,false,true,false
", it becomes imperative that",5,2,2,D01,28,D01_P028_SEC_1_38_PAR001,,false,true,false
attractiveness as an investment destination,5,2,2,D01,28,D01_P028_SEC_1_38_PAR001,investment,false,true,false
as an investment destination .,5,2,2,D01,28,D01_P028_SEC_1_38_PAR001,investment,false,true,false
monthly plfs data show a,5,2,2,D01,29,D01_P029_SEC_1_39_PAR002,,false,true,false
steady labour market with seasonal,5,2,2,D01,29,D01_P029_SEC_1_39_PAR002,market,false,true,false
a stabilising labour force participation,5,2,2,D01,29,D01_P029_SEC_1_39_PAR002,,false,true,false
stabilising labour force participation rate,5,2,2,D01,29,D01_P029_SEC_1_39_PAR002,rate,false,true,false
the implementation of the labour,5,2,2,D01,29,D01_P029_SEC_1_40_PAR001,,false,true,false
implementation of the labour codes,5,2,2,D01,29,D01_P029_SEC_1_40_PAR001,,false,true,false
29 central laws into four,5,2,2,D01,29,D01_P029_SEC_1_40_PAR001,,false,true,false
"together , these measures aim",5,2,2,D01,29,D01_P029_SEC_1_40_PAR001,,false,true,false
", these measures aim to",5,2,2,D01,29,D01_P029_SEC_1_40_PAR001,,false,true,false
", economic reforms , and",5,2,2,D01,29,D01_P029_SEC_1_41_PAR001,,false,true,false
contributed to a reduction in,5,2,2,D01,29,D01_P029_SEC_1_41_PAR001,,false,true,false
". in june 2025 , the",5,2,2,D01,29,D01_P029_SEC_1_41_PAR001,,false,true,false
poverty line from usd 2.15 to,5,2,2,D01,29,D01_P029_SEC_1_41_PAR001,poverty,false,true,false
line from usd 2.15 to usd 3.00,5,2,2,D01,29,D01_P029_SEC_1_41_PAR001,,false,true,false
the infant mortality rate (,5,2,2,D01,30,D01_P030_SEC_1_41_PAR001,rate,false,true,false
infant mortality rate ( imr,5,2,2,D01,30,D01_P030_SEC_1_41_PAR001,rate,false,true,false
mortality rate ( imr ),5,2,2,D01,30,D01_P030_SEC_1_41_PAR001,rate,false,true,false
gross enrolment ratio ( ger,5,2,2,D01,30,D01_P030_SEC_1_41_PAR001,,false,true,false
enrolment ratio ( ger ),5,2,2,D01,30,D01_P030_SEC_1_41_PAR001,,false,true,false
on the external front .,5,2,2,D01,30,D01_P030_SEC_1_42_PAR001,,false,true,false
", and further simplification of",5,2,2,D01,30,D01_P030_SEC_1_42_PAR001,,false,true,false
reinforce the importance of maintaining,5,2,2,D01,30,D01_P030_SEC_1_44_PAR001,,false,true,false
over the past three years,5,2,2,D01,31,D01_P031_SEC_1_46_PAR002,,false,true,false
"the past three years ,",5,2,2,D01,31,D01_P031_SEC_1_46_PAR002,,false,true,false
incentive ( pli ) schemes,5,2,2,D01,31,D01_P031_SEC_1_46_PAR002,,false,true,false
. these efforts have been,5,2,2,D01,31,D01_P031_SEC_1_46_PAR002,,false,true,false
"physical and digital infrastructure ,",5,2,2,D01,31,D01_P031_SEC_1_46_PAR002,,false,true,false
to around 7 per cent over the,5,2,2,D01,31,D01_P031_SEC_1_46_PAR003,,false,true,false
around 7 per cent over the medium,5,2,2,D01,31,D01_P031_SEC_1_46_PAR003,,false,true,false
7 per cent over the medium term,5,2,2,D01,31,D01_P031_SEC_1_46_PAR003,,false,true,false
over the medium term .,5,2,2,D01,31,D01_P031_SEC_1_46_PAR003,,false,true,false
total factor productivity ( tfp,5,2,2,D01,32,D01_P032_SEC_1_46_PAR001,productivity,false,true,false
factor productivity ( tfp ),5,2,2,D01,32,D01_P032_SEC_1_46_PAR001,productivity,false,true,false
productivity ( tfp ) .,5,2,2,D01,32,D01_P032_SEC_1_46_PAR001,productivity,false,true,false
( 1 - α ),5,2,2,D01,32,D01_P032_SEC_1_46_PAR001,,false,true,false
of capital and labour .,5,2,2,D01,32,D01_P032_SEC_1_46_PAR001,capital,false,true,false
in the years after the,5,2,2,D01,32,D01_P032_SEC_1_PAR001,,false,true,false
the years after the pandemic,5,2,2,D01,32,D01_P032_SEC_1_PAR001,,false,true,false
increase in public capital expenditure,5,2,2,D01,32,D01_P032_SEC_1_PAR002,capital;expenditure,false,true,false
) . consistent with this,5,2,2,D01,32,D01_P032_SEC_1_PAR003,,false,true,false
". consistent with this ,",5,2,2,D01,32,D01_P032_SEC_1_PAR003,,false,true,false
capital share ( α ),5,2,2,D01,33,D01_P033_SEC_1_PAR003,capital,false,true,false
the pre-pandemic period ( fy13,5,2,2,D01,33,D01_P033_SEC_1_PAR005,,false,true,false
pre-pandemic period ( fy13 -,5,2,2,D01,33,D01_P033_SEC_1_PAR005,,false,true,false
period ( fy13 - fy20,5,2,2,D01,33,D01_P033_SEC_1_PAR005,,false,true,false
( fy13 - fy20 ),5,2,2,D01,33,D01_P033_SEC_1_PAR005,,false,true,false
". however , since the",5,2,2,D01,33,D01_P033_SEC_1_PAR006,,false,true,false
frictions in the labour market,5,2,2,D01,33,D01_P033_SEC_1_PAR007,market,false,true,false
"investments in education , skilling",5,2,2,D01,33,D01_P033_SEC_1_PAR007,investments,false,true,false
"in education , skilling and",5,2,2,D01,33,D01_P033_SEC_1_PAR007,,false,true,false
". taken together , these",5,2,2,D01,33,D01_P033_SEC_1_PAR007,,false,true,false
these factors are likely to,5,2,2,D01,33,D01_P033_SEC_1_PAR007,,false,true,false
during the pre-pandemic period (,5,2,2,D01,33,D01_P033_SEC_3_PAR001,,false,true,false
", improved compliance , and",5,2,2,D01,34,D01_P034_SEC_3_PAR002,,false,true,false
", and service delivery ,",5,2,2,D01,34,D01_P034_SEC_3_PAR002,,false,true,false
"e-way bill generation , pmi",5,2,2,D01,34,D01_P034_SEC_3_PAR003,,false,true,false
. ( 2008 ) .,5,2,2,D01,35,D01_P035_SEC_3_PAR003,,false,true,false
". washington , dc .",5,2,2,D01,35,D01_P035_SEC_3_PAR003,,false,true,false
"washington , dc . (",5,2,2,D01,35,D01_P035_SEC_3_PAR003,,false,true,false
", dc . ( https",5,2,2,D01,35,D01_P035_SEC_3_PAR003,,false,true,false
dc . ( https :,5,2,2,D01,35,D01_P035_SEC_3_PAR003,,false,true,false
. ( 2015 ) .,5,2,2,D01,35,D01_P035_SEC_3_PAR004,,false,true,false
forecasts - 2025 ( percent,5,2,1,D01,2,D01_T001,,false,true,false
- 2025 ( percent ),5,2,1,D01,2,D01_T001,,false,true,false
forecasts - 2026 ( percent,5,2,1,D01,2,D01_T001,,false,true,false
- 2026 ( percent ),5,2,1,D01,2,D01_T001,,false,true,false
2026 ( percent ) jan,5,2,1,D01,2,D01_T001,,false,true,false
( percent ) jan ',5,2,1,D01,2,D01_T001,,false,true,false
percent ) jan ' 25 apr,5,2,1,D01,2,D01_T001,,false,true,false
) jan ' 25 apr ',5,2,1,D01,2,D01_T001,,false,true,false
jan ' 25 apr ' 25 oct,5,2,1,D01,2,D01_T001,,false,true,false
' 25 apr ' 25 oct ',5,2,1,D01,2,D01_T001,,false,true,false
25 apr ' 25 oct ' 25 jan,5,2,1,D01,2,D01_T001,,false,true,false
25 oct ' 25 jan ' 26 apr,5,2,1,D01,2,D01_T001,,false,true,false
' 25 jan ' 26 apr ',5,2,1,D01,2,D01_T001,,false,true,false
25 jan ' 26 apr ' 25 jan,5,2,1,D01,2,D01_T001,,false,true,false
' 26 apr ' 25 jan ',5,2,1,D01,2,D01_T001,,false,true,false
26 apr ' 25 jan ' 25 oct,5,2,1,D01,2,D01_T001,,false,true,false
' 25 jan ' 25 oct ',5,2,1,D01,2,D01_T001,,false,true,false
25 jan ' 25 oct ' 25 jan,5,2,1,D01,2,D01_T001,,false,true,false
25 oct ' 25 jan ' 26,5,2,1,D01,2,D01_T001,,false,true,false
' 25 jan ' 26 +0.5,5,2,1,D01,2,D01_T001,,false,true,false
25 jan ' 26 +0.5 ae,5,2,1,D01,2,D01_T001,,false,true,false
", percent production approach (",5,2,2,D01,9,D01_T002,,false,true,false
percent production approach ( supply,5,2,2,D01,9,D01_T002,supply,false,true,false
production approach ( supply side,5,2,2,D01,9,D01_T002,supply,false,true,false
approach ( supply side ),5,2,2,D01,9,D01_T002,supply,false,true,false
( supply side ) fy26,5,2,2,D01,9,D01_T002,supply,false,true,false
supply side ) fy26 (,5,2,2,D01,9,D01_T002,supply,false,true,false
side ) fy26 ( fae,5,2,2,D01,9,D01_T002,,false,true,false
) fy26 ( fae ),5,2,2,D01,9,D01_T002,,false,true,false
fy26 ( fae ) agriculture,5,2,2,D01,9,D01_T002,,false,true,false
"( fae ) agriculture ,",5,2,2,D01,9,D01_T002,,false,true,false
"fae ) agriculture , livestock",5,2,2,D01,9,D01_T002,,false,true,false
") agriculture , livestock ,",5,2,2,D01,9,D01_T002,,false,true,false
"agriculture , livestock , forestry",5,2,2,D01,9,D01_T002,,false,true,false
", livestock , forestry &",5,2,2,D01,9,D01_T002,,false,true,false
"livestock , forestry & fishing",5,2,2,D01,9,D01_T002,,false,true,false
"gas , water supply &",5,2,2,D01,9,D01_T002,supply,false,true,false
", water supply & other",5,2,2,D01,9,D01_T002,supply,false,true,false
water supply & other utility,5,2,2,D01,9,D01_T002,supply,false,true,false
supply & other utility services,5,2,2,D01,9,D01_T002,supply,false,true,false
& other utility services h,5,2,2,D01,9,D01_T002,,false,true,false
other utility services h 1,5,2,2,D01,9,D01_T002,,false,true,false
utility services h 1 :,5,2,2,D01,9,D01_T002,,false,true,false
services h 1 : fy25,5,2,2,D01,9,D01_T002,,false,true,false
h 1 : fy25 h,5,2,2,D01,9,D01_T002,,false,true,false
1 : fy25 h 1,5,2,2,D01,9,D01_T002,,false,true,false
: fy25 h 1 :,5,2,2,D01,9,D01_T002,,false,true,false
fy25 h 1 : fy26,5,2,2,D01,9,D01_T002,,false,true,false
h 1 : fy26 fy25,5,2,2,D01,9,D01_T002,,false,true,false
1 : fy26 fy25 (,5,2,2,D01,9,D01_T002,,false,true,false
: fy26 fy25 ( pe,5,2,2,D01,9,D01_T002,,false,true,false
fy26 fy25 ( pe ),5,2,2,D01,9,D01_T002,,false,true,false
"trade , hotels , transport",5,2,2,D01,9,D01_T002,trade,false,true,false
", hotels , transport ,",5,2,2,D01,9,D01_T002,,false,true,false
"hotels , transport , communication",5,2,2,D01,9,D01_T002,,false,true,false
", transport , communication &",5,2,2,D01,9,D01_T002,,false,true,false
"transport , communication & services",5,2,2,D01,9,D01_T002,,false,true,false
", communication & services related",5,2,2,D01,9,D01_T002,,false,true,false
communication & services related to,5,2,2,D01,9,D01_T002,,false,true,false
& services related to broadcasting,5,2,2,D01,9,D01_T002,,false,true,false
"financial , real estate &",5,2,2,D01,9,D01_T002,financial,false,true,false
", real estate & professional",5,2,2,D01,9,D01_T002,,false,true,false
real estate & professional services,5,2,2,D01,9,D01_T002,,false,true,false
"public administration , defence &",5,2,2,D01,9,D01_T002,,false,true,false
"administration , defence & other",5,2,2,D01,9,D01_T002,,false,true,false
", defence & other services",5,2,2,D01,9,D01_T002,,false,true,false
expenditure components ( demand side,5,2,2,D01,9,D01_T002,demand;expenditure,false,true,false
components ( demand side ),5,2,2,D01,9,D01_T002,demand,false,true,false
( demand side ) private,5,2,2,D01,9,D01_T002,demand,false,true,false
demand side ) private final,5,2,2,D01,9,D01_T002,demand,false,true,false
side ) private final consumption,5,2,2,D01,9,D01_T002,consumption,false,true,false
) private final consumption expenditure,5,2,2,D01,9,D01_T002,consumption;expenditure,false,true,false
government final consumption expenditure (,5,2,2,D01,9,D01_T002,consumption;expenditure,false,true,false
final consumption expenditure ( gfce,5,2,2,D01,9,D01_T002,consumption;expenditure,false,true,false
consumption expenditure ( gfce ),5,2,2,D01,9,D01_T002,consumption;expenditure,false,true,false
fmcg vol . sales (,5,2,1,D01,12,D01_T004,,false,true,false
in fy25 and is budgeted,5,2,2,D02,15,D02_BOX005,,false,true,false
"prices , as well as",5,2,2,D02,15,D02_BOX005,,false,true,false
just-in-time ( jit ) fund,5,2,1,D02,16,D02_BOX007,,false,true,false
( jit ) fund release,5,2,1,D02,16,D02_BOX007,,false,true,false
net revenue receipts to the,5,2,2,D02,16,D02_BOX007,revenue,false,true,false
revenue receipts to the centre,5,2,2,D02,16,D02_BOX007,revenue,false,true,false
maharashtra institution for transformation (,5,2,2,D02,22,D02_BOX011,,false,true,false
institution for transformation ( mitra,5,2,2,D02,22,D02_BOX011,,false,true,false
for transformation ( mitra ),5,2,2,D02,22,D02_BOX011,,false,true,false
scheme for special assistance to,5,2,2,D02,26,D02_BOX013,,false,true,false
for special assistance to states,5,2,2,D02,26,D02_BOX013,,false,true,false
in the wake of the,5,2,2,D02,26,D02_BOX013,,false,true,false
"of the pandemic , the",5,2,2,D02,26,D02_BOX013,,false,true,false
". at the time ,",5,2,2,D02,34,D02_BOX017,,false,true,false
"in february 2025 , the government",5,2,2,D02,34,D02_BOX017,,false,true,false
", the central government 's",5,2,2,D02,1,D02_P001_UNKNOWN_PAR002,,false,true,false
growth in the post-pandemic period,5,2,2,D02,1,D02_P001_UNKNOWN_PAR002,growth,false,true,false
the centre 's revenue receipts,5,2,2,D02,1,D02_P001_UNKNOWN_PAR003,revenue,false,true,false
an average of about 8.5 per cent,5,2,2,D02,1,D02_P001_UNKNOWN_PAR003,,false,true,false
average of about 8.5 per cent of,5,2,2,D02,1,D02_P001_UNKNOWN_PAR003,,false,true,false
of about 8.5 per cent of gdp,5,2,2,D02,1,D02_P001_UNKNOWN_PAR003,gdp,false,true,false
- fy20 ) to around,5,2,2,D02,1,D02_P001_UNKNOWN_PAR003,,false,true,false
fy20 ) to around 9.1 per cent,5,2,2,D02,1,D02_P001_UNKNOWN_PAR003,,false,true,false
this improvement was driven primarily,5,2,2,D02,1,D02_P001_UNKNOWN_PAR003,,false,true,false
improvement was driven primarily by,5,2,2,D02,1,D02_P001_UNKNOWN_PAR003,,false,true,false
have recorded multiple all-time highs,5,2,2,D02,1,D02_P001_UNKNOWN_PAR003,,false,true,false
expected to support demand by,5,2,2,D02,1,D02_P001_UNKNOWN_PAR003,demand,false,true,false
to support demand by lowering,5,2,2,D02,1,D02_P001_UNKNOWN_PAR003,demand,false,true,false
support demand by lowering tax,5,2,2,D02,1,D02_P001_UNKNOWN_PAR003,demand;tax,false,true,false
demand by lowering tax incidence,5,2,2,D02,1,D02_P001_UNKNOWN_PAR003,demand;tax,false,true,false
by lowering tax incidence and,5,2,2,D02,1,D02_P001_UNKNOWN_PAR003,tax,false,true,false
lowering tax incidence and improving,5,2,2,D02,1,D02_P001_UNKNOWN_PAR003,tax,false,true,false
tax incidence and improving price,5,2,2,D02,1,D02_P001_UNKNOWN_PAR003,tax,false,true,false
incidence and improving price competitiveness,5,2,2,D02,1,D02_P001_UNKNOWN_PAR003,,false,true,false
consolidation has been achieved alongside,5,2,2,D02,1,D02_P001_UNKNOWN_PAR004,,false,true,false
moderated from 13.6 per cent of gdp,5,2,2,D02,1,D02_P001_UNKNOWN_PAR004,gdp,false,true,false
from 13.6 per cent of gdp in,5,2,2,D02,1,D02_P001_UNKNOWN_PAR004,gdp,false,true,false
13.6 per cent of gdp in fy22,5,2,2,D02,1,D02_P001_UNKNOWN_PAR004,gdp,false,true,false
gdp in fy22 to 10.9 per cent,5,2,2,D02,1,D02_P001_UNKNOWN_PAR004,gdp,false,true,false
in fy22 to 10.9 per cent in,5,2,2,D02,1,D02_P001_UNKNOWN_PAR004,,false,true,false
fy22 to 10.9 per cent in fy25,5,2,2,D02,1,D02_P001_UNKNOWN_PAR004,,false,true,false
"to 10.9 per cent in fy25 ,",5,2,2,D02,1,D02_P001_UNKNOWN_PAR004,,false,true,false
from an average of 1.7 per cent,5,2,2,D02,1,D02_P001_UNKNOWN_PAR004,,false,true,false
an average of 1.7 per cent of,5,2,2,D02,1,D02_P001_UNKNOWN_PAR004,,false,true,false
average of 1.7 per cent of gdp,5,2,2,D02,1,D02_P001_UNKNOWN_PAR004,gdp,false,true,false
of 1.7 per cent of gdp in,5,2,2,D02,1,D02_P001_UNKNOWN_PAR004,gdp,false,true,false
1.7 per cent of gdp in the,5,2,2,D02,1,D02_P001_UNKNOWN_PAR004,gdp,false,true,false
gdp in fy25 . this,5,2,2,D02,1,D02_P001_UNKNOWN_PAR004,gdp,false,true,false
", s & p global",5,2,2,D02,2,D02_P002_SEC_2_1_PAR001,,false,true,false
s & p global ratings,5,2,2,D02,2,D02_P002_SEC_2_1_PAR001,,false,true,false
an assessment of the fiscal,5,2,1,D02,2,D02_P002_SEC_2_2_PAR001,fiscal,false,true,false
the centre and the states,5,2,2,D02,2,D02_P002_SEC_2_2_PAR001,,false,true,false
", followed by an analysis",5,2,2,D02,2,D02_P002_SEC_2_2_PAR001,,false,true,false
followed by an analysis of,5,2,2,D02,2,D02_P002_SEC_2_2_PAR001,,false,true,false
"in fy25 . further ,",5,2,2,D02,2,D02_P002_UNKNOWN_PAR001,,false,true,false
"fy25 . further , the",5,2,2,D02,2,D02_P002_UNKNOWN_PAR001,,false,true,false
"provide immediate income support ,",5,2,2,D02,2,D02_P002_UNKNOWN_PAR001,income,false,true,false
india has reduced its general,5,2,2,D02,2,D02_P002_UNKNOWN_PAR002,,false,true,false
has reduced its general government,5,2,2,D02,2,D02_P002_UNKNOWN_PAR002,,false,true,false
reduced its general government debt-to-gdp,5,2,2,D02,2,D02_P002_UNKNOWN_PAR002,,false,true,false
its general government debt-to-gdp ratio,5,2,2,D02,2,D02_P002_UNKNOWN_PAR002,,false,true,false
general government debt-to-gdp ratio by,5,2,2,D02,2,D02_P002_UNKNOWN_PAR002,,false,true,false
7.1 percent age points since 2020,5,2,2,D02,2,D02_P002_UNKNOWN_PAR002,,false,true,false
ratio of 50 ± 1 per cent,5,2,2,D02,2,D02_P002_UNKNOWN_PAR002,,false,true,false
( chart ii. 1 ),5,2,1,D02,3,D02_P003_SEC_2_4_PAR001,,false,true,false
as a proportion of gdp,5,2,2,D02,3,D02_P003_SEC_2_4_PAR001,gdp,false,true,false
", reaching its lowest level",5,2,2,D02,3,D02_P003_SEC_2_4_PAR001,,false,true,false
in an environment of heightened,5,2,2,D02,4,D02_P004_SEC_2_5_PAR001,,false,true,false
an environment of heightened global,5,2,2,D02,4,D02_P004_SEC_2_5_PAR001,,false,true,false
environment of heightened global volatility,5,2,2,D02,4,D02_P004_SEC_2_5_PAR001,,false,true,false
"of heightened global volatility ,",5,2,2,D02,4,D02_P004_SEC_2_5_PAR001,,false,true,false
insight into the sources of,5,2,2,D02,4,D02_P004_SEC_2_5_PAR001,,false,true,false
of gdp in fy25 (,5,2,2,D02,4,D02_P004_SEC_2_7_PAR001,gdp,false,true,false
is also reflected in the,5,2,2,D02,4,D02_P004_SEC_2_7_PAR001,,false,true,false
steady expansion of the tax,5,2,2,D02,5,D02_P005_SEC_2_8_PAR001,tax,false,true,false
expansion of the tax base,5,2,2,D02,5,D02_P005_SEC_2_8_PAR001,tax,false,true,false
of the tax base .,5,2,2,D02,5,D02_P005_SEC_2_8_PAR001,tax,false,true,false
and enhancing the efficiency of,5,2,2,D02,5,D02_P005_SEC_2_8_PAR001,,false,true,false
"of november 2025 , as against",5,2,2,D02,6,D02_P006_SEC_2_10_PAR001,,false,true,false
during the corresponding period of,5,2,2,D02,6,D02_P006_SEC_2_10_PAR001,,false,true,false
offer for sale ( ofs,5,2,2,D02,6,D02_P006_SEC_2_8_PAR001,,false,true,false
for sale ( ofs ),5,2,2,D02,6,D02_P006_SEC_2_8_PAR001,,false,true,false
by shifting the focus from,5,2,2,D02,6,D02_P006_SEC_2_8_PAR002,,false,true,false
with nominal gdp growth .,5,2,2,D02,6,D02_P006_SEC_2_9_PAR001,gdp;growth,false,true,false
nominal gdp growth . this,5,2,2,D02,6,D02_P006_SEC_2_9_PAR001,gdp;growth,false,true,false
of the end of november 2025,5,2,2,D02,7,D02_P007_SEC_2_13_PAR001,,false,true,false
"the end of november 2025 ,",5,2,2,D02,7,D02_P007_SEC_2_13_PAR001,,false,true,false
on a yoy basis .,5,2,2,D02,7,D02_P007_SEC_2_13_PAR001,,false,true,false
the goods and services tax,5,2,2,D02,7,D02_P007_SEC_2_14_PAR001,tax,false,true,false
goods and services tax (,5,2,2,D02,7,D02_P007_SEC_2_14_PAR001,tax,false,true,false
and services tax ( gst,5,2,2,D02,7,D02_P007_SEC_2_14_PAR001,gst;tax,false,true,false
services tax ( gst ),5,2,2,D02,7,D02_P007_SEC_2_14_PAR001,gst;tax,false,true,false
has played a stabilising role,5,2,2,D02,7,D02_P007_SEC_2_14_PAR001,,false,true,false
"the tax base , with",5,2,2,D02,8,D02_P008_SEC_2_15_PAR001,tax,false,true,false
lowered to 5 per cent from 12 per cent,5,2,2,D02,9,D02_P009_UNKNOWN_PAR002,,false,true,false
"gst on small cars ,",5,2,2,D02,9,D02_P009_UNKNOWN_PAR004,gst,false,true,false
is reduced to 18 per cent from,5,2,1,D02,9,D02_P009_UNKNOWN_PAR004,,false,true,false
reduced to 18 per cent from 28 per cent,5,2,1,D02,9,D02_P009_UNKNOWN_PAR004,,false,true,false
to 18 per cent from 28 per cent .,5,2,1,D02,9,D02_P009_UNKNOWN_PAR004,,false,true,false
as a global manufacturing and,5,2,2,D02,10,D02_P010_UNKNOWN_PAR009,,false,true,false
a global manufacturing and investment,5,2,2,D02,10,D02_P010_UNKNOWN_PAR009,investment,false,true,false
global manufacturing and investment destination,5,2,2,D02,10,D02_P010_UNKNOWN_PAR009,investment,false,true,false
manufacturing and investment destination .,5,2,2,D02,10,D02_P010_UNKNOWN_PAR009,investment,false,true,false
purchasing managers ' index (,5,2,2,D02,11,D02_P011_UNKNOWN_PAR002,,false,true,false
managers ' index ( pmi,5,2,2,D02,11,D02_P011_UNKNOWN_PAR002,,false,true,false
' index ( pmi ),5,2,2,D02,11,D02_P011_UNKNOWN_PAR002,,false,true,false
", as a percentage of",5,2,2,D02,12,D02_P012_SEC_2_19_PAR001,,false,true,false
"a percentage of gdp ,",5,2,2,D02,12,D02_P012_SEC_2_19_PAR001,gdp,false,true,false
the central government for the,5,2,2,D02,12,D02_P012_SEC_2_19_PAR001,,false,true,false
year . as a result,5,2,2,D02,12,D02_P012_SEC_2_19_PAR001,,false,true,false
"between fy20 and fy25 ,",5,2,2,D02,12,D02_P012_SEC_2_20_PAR001,,false,true,false
an important component of the,5,2,2,D02,13,D02_P013_SEC_2_21_PAR001,,false,true,false
during fy26 ( up to,5,2,2,D02,13,D02_P013_SEC_2_21_PAR001,,false,true,false
fy26 ( up to 31 december 2025,5,2,2,D02,13,D02_P013_SEC_2_21_PAR001,,false,true,false
( up to 31 december 2025 ),5,2,2,D02,13,D02_P013_SEC_2_21_PAR001,,false,true,false
"up to 31 december 2025 ) ,",5,2,2,D02,13,D02_P013_SEC_2_21_PAR001,,false,true,false
and minimum public shareholding norms,5,2,2,D02,13,D02_P013_SEC_2_21_PAR001,,false,true,false
definition of `` government company,5,2,1,D02,13,D02_P013_SEC_2_23_PAR001,,false,true,false
of `` government company '',5,2,1,D02,13,D02_P013_SEC_2_23_PAR001,,false,true,false
"under the companies act ,",5,2,2,D02,13,D02_P013_SEC_2_23_PAR001,,false,true,false
which is lower than the,5,2,2,D02,14,D02_P014_SEC_2_24_PAR001,,false,true,false
"salaries , pensions , interest",5,2,2,D02,14,D02_P014_SEC_2_25_PAR001,,false,true,false
", pensions , interest payments",5,2,2,D02,14,D02_P014_SEC_2_25_PAR001,payments,false,true,false
"pensions , interest payments ,",5,2,2,D02,14,D02_P014_SEC_2_25_PAR001,payments,false,true,false
", interest payments , and",5,2,2,D02,14,D02_P014_SEC_2_25_PAR001,payments,false,true,false
the past decade . the,5,2,2,D02,15,D02_P015_SEC_2_26_PAR001,,false,true,false
the electricity ( amendment ),5,2,2,D02,16,D02_P016_SEC_2_26_PAR001,,false,true,false
electricity ( amendment ) bill,5,2,2,D02,16,D02_P016_SEC_2_26_PAR001,,false,true,false
"( amendment ) bill ,",5,2,2,D02,16,D02_P016_SEC_2_26_PAR001,,false,true,false
", increased from an average",5,2,2,D02,16,D02_P016_SEC_2_27_PAR001,,false,true,false
. interest payments account for,5,2,2,D02,16,D02_P016_SEC_2_27_PAR001,account;payments,false,true,false
"switch and buyback operations ,",5,2,2,D02,16,D02_P016_SEC_2_27_PAR001,,false,true,false
"in the medium term ,",5,2,2,D02,16,D02_P016_SEC_2_27_PAR001,,false,true,false
"and , in turn ,",5,2,2,D02,16,D02_P016_SEC_2_27_PAR001,,false,true,false
to enhance the efficiency of,5,2,2,D02,16,D02_P016_SEC_2_28_PAR001,,false,true,false
"system ( pfms ) ,",5,2,2,D02,17,D02_P017_UNKNOWN_PAR003,,false,true,false
as on 15.01 . 2026,5,2,2,D02,17,D02_P017_UNKNOWN_PAR003,,false,true,false
in the public distribution system,5,2,2,D02,17,D02_P017_UNKNOWN_PAR005,,false,true,false
) . at the same,5,2,2,D02,18,D02_P018_SEC_2_29_PAR001,,false,true,false
"the jal jeevan mission ,",5,2,2,D02,18,D02_P018_SEC_2_29_PAR001,,false,true,false
for the kharif marketing season,5,2,2,D02,18,D02_P018_UNKNOWN_PAR002,,false,true,false
the end of november 2025 (,5,2,2,D02,19,D02_P019_SEC_2_31_PAR001,,false,true,false
end of november 2025 ( chart,5,2,2,D02,19,D02_P019_SEC_2_31_PAR001,,false,true,false
of november 2025 ( chart ii.,5,2,2,D02,19,D02_P019_SEC_2_31_PAR001,,false,true,false
"months of the year ,",5,2,2,D02,19,D02_P019_SEC_2_31_PAR001,,false,true,false
the share of states in,5,2,2,D02,21,D02_P021_SEC_2_33_PAR001,,false,true,false
share of states in central,5,2,2,D02,21,D02_P021_SEC_2_33_PAR001,,false,true,false
of states in central taxes,5,2,2,D02,21,D02_P021_SEC_2_33_PAR001,taxes,false,true,false
"significantly in recent years ,",5,2,2,D02,21,D02_P021_SEC_2_33_PAR001,,false,true,false
"taken together , the evidence",5,2,2,D02,22,D02_P022_SEC_2_33_PAR001,,false,true,false
"for the power sector ,",5,2,2,D02,22,D02_P022_SEC_2_35_PAR001,sector,false,true,false
broadly stable at around 2.8 per cent,5,2,2,D02,23,D02_P023_SEC_2_37_PAR001,stable,false,true,false
"and fy 25 pa ,",5,2,2,D02,23,D02_P023_SEC_2_38_PAR001,,false,true,false
national pension system ( nps,5,2,2,D02,23,D02_P023_UNKNOWN_PAR001,,false,true,false
pension system ( nps ),5,2,2,D02,23,D02_P023_UNKNOWN_PAR001,,false,true,false
") . for fy26 ,",5,2,2,D02,23,D02_P023_UNKNOWN_PAR001,,false,true,false
. a key driver of,5,2,2,D02,24,D02_P024_SEC_2_38_PAR001,,false,true,false
are revised estimates for fy25,5,2,2,D02,24,D02_P024_SEC_2_38_PAR002,,false,true,false
revised estimates for fy25 .,5,2,2,D02,24,D02_P024_SEC_2_38_PAR002,,false,true,false
than 1 indicates a revenue,5,2,1,D02,24,D02_P024_SEC_2_38_PAR003,revenue,false,true,false
madhya pradesh ( mp ),5,2,2,D02,24,D02_P024_SEC_2_39_PAR002,,false,true,false
") , uttar pradesh (",5,2,2,D02,24,D02_P024_SEC_2_39_PAR002,,false,true,false
uttar pradesh ( up ),5,2,2,D02,24,D02_P024_SEC_2_39_PAR002,,false,true,false
"of states , as a",5,2,2,D02,25,D02_P025_SEC_2_40_PAR001,,false,true,false
"fy25 ( pa ) ,",5,2,2,D02,25,D02_P025_SEC_2_40_PAR001,,false,true,false
states ' share in central,5,2,2,D02,25,D02_P025_UNKNOWN_PAR001,,false,true,false
' share in central taxes,5,2,2,D02,25,D02_P025_UNKNOWN_PAR001,taxes,false,true,false
. for fy 25 pa,5,2,2,D02,25,D02_P025_UNKNOWN_PAR002,,false,true,false
"for fy 25 pa ,",5,2,2,D02,25,D02_P025_UNKNOWN_PAR002,,false,true,false
", sikkim , and goa",5,2,2,D02,25,D02_P025_UNKNOWN_PAR002,,false,true,false
states ' own tax revenue,5,2,2,D02,25,D02_P025_UNKNOWN_PAR003,revenue;tax,false,true,false
"' own tax revenue ,",5,2,2,D02,25,D02_P025_UNKNOWN_PAR003,revenue;tax,false,true,false
", sct- share in central",5,2,2,D02,25,D02_P025_UNKNOWN_PAR003,,false,true,false
sct- share in central taxes,5,2,2,D02,25,D02_P025_UNKNOWN_PAR003,taxes,false,true,false
"share in central taxes ,",5,2,2,D02,25,D02_P025_UNKNOWN_PAR003,taxes,false,true,false
( in ₹ crore ),5,2,2,D02,26,D02_P026_SEC_2_40_PAR001,,false,true,false
in fy24 ( chart ii.,5,2,1,D02,27,D02_P027_SEC_2_41_PAR001,,false,true,false
total expenditure excludes loans and,5,2,2,D02,28,D02_P028_UNKNOWN_PAR001,expenditure;loans,false,true,false
expenditure excludes loans and advances,5,2,2,D02,28,D02_P028_UNKNOWN_PAR001,expenditure;loans,false,true,false
excludes loans and advances disbursed,5,2,2,D02,28,D02_P028_UNKNOWN_PAR001,loans,false,true,false
loans and advances disbursed by,5,2,2,D02,28,D02_P028_UNKNOWN_PAR001,loans,false,true,false
and advances disbursed by states,5,2,2,D02,28,D02_P028_UNKNOWN_PAR001,,false,true,false
advances disbursed by states .,5,2,2,D02,28,D02_P028_UNKNOWN_PAR001,,false,true,false
"expenditure , co- capital outlay",5,2,2,D02,28,D02_P028_UNKNOWN_PAR003,capital;expenditure,false,true,false
a significant share of the,5,2,2,D02,28,D02_P028_UNKNOWN_PAR005,,false,true,false
at least half of the,5,2,2,D02,29,D02_P029_UNKNOWN_PAR001,,false,true,false
"in this context , higher",5,2,2,D02,29,D02_P029_UNKNOWN_PAR003,,false,true,false
lower than the yoy growth,5,2,2,D02,30,D02_P030_SEC_2_42_PAR001,growth,false,true,false
than the yoy growth of,5,2,2,D02,30,D02_P030_SEC_2_42_PAR001,growth,false,true,false
the yoy growth of the,5,2,2,D02,30,D02_P030_SEC_2_42_PAR001,growth,false,true,false
yoy growth of the previous,5,2,2,D02,30,D02_P030_SEC_2_42_PAR001,growth,false,true,false
growth of the previous year,5,2,2,D02,30,D02_P030_SEC_2_42_PAR001,growth,false,true,false
at the end of november 2025,5,2,2,D02,31,D02_P031_SEC_2_43_PAR001,,false,true,false
of the previous year (,5,2,2,D02,31,D02_P031_SEC_2_43_PAR001,,false,true,false
"for mizoram and sikkim ,",5,2,2,D02,31,D02_P031_UNKNOWN_PAR002,,false,true,false
of 50 ± 1 per cent by,5,2,2,D02,33,D02_P033_UNKNOWN_PAR001,,false,true,false
an uncertain global environment .,5,2,2,D02,33,D02_P033_UNKNOWN_PAR001,,false,true,false
a detailed discussion of the,5,2,2,D02,33,D02_P033_UNKNOWN_PAR001,,false,true,false
for the central government .,5,2,2,D02,33,D02_P033_UNKNOWN_PAR001,,false,true,false
responsibility and budget management (,5,2,2,D02,34,D02_P034_UNKNOWN_PAR001,budget,false,true,false
and budget management ( frbm,5,2,2,D02,34,D02_P034_UNKNOWN_PAR001,budget,false,true,false
budget management ( frbm ),5,2,2,D02,34,D02_P034_UNKNOWN_PAR001,budget,false,true,false
it is important to retain,5,2,1,D02,34,D02_P034_UNKNOWN_PAR001,,false,true,false
. it is important to,5,2,2,D02,34,D02_P034_UNKNOWN_PAR001,,false,true,false
of the sixteenth finance commission,5,2,2,D02,34,D02_P034_UNKNOWN_PAR002,finance,false,true,false
", with the weighted average",5,2,2,D02,36,D02_P036_SEC_2_48_PAR001,,false,true,false
over the next five years,5,2,2,D02,36,D02_P036_SEC_2_48_PAR001,,false,true,false
due to the country 's,5,2,2,D02,36,D02_P036_SEC_2_48_PAR001,,false,true,false
in the last decade .,5,2,2,D02,36,D02_P036_SEC_2_49_PAR001,,false,true,false
". in other words ,",5,2,2,D02,36,D02_P036_SEC_2_50_PAR001,,false,true,false
"remained above pre-pandemic levels ,",5,2,2,D02,37,D02_P037_SEC_2_51_PAR001,,false,true,false
capital . in this context,5,2,2,D02,39,D02_P039_UNKNOWN_PAR001,capital,false,true,false
on the fiscal response function,5,2,2,D02,39,D02_P039_UNKNOWN_PAR001,fiscal,false,true,false
the fiscal response function (,5,2,2,D02,39,D02_P039_UNKNOWN_PAR001,fiscal,false,true,false
fiscal response function ( frf,5,2,2,D02,39,D02_P039_UNKNOWN_PAR001,fiscal,false,true,false
response function ( frf ),5,2,2,D02,39,D02_P039_UNKNOWN_PAR001,,false,true,false
"function ( frf ) ,",5,2,2,D02,39,D02_P039_UNKNOWN_PAR001,,false,true,false
"the indian context , the",5,2,2,D02,39,D02_P039_UNKNOWN_PAR003,,false,true,false
"in recent years , particularly",5,2,2,D02,41,D02_P041_SEC_2_56_PAR001,,false,true,false
: //tinyurl . com/ 2,5,2,2,D02,41,D02_P041_SEC_2_56_PAR002,,false,true,false
early 1970 s ( per,5,2,1,D02,41,D02_P041_SEC_2_56_PAR002,,false,true,false
. the recommendations of the,5,2,2,D02,42,D02_P042_SEC_2_56_PAR001,,false,true,false
. this underscores the importance,5,2,2,D02,42,D02_P042_SEC_2_57_PAR001,,false,true,false
", reducing compliance costs ,",5,2,2,D02,42,D02_P042_SEC_2_58_PAR001,,false,true,false
fy22 fy23 fy24 fy25 re,5,2,2,D02,5,D02_T001,,false,true,false
fy23 fy24 fy25 re fy26,5,2,2,D02,5,D02_T001,,false,true,false
fy24 fy25 re fy26 be,5,2,2,D02,5,D02_T001,,false,true,false
fy22 fy23 fy24 fy25 pa,5,2,2,D02,12,D02_T002,,false,true,false
fy23 fy24 fy25 pa fy26,5,2,2,D02,12,D02_T002,,false,true,false
fy24 fy25 pa fy26 be,5,2,2,D02,12,D02_T002,,false,true,false
) road transport and highways,5,2,2,D02,19,D02_T005,,false,true,false
a defining feature of the,5,2,2,D03,5,D03_BOX001,,false,true,false
household welfare in impact investing,5,2,2,D03,24,D03_BOX007,,false,true,false
over the past two decades,5,2,2,D03,24,D03_BOX007,,false,true,false
collaboration with the ministry of,5,2,2,D03,29,D03_BOX011,,false,true,false
the ministry of housing and,5,2,2,D03,29,D03_BOX011,,false,true,false
"affairs , government of india",5,2,2,D03,29,D03_BOX011,,false,true,false
"markets code , 2025 (",5,2,2,D03,36,D03_BOX013,markets,false,true,false
", the sebi act ,",5,2,2,D03,36,D03_BOX013,,false,true,false
"and the depositories act ,",5,2,2,D03,36,D03_BOX013,,false,true,false
"depositories act , 1996 ,",5,2,2,D03,36,D03_BOX013,,false,true,false
"the past decade , indicating",5,2,2,D03,39,D03_BOX015,,false,true,false
become a significant component of,5,2,2,D03,39,D03_BOX015,,false,true,false
". collectively , these measures",5,2,2,D03,42,D03_BOX017,,false,true,false
commitment to fostering a transparent,5,2,2,D03,42,D03_BOX017,,false,true,false
segments of the securities market,5,2,2,D03,42,D03_BOX017,market;securities,false,true,false
of the securities market .,5,2,2,D03,42,D03_BOX017,market;securities,false,true,false
"the past three decades ,",5,2,2,D03,46,D03_BOX019,,false,true,false
niti aayog . ( 2025,5,2,2,D03,46,D03_BOX019,,false,true,false
a weighted average of central,5,2,2,D03,46,D03_BOX019,,false,true,false
weighted average of central bank,5,2,2,D03,46,D03_BOX019,bank,false,true,false
average of central bank policy,5,2,2,D03,46,D03_BOX019,bank;policy,false,true,false
central bank policy rates and,5,2,2,D03,46,D03_BOX019,bank;policy;rates,false,true,false
bank policy rates and 10,5,2,2,D03,46,D03_BOX019,bank;policy;rates,false,true,false
"government bond yields , weighted",5,2,2,D03,46,D03_BOX019,bond;yields,false,true,false
"bond yields , weighted by",5,2,2,D03,46,D03_BOX019,bond;yields,false,true,false
"yields , weighted by the",5,2,2,D03,46,D03_BOX019,yields,false,true,false
", weighted by the share",5,2,2,D03,46,D03_BOX019,,false,true,false
weighted by the share of,5,2,2,D03,46,D03_BOX019,,false,true,false
by the share of bank,5,2,2,D03,46,D03_BOX019,bank,false,true,false
the share of bank and,5,2,2,D03,46,D03_BOX019,bank,false,true,false
share of bank and market-based,5,2,2,D03,46,D03_BOX019,bank,false,true,false
of bank and market-based credit,5,2,2,D03,46,D03_BOX019,bank;credit,false,true,false
bank and market-based credit in,5,2,2,D03,46,D03_BOX019,bank;credit,false,true,false
and market-based credit in total,5,2,2,D03,46,D03_BOX019,credit,false,true,false
market-based credit in total credit,5,2,2,D03,46,D03_BOX019,credit,false,true,false
credit in total credit to,5,2,2,D03,46,D03_BOX019,credit,false,true,false
in total credit to the,5,2,2,D03,46,D03_BOX019,credit,false,true,false
total credit to the private,5,2,2,D03,46,D03_BOX019,credit,false,true,false
credit to the private non-financial,5,2,2,D03,46,D03_BOX019,credit,false,true,false
to the private non-financial sector,5,2,2,D03,46,D03_BOX019,sector,false,true,false
the private non-financial sector .,5,2,2,D03,46,D03_BOX019,sector,false,true,false
( amendment of insurance laws,5,2,2,D03,60,D03_BOX021,,false,true,false
amendment of insurance laws ),5,2,2,D03,60,D03_BOX021,,false,true,false
", with a view to",5,2,2,D03,60,D03_BOX021,,false,true,false
with a view to enhance,5,2,2,D03,60,D03_BOX021,,false,true,false
of doing business . the,5,2,2,D03,60,D03_BOX021,,false,true,false
", the reserve bank of",5,2,2,D03,1,D03_P001_UNKNOWN_PAR002,bank;reserve,false,true,false
the weighted average lending rates,5,2,2,D03,1,D03_P001_UNKNOWN_PAR002,lending;rates,false,true,false
rates of scheduled commercial banks,5,2,2,D03,1,D03_P001_UNKNOWN_PAR002,banks;rates,false,true,false
of scheduled commercial banks declining,5,2,2,D03,1,D03_P001_UNKNOWN_PAR002,banks,false,true,false
creating an enabling ecosystem for,5,2,2,D03,1,D03_P001_UNKNOWN_PAR004,,false,true,false
an enabling ecosystem for attracting,5,2,2,D03,1,D03_P001_UNKNOWN_PAR004,,false,true,false
enabling ecosystem for attracting and,5,2,2,D03,1,D03_P001_UNKNOWN_PAR004,,false,true,false
ecosystem for attracting and channelling,5,2,2,D03,1,D03_P001_UNKNOWN_PAR004,,false,true,false
for attracting and channelling global,5,2,2,D03,1,D03_P001_UNKNOWN_PAR004,,false,true,false
attracting and channelling global capital,5,2,2,D03,1,D03_P001_UNKNOWN_PAR004,capital,false,true,false
and channelling global capital .,5,2,2,D03,1,D03_P001_UNKNOWN_PAR004,capital,false,true,false
india 's financial system is,5,2,2,D03,1,D03_P001_UNKNOWN_PAR005,financial,false,true,false
"more resilient , diversified ,",5,2,2,D03,1,D03_P001_UNKNOWN_PAR005,,false,true,false
resilience in the face of,5,2,2,D03,2,D03_P002_SEC_3_1_PAR001,,false,true,false
provides a comprehensive overview of,5,2,2,D03,2,D03_P002_SEC_3_3_PAR001,,false,true,false
"of the financial sector ,",5,2,2,D03,2,D03_P002_SEC_3_3_PAR001,financial;sector,false,true,false
. in view of the,5,2,2,D03,2,D03_P002_SEC_3_3_PAR001,,false,true,false
the chapter concludes with a,5,2,2,D03,2,D03_P002_SEC_3_3_PAR001,,false,true,false
in the presence of uncertainty,5,2,2,D03,3,D03_P003_SEC_3_6_PAR001,,false,true,false
"( dixit & pindyck ,",5,2,2,D03,3,D03_P003_SEC_3_6_PAR001,,false,true,false
"dixit & pindyck , 1994",5,2,2,D03,3,D03_P003_SEC_3_6_PAR001,,false,true,false
"& pindyck , 1994 )",5,2,2,D03,3,D03_P003_SEC_3_6_PAR001,,false,true,false
"pindyck , 1994 ) .",5,2,2,D03,3,D03_P003_SEC_3_6_PAR001,,false,true,false
can raise the cost of,5,2,2,D03,3,D03_P003_SEC_3_6_PAR001,,false,true,false
such as artificial intelligence (,5,2,2,D03,4,D03_P004_SEC_3_7_PAR001,,false,true,false
as artificial intelligence ( ai,5,2,2,D03,4,D03_P004_SEC_3_7_PAR001,,false,true,false
"the same time , digital",5,2,2,D03,4,D03_P004_SEC_3_7_PAR001,,false,true,false
uncertainty due to factors such,5,2,2,D03,5,D03_P005_SEC_3_8_PAR002,,false,true,false
uncertainty ( epu ) index,5,2,2,D03,5,D03_P005_SEC_3_8_PAR003,,false,true,false
"( 1 ) , 27",5,2,2,D03,5,D03_P005_SEC_3_8_PAR005,,false,true,false
"( 2016-2018 ) , the",5,2,2,D03,6,D03_P006_SEC_3_8_PAR001,,false,true,false
the covid -19 pandemic (,5,2,2,D03,6,D03_P006_SEC_3_8_PAR001,,false,true,false
as a share of total,5,2,2,D03,6,D03_P006_SEC_3_8_PAR005,,false,true,false
capital formation following an uncertainty,5,2,2,D03,6,D03_P006_SEC_3_8_PAR006,capital,false,true,false
formation following an uncertainty shock,5,2,2,D03,6,D03_P006_SEC_3_8_PAR006,,false,true,false
despite an uncertainty shock .,5,2,2,D03,7,D03_P007_SEC_3_8_PAR008,,false,true,false
between 2010 and 2024 .,5,2,2,D03,7,D03_P007_SEC_3_8_PAR010,,false,true,false
fy26 ( april-december ) .,5,2,2,D03,9,D03_P009_SEC_3_10_PAR001,,false,true,false
from april to december 2025 .,5,2,2,D03,9,D03_P009_SEC_3_10_PAR001,,false,true,false
"as of december 2025 , the",5,2,2,D03,9,D03_P009_SEC_3_10_PAR001,,false,true,false
as a key enabler of,5,2,2,D03,9,D03_P009_SEC_3_9_PAR001,,false,true,false
bankers ' deposits with the,5,2,2,D03,10,D03_P010_SEC_3_12_PAR001,deposits,false,true,false
", i.e. , the ratio",5,2,2,D03,10,D03_P010_SEC_3_14_PAR001,,false,true,false
"i.e. , the ratio of",5,2,2,D03,10,D03_P010_SEC_3_14_PAR001,,false,true,false
fy26 ( up to 8 january 2026,5,2,1,D03,11,D03_P011_SEC_3_15_PAR001,,false,true,false
( up to 8 january 2026 ),5,2,1,D03,11,D03_P011_SEC_3_15_PAR001,,false,true,false
funds under the sdf increased,5,2,1,D03,11,D03_P011_SEC_3_15_PAR001,,false,true,false
of scheduled commercial banks (,5,2,2,D03,12,D03_P012_SEC_3_17_PAR001,banks,false,true,false
scheduled commercial banks ( scbs,5,2,2,D03,12,D03_P012_SEC_3_17_PAR001,banks,false,true,false
commercial banks ( scbs ),5,2,2,D03,12,D03_P012_SEC_3_17_PAR001,banks,false,true,false
", the walr of scbs",5,2,1,D03,12,D03_P012_SEC_3_17_PAR001,,false,true,false
the walr of scbs on,5,2,1,D03,12,D03_P012_SEC_3_17_PAR001,,false,true,false
"banks , non-banking financial companies",5,2,2,D03,12,D03_P012_SEC_3_19_PAR001,banks;financial,false,true,false
microfinance institutions ( mfis ),5,2,2,D03,12,D03_P012_SEC_3_19_PAR001,,false,true,false
"institutions ( mfis ) ,",5,2,2,D03,12,D03_P012_SEC_3_19_PAR001,,false,true,false
unified payments interface ( upi,5,2,2,D03,13,D03_P013_SEC_3_19_PAR002,payments,false,true,false
payments interface ( upi ),5,2,2,D03,13,D03_P013_SEC_3_19_PAR002,payments,false,true,false
the overall health of the,5,2,2,D03,13,D03_P013_SEC_3_20_PAR001,,false,true,false
gross non-performing asset ( gnpa,5,2,2,D03,13,D03_P013_SEC_3_20_PAR001,gnpa,false,true,false
non-performing asset ( gnpa ),5,2,2,D03,13,D03_P013_SEC_3_20_PAR001,gnpa,false,true,false
the gnpa ratio for the,5,2,1,D03,13,D03_P013_SEC_3_21_PAR001,gnpa,false,true,false
". however , the share",5,2,2,D03,13,D03_P013_SEC_3_21_PAR001,,false,true,false
"in fy26 , as of",5,2,2,D03,14,D03_P014_SEC_3_22_PAR001,,false,true,false
", as of september 2025 .",5,2,2,D03,14,D03_P014_SEC_3_22_PAR001,,false,true,false
the insolvency and bankruptcy code,5,2,2,D03,14,D03_P014_SEC_3_22_PAR001,,false,true,false
". as of september 2025 ,",5,2,2,D03,14,D03_P014_SEC_3_23_PAR001,,false,true,false
compared to the same period,5,2,2,D03,14,D03_P014_SEC_3_24_PAR001,,false,true,false
"agriculture and allied activities ,",5,2,2,D03,15,D03_P015_SEC_3_25_PAR001,,false,true,false
a notable increase in the,5,2,2,D03,16,D03_P016_SEC_3_28_PAR001,,false,true,false
increase in the overall flow,5,2,2,D03,16,D03_P016_SEC_3_28_PAR001,,false,true,false
in the overall flow of,5,2,2,D03,16,D03_P016_SEC_3_28_PAR001,,false,true,false
the overall flow of resources,5,2,1,D03,16,D03_P016_SEC_3_28_PAR001,,false,true,false
overall flow of resources to,5,2,1,D03,16,D03_P016_SEC_3_28_PAR001,,false,true,false
flow of resources to the,5,2,1,D03,16,D03_P016_SEC_3_28_PAR001,,false,true,false
of resources to the commercial,5,2,1,D03,16,D03_P016_SEC_3_28_PAR001,,false,true,false
"continued into fy26 , with",5,2,2,D03,16,D03_P016_SEC_3_28_PAR001,,false,true,false
"( yoy ) , while",5,2,2,D03,16,D03_P016_SEC_3_29_PAR001,,false,true,false
have experienced a growth of,5,2,1,D03,17,D03_P017_SEC_3_30_PAR001,growth,false,true,false
"by non-financial entities , which",5,2,1,D03,17,D03_P017_SEC_3_30_PAR001,,false,true,false
to a rise in the,5,2,2,D03,17,D03_P017_SEC_3_30_PAR001,,false,true,false
in rural and semi-urban areas,5,2,2,D03,18,D03_P018_SEC_3_32_PAR001,,false,true,false
"rural and semi-urban areas ,",5,2,2,D03,18,D03_P018_SEC_3_32_PAR001,,false,true,false
regional rural banks ( rrbs,5,2,2,D03,18,D03_P018_SEC_3_32_PAR001,banks,false,true,false
rural banks ( rrbs ),5,2,2,D03,18,D03_P018_SEC_3_32_PAR001,banks,false,true,false
to small and marginal farmers,5,2,2,D03,18,D03_P018_SEC_3_32_PAR001,,false,true,false
"small and marginal farmers ,",5,2,2,D03,18,D03_P018_SEC_3_32_PAR001,,false,true,false
"in recent years , the",5,2,2,D03,18,D03_P018_SEC_3_34_PAR001,,false,true,false
the financial health of the,5,2,2,D03,18,D03_P018_SEC_3_34_PAR001,financial,false,true,false
", expressed as a percentage",5,2,2,D03,18,D03_P018_SEC_3_34_PAR001,,false,true,false
public sector banks ( psbs,5,2,2,D03,19,D03_P019_SEC_3_38_PAR001,banks;sector,false,true,false
sector banks ( psbs ),5,2,2,D03,19,D03_P019_SEC_3_38_PAR001,banks;sector,false,true,false
improving the ease of doing,5,2,2,D03,20,D03_P020_SEC_3_38_PAR001,,false,true,false
the credit guarantee fund trust,5,2,2,D03,20,D03_P020_SEC_3_38_PAR001,credit,false,true,false
credit guarantee fund trust for,5,2,2,D03,20,D03_P020_SEC_3_38_PAR001,credit,false,true,false
guarantee fund trust for micro,5,2,2,D03,20,D03_P020_SEC_3_38_PAR001,,false,true,false
fund trust for micro and,5,2,2,D03,20,D03_P020_SEC_3_38_PAR001,,false,true,false
trust for micro and small,5,2,2,D03,20,D03_P020_SEC_3_38_PAR001,,false,true,false
and small enterprises ( cgtmse,5,2,2,D03,20,D03_P020_SEC_3_38_PAR001,,false,true,false
small enterprises ( cgtmse ),5,2,2,D03,20,D03_P020_SEC_3_38_PAR001,,false,true,false
"regulated entities . additionally ,",5,2,2,D03,20,D03_P020_SEC_3_39_PAR001,,false,true,false
"state cooperative banks , and",5,2,2,D03,20,D03_P020_SEC_3_39_PAR001,banks,false,true,false
. as part of this,5,2,2,D03,20,D03_P020_SEC_3_39_PAR001,,false,true,false
as part of this initiative,5,2,2,D03,20,D03_P020_SEC_3_39_PAR001,,false,true,false
"part of this initiative ,",5,2,2,D03,20,D03_P020_SEC_3_39_PAR001,,false,true,false
innovation while ensuring robust risk,5,2,2,D03,20,D03_P020_SEC_3_41_PAR001,,false,true,false
while ensuring robust risk management,5,2,2,D03,20,D03_P020_SEC_3_41_PAR001,,false,true,false
the use of ai by,5,2,2,D03,21,D03_P021_SEC_3_41_PAR003,,false,true,false
the digital personal data protection,5,2,2,D03,22,D03_P022_SEC_3_41_PAR006,,false,true,false
digital personal data protection act,5,2,2,D03,22,D03_P022_SEC_3_41_PAR006,,false,true,false
", the focus is on",5,2,2,D03,22,D03_P022_SEC_3_41_PAR008,,false,true,false
to leverage the benefits of,5,2,2,D03,23,D03_P023_SEC_3_41_PAR003,,false,true,false
"the past decade , the",5,2,2,D03,23,D03_P023_SEC_3_44_PAR001,,false,true,false
", in some contexts ,",5,2,2,D03,25,D03_P025_SEC_3_47_PAR003,,false,true,false
of this shift has been,5,2,2,D03,25,D03_P025_SEC_3_47_PAR005,,false,true,false
this shift has been the,5,2,2,D03,25,D03_P025_SEC_3_47_PAR005,,false,true,false
such as the number of,5,2,2,D03,25,D03_P025_SEC_3_47_PAR005,,false,true,false
in reliance on informal lenders,5,2,2,D03,25,D03_P025_SEC_3_47_PAR006,lenders,false,true,false
dilution of underwriting standards .,5,2,2,D03,26,D03_P026_SEC_3_47_PAR003,,false,true,false
has made significant strides in,5,2,2,D03,27,D03_P027_SEC_3_48_PAR001,,false,true,false
". for instance , the",5,2,2,D03,27,D03_P027_SEC_3_48_PAR001,,false,true,false
", the government has introduced",5,2,2,D03,27,D03_P027_SEC_3_49_PAR001,,false,true,false
the pradhan mantri jan dhan,5,2,2,D03,27,D03_P027_SEC_3_49_PAR001,,false,true,false
pradhan mantri jan dhan yojana,5,2,2,D03,27,D03_P027_SEC_3_49_PAR001,,false,true,false
street vendor 's atmanirbhar nidhi,5,2,2,D03,27,D03_P027_SEC_3_49_PAR001,,false,true,false
vendor 's atmanirbhar nidhi (,5,2,2,D03,27,D03_P027_SEC_3_49_PAR001,,false,true,false
's atmanirbhar nidhi ( pm,5,2,2,D03,27,D03_P027_SEC_3_49_PAR001,,false,true,false
atmanirbhar nidhi ( pm svanidhi,5,2,2,D03,27,D03_P027_SEC_3_49_PAR001,,false,true,false
nidhi ( pm svanidhi ),5,2,2,D03,27,D03_P027_SEC_3_49_PAR001,,false,true,false
. under the pm svanidhi,5,2,2,D03,29,D03_P029_SEC_3_49_PAR003,,false,true,false
under the pm svanidhi scheme,5,2,2,D03,29,D03_P029_SEC_3_49_PAR003,,false,true,false
"the pm svanidhi scheme ,",5,2,2,D03,29,D03_P029_SEC_3_49_PAR003,,false,true,false
( as a percentage of,5,2,2,D03,29,D03_P029_SEC_3_49_PAR003,,false,true,false
a percentage of the total,5,2,2,D03,29,D03_P029_SEC_3_49_PAR003,,false,true,false
", and it is a",5,2,2,D03,29,D03_P029_SEC_3_49_PAR004,,false,true,false
et al . ( 2024,5,2,2,D03,30,D03_P030_SEC_3_50_PAR001,,false,true,false
al . ( 2024 ),5,2,2,D03,30,D03_P030_SEC_3_50_PAR001,,false,true,false
not come at the cost,5,2,2,D03,30,D03_P030_SEC_3_50_PAR002,,false,true,false
come at the cost of,5,2,2,D03,30,D03_P030_SEC_3_50_PAR002,,false,true,false
". on the contrary ,",5,2,2,D03,30,D03_P030_SEC_3_50_PAR002,,false,true,false
", the evidence points to",5,2,2,D03,30,D03_P030_SEC_3_50_PAR004,,false,true,false
", the next phase of",5,2,2,D03,30,D03_P030_SEC_3_50_PAR005,,false,true,false
as a cornerstone of india,5,2,2,D03,31,D03_P031_SEC_3_50_PAR003,,false,true,false
at the level of the,5,2,1,D03,34,D03_P034_SEC_3_61_PAR001,,false,true,false
was introduced in 2021 to,5,2,2,D03,34,D03_P034_SEC_3_62_PAR001,,false,true,false
"inflation , as well as",5,2,2,D03,34,D03_P034_SEC_3_64_PAR001,inflation,false,true,false
", as well as improved",5,2,2,D03,34,D03_P034_SEC_3_64_PAR001,,false,true,false
", during april- december 2025 ,",5,2,2,D03,35,D03_P035_SEC_3_65_PAR001,,false,true,false
", marking a period of",5,2,2,D03,35,D03_P035_SEC_3_65_PAR001,,false,true,false
"india 's financial ecosystem ,",5,2,2,D03,35,D03_P035_SEC_3_67_PAR001,financial,false,true,false
"'s financial ecosystem , the",5,2,2,D03,35,D03_P035_SEC_3_67_PAR001,financial,false,true,false
as a key driver of,5,2,2,D03,35,D03_P035_SEC_3_67_PAR001,,false,true,false
during fy26 ( till december 2025,5,2,2,D03,35,D03_P035_SEC_3_68_PAR001,,false,true,false
. over the past five,5,2,2,D03,35,D03_P035_SEC_3_68_PAR001,,false,true,false
over the past five years,5,2,2,D03,35,D03_P035_SEC_3_68_PAR001,,false,true,false
"the past five years ,",5,2,2,D03,35,D03_P035_SEC_3_68_PAR001,,false,true,false
from fy22 to fy26 (,5,2,2,D03,35,D03_P035_SEC_3_68_PAR001,,false,true,false
"( till december 2025 ) ,",5,2,2,D03,35,D03_P035_SEC_3_68_PAR001,,false,true,false
the corresponding period of fy25,5,2,2,D03,36,D03_P036_SEC_3_69_PAR001,,false,true,false
corresponding period of fy25 .,5,2,2,D03,36,D03_P036_SEC_3_69_PAR001,,false,true,false
"on the main board ,",5,2,2,D03,36,D03_P036_SEC_3_69_PAR001,,false,true,false
". since its inception ,",5,2,2,D03,36,D03_P036_SEC_3_70_PAR001,,false,true,false
"markets code , 2025 ,",5,2,2,D03,36,D03_P036_SEC_3_71_PAR001,markets,false,true,false
of doing business . these,5,2,2,D03,37,D03_P037_SEC_3_71_PAR002,,false,true,false
doing business . these reforms,5,2,2,D03,37,D03_P037_SEC_3_71_PAR002,,false,true,false
", and quasi-judicial powers .",5,2,2,D03,37,D03_P037_SEC_3_71_PAR003,,false,true,false
"transparent , consultative , and",5,2,2,D03,37,D03_P037_SEC_3_71_PAR004,,false,true,false
", consultative , and accountable",5,2,2,D03,37,D03_P037_SEC_3_71_PAR004,,false,true,false
"law , economics , and",5,2,2,D03,37,D03_P037_UNKNOWN_PAR002,,false,true,false
", economics , and market",5,2,2,D03,37,D03_P037_UNKNOWN_PAR002,market,false,true,false
has witnessed an unprecedented surge,5,2,2,D03,38,D03_P038_SEC_3_72_PAR001,,false,true,false
a right to be heard,5,2,2,D03,38,D03_P038_UNKNOWN_PAR003,,false,true,false
are aware of at least,5,2,2,D03,39,D03_P039_SEC_3_72_PAR002,,false,true,false
aware of at least one,5,2,2,D03,39,D03_P039_SEC_3_72_PAR002,,false,true,false
of at least one securities,5,2,2,D03,39,D03_P039_SEC_3_72_PAR002,securities,false,true,false
( as of november 2025 ),5,2,2,D03,39,D03_P039_SEC_3_73_PAR001,,false,true,false
". in absolute terms ,",5,2,2,D03,39,D03_P039_SEC_3_73_PAR002,,false,true,false
the share of equity and,5,2,2,D03,39,D03_P039_SEC_3_73_PAR003,equity,false,true,false
and mutual funds in annual,5,2,2,D03,39,D03_P039_SEC_3_73_PAR003,,false,true,false
in fy26 ( april-november ),5,2,2,D03,40,D03_P040_SEC_3_73_PAR001,,false,true,false
fy26 ( april-november ) .,5,2,2,D03,40,D03_P040_SEC_3_73_PAR001,,false,true,false
"according to rbi data ,",5,2,2,D03,40,D03_P040_SEC_3_73_PAR003,,false,true,false
"data , the share of",5,2,2,D03,40,D03_P040_SEC_3_73_PAR003,,false,true,false
relative to the size of,5,2,2,D03,40,D03_P040_SEC_3_73_PAR003,,false,true,false
to the size of the,5,2,2,D03,40,D03_P040_SEC_3_73_PAR003,,false,true,false
of india 's corporate bond,5,2,2,D03,41,D03_P041_SEC_3_73_PAR003,bond,false,true,false
of gdp . this is,5,2,2,D03,41,D03_P041_SEC_3_73_PAR003,gdp,false,true,false
"economies , such as the",5,2,2,D03,41,D03_P041_SEC_3_73_PAR003,,false,true,false
", such as the united",5,2,2,D03,41,D03_P041_SEC_3_73_PAR003,,false,true,false
such as the united states,5,2,2,D03,41,D03_P041_SEC_3_73_PAR003,,false,true,false
as the united states and,5,2,2,D03,41,D03_P041_SEC_3_73_PAR003,,false,true,false
is the next frontier for,5,2,2,D03,42,D03_P042_SEC_3_73_PAR001,,false,true,false
"india 's capital market ,",5,2,2,D03,42,D03_P042_SEC_3_74_PAR001,capital;market,false,true,false
these measures have been discussed,5,2,2,D03,42,D03_P042_SEC_3_74_PAR001,,false,true,false
measures have been discussed in,5,2,2,D03,42,D03_P042_SEC_3_74_PAR001,,false,true,false
have been discussed in detail,5,2,2,D03,42,D03_P042_SEC_3_74_PAR001,,false,true,false
discussed in detail in box,5,2,2,D03,42,D03_P042_SEC_3_74_PAR001,,false,true,false
"the securities market , sebi",5,2,2,D03,42,D03_P042_SEC_3_74_PAR002,market;securities,false,true,false
combat financial fraud and scams,5,2,2,D03,42,D03_P042_SEC_3_74_PAR002,financial,false,true,false
"financial fraud and scams ,",5,2,2,D03,42,D03_P042_SEC_3_74_PAR002,financial,false,true,false
"fraud and scams , sebi",5,2,2,D03,42,D03_P042_SEC_3_74_PAR002,,false,true,false
' sebi vs scam ',5,2,2,D03,42,D03_P042_SEC_3_74_PAR002,,false,true,false
". in parallel , a",5,2,2,D03,42,D03_P042_SEC_3_74_PAR002,,false,true,false
the ministry of panchayati raj,5,2,2,D03,42,D03_P042_SEC_3_74_PAR002,,false,true,false
ministry of panchayati raj (,5,2,2,D03,42,D03_P042_SEC_3_74_PAR002,,false,true,false
of panchayati raj ( mopr,5,2,2,D03,42,D03_P042_SEC_3_74_PAR002,,false,true,false
panchayati raj ( mopr ),5,2,2,D03,42,D03_P042_SEC_3_74_PAR002,,false,true,false
to promote financial literacy and,5,2,2,D03,42,D03_P042_SEC_3_74_PAR002,financial,false,true,false
promote financial literacy and investor,5,2,2,D03,42,D03_P042_SEC_3_74_PAR002,financial;investor,false,true,false
all digital platforms of regulated,5,2,2,D03,42,D03_P042_SEC_3_74_PAR002,,false,true,false
with the provisions of the,5,2,2,D03,42,D03_P042_SEC_3_74_PAR002,,false,true,false
rights of persons with disabilities,5,2,2,D03,42,D03_P042_SEC_3_74_PAR002,,false,true,false
of persons with disabilities act,5,2,2,D03,42,D03_P042_SEC_3_74_PAR002,,false,true,false
"persons with disabilities act ,",5,2,2,D03,42,D03_P042_SEC_3_74_PAR002,,false,true,false
"with disabilities act , 2016",5,2,2,D03,42,D03_P042_SEC_3_74_PAR002,,false,true,false
effective participation of persons with,5,2,2,D03,42,D03_P042_SEC_3_74_PAR002,,false,true,false
participation of persons with disabilities,5,2,2,D03,42,D03_P042_SEC_3_74_PAR002,,false,true,false
of persons with disabilities in,5,2,2,D03,42,D03_P042_SEC_3_74_PAR002,,false,true,false
persons with disabilities in the,5,2,2,D03,42,D03_P042_SEC_3_74_PAR002,,false,true,false
with disabilities in the securities,5,2,2,D03,42,D03_P042_SEC_3_74_PAR002,securities,false,true,false
disabilities in the securities market,5,2,2,D03,42,D03_P042_SEC_3_74_PAR002,market;securities,false,true,false
"social , sustainability , and",5,2,2,D03,43,D03_P043_SEC_3_74_PAR003,,false,true,false
", to facilitate ease of",5,2,2,D03,43,D03_P043_SEC_3_74_PAR003,,false,true,false
listed entities were mandated to,5,2,2,D03,43,D03_P043_SEC_3_74_PAR005,,false,true,false
independent verification of the risk,5,2,2,D03,43,D03_P043_SEC_3_74_PAR007,,false,true,false
verification of the risk and,5,2,2,D03,43,D03_P043_SEC_3_74_PAR007,,false,true,false
of the risk and return,5,2,2,D03,43,D03_P043_SEC_3_74_PAR007,,false,true,false
"advisers , research analysts ,",5,2,2,D03,43,D03_P043_SEC_3_74_PAR007,,false,true,false
"and algorithmic trading providers ,",5,2,2,D03,43,D03_P043_SEC_3_74_PAR007,,false,true,false
past risk and return verification,5,2,2,D03,43,D03_P043_SEC_3_74_PAR007,,false,true,false
sebi and the central electricity,5,2,2,D03,43,D03_P043_SEC_3_74_PAR007,,false,true,false
and the central electricity regulatory,5,2,2,D03,43,D03_P043_SEC_3_74_PAR007,regulatory,false,true,false
the central electricity regulatory commission,5,2,2,D03,43,D03_P043_SEC_3_74_PAR007,regulatory,false,true,false
"a robust , consultative ,",5,2,2,D03,43,D03_P043_SEC_3_74_PAR007,,false,true,false
"robust , consultative , and",5,2,2,D03,43,D03_P043_SEC_3_74_PAR007,,false,true,false
", consultative , and data-driven",5,2,2,D03,43,D03_P043_SEC_3_74_PAR007,,false,true,false
"consultative , and data-driven approach",5,2,2,D03,43,D03_P043_SEC_3_74_PAR007,,false,true,false
", and data-driven approach to",5,2,2,D03,43,D03_P043_SEC_3_74_PAR007,,false,true,false
", exchanges were directed to",5,2,2,D03,43,D03_P043_SEC_3_74_PAR009,,false,true,false
either tuesday or thursday as,5,2,2,D03,43,D03_P043_SEC_3_74_PAR009,,false,true,false
tuesday or thursday as the,5,2,2,D03,43,D03_P043_SEC_3_74_PAR009,,false,true,false
eligibility criteria for derivatives on,5,2,2,D03,43,D03_P043_SEC_3_74_PAR009,,false,true,false
criteria for derivatives on non-benchmark,5,2,2,D03,43,D03_P043_SEC_3_74_PAR009,,false,true,false
for derivatives on non-benchmark indices,5,2,2,D03,43,D03_P043_SEC_3_74_PAR009,,false,true,false
a viksit bharat by 2047,5,2,2,D03,44,D03_P044_SEC_3_75_PAR001,,false,true,false
viksit bharat by 2047 .,5,2,2,D03,44,D03_P044_SEC_3_75_PAR001,,false,true,false
", the corporate bond market",5,2,2,D03,44,D03_P044_SEC_3_75_PAR001,bond;market,false,true,false
in the corporate debt market,5,2,2,D03,45,D03_P045_SEC_3_79_PAR001,debt;market,false,true,false
conditions . as a result,5,2,2,D03,45,D03_P045_SEC_3_80_PAR001,,false,true,false
of the corporate bond market,5,2,2,D03,45,D03_P045_SEC_3_80_PAR001,bond;market,false,true,false
and the ministry of corporate,5,2,2,D03,45,D03_P045_SEC_3_81_PAR001,,false,true,false
the request for quote platform,5,2,2,D03,45,D03_P045_SEC_3_82_PAR001,,false,true,false
and real estate investment trusts,5,2,2,D03,45,D03_P045_SEC_3_82_PAR001,investment,false,true,false
lower the cost of capital,5,2,2,D03,46,D03_P046_SEC_3_84_PAR001,capital,false,true,false
the cost of capital for,5,2,2,D03,46,D03_P046_SEC_3_84_PAR001,capital,false,true,false
india 's cost of capital,5,2,2,D03,46,D03_P046_SEC_3_85_PAR001,capital,false,true,false
's cost of capital .,5,2,2,D03,46,D03_P046_SEC_3_85_PAR001,capital,false,true,false
india 's development trajectory .,5,2,2,D03,46,D03_P046_SEC_3_85_PAR001,,false,true,false
"across firms and sectors ,",5,2,2,D03,47,D03_P047_SEC_3_85_PAR002,sectors,false,true,false
the current account deficit (,5,2,2,D03,47,D03_P047_SEC_3_85_PAR003,account;current;deficit,false,true,false
current account deficit ( cad,5,2,2,D03,47,D03_P047_SEC_3_85_PAR003,account;current;deficit,false,true,false
account deficit ( cad ),5,2,2,D03,47,D03_P047_SEC_3_85_PAR003,account;deficit,false,true,false
of capital in cad economies,5,2,2,D03,47,D03_P047_SEC_3_85_PAR003,capital,false,true,false
the current account balance (,5,2,2,D03,47,D03_P047_SEC_3_85_PAR004,account;balance;current,false,true,false
current account balance ( cab,5,2,2,D03,47,D03_P047_SEC_3_85_PAR004,account;balance;current,false,true,false
", france , germany ,",5,2,2,D03,47,D03_P047_SEC_3_85_PAR004,,false,true,false
a percentage of gdp ),5,2,1,D03,47,D03_P047_SEC_3_85_PAR006,gdp,false,true,false
"percentage of gdp ) ,",5,2,1,D03,47,D03_P047_SEC_3_85_PAR006,gdp,false,true,false
"in the long run ,",5,2,2,D03,48,D03_P048_SEC_3_85_PAR001,,false,true,false
lowering the cost of capital,5,2,2,D03,48,D03_P048_SEC_3_85_PAR001,capital,false,true,false
", learning by doing ,",5,2,2,D03,48,D03_P048_SEC_3_85_PAR004,,false,true,false
"learning by doing , and",5,2,2,D03,48,D03_P048_SEC_3_85_PAR004,,false,true,false
the risk premium embedded in,5,2,2,D03,49,D03_P049_SEC_3_85_PAR002,,false,true,false
risk premium embedded in capital,5,2,2,D03,49,D03_P049_SEC_3_85_PAR002,capital,false,true,false
premium embedded in capital costs,5,2,2,D03,49,D03_P049_SEC_3_85_PAR002,capital,false,true,false
"r & d , and",5,2,2,D03,49,D03_P049_SEC_3_85_PAR005,,false,true,false
in manufacturing . as firms,5,2,2,D03,49,D03_P049_SEC_3_85_PAR005,,false,true,false
sectors such as it and,5,2,2,D03,50,D03_P050_SEC_3_87_PAR001,sectors,false,true,false
"2025 , driven largely by",5,2,2,D03,51,D03_P051_SEC_3_89_PAR001,,false,true,false
", domestic institutional investors (",5,2,2,D03,51,D03_P051_SEC_3_90_PAR001,investors,false,true,false
domestic institutional investors ( diis,5,2,2,D03,51,D03_P051_SEC_3_90_PAR001,investors,false,true,false
institutional investors ( diis ),5,2,2,D03,51,D03_P051_SEC_3_90_PAR001,investors,false,true,false
for the first time in,5,2,2,D03,52,D03_P052_SEC_3_91_PAR001,,false,true,false
". in q2 fy26 , the",5,2,2,D03,52,D03_P052_SEC_3_91_PAR001,,false,true,false
"in q2 fy26 , the share",5,2,2,D03,52,D03_P052_SEC_3_91_PAR001,,false,true,false
"q2 fy26 , the share of",5,2,2,D03,52,D03_P052_SEC_3_91_PAR001,,false,true,false
", the share of diis",5,2,2,D03,52,D03_P052_SEC_3_91_PAR001,,false,true,false
intensified competition to attract global,5,2,1,D03,53,D03_P053_SEC_3_93_PAR001,,false,true,false
competition to attract global capital,5,2,1,D03,53,D03_P053_SEC_3_93_PAR001,capital,false,true,false
"products , services , and",5,2,2,D03,53,D03_P053_SEC_3_94_PAR001,,false,true,false
financial operations in gift city,5,2,2,D03,53,D03_P053_SEC_3_96_PAR001,financial,false,true,false
", the proportion of the",5,2,1,D03,55,D03_P055_SEC_3_99_PAR001,,false,true,false
the employees ' provident fund,5,2,2,D03,55,D03_P055_SEC_3_99_PAR002,,false,true,false
to a wide range of,5,2,2,D03,55,D03_P055_SEC_3_99_PAR003,,false,true,false
grown at a cagr of,5,2,2,D03,55,D03_P055_SEC_3_99_PAR003,,false,true,false
increased at a cagr of,5,2,2,D03,55,D03_P055_SEC_3_99_PAR003,,false,true,false
social security system for all,5,2,2,D03,56,D03_P056_SEC_3_99_PAR001,,false,true,false
. since its inception in,5,2,2,D03,56,D03_P056_SEC_3_99_PAR001,,false,true,false
since its inception in 2016,5,2,2,D03,56,D03_P056_SEC_3_99_PAR001,,false,true,false
from an early age .,5,2,2,D03,56,D03_P056_SEC_3_99_PAR003,,false,true,false
india 's informal workforce .,5,2,2,D03,56,D03_P056_SEC_3_99_PAR004,,false,true,false
"a significant transformation , driven",5,2,2,D03,58,D03_P058_SEC_3_99_PAR004,,false,true,false
"significant transformation , driven by",5,2,2,D03,58,D03_P058_SEC_3_99_PAR004,,false,true,false
", reinforcing its role as",5,2,2,D03,58,D03_P058_SEC_3_99_PAR005,,false,true,false
reinforcing its role as a,5,2,2,D03,58,D03_P058_SEC_3_99_PAR005,,false,true,false
"in fy25 , the sector",5,2,2,D03,58,D03_P058_SEC_3_99_PAR005,sector,false,true,false
"fy25 , the sector 's",5,2,2,D03,58,D03_P058_SEC_3_99_PAR005,sector,false,true,false
in the ' non-life ',5,2,2,D03,58,D03_P058_SEC_3_99_PAR005,,false,true,false
the ' non-life ' sector,5,2,2,D03,58,D03_P058_SEC_3_99_PAR006,sector,false,true,false
balance sheet strength . the,5,2,2,D03,62,D03_P062_SEC_3_99_PAR004,balance,false,true,false
", launched in october 2025 ,",5,2,2,D03,63,D03_P063_UNKNOWN_PAR003,,false,true,false
the financial sector assessment program,5,2,2,D03,63,D03_P063_UNKNOWN_PAR004,financial;sector,false,true,false
financial sector assessment program (,5,2,2,D03,63,D03_P063_UNKNOWN_PAR004,financial;sector,false,true,false
sector assessment program ( fsap,5,2,2,D03,63,D03_P063_UNKNOWN_PAR004,sector,false,true,false
assessment program ( fsap ),5,2,2,D03,63,D03_P063_UNKNOWN_PAR004,,false,true,false
the imf and world bank,5,2,2,D03,63,D03_P063_UNKNOWN_PAR004,bank,false,true,false
", india 's financial sector",5,2,1,D03,63,D03_P063_UNKNOWN_PAR005,financial;sector,false,true,false
india 's financial sector regulators,5,2,1,D03,63,D03_P063_UNKNOWN_PAR005,financial;sector,false,true,false
strike a balance between openness,5,2,2,D03,63,D03_P063_UNKNOWN_PAR005,balance,false,true,false
a balance between openness to,5,2,2,D03,63,D03_P063_UNKNOWN_PAR005,balance,false,true,false
", india 's financial system",5,2,2,D03,64,D03_P064_UNKNOWN_PAR001,financial,false,true,false
( box iii. 6 ),5,2,2,D03,65,D03_P065_UNKNOWN_PAR002,,false,true,false
", https : //tinyurl.com/ 4",5,2,2,D04,21,D04_BOX001,,false,true,false
returns on inward fdi are,5,2,1,D04,34,D04_BOX003,fdi;returns,false,true,false
higher than that of some,5,2,1,D04,34,D04_BOX003,,false,true,false
is a continuation of the,5,2,2,D04,47,D04_BOX009,,false,true,false
landscape is undergoing a structural,5,2,2,D04,1,D04_P001_SEC_4_1_PAR001,,false,true,false
a structural shift away from,5,2,2,D04,1,D04_P001_UNKNOWN_PAR002,,false,true,false
reconfiguration of global trade and,5,2,2,D04,1,D04_P001_UNKNOWN_PAR002,trade,false,true,false
"national security , technological sovereignty",5,2,2,D04,1,D04_P001_UNKNOWN_PAR002,,false,true,false
"security , technological sovereignty ,",5,2,2,D04,1,D04_P001_UNKNOWN_PAR002,,false,true,false
", technological sovereignty , and",5,2,2,D04,1,D04_P001_UNKNOWN_PAR002,,false,true,false
"in electronics , pharmaceuticals ,",5,2,2,D04,1,D04_P001_UNKNOWN_PAR003,,false,true,false
"electronics , pharmaceuticals , and",5,2,2,D04,1,D04_P001_UNKNOWN_PAR003,,false,true,false
export destinations and import sources,5,2,2,D04,1,D04_P001_UNKNOWN_PAR003,export;import,false,true,false
. the services trade surplus,5,2,2,D04,1,D04_P001_UNKNOWN_PAR003,surplus;trade,false,true,false
portion of the merchandise trade,5,2,2,D04,1,D04_P001_UNKNOWN_PAR003,trade,false,true,false
role of global capability centres,5,2,2,D04,1,D04_P001_UNKNOWN_PAR003,,false,true,false
despite a subdued global environment,5,2,2,D04,1,D04_P001_UNKNOWN_PAR004,,false,true,false
in the aftermath of the,5,2,2,D04,2,D04_P002_SEC_4_2_PAR001,,false,true,false
the trade policy uncertainty (,5,2,2,D04,2,D04_P002_SEC_4_2_PAR001,policy;trade,false,true,false
trade policy uncertainty ( tpu,5,2,2,D04,2,D04_P002_SEC_4_2_PAR001,policy;trade,false,true,false
policy uncertainty ( tpu ),5,2,2,D04,2,D04_P002_SEC_4_2_PAR001,policy,false,true,false
uncertainty ( tpu ) index,5,2,2,D04,2,D04_P002_SEC_4_2_PAR001,,false,true,false
( tpu ) index and,5,2,2,D04,2,D04_P002_SEC_4_2_PAR001,,false,true,false
tpu ) index and the,5,2,2,D04,2,D04_P002_SEC_4_2_PAR001,,false,true,false
the global economic policy uncertainty,5,2,2,D04,2,D04_P002_SEC_4_2_PAR001,policy,false,true,false
global economic policy uncertainty (,5,2,2,D04,2,D04_P002_SEC_4_2_PAR001,policy,false,true,false
economic policy uncertainty ( gepu,5,2,2,D04,2,D04_P002_SEC_4_2_PAR001,policy,false,true,false
policy uncertainty ( gepu ),5,2,2,D04,2,D04_P002_SEC_4_2_PAR001,policy,false,true,false
uncertainty ( gepu ) index,5,2,2,D04,2,D04_P002_SEC_4_2_PAR001,,false,true,false
"backdrop , this chapter examines",5,2,2,D04,2,D04_P002_SEC_4_5_PAR001,,false,true,false
", this chapter examines india",5,2,2,D04,2,D04_P002_SEC_4_5_PAR001,,false,true,false
this chapter examines india 's,5,2,2,D04,2,D04_P002_SEC_4_5_PAR001,,false,true,false
in india 's trade performance,5,2,2,D04,2,D04_P002_SEC_4_5_PAR001,trade,false,true,false
of the country 's export,5,2,2,D04,2,D04_P002_SEC_4_5_PAR001,export,false,true,false
. the last section concludes,5,2,2,D04,2,D04_P002_SEC_4_5_PAR001,,false,true,false
in calendar year ( cy,5,2,2,D04,3,D04_P003_SEC_4_8_PAR001,,false,true,false
unctad . ( 2025 ),5,2,2,D04,3,D04_P003_SEC_4_8_PAR003,,false,true,false
"taken together , these trends",5,2,2,D04,4,D04_P004_SEC_4_8_PAR001,,false,true,false
"together , these trends underscore",5,2,2,D04,4,D04_P004_SEC_4_8_PAR001,,false,true,false
trade concentration describes how much,5,2,2,D04,4,D04_P004_SEC_4_8_PAR002,trade,false,true,false
concentration describes how much of,5,2,2,D04,4,D04_P004_SEC_4_8_PAR002,,false,true,false
describes how much of the,5,2,2,D04,4,D04_P004_SEC_4_8_PAR002,,false,true,false
how much of the global,5,2,2,D04,4,D04_P004_SEC_4_8_PAR002,,false,true,false
much of the global trade,5,2,2,D04,4,D04_P004_SEC_4_8_PAR002,trade,false,true,false
of the global trade is,5,2,2,D04,4,D04_P004_SEC_4_8_PAR002,trade,false,true,false
the global trade is concentrated,5,2,2,D04,4,D04_P004_SEC_4_8_PAR002,trade,false,true,false
global trade is concentrated in,5,2,2,D04,4,D04_P004_SEC_4_8_PAR002,trade,false,true,false
trade is concentrated in a,5,2,2,D04,4,D04_P004_SEC_4_8_PAR002,trade,false,true,false
is concentrated in a small,5,2,2,D04,4,D04_P004_SEC_4_8_PAR002,,false,true,false
concentrated in a small set,5,2,2,D04,4,D04_P004_SEC_4_8_PAR002,,false,true,false
in a small set of,5,2,2,D04,4,D04_P004_SEC_4_8_PAR002,,false,true,false
a small set of countries,5,2,2,D04,4,D04_P004_SEC_4_8_PAR002,,false,true,false
"small set of countries ,",5,2,2,D04,4,D04_P004_SEC_4_8_PAR002,,false,true,false
"set of countries , and",5,2,2,D04,4,D04_P004_SEC_4_8_PAR002,,false,true,false
"of countries , and its",5,2,2,D04,4,D04_P004_SEC_4_8_PAR002,,false,true,false
"countries , and its index",5,2,2,D04,4,D04_P004_SEC_4_8_PAR002,,false,true,false
", and its index is",5,2,2,D04,4,D04_P004_SEC_4_8_PAR002,,false,true,false
and its index is calculated,5,2,2,D04,4,D04_P004_SEC_4_8_PAR002,,false,true,false
its index is calculated based,5,2,2,D04,4,D04_P004_SEC_4_8_PAR002,,false,true,false
index is calculated based on,5,2,2,D04,4,D04_P004_SEC_4_8_PAR002,,false,true,false
calculated based on the herfindahl,5,2,2,D04,4,D04_P004_SEC_4_8_PAR002,,false,true,false
based on the herfindahl concentration,5,2,2,D04,4,D04_P004_SEC_4_8_PAR002,,false,true,false
on the herfindahl concentration index,5,2,2,D04,4,D04_P004_SEC_4_8_PAR002,,false,true,false
the herfindahl concentration index .,5,2,2,D04,4,D04_P004_SEC_4_8_PAR002,,false,true,false
of the covid -19 pandemic,5,2,2,D04,4,D04_P004_SEC_4_9_PAR001,,false,true,false
"covid -19 pandemic , the",5,2,2,D04,4,D04_P004_SEC_4_9_PAR001,,false,true,false
", https : //doi.org/ 10.30875",5,2,2,D04,4,D04_P004_SEC_4_9_PAR004,,false,true,false
https : //doi.org/ 10.30875 /25189808,5,2,2,D04,4,D04_P004_SEC_4_9_PAR004,,false,true,false
: //doi.org/ 10.30875 /25189808 -2025,5,2,2,D04,4,D04_P004_SEC_4_9_PAR004,,false,true,false
//doi.org/ 10.30875 /25189808 -2025 -7,5,2,2,D04,4,D04_P004_SEC_4_9_PAR004,,false,true,false
10.30875 /25189808 -2025 -7 .,5,2,2,D04,4,D04_P004_SEC_4_9_PAR004,,false,true,false
factor is normalised relative to,5,2,1,D04,5,D04_P005_SEC_4_9_PAR001,,false,true,false
is normalised relative to the,5,2,1,D04,5,D04_P005_SEC_4_9_PAR001,,false,true,false
normalised relative to the january 2010,5,2,1,D04,5,D04_P005_SEC_4_9_PAR001,,false,true,false
relative to the january 2010 -,5,2,1,D04,5,D04_P005_SEC_4_9_PAR001,,false,true,false
to the january 2010 - december 2011,5,2,1,D04,5,D04_P005_SEC_4_9_PAR001,,false,true,false
the january 2010 - december 2011 reference,5,2,1,D04,5,D04_P005_SEC_4_9_PAR001,,false,true,false
january 2010 - december 2011 reference period,5,2,1,D04,5,D04_P005_SEC_4_9_PAR001,,false,true,false
- december 2011 reference period (,5,2,1,D04,5,D04_P005_SEC_4_9_PAR001,,false,true,false
december 2011 reference period ( baseline,5,2,1,D04,5,D04_P005_SEC_4_9_PAR001,,false,true,false
reference period ( baseline =,5,2,1,D04,5,D04_P005_SEC_4_9_PAR001,,false,true,false
period ( baseline = 0,5,2,1,D04,5,D04_P005_SEC_4_9_PAR001,,false,true,false
( baseline = 0 ),5,2,1,D04,5,D04_P005_SEC_4_9_PAR001,,false,true,false
baseline = 0 ) .,5,2,1,D04,5,D04_P005_SEC_4_9_PAR001,,false,true,false
= 0 ) . the,5,2,1,D04,5,D04_P005_SEC_4_9_PAR001,,false,true,false
"policy uncertainty index , https",5,2,2,D04,6,D04_P006_SEC_4_13_PAR003,policy,false,true,false
"uncertainty index , https :",5,2,2,D04,6,D04_P006_SEC_4_13_PAR003,,false,true,false
", https : //tinyurl.com/ 3",5,2,2,D04,6,D04_P006_SEC_4_13_PAR003,,false,true,false
"2024 . however , the",5,2,2,D04,7,D04_P007_SEC_4_15_PAR001,,false,true,false
is likely to have a,5,2,2,D04,7,D04_P007_SEC_4_15_PAR001,,false,true,false
"resilient services trade , and",5,2,2,D04,8,D04_P008_SEC_4_17_PAR001,trade,false,true,false
"competitiveness , diversification , and",5,2,2,D04,8,D04_P008_SEC_4_17_PAR001,,false,true,false
", diversification , and adaptability",5,2,2,D04,8,D04_P008_SEC_4_17_PAR001,,false,true,false
"diversification , and adaptability to",5,2,2,D04,8,D04_P008_SEC_4_17_PAR001,,false,true,false
", india 's share of",5,2,2,D04,8,D04_P008_SEC_4_18_PAR001,,false,true,false
", its share in global",5,2,2,D04,8,D04_P008_SEC_4_18_PAR001,,false,true,false
services exports has more than,5,2,2,D04,8,D04_P008_SEC_4_18_PAR001,exports,false,true,false
exports has more than doubled,5,2,2,D04,8,D04_P008_SEC_4_18_PAR001,exports,false,true,false
"in fy25 , the total",5,2,2,D04,8,D04_P008_SEC_4_20_PAR001,,false,true,false
( yoy ) increase .,5,2,2,D04,9,D04_P009_SEC_4_20_PAR001,,false,true,false
the surplus in services trade,5,2,2,D04,9,D04_P009_SEC_4_20_PAR001,surplus;trade,false,true,false
", in fy25 , the",5,2,2,D04,9,D04_P009_SEC_4_20_PAR001,,false,true,false
in the country 's merchandise,5,2,2,D04,9,D04_P009_SEC_4_22_PAR001,,false,true,false
"fy25 , india 's merchandise",5,2,2,D04,9,D04_P009_SEC_4_22_PAR001,,false,true,false
", india 's merchandise exports",5,2,2,D04,9,D04_P009_SEC_4_22_PAR001,exports,false,true,false
", non-gems and jewellery exports",5,2,2,D04,10,D04_P010_SEC_4_22_PAR001,exports,false,true,false
amid softer crude oil prices,5,2,2,D04,10,D04_P010_SEC_4_23_PAR001,oil,false,true,false
"softer crude oil prices ,",5,2,2,D04,10,D04_P010_SEC_4_23_PAR001,oil,false,true,false
"yoy ) in fy25 ,",5,2,2,D04,10,D04_P010_SEC_4_24_PAR001,,false,true,false
may be attributed to a,5,2,2,D04,10,D04_P010_SEC_4_25_PAR001,,false,true,false
improvement in the country 's,5,2,2,D04,11,D04_P011_SEC_4_26_PAR001,,false,true,false
is widely regarded as a,5,2,2,D04,13,D04_P013_SEC_4_32_PAR001,,false,true,false
"the public distribution system ,",5,2,2,D04,13,D04_P013_SEC_4_32_PAR001,,false,true,false
", therefore , must be",5,2,2,D04,13,D04_P013_SEC_4_34_PAR001,,false,true,false
", the average annual growth",5,2,2,D04,13,D04_P013_SEC_4_36_PAR001,growth,false,true,false
average annual growth rate (,5,2,2,D04,13,D04_P013_SEC_4_36_PAR001,growth;rate,false,true,false
annual growth rate ( aagr,5,2,2,D04,13,D04_P013_SEC_4_36_PAR001,growth;rate,false,true,false
growth rate ( aagr ),5,2,2,D04,13,D04_P013_SEC_4_36_PAR001,growth;rate,false,true,false
export growth ( with their,5,2,2,D04,14,D04_P014_SEC_4_37_PAR001,export;growth,false,true,false
growth ( with their aagr,5,2,2,D04,14,D04_P014_SEC_4_37_PAR001,growth,false,true,false
") , food products (",5,2,1,D04,14,D04_P014_SEC_4_38_PAR001,,false,true,false
active pharmaceutical ingredients ( apis,5,2,2,D04,14,D04_P014_SEC_4_38_PAR001,,false,true,false
pharmaceutical ingredients ( apis ),5,2,2,D04,14,D04_P014_SEC_4_38_PAR001,,false,true,false
the resilience of india 's,5,2,2,D04,15,D04_P015_SEC_4_40_PAR002,,false,true,false
. this is evident in,5,2,2,D04,15,D04_P015_SEC_4_40_PAR002,,false,true,false
india 's exports to the,5,2,2,D04,15,D04_P015_SEC_4_40_PAR002,exports,false,true,false
share in india 's exports,5,2,2,D04,17,D04_P017_SEC_4_40_PAR002,exports,false,true,false
in india 's exports of,5,2,2,D04,17,D04_P017_SEC_4_40_PAR002,exports,false,true,false
during the period . ),5,2,2,D04,17,D04_P017_SEC_4_40_PAR002,,false,true,false
) and hong kong (,5,2,2,D04,17,D04_P017_UNKNOWN_PAR002,,false,true,false
( the us 's share,5,2,2,D04,17,D04_P017_UNKNOWN_PAR004,,false,true,false
the us 's share in,5,2,2,D04,17,D04_P017_UNKNOWN_PAR004,,false,true,false
us 's share in india,5,2,2,D04,17,D04_P017_UNKNOWN_PAR004,,false,true,false
the same period . ),5,2,2,D04,17,D04_P017_UNKNOWN_PAR004,,false,true,false
"market . however , the",5,2,2,D04,18,D04_P018_UNKNOWN_PAR003,market,false,true,false
• for surgicals : sri,5,2,2,D04,18,D04_P018_UNKNOWN_PAR006,,false,true,false
for surgicals : sri lanka,5,2,2,D04,18,D04_P018_UNKNOWN_PAR006,,false,true,false
surgicals : sri lanka (,5,2,2,D04,18,D04_P018_UNKNOWN_PAR006,,false,true,false
: sri lanka ( 114.9,5,2,2,D04,18,D04_P018_UNKNOWN_PAR006,,false,true,false
sri lanka ( 114.9 ),5,2,2,D04,18,D04_P018_UNKNOWN_PAR006,,false,true,false
"lanka ( 114.9 ) ,",5,2,2,D04,18,D04_P018_UNKNOWN_PAR006,,false,true,false
"( 114.9 ) , spain",5,2,2,D04,18,D04_P018_UNKNOWN_PAR006,,false,true,false
"114.9 ) , spain (",5,2,2,D04,18,D04_P018_UNKNOWN_PAR006,,false,true,false
") , spain ( 28.6",5,2,2,D04,18,D04_P018_UNKNOWN_PAR006,,false,true,false
", spain ( 28.6 )",5,2,2,D04,18,D04_P018_UNKNOWN_PAR006,,false,true,false
"spain ( 28.6 ) ,",5,2,2,D04,18,D04_P018_UNKNOWN_PAR006,,false,true,false
"( 28.6 ) , nigeria",5,2,2,D04,18,D04_P018_UNKNOWN_PAR006,,false,true,false
"28.6 ) , nigeria (",5,2,2,D04,18,D04_P018_UNKNOWN_PAR006,,false,true,false
") , nigeria ( 154.6",5,2,2,D04,18,D04_P018_UNKNOWN_PAR006,,false,true,false
", nigeria ( 154.6 )",5,2,2,D04,18,D04_P018_UNKNOWN_PAR006,,false,true,false
nigeria ( 154.6 ) and,5,2,2,D04,18,D04_P018_UNKNOWN_PAR006,,false,true,false
( 154.6 ) and saudi,5,2,2,D04,18,D04_P018_UNKNOWN_PAR006,,false,true,false
154.6 ) and saudi arabia,5,2,2,D04,18,D04_P018_UNKNOWN_PAR006,,false,true,false
and saudi arabia ( 70.2,5,2,2,D04,18,D04_P018_UNKNOWN_PAR006,,false,true,false
saudi arabia ( 70.2 ),5,2,2,D04,18,D04_P018_UNKNOWN_PAR006,,false,true,false
arabia ( 70.2 ) .,5,2,2,D04,18,D04_P018_UNKNOWN_PAR006,,false,true,false
) and the uk (,5,2,2,D04,18,D04_P018_UNKNOWN_PAR012,,false,true,false
• world ( 0.6 ),5,2,2,D04,18,D04_P018_UNKNOWN_PAR013,,false,true,false
world ( 0.6 ) •,5,2,2,D04,18,D04_P018_UNKNOWN_PAR013,,false,true,false
") , the netherlands (",5,2,2,D04,18,D04_P018_UNKNOWN_PAR014,,false,true,false
the same period in fy25,5,2,2,D04,19,D04_P019_SEC_4_41_PAR001,,false,true,false
"same period in fy25 ,",5,2,2,D04,19,D04_P019_SEC_4_41_PAR001,,false,true,false
"period in fy25 , while",5,2,2,D04,19,D04_P019_SEC_4_41_PAR001,,false,true,false
in the same period in,5,2,2,D04,19,D04_P019_SEC_4_42_PAR001,,false,true,false
the export performance of the,5,2,2,D04,19,D04_P019_SEC_4_44_PAR001,export,false,true,false
economic complexity is a measure,5,2,2,D04,19,D04_P019_SEC_4_44_PAR002,,false,true,false
complexity is a measure of,5,2,2,D04,19,D04_P019_SEC_4_44_PAR002,,false,true,false
is a measure of the,5,2,2,D04,19,D04_P019_SEC_4_44_PAR002,,false,true,false
a measure of the knowledge,5,2,2,D04,19,D04_P019_SEC_4_44_PAR002,,false,true,false
measure of the knowledge in,5,2,2,D04,19,D04_P019_SEC_4_44_PAR002,,false,true,false
of the knowledge in a,5,2,2,D04,19,D04_P019_SEC_4_44_PAR002,,false,true,false
the knowledge in a society,5,2,2,D04,19,D04_P019_SEC_4_44_PAR002,,false,true,false
as expressed in the products,5,2,2,D04,19,D04_P019_SEC_4_44_PAR002,,false,true,false
expressed in the products it,5,2,2,D04,19,D04_P019_SEC_4_44_PAR002,,false,true,false
the economic complexity outlook index,5,2,2,D04,20,D04_P020_SEC_4_45_PAR001,,false,true,false
economic complexity outlook index (,5,2,2,D04,20,D04_P020_SEC_4_45_PAR001,,false,true,false
complexity outlook index ( coi,5,2,2,D04,20,D04_P020_SEC_4_45_PAR001,,false,true,false
outlook index ( coi ),5,2,2,D04,20,D04_P020_SEC_4_45_PAR001,,false,true,false
could yield significant benefits .,5,2,2,D04,20,D04_P020_SEC_4_45_PAR001,yield,false,true,false
foundation ( anrf ) and,5,2,2,D04,20,D04_P020_SEC_4_46_PAR001,,false,true,false
( anrf ) and the,5,2,2,D04,20,D04_P020_SEC_4_46_PAR001,,false,true,false
anrf ) and the research,5,2,2,D04,20,D04_P020_SEC_4_46_PAR001,,false,true,false
") and the research ,",5,2,2,D04,20,D04_P020_SEC_4_46_PAR001,,false,true,false
"the research , development &",5,2,2,D04,20,D04_P020_SEC_4_46_PAR001,,false,true,false
"research , development & innovation",5,2,2,D04,20,D04_P020_SEC_4_46_PAR001,,false,true,false
complemented by initiatives such as,5,2,2,D04,20,D04_P020_SEC_4_46_PAR001,,false,true,false
make in india and the,5,2,2,D04,20,D04_P020_SEC_4_46_PAR001,,false,true,false
", these initiatives aim to",5,2,2,D04,20,D04_P020_SEC_4_46_PAR001,,false,true,false
these initiatives aim to strengthen,5,2,2,D04,20,D04_P020_SEC_4_46_PAR001,,false,true,false
r & d and innovation,5,2,2,D04,20,D04_P020_SEC_4_47_PAR001,,false,true,false
"& d and innovation ,",5,2,2,D04,20,D04_P020_SEC_4_47_PAR001,,false,true,false
") , https : //tinyurl.com/",5,2,2,D04,20,D04_P020_SEC_4_47_PAR003,,false,true,false
https : //tinyurl.com/ 3 b,5,2,2,D04,20,D04_P020_SEC_4_47_PAR003,,false,true,false
know-how required to produce a,5,2,1,D04,20,D04_P020_SEC_4_47_PAR004,,false,true,false
required to produce a product,5,2,1,D04,20,D04_P020_SEC_4_47_PAR004,,false,true,false
to produce a product .,5,2,1,D04,20,D04_P020_SEC_4_47_PAR004,,false,true,false
economic complexity can produce ),5,2,1,D04,20,D04_P020_SEC_4_47_PAR004,,false,true,false
", thereby strengthening india 's",5,2,2,D04,21,D04_P021_SEC_4_49_PAR001,,false,true,false
of intellectual property rights (,5,2,2,D04,21,D04_P021_SEC_4_50_PAR001,,false,true,false
) is one of the,5,2,2,D04,21,D04_P021_SEC_4_50_PAR001,,false,true,false
: https : //tinyurl.com/ 4,5,2,2,D04,22,D04_P022_UNKNOWN_PAR003,,false,true,false
india 's emergence as a,5,2,2,D04,23,D04_P023_UNKNOWN_PAR003,,false,true,false
become the world 's largest,5,2,2,D04,23,D04_P023_UNKNOWN_PAR005,,false,true,false
india-uk comprehensive economic and trade,5,2,2,D04,24,D04_P024_SEC_4_51_PAR001,trade,false,true,false
comprehensive economic and trade agreement,5,2,2,D04,24,D04_P024_SEC_4_51_PAR001,trade,false,true,false
"services , business and professional",5,2,2,D04,24,D04_P024_SEC_4_51_PAR001,,false,true,false
", business and professional services",5,2,2,D04,24,D04_P024_SEC_4_51_PAR001,,false,true,false
"business and professional services ,",5,2,2,D04,24,D04_P024_SEC_4_51_PAR001,,false,true,false
"and professional services , audio-visual",5,2,2,D04,24,D04_P024_SEC_4_51_PAR001,,false,true,false
"professional services , audio-visual services",5,2,2,D04,24,D04_P024_SEC_4_51_PAR001,,false,true,false
"services , audio-visual services ,",5,2,2,D04,24,D04_P024_SEC_4_51_PAR001,,false,true,false
", education , and health",5,2,2,D04,24,D04_P024_SEC_4_51_PAR001,,false,true,false
"r & d , market",5,2,2,D04,24,D04_P024_UNKNOWN_PAR002,market,false,true,false
to reduce dependence on a,5,2,2,D04,24,D04_P024_UNKNOWN_PAR002,,false,true,false
the credit guarantee scheme for,5,2,2,D04,25,D04_P025_SEC_4_53_PAR001,credit,false,true,false
the foreign exchange management (,5,2,2,D04,25,D04_P025_SEC_4_54_PAR001,exchange;foreign,false,true,false
a crucial role in enhancing,5,2,2,D04,26,D04_P026_SEC_4_56_PAR001,,false,true,false
crucial role in enhancing the,5,2,2,D04,26,D04_P026_SEC_4_56_PAR001,,false,true,false
", business , and professional",5,2,2,D04,26,D04_P026_SEC_4_57_PAR001,,false,true,false
"business , and professional services",5,2,2,D04,26,D04_P026_SEC_4_57_PAR001,,false,true,false
"centres ( gccs ) ,",5,2,2,D04,26,D04_P026_SEC_4_58_PAR001,,false,true,false
", and a vibrant startup",5,2,2,D04,27,D04_P027_SEC_4_58_PAR001,,false,true,false
developments in the current account,5,2,2,D04,28,D04_P028_SEC_4_60_PAR001,account;current,false,true,false
in h 1 fy25 .,5,2,2,D04,28,D04_P028_SEC_4_61_PAR002,,false,true,false
") , the uk (",5,2,2,D04,29,D04_P029_SEC_4_62_PAR001,,false,true,false
"h 1 fy26 , up",5,2,2,D04,29,D04_P029_SEC_4_63_PAR001,,false,true,false
"1 fy26 , up from",5,2,2,D04,29,D04_P029_SEC_4_63_PAR001,,false,true,false
capital . in recent years,5,2,2,D04,30,D04_P030_SEC_4_66_PAR001,capital,false,true,false
"recent years , india 's",5,2,2,D04,30,D04_P030_SEC_4_66_PAR001,,false,true,false
into the first half of,5,2,2,D04,31,D04_P031_SEC_4_67_PAR001,,false,true,false
( excluding european conduit economies,5,2,2,D04,31,D04_P031_SEC_4_67_PAR001,,false,true,false
excluding european conduit economies ),5,2,2,D04,31,D04_P031_SEC_4_67_PAR001,,false,true,false
to be the largest recipient,5,2,2,D04,31,D04_P031_SEC_4_68_PAR001,,false,true,false
the number of greenfield project,5,2,2,D04,31,D04_P031_SEC_4_69_PAR001,,false,true,false
number of greenfield project announcements,5,2,2,D04,31,D04_P031_SEC_4_69_PAR001,,false,true,false
"in h 1 2025 ,",5,2,2,D04,31,D04_P031_SEC_4_69_PAR001,,false,true,false
") , and china (",5,2,2,D04,33,D04_P033_SEC_4_74_PAR001,,false,true,false
defined as the ratio of,5,2,2,D04,34,D04_P034_SEC_4_78_PAR002,,false,true,false
the indian economy in the,5,2,2,D04,35,D04_P035_SEC_4_79_PAR001,,false,true,false
", the challenge is to",5,2,2,D04,35,D04_P035_SEC_4_80_PAR001,,false,true,false
investment in research and development,5,2,2,D04,36,D04_P036_SEC_4_80_PAR002,investment,false,true,false
. the world bank 's,5,2,2,D04,38,D04_P038_SEC_4_80_PAR004,bank,false,true,false
"on the one hand ,",5,2,2,D04,38,D04_P038_SEC_4_80_PAR004,,false,true,false
enhancing the ease of doing,5,2,2,D04,38,D04_P038_SEC_4_80_PAR005,,false,true,false
free trade association ( efta,5,2,2,D04,38,D04_P038_SEC_4_80_PAR006,trade,false,true,false
trade association ( efta ),5,2,2,D04,38,D04_P038_SEC_4_80_PAR006,trade,false,true,false
association ( efta ) trade,5,2,2,D04,38,D04_P038_SEC_4_80_PAR006,trade,false,true,false
( efta ) trade and,5,2,2,D04,38,D04_P038_SEC_4_80_PAR006,trade,false,true,false
efta ) trade and economic,5,2,2,D04,38,D04_P038_SEC_4_80_PAR006,trade,false,true,false
) trade and economic partnership,5,2,2,D04,38,D04_P038_SEC_4_80_PAR006,trade,false,true,false
trade and economic partnership agreement,5,2,2,D04,38,D04_P038_SEC_4_80_PAR006,trade,false,true,false
and economic partnership agreement (,5,2,2,D04,38,D04_P038_SEC_4_80_PAR006,,false,true,false
economic partnership agreement ( tepa,5,2,2,D04,38,D04_P038_SEC_4_80_PAR006,,false,true,false
partnership agreement ( tepa ),5,2,2,D04,38,D04_P038_SEC_4_80_PAR006,,false,true,false
shaping india 's external sector,5,2,2,D04,39,D04_P039_SEC_4_81_PAR001,sector,false,true,false
india 's external sector .,5,2,2,D04,39,D04_P039_SEC_4_81_PAR001,sector,false,true,false
", rather than as a",5,2,2,D04,41,D04_P041_SEC_4_81_PAR005,,false,true,false
"in fy25 , driven by",5,2,2,D04,41,D04_P041_SEC_4_81_PAR007,,false,true,false
the corresponding period last year.,5,2,2,D04,42,D04_P042_SEC_4_81_PAR001,,false,true,false
as a strategic instrument for,5,2,2,D04,42,D04_P042_UNKNOWN_PAR002,,false,true,false
fully accessible route ( far,5,2,2,D04,43,D04_P043_SEC_4_83_PAR001,,false,true,false
accessible route ( far ),5,2,2,D04,43,D04_P043_SEC_4_83_PAR001,,false,true,false
the end of march 2025 .,5,2,2,D04,44,D04_P044_SEC_4_86_PAR001,,false,true,false
of elevated global gold prices,5,2,2,D04,45,D04_P045_SEC_4_87_PAR001,,false,true,false
the trade channel of the,5,2,2,D04,47,D04_P047_SEC_4_93_PAR002,trade,false,true,false
", therefore , a weaker",5,2,2,D04,47,D04_P047_SEC_4_93_PAR002,,false,true,false
"therefore , a weaker currency",5,2,2,D04,47,D04_P047_SEC_4_93_PAR002,currency,false,true,false
variables such as net total,5,2,2,D04,47,D04_P047_SEC_4_93_PAR004,,false,true,false
such as net total trade,5,2,2,D04,47,D04_P047_SEC_4_93_PAR004,trade,false,true,false
"as net total trade ,",5,2,2,D04,47,D04_P047_SEC_4_93_PAR004,trade,false,true,false
"net total trade , net",5,2,2,D04,47,D04_P047_SEC_4_93_PAR004,trade,false,true,false
"total trade , net merchandise",5,2,2,D04,47,D04_P047_SEC_4_93_PAR004,trade,false,true,false
"trade , net merchandise trade",5,2,2,D04,47,D04_P047_SEC_4_93_PAR004,trade,false,true,false
", net merchandise trade ,",5,2,2,D04,47,D04_P047_SEC_4_93_PAR004,trade,false,true,false
"net merchandise trade , net",5,2,2,D04,47,D04_P047_SEC_4_93_PAR004,trade,false,true,false
"merchandise trade , net services",5,2,2,D04,47,D04_P047_SEC_4_93_PAR004,trade,false,true,false
"trade , net services trade",5,2,2,D04,47,D04_P047_SEC_4_93_PAR004,trade,false,true,false
", net services trade and",5,2,2,D04,47,D04_P047_SEC_4_93_PAR004,trade,false,true,false
net services trade and net,5,2,2,D04,47,D04_P047_SEC_4_93_PAR004,trade,false,true,false
services trade and net capital,5,2,2,D04,47,D04_P047_SEC_4_93_PAR004,capital;trade,false,true,false
trade and net capital balance,5,2,2,D04,47,D04_P047_SEC_4_93_PAR004,balance;capital;trade,false,true,false
and net capital balance .,5,2,2,D04,47,D04_P047_SEC_4_93_PAR004,balance;capital,false,true,false
net capital balance . the,5,2,2,D04,47,D04_P047_SEC_4_93_PAR004,balance;capital,false,true,false
for the regression which analyses,5,2,1,D04,48,D04_P048_SEC_4_93_PAR001,,false,true,false
for the covid -19 years,5,2,2,D04,48,D04_P048_SEC_4_93_PAR002,,false,true,false
a one per cent appreciation,5,2,2,D04,48,D04_P048_SEC_4_93_PAR004,,false,true,false
", with an elasticity of",5,2,2,D04,48,D04_P048_SEC_4_93_PAR004,,false,true,false
' * * * ',5,2,2,D04,48,D04_P048_SEC_4_93_PAR009,,false,false,false
* * * ' denotes,5,2,2,D04,48,D04_P048_SEC_4_93_PAR009,,false,true,false
* * ' denotes significance,5,2,2,D04,48,D04_P048_SEC_4_93_PAR009,,false,true,false
* ' denotes significance at,5,2,2,D04,48,D04_P048_SEC_4_93_PAR009,,false,true,false
' denotes significance at the,5,2,2,D04,48,D04_P048_SEC_4_93_PAR009,,false,true,false
denotes significance at the 1 per cent,5,2,2,D04,48,D04_P048_SEC_4_93_PAR009,,false,true,false
significance at the 1 per cent level,5,2,2,D04,48,D04_P048_SEC_4_93_PAR009,,false,true,false
at the 1 per cent level .,5,2,2,D04,48,D04_P048_SEC_4_93_PAR009,,false,true,false
". in addition , sustained",5,2,2,D04,49,D04_P049_SEC_4_94_PAR001,,false,true,false
"and capital flow dynamics ,",5,2,2,D04,49,D04_P049_SEC_4_96_PAR001,capital,false,true,false
"that , going forward ,",5,2,2,D04,50,D04_P050_SEC_4_96_PAR001,,false,true,false
as a practical test of,5,2,2,D04,51,D04_P051_SEC_4_97_PAR002,,false,true,false
a practical test of whether,5,2,2,D04,51,D04_P051_SEC_4_97_PAR002,,false,true,false
", such as steel ,",5,2,2,D04,51,D04_P051_SEC_4_97_PAR003,,false,true,false
". in each case ,",5,2,2,D04,51,D04_P051_SEC_4_97_PAR005,,false,true,false
", the credibility of the",5,2,2,D04,51,D04_P051_SEC_4_97_PAR005,,false,true,false
"of the external sector ,",5,2,2,D04,51,D04_P051_SEC_4_97_PAR005,sector,false,true,false
"for india , this implies",5,2,2,D04,52,D04_P052_SEC_4_98_PAR001,,false,true,false
discussed in greater detail in,5,2,2,D04,53,D04_P053_SEC_4_99_PAR010,,false,true,false
in greater detail in chapter,5,2,2,D04,53,D04_P053_SEC_4_99_PAR010,,false,true,false
", by contrast , are",5,2,2,D04,53,D04_P053_SEC_4_99_PAR012,,false,true,false
"innovation , productivity and quality",5,2,2,D04,53,D04_P053_SEC_4_99_PAR014,productivity,false,true,false
", with a niip of",5,2,1,D04,54,D04_P054_UNKNOWN_PAR001,,false,true,false
. this was driven by,5,2,2,D04,54,D04_P054_UNKNOWN_PAR002,,false,true,false
", export competitiveness , and",5,2,2,D04,57,D04_P057_UNKNOWN_PAR003,export,false,true,false
in india 's total exports,5,2,1,D04,16,D04_T001,exports,false,true,false
india 's total exports of,5,2,1,D04,16,D04_T001,exports,false,true,false
's total exports of gems,5,2,1,D04,16,D04_T001,exports,false,true,false
total exports of gems and,5,2,1,D04,16,D04_T001,exports,false,true,false
this chapter provides a comprehensive,5,2,2,D05,1,D05_P001_UNKNOWN_PAR002,,false,true,false
has followed a clear downward,5,2,2,D05,1,D05_P001_UNKNOWN_PAR003,,false,true,false
followed a clear downward trajectory,5,2,2,D05,1,D05_P001_UNKNOWN_PAR003,,false,true,false
by a steep decline in,5,2,2,D05,1,D05_P001_UNKNOWN_PAR003,,false,true,false
the terms of trade for,5,2,2,D05,1,D05_P001_UNKNOWN_PAR004,trade,false,true,false
terms of trade for manufacturing,5,2,2,D05,1,D05_P001_UNKNOWN_PAR004,trade,false,true,false
the chapter also examines the,5,2,2,D05,1,D05_P001_UNKNOWN_PAR004,,false,true,false
headline inflation ( chart v.,5,2,2,D05,2,D05_P002_SEC_5_1_PAR001,inflation,false,true,false
an inflation rate of 2.8 per cent,5,2,2,D05,2,D05_P002_SEC_5_1_PAR001,inflation;rate,false,true,false
. in the united states,5,2,2,D05,2,D05_P002_SEC_5_2_PAR001,,false,true,false
"during the current year ,",5,2,2,D05,3,D05_P003_SEC_5_3_PAR001,current,false,true,false
the first half of 2025,5,2,2,D05,3,D05_P003_SEC_5_4_PAR001,,false,true,false
the second half of the,5,2,2,D05,3,D05_P003_SEC_5_5_PAR001,,false,true,false
"during the year , driven",5,2,2,D05,4,D05_P004_SEC_5_6_PAR001,,false,true,false
of the reserve bank of,5,2,2,D05,5,D05_P005_SEC_5_7_PAR001,bank;reserve,false,true,false
"in the current year ,",5,2,2,D05,5,D05_P005_SEC_5_8_PAR001,current,false,true,false
", core inflation excluding precious",5,2,2,D05,7,D05_P007_SEC_5_9_PAR002,inflation,false,true,false
core inflation excluding precious metals,5,2,2,D05,7,D05_P007_SEC_5_9_PAR002,inflation,false,true,false
"much of the year ,",5,2,2,D05,8,D05_P008_SEC_5_12_PAR001,,false,true,false
. the impact of this,5,2,2,D05,11,D05_P011_SEC_5_18_PAR001,,false,true,false
", which is expected to",5,2,2,D05,12,D05_P012_SEC_5_20_PAR001,,false,true,false
play an important role in,5,2,2,D05,12,D05_P012_SEC_5_21_PAR001,,false,true,false
over the past two years,5,2,2,D05,12,D05_P012_SEC_5_21_PAR001,,false,true,false
"the past two years ,",5,2,2,D05,12,D05_P012_SEC_5_21_PAR001,,false,true,false
steadily through 2023 and early,5,2,2,D05,12,D05_P012_SEC_5_22_PAR001,,false,true,false
through 2023 and early 2024,5,2,2,D05,12,D05_P012_SEC_5_22_PAR001,,false,true,false
", by contrast , remains",5,2,2,D05,13,D05_P013_SEC_5_22_PAR001,,false,true,false
. it is observed that,5,2,2,D05,14,D05_P014_SEC_5_26_PAR001,,false,true,false
"in fy25 , while its",5,2,2,D05,14,D05_P014_SEC_5_27_PAR001,,false,true,false
than the national average .,5,2,2,D05,18,D05_P018_SEC_5_33_PAR001,,false,true,false
the national average . the,5,2,2,D05,18,D05_P018_SEC_5_33_PAR001,,false,true,false
"the national average , with",5,2,1,D05,18,D05_P018_SEC_5_34_PAR001,,false,true,false
"weighted average lending rate ,",5,2,2,D05,19,D05_P019_SEC_5_35_PAR001,lending;rate,false,true,false
"output in state gva ,",5,2,1,D05,19,D05_P019_SEC_5_35_PAR002,gva;output,false,true,false
were significant at less than,5,2,1,D05,19,D05_P019_SEC_5_35_PAR002,,false,true,false
") . in december 2025 ,",5,2,2,D05,20,D05_P020_SEC_5_36_PAR001,,false,true,false
". in december 2025 , the",5,2,2,D05,20,D05_P020_SEC_5_36_PAR001,,false,true,false
". furthermore , the government",5,2,2,D05,20,D05_P020_SEC_5_37_PAR001,,false,true,false
the government 's efforts to,5,2,2,D05,20,D05_P020_SEC_5_37_PAR001,,false,true,false
", global commodity prices are",5,2,1,D05,20,D05_P020_SEC_5_37_PAR001,,false,true,false
global commodity prices are expected,5,2,1,D05,20,D05_P020_SEC_5_37_PAR001,,false,true,false
commodity prices are expected to,5,2,1,D05,20,D05_P020_SEC_5_37_PAR001,,false,true,false
the world bank 's commodity,5,2,2,D05,20,D05_P020_SEC_5_37_PAR001,bank,false,true,false
come in the way of,5,2,2,D05,21,D05_P021_SEC_5_37_PAR001,,false,true,false
". for instance , in",5,2,2,D05,21,D05_P021_SEC_5_37_PAR001,,false,true,false
commission for agriculture costs and,5,2,2,D06,7,D06_BOX001,,false,true,false
for agriculture costs and prices,5,2,2,D06,7,D06_BOX001,,false,true,false
with the private sector .,5,2,2,D06,13,D06_BOX005,sector,false,true,false
and ensuring food security .,5,2,2,D06,1,D06_P001_UNKNOWN_PAR002,,false,true,false
government initiatives such as the,5,2,2,D06,1,D06_P001_UNKNOWN_PAR002,,false,true,false
initiatives such as the pradhan,5,2,2,D06,1,D06_P001_UNKNOWN_PAR002,,false,true,false
"yojana ( pmksy ) ,",5,2,2,D06,1,D06_P001_UNKNOWN_PAR002,,false,true,false
rashtriya krishi vikas yojana (,5,2,2,D06,1,D06_P001_UNKNOWN_PAR002,,false,true,false
krishi vikas yojana ( rkvy,5,2,2,D06,1,D06_P001_UNKNOWN_PAR002,,false,true,false
vikas yojana ( rkvy ),5,2,2,D06,1,D06_P001_UNKNOWN_PAR002,,false,true,false
agriculture infrastructure fund ( aif,5,2,2,D06,1,D06_P001_UNKNOWN_PAR002,,false,true,false
infrastructure fund ( aif ),5,2,2,D06,1,D06_P001_UNKNOWN_PAR002,,false,true,false
and strengthen market linkages .,5,2,2,D06,1,D06_P001_UNKNOWN_PAR004,market,false,true,false
", storage , and public",5,2,2,D06,1,D06_P001_UNKNOWN_PAR005,,false,true,false
"storage , and public distribution",5,2,2,D06,1,D06_P001_UNKNOWN_PAR005,,false,true,false
in agriculture and allied activities,5,2,2,D06,2,D06_P002_SEC_6_1_PAR001,,false,true,false
. while food grain production,5,2,2,D06,2,D06_P002_SEC_6_2_PAR001,,false,true,false
while food grain production has,5,2,2,D06,2,D06_P002_SEC_6_2_PAR001,,false,true,false
", fisheries , and horticulture",5,2,2,D06,2,D06_P002_SEC_6_2_PAR001,,false,true,false
"fisheries , and horticulture ,",5,2,2,D06,2,D06_P002_SEC_6_2_PAR001,,false,true,false
for integrated development of horticulture,5,2,2,D06,2,D06_P002_SEC_6_3_PAR001,,false,true,false
integrated development of horticulture (,5,2,2,D06,2,D06_P002_SEC_6_3_PAR001,,false,true,false
development of horticulture ( midh,5,2,2,D06,2,D06_P002_SEC_6_3_PAR001,,false,true,false
of horticulture ( midh ),5,2,2,D06,2,D06_P002_SEC_6_3_PAR001,,false,true,false
"horticulture ( midh ) ,",5,2,2,D06,2,D06_P002_SEC_6_3_PAR001,,false,true,false
national food security and nutrition,5,2,2,D06,2,D06_P002_SEC_6_3_PAR001,,false,true,false
food security and nutrition mission,5,2,2,D06,2,D06_P002_SEC_6_3_PAR001,,false,true,false
") , national mission on",5,2,1,D06,2,D06_P002_SEC_6_3_PAR001,,false,true,false
", national mission on edible",5,2,1,D06,2,D06_P002_SEC_6_3_PAR001,,false,true,false
national mission on edible oil,5,2,1,D06,2,D06_P002_SEC_6_3_PAR001,oil,false,true,false
mission on edible oil -,5,2,1,D06,2,D06_P002_SEC_6_3_PAR001,oil,false,true,false
the msp at 1.5 times,5,2,2,D06,2,D06_P002_SEC_6_3_PAR001,,false,true,false
msp at 1.5 times the,5,2,2,D06,2,D06_P002_SEC_6_3_PAR001,,false,true,false
the all-india weighted average cost,5,2,2,D06,2,D06_P002_SEC_6_3_PAR001,,false,true,false
all-india weighted average cost of,5,2,2,D06,2,D06_P002_SEC_6_3_PAR001,,false,true,false
weighted average cost of production,5,2,2,D06,2,D06_P002_SEC_6_3_PAR001,,false,true,false
pradhan mantri kisan samman nidhi,5,2,2,D06,2,D06_P002_SEC_6_4_PAR001,,false,true,false
mantri kisan samman nidhi (,5,2,2,D06,2,D06_P002_SEC_6_4_PAR001,,false,true,false
kisan samman nidhi ( pm-kisan,5,2,2,D06,2,D06_P002_SEC_6_4_PAR001,,false,true,false
samman nidhi ( pm-kisan ),5,2,2,D06,2,D06_P002_SEC_6_4_PAR001,,false,true,false
"nidhi ( pm-kisan ) ,",5,2,2,D06,2,D06_P002_SEC_6_4_PAR001,,false,true,false
"( fpos ) , primary",5,2,2,D06,2,D06_P002_SEC_6_4_PAR001,,false,true,false
cooperative societies ( pacs ),5,2,2,D06,3,D06_P003_SEC_6_4_PAR002,,false,true,false
productivity through input and technology,5,2,2,D06,3,D06_P003_SEC_6_5_PAR001,productivity,false,true,false
over the last five years,5,2,2,D06,3,D06_P003_SEC_6_6_PAR001,,false,true,false
in the agriculture and allied,5,2,2,D06,3,D06_P003_SEC_6_6_PAR001,,false,true,false
", registering a compound annual",5,2,2,D06,4,D06_P004_SEC_6_7_PAR001,,false,true,false
registering a compound annual growth,5,2,2,D06,4,D06_P004_SEC_6_7_PAR001,growth,false,true,false
the previous year . this,5,2,2,D06,4,D06_P004_SEC_6_8_PAR001,,false,true,false
"of rice , wheat ,",5,2,2,D06,4,D06_P004_SEC_6_8_PAR001,,false,true,false
"has continued to expand ,",5,2,2,D06,4,D06_P004_SEC_6_9_PAR001,,false,true,false
"sector , which accounts for",5,2,2,D06,4,D06_P004_SEC_6_9_PAR001,sector,false,true,false
a bright spot in the,5,2,2,D06,4,D06_P004_SEC_6_9_PAR001,,false,true,false
exceeding the global average of,5,2,2,D06,5,D06_P005_SEC_6_10_PAR001,,false,true,false
is the world 's largest,5,2,2,D06,5,D06_P005_SEC_6_9_PAR002,,false,true,false
"such as west bengal ,",5,2,2,D06,6,D06_P006_SEC_6_12_PAR001,,false,true,false
", andhra pradesh and tamil",5,2,2,D06,6,D06_P006_SEC_6_12_PAR001,,false,true,false
andhra pradesh and tamil nadu,5,2,2,D06,6,D06_P006_SEC_6_12_PAR001,,false,true,false
lower than the national average,5,2,2,D06,6,D06_P006_SEC_6_12_PAR001,,false,true,false
", largely due to the",5,2,2,D06,7,D06_P007_SEC_6_12_PAR002,,false,true,false
", supported by a strong",5,2,2,D06,7,D06_P007_SEC_6_12_PAR002,,false,true,false
growth in the agricultural sector,5,2,2,D06,9,D06_P009_SEC_6_14_PAR001,growth;sector,false,true,false
integrated nutrient and pest management,5,2,2,D06,9,D06_P009_SEC_6_15_PAR001,,false,true,false
", and capacity building for",5,2,2,D06,9,D06_P009_SEC_6_15_PAR001,,false,true,false
. the national mission on,5,2,2,D06,9,D06_P009_SEC_6_15_PAR001,,false,true,false
the national mission on edible,5,2,1,D06,9,D06_P009_SEC_6_15_PAR001,,false,true,false
) and the national mission,5,2,2,D06,9,D06_P009_SEC_6_15_PAR001,,false,true,false
"between 2014-15 and 2024-25 ,",5,2,2,D06,9,D06_P009_SEC_6_16_PAR001,,false,true,false
even in the absence of,5,2,2,D06,10,D06_P010_SEC_6_16_PAR003,,false,true,false
"differentiated by feedstock , with",5,2,1,D06,10,D06_P010_SEC_6_16_PAR004,,false,true,false
. this is intended to,5,2,2,D06,10,D06_P010_SEC_6_16_PAR004,,false,true,false
"between fy22 and fy25 ,",5,2,2,D06,10,D06_P010_SEC_6_16_PAR004,,false,true,false
grew at a cagr of,5,2,2,D06,11,D06_P011_SEC_6_16_PAR003,,false,true,false
"the policy challenge , therefore",5,2,2,D06,11,D06_P011_SEC_6_16_PAR006,policy,false,true,false
"policy challenge , therefore ,",5,2,2,D06,11,D06_P011_SEC_6_16_PAR006,policy,false,true,false
"challenge , therefore , is",5,2,2,D06,11,D06_P011_SEC_6_16_PAR006,,false,true,false
has played a significant role,5,2,2,D06,12,D06_P012_SEC_6_17_PAR001,,false,true,false
a significant role in expanding,5,2,2,D06,12,D06_P012_SEC_6_17_PAR001,,false,true,false
metric tonnes per hectare in,5,2,1,D06,12,D06_P012_SEC_6_17_PAR001,,false,true,false
several initiatives have been undertaken,5,2,2,D06,12,D06_P012_SEC_6_19_PAR001,,false,true,false
initiatives have been undertaken to,5,2,2,D06,12,D06_P012_SEC_6_19_PAR001,,false,true,false
the limited availability of quality,5,2,2,D06,12,D06_P012_SEC_6_19_PAR001,,false,true,false
"organisations ( fpos ) ,",5,2,2,D06,13,D06_P013_SEC_6_20_PAR002,,false,true,false
"in addition , the government",5,2,2,D06,13,D06_P013_SEC_6_21_PAR001,,false,true,false
the n : p :,5,2,2,D06,14,D06_P014_SEC_6_22_PAR001,,false,true,false
n : p : k,5,2,2,D06,14,D06_P014_SEC_6_22_PAR001,,false,true,false
: p : k ratio,5,2,2,D06,14,D06_P014_SEC_6_22_PAR001,,false,true,false
", which has become the",5,2,2,D06,15,D06_P015_SEC_6_22_PAR003,,false,true,false
", particularly for small and",5,2,2,D06,17,D06_P017_SEC_6_23_PAR001,,false,true,false
the objective is not to,5,2,2,D06,17,D06_P017_UNKNOWN_PAR002,,false,true,false
share of pm kisan beneficiaries,5,2,2,D06,18,D06_P018_SEC_6_25_PAR001,,false,true,false
", highlighting the need for",5,2,2,D06,18,D06_P018_SEC_6_25_PAR001,,false,true,false
progress has been made in,5,2,2,D06,19,D06_P019_SEC_6_27_PAR001,,false,true,false
", represents a major step",5,2,2,D06,19,D06_P019_SEC_6_27_PAR001,,false,true,false
"further , the government has",5,2,2,D06,19,D06_P019_SEC_6_29_PAR002,,false,true,false
", the government has implemented",5,2,2,D06,20,D06_P020_SEC_6_30_PAR001,,false,true,false
to improve price discovery and,5,2,2,D06,20,D06_P020_SEC_6_31_PAR001,,false,true,false
". under the scheme ,",5,2,2,D06,20,D06_P020_SEC_6_31_PAR001,,false,true,false
", the government has approved",5,2,2,D06,20,D06_P020_SEC_6_31_PAR001,,false,true,false
a digital public infrastructure (,5,2,2,D06,20,D06_P020_SEC_6_31_PAR001,,false,true,false
infrastructure ( dpi ) for,5,2,2,D06,20,D06_P020_SEC_6_31_PAR001,,false,true,false
central and state governments to,5,2,2,D06,20,D06_P020_SEC_6_31_PAR001,,false,true,false
the government is implementing the,5,2,2,D06,22,D06_P022_SEC_6_35_PAR001,,false,true,false
. in 2024 ‑ 25,5,2,2,D06,22,D06_P022_SEC_6_35_PAR001,,false,true,false
"in 2024 ‑ 25 ,",5,2,2,D06,22,D06_P022_SEC_6_35_PAR001,,false,true,false
has been a cornerstone of,5,2,2,D06,23,D06_P023_SEC_6_38_PAR004,,false,true,false
"pests , diseases , and",5,2,2,D06,25,D06_P025_SEC_6_40_PAR001,,false,true,false
the public financial management system,5,2,2,D06,25,D06_P025_SEC_6_40_PAR001,financial,false,true,false
as a single source of,5,2,2,D06,26,D06_P026_SEC_6_40_PAR001,,false,true,false
the government is also implementing,5,2,2,D06,26,D06_P026_SEC_6_41_PAR001,,false,true,false
government is also implementing the,5,2,2,D06,26,D06_P026_SEC_6_41_PAR001,,false,true,false
", making them central to",5,2,2,D06,26,D06_P026_SEC_6_42_PAR001,,false,true,false
enterprise resource planning ( erp,5,2,2,D06,26,D06_P026_SEC_6_43_PAR001,,false,true,false
resource planning ( erp ),5,2,2,D06,26,D06_P026_SEC_6_43_PAR001,,false,true,false
", and the introduction of",5,2,2,D06,27,D06_P027_SEC_6_45_PAR001,,false,true,false
", the national mission on",5,2,2,D06,27,D06_P027_SEC_6_47_PAR001,,false,true,false
". within this , the",5,2,2,D06,28,D06_P028_SEC_6_49_PAR001,,false,true,false
", the production linked incentive",5,2,2,D06,28,D06_P028_SEC_6_50_PAR001,,false,true,false
") , launched in 2021",5,2,2,D06,28,D06_P028_SEC_6_50_PAR001,,false,true,false
", launched in 2021 ,",5,2,2,D06,28,D06_P028_SEC_6_50_PAR001,,false,true,false
) scheme was launched in,5,2,2,D06,28,D06_P028_SEC_6_51_PAR001,,false,true,false
scheme was launched in 2020,5,2,2,D06,28,D06_P028_SEC_6_51_PAR001,,false,true,false
36 states and union territories,5,2,2,D06,28,D06_P028_SEC_6_51_PAR002,,false,true,false
both food and nutrition security,5,2,2,D06,29,D06_P029_SEC_6_52_PAR001,,false,true,false
through the public distribution system,5,2,2,D06,29,D06_P029_SEC_6_52_PAR001,,false,true,false
the national food security act,5,2,2,D06,29,D06_P029_SEC_6_54_PAR001,,false,true,false
below poverty line ( bpl,5,2,2,D06,29,D06_P029_SEC_6_54_PAR001,poverty,false,true,false
poverty line ( bpl ),5,2,2,D06,29,D06_P029_SEC_6_54_PAR001,poverty,false,true,false
line ( bpl ) and,5,2,2,D06,29,D06_P029_SEC_6_54_PAR001,,false,true,false
for rural and urban populations,5,2,2,D06,29,D06_P029_SEC_6_54_PAR001,,false,true,false
. this initiative has been,5,2,2,D06,31,D06_P031_SEC_6_54_PAR004,,false,true,false
", bihar , gujarat ,",5,2,2,D06,31,D06_P031_SEC_6_54_PAR004,,false,true,false
", uttar pradesh , and",5,2,2,D06,31,D06_P031_SEC_6_54_PAR004,,false,true,false
. india has made notable,5,2,2,D06,31,D06_P031_SEC_6_56_PAR001,,false,true,false
in key sectors such as,5,2,2,D06,31,D06_P031_SEC_6_56_PAR001,sectors,false,true,false
the strengthening of cooperatives and,5,2,2,D06,31,D06_P031_SEC_6_56_PAR001,,false,true,false
a vital role in empowering,5,2,2,D06,31,D06_P031_SEC_6_56_PAR001,,false,true,false
"adoption of digital technologies ,",5,2,2,D06,31,D06_P031_SEC_6_56_PAR001,,false,true,false
"resilient , competitive , and",5,2,2,D06,32,D06_P032_SEC_6_60_PAR001,,false,true,false
of india 's services sector,5,2,2,D07,7,D07_BOX001,sector,false,true,false
", but also as a",5,2,2,D07,7,D07_BOX001,,false,true,false
"growth , employment generation ,",5,2,2,D07,7,D07_BOX001,employment;growth,false,true,false
intelligence ( ai ) is,5,2,2,D07,12,D07_BOX003,,false,true,false
. the global economy is,5,2,2,D07,1,D07_P001_SEC_7_1_PAR001,,false,true,false
"of growth , resilience ,",5,2,2,D07,1,D07_P001_SEC_7_1_PAR001,growth,false,true,false
", the services sector has",5,2,2,D07,1,D07_P001_SEC_7_1_PAR001,sector,false,true,false
the services sector has emerged,5,2,2,D07,1,D07_P001_SEC_7_1_PAR001,sector,false,true,false
services sector has emerged as,5,2,2,D07,1,D07_P001_SEC_7_1_PAR001,sector,false,true,false
has emerged as a stabilising,5,2,2,D07,1,D07_P001_SEC_7_1_PAR001,,false,true,false
emerged as a stabilising force,5,2,2,D07,1,D07_P001_SEC_7_1_PAR001,,false,true,false
"as a stabilising force ,",5,2,2,D07,1,D07_P001_SEC_7_1_PAR001,,false,true,false
"a stabilising force , contributing",5,2,2,D07,1,D07_P001_SEC_7_1_PAR001,,false,true,false
"stabilising force , contributing more",5,2,2,D07,1,D07_P001_SEC_7_1_PAR001,,false,true,false
"economic growth , resilience ,",5,2,2,D07,1,D07_P001_UNKNOWN_PAR002,growth,false,true,false
", resilience , and structural",5,2,2,D07,1,D07_P001_UNKNOWN_PAR002,,false,true,false
"resilience , and structural transformation",5,2,2,D07,1,D07_P001_UNKNOWN_PAR002,,false,true,false
", and structural transformation .",5,2,2,D07,1,D07_P001_UNKNOWN_PAR002,,false,true,false
as a major driver of,5,2,2,D07,1,D07_P001_UNKNOWN_PAR002,,false,true,false
a major driver of exports,5,2,2,D07,1,D07_P001_UNKNOWN_PAR002,exports,false,true,false
major driver of exports and,5,2,2,D07,1,D07_P001_UNKNOWN_PAR002,exports,false,true,false
driver of exports and employment,5,2,2,D07,1,D07_P001_UNKNOWN_PAR002,employment;exports,false,true,false
"it and it-enabled services ,",5,2,2,D07,1,D07_P001_UNKNOWN_PAR003,,false,true,false
sustained and inclusive economic growth,5,2,2,D07,1,D07_P001_UNKNOWN_PAR003,growth,false,true,false
in the years ahead .,5,2,2,D07,1,D07_P001_UNKNOWN_PAR003,,false,true,false
", india 's services sector",5,2,2,D07,2,D07_P002_SEC_7_3_PAR001,sector,false,true,false
", as is the case",5,2,2,D07,2,D07_P002_SEC_7_3_PAR001,,false,true,false
. the covid -19 pandemic,5,2,2,D07,2,D07_P002_SEC_7_6_PAR001,,false,true,false
", such as tourism ,",5,2,2,D07,2,D07_P002_SEC_7_6_PAR001,,false,true,false
the share of services in,5,2,2,D07,3,D07_P003_SEC_7_6_PAR002,,false,true,false
share of services in gdp,5,2,2,D07,3,D07_P003_SEC_7_6_PAR002,gdp,false,true,false
growing role of services in,5,2,2,D07,5,D07_P005_SEC_7_10_PAR001,,false,true,false
"investment . together , these",5,2,2,D07,5,D07_P005_SEC_7_10_PAR001,investment,false,true,false
". together , these segments",5,2,2,D07,5,D07_P005_SEC_7_10_PAR001,,false,true,false
the pandemic ( chart vii.,5,2,2,D07,5,D07_P005_SEC_7_9_PAR001,,false,true,false
in india gained momentum in,5,2,2,D07,6,D07_P006_SEC_7_11_PAR001,,false,true,false
services account for around 30 per cent,5,2,2,D07,7,D07_P007_SEC_7_13_PAR002,account,false,true,false
account for around 30 per cent of,5,2,2,D07,7,D07_P007_SEC_7_13_PAR002,account,false,true,false
has not translated proportionately into,5,2,2,D07,7,D07_P007_SEC_7_13_PAR003,,false,true,false
age point increase ) .,5,2,1,D07,8,D07_P008_SEC_7_13_PAR001,,false,true,false
"between 2011-12 and 2023-24 ,",5,2,2,D07,8,D07_P008_SEC_7_13_PAR002,,false,true,false
traditional segments such as trade,5,2,2,D07,8,D07_P008_SEC_7_13_PAR002,trade,false,true,false
", cultural and recreational services",5,2,2,D07,8,D07_P008_SEC_7_13_PAR002,,false,true,false
"engaged in services , compared",5,2,1,D07,8,D07_P008_SEC_7_13_PAR004,,false,true,false
"in services , compared with",5,2,1,D07,8,D07_P008_SEC_7_13_PAR004,,false,true,false
. similar patterns are observed,5,2,2,D07,8,D07_P008_SEC_7_13_PAR004,,false,true,false
similar patterns are observed in,5,2,2,D07,8,D07_P008_SEC_7_13_PAR004,,false,true,false
show that the share of,5,2,2,D07,8,D07_P008_SEC_7_14_PAR001,,false,true,false
india 's growing specialisation in,5,2,1,D07,12,D07_P012_SEC_7_18_PAR001,,false,true,false
movement up the value chain,5,2,2,D07,12,D07_P012_SEC_7_18_PAR001,,false,true,false
r & d and technology,5,2,2,D07,14,D07_P014_SEC_7_18_PAR003,,false,true,false
"as a result , services",5,2,2,D07,15,D07_P015_SEC_7_21_PAR002,,false,true,false
"activities such as design ,",5,2,2,D07,16,D07_P016_SEC_7_22_PAR001,,false,true,false
"such as design , r",5,2,2,D07,16,D07_P016_SEC_7_22_PAR001,,false,true,false
"as design , r &",5,2,2,D07,16,D07_P016_SEC_7_22_PAR001,,false,true,false
"design , r & d",5,2,2,D07,16,D07_P016_SEC_7_22_PAR001,,false,true,false
"r & d , logistics",5,2,2,D07,16,D07_P016_SEC_7_22_PAR001,,false,true,false
"& d , logistics ,",5,2,2,D07,16,D07_P016_SEC_7_22_PAR001,,false,true,false
centre for social and economic,5,2,2,D07,17,D07_P017_SEC_7_22_PAR005,,false,true,false
for social and economic progress,5,2,2,D07,17,D07_P017_SEC_7_22_PAR005,,false,true,false
value added in gross exports,5,2,2,D07,17,D07_P017_SEC_7_22_PAR006,exports,false,true,false
", data analytics , and",5,2,2,D07,17,D07_P017_UNKNOWN_PAR002,,false,true,false
and the adoption of technology,5,2,2,D07,18,D07_P018_SEC_7_23_PAR001,,false,true,false
previous year ( chart vii.,5,2,1,D07,18,D07_P018_SEC_7_24_PAR001,,false,true,false
year ( chart vii. 11,5,2,1,D07,18,D07_P018_SEC_7_24_PAR001,,false,true,false
( chart vii. 11 b,5,2,1,D07,18,D07_P018_SEC_7_24_PAR001,,false,true,false
chart vii. 11 b ),5,2,1,D07,18,D07_P018_SEC_7_24_PAR001,,false,true,false
vii. 11 b ) .,5,2,1,D07,18,D07_P018_SEC_7_24_PAR001,,false,true,false
. this is in line,5,2,2,D07,18,D07_P018_SEC_7_24_PAR001,,false,true,false
this is in line with,5,2,2,D07,18,D07_P018_SEC_7_24_PAR001,,false,true,false
in recent years ( chart,5,2,2,D07,18,D07_P018_SEC_7_24_PAR001,,false,true,false
. industry estimates place the,5,2,2,D07,19,D07_P019_SEC_7_26_PAR001,industry,false,true,false
", skills development , and",5,2,2,D07,20,D07_P020_SEC_7_29_PAR001,,false,true,false
to unlock the blue economy,5,2,2,D07,21,D07_P021_SEC_7_31_PAR001,,false,true,false
a national marina development policy,5,2,2,D07,21,D07_P021_SEC_7_31_PAR001,policy,false,true,false
of global capability centres (,5,2,2,D07,21,D07_P021_SEC_7_32_PAR001,,false,true,false
"development , engineering , analytics",5,2,2,D07,21,D07_P021_SEC_7_33_PAR001,,false,true,false
into global value chains as,5,2,2,D07,22,D07_P022_SEC_7_34_PAR001,,false,true,false
2 and tier 3 cities,5,2,2,D07,22,D07_P022_SEC_7_34_PAR001,,false,true,false
data centre capacity is projected,5,2,2,D07,22,D07_P022_SEC_7_35_PAR001,,false,true,false
centre capacity is projected to,5,2,2,D07,22,D07_P022_SEC_7_35_PAR001,,false,true,false
", placing it among the",5,2,2,D07,23,D07_P023_SEC_7_37_PAR001,,false,true,false
. while india has improved,5,2,2,D07,24,D07_P024_SEC_7_38_PAR001,,false,true,false
india 's medium-term growth and,5,2,2,D07,24,D07_P024_SEC_7_40_PAR001,growth,false,true,false
wider diffusion of digital technologies,5,2,2,D07,24,D07_P024_SEC_7_40_PAR001,,false,true,false
"diffusion of digital technologies ,",5,2,2,D07,24,D07_P024_SEC_7_40_PAR001,,false,true,false
"of digital technologies , and",5,2,2,D07,24,D07_P024_SEC_7_40_PAR001,,false,true,false
"as a distinct category ,",5,2,2,D07,24,D07_P024_SEC_7_40_PAR001,,false,true,false
across the economy . the,5,2,2,D07,25,D07_P025_SEC_7_41_PAR001,,false,true,false
"in recent years , supported",5,2,2,D07,25,D07_P025_SEC_7_41_PAR001,,false,true,false
"recent years , supported by",5,2,2,D07,25,D07_P025_SEC_7_41_PAR001,,false,true,false
in fy25 . this momentum,5,2,2,D07,25,D07_P025_SEC_7_42_PAR001,,false,true,false
fy25 . this momentum continued,5,2,2,D07,25,D07_P025_SEC_7_42_PAR001,,false,true,false
operational efficiency has also improved,5,2,2,D07,25,D07_P025_SEC_7_42_PAR001,,false,true,false
"efficiency has also improved ,",5,2,2,D07,25,D07_P025_SEC_7_42_PAR001,,false,true,false
"has also improved , with",5,2,2,D07,25,D07_P025_SEC_7_42_PAR001,,false,true,false
to play a key role,5,2,2,D07,25,D07_P025_SEC_7_43_PAR001,,false,true,false
to play a critical role,5,2,2,D07,26,D07_P026_SEC_7_45_PAR001,,false,true,false
. this momentum has been,5,2,2,D07,26,D07_P026_SEC_7_45_PAR001,,false,true,false
this momentum has been sustained,5,2,2,D07,26,D07_P026_SEC_7_45_PAR001,,false,true,false
of digital platforms such as,5,2,2,D07,27,D07_P027_SEC_7_46_PAR001,,false,true,false
"access , affordability , and",5,2,2,D07,27,D07_P027_SEC_7_47_PAR001,,false,true,false
the urban infrastructure development fund,5,2,2,D07,28,D07_P028_SEC_7_49_PAR001,,false,true,false
urban infrastructure development fund (,5,2,2,D07,28,D07_P028_SEC_7_49_PAR001,,false,true,false
infrastructure development fund ( uidf,5,2,2,D07,28,D07_P028_SEC_7_49_PAR001,,false,true,false
development fund ( uidf ),5,2,2,D07,28,D07_P028_SEC_7_49_PAR001,,false,true,false
"fund ( uidf ) ,",5,2,2,D07,28,D07_P028_SEC_7_49_PAR001,,false,true,false
( m & e ),5,2,2,D07,29,D07_P029_SEC_7_51_PAR001,,false,true,false
among the world 's largest,5,2,2,D07,29,D07_P029_SEC_7_52_PAR001,,false,true,false
"in 2024 , supported by",5,2,1,D07,29,D07_P029_SEC_7_52_PAR001,,false,true,false
". of this , the",5,2,2,D07,30,D07_P030_SEC_7_52_PAR001,,false,true,false
". in india , there",5,2,2,D07,30,D07_P030_SEC_7_52_PAR002,,false,true,false
"in india , there is",5,2,2,D07,30,D07_P030_SEC_7_52_PAR002,,false,true,false
", it is projected to",5,2,2,D07,31,D07_P031_SEC_7_53_PAR001,,false,true,false
the trajectory of india 's,5,2,2,D07,32,D07_P032_SEC_7_56_PAR001,,false,true,false
the nation 's economic growth,5,2,2,D07,32,D07_P032_SEC_7_56_PAR001,growth,false,true,false
"output , employment , and",5,2,2,D07,32,D07_P032_SEC_7_56_PAR001,employment;output,false,true,false
", urban infrastructure , and",5,2,2,D07,32,D07_P032_SEC_7_57_PAR001,,false,true,false
"such as data analytics ,",5,2,2,D07,32,D07_P032_SEC_7_58_PAR001,,false,true,false
and the creation of a,5,2,2,D07,33,D07_P033_SEC_7_59_PAR001,,false,true,false
", and the need to",5,2,2,D07,33,D07_P033_SEC_7_59_PAR001,,false,true,false
", with a focus on",5,2,2,D07,13,D07_T002,,false,true,false
security mechanism ( psm ),5,2,2,D08,13,D08_BOX001,,false,true,false
the objective of the scheme,5,2,2,D08,13,D08_BOX001,,false,true,false
objective of the scheme is,5,2,2,D08,13,D08_BOX001,,false,true,false
of the scheme is to,5,2,2,D08,13,D08_BOX001,,false,true,false
as of september 2025 . •,5,2,1,D08,15,D08_BOX003,,false,true,false
been approved with a total,5,2,2,D08,15,D08_BOX003,,false,true,false
", the pli scheme for",5,2,2,D08,17,D08_BOX005,,false,true,false
) : with an outlay,5,2,2,D08,17,D08_BOX005,,false,true,false
: with an outlay of,5,2,2,D08,17,D08_BOX005,,false,true,false
", capacity building , and",5,2,2,D08,17,D08_BOX005,,false,true,false
the national mission on manufacturing,5,2,1,D08,20,D08_BOX007,,false,true,false
national mission on manufacturing (,5,2,1,D08,20,D08_BOX007,,false,true,false
mission on manufacturing ( nmm,5,2,1,D08,20,D08_BOX007,,false,true,false
on manufacturing ( nmm ),5,2,1,D08,20,D08_BOX007,,false,true,false
over the next decade .,5,2,2,D08,20,D08_BOX007,,false,true,false
at the top of the,5,2,2,D08,20,D08_BOX007,,false,true,false
the union budget 2025-26 .,5,2,2,D08,20,D08_BOX007,budget,false,true,false
department of science and technology,5,2,2,D08,20,D08_BOX007,,false,true,false
at https : //tinyurl.com/ 3,5,2,2,D08,20,D08_BOX007,,false,true,false
. https : //tinyurl.com/ 3,5,2,2,D08,20,D08_BOX007,,false,true,false
• 3 rd in advanced,5,2,1,D08,24,D08_BOX011,,false,true,false
india 's gross expenditure on,5,2,2,D08,24,D08_BOX011,expenditure,false,true,false
's gross expenditure on r,5,2,2,D08,24,D08_BOX011,expenditure,false,true,false
gross expenditure on r &,5,2,2,D08,24,D08_BOX011,expenditure,false,true,false
expenditure on r & d,5,2,2,D08,24,D08_BOX011,expenditure,false,true,false
") , and south korea",5,2,1,D08,24,D08_BOX011,,false,true,false
", and south korea (",5,2,1,D08,24,D08_BOX011,,false,true,false
. the india semiconductor mission,5,2,2,D08,25,D08_BOX013,,false,true,false
the india semiconductor mission (,5,2,2,D08,25,D08_BOX013,,false,true,false
india semiconductor mission ( ism,5,2,2,D08,25,D08_BOX013,,false,true,false
semiconductor mission ( ism ),5,2,2,D08,25,D08_BOX013,,false,true,false
"rbi bulletin , october 2025 :",5,2,2,D08,34,D08_BOX019,,false,true,false
"bulletin , october 2025 : https",5,2,2,D08,34,D08_BOX019,,false,true,false
", october 2025 : https :",5,2,2,D08,34,D08_BOX019,,false,true,false
: https : //tinyurl.com/ 2,5,2,2,D08,34,D08_BOX019,,false,true,false
credit continues to be a,5,2,2,D08,37,D08_BOX023,credit,false,true,false
( 2024 ) available at,5,2,1,D08,40,D08_BOX025,,false,true,false
2024 ) available at https,5,2,1,D08,40,D08_BOX025,,false,true,false
available at https : //tinyurl,5,2,2,D08,40,D08_BOX025,,false,true,false
at https : //tinyurl .,5,2,2,D08,40,D08_BOX025,,false,true,false
"germany , japan , and",5,2,2,D08,42,D08_BOX027,,false,true,false
in collaboration with the private,5,2,2,D08,43,D08_BOX029,,false,true,false
collaboration with the private sector,5,2,2,D08,43,D08_BOX029,sector,false,true,false
into gvcs as a high-tech,5,2,2,D08,1,D08_P001_UNKNOWN_PAR002,,false,true,false
"gvcs as a high-tech ,",5,2,2,D08,1,D08_P001_UNKNOWN_PAR002,,false,true,false
", the national manufacturing mission",5,2,2,D08,1,D08_P001_UNKNOWN_PAR003,,false,true,false
innovation ( rdi ) fund,5,2,2,D08,1,D08_P001_UNKNOWN_PAR003,,false,true,false
the path to viksit bharat,5,2,2,D08,1,D08_P001_UNKNOWN_PAR004,,false,true,false
"logistics , and scaling up",5,2,2,D08,1,D08_P001_UNKNOWN_PAR004,,false,true,false
"output as a whole ,",5,2,2,D08,2,D08_P002_SEC_8_2_PAR001,output,false,true,false
in the previous fiscal year,5,2,2,D08,3,D08_P003_SEC_8_6_PAR001,fiscal,false,true,false
"the india semiconductor mission ,",5,2,2,D08,4,D08_P004_SEC_8_9_PAR001,,false,true,false
india 's industrial sector continues,5,2,2,D08,5,D08_P005_SEC_8_11_PAR001,sector,false,true,false
's industrial sector continues to,5,2,2,D08,5,D08_P005_SEC_8_11_PAR001,sector,false,true,false
in the world economy .,5,2,2,D08,5,D08_P005_SEC_8_11_PAR001,,false,true,false
structural pillars of competitiveness :,5,2,2,D08,5,D08_P005_SEC_8_12_PAR001,,false,true,false
could be due to the,5,2,2,D08,5,D08_P005_SEC_8_13_PAR001,,false,true,false
sources to the commercial sector,5,2,1,D08,5,D08_P005_SEC_8_13_PAR001,sector,false,true,false
( in per cent ),5,2,2,D08,6,D08_P006_SEC_8_14_PAR002,,false,true,false
the subsequent sections of this,5,2,2,D08,7,D08_P007_SEC_8_15_PAR001,,false,true,false
subsequent sections of this chapter,5,2,2,D08,7,D08_P007_SEC_8_15_PAR001,,false,true,false
. this is followed by,5,2,1,D08,7,D08_P007_SEC_8_15_PAR001,,false,true,false
"the micro , small and",5,2,2,D08,7,D08_P007_SEC_8_15_PAR001,,false,true,false
small and medium enterprises (,5,2,2,D08,7,D08_P007_SEC_8_15_PAR001,,false,true,false
"andhra pradesh , telangana ,",5,2,2,D08,7,D08_P007_SEC_8_16_PAR001,,false,true,false
. the government 's focus,5,2,2,D08,8,D08_P008_SEC_8_17_PAR001,,false,true,false
the government 's focus on,5,2,2,D08,8,D08_P008_SEC_8_17_PAR001,,false,true,false
"such as highways , railways",5,2,2,D08,8,D08_P008_SEC_8_17_PAR001,,false,true,false
"as highways , railways ,",5,2,2,D08,8,D08_P008_SEC_8_17_PAR001,,false,true,false
this momentum continued into the,5,2,2,D08,8,D08_P008_SEC_8_19_PAR001,,false,true,false
"the fiscal year 2025-26 ,",5,2,2,D08,8,D08_P008_SEC_8_19_PAR001,fiscal,false,true,false
", with an outlay of",5,2,2,D08,9,D08_P009_SEC_8_20_PAR001,,false,true,false
tonnes ( mt ) of,5,2,2,D08,9,D08_P009_SEC_8_20_PAR001,,false,true,false
", the sector faces challenges",5,2,2,D08,9,D08_P009_SEC_8_21_PAR001,sector,false,true,false
play a significant role in,5,2,2,D08,10,D08_P010_SEC_8_23_PAR001,,false,true,false
over the last decade .,5,2,2,D08,11,D08_P011_SEC_8_24_PAR001,,false,true,false
of the capital goods sector,5,2,2,D08,11,D08_P011_SEC_8_25_PAR001,capital;sector,false,true,false
", as well as a",5,2,2,D08,11,D08_P011_SEC_8_25_PAR001,,false,true,false
phase ii of the scheme,5,2,1,D08,12,D08_P012_SEC_8_26_PAR001,,false,true,false
", and a highly skilled",5,2,2,D08,15,D08_P015_SEC_8_31_PAR002,,false,true,false
and a highly skilled workforce,5,2,2,D08,15,D08_P015_SEC_8_31_PAR002,,false,true,false
a highly skilled workforce .,5,2,2,D08,15,D08_P015_SEC_8_31_PAR002,,false,true,false
", the india semiconductor mission",5,2,2,D08,15,D08_P015_SEC_8_31_PAR003,,false,true,false
"assembly , testing , marking",5,2,2,D08,15,D08_P015_SEC_8_31_PAR003,,false,true,false
", testing , marking and",5,2,2,D08,15,D08_P015_SEC_8_31_PAR003,,false,true,false
"testing , marking and packaging",5,2,2,D08,15,D08_P015_SEC_8_31_PAR003,,false,true,false
"and 3 d printing ,",5,2,2,D08,16,D08_P016_SEC_8_34_PAR001,,false,true,false
. india is the world,5,2,2,D08,17,D08_P017_SEC_8_35_PAR001,,false,true,false
man-made fibres ( mmf ),5,2,2,D08,17,D08_P017_SEC_8_35_PAR001,,false,true,false
"intelligence ( ai ) ,",5,2,2,D08,22,D08_P022_SEC_8_46_PAR001,,false,true,false
", digital services , and",5,2,2,D08,22,D08_P022_SEC_8_46_PAR001,,false,true,false
", supported by a growing",5,2,2,D08,22,D08_P022_SEC_8_46_PAR001,,false,true,false
", credit access , and",5,2,2,D08,22,D08_P022_SEC_8_46_PAR001,credit,false,true,false
", development and innovation (",5,2,2,D08,25,D08_P025_SEC_8_51_PAR001,,false,true,false
development and innovation ( rdi,5,2,2,D08,25,D08_P025_SEC_8_51_PAR001,,false,true,false
and innovation ( rdi ),5,2,2,D08,25,D08_P025_SEC_8_51_PAR001,,false,true,false
with a total outlay of,5,2,2,D08,25,D08_P025_SEC_8_51_PAR001,,false,true,false
", south korea , taiwan",5,2,2,D08,26,D08_P026_UNKNOWN_PAR002,,false,true,false
"in r & d ,",5,2,2,D08,26,D08_P026_UNKNOWN_PAR002,,false,true,false
to position india as an,5,2,2,D08,27,D08_P027_SEC_8_52_PAR001,,false,true,false
. the government of india,5,2,2,D08,27,D08_P027_SEC_8_52_PAR001,,false,true,false
government of india has undertaken,5,2,2,D08,27,D08_P027_UNKNOWN_PAR005,,false,true,false
has undertaken a series of,5,2,2,D08,27,D08_P027_UNKNOWN_PAR005,,false,true,false
the core of this strategy,5,2,2,D08,27,D08_P027_UNKNOWN_PAR005,,false,true,false
of critical supply chains and,5,2,2,D08,27,D08_P027_UNKNOWN_PAR005,supply,false,true,false
enterprises ( msmes ) form,5,2,2,D08,29,D08_P029_SEC_8_52_PAR003,,false,true,false
"raw materials , intermediates ,",5,2,2,D08,29,D08_P029_SEC_8_52_PAR006,,false,true,false
. over the past few,5,2,2,D08,30,D08_P030_SEC_8_53_PAR001,,false,true,false
. complementing this is the,5,2,2,D08,30,D08_P030_SEC_8_54_PAR001,,false,true,false
the national logistics policy (,5,2,2,D08,30,D08_P030_SEC_8_54_PAR001,policy,false,true,false
national logistics policy ( nlp,5,2,2,D08,30,D08_P030_SEC_8_54_PAR001,policy,false,true,false
logistics policy ( nlp ),5,2,2,D08,30,D08_P030_SEC_8_54_PAR001,policy,false,true,false
logistics ease across different states,5,2,2,D08,30,D08_P030_SEC_8_54_PAR001,,false,true,false
ease across different states (,5,2,2,D08,30,D08_P030_SEC_8_54_PAR001,,false,true,false
across different states ( leads,5,2,2,D08,30,D08_P030_SEC_8_54_PAR001,,false,true,false
different states ( leads ),5,2,2,D08,30,D08_P030_SEC_8_54_PAR001,,false,true,false
the unified logistics interface platform,5,2,2,D08,30,D08_P030_SEC_8_54_PAR001,,false,true,false
unified logistics interface platform (,5,2,2,D08,30,D08_P030_SEC_8_54_PAR001,,false,true,false
logistics interface platform ( ulip,5,2,2,D08,30,D08_P030_SEC_8_54_PAR001,,false,true,false
interface platform ( ulip ),5,2,2,D08,30,D08_P030_SEC_8_54_PAR001,,false,true,false
the national industrial corridor development,5,2,2,D08,30,D08_P030_SEC_8_55_PAR001,,false,true,false
national industrial corridor development programme,5,2,2,D08,30,D08_P030_SEC_8_55_PAR001,,false,true,false
under the national logistics policy,5,2,2,D08,30,D08_P030_SEC_8_55_PAR001,policy,false,true,false
"the national logistics policy ,",5,2,2,D08,30,D08_P030_SEC_8_55_PAR001,policy,false,true,false
", regulatory simplification , and",5,2,2,D08,31,D08_P031_SEC_8_56_PAR001,regulatory,false,true,false
. countries that have successfully,5,2,2,D08,31,D08_P031_SEC_8_57_PAR002,,false,true,false
over the past few decades,5,2,2,D08,32,D08_P032_SEC_8_57_PAR001,,false,true,false
"the past few decades ,",5,2,2,D08,32,D08_P032_SEC_8_57_PAR001,,false,true,false
remains a binding constraint for,5,2,2,D08,33,D08_P033_SEC_8_61_PAR001,,false,true,false
in the world bank 's,5,2,2,D08,33,D08_P033_SEC_8_61_PAR001,bank,false,true,false
the ceiling for guarantee coverage,5,2,1,D08,35,D08_P035_SEC_8_64_PAR001,,false,true,false
ceiling for guarantee coverage from,5,2,1,D08,35,D08_P035_SEC_8_64_PAR001,,false,true,false
"to address these challenges ,",5,2,2,D08,36,D08_P036_SEC_8_66_PAR001,,false,true,false
in the manufacturing sector .,5,2,2,D08,36,D08_P036_SEC_8_67_PAR001,sector,false,true,false
priority sector lending - targets,5,2,2,D08,39,D08_P039_SEC_8_67_PAR005,lending;sector,false,true,false
sector lending - targets and,5,2,2,D08,39,D08_P039_SEC_8_67_PAR005,lending;sector,false,true,false
lending - targets and classification,5,2,2,D08,39,D08_P039_SEC_8_67_PAR005,lending,false,true,false
"- targets and classification ,",5,2,2,D08,39,D08_P039_SEC_8_67_PAR005,,false,true,false
the share of foreign value,5,2,2,D08,40,D08_P040_SEC_8_69_PAR001,foreign,false,true,false
share of foreign value added,5,2,2,D08,40,D08_P040_SEC_8_69_PAR001,foreign,false,true,false
"a labour- rich economy ,",5,2,2,D08,40,D08_P040_SEC_8_69_PAR001,,false,true,false
tariffs on intermediates and capital,5,2,1,D08,40,D08_P040_SEC_8_70_PAR001,capital,false,true,false
", and support india 's",5,2,2,D08,40,D08_P040_SEC_8_70_PAR001,,false,true,false
. advanced manufacturing matters not,5,2,2,D08,42,D08_P042_SEC_8_70_PAR002,,false,true,false
on a sustained basis .,5,2,2,D08,42,D08_P042_SEC_8_70_PAR002,,false,true,false
", ease of doing business",5,2,2,D08,42,D08_P042_SEC_8_71_PAR001,,false,true,false
highlighted in the economic survey,5,2,2,D08,43,D08_P043_SEC_8_71_PAR002,,false,true,false
in the economic survey 2024-25,5,2,2,D08,43,D08_P043_SEC_8_71_PAR002,,false,true,false
", competitiveness , innovation and",5,2,2,D08,43,D08_P043_SEC_8_72_PAR001,,false,true,false
", skills , and quality",5,2,2,D08,43,D08_P043_SEC_8_72_PAR001,,false,true,false
"in this context , it",5,2,2,D08,44,D08_P044_SEC_8_72_PAR002,,false,true,false
"this context , it is",5,2,2,D08,44,D08_P044_SEC_8_72_PAR002,,false,true,false
"context , it is essential",5,2,2,D08,44,D08_P044_SEC_8_72_PAR002,,false,true,false
it is essential that the,5,2,2,D08,44,D08_P044_SEC_8_72_PAR002,,false,true,false
", the role of the",5,2,2,D08,45,D08_P045_SEC_8_74_PAR002,,false,true,false
can play a critical role,5,2,2,D08,45,D08_P045_SEC_8_75_PAR001,,false,true,false
towards viksit bharat @ 2047,5,2,2,D08,45,D08_P045_SEC_8_76_PAR001,,false,true,false
", department of economic affairs",5,2,2,D09,6,D09_BOX003,,false,true,false
in the early 2000 s,5,2,2,D09,8,D09_BOX005,,false,true,false
the early 2000 s .,5,2,2,D09,8,D09_BOX005,,false,true,false
. in the initial phase,5,2,2,D09,8,D09_BOX005,,false,true,false
"in the initial phase ,",5,2,2,D09,8,D09_BOX005,,false,true,false
inland water transport ( iwt,5,2,2,D09,11,D09_BOX007,,false,true,false
water transport ( iwt ),5,2,2,D09,11,D09_BOX007,,false,true,false
) has been identified for,5,2,2,D09,11,D09_BOX007,,false,true,false
pradhan mantri gram sadak yojana,5,2,2,D09,11,D09_BOX007,,false,true,false
mantri gram sadak yojana (,5,2,2,D09,11,D09_BOX007,,false,true,false
gram sadak yojana ( pmgsy,5,2,2,D09,11,D09_BOX007,,false,true,false
sadak yojana ( pmgsy ),5,2,2,D09,11,D09_BOX007,,false,true,false
", as of 31 december 2025 .",5,2,2,D09,11,D09_BOX007,,false,true,false
", marking a major step",5,2,2,D09,13,D09_BOX009,,false,true,false
marking a major step towards,5,2,2,D09,13,D09_BOX009,,false,true,false
"act , 2025 , aims",5,2,2,D09,15,D09_BOX011,,false,true,false
", 2025 , aims to",5,2,2,D09,15,D09_BOX011,,false,true,false
"shipping act , 2025 :",5,2,1,D09,17,D09_BOX013,,false,true,false
to enhance operational efficiency and,5,2,2,D09,17,D09_BOX013,,false,true,false
special purpose vehicle ( spv,5,2,2,D09,19,D09_BOX017,,false,true,false
purpose vehicle ( spv ),5,2,2,D09,19,D09_BOX017,,false,true,false
the government of india and,5,2,2,D09,19,D09_BOX017,,false,true,false
with a total project cost,5,2,2,D09,19,D09_BOX017,,false,true,false
harmonised master list ( hml,5,2,2,D09,21,D09_BOX019,,false,true,false
master list ( hml ),5,2,2,D09,21,D09_BOX019,,false,true,false
india energy stack ( ies,5,2,2,D09,24,D09_BOX023,energy,false,true,false
energy stack ( ies ),5,2,2,D09,24,D09_BOX023,energy,false,true,false
india 's energy transition is,5,2,2,D09,24,D09_BOX023,energy,false,true,false
this transition is not only,5,2,2,D09,24,D09_BOX023,,false,true,false
transition is not only about,5,2,2,D09,24,D09_BOX023,,false,true,false
collaboration . as part of,5,2,2,D09,30,D09_BOX027,,false,true,false
internet of things ( iot,5,2,2,D09,34,D09_BOX029,,false,true,false
of things ( iot ),5,2,2,D09,34,D09_BOX029,,false,true,false
housing and urban affairs (,5,2,2,D09,34,D09_BOX029,,false,true,false
and urban affairs ( mohua,5,2,2,D09,34,D09_BOX029,,false,true,false
urban affairs ( mohua ),5,2,2,D09,34,D09_BOX029,,false,true,false
the national mission for clean,5,2,2,D09,34,D09_BOX029,,false,true,false
national mission for clean ganga,5,2,2,D09,34,D09_BOX029,,false,true,false
mission for clean ganga (,5,2,2,D09,34,D09_BOX029,,false,true,false
for clean ganga ( nmcg,5,2,2,D09,34,D09_BOX029,,false,true,false
clean ganga ( nmcg ),5,2,2,D09,34,D09_BOX029,,false,true,false
in the global space economy,5,2,2,D09,36,D09_BOX031,,false,true,false
the global space economy .,5,2,2,D09,36,D09_BOX031,,false,true,false
"infrastructure ( dpi ) ,",5,2,2,D09,1,D09_P001_SEC_9_2_PAR001,,false,true,false
"investments across roads , railways",5,2,2,D09,1,D09_P001_UNKNOWN_PAR002,investments,false,true,false
"across roads , railways ,",5,2,2,D09,1,D09_P001_UNKNOWN_PAR002,,false,true,false
"roads , railways , ports",5,2,2,D09,1,D09_P001_UNKNOWN_PAR002,,false,true,false
", ports , power ,",5,2,2,D09,1,D09_P001_UNKNOWN_PAR002,,false,true,false
"planning through pm gatishakti ,",5,2,2,D09,1,D09_P001_UNKNOWN_PAR003,,false,true,false
long-term vision of viksit bharat,5,2,2,D09,1,D09_P001_UNKNOWN_PAR003,,false,true,false
vision of viksit bharat @,5,2,2,D09,1,D09_P001_UNKNOWN_PAR003,,false,true,false
of viksit bharat @ 2047,5,2,2,D09,1,D09_P001_UNKNOWN_PAR003,,false,true,false
government of india 's capital,5,2,2,D09,2,D09_P002_SEC_9_3_PAR001,capital,false,true,false
"the pm gatishakti framework ,",5,2,2,D09,3,D09_P003_SEC_9_6_PAR001,,false,true,false
"adoption of technology , and",5,2,2,D09,3,D09_P003_SEC_9_9_PAR001,,false,true,false
infrastructure investment trusts ( invits,5,2,2,D09,4,D09_P004_SEC_9_12_PAR001,investment,false,true,false
investment trusts ( invits ),5,2,2,D09,4,D09_P004_SEC_9_12_PAR001,investment,false,true,false
estate investment trusts ( reits,5,2,2,D09,4,D09_P004_SEC_9_12_PAR001,investment,false,true,false
investment trusts ( reits ),5,2,2,D09,4,D09_P004_SEC_9_12_PAR001,investment,false,true,false
small and medium real estate,5,2,2,D09,5,D09_P005_SEC_9_14_PAR001,,false,true,false
and medium real estate investment,5,2,2,D09,5,D09_P005_SEC_9_14_PAR001,investment,false,true,false
medium real estate investment trusts,5,2,2,D09,5,D09_P005_SEC_9_14_PAR001,investment,false,true,false
estate investment trusts ( sm,5,2,2,D09,5,D09_P005_SEC_9_14_PAR001,investment,false,true,false
", financial support , and",5,2,2,D09,5,D09_P005_SEC_9_16_PAR001,financial,false,true,false
( up to 04 december 2025 ),5,2,2,D09,7,D09_P007_SEC_9_17_PAR002,,false,true,false
india infrastructure project development fund,5,2,2,D09,7,D09_P007_SEC_9_17_PAR007,,false,true,false
infrastructure project development fund (,5,2,2,D09,7,D09_P007_SEC_9_17_PAR007,,false,true,false
project development fund ( iipdf,5,2,2,D09,7,D09_P007_SEC_9_17_PAR007,,false,true,false
development fund ( iipdf ),5,2,2,D09,7,D09_P007_SEC_9_17_PAR007,,false,true,false
", solid waste management ,",5,2,2,D09,7,D09_P007_SEC_9_17_PAR014,,false,true,false
"solid waste management , and",5,2,2,D09,7,D09_P007_SEC_9_17_PAR014,,false,true,false
"waste management , and water",5,2,2,D09,7,D09_P007_SEC_9_17_PAR014,,false,true,false
) has been developed to,5,2,2,D09,7,D09_P007_SEC_9_17_PAR016,,false,true,false
", standardised contracts , and",5,2,2,D09,8,D09_P008_SEC_9_17_PAR001,,false,true,false
"such as health , education",5,2,2,D09,8,D09_P008_SEC_9_17_PAR002,,false,true,false
the state 's capacity to,5,2,2,D09,8,D09_P008_SEC_9_17_PAR003,,false,true,false
alternative investment funds ( aifs,5,2,2,D09,9,D09_P009_SEC_9_17_PAR004,investment,false,true,false
investment funds ( aifs ),5,2,2,D09,9,D09_P009_SEC_9_17_PAR004,investment,false,true,false
"funds ( aifs ) ,",5,2,2,D09,9,D09_P009_SEC_9_17_PAR004,,false,true,false
public-private partnerships ( ppps ),5,2,2,D09,9,D09_P009_SEC_9_19_PAR001,,false,true,false
sector continues to be a,5,2,2,D09,9,D09_P009_SEC_9_20_PAR001,sector,false,true,false
the dharti abha-janjatiya gram utkarsh,5,2,2,D09,12,D09_P012_SEC_9_22_PAR001,,false,true,false
dharti abha-janjatiya gram utkarsh abhiyan,5,2,2,D09,12,D09_P012_SEC_9_22_PAR001,,false,true,false
abha-janjatiya gram utkarsh abhiyan (,5,2,2,D09,12,D09_P012_SEC_9_22_PAR001,,false,true,false
gram utkarsh abhiyan ( da-jgua,5,2,2,D09,12,D09_P012_SEC_9_22_PAR001,,false,true,false
utkarsh abhiyan ( da-jgua ),5,2,2,D09,12,D09_P012_SEC_9_22_PAR001,,false,true,false
abhiyan ( da-jgua ) scheme,5,2,2,D09,12,D09_P012_SEC_9_22_PAR001,,false,true,false
of road length ) and,5,2,2,D09,12,D09_P012_SEC_9_22_PAR001,,false,true,false
central for reducing logistics costs,5,2,2,D09,12,D09_P012_SEC_9_23_PAR001,,false,true,false
"for reducing logistics costs ,",5,2,2,D09,12,D09_P012_SEC_9_23_PAR001,,false,true,false
to play a pivotal role,5,2,2,D09,12,D09_P012_SEC_9_24_PAR001,,false,true,false
( in ₹ lakh crore,5,2,2,D09,13,D09_P013_SEC_9_24_PAR003,,false,true,false
in ₹ lakh crore ),5,2,2,D09,13,D09_P013_SEC_9_24_PAR003,,false,true,false
india has emerged as the,5,2,2,D09,14,D09_P014_SEC_9_28_PAR001,,false,true,false
market . the number of,5,2,2,D09,14,D09_P014_SEC_9_28_PAR001,market,false,true,false
substantial progress has been made,5,2,2,D09,16,D09_P016_SEC_9_30_PAR001,,false,true,false
and operational efficiency of distribution,5,2,2,D09,22,D09_P022_SEC_9_38_PAR001,,false,true,false
launched in 2021 with an,5,2,2,D09,22,D09_P022_SEC_9_38_PAR001,,false,true,false
in 2021 with an outlay,5,2,2,D09,22,D09_P022_SEC_9_38_PAR001,,false,true,false
2021 with an outlay of,5,2,2,D09,22,D09_P022_SEC_9_38_PAR001,,false,true,false
aggregate technical and commercial (,5,2,2,D09,23,D09_P023_SEC_9_40_PAR002,,false,true,false
technical and commercial ( at,5,2,2,D09,23,D09_P023_SEC_9_40_PAR002,,false,true,false
and commercial ( at &,5,2,2,D09,23,D09_P023_SEC_9_40_PAR002,,false,true,false
commercial ( at & c,5,2,2,D09,23,D09_P023_SEC_9_40_PAR002,,false,true,false
( at & c ),5,2,2,D09,23,D09_P023_SEC_9_40_PAR002,,false,true,false
at & c ) losses,5,2,2,D09,23,D09_P023_SEC_9_40_PAR002,losses,false,true,false
central electricity regulatory commission (,5,2,2,D09,24,D09_P024_SEC_9_40_PAR004,regulatory,false,true,false
electricity regulatory commission ( cerc,5,2,2,D09,24,D09_P024_SEC_9_40_PAR004,regulatory,false,true,false
regulatory commission ( cerc ),5,2,2,D09,24,D09_P024_SEC_9_40_PAR004,regulatory,false,true,false
from energy access to energy,5,2,1,D09,27,D09_P027_SEC_4_PAR004,energy,false,true,false
energy access to energy agency,5,2,1,D09,27,D09_P027_SEC_4_PAR004,energy,false,true,false
of battery energy storage systems,5,2,2,D09,28,D09_P028_SEC_9_43_PAR001,energy,false,true,false
( bess ) and pumped,5,2,2,D09,28,D09_P028_SEC_9_43_PAR001,,false,true,false
bess ) and pumped storage,5,2,2,D09,28,D09_P028_SEC_9_43_PAR001,,false,true,false
the expansion of data centre,5,2,2,D09,32,D09_P032_SEC_9_48_PAR001,,false,true,false
under the jal jeevan mission,5,2,2,D09,32,D09_P032_SEC_9_50_PAR001,,false,true,false
". in addition , it",5,2,2,D09,33,D09_P033_SEC_9_50_PAR002,,false,true,false
and the overall quality of,5,2,2,D09,33,D09_P033_SEC_9_50_PAR002,,false,true,false
sewage treatment plants ( stps,5,2,2,D09,34,D09_P034_SEC_9_52_PAR001,,false,true,false
treatment plants ( stps ),5,2,2,D09,34,D09_P034_SEC_9_52_PAR001,,false,true,false
", water supply , and",5,2,2,D09,35,D09_P035_SEC_9_55_PAR001,supply,false,true,false
and the development of the,5,2,2,D09,37,D09_P037_SEC_9_59_PAR001,,false,true,false
. these initiatives aim to,5,2,2,D09,37,D09_P037_SEC_9_59_PAR001,,false,true,false
these initiatives aim to enhance,5,2,2,D09,37,D09_P037_SEC_9_59_PAR001,,false,true,false
as a powerful catalyst for,5,2,2,D09,37,D09_P037_SEC_9_60_PAR001,,false,true,false
as a central pillar of,5,2,2,D09,38,D09_P038_SEC_9_62_PAR001,,false,true,false
"the world bank , is",5,2,2,D10,9,D10_BOX001,bank,false,true,false
transforming india ( shanti ),5,2,2,D10,16,D10_BOX003,,false,true,false
india ( shanti ) act,5,2,2,D10,16,D10_BOX003,,false,true,false
: https : //tinyurl .,5,2,2,D10,18,D10_BOX005,,false,true,false
kerala state electricity regulatory commission,5,2,1,D10,18,D10_BOX005,regulatory,false,true,false
from : https : //tinyurl.com/,5,2,2,D10,18,D10_BOX005,,false,true,false
"despite sustained global efforts ,",5,2,2,D10,32,D10_BOX015,,false,true,false
"of global capital , but",5,2,2,D10,32,D10_BOX015,capital,false,true,false
", and andhra pradesh have",5,2,2,D10,38,D10_BOX019,,false,true,false
industrial estates/parks and individual industries,5,2,2,D10,38,D10_BOX019,industries,false,true,false
". retrieved december 28 ,",5,2,2,D10,38,D10_BOX019,,false,true,false
"retrieved december 28 , 2025",5,2,2,D10,38,D10_BOX019,,false,true,false
"december 28 , 2025 ,",5,2,2,D10,38,D10_BOX019,,false,true,false
"28 , 2025 , from",5,2,2,D10,38,D10_BOX019,,false,true,false
", from https : //",5,2,2,D10,38,D10_BOX019,,false,true,false
in consumption and production patterns,5,2,2,D10,1,D10_P001_UNKNOWN_PAR002,consumption,false,true,false
in india 's approach to,5,2,2,D10,1,D10_P001_UNKNOWN_PAR002,,false,true,false
state action plans on climate,5,2,2,D10,1,D10_P001_UNKNOWN_PAR003,,false,true,false
action plans on climate change,5,2,2,D10,1,D10_P001_UNKNOWN_PAR003,,false,true,false
", battery storage , and",5,2,2,D10,1,D10_P001_UNKNOWN_PAR004,,false,true,false
and industrial competitiveness . however,5,2,2,D10,1,D10_P001_UNKNOWN_PAR004,,false,true,false
"industrial competitiveness . however ,",5,2,2,D10,1,D10_P001_UNKNOWN_PAR004,,false,true,false
", underscoring the need to",5,2,2,D10,1,D10_P001_UNKNOWN_PAR004,,false,true,false
the evolution of environmental regulations,5,2,2,D10,1,D10_P001_UNKNOWN_PAR004,,false,true,false
evolution of environmental regulations and,5,2,2,D10,1,D10_P001_UNKNOWN_PAR004,,false,true,false
". in the netherlands ,",5,2,2,D10,2,D10_P002_SEC_10_2_PAR001,,false,true,false
and storage technologies . the,5,2,2,D10,2,D10_P002_SEC_10_2_PAR001,,false,true,false
is that intermittency-related costs -,5,2,2,D10,2,D10_P002_SEC_10_2_PAR001,,false,true,false
that intermittency-related costs - from,5,2,2,D10,2,D10_P002_SEC_10_2_PAR001,,false,true,false
intermittency-related costs - from maintaining,5,2,2,D10,2,D10_P002_SEC_10_2_PAR001,,false,true,false
costs - from maintaining thermal,5,2,2,D10,2,D10_P002_SEC_10_2_PAR001,,false,true,false
- from maintaining thermal reserves,5,2,2,D10,2,D10_P002_SEC_10_2_PAR001,,false,true,false
from maintaining thermal reserves to,5,2,2,D10,2,D10_P002_SEC_10_2_PAR001,,false,true,false
maintaining thermal reserves to the,5,2,2,D10,2,D10_P002_SEC_10_2_PAR001,,false,true,false
thermal reserves to the capital,5,2,2,D10,2,D10_P002_SEC_10_2_PAR001,capital,false,true,false
reserves to the capital burden,5,2,2,D10,2,D10_P002_SEC_10_2_PAR001,capital,false,true,false
to the capital burden of,5,2,2,D10,2,D10_P002_SEC_10_2_PAR001,capital,false,true,false
the capital burden of grid,5,2,2,D10,2,D10_P002_SEC_10_2_PAR001,capital,false,true,false
only a small proportion of,5,2,2,D10,3,D10_P003_SEC_10_8_PAR001,,false,true,false
"impacts of climate change ,",5,2,2,D10,5,D10_P005_SEC_10_14_PAR001,,false,true,false
", india has made significant",5,2,2,D10,6,D10_P006_SEC_10_16_PAR001,,false,true,false
. sovereign green bonds have,5,2,2,D10,6,D10_P006_SEC_10_16_PAR001,bonds,false,true,false
by the government of india,5,2,2,D10,6,D10_P006_SEC_10_19_PAR001,,false,true,false
the political economy of the,5,2,2,D10,6,D10_P006_SEC_10_19_PAR001,,false,true,false
resources for climate action .,5,2,2,D10,7,D10_P007_SEC_10_19_PAR002,,false,true,false
"energy efficiency , sustainable habitats",5,2,2,D10,8,D10_P008_SEC_10_22_PAR001,energy,false,true,false
"efficiency , sustainable habitats ,",5,2,2,D10,8,D10_P008_SEC_10_22_PAR001,,false,true,false
", sustainable habitats , water",5,2,2,D10,8,D10_P008_SEC_10_22_PAR001,,false,true,false
the national mission on sustainable,5,2,1,D10,8,D10_P008_SEC_10_23_PAR001,,false,true,false
. in the area of,5,2,2,D10,8,D10_P008_SEC_10_23_PAR001,,false,true,false
and union territories . the,5,2,2,D10,8,D10_P008_SEC_10_23_PAR001,,false,true,false
such as the swachh bharat,5,2,2,D10,8,D10_P008_SEC_10_23_PAR001,,false,true,false
as the swachh bharat mission,5,2,2,D10,8,D10_P008_SEC_10_23_PAR001,,false,true,false
a critical role in enhancing,5,2,2,D10,9,D10_P009_SEC_10_25_PAR001,,false,true,false
", aims to strengthen the",5,2,2,D10,9,D10_P009_SEC_10_25_PAR001,,false,true,false
". to address this ,",5,2,2,D10,10,D10_P010_SEC_10_28_PAR001,,false,true,false
") , a total of",5,2,2,D10,14,D10_P014_SEC_10_38_PAR001,,false,true,false
", the usa , and",5,2,2,D10,14,D10_P014_SEC_10_39_PAR001,,false,true,false
the progress in expanding non-fossil,5,2,2,D10,15,D10_P015_SEC_10_40_PAR001,,false,true,false
new and renewable energy .,5,2,2,D10,15,D10_P015_SEC_10_40_PAR002,energy,false,true,false
"the atomic energy act ,",5,2,1,D10,16,D10_P016_SEC_10_40_PAR003,energy,false,true,false
"atomic energy act , 1962",5,2,1,D10,16,D10_P016_SEC_10_40_PAR003,energy,false,true,false
government of india . retrieved,5,2,2,D10,16,D10_P016_SEC_10_41_PAR002,,false,true,false
", ministry of finance ,",5,2,2,D10,16,D10_P016_SEC_10_41_PAR003,finance,false,true,false
. https : // tinyurl.com/,5,2,2,D10,16,D10_P016_SEC_10_41_PAR003,,false,true,false
", the challenge is not",5,2,2,D10,17,D10_P017_SEC_10_41_PAR002,,false,true,false
"energy security , industrial competitiveness",5,2,2,D10,19,D10_P019_SEC_10_46_PAR001,energy,false,true,false
"security , industrial competitiveness ,",5,2,2,D10,19,D10_P019_SEC_10_46_PAR001,,false,true,false
", industrial competitiveness , and",5,2,2,D10,19,D10_P019_SEC_10_46_PAR001,,false,true,false
the yearly electricity consumption of,5,2,1,D10,19,D10_P019_SEC_10_46_PAR002,consumption,false,true,false
the proliferation of ai data,5,2,2,D10,20,D10_P020_SEC_10_46_PAR001,,false,true,false
proliferation of ai data centres,5,2,2,D10,20,D10_P020_SEC_10_46_PAR001,,false,true,false
and governance ( esg ),5,2,2,D10,20,D10_P020_SEC_10_47_PAR001,,false,true,false
"second , there is a",5,2,2,D10,20,D10_P020_SEC_10_49_PAR001,,false,true,false
national critical mineral mission (,5,2,2,D10,21,D10_P021_SEC_10_52_PAR001,,false,true,false
critical mineral mission ( ncmm,5,2,2,D10,21,D10_P021_SEC_10_52_PAR001,,false,true,false
mineral mission ( ncmm ),5,2,2,D10,21,D10_P021_SEC_10_52_PAR001,,false,true,false
of critical minerals and strengthen,5,2,2,D10,21,D10_P021_SEC_10_52_PAR001,,false,true,false
", the union cabinet has",5,2,2,D10,22,D10_P022_SEC_10_55_PAR001,,false,true,false
the union cabinet has approved,5,2,2,D10,22,D10_P022_SEC_10_55_PAR001,,false,true,false
with a financial outlay of,5,2,2,D10,22,D10_P022_SEC_10_55_PAR001,financial,false,true,false
"perform , achieve and trade",5,2,2,D10,22,D10_P022_SEC_10_57_PAR001,trade,false,true,false
", achieve and trade (",5,2,2,D10,22,D10_P022_SEC_10_57_PAR001,trade,false,true,false
achieve and trade ( pat,5,2,2,D10,22,D10_P022_SEC_10_57_PAR001,trade,false,true,false
and trade ( pat ),5,2,2,D10,22,D10_P022_SEC_10_57_PAR001,trade,false,true,false
trade ( pat ) scheme,5,2,2,D10,22,D10_P022_SEC_10_57_PAR001,trade,false,true,false
". in 2025 , the",5,2,2,D10,22,D10_P022_SEC_10_57_PAR001,,false,true,false
entities to use offsets up,5,2,2,D10,24,D10_P024_SEC_10_58_PAR002,,false,true,false
to use offsets up to,5,2,2,D10,24,D10_P024_SEC_10_58_PAR002,,false,true,false
of their verified emissions .,5,2,2,D10,24,D10_P024_SEC_10_58_PAR002,,false,true,false
"power , steel , cement",5,2,2,D10,24,D10_P024_SEC_10_58_PAR003,,false,true,false
", steel , cement ,",5,2,2,D10,24,D10_P024_SEC_10_58_PAR003,,false,true,false
in the context of the,5,2,2,D10,24,D10_P024_SEC_10_58_PAR004,,false,true,false
in the international financial architecture,5,2,2,D10,26,D10_P026_SEC_10_65_PAR001,financial,false,true,false
"for micro , small ,",5,2,2,D10,26,D10_P026_SEC_10_66_PAR001,,false,true,false
"enterprises ( msmes ) ,",5,2,2,D10,26,D10_P026_SEC_10_66_PAR001,,false,true,false
provides an overview of the,5,2,2,D10,27,D10_P027_SEC_10_68_PAR001,,false,true,false
in line with sebi 's,5,2,2,D10,29,D10_P029_SEC_10_72_PAR002,,false,true,false
global response to climate change,5,2,2,D10,31,D10_P031_SEC_10_75_PAR001,,false,true,false
"under the paris agreement ,",5,2,2,D10,31,D10_P031_SEC_10_75_PAR001,,false,true,false
are shaped by factors such,5,2,2,D10,32,D10_P032_SEC_10_76_PAR001,,false,true,false
", risk perceptions , and",5,2,2,D10,32,D10_P032_SEC_10_76_PAR001,,false,true,false
"across mdb mandates , global",5,2,2,D10,32,D10_P032_SEC_10_76_PAR004,,false,true,false
"mdb mandates , global regulations",5,2,2,D10,32,D10_P032_SEC_10_76_PAR004,,false,true,false
"mandates , global regulations ,",5,2,2,D10,32,D10_P032_SEC_10_76_PAR004,,false,true,false
", and domestic financial systems",5,2,2,D10,32,D10_P032_SEC_10_76_PAR004,financial,false,true,false
align climate action with development,5,2,2,D10,32,D10_P032_SEC_10_76_PAR004,,false,true,false
structural weaknesses in the international,5,2,2,D10,33,D10_P033_SEC_10_77_PAR001,,false,true,false
weaknesses in the international financial,5,2,2,D10,33,D10_P033_SEC_10_77_PAR001,financial,false,true,false
of the water ( prevention,5,2,2,D10,34,D10_P034_SEC_10_82_PAR001,,false,true,false
"pollution ) act , 1974",5,2,2,D10,34,D10_P034_SEC_10_82_PAR001,,false,true,false
pollution control boards ( spcbs,5,2,2,D10,34,D10_P034_SEC_10_82_PAR001,,false,true,false
control boards ( spcbs ),5,2,2,D10,34,D10_P034_SEC_10_82_PAR001,,false,true,false
the environment ( protection ),5,2,2,D10,34,D10_P034_SEC_10_83_PAR001,,false,true,false
environment ( protection ) act,5,2,2,D10,34,D10_P034_SEC_10_83_PAR001,,false,true,false
"( protection ) act ,",5,2,2,D10,34,D10_P034_SEC_10_83_PAR001,,false,true,false
"protection ) act , 1986",5,2,2,D10,34,D10_P034_SEC_10_83_PAR001,,false,true,false
environmental regulation in india .,5,2,1,D10,35,D10_P035_SEC_10_83_PAR002,regulation,false,true,false
", public consultation , and",5,2,2,D10,35,D10_P035_SEC_10_83_PAR002,,false,true,false
the establishment of the national,5,2,2,D10,35,D10_P035_SEC_10_83_PAR002,,false,true,false
. at the national level,5,2,2,D10,35,D10_P035_SEC_10_84_PAR001,,false,true,false
", the first of its",5,2,2,D10,35,D10_P035_SEC_10_84_PAR001,,false,true,false
the first of its kind,5,2,2,D10,35,D10_P035_SEC_10_84_PAR001,,false,true,false
( 1 ) of the,5,2,2,D10,38,D10_P038_SEC_10_94_PAR001,,false,true,false
", and community institutions .",5,2,2,D10,40,D10_P040_SEC_10_98_PAR001,,false,true,false
. in the context of,5,2,2,D10,40,D10_P040_SEC_10_99_PAR003,,false,true,false
", administrative capacity , and",5,2,2,D10,41,D10_P041_SEC_10_99_PAR003,,false,true,false
to improve the quality of,5,2,2,D11,9,D11_BOX003,,false,true,false
. these findings are complemented,5,2,2,D11,12,D11_BOX005,,false,true,false
these findings are complemented by,5,2,2,D11,12,D11_BOX005,,false,true,false
. there is a growing,5,2,2,D11,30,D11_BOX013,,false,true,false
". for example , in",5,2,2,D11,35,D11_BOX015,,false,true,false
et al ( 2022 ),5,2,2,D11,41,D11_BOX019,,false,true,false
"over the years , the",5,2,2,D11,1,D11_P001_SEC_11_1_PAR001,,false,true,false
"preventive and curative care ,",5,2,2,D11,1,D11_P001_SEC_11_1_PAR001,,false,true,false
"and curative care , nutrition",5,2,2,D11,1,D11_P001_SEC_11_1_PAR001,,false,true,false
"curative care , nutrition ,",5,2,2,D11,1,D11_P001_SEC_11_1_PAR001,,false,true,false
"care , nutrition , and",5,2,2,D11,1,D11_P001_SEC_11_1_PAR001,,false,true,false
", nutrition , and health",5,2,2,D11,1,D11_P001_SEC_11_1_PAR001,,false,true,false
"nutrition , and health insurance",5,2,2,D11,1,D11_P001_SEC_11_1_PAR001,,false,true,false
", and health insurance .",5,2,2,D11,1,D11_P001_SEC_11_1_PAR001,,false,true,false
social and economic mobility for,5,2,2,D11,1,D11_P001_UNKNOWN_PAR002,,false,true,false
", such as obesity ,",5,2,2,D11,1,D11_P001_UNKNOWN_PAR003,,false,true,false
the national education policy 2020,5,2,2,D11,2,D11_P002_SEC_11_2_PAR001,policy,false,true,false
", promoting equity , and",5,2,2,D11,2,D11_P002_SEC_11_2_PAR001,equity,false,true,false
in the education system .,5,2,2,D11,3,D11_P003_SEC_11_8_PAR001,,false,true,false
"v ) , 90.3 at",5,2,2,D11,4,D11_P004_SEC_11_10_PAR001,,false,true,false
") , 90.3 at the",5,2,2,D11,4,D11_P004_SEC_11_10_PAR001,,false,true,false
at the secondary stage (,5,2,2,D11,4,D11_P004_SEC_11_10_PAR001,,false,true,false
the secondary stage ( grade,5,2,2,D11,4,D11_P004_SEC_11_10_PAR001,,false,true,false
secondary stage ( grade ix,5,2,2,D11,4,D11_P004_SEC_11_10_PAR001,,false,true,false
adivasi nyaya maha abhiyan (,5,2,2,D11,5,D11_P005_SEC_11_10_PAR001,,false,true,false
nyaya maha abhiyan ( pm-janman,5,2,2,D11,5,D11_P005_SEC_11_10_PAR001,,false,true,false
maha abhiyan ( pm-janman ),5,2,2,D11,5,D11_P005_SEC_11_10_PAR001,,false,true,false
vulnerable tribal groups ( pvtgs,5,2,2,D11,5,D11_P005_SEC_11_10_PAR003,,false,true,false
tribal groups ( pvtgs ),5,2,2,D11,5,D11_P005_SEC_11_10_PAR003,,false,true,false
", life skills , and",5,2,2,D11,5,D11_P005_SEC_11_10_PAR006,,false,true,false
participation in learning activities among,5,2,1,D11,5,D11_P005_SEC_11_11_PAR001,,false,true,false
"and himachal pradesh , have",5,2,2,D11,5,D11_P005_SEC_3_1_PAR002,,false,true,false
", highlighting the need to",5,2,2,D11,6,D11_P006_SEC_11_12_PAR001,,false,true,false
council of educational research and,5,2,2,D11,7,D11_P007_SEC_11_14_PAR001,,false,true,false
of educational research and training,5,2,2,D11,7,D11_P007_SEC_11_14_PAR001,,false,true,false
educational accountability or social accountability,5,2,1,D11,7,D11_P007_SEC_11_14_PAR003,,false,true,false
accountability or social accountability in,5,2,1,D11,7,D11_P007_SEC_11_14_PAR003,,false,true,false
or social accountability in education,5,2,1,D11,7,D11_P007_SEC_11_14_PAR003,,false,true,false
social accountability in education ?,5,2,1,D11,7,D11_P007_SEC_11_14_PAR003,,false,true,false
accountability in education ? similarities,5,2,1,D11,7,D11_P007_SEC_11_14_PAR003,,false,true,false
"in education ? similarities ,",5,2,1,D11,7,D11_P007_SEC_11_14_PAR003,,false,true,false
"education ? similarities , tensions",5,2,1,D11,7,D11_P007_SEC_11_14_PAR003,,false,true,false
"? similarities , tensions ,",5,2,1,D11,7,D11_P007_SEC_11_14_PAR003,,false,true,false
"similarities , tensions , and",5,2,1,D11,7,D11_P007_SEC_11_14_PAR003,,false,true,false
", tensions , and differences",5,2,1,D11,7,D11_P007_SEC_11_14_PAR003,,false,true,false
. the economic survey 2024-25,5,2,2,D11,11,D11_P011_SEC_11_18_PAR001,,false,true,false
. this presents an opportunity,5,2,2,D11,13,D11_P013_SEC_11_18_PAR002,,false,true,false
the skills needed to navigate,5,2,2,D11,13,D11_P013_SEC_11_18_PAR003,,false,true,false
india 's demographic dividend .,5,2,2,D11,14,D11_P014_SEC_11_21_PAR001,,false,true,false
"electronics , beauty and wellness",5,2,2,D11,15,D11_P015_SEC_11_21_PAR001,,false,true,false
", beauty and wellness ,",5,2,2,D11,15,D11_P015_SEC_11_21_PAR001,,false,true,false
in chapter 12 of the,5,2,2,D11,15,D11_P015_SEC_11_21_PAR002,,false,true,false
chapter 12 of the economic,5,2,2,D11,15,D11_P015_SEC_11_21_PAR002,,false,true,false
12 of the economic survey,5,2,2,D11,15,D11_P015_SEC_11_21_PAR002,,false,true,false
of the economic survey provides,5,2,2,D11,15,D11_P015_SEC_11_21_PAR002,,false,true,false
the economic survey provides a,5,2,2,D11,15,D11_P015_SEC_11_21_PAR002,,false,true,false
education at the school level,5,2,2,D11,15,D11_P015_SEC_11_21_PAR002,,false,true,false
education institutions ( heis ),5,2,2,D11,15,D11_P015_SEC_11_22_PAR001,,false,true,false
. the national credit framework,5,2,2,D11,16,D11_P016_SEC_11_24_PAR001,credit,false,true,false
the national credit framework (,5,2,2,D11,16,D11_P016_SEC_11_24_PAR001,credit,false,true,false
national credit framework ( ncrf,5,2,2,D11,16,D11_P016_SEC_11_24_PAR001,credit,false,true,false
credit framework ( ncrf ),5,2,2,D11,16,D11_P016_SEC_11_24_PAR001,credit,false,true,false
with the establishment of the,5,2,2,D11,17,D11_P017_SEC_11_24_PAR001,,false,true,false
the viksit bharat shiksha adhishthan,5,2,2,D11,17,D11_P017_SEC_11_26_PAR001,,false,true,false
viksit bharat shiksha adhishthan bill,5,2,2,D11,17,D11_P017_SEC_11_26_PAR001,,false,true,false
"bharat shiksha adhishthan bill ,",5,2,2,D11,17,D11_P017_SEC_11_26_PAR001,,false,true,false
and ( iii ) a,5,2,2,D11,17,D11_P017_SEC_11_26_PAR001,,false,true,false
"the ministry of education ,",5,2,2,D11,17,D11_P017_SEC_11_26_PAR001,,false,true,false
"science , technology , engineering",5,2,2,D11,18,D11_P018_SEC_11_30_PAR001,,false,true,false
", technology , engineering ,",5,2,2,D11,18,D11_P018_SEC_11_30_PAR001,,false,true,false
"technology , engineering , and",5,2,2,D11,18,D11_P018_SEC_11_30_PAR001,,false,true,false
", engineering , and mathematics",5,2,2,D11,18,D11_P018_SEC_11_30_PAR001,,false,true,false
to bridge the gap between,5,2,2,D11,20,D11_P020_SEC_11_30_PAR001,,false,true,false
"the 2025-26 academic year ,",5,2,2,D11,20,D11_P020_SEC_11_30_PAR001,,false,true,false
", gujarat , and andhra",5,2,2,D11,22,D11_P022_SEC_11_34_PAR002,,false,true,false
"gujarat , and andhra pradesh",5,2,2,D11,22,D11_P022_SEC_11_34_PAR002,,false,true,false
india 's ability to convert,5,2,2,D11,23,D11_P023_SEC_11_34_PAR001,,false,true,false
"recognition of prior learning ,",5,2,2,D11,23,D11_P023_SEC_11_34_PAR004,,false,true,false
the ministry of external affairs,5,2,2,D11,23,D11_P023_SEC_11_34_PAR005,,false,true,false
. india has made significant,5,2,2,D11,24,D11_P024_SEC_11_35_PAR001,,false,true,false
", policy must focus on",5,2,2,D11,25,D11_P025_SEC_11_37_PAR001,policy,false,true,false
the progress of various health,5,2,2,D11,26,D11_P026_SEC_11_39_PAR001,,false,true,false
/lakh ( 2015 ) to,5,2,2,D11,27,D11_P027_UNKNOWN_PAR002,,false,true,false
to be a key driver,5,2,2,D11,31,D11_P031_SEC_11_47_PAR004,,false,true,false
be a key driver of,5,2,2,D11,31,D11_P031_SEC_11_47_PAR004,,false,true,false
guidelines for prevention of misleading,5,2,2,D11,31,D11_P031_SEC_11_47_PAR005,,false,true,false
for prevention of misleading advertisements,5,2,2,D11,31,D11_P031_SEC_11_47_PAR005,,false,true,false
the food safety and standards,5,2,2,D11,31,D11_P031_SEC_11_47_PAR005,,false,true,false
national programme for prevention and,5,2,2,D11,33,D11_P033_SEC_11_48_PAR001,,false,true,false
programme for prevention and control,5,2,2,D11,33,D11_P033_SEC_11_48_PAR001,,false,true,false
for prevention and control of,5,2,2,D11,33,D11_P033_SEC_11_48_PAR001,,false,true,false
"adolescent girls , pregnant and",5,2,2,D11,33,D11_P033_SEC_11_49_PAR001,,false,true,false
"girls , pregnant and lactating",5,2,2,D11,33,D11_P033_SEC_11_49_PAR001,,false,true,false
is one of the largest,5,2,2,D11,34,D11_P034_SEC_11_51_PAR001,,false,true,false
saksham anganwadi and poshan 2.0,5,2,2,D11,34,D11_P034_SEC_11_51_PAR001,,false,true,false
the prevention and management of,5,2,2,D11,35,D11_P035_SEC_11_52_PAR001,,false,true,false
the bottom 20 per cent of households,5,2,2,D11,36,D11_P036_SEC_11_52_PAR001,,false,true,false
change communication ( sbcc ),5,2,2,D11,38,D11_P038_SEC_11_56_PAR001,,false,true,false
communication ( sbcc ) strategies,5,2,2,D11,38,D11_P038_SEC_11_56_PAR001,,false,true,false
the diversion of funds by,5,2,2,D11,38,D11_P038_SEC_11_57_PAR002,,false,true,false
"among the target audience ,",5,2,2,D11,39,D11_P039_SEC_11_57_PAR002,,false,true,false
asha ( accredited social health,5,2,2,D11,39,D11_P039_SEC_11_57_PAR002,,false,true,false
( accredited social health activist,5,2,2,D11,39,D11_P039_SEC_11_57_PAR002,,false,true,false
accredited social health activist ),5,2,2,D11,39,D11_P039_SEC_11_57_PAR002,,false,true,false
is no longer the binding,5,2,2,D11,40,D11_P040_SEC_11_61_PAR001,,false,true,false
no longer the binding constraint,5,2,2,D11,40,D11_P040_SEC_11_61_PAR001,,false,true,false
most studies of this nature,5,2,2,D11,42,D11_P042_SEC_11_65_PAR009,,false,true,false
studies of this nature typically,5,2,2,D11,42,D11_P042_SEC_11_65_PAR009,,false,true,false
of this nature typically include,5,2,2,D11,42,D11_P042_SEC_11_65_PAR009,,false,true,false
this nature typically include interviews,5,2,2,D11,42,D11_P042_SEC_11_65_PAR009,,false,true,false
nature typically include interviews and,5,2,2,D11,42,D11_P042_SEC_11_65_PAR009,,false,true,false
typically include interviews and interactions,5,2,2,D11,42,D11_P042_SEC_11_65_PAR009,,false,true,false
include interviews and interactions with,5,2,2,D11,42,D11_P042_SEC_11_65_PAR009,,false,true,false
interviews and interactions with a,5,2,2,D11,42,D11_P042_SEC_11_65_PAR009,,false,true,false
and interactions with a representative,5,2,2,D11,42,D11_P042_SEC_11_65_PAR009,,false,true,false
interactions with a representative sample,5,2,2,D11,42,D11_P042_SEC_11_65_PAR009,,false,true,false
such studies by their very,5,2,2,D11,42,D11_P042_SEC_11_65_PAR009,,false,true,false
studies by their very nature,5,2,2,D11,42,D11_P042_SEC_11_65_PAR009,,false,true,false
by their very nature are,5,2,2,D11,42,D11_P042_SEC_11_65_PAR009,,false,true,false
their very nature are smaller,5,2,2,D11,42,D11_P042_SEC_11_65_PAR009,,false,true,false
very nature are smaller in,5,2,2,D11,42,D11_P042_SEC_11_65_PAR009,,false,true,false
nature are smaller in scale,5,2,2,D11,42,D11_P042_SEC_11_65_PAR009,,false,true,false
are smaller in scale .,5,2,2,D11,42,D11_P042_SEC_11_65_PAR009,,false,true,false
a given facebook user in,5,2,1,D11,43,D11_P043_SEC_11_65_PAR003,,false,true,false
given facebook user in location,5,2,1,D11,43,D11_P043_SEC_11_65_PAR003,,false,true,false
india 's challenge is to,5,2,2,D11,45,D11_P045_SEC_11_65_PAR001,,false,true,false
the world health organisation (,5,2,2,D11,45,D11_P045_SEC_11_66_PAR001,,false,true,false
world health organisation ( who,5,2,2,D11,45,D11_P045_SEC_11_66_PAR001,,false,true,false
health organisation ( who ),5,2,2,D11,45,D11_P045_SEC_11_66_PAR001,,false,true,false
"act , 2025 , represents",5,2,2,D11,46,D11_P046_SEC_11_70_PAR001,,false,true,false
", 2025 , represents a",5,2,2,D11,46,D11_P046_SEC_11_70_PAR001,,false,true,false
. expanding the scope of,5,2,2,D11,48,D11_P048_SEC_11_77_PAR001,,false,true,false
"mobile apps , ai chatbots",5,2,2,D11,48,D11_P048_SEC_11_79_PAR001,,false,true,false
", asha kirana 's m-cat",5,2,2,D11,48,D11_P048_SEC_11_79_PAR001,,false,true,false
"health , nutrition , and",5,2,2,D11,48,D11_P048_SEC_11_80_PAR001,,false,true,false
of 3 -18 aged population,5,2,1,D11,3,D11_T001,,false,true,false
"3 -18 aged population ,",5,2,1,D11,3,D11_T001,,false,true,false
"access , quality , and",5,2,2,D11,4,D11_T002,,false,true,false
under the government of india,5,2,2,D11,4,D11_T002,,false,true,false
in paid and unpaid activities,5,2,2,D12,5,D12_BOX001,,false,true,false
paid and unpaid activities .,5,2,2,D12,5,D12_BOX001,,false,true,false
"the republic of korea ,",5,2,2,D12,5,D12_BOX001,,false,true,false
underscoring the need for a,5,2,2,D12,8,D12_BOX003,,false,true,false
to financing skill development .,5,2,2,D12,41,D12_BOX019,,false,true,false
", as seen in germany",5,2,2,D12,41,D12_BOX019,,false,true,false
as seen in germany 's,5,2,2,D12,41,D12_BOX019,,false,true,false
gig and platform work .,5,2,2,D12,1,D12_P001_SEC_12_1_PAR001,,false,true,false
"improving labour force participation ,",5,2,2,D12,1,D12_P001_UNKNOWN_PAR002,,false,true,false
job creation in both the,5,2,2,D12,1,D12_P001_UNKNOWN_PAR002,,false,true,false
creation in both the organised,5,2,2,D12,1,D12_P001_UNKNOWN_PAR002,,false,true,false
in both the organised and,5,2,2,D12,1,D12_P001_UNKNOWN_PAR002,,false,true,false
both the organised and unorganised,5,2,2,D12,1,D12_P001_UNKNOWN_PAR002,,false,true,false
the organised and unorganised sectors,5,2,2,D12,1,D12_P001_UNKNOWN_PAR002,sectors,false,true,false
organised and unorganised sectors .,5,2,2,D12,1,D12_P001_UNKNOWN_PAR002,sectors,false,true,false
for strengthening the skill ecosystem,5,2,2,D12,1,D12_P001_UNKNOWN_PAR003,,false,true,false
strengthening the skill ecosystem and,5,2,2,D12,1,D12_P001_UNKNOWN_PAR003,,false,true,false
in detail in chapter 11,5,2,2,D12,2,D12_P002_SEC_12_3_PAR001,,false,true,false
detail in chapter 11 of,5,2,2,D12,2,D12_P002_SEC_12_3_PAR001,,false,true,false
the economic survey 2024-25 highlighted,5,2,2,D12,2,D12_P002_SEC_12_4_PAR001,,false,true,false
economic survey 2024-25 highlighted the,5,2,2,D12,2,D12_P002_SEC_12_4_PAR001,,false,true,false
in the labour market to,5,2,1,D12,2,D12_P002_SEC_12_4_PAR001,market,false,true,false
. an analysis of the,5,2,2,D12,2,D12_P002_SEC_12_5_PAR001,,false,true,false
. the second section examines,5,2,2,D12,3,D12_P003_SEC_12_5_PAR002,,false,true,false
. over the past year,5,2,2,D12,3,D12_P003_SEC_12_6_PAR001,,false,true,false
"chapter 16 , part ii",5,2,2,D12,3,D12_P003_SEC_12_6_PAR001,,false,true,false
"16 , part ii of",5,2,2,D12,3,D12_P003_SEC_12_6_PAR001,,false,true,false
", part ii of this",5,2,2,D12,3,D12_P003_SEC_12_6_PAR001,,false,true,false
labour force participation rate (,5,2,2,D12,3,D12_P003_SEC_12_8_PAR001,rate,false,true,false
", especially in rural areas",5,2,2,D12,5,D12_P005_SEC_12_11_PAR001,,false,true,false
"especially in rural areas ,",5,2,2,D12,5,D12_P005_SEC_12_11_PAR001,,false,true,false
the key findings of the,5,2,2,D12,6,D12_P006_SEC_12_11_PAR001,,false,true,false
females aged 15 -59 years,5,2,2,D12,6,D12_P006_SEC_12_11_PAR002,,false,true,false
persons aged 6 years and,5,2,2,D12,6,D12_P006_SEC_12_11_PAR004,,false,true,false
minutes a day on unpaid,5,2,1,D12,6,D12_P006_SEC_12_11_PAR004,,false,true,false
a day on unpaid activities,5,2,1,D12,6,D12_P006_SEC_12_11_PAR004,,false,true,false
than that of men .,5,2,1,D12,6,D12_P006_SEC_12_11_PAR005,,false,true,false
. information on time use,5,2,1,D12,6,D12_P006_SEC_12_11_PAR006,,false,true,false
information on time use was,5,2,1,D12,6,D12_P006_SEC_12_11_PAR006,,false,true,false
on time use was collected,5,2,1,D12,6,D12_P006_SEC_12_11_PAR006,,false,true,false
's participation in the workforce,5,2,2,D12,7,D12_P007_SEC_12_11_PAR002,,false,true,false
participation in the economy .,5,2,2,D12,7,D12_P007_SEC_12_11_PAR003,,false,true,false
survey provides a detailed examination,5,2,2,D12,7,D12_P007_SEC_12_11_PAR003,,false,true,false
provides a detailed examination of,5,2,2,D12,7,D12_P007_SEC_12_11_PAR003,,false,true,false
a detailed examination of the,5,2,2,D12,7,D12_P007_SEC_12_11_PAR003,,false,true,false
at the core of the,5,2,2,D12,7,D12_P007_SEC_12_12_PAR001,,false,true,false
were a barrier to commuting,5,2,2,D12,8,D12_P008_SEC_12_12_PAR003,,false,true,false
a barrier to commuting for,5,2,2,D12,8,D12_P008_SEC_12_12_PAR003,,false,true,false
self-help groups ( shgs ),5,2,2,D12,9,D12_P009_SEC_12_12_PAR006,,false,true,false
", code on social security",5,2,1,D12,10,D12_P010_SEC_12_12_PAR002,,false,true,false
code on social security 2020,5,2,1,D12,10,D12_P010_SEC_12_12_PAR002,,false,true,false
on social security 2020 ),5,2,1,D12,10,D12_P010_SEC_12_12_PAR002,,false,true,false
", gig and platform workers",5,2,2,D12,11,D12_P011_SEC_12_14_PAR001,,false,true,false
in fy24 compared to fy23,5,2,2,D12,12,D12_P012_SEC_12_19_PAR001,,false,true,false
fy24 compared to fy23 .,5,2,2,D12,12,D12_P012_SEC_12_19_PAR001,,false,true,false
"of the manufacturing workforce ,",5,2,2,D12,13,D12_P013_SEC_12_22_PAR001,,false,true,false
increase in the number of,5,2,2,D12,14,D12_P014_SEC_12_24_PAR001,,false,true,false
contributed to around 60 per cent of,5,2,1,D12,15,D12_P015_SEC_12_25_PAR001,,false,true,false
to around 60 per cent of the,5,2,1,D12,15,D12_P015_SEC_12_25_PAR001,,false,true,false
around 60 per cent of the total,5,2,1,D12,15,D12_P015_SEC_12_25_PAR001,,false,true,false
60 per cent of the total employment,5,2,1,D12,15,D12_P015_SEC_12_25_PAR001,employment,false,true,false
total employment in the manufacturing,5,2,2,D12,15,D12_P015_SEC_12_25_PAR001,employment,false,true,false
employment in the manufacturing sector,5,2,2,D12,15,D12_P015_SEC_12_25_PAR001,employment;sector,false,true,false
in the sector . the,5,2,2,D12,16,D12_P016_SEC_12_26_PAR001,sector,false,true,false
persons are employed in the,5,2,1,D12,17,D12_P017_SEC_12_27_PAR001,,false,true,false
"occupational safety , health and",5,2,2,D12,19,D12_P019_SEC_12_29_PAR001,,false,true,false
"safety , health and working",5,2,2,D12,19,D12_P019_SEC_12_29_PAR001,,false,true,false
equal benefits ( including gratuity,5,2,2,D12,19,D12_P019_SEC_12_30_PAR001,,false,true,false
after one year ) for,5,2,2,D12,19,D12_P019_SEC_12_30_PAR001,,false,true,false
one year ) for fixed-term,5,2,2,D12,19,D12_P019_SEC_12_30_PAR001,,false,true,false
year ) for fixed-term and,5,2,2,D12,19,D12_P019_SEC_12_30_PAR001,,false,true,false
) for fixed-term and contract,5,2,2,D12,19,D12_P019_SEC_12_30_PAR001,,false,true,false
"( code on wages ,",5,2,2,D12,20,D12_P020_SEC_12_30_PAR001,wages,false,true,false
"code on wages , 2019",5,2,2,D12,20,D12_P020_SEC_12_30_PAR001,wages,false,true,false
"on wages , 2019 )",5,2,2,D12,20,D12_P020_SEC_12_30_PAR001,wages,false,true,false
"wages , 2019 ) .",5,2,2,D12,20,D12_P020_SEC_12_30_PAR001,wages,false,true,false
ease of doing business while,5,2,2,D12,21,D12_P021_SEC_12_33_PAR003,,false,true,false
"for all , with the",5,2,2,D12,21,D12_P021_SEC_12_33_PAR005,,false,true,false
") . in addition ,",5,2,2,D12,22,D12_P022_SEC_12_33_PAR001,,false,true,false
benefits such as social security,5,2,2,D12,23,D12_P023_SEC_12_35_PAR001,,false,true,false
", as highlighted in box",5,2,2,D12,25,D12_P025_SEC_12_39_PAR001,,false,true,false
", there is a need",5,2,2,D12,27,D12_P027_SEC_12_41_PAR001,,false,true,false
"central and state governments ,",5,2,2,D12,28,D12_P028_SEC_12_44_PAR001,,false,true,false
the evolving needs of the,5,2,2,D12,29,D12_P029_SEC_12_45_PAR001,,false,true,false
evolving needs of the labour,5,2,2,D12,29,D12_P029_SEC_12_45_PAR001,,false,true,false
"in terms of employability ,",5,2,2,D12,29,D12_P029_SEC_12_45_PAR001,,false,true,false
"to the baseline , the",5,2,2,D12,29,D12_P029_SEC_12_45_PAR002,,false,true,false
"the baseline , the system",5,2,2,D12,29,D12_P029_SEC_12_45_PAR002,,false,true,false
national skill development corporation (,5,2,2,D12,29,D12_P029_SEC_12_45_PAR002,,false,true,false
skill development corporation ( nsdc,5,2,2,D12,29,D12_P029_SEC_12_45_PAR002,,false,true,false
development corporation ( nsdc ),5,2,2,D12,29,D12_P029_SEC_12_45_PAR002,,false,true,false
. the section titled ',5,2,2,D12,29,D12_P029_SEC_12_45_PAR003,,false,true,false
from challenges to accountability via,5,2,2,D12,30,D12_P030_SEC_12_45_PAR003,,false,true,false
challenges to accountability via skilling,5,2,2,D12,30,D12_P030_SEC_12_45_PAR003,,false,true,false
to accountability via skilling scorecard,5,2,2,D12,30,D12_P030_SEC_12_45_PAR003,,false,true,false
the evolving dynamics of the,5,2,2,D12,31,D12_P031_SEC_12_46_PAR001,,false,true,false
in chapter 11 of the,5,2,2,D12,31,D12_P031_SEC_12_46_PAR001,,false,true,false
chapter 11 of the economic,5,2,2,D12,31,D12_P031_SEC_12_46_PAR001,,false,true,false
"by the world bank ,",5,2,2,D12,33,D12_P033_SEC_12_49_PAR003,bank,false,true,false
with the national education policy,5,2,2,D12,33,D12_P033_SEC_12_49_PAR004,policy,false,true,false
are presented in box xii.,5,2,2,D12,35,D12_P035_SEC_12_50_PAR002,,false,true,false
", institutional coordination , and",5,2,2,D12,36,D12_P036_SEC_12_50_PAR003,,false,true,false
sector skill councils ( ssc,5,2,2,D12,37,D12_P037_SEC_12_52_PAR001,sector,false,true,false
skill councils ( ssc ),5,2,2,D12,37,D12_P037_SEC_12_52_PAR001,,false,true,false
"over the years , a",5,2,2,D12,38,D12_P038_SEC_12_55_PAR002,,false,true,false
. at the core of,5,2,2,D12,38,D12_P038_SEC_12_55_PAR003,,false,true,false
deen dayal upadhyaya grameen kaushalya,5,2,2,D12,39,D12_P039_SEC_12_55_PAR004,,false,true,false
dayal upadhyaya grameen kaushalya yojana,5,2,2,D12,39,D12_P039_SEC_12_55_PAR004,,false,true,false
upadhyaya grameen kaushalya yojana (,5,2,2,D12,39,D12_P039_SEC_12_55_PAR004,,false,true,false
grameen kaushalya yojana ( ddu-gky,5,2,2,D12,39,D12_P039_SEC_12_55_PAR004,,false,true,false
kaushalya yojana ( ddu-gky ),5,2,2,D12,39,D12_P039_SEC_12_55_PAR004,,false,true,false
and improve the quality of,5,2,2,D12,42,D12_P042_SEC_12_61_PAR001,,false,true,false
"such as literacy , numeracy",5,2,2,D12,42,D12_P042_SEC_12_62_PAR001,,false,true,false
"as literacy , numeracy ,",5,2,2,D12,42,D12_P042_SEC_12_62_PAR001,,false,true,false
mission ( gramin ) act,5,2,2,D13,9,D13_BOX001,,false,true,false
"( gramin ) act ,",5,2,2,D13,9,D13_BOX001,,false,true,false
"gramin ) act , 2025",5,2,2,D13,9,D13_BOX001,,false,true,false
", strengthen accountability , and",5,2,2,D13,9,D13_BOX001,,false,true,false
wage employment per rural household,5,2,1,D13,9,D13_BOX001,employment;wage,false,true,false
the e-panchayat mission mode project,5,2,2,D13,20,D13_BOX003,,false,true,false
of the value chain .,5,2,2,D13,23,D13_BOX005,,false,true,false
"sabka saath , sabka vikas",5,2,2,D13,1,D13_P001_UNKNOWN_PAR002,,false,true,false
"saath , sabka vikas ,",5,2,2,D13,1,D13_P001_UNKNOWN_PAR002,,false,true,false
has played a central role,5,2,2,D13,1,D13_P001_UNKNOWN_PAR002,,false,true,false
"fairness , dignity , and",5,2,2,D13,1,D13_P001_UNKNOWN_PAR003,,false,true,false
", dignity , and equal",5,2,2,D13,1,D13_P001_UNKNOWN_PAR003,,false,true,false
"dignity , and equal rights",5,2,2,D13,1,D13_P001_UNKNOWN_PAR003,,false,true,false
", and equal rights for",5,2,2,D13,1,D13_P001_UNKNOWN_PAR003,,false,true,false
and equal rights for all,5,2,2,D13,1,D13_P001_UNKNOWN_PAR003,,false,true,false
", healthcare , skill development",5,2,2,D13,1,D13_P001_UNKNOWN_PAR003,,false,true,false
"healthcare , skill development ,",5,2,2,D13,1,D13_P001_UNKNOWN_PAR003,,false,true,false
for the most vulnerable .,5,2,2,D13,1,D13_P001_UNKNOWN_PAR003,,false,true,false
. the focus of the,5,2,2,D13,2,D13_P002_SEC_13_4_PAR001,,false,true,false
"government , through the ministry",5,2,2,D13,5,D13_P005_SEC_13_12_PAR002,,false,true,false
", through the ministry of",5,2,2,D13,5,D13_P005_SEC_13_12_PAR002,,false,true,false
the vulnerable out of the,5,2,2,D13,5,D13_P005_SEC_13_13_PAR001,,false,true,false
"sabka vikas , sabka vishwas",5,2,2,D13,5,D13_P005_SEC_13_15_PAR001,,false,true,false
"vikas , sabka vishwas ,",5,2,2,D13,5,D13_P005_SEC_13_15_PAR001,,false,true,false
", sabka vishwas , sabka",5,2,2,D13,5,D13_P005_SEC_13_15_PAR001,,false,true,false
"sabka vishwas , sabka prayas",5,2,2,D13,5,D13_P005_SEC_13_15_PAR001,,false,true,false
that a substantial majority of,5,2,2,D13,7,D13_P007_SEC_13_18_PAR001,,false,true,false
"and rural local bodies ,",5,2,2,D13,7,D13_P007_SEC_13_18_PAR001,,false,true,false
rural employment guarantee scheme (,5,2,2,D13,8,D13_P008_SEC_13_21_PAR001,employment,false,true,false
by strong macroeconomic fundamentals and,5,2,2,D13,8,D13_P008_SEC_13_22_PAR001,macroeconomic,false,true,false
", they underscore the need",5,2,2,D13,8,D13_P008_SEC_13_22_PAR001,,false,true,false
payable if employment is not,5,2,2,D13,10,D13_P010_SEC_13_26_PAR001,employment,false,true,false
if employment is not provided,5,2,2,D13,10,D13_P010_SEC_13_26_PAR001,employment,false,true,false
employment is not provided within,5,2,2,D13,10,D13_P010_SEC_13_26_PAR001,employment,false,true,false
is not provided within the,5,2,2,D13,10,D13_P010_SEC_13_26_PAR001,,false,true,false
not provided within the stipulated,5,2,2,D13,10,D13_P010_SEC_13_26_PAR001,,false,true,false
provided within the stipulated time,5,2,2,D13,10,D13_P010_SEC_13_26_PAR001,,false,true,false
"within the stipulated time ,",5,2,2,D13,10,D13_P010_SEC_13_26_PAR001,,false,true,false
", is not only a",5,2,2,D13,11,D13_P011_SEC_13_27_PAR001,,false,true,false
jal jeevan mission ( jjm,5,2,2,D13,12,D13_P012_SEC_13_28_PAR001,,false,true,false
jeevan mission ( jjm ),5,2,2,D13,12,D13_P012_SEC_13_28_PAR001,,false,true,false
". additionally , the government",5,2,2,D13,13,D13_P013_SEC_13_32_PAR001,,false,true,false
"additionally , the government has",5,2,2,D13,13,D13_P013_SEC_13_32_PAR001,,false,true,false
the digital india land records,5,2,2,D13,13,D13_P013_SEC_13_32_PAR001,,false,true,false
digital india land records modernisation,5,2,2,D13,13,D13_P013_SEC_13_32_PAR001,,false,true,false
india land records modernisation programme,5,2,2,D13,13,D13_P013_SEC_13_32_PAR001,,false,true,false
land records modernisation programme (,5,2,2,D13,13,D13_P013_SEC_13_32_PAR001,,false,true,false
records modernisation programme ( dilrmp,5,2,2,D13,13,D13_P013_SEC_13_32_PAR001,,false,true,false
modernisation programme ( dilrmp ),5,2,2,D13,13,D13_P013_SEC_13_32_PAR001,,false,true,false
"programme ( dilrmp ) ,",5,2,2,D13,13,D13_P013_SEC_13_32_PAR001,,false,true,false
improve the quality of life,5,2,2,D13,13,D13_P013_SEC_13_32_PAR001,,false,true,false
unique land parcel identification number,5,2,2,D13,13,D13_P013_SEC_13_32_PAR001,,false,true,false
land parcel identification number (,5,2,2,D13,13,D13_P013_SEC_13_32_PAR001,,false,true,false
parcel identification number ( ulpin,5,2,2,D13,13,D13_P013_SEC_13_32_PAR001,,false,true,false
enhancing the quality of life,5,2,2,D13,13,D13_P013_SEC_13_33_PAR001,,false,true,false
sustainable development goals ( sdgs,5,2,2,D13,14,D13_P014_SEC_13_37_PAR001,,false,true,false
development goals ( sdgs ),5,2,2,D13,14,D13_P014_SEC_13_37_PAR001,,false,true,false
"goals ( sdgs ) ,",5,2,2,D13,14,D13_P014_SEC_13_37_PAR001,,false,true,false
this can be achieved through,5,2,2,D13,16,D13_P016_SEC_13_41_PAR001,,false,true,false
rural development and panchayati raj,5,2,2,D13,16,D13_P016_SEC_13_41_PAR001,,false,true,false
"budgeting , and service delivery",5,2,2,D13,19,D13_P019_SEC_13_55_PAR001,,false,true,false
the panchayat advancement index (,5,2,2,D13,20,D13_P020_SEC_13_58_PAR001,,false,true,false
panchayat advancement index ( pai,5,2,2,D13,20,D13_P020_SEC_13_58_PAR001,,false,true,false
advancement index ( pai ),5,2,2,D13,20,D13_P020_SEC_13_58_PAR001,,false,true,false
) of the ministry of,5,2,2,D13,20,D13_P020_SEC_13_58_PAR001,,false,true,false
progress of over 2.5 lakh gps,5,2,2,D13,20,D13_P020_SEC_13_58_PAR001,,false,true,false
"panchayat ( 21 ) ,",5,2,1,D13,21,D13_P021_SEC_13_58_PAR003,,false,true,false
", and improving access to",5,2,2,D13,22,D13_P022_SEC_13_60_PAR001,,false,true,false
"access to health , education",5,2,2,D13,22,D13_P022_SEC_13_60_PAR001,,false,true,false
"bridges have been sanctioned ,",5,2,2,D13,22,D13_P022_SEC_13_60_PAR001,,false,true,false
"people , goods , and",5,2,2,D13,22,D13_P022_SEC_13_60_PAR001,,false,true,false
bridges have been sanctioned and,5,2,2,D13,22,D13_P022_SEC_13_60_PAR001,,false,true,false
been completed as of 15 january 2026,5,2,2,D13,22,D13_P022_SEC_13_60_PAR001,,false,true,false
completed as of 15 january 2026 .,5,2,2,D13,22,D13_P022_SEC_13_60_PAR001,,false,true,false
. in a significant move,5,2,2,D13,22,D13_P022_SEC_13_62_PAR001,,false,true,false
at the local level .,5,2,2,D13,27,D13_P027_SEC_13_73_PAR001,,false,true,false
", andaman & nicobar islands",5,2,2,D13,27,D13_P027_SEC_13_74_PAR001,,false,true,false
"andaman & nicobar islands ,",5,2,2,D13,27,D13_P027_SEC_13_74_PAR001,,false,true,false
"the meri panchayat app ,",5,2,2,D13,28,D13_P028_SEC_13_77_PAR002,,false,true,false
to promote transparency and accountability,5,2,2,D13,28,D13_P028_SEC_13_77_PAR004,,false,true,false
the goal of viksit bharat,5,2,2,D13,29,D13_P029_SEC_13_78_PAR001,,false,true,false
pradhan mantri anusuchit jaati abhyuday,5,2,2,D13,30,D13_P030_SEC_13_79_PAR001,,false,true,false
mantri anusuchit jaati abhyuday yojana,5,2,2,D13,30,D13_P030_SEC_13_79_PAR001,,false,true,false
for the country as a,5,2,2,D13,33,D13_P033_SEC_13_88_PAR001,,false,true,false
the country as a whole,5,2,2,D13,33,D13_P033_SEC_13_88_PAR001,,false,true,false
under aajeevika grameen express yojana,5,2,2,D13,17,D13_T001,,false,true,false
"including health , agriculture ,",5,2,2,D14,18,D14_BOX005,,false,true,false
is best understood as a,5,2,2,D14,23,D14_BOX007,,false,true,false
evidence from two centuries of,5,2,2,D14,23,D14_BOX007,,false,true,false
the evolution of india 's,5,2,2,D14,26,D14_BOX009,,false,true,false
openness to cross-border data flows,5,2,2,D14,31,D14_BOX011,,false,true,false
"to cross-border data flows ,",5,2,2,D14,31,D14_BOX011,,false,true,false
"cross-border data flows , recognising",5,2,2,D14,31,D14_BOX011,,false,true,false
"data flows , recognising their",5,2,2,D14,31,D14_BOX011,,false,true,false
ensure regulatory oversight and enforceability,5,2,2,D14,31,D14_BOX011,regulatory,false,true,false
regulatory oversight and enforceability over,5,2,2,D14,31,D14_BOX011,regulatory,false,true,false
oversight and enforceability over large-scale,5,2,2,D14,31,D14_BOX011,,false,true,false
and enforceability over large-scale processing,5,2,2,D14,31,D14_BOX011,,false,true,false
and use of indian personal,5,2,2,D14,31,D14_BOX011,,false,true,false
use of indian personal data,5,2,2,D14,31,D14_BOX011,,false,true,false
marked by rapid technological change,5,2,2,D14,1,D14_P001_UNKNOWN_PAR002,,false,true,false
chapter argues that india 's,5,2,2,D14,1,D14_P001_UNKNOWN_PAR002,,false,true,false
", rather than attempting to",5,2,2,D14,1,D14_P001_UNKNOWN_PAR002,,false,true,false
scale for its own sake,5,2,2,D14,1,D14_P001_UNKNOWN_PAR003,,false,true,false
in open and interoperable systems,5,2,2,D14,1,D14_P001_UNKNOWN_PAR003,,false,true,false
where risks and asymmetries are,5,2,2,D14,1,D14_P001_UNKNOWN_PAR004,,false,true,false
risks and asymmetries are most,5,2,2,D14,1,D14_P001_UNKNOWN_PAR004,,false,true,false
and asymmetries are most pronounced,5,2,2,D14,1,D14_P001_UNKNOWN_PAR004,,false,true,false
asymmetries are most pronounced .,5,2,2,D14,1,D14_P001_UNKNOWN_PAR004,,false,true,false
. the proposed framework for,5,2,2,D14,1,D14_P001_UNKNOWN_PAR004,,false,true,false
in the united states has,5,2,2,D14,3,D14_P003_SEC_14_5_PAR001,,false,true,false
for labour-abundant economies such as,5,2,2,D14,3,D14_P003_SEC_14_5_PAR001,,false,true,false
labour-abundant economies such as india,5,2,2,D14,3,D14_P003_SEC_14_5_PAR001,,false,true,false
the united states as a,5,2,2,D14,3,D14_P003_SEC_14_6_PAR001,,false,true,false
", the estimates point to",5,2,2,D14,4,D14_P004_SEC_14_6_PAR006,,false,true,false
the estimates point to a,5,2,2,D14,4,D14_P004_SEC_14_6_PAR006,,false,true,false
estimates point to a change,5,2,2,D14,4,D14_P004_SEC_14_6_PAR006,,false,true,false
point to a change in,5,2,2,D14,4,D14_P004_SEC_14_6_PAR006,,false,true,false
to a change in how,5,2,2,D14,4,D14_P004_SEC_14_6_PAR006,,false,true,false
a change in how employment,5,2,2,D14,4,D14_P004_SEC_14_6_PAR006,employment,false,true,false
change in how employment responds,5,2,2,D14,4,D14_P004_SEC_14_6_PAR006,employment,false,true,false
in how employment responds to,5,2,2,D14,4,D14_P004_SEC_14_6_PAR006,employment,false,true,false
how employment responds to output,5,2,2,D14,4,D14_P004_SEC_14_6_PAR006,employment;output,false,true,false
employment responds to output growth,5,2,2,D14,4,D14_P004_SEC_14_6_PAR006,employment;growth;output,false,true,false
responds to output growth in,5,2,2,D14,4,D14_P004_SEC_14_6_PAR006,growth;output,false,true,false
to output growth in the,5,2,2,D14,4,D14_P004_SEC_14_6_PAR006,growth;output,false,true,false
output growth in the post,5,2,2,D14,4,D14_P004_SEC_14_6_PAR006,growth;output,false,true,false
growth in the post -2022,5,2,2,D14,4,D14_P004_SEC_14_6_PAR006,growth,false,true,false
in the post -2022 period,5,2,2,D14,4,D14_P004_SEC_14_6_PAR006,,false,true,false
the post -2022 period .,5,2,2,D14,4,D14_P004_SEC_14_6_PAR006,,false,true,false
interaction between the post -2022,5,2,2,D14,4,D14_P004_SEC_14_6_PAR007,,false,true,false
the post -2022 regime indicator,5,2,2,D14,4,D14_P004_SEC_14_6_PAR007,,false,true,false
in the pbis sector is,5,2,2,D14,5,D14_P005_SEC_14_6_PAR004,sector,false,true,false
between the post -2022 indicator,5,2,2,D14,5,D14_P005_UNKNOWN_PAR002,,false,true,false
the post -2022 indicator and,5,2,2,D14,5,D14_P005_UNKNOWN_PAR002,,false,true,false
of the global ai ecosystem,5,2,2,D14,6,D14_P006_SEC_14_7_PAR001,,false,true,false
"critical inputs , such as",5,2,2,D14,6,D14_P006_SEC_14_7_PAR001,,false,true,false
the future of india 's,5,2,2,D14,6,D14_P006_SEC_14_7_PAR001,,false,true,false
will have to contend with,5,2,2,D14,7,D14_P007_SEC_14_10_PAR001,,false,true,false
necessity of india 's own,5,2,2,D14,7,D14_P007_SEC_14_10_PAR001,,false,true,false
india 's own ai solution,5,2,2,D14,7,D14_P007_SEC_14_10_PAR001,,false,true,false
", therefore , is how",5,2,2,D14,7,D14_P007_SEC_14_9_PAR001,,false,true,false
". the trade-off , therefore",5,2,2,D14,8,D14_P008_SEC_14_13_PAR001,,false,true,false
"the trade-off , therefore ,",5,2,2,D14,8,D14_P008_SEC_14_13_PAR001,,false,true,false
. india 's challenge is,5,2,2,D14,9,D14_P009_SEC_14_17_PAR002,,false,true,false
value created from domestic data,5,2,2,D14,9,D14_P009_SEC_14_17_PAR002,,false,true,false
it has the potential to,5,2,2,D14,9,D14_P009_SEC_14_20_PAR003,,false,true,false
. the sections that follow,5,2,2,D14,11,D14_P011_SEC_14_27_PAR001,,false,true,false
to grow at a rate,5,2,2,D14,13,D14_P013_UNKNOWN_PAR001,rate,false,true,false
grow at a rate of,5,2,2,D14,13,D14_P013_UNKNOWN_PAR001,rate,false,true,false
the rising cost of compute,5,2,2,D14,13,D14_P013_UNKNOWN_PAR002,,false,true,false
( relative to baseline ),5,2,2,D14,14,D14_P014_UNKNOWN_PAR002,,false,true,false
. the result is a,5,2,2,D14,14,D14_P014_UNKNOWN_PAR004,,false,true,false
supply chains . as a,5,2,2,D14,15,D14_P015_UNKNOWN_PAR004,supply,false,true,false
chains . as a result,5,2,2,D14,15,D14_P015_UNKNOWN_PAR004,,false,true,false
bottom-up approach to ai development,5,2,2,D14,16,D14_P016_UNKNOWN_PAR001,,false,true,false
. early adopters who scaled,5,2,2,D14,17,D14_P017_SEC_14_34_PAR001,,false,true,false
by the ministry of electronics,5,2,2,D14,18,D14_P018_SEC_14_36_PAR002,,false,true,false
the ministry of electronics and,5,2,2,D14,18,D14_P018_SEC_14_36_PAR002,,false,true,false
ministry of electronics and information,5,2,2,D14,18,D14_P018_SEC_14_36_PAR002,,false,true,false
of electronics and information technology,5,2,2,D14,18,D14_P018_SEC_14_36_PAR002,,false,true,false
"electronics and information technology ,",5,2,2,D14,18,D14_P018_SEC_14_36_PAR002,,false,true,false
has the added benefit of,5,2,2,D14,20,D14_P020_SEC_14_40_PAR001,,false,true,false
and the introduction of the,5,2,2,D14,21,D14_P021_SEC_14_43_PAR001,,false,true,false
. primary education must prioritise,5,2,2,D14,22,D14_P022_SEC_14_48_PAR001,,false,true,false
education system in a way,5,2,2,D14,23,D14_P023_SEC_14_52_PAR001,,false,true,false
system in a way that,5,2,2,D14,23,D14_P023_SEC_14_52_PAR001,,false,true,false
institution must work closely with,5,2,2,D14,25,D14_P025_SEC_14_55_PAR001,,false,true,false
in a way that makes,5,2,2,D14,25,D14_P025_SEC_14_56_PAR001,,false,true,false
. the scale of the,5,2,2,D14,25,D14_P025_SEC_14_58_PAR001,,false,true,false
in the future . this,5,2,2,D14,25,D14_P025_SEC_14_58_PAR001,,false,true,false
"promote domestic value retention ,",5,2,2,D14,28,D14_P028_SEC_14_66_PAR006,,false,true,false
"domestic value retention , such",5,2,2,D14,28,D14_P028_SEC_14_66_PAR006,,false,true,false
the development of india 's,5,2,2,D14,28,D14_P028_SEC_14_66_PAR007,,false,true,false
such as general-purpose model training,5,2,2,D14,28,D14_P028_SEC_14_67_PAR001,,false,true,false
") act , 2023 ,",5,2,2,D14,29,D14_P029_SEC_14_68_PAR001,,false,true,false
"large-scale behavioural , transactional ,",5,2,2,D14,29,D14_P029_SEC_14_69_PAR001,,false,true,false
of relevant datasets and derived,5,2,2,D14,29,D14_P029_SEC_14_71_PAR001,,false,true,false
relevant datasets and derived artefacts,5,2,2,D14,29,D14_P029_SEC_14_71_PAR001,,false,true,false
datasets and derived artefacts within,5,2,2,D14,29,D14_P029_SEC_14_71_PAR001,,false,true,false
and derived artefacts within india,5,2,2,D14,29,D14_P029_SEC_14_71_PAR001,,false,true,false
"the same time , it",5,2,2,D14,29,D14_P029_SEC_14_71_PAR001,,false,true,false
are expected to contribute to,5,2,2,D14,30,D14_P030_SEC_14_73_PAR001,,false,true,false
expected to contribute to the,5,2,2,D14,30,D14_P030_SEC_14_73_PAR001,,false,true,false
to contribute to the domestic,5,2,2,D14,30,D14_P030_SEC_14_73_PAR001,,false,true,false
contribute to the domestic ai,5,2,2,D14,30,D14_P030_SEC_14_73_PAR001,,false,true,false
to the domestic ai ecosystem,5,2,2,D14,30,D14_P030_SEC_14_73_PAR001,,false,true,false
certified domestic compute or data,5,2,2,D14,31,D14_P031_SEC_14_78_PAR001,,false,true,false
domestic compute or data environments,5,2,2,D14,31,D14_P031_SEC_14_78_PAR001,,false,true,false
linked to eligibility for government,5,2,2,D14,31,D14_P031_SEC_14_79_PAR001,,false,true,false
to eligibility for government datasets,5,2,2,D14,31,D14_P031_SEC_14_79_PAR001,,false,true,false
"eligibility for government datasets ,",5,2,2,D14,31,D14_P031_SEC_14_79_PAR001,,false,true,false
the state to shape incentives,5,2,2,D14,31,D14_P031_SEC_14_79_PAR001,,false,true,false
state to shape incentives without,5,2,2,D14,31,D14_P031_SEC_14_79_PAR001,,false,true,false
to shape incentives without expanding,5,2,2,D14,31,D14_P031_SEC_14_79_PAR001,,false,true,false
", regulatory sandboxes , and",5,2,2,D14,32,D14_P032_UNKNOWN_PAR008,regulatory,false,true,false
shared access to computing infrastructure,5,2,2,D14,34,D14_P034_SEC_14_87_PAR001,,false,true,false
access to computing infrastructure .,5,2,2,D14,34,D14_P034_SEC_14_87_PAR001,,false,true,false
", among others . these",5,2,2,D14,35,D14_P035_SEC_14_88_PAR002,,false,true,false
. the objective is to,5,2,2,D14,35,D14_P035_SEC_14_90_PAR001,,false,true,false
this chapter has argued that,5,2,2,D14,36,D14_P036_SEC_14_96_PAR001,,false,true,false
chapter has argued that the,5,2,2,D14,36,D14_P036_SEC_14_96_PAR001,,false,true,false
sector ( std . error,5,2,1,D14,6,D14_T001,sector,false,true,false
std . error ) non-pbis,5,2,2,D14,6,D14_T001,,false,true,false
. new delhi : council,5,2,1,D15,24,D15_BOX007,,false,true,false
new delhi : council on,5,2,1,D15,24,D15_BOX007,,false,true,false
delhi : council on energy,5,2,1,D15,24,D15_BOX007,energy,false,true,false
": council on energy ,",5,2,1,D15,24,D15_BOX007,energy,false,true,false
", environment and water .",5,2,1,D15,24,D15_BOX007,,false,true,false
", even if it is",5,2,2,D15,37,D15_BOX009,,false,true,false
. the task now is,5,2,2,D15,1,D15_P001_UNKNOWN_PAR003,,false,true,false
the task now is to,5,2,2,D15,1,D15_P001_UNKNOWN_PAR003,,false,true,false
", trust , and collective",5,2,2,D15,1,D15_P001_UNKNOWN_PAR005,,false,true,false
". in india , urban",5,2,2,D15,2,D15_P002_SEC_15_2_PAR001,,false,true,false
"planning , finance , and",5,2,2,D15,2,D15_P002_UNKNOWN_PAR001,finance,false,true,false
", there is a growing",5,2,2,D15,5,D15_P005_SEC_15_10_PAR001,,false,true,false
. it serves as a,5,2,2,D15,6,D15_P006_SEC_15_11_PAR001,,false,true,false
the creation of 34 new,5,2,2,D15,9,D15_P009_UNKNOWN_PAR003,,false,true,false
creation of 34 new urban,5,2,2,D15,9,D15_P009_UNKNOWN_PAR003,,false,true,false
of 34 new urban local,5,2,2,D15,9,D15_P009_UNKNOWN_PAR003,,false,true,false
34 new urban local bodies,5,2,2,D15,9,D15_P009_UNKNOWN_PAR003,,false,true,false
"new urban local bodies ,",5,2,2,D15,9,D15_P009_UNKNOWN_PAR003,,false,true,false
"urban local bodies , expansion",5,2,2,D15,9,D15_P009_UNKNOWN_PAR003,,false,true,false
"local bodies , expansion of",5,2,2,D15,9,D15_P009_UNKNOWN_PAR003,,false,true,false
urban local bodies ( ulbs,5,2,2,D15,11,D15_P011_SEC_15_14_PAR001,,false,true,false
local bodies ( ulbs ),5,2,2,D15,11,D15_P011_SEC_15_14_PAR001,,false,true,false
", but they do not",5,2,2,D15,12,D15_P012_SEC_15_16_PAR001,,false,true,false
"the united states , the",5,2,2,D15,12,D15_P012_SEC_15_17_PAR001,,false,true,false
. world bank estimates that,5,2,2,D15,13,D15_P013_SEC_15_18_PAR001,bank,false,true,false
( ~ 1.5 × ),5,2,1,D15,13,D15_P013_SEC_15_18_PAR001,,false,true,false
"~ 1.5 × ) ,",5,2,1,D15,13,D15_P013_SEC_15_18_PAR001,,false,true,false
"ratio ( far ) ,",5,2,2,D15,14,D15_P014_SEC_15_22_PAR001,,false,true,false
built-up area per unit of,5,2,2,D15,14,D15_P014_SEC_15_22_PAR001,,false,true,false
area per unit of land,5,2,2,D15,14,D15_P014_SEC_15_22_PAR001,,false,true,false
"per unit of land ,",5,2,2,D15,14,D15_P014_SEC_15_22_PAR001,,false,true,false
transit-oriented development ( tod ),5,2,2,D15,14,D15_P014_SEC_15_23_PAR001,,false,true,false
rise in density will result,5,2,1,D15,15,D15_P015_SEC_15_25_PAR001,,false,true,false
in density will result in,5,2,1,D15,15,D15_P015_SEC_15_25_PAR001,,false,true,false
. in the absence of,5,2,2,D15,15,D15_P015_SEC_15_25_PAR001,,false,true,false
"walking , cycling , and",5,2,2,D15,17,D15_P017_SEC_15_29_PAR001,,false,true,false
"policy ( 2017 ) ,",5,2,1,D15,17,D15_P017_SEC_15_30_PAR001,policy,false,true,false
"( 2017 ) , which",5,2,1,D15,17,D15_P017_SEC_15_30_PAR001,,false,true,false
transit- oriented development ( tod,5,2,2,D15,17,D15_P017_SEC_15_30_PAR001,,false,true,false
oriented development ( tod ),5,2,2,D15,17,D15_P017_SEC_15_30_PAR001,,false,true,false
". despite these measures ,",5,2,2,D15,18,D15_P018_SEC_15_32_PAR001,,false,true,false
"( tfl , 2003 )",5,2,1,D15,21,D15_P021_UNKNOWN_PAR007,,false,true,false
"per day , of which",5,2,2,D15,21,D15_P021_UNKNOWN_PAR007,,false,true,false
integrated command and control centres,5,2,2,D15,22,D15_P022_SEC_15_36_PAR001,,false,true,false
command and control centres (,5,2,2,D15,22,D15_P022_SEC_15_36_PAR001,,false,true,false
and control centres ( icccs,5,2,2,D15,22,D15_P022_SEC_15_36_PAR001,,false,true,false
control centres ( icccs ),5,2,2,D15,22,D15_P022_SEC_15_36_PAR001,,false,true,false
"( khan , mishra &",5,2,2,D15,23,D15_P023_UNKNOWN_PAR001,,false,true,false
"khan , mishra & singh",5,2,2,D15,23,D15_P023_UNKNOWN_PAR001,,false,true,false
", mishra & singh ,",5,2,2,D15,23,D15_P023_UNKNOWN_PAR001,,false,true,false
"mishra & singh , 2025",5,2,2,D15,23,D15_P023_UNKNOWN_PAR001,,false,true,false
"& singh , 2025 )",5,2,2,D15,23,D15_P023_UNKNOWN_PAR001,,false,true,false
a circular water economy .,5,2,2,D15,24,D15_P024_SEC_15_43_PAR001,,false,true,false
one of india 's most,5,2,2,D15,26,D15_P026_SEC_15_45_PAR001,,false,true,false
. in india 's case,5,2,2,D15,27,D15_P027_SEC_15_48_PAR001,,false,true,false
the pradhan mantri awas yojana,5,2,2,D15,27,D15_P027_SEC_15_50_PAR001,,false,true,false
mantri awas yojana - urban,5,2,2,D15,27,D15_P027_SEC_15_50_PAR001,,false,true,false
", it becomes imperative to",5,2,2,D15,29,D15_P029_SEC_15_55_PAR001,,false,true,false
reduce the need for constant,5,2,2,D15,30,D15_P030_SEC_15_59_PAR001,,false,true,false
"sanitation , waste management ,",5,2,2,D15,31,D15_P031_SEC_15_61_PAR001,,false,true,false
"congestion , informality , and",5,2,2,D15,32,D15_P032_SEC_15_61_PAR001,,false,true,false
subject to the condition that,5,2,2,D15,33,D15_P033_UNKNOWN_PAR001,,false,true,false
"madhya pradesh , odisha ,",5,2,2,D15,39,D15_P039_UNKNOWN_PAR002,,false,true,false
when firms failed to meet,5,2,1,D16,17,D16_BOX001,,false,true,false
distinction between resilience and influence,5,2,2,D16,21,D16_BOX003,,false,true,false
in this regard . the,5,2,2,D16,21,D16_BOX003,,false,true,false
changing . in a world,5,2,2,D16,1,D16_P001_UNKNOWN_PAR002,,false,true,false
"trade , volatile capital flows",5,2,2,D16,1,D16_P001_UNKNOWN_PAR002,capital;trade,false,true,false
", volatile capital flows ,",5,2,2,D16,1,D16_P001_UNKNOWN_PAR002,capital,false,true,false
"volatile capital flows , and",5,2,2,D16,1,D16_P001_UNKNOWN_PAR002,capital,false,true,false
"capital flows , and rapid",5,2,2,D16,1,D16_P001_UNKNOWN_PAR002,capital,false,true,false
"flows , and rapid technological",5,2,2,D16,1,D16_P001_UNKNOWN_PAR002,,false,true,false
is the depth and quality,5,2,2,D16,1,D16_P001_UNKNOWN_PAR002,,false,true,false
the depth and quality of,5,2,2,D16,1,D16_P001_UNKNOWN_PAR002,,false,true,false
will be determined not only,5,2,2,D16,1,D16_P001_UNKNOWN_PAR003,,false,true,false
be determined not only by,5,2,2,D16,1,D16_P001_UNKNOWN_PAR003,,false,true,false
determined not only by how,5,2,2,D16,1,D16_P001_UNKNOWN_PAR003,,false,true,false
not only by how fast,5,2,2,D16,1,D16_P001_UNKNOWN_PAR003,,false,true,false
". manufacturing , exports ,",5,2,2,D16,1,D16_P001_UNKNOWN_PAR003,exports,false,true,false
", and participation in global",5,2,2,D16,1,D16_P001_UNKNOWN_PAR003,,false,true,false
and participation in global value,5,2,2,D16,1,D16_P001_UNKNOWN_PAR003,,false,true,false
a composite outcome shaped by,5,2,2,D16,1,D16_P001_UNKNOWN_PAR004,,false,true,false
composite outcome shaped by how,5,2,2,D16,1,D16_P001_UNKNOWN_PAR004,,false,true,false
outcome shaped by how decisions,5,2,2,D16,1,D16_P001_UNKNOWN_PAR004,,false,true,false
shaped by how decisions are,5,2,2,D16,1,D16_P001_UNKNOWN_PAR004,,false,true,false
", how risk and failure",5,2,2,D16,1,D16_P001_UNKNOWN_PAR004,,false,true,false
how risk and failure are,5,2,2,D16,1,D16_P001_UNKNOWN_PAR004,,false,true,false
", how administration is organised",5,2,2,D16,1,D16_P001_UNKNOWN_PAR004,,false,true,false
how administration is organised around,5,2,2,D16,1,D16_P001_UNKNOWN_PAR004,,false,true,false
administration is organised around outcomes,5,2,2,D16,1,D16_P001_UNKNOWN_PAR004,,false,true,false
"is organised around outcomes ,",5,2,2,D16,1,D16_P001_UNKNOWN_PAR004,,false,true,false
"organised around outcomes , how",5,2,2,D16,1,D16_P001_UNKNOWN_PAR004,,false,true,false
"around outcomes , how regulation",5,2,2,D16,1,D16_P001_UNKNOWN_PAR004,regulation,false,true,false
"outcomes , how regulation is",5,2,2,D16,1,D16_P001_UNKNOWN_PAR004,regulation,false,true,false
", how regulation is designed",5,2,2,D16,1,D16_P001_UNKNOWN_PAR004,regulation,false,true,false
how regulation is designed and,5,2,2,D16,1,D16_P001_UNKNOWN_PAR004,regulation,false,true,false
", firms , and citizens",5,2,2,D16,1,D16_P001_UNKNOWN_PAR004,,false,true,false
of state capacity in action,5,2,2,D16,2,D16_P002_UNKNOWN_PAR001,,false,true,false
state capacity in action .,5,2,2,D16,2,D16_P002_UNKNOWN_PAR001,,false,true,false
", in this sense ,",5,2,2,D16,2,D16_P002_UNKNOWN_PAR002,,false,true,false
"in this sense , is",5,2,2,D16,2,D16_P002_UNKNOWN_PAR002,,false,true,false
on which strategic resilience is,5,2,2,D16,2,D16_P002_UNKNOWN_PAR002,,false,true,false
which strategic resilience is built,5,2,2,D16,2,D16_P002_UNKNOWN_PAR002,,false,true,false
and the pathway through which,5,2,2,D16,2,D16_P002_UNKNOWN_PAR002,,false,true,false
the pathway through which strategic,5,2,2,D16,2,D16_P002_UNKNOWN_PAR002,,false,true,false
pathway through which strategic indispensability,5,2,2,D16,2,D16_P002_UNKNOWN_PAR002,,false,true,false
through which strategic indispensability becomes,5,2,2,D16,2,D16_P002_UNKNOWN_PAR002,,false,true,false
which strategic indispensability becomes possible,5,2,2,D16,2,D16_P002_UNKNOWN_PAR002,,false,true,false
strategic indispensability becomes possible .,5,2,2,D16,2,D16_P002_UNKNOWN_PAR002,,false,true,false
. as a result of,5,2,2,D16,3,D16_P003_SEC_16_6_PAR001,,false,true,false
since the 1980 s .,5,2,2,D16,4,D16_P004_SEC_16_7_PAR001,,false,true,false
". in the meantime ,",5,2,2,D16,5,D16_P005_SEC_16_11_PAR001,,false,true,false
". in simple terms ,",5,2,2,D16,8,D16_P008_SEC_16_18_PAR001,,false,true,false
is best understood not as,5,2,2,D16,9,D16_P009_SEC_16_19_PAR001,,false,true,false
and supply chains are increasingly,5,2,2,D16,9,D16_P009_SEC_16_20_PAR001,supply,false,true,false
economic environment confronting india today,5,2,2,D16,9,D16_P009_SEC_16_22_PAR001,,false,true,false
". in this setting ,",5,2,2,D16,10,D16_P010_SEC_16_23_PAR001,,false,true,false
", the ability to learn",5,2,2,D16,10,D16_P010_SEC_16_26_PAR001,,false,true,false
". in such cases ,",5,2,2,D16,11,D16_P011_SEC_16_30_PAR001,,false,true,false
. the objective is not,5,2,2,D16,11,D16_P011_SEC_16_31_PAR001,,false,true,false
goods for which import dependence,5,2,2,D16,11,D16_P011_SEC_16_32_PAR001,import,false,true,false
for which import dependence does,5,2,2,D16,11,D16_P011_SEC_16_32_PAR001,import,false,true,false
which import dependence does not,5,2,2,D16,11,D16_P011_SEC_16_32_PAR001,import,false,true,false
. this tier includes goods,5,2,2,D16,12,D16_P012_SEC_16_33_PAR001,,false,true,false
national input cost reduction strategy,5,2,2,D16,14,D16_P014_SEC_16_40_PAR001,,false,true,false
costs across the economy .,5,2,2,D16,14,D16_P014_SEC_16_41_PAR001,,false,true,false
", energy , logistics ,",5,2,2,D16,14,D16_P014_SEC_16_42_PAR001,energy,false,true,false
"manufacturing , exports , and",5,2,2,D16,14,D16_P014_SEC_16_42_PAR001,exports,false,true,false
incentives to invest in upgrading,5,2,2,D16,14,D16_P014_SEC_16_42_PAR001,,false,true,false
. it is at this,5,2,2,D16,15,D16_P015_SEC_16_48_PAR001,,false,true,false
exposes weaknesses that sheltered activities,5,2,2,D16,15,D16_P015_SEC_16_48_PAR001,,false,true,false
"for india , the relevance",5,2,2,D16,16,D16_P016_SEC_16_55_PAR001,,false,true,false
of an entrepreneurial state .,5,2,2,D16,18,D16_P018_SEC_16_56_PAR001,,false,true,false
". in such systems ,",5,2,2,D16,18,D16_P018_SEC_16_58_PAR001,,false,true,false
"import substitution , strategic resilience",5,2,2,D16,19,D16_P019_SEC_16_60_PAR002,import,false,true,false
"substitution , strategic resilience ,",5,2,2,D16,19,D16_P019_SEC_16_60_PAR002,,false,true,false
", strategic resilience , and",5,2,2,D16,19,D16_P019_SEC_16_60_PAR002,,false,true,false
"strategic resilience , and strategic",5,2,2,D16,19,D16_P019_SEC_16_60_PAR002,,false,true,false
"resilience , and strategic indispensability",5,2,2,D16,19,D16_P019_SEC_16_60_PAR002,,false,true,false
dimension import substitution strategic resilience,5,2,2,D16,20,D16_P020_UNKNOWN_PAR001,import,false,true,false
the first time since the,5,2,2,D16,21,D16_P021_SEC_16_64_PAR003,,false,true,false
a source of stability and,5,2,2,D16,21,D16_P021_SEC_16_64_PAR005,stability,false,true,false
", export capability , and",5,2,2,D16,21,D16_P021_SEC_16_64_PAR006,export,false,true,false
. an entrepreneurial state can,5,2,2,D17,6,D17_BOX003,,false,true,false
an entrepreneurial state can not,5,2,2,D17,6,D17_BOX003,,false,true,false
. equally important is the,5,2,2,D17,6,D17_BOX003,,false,true,false
"an end in itself ,",5,2,2,D17,8,D17_BOX005,,false,true,false
`` produce and protect '',5,2,1,D17,33,D17_BOX013,,false,true,false
the first part of this,5,2,2,D17,1,D17_P001_SEC_16_81_PAR001,,false,true,false
first part of this chapter,5,2,2,D17,1,D17_P001_SEC_16_81_PAR001,,false,true,false
the state to act under,5,2,2,D17,2,D17_P002_SEC_16_83_PAR001,,false,true,false
. the first part of,5,2,2,D17,2,D17_P002_SEC_16_85_PAR001,,false,true,false
in a world that is,5,2,2,D17,2,D17_P002_UNKNOWN_PAR001,,false,true,false
information available at the time,5,2,2,D17,4,D17_P004_SEC_16_91_PAR002,,false,true,false
when things go wrong .,5,2,2,D17,5,D17_P005_SEC_16_93_PAR002,,false,true,false
", state capacity is not",5,2,2,D17,6,D17_P006_UNKNOWN_PAR002,,false,true,false
a state that can not,5,2,1,D17,7,D17_P007_SEC_16_94_PAR005,,false,true,false
", and act with confidence",5,2,2,D17,8,D17_P008_SEC_16_99_PAR003,,false,true,false
and act with confidence under,5,2,2,D17,8,D17_P008_SEC_16_99_PAR003,,false,true,false
act with confidence under uncertainty,5,2,2,D17,8,D17_P008_SEC_16_99_PAR003,,false,true,false
. in both public and,5,2,2,D17,10,D17_P010_UNKNOWN_PAR006,,false,true,false
"dissemination of best practices ,",5,2,2,D17,13,D17_P013_UNKNOWN_PAR002,,false,true,false
", the state support mission",5,2,1,D17,13,D17_P013_UNKNOWN_PAR007,,false,true,false
through which public authority is,5,2,2,D17,14,D17_P014_UNKNOWN_PAR001,,false,true,false
which public authority is exercised,5,2,2,D17,14,D17_P014_UNKNOWN_PAR001,,false,true,false
"higher levels of development ,",5,2,2,D17,14,D17_P014_UNKNOWN_PAR004,,false,true,false
"learn , adapt , and",5,2,2,D17,14,D17_P014_UNKNOWN_PAR004,,false,true,false
as a core component of,5,2,2,D17,16,D17_P016_UNKNOWN_PAR001,,false,true,false
as a forcing mechanism for,5,2,2,D17,21,D17_P021_UNKNOWN_PAR002,,false,true,false
a moral economy in which,5,2,2,D17,22,D17_P022_UNKNOWN_PAR001,,false,true,false
", in that sense ,",5,2,2,D17,24,D17_P024_UNKNOWN_PAR004,,false,true,false
"systems such as ports ,",5,2,2,D17,24,D17_P024_UNKNOWN_PAR006,,false,true,false
"such as ports , highways",5,2,2,D17,24,D17_P024_UNKNOWN_PAR006,,false,true,false
"as ports , highways ,",5,2,2,D17,24,D17_P024_UNKNOWN_PAR006,,false,true,false
"areas , including land ,",5,2,2,D17,28,D17_P028_UNKNOWN_PAR005,,false,true,false
", including land , building",5,2,2,D17,28,D17_P028_UNKNOWN_PAR005,,false,true,false
"land , building regulations ,",5,2,2,D17,28,D17_P028_UNKNOWN_PAR005,,false,true,false
", building regulations , labour",5,2,2,D17,28,D17_P028_UNKNOWN_PAR005,,false,true,false
task force on compliance reduction,5,2,2,D17,28,D17_P028_UNKNOWN_PAR005,,false,true,false
force on compliance reduction and,5,2,2,D17,28,D17_P028_UNKNOWN_PAR005,,false,true,false
on compliance reduction and deregulation,5,2,2,D17,28,D17_P028_UNKNOWN_PAR005,,false,true,false
across states and union territories,5,2,2,D17,29,D17_P029_UNKNOWN_PAR002,,false,true,false
to the national single window,5,2,2,D17,29,D17_P029_UNKNOWN_PAR002,,false,true,false
the national single window system,5,2,2,D17,29,D17_P029_UNKNOWN_PAR002,,false,true,false
", building and construction ,",5,2,2,D17,29,D17_P029_UNKNOWN_PAR004,,false,true,false
", utilities and permissions ,",5,2,2,D17,29,D17_P029_UNKNOWN_PAR004,,false,true,false
as a continuous governance process,5,2,2,D17,31,D17_P031_UNKNOWN_PAR003,,false,true,false
a continuous governance process rather,5,2,2,D17,31,D17_P031_UNKNOWN_PAR003,,false,true,false
continuous governance process rather than,5,2,2,D17,31,D17_P031_UNKNOWN_PAR003,,false,true,false
governance process rather than a,5,2,2,D17,31,D17_P031_UNKNOWN_PAR003,,false,true,false
", jammu & kashmir ,",5,2,2,D17,31,D17_P031_UNKNOWN_PAR004,,false,true,false
", and uttar pradesh have",5,2,1,D17,31,D17_P031_UNKNOWN_PAR005,,false,true,false
and uttar pradesh have introduced,5,2,1,D17,31,D17_P031_UNKNOWN_PAR005,,false,true,false
of the compliance reduction and,5,2,2,D17,32,D17_P032_UNKNOWN_PAR003,,false,true,false
the compliance reduction and deregulation,5,2,2,D17,32,D17_P032_UNKNOWN_PAR003,,false,true,false
"deregulation , when pursued as",5,2,2,D17,32,D17_P032_UNKNOWN_PAR003,,false,true,false
", when pursued as a",5,2,2,D17,32,D17_P032_UNKNOWN_PAR003,,false,true,false
when pursued as a continuous,5,2,2,D17,32,D17_P032_UNKNOWN_PAR003,,false,true,false
"swadeshi to strategic resilience ,",5,2,2,D17,34,D17_P034_UNKNOWN_PAR003,,false,true,false
"to strategic resilience , and",5,2,2,D17,34,D17_P034_UNKNOWN_PAR003,,false,true,false
that state capacity is not,5,2,2,D17,34,D17_P034_UNKNOWN_PAR004,,false,true,false
behaviour of firms and citizens,5,2,2,D17,34,D17_P034_UNKNOWN_PAR004,,false,true,false
of firms and citizens .,5,2,2,D17,34,D17_P034_UNKNOWN_PAR004,,false,true,false
ai - ai ai ui,5,2,2,D17,36,D17_P036_UNKNOWN_PAR001,,false,true,false
amend building regulations to reduce,5,2,2,D17,36,D17_P036_UNKNOWN_PAR004,,false,true,false
building regulations to reduce land,5,2,2,D17,36,D17_P036_UNKNOWN_PAR004,,false,true,false
regulations to reduce land loss,5,2,2,D17,36,D17_P036_UNKNOWN_PAR004,loss,false,true,false
to reduce land loss in,5,2,2,D17,36,D17_P036_UNKNOWN_PAR004,loss,false,true,false
ai - ai ui ai,5,2,2,D17,36,D17_P036_UNKNOWN_PAR006,,false,true,false
allow night-time employment of women,5,2,2,D17,36,D17_P036_UNKNOWN_PAR009,employment,false,true,false
night-time employment of women in,5,2,2,D17,36,D17_P036_UNKNOWN_PAR009,employment,false,true,false
employment of women in all,5,2,2,D17,36,D17_P036_UNKNOWN_PAR009,employment,false,true,false
of women in all occupations,5,2,2,D17,36,D17_P036_UNKNOWN_PAR009,,false,true,false
women in all occupations (,5,2,2,D17,36,D17_P036_UNKNOWN_PAR009,,false,true,false
revise the working hours limit,5,2,2,D17,36,D17_P036_UNKNOWN_PAR011,,false,true,false
the working hours limit for,5,2,2,D17,36,D17_P036_UNKNOWN_PAR011,,false,true,false
ai ai ui ui ai,5,2,2,D17,36,D17_P036_UNKNOWN_PAR012,,false,true,false
- - ai ai ui,5,2,2,D17,36,D17_P036_UNKNOWN_PAR019,,false,true,false
- not implemented or not,5,2,1,D17,36,D17_P036_UNKNOWN_PAR023,,false,true,false
not implemented or not applicable,5,2,1,D17,36,D17_P036_UNKNOWN_PAR023,,false,true,false
the financial stability report (,5,2,2,D18,1,D18_P001_UNKNOWN_PAR002,financial;stability,false,true,false
one of the most significant,5,2,2,D18,1,D18_P001_UNKNOWN_PAR002,,false,true,false
the financial stability and development,5,2,2,D18,1,D18_P001_UNKNOWN_PAR002,financial;stability,false,true,false
financial stability and development council,5,2,2,D18,1,D18_P001_UNKNOWN_PAR002,financial;stability,false,true,false
stability and development council (,5,2,2,D18,1,D18_P001_UNKNOWN_PAR002,stability,false,true,false
across all bank groups .,5,2,2,D18,2,D18_P002_III_PAR002,bank,false,true,false
lending to the services sector,5,2,2,D18,2,D18_P002_II_PAR001,lending;sector,false,true,false
to the services sector and,5,2,2,D18,2,D18_P002_II_PAR001,sector,false,true,false
the services sector and personal,5,2,2,D18,2,D18_P002_II_PAR001,sector,false,true,false
services sector and personal loans,5,2,2,D18,2,D18_P002_II_PAR001,loans;sector,false,true,false
adequate capital and liquidity buffers,5,2,2,D18,2,D18_P002_I_PAR001,capital;liquidity,false,true,false
helped cushion the impact of,5,2,2,D18,2,D18_P002_I_PAR001,,false,true,false
the impact of external shocks,5,2,2,D18,2,D18_P002_I_PAR001,,false,true,false
within the rbi 's tolerance,5,2,2,D18,2,D18_P002_I_PAR002,,false,true,false
the rbi 's tolerance band,5,2,2,D18,2,D18_P002_I_PAR002,,false,true,false
"rbi 's tolerance band ,",5,2,2,D18,2,D18_P002_I_PAR002,,false,true,false
", stable net interest margins",5,2,2,D18,3,D18_P003_IV_PAR002,stable,false,true,false
stable net interest margins and,5,2,2,D18,3,D18_P003_IV_PAR002,stable,false,true,false
"encouragingly , asset quality in",5,2,2,D18,3,D18_P003_VI_PAR001,,false,true,false
the rbi cautions that the,5,2,2,D18,3,D18_P003_V_PAR001,,false,true,false
"▪ accordingly , banks and",5,2,2,D18,3,D18_P003_V_PAR003,banks,false,true,false
➢ the report also highlight,5,2,2,D18,4,D18_P004_A_PAR005,,false,true,false
the report notes that while,5,2,2,D18,4,D18_P004_C_PAR001,,false,true,false
the corporate sector continues to,5,2,2,D18,5,D18_P005_IX_PAR001,sector,false,true,false
continues to be a key,5,2,2,D18,5,D18_P005_IX_PAR001,,false,true,false
nbfcs should continue to maintain,5,2,2,D18,5,D18_P005_VIII_PAR009,,false,true,false
should continue to maintain prudent,5,2,2,D18,5,D18_P005_VIII_PAR009,,false,true,false
", asset quality in the",5,2,2,D18,5,D18_P005_X_PAR002,,false,true,false
expenditure : the government is,5,2,2,D19,1,D19_P001_UNKNOWN_PAR001,expenditure,false,true,false
: the government is estimated,5,2,2,D19,1,D19_P001_UNKNOWN_PAR001,,false,true,false
government is estimated to spend,5,2,2,D19,1,D19_P001_UNKNOWN_PAR001,,false,true,false
"is estimated to spend rs 53,47,315 crore",5,2,2,D19,1,D19_P001_UNKNOWN_PAR001,,false,true,false
"estimated to spend rs 53,47,315 crore in",5,2,2,D19,1,D19_P001_UNKNOWN_PAR001,,false,true,false
"to spend rs 53,47,315 crore in 2026-27",5,2,2,D19,1,D19_P001_UNKNOWN_PAR001,,false,true,false
borrowings ) in 2026-27 are,5,2,2,D19,1,D19_P001_UNKNOWN_PAR002,,false,true,false
) in 2026-27 are estimated,5,2,2,D19,1,D19_P001_UNKNOWN_PAR002,,false,true,false
7.2% higher than the revised,5,2,2,D19,1,D19_P001_UNKNOWN_PAR002,,false,true,false
rate of 10% in 2026-27,5,2,2,D19,1,D19_P001_UNKNOWN_PAR003,rate,false,true,false
▪ deficits : revenue deficit,5,2,2,D19,1,D19_P001_UNKNOWN_PAR004,deficit;revenue,false,true,false
revenue deficit in 2026-27 is,5,2,2,D19,1,D19_P001_UNKNOWN_PAR004,deficit;revenue,false,true,false
deficit in 2026-27 is targeted,5,2,1,D19,1,D19_P001_UNKNOWN_PAR004,deficit,false,true,false
in 2026-27 is targeted at,5,2,1,D19,1,D19_P001_UNKNOWN_PAR004,,false,true,false
is targeted at 1.5% of,5,2,2,D19,1,D19_P001_UNKNOWN_PAR004,,false,true,false
targeted at 1.5% of gdp,5,2,2,D19,1,D19_P001_UNKNOWN_PAR004,gdp,false,true,false
similar to the revised estimate,5,2,2,D19,1,D19_P001_UNKNOWN_PAR004,,false,true,false
fiscal deficit in 2026-27 is,5,2,2,D19,1,D19_P001_UNKNOWN_PAR004,deficit;fiscal,false,true,false
is targeted at 4.3% of,5,2,2,D19,1,D19_P001_UNKNOWN_PAR004,,false,true,false
targeted at 4.3% of gdp,5,2,2,D19,1,D19_P001_UNKNOWN_PAR004,gdp,false,true,false
"4.3% of gdp , lower",5,2,2,D19,1,D19_P001_UNKNOWN_PAR004,gdp,false,true,false
"of gdp , lower than",5,2,2,D19,1,D19_P001_UNKNOWN_PAR004,gdp,false,true,false
outstanding liabilities to around 50%,5,2,2,D19,1,D19_P001_UNKNOWN_PAR005,liabilities,false,true,false
of gdp by march 2031 .,5,2,2,D19,1,D19_P001_UNKNOWN_PAR005,gdp,false,true,false
are estimated to be 55.6%,5,2,2,D19,1,D19_P001_UNKNOWN_PAR005,,false,true,false
estimated to be 55.6% of,5,2,2,D19,1,D19_P001_UNKNOWN_PAR005,,false,true,false
or income from mutual fund,5,2,1,D19,1,D19_P001_UNKNOWN_PAR011,income,false,true,false
income from mutual fund units,5,2,1,D19,1,D19_P001_UNKNOWN_PAR011,income,false,true,false
from mutual fund units .,5,2,1,D19,1,D19_P001_UNKNOWN_PAR011,,false,true,false
include : ( i ),5,2,2,D19,1,D19_P001_UNKNOWN_PAR014,,false,true,false
has been reduced from 5%,5,2,1,D19,1,D19_P001_UNKNOWN_PAR016,,false,true,false
will be set up to,5,2,2,D19,1,D19_P001_UNKNOWN_PAR017,,false,true,false
will be provided to the,5,2,2,D19,2,D19_P002_UNKNOWN_PAR006,,false,true,false
as compared to revised estimates,5,2,2,D19,3,D19_P003_UNKNOWN_PAR002,,false,true,false
compared to revised estimates of,5,2,2,D19,3,D19_P003_UNKNOWN_PAR002,,false,true,false
to revised estimates of 2025-26,5,2,2,D19,3,D19_P003_UNKNOWN_PAR002,,false,true,false
in 2026-27 . this is,5,2,2,D19,3,D19_P003_UNKNOWN_PAR003,,false,true,false
. this is an increase,5,2,2,D19,3,D19_P003_UNKNOWN_PAR003,,false,true,false
is an increase of 7.7%,5,2,2,D19,3,D19_P003_UNKNOWN_PAR003,,false,true,false
an increase of 7.7% over,5,2,2,D19,3,D19_P003_UNKNOWN_PAR003,,false,true,false
increase of 7.7% over the,5,2,2,D19,3,D19_P003_UNKNOWN_PAR003,,false,true,false
of 7.7% over the revised,5,2,2,D19,3,D19_P003_UNKNOWN_PAR003,,false,true,false
7.7% over the revised estimate,5,2,2,D19,3,D19_P003_UNKNOWN_PAR003,,false,true,false
interest payments are expected to,5,2,2,D19,3,D19_P003_UNKNOWN_PAR004,payments,false,true,false
payments are expected to increase,5,2,2,D19,3,D19_P003_UNKNOWN_PAR004,payments,false,true,false
are expected to increase by,5,2,2,D19,3,D19_P003_UNKNOWN_PAR004,,false,true,false
( excluding borrowings ) are,5,2,2,D19,3,D19_P003_UNKNOWN_PAR005,,false,true,false
estimate of 2025-26 . the,5,2,2,D19,3,D19_P003_UNKNOWN_PAR005,,false,true,false
revised estimate for 2025-26 (,5,2,1,D19,3,D19_P003_UNKNOWN_PAR007,,false,true,false
2025-26 ( 4.4% of gdp,5,2,2,D19,3,D19_P003_UNKNOWN_PAR007,gdp,false,true,false
( 4.4% of gdp ),5,2,2,D19,3,D19_P003_UNKNOWN_PAR007,gdp,false,true,false
4.4% of gdp ) .,5,2,2,D19,3,D19_P003_UNKNOWN_PAR007,gdp,false,true,false
of 10% in 2026-27 .,5,2,2,D19,3,D19_P003_UNKNOWN_PAR008,,false,true,false
an increase of 7.2% over,5,2,2,D19,4,D19_P004_UNKNOWN_PAR003,,false,true,false
increase of 7.2% over the,5,2,2,D19,4,D19_P004_UNKNOWN_PAR003,,false,true,false
of 7.2% over the revised,5,2,2,D19,4,D19_P004_UNKNOWN_PAR003,,false,true,false
for 2025-26 . this is,5,2,2,D19,4,D19_P004_UNKNOWN_PAR003,,false,true,false
centre 's net tax revenue,5,2,2,D19,4,D19_P004_UNKNOWN_PAR003,revenue;tax,false,true,false
", over the revised estimates",5,2,2,D19,4,D19_P004_UNKNOWN_PAR004,,false,true,false
"revised estimates of 2025-26 ,",5,2,2,D19,4,D19_P004_UNKNOWN_PAR004,,false,true,false
in 2026-27 is expected to,5,2,2,D19,4,D19_P004_UNKNOWN_PAR004,,false,true,false
for 2025-26 . in 2025-26,5,2,2,D19,4,D19_P004_UNKNOWN_PAR005,,false,true,false
"2025-26 . in 2025-26 ,",5,2,2,D19,4,D19_P004_UNKNOWN_PAR005,,false,true,false
"in 2026-27 , which is",5,2,2,D19,4,D19_P004_UNKNOWN_PAR006,,false,true,false
", which is an increase",5,2,2,D19,4,D19_P004_UNKNOWN_PAR006,,false,true,false
which is an increase of,5,2,2,D19,4,D19_P004_UNKNOWN_PAR006,,false,true,false
lower than the budget estimate,5,2,2,D19,4,D19_P004_UNKNOWN_PAR006,budget,false,true,false
. this is mainly due,5,2,2,D19,4,D19_P004_UNKNOWN_PAR006,,false,true,false
this is mainly due to,5,2,2,D19,4,D19_P004_UNKNOWN_PAR006,,false,true,false
. the revised estimates for,5,2,2,D19,4,D19_P004_UNKNOWN_PAR008,,false,true,false
is proposed to be spent,5,2,1,D19,5,D19_P005_UNKNOWN_PAR003,,false,true,false
proposed to be spent on,5,2,1,D19,5,D19_P005_UNKNOWN_PAR003,,false,true,false
increase over the revised estimate,5,2,1,D19,5,D19_P005_UNKNOWN_PAR003,,false,true,false
revised estimate of 2025-26 ),5,2,1,D19,5,D19_P005_UNKNOWN_PAR003,,false,true,false
centrally sponsored schemes and other,5,2,2,D19,5,D19_P005_UNKNOWN_PAR004,,false,true,false
the government has estimated to,5,2,2,D19,5,D19_P005_UNKNOWN_PAR005,,false,true,false
recommendations of the 16 th,5,2,2,D19,5,D19_P005_UNKNOWN_PAR006,,false,true,false
16 th finance commission (,5,2,2,D19,5,D19_P005_UNKNOWN_PAR006,finance,false,true,false
than the revised estimates of,5,2,2,D19,5,D19_P005_UNKNOWN_PAR006,,false,true,false
revised estimates of 2025-26 (,5,2,2,D19,5,D19_P005_UNKNOWN_PAR006,,false,true,false
: allocation is estimated to,5,2,2,D19,6,D19_P006_UNKNOWN_PAR002,,false,true,false
allocation is estimated to increase,5,2,2,D19,6,D19_P006_UNKNOWN_PAR002,,false,true,false
of 2025-26 ( see table,5,2,2,D19,6,D19_P006_UNKNOWN_PAR003,,false,true,false
2025-26 ( see table 6,5,2,2,D19,6,D19_P006_UNKNOWN_PAR003,,false,true,false
( see table 6 ),5,2,2,D19,6,D19_P006_UNKNOWN_PAR003,,false,true,false
see table 6 ) .,5,2,2,D19,6,D19_P006_UNKNOWN_PAR003,,false,true,false
due to increased allocation towards,5,2,2,D19,6,D19_P006_UNKNOWN_PAR004,,false,true,false
") . in 2025-26 ,",5,2,2,D19,6,D19_P006_UNKNOWN_PAR006,,false,true,false
of the total subsidy bill,5,2,1,D19,6,D19_P006_UNKNOWN_PAR006,,false,true,false
the total subsidy bill .,5,2,1,D19,6,D19_P006_UNKNOWN_PAR006,,false,true,false
the viksit bharat rozgar yojana,5,2,2,D19,7,D19_P007_UNKNOWN_PAR002,,false,true,false
"as per revised estimates ,",5,2,2,D19,7,D19_P007_UNKNOWN_PAR003,,false,true,false
for the welfare of women,5,2,2,D19,7,D19_P007_UNKNOWN_PAR006,,false,true,false
▪ allocation towards the welfare,5,2,2,D19,7,D19_P007_UNKNOWN_PAR008,,false,true,false
allocation towards the welfare of,5,2,2,D19,7,D19_P007_UNKNOWN_PAR008,,false,true,false
is estimated to increase due,5,2,2,D19,7,D19_P007_UNKNOWN_PAR008,,false,true,false
estimated to increase due to,5,2,2,D19,7,D19_P007_UNKNOWN_PAR008,,false,true,false
deficit in 2026-27 is estimated,5,2,2,D19,8,D19_P008_UNKNOWN_PAR003,deficit,false,true,false
. it is estimated to,5,2,2,D19,8,D19_P008_UNKNOWN_PAR004,,false,true,false
it is estimated to be,5,2,2,D19,8,D19_P008_UNKNOWN_PAR004,,false,true,false
deficit : budgeted vs actual,5,2,2,D19,8,D19_P008_UNKNOWN_PAR005,deficit,false,true,false
: budgeted vs actual (,5,2,2,D19,8,D19_P008_UNKNOWN_PAR005,,false,true,false
budgeted vs actual ( as,5,2,2,D19,8,D19_P008_UNKNOWN_PAR005,,false,true,false
vs actual ( as %,5,2,2,D19,8,D19_P008_UNKNOWN_PAR005,,false,true,false
actual ( as % of,5,2,2,D19,8,D19_P008_UNKNOWN_PAR005,,false,true,false
( as % of gdp,5,2,2,D19,8,D19_P008_UNKNOWN_PAR005,gdp,false,true,false
as % of gdp ),5,2,2,D19,8,D19_P008_UNKNOWN_PAR005,gdp,false,true,false
0% 2% 4% 6% 8%,5,2,2,D19,8,D19_P008_UNKNOWN_PAR007,,false,true,false
2% 4% 6% 8% 10%,5,2,2,D19,8,D19_P008_UNKNOWN_PAR007,,false,true,false
by the 15 th fc,5,2,2,D19,9,D19_P009_UNKNOWN_PAR005,,false,true,false
a comparatively higher weightage .,5,2,2,D19,9,D19_P009_UNKNOWN_PAR005,,false,true,false
: the 16 th fc,5,2,2,D19,9,D19_P009_UNKNOWN_PAR007,,false,true,false
16 th fc has recommended,5,2,2,D19,9,D19_P009_UNKNOWN_PAR007,,false,true,false
"41,818 76,000 64,027 1,18,397 84.9%",5,2,2,D19,3,D19_T001,,false,true,false
"76,000 64,027 1,18,397 84.9% of",5,2,2,D19,3,D19_T001,,false,true,false
"64,027 1,18,397 84.9% of which",5,2,2,D19,3,D19_T001,,false,true,false
"1,18,397 84.9% of which :",5,2,2,D19,3,D19_T001,,false,true,false
"17,202 47,000 33,837 80,000 136.4%",5,2,2,D19,3,D19_T001,,false,true,false
"15,74,431 15,68,936 15,58,492 16,95,768 8.8%",5,2,2,D19,3,D19_T001,,false,true,false
"glance , union budget documents",5,2,2,D19,3,D19_T001,budget,false,true,false
expenditure is expected to increase,5,2,1,D19,3,D19_T001,expenditure,false,true,false
public sector undertakings ( psus,5,2,2,D19,3,D19_T001,sector,false,true,false
sector undertakings ( psus ),5,2,2,D19,3,D19_T001,sector,false,true,false
. this marks the first,5,2,2,D19,3,D19_T001,,false,true,false
receipts ( without borrowings ),5,2,1,D19,4,D19_T002,,false,true,false
2026-27 ; prs . ▪,5,2,2,D19,4,D19_T002,,false,true,false
in 2026-27 . in 2025-26,5,2,2,D19,4,D19_T002,,false,true,false
"2026-27 . in 2025-26 ,",5,2,2,D19,4,D19_T002,,false,true,false
"50,65,345 49,64,842 53,47,315 7.7% sources",5,2,2,D19,5,D19_T003,,false,true,false
"49,64,842 53,47,315 7.7% sources :",5,2,2,D19,5,D19_T003,,false,true,false
has the highest allocation in,5,2,2,D19,5,D19_T003,,false,true,false
the highest allocation in 2026-27,5,2,2,D19,5,D19_T003,,false,true,false
"corrected on february 2 ,",5,2,2,D19,5,D19_T004,,false,true,false
"on february 2 , 2026",5,2,2,D19,5,D19_T004,,false,true,false
"february 2 , 2026 .",5,2,2,D19,5,D19_T004,,false,true,false
"2 , 2026 . february",5,2,2,D19,5,D19_T004,,false,true,false
", 2026 . february 1",5,2,2,D19,5,D19_T004,,false,true,false
"2026 . february 1 ,",5,2,2,D19,5,D19_T004,,false,true,false
"sources : expenditure profile ,",5,2,2,D19,6,D19_T005,expenditure,false,true,false
": expenditure profile , union",5,2,2,D19,6,D19_T005,expenditure,false,true,false
"expenditure profile , union budget",5,2,2,D19,6,D19_T005,budget;expenditure,false,true,false
"profile , union budget 2026-27",5,2,2,D19,6,D19_T005,budget,false,true,false
0% pradhan mantri awas yojana,5,2,1,D19,6,D19_T006,,false,true,false
is significantly lower than the,5,2,1,D19,6,D19_T006,,false,true,false
significantly lower than the budget,5,2,1,D19,6,D19_T006,budget,false,true,false
. the 16 th fc,5,2,2,D19,9,D19_T009,,false,true,false
"the year , with the",5,2,2,D20,1,D20_P001_SEC_2_1_1_PAR001,,false,true,false
in the latter part of,5,2,2,D20,1,D20_P001_UNKNOWN_PAR003,,false,true,false
conflict in the middle east,5,2,2,D20,1,D20_P001_UNKNOWN_PAR003,,false,true,false
in late february 2026 . the,5,2,2,D20,1,D20_P001_UNKNOWN_PAR003,,false,true,false
the near-closure of the strait,5,2,2,D20,1,D20_P001_UNKNOWN_PAR003,,false,true,false
near-closure of the strait of,5,2,2,D20,1,D20_P001_UNKNOWN_PAR003,,false,true,false
in the history of the,5,2,2,D20,1,D20_P001_UNKNOWN_PAR003,,false,true,false
the history of the global,5,2,2,D20,1,D20_P001_UNKNOWN_PAR003,,false,true,false
history of the global oil,5,2,2,D20,1,D20_P001_UNKNOWN_PAR003,oil,false,true,false
of the global oil market,5,2,2,D20,1,D20_P001_UNKNOWN_PAR003,market;oil,false,true,false
surged above usd 100 per barrel,5,2,2,D20,1,D20_P001_UNKNOWN_PAR003,,false,true,false
"above usd 100 per barrel ,",5,2,2,D20,1,D20_P001_UNKNOWN_PAR003,,false,true,false
of the financial year .,5,2,2,D20,1,D20_P001_UNKNOWN_PAR003,financial,false,true,false
h 1 of the fiscal,5,2,2,D20,2,D20_P002_SEC_2_1_1_PAR001,fiscal,false,true,false
the first half and geopolitical,5,2,2,D20,2,D20_P002_SEC_2_1_1_PAR002,,false,true,false
". however , the outbreak",5,2,2,D20,4,D20_P004_II_PAR001,,false,true,false
"however , the outbreak of",5,2,2,D20,4,D20_P004_II_PAR001,,false,true,false
shock from the middle east,5,2,2,D20,6,D20_P006_SEC_2_1_3_PAR003,,false,true,false
. this led to a,5,2,2,D20,6,D20_P006_SEC_2_1_3_PAR003,,false,true,false
the latter part of the,5,2,2,D20,7,D20_P007_SEC_2_2_1_PAR003,,false,true,false
latter part of the year,5,2,2,D20,7,D20_P007_SEC_2_2_1_PAR003,,false,true,false
to a confluence of factors,5,2,2,D20,7,D20_P007_SEC_2_2_1_PAR004,,false,true,false
following the outbreak of middle,5,2,2,D20,8,D20_P008_SEC_2_2_1_PAR002,,false,true,false
the outbreak of middle east,5,2,2,D20,8,D20_P008_SEC_2_2_1_PAR002,,false,true,false
outbreak of middle east hostilities,5,2,2,D20,8,D20_P008_SEC_2_2_1_PAR002,,false,true,false
"the middle east conflict ,",5,2,2,D20,9,D20_P009_SEC_2_2_1_PAR002,,false,true,false
in the debt segment .,5,2,2,D20,9,D20_P009_SEC_2_2_1_PAR002,debt,false,true,false
s & p gsci composite,5,2,2,D20,11,D20_P011_SEC_2_3_PAR004,,false,true,false
during the year . the,5,2,2,D20,11,D20_P011_SEC_2_3_PAR004,,false,true,false
relative to global peers .,5,2,2,D20,5,D20_T001,,false,true,false
", per cent of gdp",5,2,1,D20,5,D20_T001,gdp,false,true,false
per cent of gdp world,5,2,1,D20,5,D20_T001,gdp,false,true,false
sebi ( delisting of equity,5,2,2,D21,2,D21_BOX001,equity,false,true,false
( delisting of equity shares,5,2,2,D21,2,D21_BOX001,equity,false,true,false
delisting of equity shares ),5,2,2,D21,2,D21_BOX001,equity,false,true,false
at least 90 per cent of the,5,2,2,D21,2,D21_BOX001,,false,true,false
price paid or payable for,5,2,1,D21,2,D21_BOX001,,false,true,false
by the acquirer during the,5,2,1,D21,2,D21_BOX001,,false,true,false
weeks immediately preceding the reference,5,2,1,D21,2,D21_BOX001,,false,true,false
immediately preceding the reference date,5,2,1,D21,2,D21_BOX001,,false,true,false
preceding the reference date ;,5,2,1,D21,2,D21_BOX001,,false,true,false
to address these challenges and,5,2,2,D21,2,D21_BOX001,,false,true,false
and facilitate the ease of,5,2,2,D21,2,D21_BOX001,,false,true,false
facilitate the ease of doing,5,2,2,D21,2,D21_BOX001,,false,true,false
the draft red herring prospectus,5,2,2,D21,2,D21_BOX001,,false,true,false
fresh capital raising and ofs,5,2,2,D21,5,D21_BOX003,capital,false,true,false
"543 mainboard ipos and 1,391",5,2,2,D21,5,D21_BOX003,,false,true,false
"mainboard ipos and 1,391 sme",5,2,2,D21,5,D21_BOX003,,false,true,false
"ipos and 1,391 sme ipos",5,2,2,D21,5,D21_BOX003,,false,true,false
of the total funds mobilized,5,2,2,D21,11,D21_BOX005,,false,true,false
independent of the issuer 's,5,2,2,D21,13,D21_BOX009,,false,true,false
of the issuer 's management,5,2,2,D21,13,D21_BOX009,,false,true,false
the issuer 's management and,5,2,2,D21,13,D21_BOX009,,false,true,false
policy measures taken by sebi,5,2,2,D21,1,D21_P001_SEC_3_1_PAR003,policy,false,true,false
measures taken by sebi during,5,2,2,D21,1,D21_P001_SEC_3_1_PAR003,,false,true,false
taken by sebi during 2025-26,5,2,2,D21,1,D21_P001_SEC_3_1_PAR003,,false,true,false
by sebi during 2025-26 to,5,2,2,D21,1,D21_P001_SEC_3_1_PAR003,,false,true,false
norms : the framework for,5,2,2,D21,3,D21_P003_SEC_3_1_1_PAR006,,false,true,false
the minimum application size for,5,2,2,D21,3,D21_P003_SEC_3_1_1_PAR007,,false,true,false
minimum application size for subscribing,5,2,2,D21,3,D21_P003_SEC_3_1_1_PAR007,,false,true,false
application size for subscribing to,5,2,2,D21,3,D21_P003_SEC_3_1_1_PAR007,,false,true,false
size for subscribing to zero,5,2,2,D21,3,D21_P003_SEC_3_1_1_PAR007,,false,true,false
for subscribing to zero coupon,5,2,2,D21,3,D21_P003_SEC_3_1_1_PAR007,,false,true,false
subscribing to zero coupon zero,5,2,2,D21,3,D21_P003_SEC_3_1_1_PAR007,,false,true,false
in order to facilitate ease,5,2,2,D21,3,D21_P003_SEC_3_1_1_PAR009,,false,true,false
order to facilitate ease of,5,2,2,D21,3,D21_P003_SEC_3_1_1_PAR009,,false,true,false
"requirements ) regulations , 2018",5,2,2,D21,3,D21_P003_SEC_3_1_1_PAR009,,false,true,false
increase over the previous year,5,2,2,D21,4,D21_P004_SEC_3_1_2_PAR002,,false,true,false
to the public sector .,5,2,2,D21,6,D21_P006_SEC_3_1_2_PAR001,sector,false,true,false
the total capital raised .,5,2,2,D21,6,D21_P006_SEC_3_1_2_PAR003,capital,false,true,false
"during 2025-26 , out of",5,2,2,D21,6,D21_P006_SEC_3_1_2_PAR006,,false,true,false
"on the sme platform ,",5,2,2,D21,6,D21_P006_SEC_3_1_2_PAR007,,false,true,false
or more but less than,5,2,2,D21,6,D21_P006_SEC_3_1_2_PAR008,,false,true,false
issues were of issue size,5,2,2,D21,6,D21_P006_SEC_3_1_2_PAR009,,false,true,false
≥ ₹ 5 crore & < ₹ 10 crore,5,2,2,D21,7,D21_P007_SEC_3_1_2_PAR005,,false,true,false
excluding the time for which,5,2,2,D21,8,D21_P008_UNKNOWN_PAR001,,false,true,false
the time for which the,5,2,2,D21,8,D21_P008_UNKNOWN_PAR001,,false,true,false
time for which the queries,5,2,2,D21,8,D21_P008_UNKNOWN_PAR001,,false,true,false
for which the queries were,5,2,2,D21,8,D21_P008_UNKNOWN_PAR001,,false,true,false
which the queries were pending,5,2,2,D21,8,D21_P008_UNKNOWN_PAR001,,false,true,false
the queries were pending with,5,2,2,D21,8,D21_P008_UNKNOWN_PAR001,,false,true,false
queries were pending with intermediary,5,2,2,D21,8,D21_P008_UNKNOWN_PAR001,,false,true,false
were pending with intermediary or,5,2,2,D21,8,D21_P008_UNKNOWN_PAR001,,false,true,false
pending with intermediary or with,5,2,2,D21,8,D21_P008_UNKNOWN_PAR001,,false,true,false
with intermediary or with other,5,2,2,D21,8,D21_P008_UNKNOWN_PAR001,,false,true,false
intermediary or with other regulator,5,2,2,D21,8,D21_P008_UNKNOWN_PAR001,,false,true,false
"ii . during 2025-26 ,",5,2,2,D21,8,D21_P008_UNKNOWN_PAR003,,false,true,false
. by the end of,5,2,2,D21,8,D21_P008_UNKNOWN_PAR008,,false,true,false
by the end of 2025-26,5,2,2,D21,8,D21_P008_UNKNOWN_PAR008,,false,true,false
request for quote platform (,5,2,2,D21,9,D21_P009_SEC_3_2_1_PAR001,,false,true,false
for quote platform ( rfq,5,2,2,D21,9,D21_P009_SEC_3_2_1_PAR001,,false,true,false
quote platform ( rfq ),5,2,2,D21,9,D21_P009_SEC_3_2_1_PAR001,,false,true,false
open offers with offer size,5,2,2,D21,12,D21_P012_SEC_3_3_2_PAR004,,false,true,false
offers with offer size of,5,2,2,D21,12,D21_P012_SEC_3_3_2_PAR004,,false,true,false
", madhya pradesh , chhattisgarh",5,2,2,D21,12,D21_P012_UNKNOWN_PAR002,,false,true,false
"madhya pradesh , chhattisgarh and",5,2,2,D21,12,D21_P012_UNKNOWN_PAR002,,false,true,false
", sebi will continue to",5,2,2,D21,12,D21_P012_UNKNOWN_PAR003,,false,true,false
"during 2025-26 , the total",5,2,2,D21,14,D21_P014_SEC_3_3_2_PAR001,,false,true,false
sebi ( merchant bankers ),5,2,2,D21,16,D21_P016_SEC_3_4_1_PAR003,,false,true,false
that sebi 's investor protection,5,2,2,D21,16,D21_P016_SEC_3_4_1_PAR003,investor,false,true,false
firms with a minimum net,5,2,1,D21,16,D21_P016_SEC_3_4_1_PAR003,,false,true,false
with a minimum net worth,5,2,1,D21,16,D21_P016_SEC_3_4_1_PAR003,,false,true,false
a minimum net worth of,5,2,1,D21,16,D21_P016_SEC_3_4_1_PAR003,,false,true,false
": during 2025-26 , new",5,2,2,D21,16,D21_P016_SEC_3_4_2_PAR002,,false,true,false
registrars to issue and share,5,2,2,D21,16,D21_P016_SEC_3_4_2_PAR002,,false,true,false
"and safeguard investor interests ,",5,2,2,D21,16,D21_P016_SEC_3_4_PAR002,investor,false,true,false
"2025-26 , the median processing",5,2,2,D21,17,D21_P017_SEC_3_4_2_PAR002,,false,true,false
", the median processing time",5,2,2,D21,17,D21_P017_SEC_3_4_2_PAR002,,false,true,false
2024-25 2025-26 percentage share in,5,2,2,D21,5,D21_T001,,false,true,false
2025-26 percentage share in total,5,2,2,D21,5,D21_T001,,false,true,false
percentage share in total amount,5,2,2,D21,5,D21_T001,,false,true,false
( ₹crore ) 2024-25 2025-26,5,2,2,D21,5,D21_T001,,false,true,false
both ( ofs + fresh,5,2,1,D21,5,D21_T001,,false,true,false
( ofs + fresh issue,5,2,1,D21,5,D21_T001,,false,true,false
ofs + fresh issue ),5,2,1,D21,5,D21_T001,,false,true,false
"464 2,10,190 506 2,34,872 100",5,2,2,D21,5,D21_T001,,false,true,false
"2,10,190 506 2,34,872 100 100",5,2,2,D21,5,D21_T001,,false,true,false
≥ ₹ 50 crore & < ₹ 100 crore,5,2,2,D21,6,D21_T002,,false,true,false
≥ ₹ 100 crore & < ₹ 500 crore,5,2,2,D21,6,D21_T002,,false,true,false
amount ( ₹crore ) share,5,2,2,D21,7,D21_T003,,false,true,false
( ₹crore ) share in,5,2,2,D21,7,D21_T003,,false,true,false
₹crore ) share in total,5,2,2,D21,7,D21_T003,,false,true,false
) share in total amount,5,2,2,D21,7,D21_T003,,false,true,false
share in total amount share,5,2,2,D21,7,D21_T003,,false,true,false
in total amount share in,5,2,2,D21,7,D21_T003,,false,true,false
total amount share in total,5,2,2,D21,7,D21_T003,,false,true,false
amount share in total amount,5,2,2,D21,7,D21_T003,,false,true,false
( ₹ crore ) 2024-25,5,2,2,D21,11,D21_T009,,false,true,false
were made with the objective,5,2,1,D21,14,D21_T010,,false,true,false
made with the objective of,5,2,1,D21,14,D21_T010,,false,true,false
sebi ( substantial acquisition of,5,2,2,D21,14,D21_T010,,false,true,false
( substantial acquisition of shares,5,2,2,D21,14,D21_T010,,false,true,false
substantial acquisition of shares and,5,2,2,D21,14,D21_T010,,false,true,false
acquisition of shares and takeovers,5,2,2,D21,14,D21_T010,,false,true,false
of shares and takeovers ),5,2,2,D21,14,D21_T010,,false,true,false
the beginning of the year,5,2,2,D21,14,D21_T011,,false,true,false
letters of offer received during,5,2,1,D21,14,D21_T011,,false,true,false
of offer received during the,5,2,1,D21,14,D21_T011,,false,true,false
in process at the end,5,2,2,D21,14,D21_T011,,false,true,false
process at the end of,5,2,2,D21,14,D21_T011,,false,true,false
buy- back size actual amount,5,2,1,D21,14,D21_T012,,false,true,false
back size actual amount utilized,5,2,1,D21,14,D21_T012,,false,true,false
size actual amount utilized for,5,2,1,D21,14,D21_T012,,false,true,false
actual amount utilized for buy-,5,2,1,D21,14,D21_T012,,false,true,false
particulars no . of cases,5,2,2,D21,14,D21_T012,,false,true,false
no . of cases no,5,2,2,D21,14,D21_T012,,false,true,false
. of cases no .,5,2,2,D21,14,D21_T012,,false,true,false
of cases no . of,5,2,2,D21,14,D21_T012,,false,true,false
( ₹crore ) back (,5,2,1,D21,14,D21_T012,,false,true,false
₹crore ) back ( ₹crore,5,2,1,D21,14,D21_T012,,false,true,false
) back ( ₹crore ),5,2,1,D21,14,D21_T012,,false,true,false
"during 2025-26 , sebi issued",5,2,2,D21,15,D21_T014,,false,true,false
"regulations , 2015 . the",5,2,2,D21,15,D21_T014,,false,true,false
demat account of promoter (,5,2,1,D21,15,D21_T014,account,false,true,false
account of promoter ( s,5,2,1,D21,15,D21_T014,account,false,true,false
of promoter ( s ),5,2,1,D21,15,D21_T014,,false,true,false
"on january 30 , 2026",5,2,2,D21,15,D21_T015,,false,true,false
median time for processing applications,5,2,2,D21,17,D21_T016,,false,true,false
( in working days ),5,2,2,D21,17,D21_T016,,false,true,false
type of intermediary registered as,5,2,2,D21,17,D21_T017,,false,true,false
of intermediary registered as on,5,2,2,D21,17,D21_T017,,false,true,false
registered as on march 31,5,2,2,D21,17,D21_T017,,false,true,false
"march 31 , 2026 2025-26",5,2,2,D21,17,D21_T017,,false,true,false
in the equity cash segment,5,2,2,D22,2,D22_BOX001,equity,false,true,false
volume weighted average price (,5,2,2,D22,2,D22_BOX001,,false,true,false
weighted average price ( vwap,5,2,2,D22,2,D22_BOX001,,false,true,false
average price ( vwap ),5,2,2,D22,2,D22_BOX001,,false,true,false
closing auction session ( cas,5,2,2,D22,2,D22_BOX001,,false,true,false
auction session ( cas ),5,2,2,D22,2,D22_BOX001,,false,true,false
the escalation of the iran-u.s.,5,2,2,D22,2,D22_BOX001,,false,true,false
escalation of the iran-u.s. conflict,5,2,2,D22,2,D22_BOX001,,false,true,false
development and strengthening of equity,5,2,2,D22,12,D22_BOX003,equity,false,true,false
and strengthening of equity futures,5,2,2,D22,12,D22_BOX003,equity,false,true,false
strengthening of equity futures and,5,2,2,D22,12,D22_BOX003,equity,false,true,false
of equity futures and options,5,2,2,D22,12,D22_BOX003,equity,false,true,false
equity futures and options (,5,2,2,D22,12,D22_BOX003,equity,false,true,false
futures and options ( f,5,2,2,D22,12,D22_BOX003,,false,true,false
and options ( f &,5,2,2,D22,12,D22_BOX003,,false,true,false
options ( f & o,5,2,2,D22,12,D22_BOX003,,false,true,false
( f & o ),5,2,2,D22,12,D22_BOX003,,false,true,false
f & o ) market,5,2,2,D22,12,D22_BOX003,market,false,true,false
"& o ) market ,",5,2,2,D22,12,D22_BOX003,market,false,true,false
"o ) market , sebi",5,2,2,D22,12,D22_BOX003,market,false,true,false
in order to review the,5,2,2,D22,12,D22_BOX003,,false,true,false
order to review the existing,5,2,2,D22,12,D22_BOX003,,false,true,false
to review the existing regulatory,5,2,2,D22,12,D22_BOX003,regulatory,false,true,false
review the existing regulatory measures,5,2,2,D22,12,D22_BOX003,regulatory,false,true,false
the existing regulatory measures for,5,2,2,D22,12,D22_BOX003,regulatory,false,true,false
existing regulatory measures for investor,5,2,2,D22,12,D22_BOX003,investor;regulatory,false,true,false
regulatory measures for investor protection,5,2,2,D22,12,D22_BOX003,investor;regulatory,false,true,false
measures for investor protection while,5,2,2,D22,12,D22_BOX003,investor,false,true,false
for investor protection while ensuring,5,2,2,D22,12,D22_BOX003,investor,false,true,false
investor protection while ensuring the,5,2,2,D22,12,D22_BOX003,investor,false,true,false
protection while ensuring the orderly,5,2,2,D22,12,D22_BOX003,,false,true,false
of ease of doing business,5,2,2,D22,35,D22_BOX007,,false,true,false
and return verification agency (,5,2,2,D22,35,D22_BOX007,,false,true,false
return verification agency ( parrva,5,2,2,D22,35,D22_BOX007,,false,true,false
verification agency ( parrva ),5,2,2,D22,35,D22_BOX007,,false,true,false
", the indian capital market",5,2,2,D22,1,D22_P001_SEC_4_1_2_PAR002,capital;market,false,true,false
", and heightened geopolitical uncertainties",5,2,2,D22,1,D22_P001_SEC_4_1_2_PAR002,,false,true,false
and heightened geopolitical uncertainties .,5,2,2,D22,1,D22_P001_SEC_4_1_2_PAR002,,false,true,false
persistent foreign selling with a,5,2,2,D22,1,D22_P001_UNKNOWN_PAR001,foreign,false,true,false
foreign selling with a record,5,2,2,D22,1,D22_P001_UNKNOWN_PAR001,foreign,false,true,false
with a record net inflow,5,2,2,D22,1,D22_P001_UNKNOWN_PAR001,,false,true,false
a record net inflow of,5,2,2,D22,1,D22_P001_UNKNOWN_PAR001,,false,true,false
record net inflow of ₹8.5 lakh crore,5,2,2,D22,1,D22_P001_UNKNOWN_PAR001,,false,true,false
as the world 's fifth-largest,5,2,2,D22,1,D22_P001_UNKNOWN_PAR001,,false,true,false
the world 's fifth-largest stock,5,2,2,D22,1,D22_P001_UNKNOWN_PAR001,,false,true,false
world 's fifth-largest stock market,5,2,2,D22,1,D22_P001_UNKNOWN_PAR001,market,false,true,false
: in order to align,5,2,2,D22,1,D22_P001_UNKNOWN_PAR003,,false,true,false
continued to provide stability to,5,2,2,D22,2,D22_P002_SEC_4_1_1_PAR001,stability,false,true,false
to provide stability to the,5,2,2,D22,2,D22_P002_SEC_4_1_1_PAR001,stability,false,true,false
provide stability to the equity,5,2,2,D22,2,D22_P002_SEC_4_1_1_PAR001,equity;stability,false,true,false
stability to the equity market,5,2,2,D22,2,D22_P002_SEC_4_1_1_PAR001,equity;market;stability,false,true,false
". however , despite the",5,2,2,D22,2,D22_P002_SEC_4_1_1_PAR001,,false,true,false
". among sectoral indices ,",5,2,2,D22,3,D22_P003_SEC_4_1_1_PAR001,,false,true,false
") . conversely , the",5,2,2,D22,3,D22_P003_SEC_4_1_1_PAR001,,false,true,false
"in 2024-25 . similarly ,",5,2,2,D22,3,D22_P003_SEC_4_1_1_PAR004,,false,true,false
"2024-25 . similarly , the",5,2,2,D22,3,D22_P003_SEC_4_1_1_PAR004,,false,true,false
average daily turnover ( adt,5,2,2,D22,3,D22_P003_SEC_4_1_1_PAR004,,false,true,false
daily turnover ( adt ),5,2,2,D22,3,D22_P003_SEC_4_1_1_PAR004,,false,true,false
the same period . this,5,2,2,D22,3,D22_P003_SEC_4_1_1_PAR004,,false,true,false
", 2026 , india 's",5,2,2,D22,5,D22_P005_SEC_4_1_1_PAR001,,false,true,false
"in 2024-25 ) , while",5,2,2,D22,5,D22_P005_SEC_4_1_1_PAR001,,false,true,false
". conversely , at bse",5,2,2,D22,5,D22_P005_SEC_4_1_1_PAR002,,false,true,false
"conversely , at bse ,",5,2,2,D22,5,D22_P005_SEC_4_1_1_PAR002,,false,true,false
considered . ii . *,5,2,2,D22,5,D22_P005_SEC_4_1_1_PAR006,,false,true,false
source : nse and bse,5,2,2,D22,5,D22_P005_SEC_4_1_1_PAR010,,false,true,false
", the ratio of delivery-to-traded",5,2,1,D22,6,D22_P006_SEC_4_1_1_PAR005,,false,true,false
"during 2025-26 , a total",5,2,2,D22,7,D22_P007_SEC_4_1_3_PAR001,,false,true,false
", a total of 60",5,2,2,D22,7,D22_P007_SEC_4_1_3_PAR001,,false,true,false
a total of 60 scrips,5,2,2,D22,7,D22_P007_SEC_4_1_3_PAR001,,false,true,false
the sebi ( depositories and,5,2,2,D22,7,D22_P007_SEC_4_1_3_PAR001,,false,true,false
"and participants ) regulations ,",5,2,2,D22,7,D22_P007_SEC_4_1_3_PAR001,,false,true,false
"participants ) regulations , 2018",5,2,2,D22,7,D22_P007_SEC_4_1_3_PAR001,,false,true,false
indicates that data has been,5,2,2,D22,7,D22_P007_SEC_4_1_3_PAR003,,false,true,false
that data has been revised,5,2,2,D22,7,D22_P007_SEC_4_1_3_PAR003,,false,true,false
data has been revised .,5,2,2,D22,7,D22_P007_SEC_4_1_3_PAR003,,false,true,false
"individual domestic investors , partnership",5,2,2,D22,8,D22_P008_SEC_4_1_3_PAR002,investors,false,true,false
"domestic investors , partnership firms/llps",5,2,2,D22,8,D22_P008_SEC_4_1_3_PAR002,investors,false,true,false
"investors , partnership firms/llps ,",5,2,2,D22,8,D22_P008_SEC_4_1_3_PAR002,investors,false,true,false
", partnership firms/llps , trust/society",5,2,2,D22,8,D22_P008_SEC_4_1_3_PAR002,,false,true,false
"partnership firms/llps , trust/society ,",5,2,2,D22,8,D22_P008_SEC_4_1_3_PAR002,,false,true,false
"firms/llps , trust/society , aifs",5,2,2,D22,8,D22_P008_SEC_4_1_3_PAR002,,false,true,false
", trust/society , aifs ,",5,2,2,D22,8,D22_P008_SEC_4_1_3_PAR002,,false,true,false
"trust/society , aifs , depository",5,2,2,D22,8,D22_P008_SEC_4_1_3_PAR002,,false,true,false
", aifs , depository receipts",5,2,2,D22,8,D22_P008_SEC_4_1_3_PAR002,,false,true,false
"aifs , depository receipts ,",5,2,2,D22,8,D22_P008_SEC_4_1_3_PAR002,,false,true,false
"clients , statutory bodies ,",5,2,2,D22,8,D22_P008_SEC_4_1_3_PAR002,,false,true,false
"turnover : during 2025-26 ,",5,2,2,D22,8,D22_P008_SEC_4_1_4_PAR001,,false,true,false
"during 2025-26 , the share",5,2,2,D22,8,D22_P008_SEC_4_1_4_PAR001,,false,true,false
"2025-26 , the share of",5,2,2,D22,8,D22_P008_SEC_4_1_4_PAR001,,false,true,false
", the share of proprietary",5,2,2,D22,8,D22_P008_SEC_4_1_4_PAR001,,false,true,false
the share of proprietary traders,5,2,2,D22,8,D22_P008_SEC_4_1_4_PAR001,,false,true,false
"share of proprietary traders ,",5,2,2,D22,8,D22_P008_SEC_4_1_4_PAR001,,false,true,false
. ^data for 2024-25 for,5,2,2,D22,8,D22_P008_SEC_4_1_4_PAR004,,false,true,false
nse has been revised .,5,2,2,D22,8,D22_P008_SEC_4_1_4_PAR004,,false,true,false
top 10 brokers in the,5,2,1,D22,9,D22_P009_SEC_4_1_4_PAR002,,false,true,false
10 brokers in the cash,5,2,1,D22,9,D22_P009_SEC_4_1_4_PAR002,,false,true,false
brokers in the cash segment,5,2,1,D22,9,D22_P009_SEC_4_1_4_PAR002,,false,true,false
in the cash segment of,5,2,1,D22,9,D22_P009_SEC_4_1_4_PAR002,,false,true,false
"of the total clients ,",5,2,1,D22,9,D22_P009_SEC_4_1_4_PAR002,,false,true,false
"the total clients , contributed",5,2,1,D22,9,D22_P009_SEC_4_1_4_PAR002,,false,true,false
"securities : during 2025-26 ,",5,2,2,D22,9,D22_P009_SEC_4_1_4_PAR003,securities,false,true,false
segment across nse and bse,5,2,2,D22,9,D22_P009_SEC_4_1_4_PAR003,,false,true,false
the previous year . conversely,5,2,2,D22,9,D22_P009_SEC_4_1_4_PAR003,,false,true,false
"previous year . conversely ,",5,2,2,D22,9,D22_P009_SEC_4_1_4_PAR003,,false,true,false
"year . conversely , the",5,2,2,D22,9,D22_P009_SEC_4_1_4_PAR003,,false,true,false
". conversely , the market",5,2,2,D22,9,D22_P009_SEC_4_1_4_PAR003,market,false,true,false
government securities ( g-secs ),5,2,2,D22,10,D22_P010_SEC_4_2_1_PAR003,securities,false,true,false
value of corporate bonds settled,5,2,2,D22,10,D22_P010_SEC_4_2_2_PAR002,bonds,false,true,false
"during 2025-26 , the turnover",5,2,2,D22,11,D22_P011_SEC_4_2_2_PAR006,,false,true,false
amc repo clearing limited (,5,2,2,D22,11,D22_P011_SEC_4_2_2_PAR007,repo,false,true,false
repo clearing limited ( arcl,5,2,2,D22,11,D22_P011_SEC_4_2_2_PAR007,repo,false,true,false
clearing limited ( arcl ),5,2,2,D22,11,D22_P011_SEC_4_2_2_PAR007,,false,true,false
measures to strengthen the equity,5,2,2,D22,12,D22_P012_SEC_4_3_1_PAR001,equity,false,true,false
strengthen the equity derivatives framework,5,2,2,D22,12,D22_P012_SEC_4_3_1_PAR001,equity,false,true,false
during 2025-26 are given in,5,2,2,D22,12,D22_P012_SEC_4_3_PAR001,,false,true,false
framework for intraday position limits,5,2,2,D22,13,D22_P013_SEC_4_3_1_PAR002,,false,true,false
"in equity derivatives segment ,",5,2,2,D22,13,D22_P013_SEC_4_3_1_PAR005,equity,false,true,false
"framework , inter-alia , mandates",5,2,2,D22,13,D22_P013_SEC_4_3_1_PAR013,,false,true,false
notional turnover in the equity,5,2,2,D22,13,D22_P013_SEC_4_3_2_PAR004,equity,false,true,false
the previous year . although,5,2,2,D22,14,D22_P014_SEC_4_3_2_PAR002,,false,true,false
previous year . although the,5,2,2,D22,14,D22_P014_SEC_4_3_2_PAR002,,false,true,false
. 3  market concentration and risk,5,2,2,D22,14,D22_P014_SEC_4_3_3_PAR001,,false,true,false
3  market concentration and risk management,5,2,2,D22,14,D22_P014_SEC_4_3_3_PAR001,,false,true,false
"of the total turnover ,",5,2,2,D22,15,D22_P015_SEC_4_3_3_PAR002,,false,true,false
share of the exchange 's,5,2,2,D22,15,D22_P015_SEC_4_3_3_PAR003,exchange,false,true,false
". in contrast , while",5,2,2,D22,16,D22_P016_SEC_4_3_3_PAR001,,false,true,false
clearing members ( cms ),5,2,2,D22,17,D22_P017_SEC_4_4_PAR001,,false,true,false
"bse , mcx , ncdex",5,2,2,D22,17,D22_P017_SEC_4_4_PAR002,,false,true,false
to examine the feasibility of,5,2,2,D22,18,D22_P018_UNKNOWN_PAR002,,false,true,false
during 2025-26 . of these,5,2,2,D22,19,D22_P019_SEC_4_4_3_PAR001,,false,true,false
"2025-26 . of these ,",5,2,2,D22,19,D22_P019_SEC_4_4_3_PAR001,,false,true,false
) and crude oil (,5,2,2,D22,20,D22_P020_UNKNOWN_PAR001,oil,false,true,false
"during the financial year ,",5,2,2,D22,20,D22_P020_UNKNOWN_PAR002,financial,false,true,false
"in the non-agri segment ,",5,2,2,D22,21,D22_P021_UNKNOWN_PAR002,,false,true,false
"the non-agri segment , the",5,2,1,D22,21,D22_P021_UNKNOWN_PAR002,,false,true,false
", the monthly average number",5,2,1,D22,22,D22_P022_UNKNOWN_PAR001,,false,true,false
the monthly average number of,5,2,1,D22,22,D22_P022_UNKNOWN_PAR001,,false,true,false
monthly average number of contracts,5,2,1,D22,22,D22_P022_UNKNOWN_PAR001,,false,true,false
"during 2025-26 , the quantity",5,2,2,D22,22,D22_P022_UNKNOWN_PAR003,,false,true,false
"2025-26 , the quantity of",5,2,2,D22,22,D22_P022_UNKNOWN_PAR003,,false,true,false
", the quantity of physical",5,2,2,D22,22,D22_P022_UNKNOWN_PAR003,,false,true,false
the quantity of physical delivery,5,2,2,D22,22,D22_P022_UNKNOWN_PAR003,,false,true,false
. in case of non-agri,5,2,2,D22,22,D22_P022_UNKNOWN_PAR003,,false,true,false
"the previous year , while",5,2,2,D22,22,D22_P022_UNKNOWN_PAR004,,false,true,false
") . during 2025-26 ,",5,2,2,D22,22,D22_P022_UNKNOWN_PAR005,,false,true,false
"and its derivatives complex ,",5,2,1,D22,24,D22_P024_SEC_4_4_6_PAR002,,false,true,false
no specific policy development w.r.t,5,2,2,D22,24,D22_P024_SEC_4_5_1_PAR001,policy,false,true,false
specific policy development w.r.t .,5,2,2,D22,24,D22_P024_SEC_4_5_1_PAR001,policy,false,true,false
was initiated during 2025-26 .,5,2,2,D22,24,D22_P024_SEC_4_5_1_PAR001,,false,true,false
initiated during 2025-26 . however,5,2,2,D22,24,D22_P024_SEC_4_5_1_PAR001,,false,true,false
"2025-26 . however , the",5,2,2,D22,24,D22_P024_SEC_4_5_1_PAR001,,false,true,false
"however , the overall policy",5,2,2,D22,24,D22_P024_SEC_4_5_1_PAR001,policy,false,true,false
", the overall policy developments",5,2,2,D22,24,D22_P024_SEC_4_5_1_PAR001,policy,false,true,false
the overall policy developments for,5,2,2,D22,24,D22_P024_SEC_4_5_1_PAR001,policy,false,true,false
overall policy developments for various,5,2,2,D22,24,D22_P024_SEC_4_5_1_PAR001,policy,false,true,false
policy developments for various products,5,2,2,D22,24,D22_P024_SEC_4_5_1_PAR001,policy,false,true,false
developments for various products traded,5,2,2,D22,24,D22_P024_SEC_4_5_1_PAR001,,false,true,false
for various products traded in,5,2,2,D22,24,D22_P024_SEC_4_5_1_PAR001,,false,true,false
derivatives segment are detailed in,5,2,2,D22,24,D22_P024_SEC_4_5_1_PAR001,,false,true,false
segment are detailed in sections,5,2,2,D22,24,D22_P024_SEC_4_5_1_PAR001,,false,true,false
are detailed in sections 4.3,5,2,2,D22,24,D22_P024_SEC_4_5_1_PAR001,,false,true,false
detailed in sections 4.3 and,5,2,2,D22,24,D22_P024_SEC_4_5_1_PAR001,,false,true,false
in sections 4.3 and 4.4,5,2,2,D22,24,D22_P024_SEC_4_5_1_PAR001,,false,true,false
sections 4.3 and 4.4 .,5,2,2,D22,24,D22_P024_SEC_4_5_1_PAR001,,false,true,false
in the currency derivatives segment,5,2,2,D22,25,D22_P025_SEC_4_5_3_PAR003,currency,false,true,false
"the currency derivatives segment ,",5,2,2,D22,25,D22_P025_SEC_4_5_3_PAR003,currency,false,true,false
against the usd during the,5,2,1,D22,25,D22_P025_SEC_4_5_PAR002,,false,true,false
the usd during the same,5,2,1,D22,25,D22_P025_SEC_4_5_PAR002,,false,true,false
usd during the same period,5,2,1,D22,25,D22_P025_SEC_4_5_PAR002,,false,true,false
government of india ( goi,5,2,2,D22,27,D22_P027_SEC_4_6_3_PAR002,,false,true,false
of india ( goi ),5,2,2,D22,27,D22_P027_SEC_4_6_3_PAR002,,false,true,false
"a significant decline , with",5,2,2,D22,27,D22_P027_SEC_4_6_3_PAR003,,false,true,false
"in 2025-26 , the number",5,2,2,D22,29,D22_P029_SEC_4_7_2_PAR001,,false,true,false
", compared to the previous",5,2,2,D22,29,D22_P029_SEC_4_7_2_PAR001,,false,true,false
promoting ease of doing business,5,2,2,D22,31,D22_P031_SEC_4_7_6_PAR001,,false,true,false
to provide investors with a,5,2,2,D22,32,D22_P032_SEC_4_7_5_PAR001,investors,false,true,false
provide investors with a bird,5,2,2,D22,32,D22_P032_SEC_4_7_5_PAR001,investors,false,true,false
investors with a bird 's,5,2,2,D22,32,D22_P032_SEC_4_7_5_PAR001,investors,false,true,false
with a bird 's eye,5,2,2,D22,32,D22_P032_SEC_4_7_5_PAR001,,false,true,false
a bird 's eye view,5,2,2,D22,32,D22_P032_SEC_4_7_5_PAR001,,false,true,false
bird 's eye view of,5,2,2,D22,32,D22_P032_SEC_4_7_5_PAR001,,false,true,false
's eye view of their,5,2,2,D22,32,D22_P032_SEC_4_7_5_PAR001,,false,true,false
eye view of their securities,5,2,2,D22,32,D22_P032_SEC_4_7_5_PAR001,securities,false,true,false
view of their securities related,5,2,2,D22,32,D22_P032_SEC_4_7_5_PAR001,securities,false,true,false
of their securities related data,5,2,2,D22,32,D22_P032_SEC_4_7_5_PAR001,securities,false,true,false
their securities related data across,5,2,2,D22,32,D22_P032_SEC_4_7_5_PAR001,securities,false,true,false
securities related data across stock,5,2,2,D22,32,D22_P032_SEC_4_7_5_PAR001,securities,false,true,false
related data across stock brokers,5,2,2,D22,32,D22_P032_SEC_4_7_5_PAR001,,false,true,false
data across stock brokers and,5,2,2,D22,32,D22_P032_SEC_4_7_5_PAR001,,false,true,false
across stock brokers and depository,5,2,2,D22,32,D22_P032_SEC_4_7_5_PAR001,,false,true,false
stock brokers and depository participants,5,2,2,D22,32,D22_P032_SEC_4_7_5_PAR001,,false,true,false
"brokers and depository participants ,",5,2,2,D22,32,D22_P032_SEC_4_7_5_PAR001,,false,true,false
"and depository participants , a",5,2,2,D22,32,D22_P032_SEC_4_7_5_PAR001,,false,true,false
"depository participants , a unified",5,2,2,D22,32,D22_P032_SEC_4_7_5_PAR001,,false,true,false
"participants , a unified app",5,2,2,D22,32,D22_P032_SEC_4_7_5_PAR001,,false,true,false
was launched on february 20,5,2,2,D22,32,D22_P032_SEC_4_7_5_PAR001,,false,true,false
"launched on february 20 ,",5,2,2,D22,32,D22_P032_SEC_4_7_5_PAR001,,false,true,false
"on february 20 , 2025",5,2,2,D22,32,D22_P032_SEC_4_7_5_PAR001,,false,true,false
"february 20 , 2025 .",5,2,2,D22,32,D22_P032_SEC_4_7_5_PAR001,,false,true,false
"20 , 2025 . building",5,2,2,D22,32,D22_P032_SEC_4_7_5_PAR001,,false,true,false
", 2025 . building upon",5,2,2,D22,32,D22_P032_SEC_4_7_5_PAR001,,false,true,false
2025 . building upon the,5,2,2,D22,32,D22_P032_SEC_4_7_5_PAR001,,false,true,false
. building upon the existing,5,2,2,D22,32,D22_P032_SEC_4_7_5_PAR001,,false,true,false
building upon the existing features,5,2,2,D22,32,D22_P032_SEC_4_7_5_PAR001,,false,true,false
", further enhancements were undertaken",5,2,2,D22,32,D22_P032_SEC_4_7_5_PAR001,,false,true,false
further enhancements were undertaken during,5,2,2,D22,32,D22_P032_SEC_4_7_5_PAR001,,false,true,false
enhancements were undertaken during 2025-26,5,2,2,D22,32,D22_P032_SEC_4_7_5_PAR001,,false,true,false
were undertaken during 2025-26 .,5,2,2,D22,32,D22_P032_SEC_4_7_5_PAR001,,false,true,false
undertaken during 2025-26 . these,5,2,2,D22,32,D22_P032_SEC_4_7_5_PAR001,,false,true,false
during 2025-26 . these include,5,2,2,D22,32,D22_P032_SEC_4_7_5_PAR001,,false,true,false
2025-26 . these include features,5,2,2,D22,32,D22_P032_SEC_4_7_5_PAR001,,false,true,false
"such as complaint/dispute resolution ,",5,2,2,D22,32,D22_P032_SEC_4_7_5_PAR001,,false,true,false
"as complaint/dispute resolution , access",5,2,2,D22,32,D22_P032_SEC_4_7_5_PAR001,,false,true,false
"complaint/dispute resolution , access to",5,2,2,D22,32,D22_P032_SEC_4_7_5_PAR001,,false,true,false
"resolution , access to recommendations",5,2,2,D22,32,D22_P032_SEC_4_7_5_PAR001,,false,true,false
", access to recommendations of",5,2,2,D22,32,D22_P032_SEC_4_7_5_PAR001,,false,true,false
access to recommendations of proxy,5,2,2,D22,32,D22_P032_SEC_4_7_5_PAR001,,false,true,false
to recommendations of proxy advisers,5,2,2,D22,32,D22_P032_SEC_4_7_5_PAR001,,false,true,false
recommendations of proxy advisers on,5,2,2,D22,32,D22_P032_SEC_4_7_5_PAR001,,false,true,false
of proxy advisers on resolutions,5,2,2,D22,32,D22_P032_SEC_4_7_5_PAR001,,false,true,false
proxy advisers on resolutions and,5,2,2,D22,32,D22_P032_SEC_4_7_5_PAR001,,false,true,false
advisers on resolutions and removal,5,2,2,D22,32,D22_P032_SEC_4_7_5_PAR001,,false,true,false
on resolutions and removal of,5,2,2,D22,32,D22_P032_SEC_4_7_5_PAR001,,false,true,false
resolutions and removal of recommendations,5,2,2,D22,32,D22_P032_SEC_4_7_5_PAR001,,false,true,false
and removal of recommendations of,5,2,2,D22,32,D22_P032_SEC_4_7_5_PAR001,,false,true,false
removal of recommendations of proxy,5,2,2,D22,32,D22_P032_SEC_4_7_5_PAR001,,false,true,false
enforcement action has been taken,5,2,2,D22,32,D22_P032_SEC_4_7_5_PAR001,,false,true,false
action has been taken .,5,2,2,D22,32,D22_P032_SEC_4_7_5_PAR001,,false,true,false
"dated may 02 , 2025",5,2,2,D22,32,D22_P032_SEC_4_7_5_PAR003,,false,true,false
in addition to the existing,5,2,2,D22,32,D22_P032_SEC_4_7_5_PAR003,,false,true,false
to enhance financial inclusion and,5,2,2,D22,32,D22_P032_SEC_4_7_5_PAR004,financial,false,true,false
ease of investing for investors,5,2,2,D22,32,D22_P032_SEC_4_7_5_PAR004,investors,false,true,false
. notification of sebi (,5,2,2,D22,33,D22_P033_SEC_4_7_5_PAR004,,false,true,false
") regulations , 2026 (",5,2,2,D22,33,D22_P033_SEC_4_7_5_PAR006,,false,true,false
"regulations , 2026 ( sb",5,2,2,D22,33,D22_P033_SEC_4_7_5_PAR006,,false,true,false
", 2026 ( sb regulations",5,2,2,D22,33,D22_P033_SEC_4_7_5_PAR006,,false,true,false
2026 ( sb regulations ),5,2,2,D22,33,D22_P033_SEC_4_7_5_PAR006,,false,true,false
( sb regulations ) were,5,2,2,D22,33,D22_P033_SEC_4_7_5_PAR006,,false,true,false
sb regulations ) were notified,5,2,2,D22,33,D22_P033_SEC_4_7_5_PAR006,,false,true,false
regulations ) were notified on,5,2,2,D22,33,D22_P033_SEC_4_7_5_PAR006,,false,true,false
) were notified on january,5,2,2,D22,33,D22_P033_SEC_4_7_5_PAR006,,false,true,false
were notified on january 07,5,2,2,D22,33,D22_P033_SEC_4_7_5_PAR006,,false,true,false
"january 07 , 2026 to",5,2,2,D22,33,D22_P033_SEC_4_7_5_PAR006,,false,true,false
"07 , 2026 to simplify",5,2,2,D22,33,D22_P033_SEC_4_7_5_PAR006,,false,true,false
", 2026 to simplify and",5,2,2,D22,33,D22_P033_SEC_4_7_5_PAR006,,false,true,false
2026 to simplify and modernize,5,2,2,D22,33,D22_P033_SEC_4_7_5_PAR006,,false,true,false
to simplify and modernize the,5,2,2,D22,33,D22_P033_SEC_4_7_5_PAR006,,false,true,false
simplify and modernize the existing,5,2,2,D22,33,D22_P033_SEC_4_7_5_PAR006,,false,true,false
and modernize the existing framework,5,2,2,D22,33,D22_P033_SEC_4_7_5_PAR006,,false,true,false
modernize the existing framework for,5,2,2,D22,33,D22_P033_SEC_4_7_5_PAR006,,false,true,false
the existing framework for stock,5,2,2,D22,33,D22_P033_SEC_4_7_5_PAR006,,false,true,false
existing framework for stock brokers,5,2,2,D22,33,D22_P033_SEC_4_7_5_PAR006,,false,true,false
framework for stock brokers with,5,2,2,D22,33,D22_P033_SEC_4_7_5_PAR006,,false,true,false
for stock brokers with the,5,2,2,D22,33,D22_P033_SEC_4_7_5_PAR006,,false,true,false
stock brokers with the objective,5,2,2,D22,33,D22_P033_SEC_4_7_5_PAR006,,false,true,false
brokers with the objective to,5,2,2,D22,33,D22_P033_SEC_4_7_5_PAR006,,false,true,false
with the objective to provide,5,2,2,D22,33,D22_P033_SEC_4_7_5_PAR006,,false,true,false
the objective to provide clarity,5,2,2,D22,33,D22_P033_SEC_4_7_5_PAR006,,false,true,false
"objective to provide clarity ,",5,2,2,D22,33,D22_P033_SEC_4_7_5_PAR006,,false,true,false
"to provide clarity , remove",5,2,2,D22,33,D22_P033_SEC_4_7_5_PAR006,,false,true,false
"provide clarity , remove redundancies",5,2,2,D22,33,D22_P033_SEC_4_7_5_PAR006,,false,true,false
"clarity , remove redundancies ,",5,2,2,D22,33,D22_P033_SEC_4_7_5_PAR006,,false,true,false
", remove redundancies , align",5,2,2,D22,33,D22_P033_SEC_4_7_5_PAR006,,false,true,false
"remove redundancies , align with",5,2,2,D22,33,D22_P033_SEC_4_7_5_PAR006,,false,true,false
"redundancies , align with contemporary",5,2,2,D22,33,D22_P033_SEC_4_7_5_PAR006,,false,true,false
", align with contemporary market",5,2,2,D22,33,D22_P033_SEC_4_7_5_PAR006,market,false,true,false
align with contemporary market environment,5,2,2,D22,33,D22_P033_SEC_4_7_5_PAR006,market,false,true,false
with contemporary market environment and,5,2,2,D22,33,D22_P033_SEC_4_7_5_PAR006,market,false,true,false
contemporary market environment and practices,5,2,2,D22,33,D22_P033_SEC_4_7_5_PAR006,market,false,true,false
market environment and practices and,5,2,2,D22,33,D22_P033_SEC_4_7_5_PAR006,market,false,true,false
environment and practices and to,5,2,2,D22,33,D22_P033_SEC_4_7_5_PAR006,,false,true,false
and practices and to facilitate,5,2,2,D22,33,D22_P033_SEC_4_7_5_PAR006,,false,true,false
practices and to facilitate ease,5,2,2,D22,33,D22_P033_SEC_4_7_5_PAR006,,false,true,false
and to facilitate ease of,5,2,2,D22,33,D22_P033_SEC_4_7_5_PAR006,,false,true,false
facilitate ease of compliance .,5,2,2,D22,33,D22_P033_SEC_4_7_5_PAR006,,false,true,false
ease of compliance . these,5,2,2,D22,33,D22_P033_SEC_4_7_5_PAR006,,false,true,false
of compliance . these regulations,5,2,2,D22,33,D22_P033_SEC_4_7_5_PAR006,,false,true,false
compliance . these regulations replaced,5,2,2,D22,33,D22_P033_SEC_4_7_5_PAR006,,false,true,false
. these regulations replaced the,5,2,2,D22,33,D22_P033_SEC_4_7_5_PAR006,,false,true,false
these regulations replaced the erstwhile,5,2,2,D22,33,D22_P033_SEC_4_7_5_PAR006,,false,true,false
regulations replaced the erstwhile sebi,5,2,2,D22,33,D22_P033_SEC_4_7_5_PAR006,,false,true,false
replaced the erstwhile sebi (,5,2,2,D22,33,D22_P033_SEC_4_7_5_PAR006,,false,true,false
the erstwhile sebi ( stock,5,2,2,D22,33,D22_P033_SEC_4_7_5_PAR006,,false,true,false
erstwhile sebi ( stock brokers,5,2,2,D22,33,D22_P033_SEC_4_7_5_PAR006,,false,true,false
. the key changes include,5,2,2,D22,33,D22_P033_SEC_4_7_5_PAR006,,false,true,false
key changes include reorganizing the,5,2,2,D22,33,D22_P033_SEC_4_7_5_PAR006,,false,true,false
changes include reorganizing the regulations,5,2,2,D22,33,D22_P033_SEC_4_7_5_PAR006,,false,true,false
include reorganizing the regulations into,5,2,2,D22,33,D22_P033_SEC_4_7_5_PAR006,,false,true,false
reorganizing the regulations into 11,5,2,2,D22,33,D22_P033_SEC_4_7_5_PAR006,,false,true,false
the regulations into 11 chapters,5,2,2,D22,33,D22_P033_SEC_4_7_5_PAR006,,false,true,false
"regulations into 11 chapters ,",5,2,2,D22,33,D22_P033_SEC_4_7_5_PAR006,,false,true,false
"into 11 chapters , deleting",5,2,2,D22,33,D22_P033_SEC_4_7_5_PAR006,,false,true,false
"11 chapters , deleting unnecessary",5,2,2,D22,33,D22_P033_SEC_4_7_5_PAR006,,false,true,false
"chapters , deleting unnecessary schedules",5,2,2,D22,33,D22_P033_SEC_4_7_5_PAR006,,false,true,false
", deleting unnecessary schedules and",5,2,2,D22,33,D22_P033_SEC_4_7_5_PAR006,,false,true,false
deleting unnecessary schedules and integrating,5,2,2,D22,33,D22_P033_SEC_4_7_5_PAR006,,false,true,false
unnecessary schedules and integrating relevant,5,2,2,D22,33,D22_P033_SEC_4_7_5_PAR006,,false,true,false
schedules and integrating relevant content,5,2,2,D22,33,D22_P033_SEC_4_7_5_PAR006,,false,true,false
and integrating relevant content into,5,2,2,D22,33,D22_P033_SEC_4_7_5_PAR006,,false,true,false
integrating relevant content into the,5,2,2,D22,33,D22_P033_SEC_4_7_5_PAR006,,false,true,false
relevant content into the main,5,2,2,D22,33,D22_P033_SEC_4_7_5_PAR006,,false,true,false
content into the main regulations,5,2,2,D22,33,D22_P033_SEC_4_7_5_PAR006,,false,true,false
"into the main regulations ,",5,2,2,D22,33,D22_P033_SEC_4_7_5_PAR006,,false,true,false
"the main regulations , and",5,2,2,D22,33,D22_P033_SEC_4_7_5_PAR006,,false,true,false
"main regulations , and prescribing",5,2,2,D22,33,D22_P033_SEC_4_7_5_PAR006,,false,true,false
"regulations , and prescribing registration",5,2,2,D22,33,D22_P033_SEC_4_7_5_PAR006,,false,true,false
", and prescribing registration forms",5,2,2,D22,33,D22_P033_SEC_4_7_5_PAR006,,false,true,false
and prescribing registration forms via,5,2,2,D22,33,D22_P033_SEC_4_7_5_PAR006,,false,true,false
prescribing registration forms via circulars,5,2,2,D22,33,D22_P033_SEC_4_7_5_PAR006,,false,true,false
registration forms via circulars (,5,2,2,D22,33,D22_P033_SEC_4_7_5_PAR006,,false,true,false
forms via circulars ( in,5,2,2,D22,33,D22_P033_SEC_4_7_5_PAR006,,false,true,false
via circulars ( in consultation,5,2,2,D22,33,D22_P033_SEC_4_7_5_PAR006,,false,true,false
circulars ( in consultation with,5,2,2,D22,33,D22_P033_SEC_4_7_5_PAR006,,false,true,false
( in consultation with the,5,2,2,D22,33,D22_P033_SEC_4_7_5_PAR006,,false,true,false
in consultation with the industry,5,2,2,D22,33,D22_P033_SEC_4_7_5_PAR006,industry,false,true,false
consultation with the industry standard,5,2,2,D22,33,D22_P033_SEC_4_7_5_PAR006,industry,false,true,false
with the industry standard forum,5,2,2,D22,33,D22_P033_SEC_4_7_5_PAR006,industry,false,true,false
the industry standard forum ),5,2,2,D22,33,D22_P033_SEC_4_7_5_PAR006,industry,false,true,false
industry standard forum ) .,5,2,2,D22,33,D22_P033_SEC_4_7_5_PAR006,industry,false,true,false
standard forum ) . the,5,2,2,D22,33,D22_P033_SEC_4_7_5_PAR006,,false,true,false
forum ) . the sb,5,2,2,D22,33,D22_P033_SEC_4_7_5_PAR006,,false,true,false
) . the sb regulations,5,2,2,D22,33,D22_P033_SEC_4_7_5_PAR006,,false,true,false
. the sb regulations streamline,5,2,2,D22,33,D22_P033_SEC_4_7_5_PAR006,,false,true,false
the sb regulations streamline the,5,2,2,D22,33,D22_P033_SEC_4_7_5_PAR006,,false,true,false
sb regulations streamline the regulatory,5,2,2,D22,33,D22_P033_SEC_4_7_5_PAR006,regulatory,false,true,false
regulations streamline the regulatory framework,5,2,2,D22,33,D22_P033_SEC_4_7_5_PAR006,regulatory,false,true,false
streamline the regulatory framework by,5,2,2,D22,33,D22_P033_SEC_4_7_5_PAR006,regulatory,false,true,false
the regulatory framework by consolidating,5,2,2,D22,33,D22_P033_SEC_4_7_5_PAR006,regulatory,false,true,false
regulatory framework by consolidating duplicate,5,2,2,D22,33,D22_P033_SEC_4_7_5_PAR006,regulatory,false,true,false
framework by consolidating duplicate provisions,5,2,2,D22,33,D22_P033_SEC_4_7_5_PAR006,,false,true,false
by consolidating duplicate provisions (,5,2,2,D22,33,D22_P033_SEC_4_7_5_PAR006,,false,true,false
consolidating duplicate provisions ( e.g.,5,2,2,D22,33,D22_P033_SEC_4_7_5_PAR006,,false,true,false
"duplicate provisions ( e.g. ,",5,2,2,D22,33,D22_P033_SEC_4_7_5_PAR006,,false,true,false
"provisions ( e.g. , underwriting",5,2,2,D22,33,D22_P033_SEC_4_7_5_PAR006,,false,true,false
"( e.g. , underwriting ,",5,2,2,D22,33,D22_P033_SEC_4_7_5_PAR006,,false,true,false
"e.g. , underwriting , code",5,2,2,D22,33,D22_P033_SEC_4_7_5_PAR006,,false,true,false
", underwriting , code of",5,2,2,D22,33,D22_P033_SEC_4_7_5_PAR006,,false,true,false
"underwriting , code of conduct",5,2,2,D22,33,D22_P033_SEC_4_7_5_PAR006,,false,true,false
", code of conduct )",5,2,2,D22,33,D22_P033_SEC_4_7_5_PAR006,,false,true,false
"code of conduct ) ,",5,2,2,D22,33,D22_P033_SEC_4_7_5_PAR006,,false,true,false
"of conduct ) , clarify",5,2,2,D22,33,D22_P033_SEC_4_7_5_PAR006,,false,true,false
"conduct ) , clarify key",5,2,2,D22,33,D22_P033_SEC_4_7_5_PAR006,,false,true,false
") , clarify key definitions",5,2,2,D22,33,D22_P033_SEC_4_7_5_PAR006,,false,true,false
", clarify key definitions (",5,2,2,D22,33,D22_P033_SEC_4_7_5_PAR006,,false,true,false
clarify key definitions ( e.g.,5,2,2,D22,33,D22_P033_SEC_4_7_5_PAR006,,false,true,false
"key definitions ( e.g. ,",5,2,2,D22,33,D22_P033_SEC_4_7_5_PAR006,,false,true,false
"definitions ( e.g. , clearing",5,2,2,D22,33,D22_P033_SEC_4_7_5_PAR006,,false,true,false
"( e.g. , clearing member",5,2,2,D22,33,D22_P033_SEC_4_7_5_PAR006,,false,true,false
"e.g. , clearing member ,",5,2,2,D22,33,D22_P033_SEC_4_7_5_PAR006,,false,true,false
", clearing member , proprietary",5,2,2,D22,33,D22_P033_SEC_4_7_5_PAR006,,false,true,false
"clearing member , proprietary trading",5,2,2,D22,33,D22_P033_SEC_4_7_5_PAR006,,false,true,false
"member , proprietary trading ,",5,2,2,D22,33,D22_P033_SEC_4_7_5_PAR006,,false,true,false
", proprietary trading , designated",5,2,2,D22,33,D22_P033_SEC_4_7_5_PAR006,,false,true,false
"proprietary trading , designated director",5,2,2,D22,33,D22_P033_SEC_4_7_5_PAR006,,false,true,false
"trading , designated director )",5,2,2,D22,33,D22_P033_SEC_4_7_5_PAR006,,false,true,false
", designated director ) ,",5,2,2,D22,33,D22_P033_SEC_4_7_5_PAR006,,false,true,false
"designated director ) , and",5,2,2,D22,33,D22_P033_SEC_4_7_5_PAR006,,false,true,false
"director ) , and introduce",5,2,2,D22,33,D22_P033_SEC_4_7_5_PAR006,,false,true,false
") , and introduce compliance-friendly",5,2,2,D22,33,D22_P033_SEC_4_7_5_PAR006,,false,true,false
", and introduce compliance-friendly measures",5,2,2,D22,33,D22_P033_SEC_4_7_5_PAR006,,false,true,false
and introduce compliance-friendly measures such,5,2,2,D22,33,D22_P033_SEC_4_7_5_PAR006,,false,true,false
introduce compliance-friendly measures such as,5,2,2,D22,33,D22_P033_SEC_4_7_5_PAR006,,false,true,false
compliance-friendly measures such as enabling,5,2,2,D22,33,D22_P033_SEC_4_7_5_PAR006,,false,true,false
measures such as enabling joint,5,2,2,D22,33,D22_P033_SEC_4_7_5_PAR006,,false,true,false
such as enabling joint inspections,5,2,2,D22,33,D22_P033_SEC_4_7_5_PAR006,,false,true,false
"as enabling joint inspections ,",5,2,2,D22,33,D22_P033_SEC_4_7_5_PAR006,,false,true,false
"enabling joint inspections , allowing",5,2,2,D22,33,D22_P033_SEC_4_7_5_PAR006,,false,true,false
"joint inspections , allowing electronic",5,2,2,D22,33,D22_P033_SEC_4_7_5_PAR006,,false,true,false
"inspections , allowing electronic maintenance",5,2,2,D22,33,D22_P033_SEC_4_7_5_PAR006,,false,true,false
", allowing electronic maintenance of",5,2,2,D22,33,D22_P033_SEC_4_7_5_PAR006,,false,true,false
allowing electronic maintenance of books,5,2,2,D22,33,D22_P033_SEC_4_7_5_PAR006,,false,true,false
"electronic maintenance of books ,",5,2,2,D22,33,D22_P033_SEC_4_7_5_PAR006,,false,true,false
"maintenance of books , etc",5,2,2,D22,33,D22_P033_SEC_4_7_5_PAR006,,false,true,false
"of books , etc .",5,2,2,D22,33,D22_P033_SEC_4_7_5_PAR006,,false,true,false
master circular for stock brokers,5,2,2,D22,33,D22_P033_SEC_4_7_5_PAR009,,false,true,false
", 2025 were rescinded and",5,2,2,D22,33,D22_P033_SEC_4_7_5_PAR010,,false,true,false
2025 were rescinded and replaced,5,2,2,D22,33,D22_P033_SEC_4_7_5_PAR010,,false,true,false
"january 30 , 2026 ,",5,2,2,D22,34,D22_P034_SEC_4_7_5_PAR002,,false,true,false
"30 , 2026 , a",5,2,2,D22,34,D22_P034_SEC_4_7_5_PAR002,,false,true,false
to enhance ease of investing,5,2,2,D22,34,D22_P034_SEC_4_7_5_PAR003,,false,true,false
to align regulatory oversight with,5,2,2,D22,34,D22_P034_SEC_4_7_5_PAR005,regulatory,false,true,false
align regulatory oversight with evolving,5,2,2,D22,34,D22_P034_SEC_4_7_5_PAR005,regulatory,false,true,false
regulatory oversight with evolving market,5,2,2,D22,34,D22_P034_SEC_4_7_5_PAR005,market;regulatory,false,true,false
oversight with evolving market practices,5,2,2,D22,34,D22_P034_SEC_4_7_5_PAR005,market,false,true,false
a comprehensive overhaul of the,5,2,2,D22,34,D22_P034_SEC_4_7_5_PAR005,,false,true,false
comprehensive overhaul of the rta,5,2,2,D22,34,D22_P034_SEC_4_7_5_PAR005,,false,true,false
overhaul of the rta regulatory,5,2,2,D22,34,D22_P034_SEC_4_7_5_PAR005,regulatory,false,true,false
of the rta regulatory framework,5,2,2,D22,34,D22_P034_SEC_4_7_5_PAR005,regulatory,false,true,false
the rta regulatory framework was,5,2,2,D22,34,D22_P034_SEC_4_7_5_PAR005,regulatory,false,true,false
rta regulatory framework was undertaken,5,2,2,D22,34,D22_P034_SEC_4_7_5_PAR005,regulatory,false,true,false
regulatory framework was undertaken and,5,2,2,D22,34,D22_P034_SEC_4_7_5_PAR005,regulatory,false,true,false
framework was undertaken and new,5,2,2,D22,34,D22_P034_SEC_4_7_5_PAR005,,false,true,false
was undertaken and new sebi,5,2,2,D22,34,D22_P034_SEC_4_7_5_PAR005,,false,true,false
undertaken and new sebi (,5,2,2,D22,34,D22_P034_SEC_4_7_5_PAR005,,false,true,false
and new sebi ( registrar,5,2,2,D22,34,D22_P034_SEC_4_7_5_PAR005,,false,true,false
new sebi ( registrar to,5,2,2,D22,34,D22_P034_SEC_4_7_5_PAR005,,false,true,false
and share transfer agent ),5,2,2,D22,34,D22_P034_SEC_4_7_5_PAR005,,false,true,false
") regulations , 2025 were",5,2,2,D22,34,D22_P034_SEC_4_7_5_PAR005,,false,true,false
"regulations , 2025 were notified",5,2,2,D22,34,D22_P034_SEC_4_7_5_PAR005,,false,true,false
", 2025 were notified .",5,2,2,D22,34,D22_P034_SEC_4_7_5_PAR005,,false,true,false
2025 were notified . key,5,2,2,D22,34,D22_P034_SEC_4_7_5_PAR005,,false,true,false
were notified . key features,5,2,2,D22,34,D22_P034_SEC_4_7_5_PAR005,,false,true,false
notified . key features of,5,2,2,D22,34,D22_P034_SEC_4_7_5_PAR005,,false,true,false
. key features of the,5,2,2,D22,34,D22_P034_SEC_4_7_5_PAR005,,false,true,false
the revised regulatory framework include,5,2,2,D22,34,D22_P034_SEC_4_7_5_PAR005,regulatory,false,true,false
introduction of institutional mechanism for,5,2,2,D22,34,D22_P034_SEC_4_7_5_PAR005,,false,true,false
of institutional mechanism for rtas,5,2,2,D22,34,D22_P034_SEC_4_7_5_PAR005,,false,true,false
: in order to enable,5,2,2,D22,34,D22_P034_SEC_4_7_5_PAR006,,false,true,false
"dated february 06 , 2026",5,2,2,D22,34,D22_P034_SEC_4_7_5_PAR006,,false,true,false
"february 06 , 2026 .",5,2,2,D22,34,D22_P034_SEC_4_7_5_PAR006,,false,true,false
vi . investor charter for,5,2,2,D22,34,D22_P034_SEC_4_7_5_PAR007,investor,false,true,false
: in view of recent,5,2,2,D22,34,D22_P034_SEC_4_7_5_PAR007,,false,true,false
in view of recent securities,5,2,2,D22,34,D22_P034_SEC_4_7_5_PAR007,securities,false,true,false
view of recent securities market,5,2,2,D22,34,D22_P034_SEC_4_7_5_PAR007,market;securities,false,true,false
of recent securities market developments,5,2,2,D22,34,D22_P034_SEC_4_7_5_PAR007,market;securities,false,true,false
"recent securities market developments ,",5,2,2,D22,34,D22_P034_SEC_4_7_5_PAR007,market;securities,false,true,false
"securities market developments , including",5,2,2,D22,34,D22_P034_SEC_4_7_5_PAR007,market;securities,false,true,false
"market developments , including the",5,2,2,D22,34,D22_P034_SEC_4_7_5_PAR007,market,false,true,false
"developments , including the launch",5,2,2,D22,34,D22_P034_SEC_4_7_5_PAR007,,false,true,false
", including the launch of",5,2,2,D22,34,D22_P034_SEC_4_7_5_PAR007,,false,true,false
including the launch of scores,5,2,2,D22,34,D22_P034_SEC_4_7_5_PAR007,,false,true,false
the launch of scores 2.0,5,2,2,D22,34,D22_P034_SEC_4_7_5_PAR007,,false,true,false
launch of scores 2.0 and,5,2,2,D22,34,D22_P034_SEC_4_7_5_PAR007,,false,true,false
of scores 2.0 and the,5,2,2,D22,34,D22_P034_SEC_4_7_5_PAR007,,false,true,false
scores 2.0 and the online,5,2,2,D22,34,D22_P034_SEC_4_7_5_PAR007,,false,true,false
2.0 and the online dispute,5,2,2,D22,34,D22_P034_SEC_4_7_5_PAR007,,false,true,false
and the online dispute resolution,5,2,2,D22,34,D22_P034_SEC_4_7_5_PAR007,,false,true,false
the online dispute resolution (,5,2,2,D22,34,D22_P034_SEC_4_7_5_PAR007,,false,true,false
resolution ( odr ) platform,5,2,2,D22,34,D22_P034_SEC_4_7_5_PAR007,,false,true,false
"( odr ) platform ,",5,2,2,D22,34,D22_P034_SEC_4_7_5_PAR007,,false,true,false
"odr ) platform , the",5,2,2,D22,34,D22_P034_SEC_4_7_5_PAR007,,false,true,false
") platform , the investor",5,2,2,D22,34,D22_P034_SEC_4_7_5_PAR007,investor,false,true,false
"platform , the investor charter",5,2,2,D22,34,D22_P034_SEC_4_7_5_PAR007,investor,false,true,false
", the investor charter for",5,2,2,D22,34,D22_P034_SEC_4_7_5_PAR007,investor,false,true,false
has been revised . the,5,2,2,D22,34,D22_P034_SEC_4_7_5_PAR007,,false,true,false
been revised . the revised,5,2,2,D22,34,D22_P034_SEC_4_7_5_PAR007,,false,true,false
revised . the revised framework,5,2,2,D22,34,D22_P034_SEC_4_7_5_PAR007,,false,true,false
. the revised framework strengthens,5,2,2,D22,34,D22_P034_SEC_4_7_5_PAR007,,false,true,false
the revised framework strengthens financial,5,2,2,D22,34,D22_P034_SEC_4_7_5_PAR007,financial,false,true,false
revised framework strengthens financial consumer,5,2,2,D22,34,D22_P034_SEC_4_7_5_PAR007,financial,false,true,false
framework strengthens financial consumer protection,5,2,2,D22,34,D22_P034_SEC_4_7_5_PAR007,financial,false,true,false
strengthens financial consumer protection by,5,2,2,D22,34,D22_P034_SEC_4_7_5_PAR007,financial,false,true,false
financial consumer protection by adopting,5,2,2,D22,34,D22_P034_SEC_4_7_5_PAR007,financial,false,true,false
consumer protection by adopting g,5,2,2,D22,34,D22_P034_SEC_4_7_5_PAR007,,false,true,false
protection by adopting g -20,5,2,2,D22,34,D22_P034_SEC_4_7_5_PAR007,,false,true,false
by adopting g -20 and,5,2,2,D22,34,D22_P034_SEC_4_7_5_PAR007,,false,true,false
adopting g -20 and oecd,5,2,2,D22,34,D22_P034_SEC_4_7_5_PAR007,,false,true,false
g -20 and oecd principles,5,2,2,D22,34,D22_P034_SEC_4_7_5_PAR007,,false,true,false
"-20 and oecd principles ,",5,2,2,D22,34,D22_P034_SEC_4_7_5_PAR007,,false,true,false
"and oecd principles , ensuring",5,2,2,D22,34,D22_P034_SEC_4_7_5_PAR007,,false,true,false
"oecd principles , ensuring that",5,2,2,D22,34,D22_P034_SEC_4_7_5_PAR007,,false,true,false
"principles , ensuring that investor",5,2,2,D22,34,D22_P034_SEC_4_7_5_PAR007,investor,false,true,false
", ensuring that investor rights",5,2,2,D22,34,D22_P034_SEC_4_7_5_PAR007,investor,false,true,false
ensuring that investor rights evolve,5,2,2,D22,34,D22_P034_SEC_4_7_5_PAR007,investor,false,true,false
that investor rights evolve alongside,5,2,2,D22,34,D22_P034_SEC_4_7_5_PAR007,investor,false,true,false
investor rights evolve alongside efforts,5,2,2,D22,34,D22_P034_SEC_4_7_5_PAR007,investor,false,true,false
rights evolve alongside efforts toward,5,2,2,D22,34,D22_P034_SEC_4_7_5_PAR007,,false,true,false
evolve alongside efforts toward financial,5,2,2,D22,34,D22_P034_SEC_4_7_5_PAR007,financial,false,true,false
alongside efforts toward financial inclusion,5,2,2,D22,34,D22_P034_SEC_4_7_5_PAR007,financial,false,true,false
efforts toward financial inclusion and,5,2,2,D22,34,D22_P034_SEC_4_7_5_PAR007,financial,false,true,false
toward financial inclusion and financial,5,2,2,D22,34,D22_P034_SEC_4_7_5_PAR007,financial,false,true,false
financial inclusion and financial literacy,5,2,2,D22,34,D22_P034_SEC_4_7_5_PAR007,financial,false,true,false
inclusion and financial literacy .,5,2,2,D22,34,D22_P034_SEC_4_7_5_PAR007,financial,false,true,false
process for issuance of duplicate,5,2,1,D22,34,D22_P034_SEC_4_7_5_PAR008,,false,true,false
"and reduce procedural complexities ,",5,2,2,D22,34,D22_P034_SEC_4_7_5_PAR008,,false,true,false
for issuance of duplicate security,5,2,1,D22,34,D22_P034_SEC_4_7_5_PAR008,,false,true,false
ownership and governance of miis,5,2,2,D22,36,D22_P036_SEC_4_8_2_PAR001,,false,true,false
the secc regulations and d,5,2,2,D22,36,D22_P036_SEC_4_8_2_PAR002,,false,true,false
secc regulations and d &,5,2,2,D22,36,D22_P036_SEC_4_8_2_PAR002,,false,true,false
regulations and d & p,5,2,2,D22,36,D22_P036_SEC_4_8_2_PAR002,,false,true,false
master circular for ias and,5,2,1,D22,36,D22_P036_SEC_4_8_2_PAR003,,false,true,false
circular for ias and ras,5,2,1,D22,36,D22_P036_SEC_4_8_2_PAR003,,false,true,false
for ias and ras :,5,2,2,D22,36,D22_P036_SEC_4_8_2_PAR003,,false,true,false
ias and ras : in,5,2,2,D22,36,D22_P036_SEC_4_8_2_PAR003,,false,true,false
investor charter for ias and,5,2,1,D22,36,D22_P036_SEC_4_8_2_PAR004,investor,false,true,false
charter for ias and ras,5,2,1,D22,36,D22_P036_SEC_4_8_2_PAR004,,false,true,false
of the securities contracts (,5,2,2,D22,36,D22_P036_SEC_4_8_2_PAR005,securities,false,true,false
") act , 1956 (",5,2,2,D22,36,D22_P036_SEC_4_8_2_PAR005,,false,true,false
market infrastructure institutions ( miis,5,2,2,D22,36,D22_P036_SEC_4_8_PAR002,market,false,true,false
", clearing corporations , and",5,2,2,D22,36,D22_P036_SEC_4_8_PAR002,,false,true,false
and clearing corporations ) regulations,5,2,2,D22,36,D22_P036_SEC_4_8_PAR004,,false,true,false
"clearing corporations ) regulations ,",5,2,2,D22,36,D22_P036_SEC_4_8_PAR004,,false,true,false
"corporations ) regulations , 2018",5,2,2,D22,36,D22_P036_SEC_4_8_PAR004,,false,true,false
persons associated with research services,5,2,1,D22,36,D22_P036_SEC_4_8_PAR005,,false,true,false
associated with research services (,5,2,1,D22,36,D22_P036_SEC_4_8_PAR005,,false,true,false
with research services ( sales,5,2,2,D22,36,D22_P036_SEC_4_8_PAR005,,false,true,false
research services ( sales and,5,2,2,D22,36,D22_P036_SEC_4_8_PAR005,,false,true,false
services ( sales and other,5,2,2,D22,36,D22_P036_SEC_4_8_PAR005,,false,true,false
( sales and other non-core,5,2,2,D22,36,D22_P036_SEC_4_8_PAR005,,false,true,false
sales and other non-core services,5,2,2,D22,36,D22_P036_SEC_4_8_PAR005,,false,true,false
and other non-core services ),5,2,2,D22,36,D22_P036_SEC_4_8_PAR005,,false,true,false
", mcx , and ncdex",5,2,2,D22,37,D22_P037_SEC_4_8_2_PAR001,,false,true,false
"bse , nse and msei",5,2,2,D22,37,D22_P037_SEC_4_8_2_PAR002,,false,true,false
multi commodity exchange clearing corporation,5,2,2,D22,37,D22_P037_SEC_4_8_2_PAR003,exchange,false,true,false
commodity exchange clearing corporation limited,5,2,2,D22,37,D22_P037_SEC_4_8_2_PAR003,exchange,false,true,false
", respectively . in contrast",5,2,2,D22,37,D22_P037_SEC_4_8_2_PAR004,,false,true,false
"respectively . in contrast ,",5,2,2,D22,37,D22_P037_SEC_4_8_2_PAR004,,false,true,false
"review , appeal or waiver",5,2,1,D22,39,D22_P039_SEC_4_8_2_PAR001,,false,true,false
", appeal or waiver of",5,2,1,D22,39,D22_P039_SEC_4_8_2_PAR001,,false,true,false
appeal or waiver of penalty,5,2,1,D22,39,D22_P039_SEC_4_8_2_PAR001,,false,true,false
norms for internal audit mechanism,5,2,1,D22,39,D22_P039_SEC_4_8_3_PAR001,,false,true,false
for internal audit mechanism and,5,2,1,D22,39,D22_P039_SEC_4_8_3_PAR001,,false,true,false
internal audit mechanism and composition,5,2,1,D22,39,D22_P039_SEC_4_8_3_PAR001,,false,true,false
audit mechanism and composition of,5,2,1,D22,39,D22_P039_SEC_4_8_3_PAR001,,false,true,false
mechanism and composition of audit,5,2,1,D22,39,D22_P039_SEC_4_8_3_PAR001,,false,true,false
and composition of audit committee,5,2,1,D22,39,D22_P039_SEC_4_8_3_PAR001,,false,true,false
") regulations , 2018 and",5,2,2,D22,39,D22_P039_SEC_4_8_3_PAR002,,false,true,false
2018 were suitably amended and,5,2,2,D22,39,D22_P039_SEC_4_8_3_PAR002,,false,true,false
were suitably amended and operational,5,2,2,D22,39,D22_P039_SEC_4_8_3_PAR002,,false,true,false
suitably amended and operational guidelines,5,2,2,D22,39,D22_P039_SEC_4_8_3_PAR002,,false,true,false
amended and operational guidelines were,5,2,2,D22,39,D22_P039_SEC_4_8_3_PAR002,,false,true,false
the roles and responsibilities of,5,2,2,D22,39,D22_P039_SEC_4_8_3_PAR003,,false,true,false
2025-26 variation ( per cent,5,2,2,D22,4,D22_T002,,false,true,false
variation ( per cent ),5,2,2,D22,4,D22_T002,,false,true,false
( as per cent of,5,2,1,D22,6,D22_T005,,false,true,false
-25 31 -mar -26 31,5,2,2,D22,7,D22_T006,,false,true,false
31 -mar -26 31 -mar,5,2,2,D22,7,D22_T006,,false,true,false
-mar -26 31 -mar -25,5,2,2,D22,7,D22_T006,,false,true,false
-26 31 -mar -25 31,5,2,2,D22,7,D22_T006,,false,true,false
equity in demat form (,5,2,1,D22,7,D22_T006,equity,false,true,false
bse nse msei reason for,5,2,2,D22,7,D22_T007,,false,true,false
2024-25 * 2025-26 2024-25 2025-26,5,2,2,D22,7,D22_T007,,false,true,false
0 0 0 0 1,5,2,2,D22,8,D22_T008,,false,true,false
total 100 100 100 100,5,2,2,D22,8,D22_T009,,false,true,false
₹ lakh crore ) options,5,2,1,D22,14,D22_T016,,false,true,false
lakh crore ) options stock,5,2,1,D22,14,D22_T016,,false,true,false
crore ) options stock 0.0,5,2,1,D22,14,D22_T016,,false,true,false
) options stock 0.0 0.0,5,2,1,D22,14,D22_T016,,false,true,false
open interest at the end,5,2,2,D22,14,D22_T016,,false,true,false
interest at the end of,5,2,2,D22,14,D22_T016,,false,true,false
options year total mtm settlement,5,2,2,D22,15,D22_T017,,false,true,false
mtm settlement final settlement premium,5,2,2,D22,15,D22_T017,,false,true,false
settlement final settlement premium settlement,5,2,2,D22,15,D22_T017,,false,true,false
final settlement premium settlement exercise,5,2,2,D22,15,D22_T017,,false,true,false
settlement premium settlement exercise settlement,5,2,2,D22,15,D22_T017,,false,true,false
premium settlement exercise settlement 2024-25,5,2,2,D22,15,D22_T017,,false,true,false
0 0 0 0 0.0,5,2,1,D22,23,D22_T024,,false,true,false
( lakh ) ( ₹crore,5,2,2,D22,26,D22_T025,,false,true,false
( ₹crore ) exchange 2024-25,5,2,2,D22,26,D22_T025,exchange,false,true,false
₹crore ) exchange 2024-25 2025-26,5,2,2,D22,26,D22_T025,exchange,false,true,false
) exchange 2024-25 2025-26 2024-25,5,2,2,D22,26,D22_T025,exchange,false,true,false
exchange 2024-25 2025-26 2024-25 2025-26,5,2,2,D22,26,D22_T025,exchange,false,true,false
a . settlement : during,5,2,2,D22,26,D22_T026,,false,true,false
"nse , bse and msei",5,2,2,D22,27,D22_T028,,false,true,false
the end of 2025-26 (,5,2,2,D22,27,D22_T028,,false,true,false
end of 2025-26 ( table,5,2,2,D22,27,D22_T028,,false,true,false
associated with the securities market,5,2,2,D22,28,D22_T031,market;securities,false,true,false
") regulations , 2026 .",5,2,2,D22,28,D22_T031,,false,true,false
"march 31 , 2025 during",5,2,2,D22,28,D22_T032,,false,true,false
part- nership corpo- llp others,5,2,1,D22,29,D22_T033,,false,true,false
nership corpo- llp others (,5,2,1,D22,29,D22_T033,,false,true,false
corpo- llp others ( if,5,2,1,D22,29,D22_T033,,false,true,false
( if any ) propri-,5,2,2,D22,29,D22_T033,,false,true,false
net addition during the year,5,2,2,D22,30,D22_T034,,false,true,false
propri- etor-ship part- ner-ship corpo-,5,2,1,D22,30,D22_T035,,false,true,false
etor-ship part- ner-ship corpo- rate,5,2,1,D22,30,D22_T035,rate,false,true,false
part- ner-ship corpo- rate llp,5,2,1,D22,30,D22_T035,rate,false,true,false
ner-ship corpo- rate llp others,5,2,1,D22,30,D22_T035,rate,false,true,false
corpo- rate llp others (,5,2,1,D22,30,D22_T035,rate,false,true,false
rate llp others ( if,5,2,1,D22,30,D22_T035,rate,false,true,false
registered depository participants as on,5,2,1,D22,31,D22_T036,,false,true,false
registered intermediaries as on march,5,2,1,D22,31,D22_T037,,false,true,false
intermediaries as on march 31,5,2,1,D22,31,D22_T037,,false,true,false
- - - - fpi,5,2,2,D22,37,D22_T039,fpi,false,true,false
- domestic financial institutions (,5,2,2,D22,37,D22_T039,financial,false,true,false
total ( foreign + domestic,5,2,2,D22,37,D22_T039,foreign,false,true,false
( foreign + domestic ),5,2,2,D22,37,D22_T039,foreign,false,true,false
foreign + domestic ) 100,5,2,2,D22,37,D22_T039,foreign,false,true,false
+ domestic ) 100 100,5,2,2,D22,37,D22_T039,,false,true,false
domestic ) 100 100 100,5,2,2,D22,37,D22_T039,,false,true,false
) 100 100 100 100,5,2,2,D22,37,D22_T039,,false,true,false
"investor protection , transparency ,",5,2,2,D23,2,D23_BOX001,investor,false,true,false
"protection , transparency , and",5,2,2,D23,2,D23_BOX001,,false,true,false
", transparency , and governance",5,2,2,D23,2,D23_BOX001,,false,true,false
"transparency , and governance standards",5,2,2,D23,2,D23_BOX001,,false,true,false
", and governance standards within",5,2,2,D23,2,D23_BOX001,,false,true,false
and governance standards within the,5,2,2,D23,2,D23_BOX001,,false,true,false
governance standards within the mutual,5,2,2,D23,2,D23_BOX001,,false,true,false
standards within the mutual fund,5,2,2,D23,2,D23_BOX001,,false,true,false
within the mutual fund ecosystem,5,2,2,D23,2,D23_BOX001,,false,true,false
the mutual fund ecosystem .,5,2,2,D23,2,D23_BOX001,,false,true,false
"notified on january 14 ,",5,2,2,D23,2,D23_BOX001,,false,true,false
"on january 14 , 2026",5,2,2,D23,2,D23_BOX001,,false,true,false
of the master circular for,5,2,2,D23,2,D23_BOX001,,false,true,false
improving ease of compliance .,5,2,2,D23,2,D23_BOX001,,false,true,false
some of the key features,5,2,2,D23,2,D23_BOX001,,false,true,false
of the key features of,5,2,2,D23,2,D23_BOX001,,false,true,false
the key features of the,5,2,2,D23,2,D23_BOX001,,false,true,false
incentive structure for mutual fund,5,2,2,D23,2,D23_BOX001,,false,true,false
structure for mutual fund distributors,5,2,2,D23,2,D23_BOX001,,false,true,false
", subject to an overall",5,2,2,D23,2,D23_BOX001,,false,true,false
"of ₹2,000 per investor .",5,2,2,D23,2,D23_BOX001,investor,false,true,false
: to enhance operational flexibility,5,2,2,D23,10,D23_BOX003,,false,true,false
", sebi amended the aif",5,2,1,D23,10,D23_BOX003,,false,true,false
sebi amended the aif regulations,5,2,1,D23,10,D23_BOX003,,false,true,false
amended the aif regulations to,5,2,1,D23,10,D23_BOX003,,false,true,false
the regulatory framework for angel,5,2,1,D23,11,D23_BOX005,regulatory,false,true,false
) for investment in a,5,2,1,D23,11,D23_BOX005,investment,false,true,false
to ensure that only those,5,2,1,D23,11,D23_BOX005,,false,true,false
ensure that only those investors,5,2,1,D23,11,D23_BOX005,investors,false,true,false
that only those investors with,5,2,1,D23,11,D23_BOX005,investors,false,true,false
only those investors with risk,5,2,1,D23,11,D23_BOX005,investors,false,true,false
those investors with risk capability,5,2,1,D23,11,D23_BOX005,investors,false,true,false
investors with risk capability are,5,2,1,D23,11,D23_BOX005,investors,false,true,false
with risk capability are shown,5,2,1,D23,11,D23_BOX005,,false,true,false
risk capability are shown offers,5,2,1,D23,11,D23_BOX005,,false,true,false
capability are shown offers to,5,2,1,D23,11,D23_BOX005,,false,true,false
are shown offers to invest,5,2,1,D23,11,D23_BOX005,,false,true,false
shown offers to invest in,5,2,1,D23,11,D23_BOX005,,false,true,false
offers to invest in unlisted,5,2,1,D23,11,D23_BOX005,,false,true,false
to invest in unlisted start-ups,5,2,1,D23,11,D23_BOX005,,false,true,false
revised regulatory framework for angel,5,2,2,D23,11,D23_BOX005,regulatory,false,true,false
) to ensure that only,5,2,2,D23,11,D23_BOX005,,false,true,false
angel funds have been mandated,5,2,2,D23,11,D23_BOX005,,false,true,false
funds have been mandated to,5,2,2,D23,11,D23_BOX005,,false,true,false
have been mandated to on-board,5,2,2,D23,11,D23_BOX005,,false,true,false
been mandated to on-board and,5,2,2,D23,11,D23_BOX005,,false,true,false
mandated to on-board and offer,5,2,2,D23,11,D23_BOX005,,false,true,false
to on-board and offer investment,5,2,2,D23,11,D23_BOX005,investment,false,true,false
on-board and offer investment opportunities,5,2,2,D23,11,D23_BOX005,investment,false,true,false
and offer investment opportunities to,5,2,2,D23,11,D23_BOX005,investment,false,true,false
on the strength of the,5,2,2,D23,11,D23_BOX005,,false,true,false
the strength of the aforesaid,5,2,2,D23,11,D23_BOX005,,false,true,false
strength of the aforesaid mandate,5,2,2,D23,11,D23_BOX005,,false,true,false
"of the aforesaid mandate ,",5,2,2,D23,11,D23_BOX005,,false,true,false
substantial flexibilities have been extended,5,2,2,D23,11,D23_BOX005,,false,true,false
flexibilities have been extended to,5,2,2,D23,11,D23_BOX005,,false,true,false
have been extended to angel,5,2,2,D23,11,D23_BOX005,,false,true,false
been extended to angel funds,5,2,2,D23,11,D23_BOX005,,false,true,false
extended to angel funds for,5,2,2,D23,11,D23_BOX005,,false,true,false
to angel funds for investment,5,2,2,D23,11,D23_BOX005,investment,false,true,false
angel funds for investment in,5,2,2,D23,11,D23_BOX005,investment,false,true,false
the sebi ( mutual funds,5,2,2,D23,1,D23_P001_SEC_5_1_1_PAR001,,false,true,false
to 6.1 crore . this growth,5,2,2,D23,1,D23_P001_SEC_5_1_PAR001,growth,false,true,false
to safeguard the interests of,5,2,2,D23,1,D23_P001_SEC_5_1_PAR002,,false,true,false
transaction charges and upfront commissions,5,2,1,D23,3,D23_P003_SEC_5_1_PAR002,,false,true,false
transfer of mutual fund units,5,2,1,D23,3,D23_P003_SEC_5_1_PAR004,,false,true,false
: as of march 31,5,2,2,D23,4,D23_P004_SEC_5_1_2_PAR003,,false,true,false
": during 2025-26 , mutual",5,2,2,D23,7,D23_P007_SEC_5_1_2_PAR001,,false,true,false
"during 2025-26 , mutual funds",5,2,2,D23,7,D23_P007_SEC_5_1_2_PAR001,,false,true,false
": in 2025-26 , the",5,2,2,D23,8,D23_P008_SEC_5_1_2_PAR004,,false,true,false
the number of unique investors,5,2,2,D23,8,D23_P008_SEC_5_1_2_PAR005,investors,false,true,false
days for the top 5,5,2,1,D23,9,D23_P009_SEC_5_1_2_PAR001,,false,true,false
minimum investment threshold for large,5,2,2,D23,10,D23_P010_SEC_5_1_2_PAR003,investment,false,true,false
investment threshold for large value,5,2,2,D23,10,D23_P010_SEC_5_1_2_PAR003,investment,false,true,false
threshold for large value funds,5,2,2,D23,10,D23_P010_SEC_5_1_2_PAR003,,false,true,false
from ₹70 crore to ₹25 crore .,5,2,2,D23,10,D23_P010_SEC_5_1_2_PAR003,,false,true,false
of minimum value of investment,5,2,1,D23,12,D23_P012_SEC_5_1_2_PAR005,investment,false,true,false
minimum value of investment by,5,2,1,D23,12,D23_P012_SEC_5_1_2_PAR005,investment,false,true,false
value of investment by individual,5,2,1,D23,12,D23_P012_SEC_5_1_2_PAR005,investment,false,true,false
of investment by individual investors,5,2,1,D23,12,D23_P012_SEC_5_1_2_PAR005,investment;investors,false,true,false
investment by individual investors in,5,2,1,D23,12,D23_P012_SEC_5_1_2_PAR005,investment;investors,false,true,false
by individual investors in social,5,2,1,D23,12,D23_P012_SEC_5_1_2_PAR005,investors,false,true,false
individual investors in social impact,5,2,1,D23,12,D23_P012_SEC_5_1_2_PAR005,investors,false,true,false
investors in social impact funds,5,2,1,D23,12,D23_P012_SEC_5_1_2_PAR005,investors,false,true,false
compliance officers of aif managers,5,2,1,D23,12,D23_P012_SEC_5_1_2_PAR006,,false,true,false
", sebi has mandated that",5,2,2,D23,12,D23_P012_SEC_5_1_2_PAR006,,false,true,false
master circular for portfolio managers,5,2,1,D23,15,D23_P015_SEC_5_3_1_PAR001,,false,true,false
"dated july 16 , 2025",5,2,2,D23,15,D23_P015_SEC_5_3_1_PAR001,,false,true,false
the total number of registered,5,2,2,D23,15,D23_P015_SEC_5_3_2_PAR002,,false,true,false
expanding the scope of permitted,5,2,2,D23,17,D23_P017_SEC_5_3_2_PAR006,,false,true,false
of doing business for reits,5,2,2,D23,17,D23_P017_SEC_5_3_2_PAR008,,false,true,false
