ngram,n,frequency,document_frequency,example_document,example_page,example_unit_id,contains_domain_term,is_function_word_phrase,has_content_token,is_repeated_token
ai ai ai ai,4,330,19,D17,36,D17_P036_UNKNOWN_PAR001,,false,true,true
"march 31 , 2026",4,91,74,D20,8,D20_T002,,false,true,false
as on march 31,4,70,47,D21,16,D21_P016_SEC_3_4_2_PAR003,,false,true,false
"on march 31 ,",4,68,46,D21,16,D21_P016_SEC_3_4_2_PAR003,,false,true,false
", as well as",4,63,62,D01,5,D01_P005_SEC_1_6_PAR001,,false,true,false
at the same time,4,60,58,D01,14,D01_P014_SEC_1_15_PAR001,,false,true,false
"the same time ,",4,60,58,D01,14,D01_P014_SEC_1_15_PAR001,,false,true,false
ease of doing business,4,59,53,D03,60,D03_BOX021,,false,true,false
") regulations , 2025",4,54,53,D04,25,D04_P025_SEC_4_54_PAR001,,false,true,false
"31 , 2026 ,",4,52,44,D21,16,D21_P016_SEC_3_4_2_PAR003,,false,true,false
- - - -,4,51,9,D01,34,D01_T008,,false,false,true
"amendment ) regulations ,",4,51,51,D04,25,D04_P025_SEC_4_54_PAR001,,false,true,false
at the end of,4,50,41,D02,31,D02_P031_SEC_2_43_PAR001,,false,true,false
": during 2025-26 ,",4,47,44,D21,11,D21_BOX005,,false,true,false
. at the same,4,45,44,D01,14,D01_P014_SEC_1_15_PAR001,,false,true,false
", 2025 sebi (",4,45,45,D28,35,D28_P035_UNKNOWN_PAR001,,false,true,false
"in this context ,",4,43,43,D01,5,D01_P005_SEC_1_6_PAR001,,false,true,false
"during 2025-26 , the",4,43,41,D18,2,D18_P002_III_PAR001,,false,true,false
". during 2025-26 ,",4,42,40,D21,7,D21_P007_SEC_3_1_2_PAR001,,false,true,false
"sebi act , 1992",4,41,30,D03,36,D03_BOX013,,false,true,false
. as a result,4,37,37,D01,2,D01_P002_SEC_1_1_PAR001,,false,true,false
"as a result ,",4,37,37,D01,2,D01_P002_SEC_1_1_PAR001,,false,true,false
the previous year .,4,37,35,D01,28,D01_P028_SEC_1_36_PAR001,,false,true,false
. in this context,4,35,35,D01,5,D01_P005_SEC_1_6_PAR001,,false,true,false
". in contrast ,",4,34,34,D02,30,D02_P030_UNKNOWN_PAR002,,false,true,false
monetary management and financial,4,34,34,D03,1,D03_P001_SEC_3_1_PAR001,financial;monetary,false,true,false
management and financial intermediation,4,34,34,D03,1,D03_P001_SEC_3_1_PAR001,financial,false,true,false
", such as the",4,33,33,D01,31,D01_P031_SEC_1_46_PAR002,,false,true,false
"march 31 , 2025",4,32,30,D03,51,D03_P051_SEC_3_89_PAR001,,false,true,false
". in addition ,",4,31,30,D02,13,D02_P013_SEC_2_21_PAR001,,false,true,false
during the same period,4,31,30,D02,19,D02_P019_SEC_2_31_PAR001,,false,true,false
"the sebi act ,",4,31,25,D03,36,D03_BOX013,,false,true,false
strategic resilience and strategic,4,31,31,D16,1,D16_P001_UNKNOWN_PAR001,,false,true,false
resilience and strategic indispensability,4,31,31,D16,1,D16_P001_UNKNOWN_PAR001,,false,true,false
the government of india,4,30,29,D04,56,D04_P056_UNKNOWN_PAR001,,false,true,false
2024-25 2025-26 2024-25 2025-26,4,30,20,D22,6,D22_T005,,false,true,false
of the sebi act,4,30,25,D22,28,D22_T031,,false,true,false
", the government has",4,29,29,D01,21,D01_BOX005,,false,true,false
ui ai ai ai,4,28,15,D17,36,D17_P036_UNKNOWN_PAR001,,false,true,false
ai ai ai -,4,28,18,D17,36,D17_P036_UNKNOWN_PAR001,,false,true,false
"of march 31 ,",4,28,25,D21,14,D21_T010,,false,true,false
the end of the,4,27,20,D01,18,D01_BOX003,,false,true,false
", the share of",4,27,27,D01,10,D01_P010_SEC_1_9_PAR001,,false,true,false
in the previous year,4,27,25,D02,12,D02_P012_SEC_2_19_PAR001,,false,true,false
ai ai ui ai,4,27,13,D17,36,D17_P036_UNKNOWN_PAR001,,false,true,false
amount ( ₹crore ),4,27,11,D21,5,D21_T001,,false,true,false
ai ui ai ai,4,26,13,D17,36,D17_P036_UNKNOWN_PAR001,,false,true,false
". however , the",4,25,25,D01,3,D01_P003_SEC_1_3_PAR001,,false,true,false
"during the year ,",4,25,25,D01,24,D01_P024_SEC_1_30_PAR001,,false,true,false
"in recent years ,",4,25,25,D02,21,D02_P021_SEC_2_33_PAR001,,false,true,false
ai ai ai ui,4,25,15,D17,36,D17_P036_UNKNOWN_PAR001,,false,true,false
ai - ai ai,4,24,15,D17,36,D17_P036_UNKNOWN_PAR001,,false,true,false
) ( amendment ),4,24,24,D28,35,D28_P035_UNKNOWN_PAR001,,false,true,false
( amendment ) regulations,4,24,24,D28,35,D28_P035_UNKNOWN_PAR001,,false,true,false
industry 's next leap,4,23,23,D08,1,D08_P001_UNKNOWN_PAR001,industry,false,true,false
's next leap :,4,23,23,D08,1,D08_P001_UNKNOWN_PAR001,,false,true,false
next leap : structural,4,23,23,D08,1,D08_P001_UNKNOWN_PAR001,,false,true,false
leap : structural transformation,4,23,23,D08,1,D08_P001_UNKNOWN_PAR001,,false,true,false
: structural transformation and,4,23,23,D08,1,D08_P001_UNKNOWN_PAR001,,false,true,false
structural transformation and global,4,23,23,D08,1,D08_P001_UNKNOWN_PAR001,,false,true,false
transformation and global integration,4,23,23,D08,1,D08_P001_UNKNOWN_PAR001,,false,true,false
employment and skill development,4,23,23,D12,1,D12_P001_UNKNOWN_PAR001,employment,false,true,false
ai ai - ai,4,23,15,D17,36,D17_P036_UNKNOWN_PAR001,,false,true,false
- ai ai ai,4,23,14,D17,36,D17_P036_UNKNOWN_PAR001,,false,true,false
". further , the",4,22,22,D02,2,D02_P002_UNKNOWN_PAR001,,false,true,false
over the past decade,4,22,20,D02,15,D02_P015_SEC_2_26_PAR001,,false,true,false
". furthermore , the",4,22,22,D03,18,D03_P018_SEC_3_33_PAR001,,false,true,false
"during 2025-26 , sebi",4,22,21,D21,11,D21_BOX007,,false,true,false
". together , these",4,21,21,D01,21,D01_BOX005,,false,true,false
environment and climate change,4,21,21,D10,1,D10_P001_UNKNOWN_PAR001,,false,true,false
as of march 31,4,21,19,D21,14,D21_T010,,false,true,false
of the ai ecosystem,4,20,20,D12,25,D12_P025_SEC_12_38_PAR002,,false,true,false
", 2026 , the",4,19,18,D01,28,D01_P028_SEC_1_37_PAR001,,false,true,false
", the number of",4,19,18,D02,17,D02_P017_UNKNOWN_PAR004,,false,true,false
". over time ,",4,19,19,D03,25,D03_P025_SEC_3_47_PAR004,,false,true,false
investment and infrastructure :,4,19,19,D09,1,D09_P001_UNKNOWN_PAR001,investment,false,true,false
and infrastructure : strengthening,4,19,19,D09,1,D09_P001_UNKNOWN_PAR001,,false,true,false
infrastructure : strengthening connectivity,4,19,19,D09,1,D09_P001_UNKNOWN_PAR001,,false,true,false
": strengthening connectivity ,",4,19,19,D09,1,D09_P001_UNKNOWN_PAR001,,false,true,false
"strengthening connectivity , capacity",4,19,19,D09,1,D09_P001_UNKNOWN_PAR001,,false,true,false
"connectivity , capacity and",4,19,19,D09,1,D09_P001_UNKNOWN_PAR001,,false,true,false
", capacity and competitiveness",4,19,19,D09,1,D09_P001_UNKNOWN_PAR001,,false,true,false
evolution of the ai,4,19,19,D14,1,D14_P001_UNKNOWN_PAR001,,false,true,false
the ai ecosystem in,4,19,19,D14,1,D14_P001_UNKNOWN_PAR001,,false,true,false
ai ecosystem in india,4,19,19,D14,1,D14_P001_UNKNOWN_PAR001,,false,true,false
chapter 10 regulatory action,4,19,19,D28,1,D28_P001_UNKNOWN_PAR001,regulatory,false,true,false
"10 regulatory action ,",4,19,19,D28,1,D28_P001_UNKNOWN_PAR001,regulatory,false,true,false
"regulatory action , supervision",4,19,19,D28,1,D28_P001_UNKNOWN_PAR001,regulatory;supervision,false,true,false
"action , supervision and",4,19,19,D28,1,D28_P001_UNKNOWN_PAR001,supervision,false,true,false
", supervision and enforcement",4,19,19,D28,1,D28_P001_UNKNOWN_PAR001,supervision,false,true,false
state of the economy,4,18,18,D01,1,D01_P001_UNKNOWN_PAR001,,false,true,false
the first half of,4,18,16,D01,1,D01_P001_UNKNOWN_PAR004,,false,true,false
". for instance ,",4,18,18,D01,19,D01_P019_SEC_1_27_PAR002,,false,true,false
", in turn ,",4,18,18,D02,15,D02_BOX005,,false,true,false
the same period .,4,18,18,D02,4,D02_P004_SEC_2_6_PAR001,,false,true,false
", there is a",4,18,18,D03,21,D03_BOX003,,false,true,false
rural development and social,4,18,18,D13,1,D13_P001_UNKNOWN_PAR001,,false,true,false
development and social progress,4,18,18,D13,1,D13_P001_UNKNOWN_PAR001,,false,true,false
and social progress :,4,18,18,D13,1,D13_P001_UNKNOWN_PAR001,,false,true,false
social progress : from,4,18,18,D13,1,D13_P001_UNKNOWN_PAR001,,false,true,false
building strategic resilience and,4,18,18,D17,1,D17_P001_UNKNOWN_PAR001,,false,true,false
the revised estimate of,4,18,14,D19,1,D19_P001_UNKNOWN_PAR001,,false,true,false
: in order to,4,18,18,D21,3,D21_P003_SEC_3_1_1_PAR009,,false,true,false
( 2025 ) .,4,17,14,D02,28,D02_BOX015,,false,true,false
". in india ,",4,17,17,D03,35,D03_P035_SEC_3_66_PAR001,,false,true,false
services : from stability,4,17,17,D07,1,D07_P001_UNKNOWN_PAR001,stability,false,true,false
: from stability to,4,17,17,D07,1,D07_P001_UNKNOWN_PAR001,stability,false,true,false
from stability to new,4,17,17,D07,1,D07_P001_UNKNOWN_PAR001,stability,false,true,false
stability to new frontiers,4,17,17,D07,1,D07_P001_UNKNOWN_PAR001,stability,false,true,false
progress : from participatiom,4,17,17,D13,3,D13_P003_SEC_13_6_PAR001,,false,true,false
: from participatiom to,4,17,17,D13,3,D13_P003_SEC_13_6_PAR001,,false,true,false
from participatiom to partnership,4,17,17,D13,3,D13_P003_SEC_13_6_PAR001,,false,true,false
the hon'ble supreme court,4,17,15,D13,33,D13_P033_SEC_13_86_PAR001,,false,true,false
0.0 0.0 0.0 0.0,4,17,3,D31,17,D31_P017_SEC_13_11_PAR013,,false,true,true
". for india ,",4,16,16,D01,30,D01_P030_SEC_1_44_PAR001,,false,true,false
"this context , the",4,16,16,D02,3,D02_P003_SEC_2_3_PAR001,,false,true,false
"same time , the",4,16,16,D02,7,D02_P007_SEC_2_12_PAR001,,false,true,false
agriculture and food managmement,4,16,16,D06,3,D06_P003_SEC_6_4_PAR001,,false,true,false
available at https :,4,16,14,D08,20,D08_BOX007,,false,true,false
end of the period,4,16,10,D21,11,D21_T009,,false,true,false
"the same period ,",4,15,15,D02,3,D02_P003_SEC_2_4_PAR001,,false,true,false
on the other hand,4,15,15,D02,19,D02_P019_SEC_2_31_PAR001,,false,true,false
"the other hand ,",4,15,15,D02,19,D02_P019_SEC_2_31_PAR001,,false,true,false
"the past decade ,",4,15,14,D03,24,D03_BOX005,,false,true,false
in the securities market,4,15,14,D03,42,D03_P042_SEC_3_74_PAR002,market;securities,false,true,false
"of doing business ,",4,15,15,D03,60,D03_P060_SEC_3_99_PAR003,,false,true,false
". additionally , the",4,15,15,D04,8,D04_P008_SEC_4_17_PAR001,,false,true,false
is estimated to be,4,15,14,D13,23,D13_P023_SEC_13_66_PAR002,,false,true,false
ai ai - -,4,15,5,D17,36,D17_P036_UNKNOWN_PAR008,,false,true,false
revised estimate of 2025-26,4,15,12,D19,1,D19_P001_UNKNOWN_PAR001,,false,true,false
particula rs 2024 -25 2025-26,4,15,15,D21,5,D21_T001,,false,true,false
100 100 100 100,4,15,5,D22,8,D22_T009,,false,true,true
over the same period,4,14,14,D02,3,D02_P003_SEC_2_4_PAR001,,false,true,false
reserve bank of india,4,14,14,D02,6,D02_P006_SEC_2_9_PAR001,bank;reserve,false,true,false
in line with the,4,14,13,D02,11,D02_P011_SEC_2_18_PAR001,,false,true,false
as a percentage of,4,14,13,D02,12,D02_P012_SEC_2_19_PAR001,,false,true,false
. on the other,4,14,14,D02,19,D02_P019_SEC_2_31_PAR001,,false,true,false
in the united states,4,14,14,D02,30,D02_P030_UNKNOWN_PAR002,,false,true,false
of doing business for,4,14,12,D03,20,D03_P020_SEC_3_38_PAR001,,false,true,false
"r & d ,",4,14,14,D03,49,D03_P049_SEC_3_85_PAR005,,false,true,false
: https : //tinyurl.com/,4,14,13,D04,3,D04_P003_SEC_4_8_PAR005,,false,true,false
the world 's largest,4,14,13,D04,23,D04_P023_UNKNOWN_PAR005,,false,true,false
) ( second amendment,4,14,14,D04,25,D04_P025_SEC_4_54_PAR001,,false,true,false
( second amendment ),4,14,14,D04,25,D04_P025_SEC_4_54_PAR001,,false,true,false
second amendment ) regulations,4,14,14,D04,25,D04_P025_SEC_4_54_PAR001,,false,true,false
over the revised estimate,4,14,10,D19,1,D19_P001_UNKNOWN_PAR002,,false,true,false
( ₹crore ) no,4,14,9,D21,5,D21_T001,,false,true,false
₹crore ) no .,4,14,9,D21,5,D21_T001,,false,true,false
) no . of,4,14,9,D21,8,D21_T005,,false,true,false
the ld . sat,4,14,11,D28,19,D28_P019_UNKNOWN_PAR016,,false,true,false
"against this backdrop ,",4,13,13,D01,1,D01_P001_UNKNOWN_PAR003,,false,true,false
during the year .,4,13,13,D01,18,D01_P018_SEC_1_27_PAR001,,false,true,false
( yoy ) .,4,13,9,D01,27,D01_P027_SEC_1_34_PAR001,,false,true,false
", resulting in a",4,13,13,D01,28,D01_P028_SEC_1_36_PAR001,,false,true,false
. the number of,4,13,13,D02,28,D02_BOX015,,false,true,false
in the post-pandemic period,4,13,13,D02,1,D02_P001_UNKNOWN_PAR002,,false,true,false
of gdp in the,4,13,10,D02,1,D02_P001_UNKNOWN_PAR003,gdp,false,true,false
the ease of doing,4,13,13,D03,60,D03_BOX021,,false,true,false
". for example ,",4,13,13,D03,5,D03_P005_SEC_3_8_PAR002,,false,true,false
in the country .,4,13,13,D03,9,D03_P009_SEC_3_9_PAR001,,false,true,false
. over the past,4,13,13,D03,28,D03_P028_SEC_3_49_PAR001,,false,true,false
is one of the,4,13,13,D04,21,D04_P021_SEC_4_50_PAR001,,true,true,false
: ( i ),4,13,11,D04,40,D04_P040_SEC_4_81_PAR002,,false,true,false
", a total of",4,13,13,D06,17,D06_P017_SEC_6_24_PAR001,,false,true,false
from import substitution to,4,13,13,D16,1,D16_P001_UNKNOWN_PAR001,import,false,true,false
import substitution to strategic,4,13,13,D16,1,D16_P001_UNKNOWN_PAR001,import,false,true,false
substitution to strategic resilience,4,13,13,D16,1,D16_P001_UNKNOWN_PAR001,,false,true,false
to strategic resilience and,4,13,13,D16,1,D16_P001_UNKNOWN_PAR001,,false,true,false
- - ai ai,4,13,8,D17,36,D17_P036_UNKNOWN_PAR008,,false,true,false
and disclosure requirements ),4,13,12,D21,3,D21_P003_SEC_3_1_1_PAR009,,false,true,false
activity and trends observed,4,13,13,D21,4,D21_P004_SEC_3_1_2_PAR001,,false,true,false
issue and share transfer,4,13,13,D21,16,D21_P016_SEC_3_4_2_PAR002,,false,true,false
2025-26 2024-25 2025-26 2024-25,4,13,12,D22,7,D22_T007,,false,true,false
of the economic survey,4,12,12,D01,31,D01_BOX007,,false,true,false
. according to the,4,12,12,D01,2,D01_P002_SEC_1_1_PAR001,,false,true,false
", supported by a",4,12,12,D01,9,D01_P009_SEC_1_8_PAR002,,false,true,false
in h 1 fy26,4,12,11,D01,14,D01_P014_SEC_1_17_PAR001,,false,true,false
india 's external sector,4,12,11,D01,28,D01_P028_SEC_1_38_PAR001,sector,false,true,false
. ( 2025 ),4,12,12,D02,28,D02_BOX015,,false,true,false
the reserve bank of,4,12,12,D02,6,D02_P006_SEC_2_9_PAR001,bank;reserve,false,true,false
". similarly , the",4,12,12,D02,10,D02_P010_UNKNOWN_PAR008,,false,true,false
a critical role in,4,12,12,D02,42,D02_P042_SEC_2_56_PAR001,,false,true,false
"as of 31 december 2025 ,",4,12,12,D03,4,D03_P004_SEC_3_7_PAR001,,false,true,false
"over the years ,",4,12,12,D03,19,D03_P019_SEC_3_35_PAR001,,false,true,false
the total number of,4,12,12,D03,59,D03_P059_SEC_3_99_PAR003,,false,true,false
over the last decade,4,12,11,D04,55,D04_P055_UNKNOWN_PAR004,,false,true,false
". in 2025-26 ,",4,12,12,D05,10,D05_P010_SEC_5_17_PAR001,,false,true,false
estimate of 2025-26 .,4,12,11,D19,1,D19_P001_UNKNOWN_PAR001,,false,true,false
") regulations , 2018",4,12,10,D21,3,D21_P003_SEC_3_1_1_PAR009,,false,true,false
( ₹ crore ),4,12,9,D21,11,D21_T009,,false,true,false
") regulations , 2026",4,12,10,D22,33,D22_P033_SEC_4_7_5_PAR004,,false,true,false
the implementation of the,4,11,11,D01,29,D01_P029_SEC_1_40_PAR001,,false,true,false
. https : //tinyurl.com/,4,11,10,D02,28,D02_BOX015,,false,true,false
. the government 's,4,11,11,D02,1,D02_P001_UNKNOWN_PAR002,,false,true,false
fy25 ( pa ),4,11,9,D02,4,D02_P004_SEC_2_7_PAR001,,false,true,false
in the union budget,4,11,9,D03,36,D03_BOX013,budget,false,true,false
the securities market .,4,11,11,D03,42,D03_BOX017,market;securities,false,true,false
at the beginning of,4,11,10,D03,14,D03_P014_SEC_3_22_PAR001,,false,true,false
at a cagr of,4,11,8,D03,55,D03_P055_SEC_3_99_PAR003,,false,true,false
"in addition , the",4,11,11,D06,2,D06_P002_SEC_6_3_PAR001,,false,true,false
government of india has,4,11,11,D06,28,D06_P028_SEC_6_50_PAR001,,false,true,false
with an outlay of,4,11,11,D08,13,D08_BOX001,,false,true,false
ai - - ai,4,11,5,D17,36,D17_P036_UNKNOWN_PAR008,,false,true,false
ai - - -,4,11,5,D17,36,D17_P036_UNKNOWN_PAR008,,false,true,false
- - - ai,4,11,5,D17,36,D17_P036_UNKNOWN_PAR008,,false,true,false
no . of issues,4,11,5,D21,7,D21_T004,,false,true,false
. as of march,4,11,11,D21,14,D21_T010,,false,true,false
( 1 ) (,4,11,6,D26,11,D26_BOX003,,false,true,false
a key driver of,4,10,10,D01,3,D01_P003_SEC_1_2_PAR002,,false,true,false
as a share of,4,10,9,D01,25,D01_P025_SEC_1_31_PAR001,,false,true,false
at the state level,4,10,9,D01,25,D01_P025_SEC_1_31_PAR001,,false,true,false
"initiatives , such as",4,10,10,D01,31,D01_P031_SEC_1_46_PAR002,,false,true,false
". accordingly , the",4,10,10,D01,34,D01_P034_SEC_3_PAR002,,false,true,false
in recent years .,4,10,10,D01,34,D01_P034_SEC_3_PAR003,,false,true,false
https : //tinyurl.com/ 3,4,10,9,D02,28,D02_BOX015,,false,true,false
the union budget 2025-26,4,10,9,D02,6,D02_P006_SEC_2_10_PAR001,budget,false,true,false
play a key role,4,10,10,D02,11,D02_P011_SEC_2_18_PAR001,,false,true,false
a key role in,4,10,10,D02,11,D02_P011_SEC_2_18_PAR001,,false,true,false
fy26 ( up to,4,10,8,D02,13,D02_P013_SEC_2_21_PAR001,,false,true,false
the previous year (,4,10,9,D02,31,D02_P031_SEC_2_43_PAR001,,false,true,false
. there is a,4,10,10,D03,21,D03_BOX003,,false,true,false
", https : //tinyurl.com/",4,10,9,D03,27,D03_BOX009,,false,true,false
". collectively , these",4,10,10,D03,42,D03_BOX017,,false,true,false
. the share of,4,10,10,D03,39,D03_P039_SEC_3_73_PAR002,,false,true,false
"in this sense ,",4,10,10,D03,47,D03_P047_SEC_3_85_PAR003,,false,true,false
a wide range of,4,10,10,D03,55,D03_P055_SEC_3_99_PAR003,,false,true,false
a vital role in,4,10,10,D04,2,D04_P002_SEC_4_4_PAR001,,false,true,false
initiatives such as the,4,10,10,D04,20,D04_P020_SEC_4_46_PAR001,,false,true,false
one of the most,4,10,10,D04,21,D04_P021_SEC_4_50_PAR001,,true,true,false
", ( ii )",4,10,9,D05,12,D05_P012_SEC_5_21_PAR001,,false,true,false
", underscoring the need",4,10,10,D06,19,D06_P019_SEC_6_26_PAR002,,false,true,false
the same period (,4,10,10,D07,8,D07_P008_SEC_7_13_PAR001,,false,true,false
"in rural areas ,",4,10,9,D07,27,D07_P027_SEC_7_47_PAR001,,false,true,false
the economic survey 2024-25,4,10,10,D08,43,D08_P043_SEC_8_71_PAR002,,false,true,false
with the objective of,4,10,9,D09,23,D09_P023_SEC_9_40_PAR001,,false,true,false
", 2025 , from",4,10,5,D10,18,D10_BOX005,,false,true,false
- ai ai -,4,10,6,D17,36,D17_P036_UNKNOWN_PAR008,,false,true,false
"february 1 , 2026",4,10,10,D19,1,D19_P001_UNKNOWN_PAR018,,false,true,false
revised estimates of 2025-26,4,10,9,D19,3,D19_P003_UNKNOWN_PAR002,,false,true,false
the middle east conflict,4,10,9,D20,4,D20_P004_II_PAR001,,false,true,false
. 2  market activity and,4,10,10,D21,4,D21_P004_SEC_3_1_2_PAR001,,false,true,false
2  market activity and trends,4,10,10,D21,4,D21_P004_SEC_3_1_2_PAR001,,false,true,false
no . amount (,4,10,5,D21,5,D21_T001,,false,true,false
. of issues amount,4,10,4,D21,7,D21_T004,,false,true,false
of issues amount (,4,10,4,D21,7,D21_T004,,false,true,false
issues amount ( ₹crore,4,10,4,D21,7,D21_T004,,false,true,false
"31 , 2026 (",4,10,10,D21,15,D21_T014,,false,true,false
are given in table,4,10,10,D22,20,D22_P020_SEC_4_4_4_PAR003,,false,true,false
0 0 0 0,4,10,6,D22,7,D22_T007,,false,true,true
pending at the end,4,10,9,D28,7,D28_P007_SEC_10_1_4_PAR004,,false,true,false
hon'ble delhi high court,4,10,7,D28,27,D28_P027_UNKNOWN_PAR004,,false,true,false
disclosure requirements ) (,4,10,10,D28,35,D28_P035_UNKNOWN_PAR006,,false,true,false
cases pending at the,4,10,5,D28,7,D28_T007,,false,true,false
4 ( 1 ),4,10,5,D31,1,D31_P001_SEC_13_1_PAR001,,false,true,false
the covid -19 pandemic,4,9,9,D01,18,D01_BOX003,,false,true,false
", as reflected in",4,9,9,D01,9,D01_P009_SEC_1_8_PAR002,,false,true,false
"of the year ,",4,9,9,D01,10,D01_P010_SEC_1_9_PAR001,,false,true,false
in the first half,4,9,8,D01,12,D01_P012_SEC_1_12_PAR001,,false,true,false
"the united states ,",4,9,9,D01,14,D01_P014_SEC_1_15_PAR001,,false,true,false
in the context of,4,9,9,D01,24,D01_P024_SEC_1_29_PAR001,,false,true,false
the central government 's,4,9,8,D01,25,D01_P025_SEC_1_31_PAR001,,false,true,false
of the previous year,4,9,9,D01,28,D01_P028_SEC_1_36_PAR001,,false,true,false
incentive ( pli ),4,9,9,D01,31,D01_P031_SEC_1_46_PAR002,,false,true,false
in the pre-pandemic period,4,9,9,D01,33,D01_P033_SEC_1_PAR003,,false,true,false
the pre-pandemic period (,4,9,9,D01,33,D01_P033_SEC_1_PAR005,,false,true,false
in the form of,4,9,9,D01,35,D01_P035_SEC_3_PAR002,,false,true,false
". in parallel ,",4,9,9,D02,8,D02_P008_SEC_2_15_PAR001,,false,true,false
", in line with",4,9,9,D02,11,D02_P011_SEC_2_18_PAR001,,false,true,false
₹ lakh crore ),4,9,4,D02,12,D02_T003,,false,true,false
( per cent ),4,9,7,D02,19,D02_T005,,false,true,false
https : //tinyurl.com/ 5,4,9,8,D03,27,D03_BOX009,,false,true,false
with a view to,4,9,9,D03,60,D03_BOX021,,false,true,false
of doing business .,4,9,8,D03,60,D03_BOX021,,false,true,false
", transparency , and",4,9,9,D03,2,D03_P002_SEC_3_2_PAR001,,false,true,false
in view of the,4,9,9,D03,2,D03_P002_SEC_3_3_PAR001,,false,true,false
to the commercial sector,4,9,6,D03,10,D03_P010_SEC_3_13_PAR001,sector,false,true,false
. in recent years,4,9,9,D03,18,D03_P018_SEC_3_34_PAR001,,false,true,false
"the securities market ,",4,9,9,D03,38,D03_P038_UNKNOWN_PAR004,market;securities,false,true,false
the provisions of the,4,9,8,D03,42,D03_P042_SEC_3_74_PAR002,,false,true,false
"in fy25 , the",4,9,9,D03,44,D03_P044_SEC_3_76_PAR001,,false,true,false
. this can be,4,9,9,D04,19,D04_P019_SEC_4_44_PAR001,,false,true,false
a crucial role in,4,9,9,D04,26,D04_P026_SEC_4_56_PAR001,,false,true,false
"for india , the",4,9,9,D04,47,D04_P047_SEC_4_93_PAR002,,false,true,false
", by contrast ,",4,9,8,D04,53,D04_P053_SEC_4_99_PAR012,,false,true,false
", an increase of",4,9,8,D06,4,D06_P004_SEC_6_8_PAR001,,false,true,false
the national mission on,4,9,6,D06,9,D06_P009_SEC_6_15_PAR001,,false,true,false
- - ai -,4,9,4,D17,36,D17_P036_UNKNOWN_PAR008,,false,true,false
revised estimate for 2025-26,4,9,8,D19,1,D19_P001_UNKNOWN_PAR002,,false,true,false
over the revised estimates,4,9,7,D19,4,D19_P004_UNKNOWN_PAR003,,false,true,false
") regulations , 2015",4,9,7,D21,3,D21_P003_SEC_3_1_1_PAR009,,false,true,false
and share transfer agent,4,9,9,D21,16,D21_P016_SEC_3_4_2_PAR002,,false,true,false
", 2026 , there",4,9,7,D21,16,D21_P016_SEC_3_4_2_PAR003,,false,true,false
"2026 , there were",4,9,7,D21,16,D21_P016_SEC_3_4_2_PAR003,,false,true,false
to an issue and,4,9,9,D21,16,D21_P016_SEC_3_4_2_PAR003,,false,true,false
of the sebi (,4,9,9,D21,14,D21_T010,,false,true,false
the beginning of the,4,9,8,D21,14,D21_T011,,false,true,false
: as on march,4,9,8,D22,13,D22_P013_SEC_4_3_2_PAR002,,false,true,false
to enhance ease of,4,9,9,D22,32,D22_P032_SEC_4_7_5_PAR002,,false,true,false
foreign venture capital investors,4,9,9,D24,1,D24_P001_UNKNOWN_PAR001,capital;foreign;investors,false,true,false
. as on march,4,9,8,D24,7,D24_T004,,false,true,false
before the hon'ble supreme,4,9,8,D28,14,D28_P014_SEC_10_2_2_PAR004,,false,true,false
under section 24 (,4,9,9,D28,33,D28_P033_UNKNOWN_PAR003,,false,true,false
no . of entities,4,9,6,D28,4,D28_T002,,false,true,false
section 4 ( 1,4,9,5,D31,1,D31_P001_SEC_13_1_PAR001,,false,true,false
the official language policy,4,9,8,D31,10,D31_P010_SEC_13_4_7_PAR001,policy,false,true,false
first half of fy26,4,8,7,D01,1,D01_P001_UNKNOWN_PAR004,,false,true,false
is reflected in the,4,8,8,D01,2,D01_P002_SEC_1_1_PAR001,,false,true,false
artificial intelligence ( ai,4,8,8,D01,3,D01_P003_SEC_1_2_PAR002,,false,true,false
intelligence ( ai ),4,8,8,D01,3,D01_P003_SEC_1_2_PAR002,,false,true,false
"h 1 fy26 ,",4,8,7,D01,17,D01_P017_SEC_1_24_PAR001,,false,true,false
a small number of,4,8,8,D01,20,D01_P020_UNKNOWN_PAR002,,false,true,false
underscores the importance of,4,8,8,D01,21,D01_P021_SEC_1_28_PAR001,,false,true,false
states and union territories,4,8,7,D01,22,D01_P022_SEC_1_28_PAR007,,false,true,false
. these measures have,4,8,8,D01,26,D01_P026_SEC_1_33_PAR001,,false,true,false
", as evidenced by",4,8,8,D01,28,D01_P028_SEC_1_38_PAR001,,false,true,false
in the labour market,4,8,7,D01,28,D01_P028_SEC_1_39_PAR001,market,false,true,false
") , and the",4,8,8,D01,30,D01_P030_SEC_1_41_PAR001,,false,true,false
( fy16 - fy20,4,8,8,D01,12,D01_T004,,false,true,false
fy16 - fy20 ),4,8,8,D01,12,D01_T004,,false,true,false
. the government has,4,8,8,D02,34,D02_BOX017,,false,true,false
from an average of,4,8,6,D02,1,D02_P001_UNKNOWN_PAR003,,false,true,false
of gdp in fy25,4,8,8,D02,1,D02_P001_UNKNOWN_PAR004,gdp,false,true,false
". going forward ,",4,8,8,D02,2,D02_P002_UNKNOWN_PAR002,,false,true,false
in fy25 ( pa,4,8,7,D02,4,D02_P004_SEC_2_7_PAR001,,false,true,false
", services , and",4,8,8,D02,10,D02_P010_UNKNOWN_PAR007,,false,true,false
"taken together , the",4,8,8,D02,22,D02_P022_SEC_2_33_PAR001,,false,true,false
". overall , the",4,8,8,D02,35,D02_P035_SEC_2_46_PAR001,,false,true,false
( ₹ lakh crore,4,8,3,D02,12,D02_T003,,false,true,false
in collaboration with the,4,8,8,D03,29,D03_BOX011,,false,true,false
announced in the union,4,8,6,D03,36,D03_BOX013,,false,true,false
in the face of,4,8,8,D03,2,D03_P002_SEC_3_1_PAR001,,false,true,false
. as of 31 december 2025,4,8,8,D03,4,D03_P004_SEC_3_7_PAR001,,false,true,false
in the absence of,4,8,8,D03,8,D03_P008_UNKNOWN_PAR001,,false,true,false
annual growth rate (,4,8,8,D03,16,D03_P016_SEC_3_28_PAR001,growth;rate,false,true,false
as well as the,4,8,8,D03,18,D03_P018_SEC_3_34_PAR001,,false,true,false
to facilitate ease of,4,8,8,D03,43,D03_P043_SEC_3_74_PAR003,,false,true,false
", infrastructure , and",4,8,8,D03,44,D03_P044_SEC_3_75_PAR001,,false,true,false
". in fy25 ,",4,8,8,D03,44,D03_P044_SEC_3_76_PAR001,,false,true,false
of the country 's,4,8,8,D03,44,D03_P044_SEC_3_76_PAR001,,false,true,false
real estate investment trusts,4,8,8,D03,45,D03_P045_SEC_3_82_PAR001,investment,false,true,false
the cost of capital,4,8,7,D03,46,D03_P046_SEC_3_84_PAR001,capital,false,true,false
has emerged as a,4,8,8,D03,62,D03_P062_UNKNOWN_PAR001,,false,true,false
in cy 2024 .,4,8,7,D03,63,D03_P063_UNKNOWN_PAR004,,false,true,false
is the world 's,4,8,8,D04,12,D04_P012_SEC_4_30_PAR001,,false,true,false
for a period of,4,8,8,D04,25,D04_P025_SEC_4_54_PAR001,,false,true,false
as the world 's,4,8,8,D04,29,D04_P029_SEC_4_64_PAR001,,false,true,false
", r & d",4,8,8,D04,37,D04_P037_SEC_4_80_PAR013,,false,true,false
there is a need,4,8,8,D04,39,D04_P039_SEC_4_80_PAR001,,false,true,false
is a need to,4,8,8,D04,39,D04_P039_SEC_4_80_PAR001,,false,true,false
", productivity , and",4,8,8,D06,2,D06_P002_SEC_6_3_PAR001,productivity,false,true,false
") , followed by",4,8,8,D06,3,D06_P003_SEC_6_6_PAR001,,false,true,false
underscoring the need for,4,8,8,D06,19,D06_P019_SEC_6_26_PAR002,,false,true,false
in rural areas .,4,8,8,D07,8,D07_P008_SEC_7_13_PAR004,,false,true,false
at https : //tinyurl.com/,4,8,7,D08,20,D08_BOX007,,false,true,false
• 3 rd in,4,8,1,D08,24,D08_BOX011,,false,true,false
the establishment of the,4,8,8,D08,1,D08_P001_UNKNOWN_PAR003,,false,true,false
", quality , and",4,8,8,D08,22,D08_P022_SEC_8_46_PAR001,,false,true,false
", out of which",4,8,8,D09,12,D09_P012_SEC_9_20_PAR001,,false,true,false
"on december 24 ,",4,8,3,D10,18,D10_BOX005,,false,true,false
women 's participation in,4,8,8,D12,5,D12_P005_SEC_12_11_PAR001,,false,true,false
", the total number",4,8,8,D12,35,D12_P035_SEC_12_50_PAR004,,false,true,false
- ai - ai,4,8,6,D17,36,D17_P036_UNKNOWN_PAR002,,false,true,false
ai ui ai ui,4,8,4,D17,36,D17_P036_UNKNOWN_PAR002,,false,true,false
ai ui ui ai,4,8,5,D17,36,D17_P036_UNKNOWN_PAR005,,false,true,false
- ai - -,4,8,6,D17,36,D17_P036_UNKNOWN_PAR008,,false,true,false
than the revised estimate,4,8,7,D19,1,D19_P001_UNKNOWN_PAR001,,false,true,false
union budget 2026-27 analysis,4,8,8,D19,2,D19_P002_UNKNOWN_PAR001,budget,false,true,false
budget 2026-27 analysis prs,4,8,8,D19,2,D19_P002_UNKNOWN_PAR001,budget,false,true,false
2026-27 analysis prs legislative,4,8,8,D19,2,D19_P002_UNKNOWN_PAR001,,false,true,false
analysis prs legislative research,4,8,8,D19,2,D19_P002_UNKNOWN_PAR001,,false,true,false
"1 , 2026 -",4,8,8,D19,2,D19_P002_UNKNOWN_PAR011,,false,true,false
"in 2025-26 , the",4,8,8,D19,3,D19_T001,,false,true,false
sebi ( listing obligations,4,8,8,D21,3,D21_P003_SEC_3_1_1_PAR009,,false,true,false
( listing obligations and,4,8,8,D21,3,D21_P003_SEC_3_1_1_PAR009,,false,true,false
listing obligations and disclosure,4,8,8,D21,3,D21_P003_SEC_3_1_1_PAR009,,false,true,false
obligations and disclosure requirements,4,8,8,D21,3,D21_P003_SEC_3_1_1_PAR009,,false,true,false
. amount ( ₹crore,4,8,4,D21,5,D21_T001,,false,true,false
total no . of,4,8,7,D21,8,D21_T005,,false,true,false
no . of cases,4,8,6,D21,14,D21_T012,,false,true,false
pending at the beginning,4,8,8,D21,15,D21_T014,,false,true,false
pending as on march,4,8,6,D21,17,D21_T016,,false,true,false
". conversely , the",4,8,8,D22,3,D22_P003_SEC_4_1_1_PAR001,,false,true,false
same period ( table,4,8,8,D22,4,D22_P004_SEC_4_1_1_PAR001,,false,true,false
an issue and share,4,8,8,D22,33,D22_P033_SEC_4_7_5_PAR003,,false,true,false
sebi ( stock brokers,4,8,3,D22,33,D22_P033_SEC_4_7_5_PAR004,,false,true,false
) of the sebi,4,8,7,D22,28,D22_T031,,false,true,false
chapter 8 protection of,4,8,8,D26,1,D26_P001_UNKNOWN_PAR001,,false,true,false
8 protection of the,4,8,8,D26,1,D26_P001_UNKNOWN_PAR001,,false,true,false
protection of the investor,4,8,8,D26,1,D26_P001_UNKNOWN_PAR001,investor,false,true,false
of the investor interests,4,8,8,D26,1,D26_P001_UNKNOWN_PAR001,investor,false,true,false
hon'ble supreme court .,4,8,7,D28,15,D28_P015_SEC_10_2_2_PAR003,,false,true,false
) ( third amendment,4,8,8,D28,35,D28_P035_UNKNOWN_PAR007,,false,true,false
( third amendment ),4,8,8,D28,35,D28_P035_UNKNOWN_PAR007,,false,true,false
third amendment ) regulations,4,8,8,D28,35,D28_P035_UNKNOWN_PAR007,,false,true,false
under section 4 (,4,8,4,D31,1,D31_P001_SEC_13_1_PAR001,,false,true,false
"( 1 ) ,",4,7,6,D01,21,D01_BOX005,,false,true,false
", primarily driven by",4,7,7,D01,2,D01_P002_SEC_1_1_PAR001,,false,true,false
can be attributed to,4,7,7,D01,11,D01_P011_SEC_1_11_PAR001,,false,true,false
is expected to be,4,7,7,D01,23,D01_P023_SEC_1_28_PAR008,,false,true,false
"taken together , these",4,7,7,D01,23,D01_P023_SEC_1_28_PAR013,,false,true,false
", the central government",4,7,6,D01,25,D01_P025_SEC_1_31_PAR001,,false,true,false
to states for capital,4,7,7,D01,25,D01_P025_SEC_1_31_PAR001,capital,false,true,false
"a result , the",4,7,7,D01,27,D01_P027_SEC_1_35_PAR001,,false,true,false
the corresponding period of,4,7,7,D01,28,D01_P028_SEC_1_36_PAR001,,false,true,false
gig and platform workers,4,7,7,D01,29,D01_P029_SEC_1_40_PAR001,,false,true,false
in the range of,4,7,7,D01,31,D01_P031_SEC_1_46_PAR001,,false,true,false
of gdp in fy22,4,7,7,D02,1,D02_P001_UNKNOWN_PAR004,gdp,false,true,false
gdp in fy22 to,4,7,7,D02,1,D02_P001_UNKNOWN_PAR004,gdp,false,true,false
in fy25 . this,4,7,7,D02,1,D02_P001_UNKNOWN_PAR004,,false,true,false
same period . the,4,7,7,D02,4,D02_P004_SEC_2_6_PAR001,,false,true,false
"act , 2025 ,",4,7,6,D02,6,D02_P006_SEC_2_10_PAR001,,false,true,false
the need for a,4,7,7,D02,11,D02_P011_UNKNOWN_PAR001,,false,true,false
a percentage of gdp,4,7,6,D02,12,D02_P012_SEC_2_19_PAR001,gdp,false,true,false
", on average ,",4,7,7,D02,23,D02_P023_SEC_2_37_PAR001,,false,true,false
"education , health ,",4,7,7,D02,30,D02_P030_UNKNOWN_PAR001,,false,true,false
it is important to,4,7,6,D02,34,D02_P034_UNKNOWN_PAR001,,false,true,false
the recommendations of the,4,7,7,D02,42,D02_P042_SEC_2_56_PAR001,,false,true,false
play a critical role,4,7,7,D02,42,D02_P042_SEC_2_56_PAR001,,false,true,false
the use of ai,4,7,7,D03,21,D03_BOX003,,false,true,false
securities contracts ( regulation,4,7,7,D03,36,D03_BOX013,regulation;securities,false,true,false
contracts ( regulation ),4,7,7,D03,36,D03_BOX013,regulation,false,true,false
"act , 1992 ,",4,7,7,D03,36,D03_BOX013,,false,true,false
". ( 2025 ,",4,7,4,D03,46,D03_BOX019,,false,true,false
the corporate bond market,4,7,7,D03,46,D03_BOX019,bond;market,false,true,false
in the presence of,4,7,7,D03,2,D03_P002_SEC_3_2_PAR001,,false,true,false
in addition to the,4,7,7,D03,4,D03_P004_SEC_3_7_PAR001,,false,true,false
the impact of the,4,7,7,D03,9,D03_P009_SEC_3_12_PAR001,,false,true,false
". notably , the",4,7,7,D03,10,D03_P010_SEC_3_13_PAR001,,false,true,false
( yoy ) in,4,7,6,D03,14,D03_P014_SEC_3_23_PAR001,,false,true,false
"( yoy ) ,",4,7,5,D03,15,D03_P015_SEC_3_25_PAR001,,false,true,false
growth rate ( cagr,4,7,7,D03,16,D03_P016_SEC_3_28_PAR001,growth;rate,false,true,false
rate ( cagr ),4,7,7,D03,16,D03_P016_SEC_3_28_PAR001,rate,false,true,false
( cagr ) of,4,7,7,D03,16,D03_P016_SEC_3_28_PAR001,,false,true,false
. it is also,4,7,7,D03,19,D03_P019_SEC_3_35_PAR001,,false,true,false
. as part of,4,7,7,D03,20,D03_P020_SEC_3_39_PAR001,,false,true,false
". in practice ,",4,7,7,D03,25,D03_P025_SEC_3_47_PAR005,,false,true,false
the next phase of,4,7,7,D03,30,D03_P030_SEC_3_50_PAR005,,false,true,false
in the economy .,4,7,7,D03,34,D03_P034_SEC_3_64_PAR001,,false,true,false
". complementing this ,",4,7,7,D03,42,D03_P042_SEC_3_74_PAR002,,false,true,false
and r & d,4,7,7,D03,49,D03_P049_SEC_3_85_PAR005,,false,true,false
", it is essential",4,7,7,D03,55,D03_P055_SEC_3_99_PAR001,,false,true,false
the creation of a,4,7,7,D03,60,D03_P060_SEC_3_99_PAR005,,false,true,false
https : //tinyurl.com/ 4,4,7,6,D04,21,D04_BOX001,,false,true,false
of the ministry of,4,7,7,D04,15,D04_P015_SEC_4_40_PAR003,,false,true,false
r & d and,4,7,7,D04,20,D04_P020_SEC_4_47_PAR001,,false,true,false
", education , and",4,7,7,D04,24,D04_P024_SEC_4_51_PAR001,,false,true,false
the world bank 's,4,7,7,D04,38,D04_P038_SEC_4_80_PAR004,bank,false,true,false
and the use of,4,7,7,D04,42,D04_P042_SEC_4_81_PAR002,,false,true,false
of the government of,4,7,7,D04,56,D04_P056_UNKNOWN_PAR001,,false,true,false
"the previous year ,",4,7,7,D05,10,D05_P010_SEC_5_17_PAR001,,false,true,false
"government of india ,",4,7,7,D06,13,D06_BOX005,,false,true,false
the government has been,4,7,7,D06,9,D06_P009_SEC_6_14_PAR001,,false,true,false
and the adoption of,4,7,7,D06,21,D06_P021_SEC_6_33_PAR001,,false,true,false
. a total of,4,7,7,D06,26,D06_P026_SEC_6_43_PAR001,,false,true,false
", the government of",4,7,7,D06,28,D06_P028_SEC_6_50_PAR001,,false,true,false
", finance , and",4,7,7,D07,3,D07_P003_SEC_7_6_PAR002,finance,false,true,false
up the value chain,4,7,7,D07,12,D07_P012_SEC_7_18_PAR001,,false,true,false
"the value chain ,",4,7,7,D07,12,D07_P012_SEC_7_18_PAR001,,false,true,false
of the world 's,4,7,7,D07,22,D07_P022_SEC_7_35_PAR001,,false,true,false
"in india , the",4,7,7,D07,30,D07_P030_SEC_7_52_PAR001,,false,true,false
", but as a",4,7,7,D08,42,D08_BOX027,,false,true,false
viksit bharat @ 2047,4,7,7,D08,1,D08_P001_UNKNOWN_PAR004,,false,true,false
. the result is,4,7,6,D09,25,D09_P025_SEC_9_40_PAR002,,false,true,false
. this creates a,4,7,7,D09,27,D09_P027_SEC_4_PAR001,,false,true,false
. retrieved on december,4,7,2,D10,18,D10_BOX005,,false,true,false
retrieved on december 24,4,7,2,D10,18,D10_BOX005,,false,true,false
"december 24 , 2025",4,7,2,D10,18,D10_BOX005,,false,true,false
"24 , 2025 ,",4,7,2,D10,18,D10_BOX005,,false,true,false
"2025 , from :",4,7,2,D10,18,D10_BOX005,,false,true,false
", from : https",4,7,2,D10,18,D10_BOX005,,false,true,false
from : https :,4,7,2,D10,18,D10_BOX005,,false,true,false
as part of the,4,7,7,D10,12,D10_P012_SEC_10_33_PAR001,,false,true,false
. evidence suggests that,4,7,7,D10,23,D10_P023_SEC_10_58_PAR003,,false,true,false
", among others .",4,7,7,D11,35,D11_BOX015,,false,true,false
", and ( iii",4,7,7,D11,17,D11_P017_SEC_11_26_PAR001,,false,true,false
and ( iii ),4,7,7,D11,17,D11_P017_SEC_11_26_PAR001,,false,true,false
", inter alia ,",4,7,7,D13,22,D13_P022_SEC_13_61_PAR001,,false,true,false
. in this sense,4,7,7,D14,24,D14_P024_SEC_14_52_PAR002,,false,true,false
expected to increase by,4,7,5,D19,1,D19_P001_UNKNOWN_PAR002,,false,true,false
the revised estimate for,4,7,6,D19,1,D19_P001_UNKNOWN_PAR002,,false,true,false
the revised estimates for,4,7,6,D19,4,D19_P004_UNKNOWN_PAR003,,false,true,false
revised estimates for 2025-26,4,7,6,D19,4,D19_P004_UNKNOWN_PAR003,,false,true,false
the revised estimates of,4,7,6,D19,4,D19_P004_UNKNOWN_PAR004,,false,true,false
actuals 2024-25 budgeted revised,4,7,7,D19,3,D19_T001,,false,true,false
2024-25 budgeted revised budgeted,4,7,7,D19,3,D19_T001,,false,true,false
% change ( 2025-26,4,7,7,D19,3,D19_T001,,false,true,false
change ( 2025-26 re,4,7,7,D19,3,D19_T001,,false,true,false
( ₹crore ) 2024-25,4,7,7,D21,5,D21_T001,,false,true,false
", 2026 ( table",4,7,7,D21,15,D21_T014,,false,true,false
( contd . ),4,7,7,D22,12,D22_BOX003,,false,true,false
the indian securities market,4,7,7,D22,1,D22_P001_UNKNOWN_PAR001,market;securities,false,true,false
previous year ( table,4,7,7,D22,5,D22_P005_SEC_4_1_1_PAR002,,false,true,false
end of march 31,4,7,7,D22,5,D22_P005_SEC_4_1_1_PAR003,,false,true,false
( stock brokers ),4,7,3,D22,33,D22_P033_SEC_4_7_5_PAR004,,false,true,false
stock brokers ) regulations,4,7,3,D22,33,D22_P033_SEC_4_7_5_PAR004,,false,true,false
"brokers ) regulations ,",4,7,3,D22,33,D22_P033_SEC_4_7_5_PAR004,,false,true,false
for reits and invits,4,7,6,D23,17,D23_P017_SEC_5_3_2_PAR006,,false,true,false
. during the year,4,7,7,D27,2,D27_P002_SEC_9_1_1_PAR002,,false,true,false
"act , 1992 and",4,7,7,D28,25,D28_P025_UNKNOWN_PAR004,,false,true,false
", the hon'ble court",4,7,7,D28,33,D28_P033_UNKNOWN_PAR004,,false,true,false
investment trusts ) (,4,7,7,D28,35,D28_P035_UNKNOWN_PAR001,investment,false,true,false
beginning of the period,4,7,7,D28,7,D28_T007,,false,true,false
of the official language,4,7,6,D31,10,D31_P010_SEC_13_4_7_PAR001,,false,true,false
official language policy of,4,7,6,D31,10,D31_P010_SEC_13_6_PAR001,policy,false,true,false
language policy of the,4,7,6,D31,10,D31_P010_SEC_13_6_PAR001,policy,false,true,false
in the near term,4,6,6,D01,1,D01_P001_UNKNOWN_PAR002,,false,true,false
"half of fy26 ,",4,6,6,D01,1,D01_P001_UNKNOWN_PAR004,,false,true,false
strike a balance between,4,6,6,D01,1,D01_P001_UNKNOWN_PAR005,balance,false,true,false
", particularly in the",4,6,6,D01,4,D01_P004_SEC_1_3_PAR001,,false,true,false
", for instance ,",4,6,6,D01,8,D01_P008_SEC_1_6_PAR002,,false,true,false
the performance of the,4,6,6,D01,8,D01_P008_SEC_1_7_PAR001,,false,true,false
"the year , with",4,6,6,D01,10,D01_P010_SEC_1_9_PAR001,,false,true,false
in h 1 of,4,6,5,D01,10,D01_P010_SEC_1_9_PAR001,,false,true,false
in the corresponding period,4,6,6,D01,12,D01_P012_SEC_1_12_PAR001,,false,true,false
in the same period,4,6,6,D01,13,D01_P013_SEC_1_14_PAR001,,false,true,false
". looking ahead ,",4,6,6,D01,14,D01_P014_SEC_1_15_PAR001,,false,true,false
in h 1 fy25,4,6,6,D01,14,D01_P014_SEC_1_17_PAR001,,false,true,false
in the second half,4,6,6,D01,15,D01_P015_SEC_1_18_PAR001,,false,true,false
"looking ahead , the",4,6,6,D01,24,D01_P024_SEC_1_29_PAR001,,false,true,false
. based on the,4,6,6,D01,25,D01_P025_SEC_1_31_PAR001,,false,true,false
"as of november 2025 ,",4,6,6,D01,25,D01_P025_SEC_1_31_PAR001,,false,true,false
there has been a,4,6,6,D01,27,D01_P027_SEC_1_34_PAR001,,true,true,false
the current account deficit,4,6,6,D01,27,D01_P027_SEC_1_35_PAR001,account;current;deficit,false,true,false
period of the previous,4,6,6,D01,28,D01_P028_SEC_1_36_PAR001,,false,true,false
in countries such as,4,6,6,D01,28,D01_P028_SEC_1_36_PAR001,,false,true,false
to a reduction in,4,6,6,D01,29,D01_P029_SEC_1_41_PAR001,,false,true,false
maternal and child health,4,6,6,D01,30,D01_P030_SEC_1_41_PAR001,,false,true,false
". additionally , a",4,6,6,D01,30,D01_P030_SEC_1_43_PAR001,,false,true,false
. against this backdrop,4,6,6,D01,30,D01_P030_SEC_1_45_PAR001,,false,true,false
", therefore , is",4,6,6,D01,31,D01_P031_SEC_1_46_PAR001,,false,true,false
over the past three,4,6,6,D01,31,D01_P031_SEC_1_46_PAR002,,false,true,false
has been supported by,4,6,6,D01,32,D01_P032_SEC_1_PAR002,,false,true,false
", it has been",4,6,5,D01,32,D01_P032_SEC_1_PAR002,,false,true,false
". taken together ,",4,6,6,D01,33,D01_P033_SEC_1_PAR007,,false,true,false
") . however ,",4,6,6,D01,33,D01_P033_SEC_3_PAR001,,false,true,false
for a significant share,4,6,6,D02,28,D02_BOX015,,false,true,false
a significant share of,4,6,6,D02,28,D02_BOX015,,false,true,false
", madhya pradesh ,",4,6,6,D02,28,D02_BOX015,,false,true,false
. it was also,4,6,6,D02,34,D02_BOX017,,false,true,false
et al . (,4,6,5,D02,39,D02_BOX019,,false,true,false
in the indian context,4,6,6,D02,39,D02_BOX019,,false,true,false
the post-pandemic period .,4,6,6,D02,1,D02_P001_UNKNOWN_PAR002,,false,true,false
goods and services tax,4,6,6,D02,7,D02_P007_SEC_2_13_PAR002,tax,false,true,false
", etc . )",4,6,6,D02,10,D02_P010_UNKNOWN_PAR005,,false,true,false
india 's position as,4,6,6,D02,10,D02_P010_UNKNOWN_PAR009,,false,true,false
the public distribution system,4,6,6,D02,17,D02_P017_UNKNOWN_PAR005,,false,true,false
to an average of,4,6,5,D02,18,D02_P018_SEC_2_29_PAR001,,false,true,false
housing and urban affairs,4,6,5,D02,19,D02_P019_SEC_2_30_PAR001,,false,true,false
", 2025 ) .",4,6,6,D02,23,D02_P023_UNKNOWN_PAR001,,false,true,false
", skills , and",4,6,6,D02,29,D02_P029_UNKNOWN_PAR002,,false,true,false
as at the end,4,6,6,D02,31,D02_P031_SEC_2_43_PAR001,,false,true,false
an increase in the,4,6,6,D02,39,D02_P039_UNKNOWN_PAR003,,false,true,false
https : //tinyurl .,4,6,6,D02,41,D02_P041_SEC_2_56_PAR003,,false,true,false
", government of india",4,6,6,D03,29,D03_BOX011,,false,true,false
across the economy .,4,6,6,D03,64,D03_BOX023,,false,true,false
bank of india (,4,6,6,D03,1,D03_P001_SEC_3_1_PAR001,bank,false,true,false
. in response to,4,6,6,D03,1,D03_P001_UNKNOWN_PAR002,,false,true,false
an uncertainty shock .,4,6,4,D03,2,D03_P002_SEC_3_4_PAR001,,false,true,false
"of 31 december 2025 , the",4,6,6,D03,4,D03_P004_SEC_3_7_PAR001,,false,true,false
in r & d,4,6,5,D03,5,D03_P005_SEC_3_8_PAR002,,false,true,false
as the ratio of,4,6,6,D03,6,D03_P006_SEC_3_8_PAR005,,false,true,false
as measured by the,4,6,6,D03,11,D03_P011_SEC_3_15_PAR001,,false,true,false
in fy26 ( up,4,6,5,D03,11,D03_P011_SEC_3_15_PAR001,,false,true,false
"in contrast , the",4,6,6,D03,13,D03_P013_SEC_3_21_PAR001,,false,true,false
small and marginal farmers,4,6,6,D03,18,D03_P018_SEC_3_32_PAR001,,false,true,false
reached an all-time high,4,6,5,D03,19,D03_P019_SEC_3_35_PAR001,,false,true,false
. the pradhan mantri,4,6,5,D03,27,D03_P027_SEC_3_49_PAR001,,false,true,false
") , launched in",4,6,6,D03,27,D03_P027_SEC_3_49_PAR001,,false,true,false
". however , a",4,6,6,D03,34,D03_P034_SEC_3_64_PAR001,,false,true,false
". of these ,",4,6,6,D03,36,D03_P036_SEC_3_70_PAR001,,false,true,false
and ease of doing,4,6,6,D03,37,D03_P037_SEC_3_71_PAR002,,false,true,false
the mutual fund industry,4,6,6,D03,39,D03_P039_SEC_3_73_PAR001,industry,false,true,false
of doing business and,4,6,6,D03,42,D03_P042_SEC_3_74_PAR001,,false,true,false
", sebi introduced a",4,6,6,D03,43,D03_P043_SEC_3_74_PAR007,,false,true,false
by the end of,4,6,6,D03,44,D03_P044_SEC_3_77_PAR001,,false,true,false
in global value chains,4,6,6,D03,49,D03_P049_SEC_3_85_PAR005,,false,true,false
", driven largely by",4,6,5,D03,51,D03_P051_SEC_3_89_PAR001,,false,true,false
has been reduced from,4,6,5,D03,60,D03_P060_SEC_3_99_PAR004,,false,true,false
the merchandise trade deficit,4,6,6,D04,1,D04_P001_UNKNOWN_PAR003,deficit;trade,false,true,false
as shown in chart,4,6,6,D04,3,D04_P003_SEC_4_8_PAR001,,false,true,false
has the potential to,4,6,6,D04,12,D04_P012_SEC_4_31_PAR001,,false,true,false
) . in contrast,4,6,6,D04,15,D04_P015_SEC_4_40_PAR002,,false,true,false
", and professional services",4,6,6,D04,26,D04_P026_SEC_4_57_PAR001,,false,true,false
. the impact of,4,6,6,D05,11,D05_P011_SEC_5_18_PAR001,,false,true,false
over the previous year,4,6,6,D06,4,D06_P004_SEC_6_8_PAR001,,false,true,false
", uttar pradesh ,",4,6,6,D06,6,D06_P006_SEC_6_12_PAR001,,false,true,false
"over time , this",4,6,6,D06,11,D06_P011_SEC_6_16_PAR004,,false,true,false
", and the adoption",4,6,6,D06,21,D06_P021_SEC_6_33_PAR001,,false,true,false
from the previous year,4,6,6,D06,25,D06_P025_SEC_6_40_PAR001,,false,true,false
and the development of,4,6,6,D06,32,D06_P032_SEC_6_60_PAR001,,false,true,false
india 's services sector,4,6,6,D07,7,D07_BOX001,sector,false,true,false
", driven by a",4,6,6,D07,12,D07_P012_SEC_7_18_PAR001,,false,true,false
", but it is",4,6,6,D07,16,D07_P016_SEC_7_21_PAR003,,false,true,false
the india semiconductor mission,4,6,6,D08,25,D08_BOX013,,false,true,false
https : //tinyurl.com/ 2,4,6,6,D08,34,D08_BOX019,,false,true,false
and medium enterprises (,4,6,6,D08,36,D08_BOX021,,false,true,false
medium enterprises ( msmes,4,6,6,D08,36,D08_BOX021,,false,true,false
enterprises ( msmes ),4,6,6,D08,36,D08_BOX021,,false,true,false
( pli ) scheme,4,6,6,D08,1,D08_P001_UNKNOWN_PAR003,,false,true,false
"have been sanctioned ,",4,6,6,D08,12,D08_P012_SEC_8_26_PAR001,,false,true,false
"in the country ,",4,6,6,D09,30,D09_BOX027,,false,true,false
as a result of,4,6,6,D09,24,D09_P024_SEC_9_40_PAR008,,false,true,false
government of india .,4,6,6,D10,38,D10_BOX019,,false,true,false
prevention and control of,4,6,4,D10,34,D10_P034_SEC_10_82_PAR001,,false,true,false
", etc . the",4,6,6,D11,2,D11_P002_SEC_11_2_PAR001,,false,true,false
over the years .,4,6,5,D13,4,D13_P004_SEC_13_11_PAR001,,false,true,false
", in collaboration with",4,6,6,D14,21,D14_P021_SEC_14_43_PAR001,,false,true,false
", learning , and",4,6,6,D14,26,D14_P026_SEC_14_60_PAR001,,false,true,false
ui ai ui ai,4,6,4,D17,36,D17_P036_UNKNOWN_PAR002,,false,true,false
ai - ai -,4,6,4,D17,36,D17_P036_UNKNOWN_PAR002,,false,true,false
ui ai ui ui,4,6,3,D17,36,D17_P036_UNKNOWN_PAR005,,false,true,false
ui ui ai ai,4,6,4,D17,36,D17_P036_UNKNOWN_PAR012,,false,true,false
© economic laws practice,4,6,6,D18,1,D18_P001_UNKNOWN_PAR014,,false,true,false
economic laws practice 2026,4,6,6,D18,1,D18_P001_UNKNOWN_PAR014,,false,true,false
higher than the revised,4,6,5,D19,1,D19_P001_UNKNOWN_PAR001,,false,true,false
are estimated to be,4,6,6,D19,1,D19_P001_UNKNOWN_PAR002,,false,true,false
is estimated to increase,4,6,6,D19,3,D19_P003_UNKNOWN_PAR004,,false,true,false
budgeted revised budgeted %,4,6,6,D19,3,D19_T001,,false,true,false
revised budgeted % change,4,6,6,D19,3,D19_T001,,false,true,false
budgeted % change (,4,6,6,D19,3,D19_T001,,false,true,false
( 2025-26 re to,4,6,6,D19,3,D19_T001,,false,true,false
to 2026-27 be ),4,6,6,D19,3,D19_T001,,false,true,false
"companies act , 2013",4,6,6,D21,2,D21_BOX001,,false,true,false
"2025-26 , the number",4,6,6,D21,4,D21_P004_SEC_3_1_2_PAR005,,false,true,false
the end of 2025-26,4,6,6,D21,8,D21_P008_UNKNOWN_PAR006,,false,true,false
sebi ( lodr ),4,6,6,D21,9,D21_P009_SEC_3_2_1_PAR007,,false,true,false
percentage share in total,4,6,4,D21,5,D21_T001,,false,true,false
share in total amount,4,6,4,D21,5,D21_T001,,false,true,false
2025-26 no . of,4,6,6,D21,10,D21_T007,,false,true,false
end of the year,4,6,6,D21,14,D21_T011,,false,true,false
the end of march,4,6,6,D22,5,D22_P005_SEC_4_1_1_PAR003,,false,true,false
is given in table,4,6,6,D22,6,D22_P006_SEC_4_1_1_PAR005,,false,true,false
sebi ( depositories and,4,6,6,D22,7,D22_P007_SEC_4_1_3_PAR001,,false,true,false
has been revised .,4,6,6,D22,7,D22_P007_SEC_4_1_3_PAR003,,false,true,false
equity f & o,4,6,5,D22,14,D22_P014_SEC_4_3_2_PAR002,equity,false,true,false
. the details of,4,6,6,D22,22,D22_P022_UNKNOWN_PAR002,,false,true,false
: to enhance ease,4,6,6,D22,32,D22_P032_SEC_4_7_5_PAR002,,false,true,false
enhance ease of doing,4,6,6,D22,32,D22_P032_SEC_4_7_5_PAR002,,false,true,false
the master circular for,4,6,6,D22,33,D22_P033_SEC_4_7_5_PAR008,,false,true,false
31 -mar -25 31,4,6,3,D22,7,D22_T006,,false,true,false
-mar -25 31 -mar,4,6,3,D22,7,D22_T006,,false,true,false
-25 31 -mar -26,4,6,3,D22,7,D22_T006,,false,true,false
"31 , 2025 march",4,6,5,D22,9,D22_T011,,false,true,false
", 2025 march 31",4,6,5,D22,9,D22_T011,,false,true,false
"2025 march 31 ,",4,6,5,D22,9,D22_T011,,false,true,false
sebi ( mutual funds,4,6,6,D23,2,D23_BOX001,,false,true,false
( mutual funds ),4,6,6,D23,2,D23_BOX001,,false,true,false
investor education and awareness,4,6,6,D23,2,D23_BOX001,investor,false,true,false
"act , 1992 .",4,6,6,D26,1,D26_P001_UNKNOWN_PAR004,,false,true,false
was launched by sebi,4,6,6,D26,12,D26_P012_SEC_8_3_PAR004,,false,true,false
no . of pro-,4,6,1,D26,4,D26_T001,,false,true,false
. of pro- grams,4,6,1,D26,4,D26_T001,,false,true,false
of pro- grams no,4,6,1,D26,4,D26_T001,,false,true,false
pro- grams no .,4,6,1,D26,4,D26_T001,,false,true,false
grams no . of,4,6,1,D26,4,D26_T001,,false,true,false
no . of partici-,4,6,1,D26,4,D26_T001,,false,true,false
. of partici- pants,4,6,1,D26,4,D26_T001,,false,true,false
amount ( ₹ crore,4,6,4,D27,5,D27_P005_SEC_9_2_1_PAR020,,false,true,false
cases at the end,4,6,6,D28,7,D28_P007_SEC_10_1_4_PAR003,,false,true,false
vide its order dated,4,6,6,D28,15,D28_P015_SEC_10_2_2_PAR008,,false,true,false
cases filed by sebi,4,6,6,D28,19,D28_P019_UNKNOWN_PAR006,,false,true,false
ltd. & ors .,4,6,6,D28,19,D28_P019_UNKNOWN_PAR011,,false,true,false
in the matter of,4,6,6,D28,23,D28_P023_UNKNOWN_PAR012,,false,true,false
"pit regulations , 1992",4,6,5,D28,27,D28_P027_UNKNOWN_PAR008,,false,true,false
27 of the sebi,4,6,6,D28,33,D28_P033_UNKNOWN_PAR002,,false,true,false
section 24 ( 1,4,6,6,D28,33,D28_P033_UNKNOWN_PAR003,,false,true,false
24 ( 1 ),4,6,6,D28,33,D28_P033_UNKNOWN_PAR003,,false,true,false
2025 sebi ( listing,4,6,6,D28,35,D28_P035_UNKNOWN_PAR006,,false,true,false
policy of the goi,4,6,5,D31,10,D31_P010_SEC_13_6_PAR006,policy,false,true,false
over the past few,4,5,5,D01,5,D01_BOX001,,false,true,false
for the first time,4,5,5,D01,21,D01_BOX005,,false,true,false
rural and urban areas,4,5,5,D01,21,D01_BOX005,,false,true,false
"this backdrop , the",4,5,5,D01,1,D01_P001_UNKNOWN_PAR003,,false,true,false
during the first half,4,5,5,D01,1,D01_P001_UNKNOWN_PAR004,,false,true,false
as a source of,4,5,5,D01,6,D01_P006_SEC_1_6_PAR002,,false,true,false
", investment , and",4,5,5,D01,6,D01_P006_SEC_1_6_PAR006,investment,false,true,false
in the aftermath of,4,5,5,D01,7,D01_P007_SEC_1_6_PAR005,,false,true,false
as reflected in the,4,5,5,D01,8,D01_P008_SEC_1_7_PAR001,,false,true,false
by the ministry of,4,5,5,D01,9,D01_P009_SEC_1_8_PAR002,,false,true,false
in the economic survey,4,5,5,D01,9,D01_P009_SEC_1_8_PAR002,,false,true,false
"in fy26 , the",4,5,5,D01,10,D01_P010_SEC_1_9_PAR001,,false,true,false
h 1 of fy26,4,5,5,D01,10,D01_P010_SEC_1_9_PAR001,,false,true,false
". currently , the",4,5,5,D01,11,D01_P011_SEC_1_10_PAR001,,false,true,false
the corresponding period last,4,5,5,D01,12,D01_P012_SEC_1_12_PAR001,,false,true,false
more than half of,4,5,5,D01,14,D01_P014_SEC_1_17_PAR001,,false,true,false
remained broadly stable at,4,5,5,D01,15,D01_P015_SEC_1_19_PAR001,stable,false,true,false
", lower than the",4,5,5,D01,16,D01_P016_SEC_1_20_PAR001,,false,true,false
is estimated to have,4,5,5,D01,17,D01_P017_SEC_1_23_PAR001,,false,true,false
a continuation of the,4,5,5,D01,18,D01_P018_SEC_1_26_PAR001,,false,true,false
", wider use of",4,5,5,D01,22,D01_P022_SEC_1_28_PAR009,,false,true,false
the private corporate sector,4,5,5,D01,22,D01_P022_SEC_1_28_PAR012,sector,false,true,false
a share of gdp,4,5,5,D01,25,D01_P025_SEC_1_31_PAR001,gdp,false,true,false
") , while the",4,5,5,D01,26,D01_P026_SEC_1_33_PAR001,,false,true,false
"together , these trends",4,5,5,D01,27,D01_P027_SEC_1_34_PAR001,,false,true,false
the overall flow of,4,5,4,D01,27,D01_P027_SEC_1_34_PAR001,,false,true,false
flow of financial resources,4,5,4,D01,27,D01_P027_SEC_1_34_PAR001,financial,false,true,false
", there has been",4,5,5,D01,27,D01_P027_SEC_1_34_PAR001,,false,true,false
india 's total exports,4,5,4,D01,27,D01_P027_SEC_1_35_PAR001,exports,false,true,false
corresponding period of the,4,5,5,D01,28,D01_P028_SEC_1_36_PAR001,,false,true,false
", there was a",4,5,5,D01,28,D01_P028_SEC_1_36_PAR001,,false,true,false
over the medium term,4,5,5,D01,31,D01_P031_SEC_1_46_PAR003,,false,true,false
the private sector .,4,5,5,D01,32,D01_P032_SEC_1_PAR002,sector,false,true,false
an average of about,4,5,5,D01,33,D01_P033_SEC_1_PAR005,,false,true,false
"the medium term ,",4,5,5,D01,33,D01_P033_SEC_1_PAR007,,false,true,false
", and service delivery",4,5,5,D01,34,D01_P034_SEC_3_PAR002,,false,true,false
. ( https :,4,5,5,D01,35,D01_P035_SEC_3_PAR003,,false,true,false
final consumption expenditure (,4,5,3,D01,9,D01_T002,consumption;expenditure,false,true,false
". this , in",4,5,5,D02,15,D02_BOX005,,false,true,false
the central government has,4,5,5,D02,16,D02_BOX007,,false,true,false
account for a significant,4,5,5,D02,28,D02_BOX015,account,false,true,false
in the future .,4,5,5,D02,34,D02_BOX017,,false,true,false
( pa ) .,4,5,4,D02,4,D02_P004_SEC_2_7_PAR001,,false,true,false
"the post-pandemic period ,",4,5,5,D02,5,D02_P005_SEC_2_8_PAR001,,false,true,false
a significant portion of,4,5,5,D02,5,D02_P005_SEC_2_8_PAR002,,false,true,false
during the current fiscal,4,5,5,D02,6,D02_P006_SEC_2_10_PAR001,current;fiscal,false,true,false
the current fiscal year,4,5,5,D02,6,D02_P006_SEC_2_10_PAR001,current;fiscal,false,true,false
", in addition to",4,5,5,D02,10,D02_P010_UNKNOWN_PAR008,,false,true,false
's position as a,4,5,5,D02,10,D02_P010_UNKNOWN_PAR009,,false,true,false
"the companies act ,",4,5,5,D02,13,D02_P013_SEC_2_23_PAR001,,false,true,false
by the central government,4,5,5,D02,14,D02_P014_SEC_2_25_PAR002,,false,true,false
the central government .,4,5,5,D02,14,D02_P014_SEC_2_25_PAR002,,false,true,false
the past decade .,4,5,4,D02,15,D02_P015_SEC_2_26_PAR001,,false,true,false
"fy 25 pa ,",4,5,5,D02,23,D02_P023_SEC_2_38_PAR001,,false,true,false
share in central taxes,4,5,5,D02,25,D02_P025_UNKNOWN_PAR001,taxes,false,true,false
compared to the previous,4,5,5,D02,30,D02_P030_SEC_2_42_PAR001,,false,true,false
", health , and",4,5,5,D02,30,D02_P030_UNKNOWN_PAR001,,false,true,false
"in this regard ,",4,5,5,D02,34,D02_P034_UNKNOWN_PAR002,,false,true,false
", the weighted average",4,5,4,D02,35,D02_P035_SEC_2_46_PAR001,,false,true,false
to the country 's,4,5,5,D02,36,D02_P036_SEC_2_48_PAR001,,false,true,false
this can be achieved,4,5,5,D02,37,D02_P037_UNKNOWN_PAR001,,false,true,false
". consequently , the",4,5,4,D02,40,D02_P040_UNKNOWN_PAR001,,false,true,false
", i.e. , the",4,5,5,D02,40,D02_P040_UNKNOWN_PAR001,,false,true,false
". however , this",4,5,5,D02,40,D02_P040_UNKNOWN_PAR001,,false,true,false
( per capita gdp,4,5,1,D02,41,D02_P041_SEC_2_56_PAR003,gdp,false,true,false
a defining feature of,4,5,5,D03,5,D03_BOX001,,false,true,false
. the use of,4,5,5,D03,21,D03_BOX003,,false,true,false
over the past two,4,5,5,D03,24,D03_BOX007,,false,true,false
"securities markets code ,",4,5,4,D03,36,D03_BOX013,markets;securities,false,true,false
"markets code , 2025",4,5,4,D03,36,D03_BOX013,markets,false,true,false
the securities contracts (,4,5,5,D03,36,D03_BOX013,securities,false,true,false
"depositories act , 1996",4,5,5,D03,36,D03_BOX013,,false,true,false
") act , 2025",4,5,5,D03,60,D03_BOX021,,false,true,false
to enhance the ease,4,5,5,D03,60,D03_BOX021,,false,true,false
enhance the ease of,4,5,5,D03,60,D03_BOX021,,false,true,false
of india ( rbi,4,5,5,D03,1,D03_P001_SEC_3_1_PAR001,,false,true,false
india ( rbi ),4,5,5,D03,1,D03_P001_SEC_3_1_PAR001,,false,true,false
of scheduled commercial banks,4,5,5,D03,1,D03_P001_UNKNOWN_PAR002,banks,false,true,false
india 's financial system,4,5,5,D03,1,D03_P001_UNKNOWN_PAR005,financial,false,true,false
trends in india 's,4,5,5,D03,2,D03_P002_SEC_3_3_PAR001,,false,true,false
india 's approach to,4,5,5,D03,9,D03_P009_SEC_3_9_PAR001,,false,true,false
", the ratio of",4,5,4,D03,10,D03_P010_SEC_3_14_PAR001,,false,true,false
( yoy ) growth,4,5,5,D03,14,D03_P014_SEC_3_24_PAR001,growth,false,true,false
( up to december 2025,4,5,4,D03,14,D03_P014_SEC_3_24_PAR001,,false,true,false
up to december 2025 ),4,5,4,D03,14,D03_P014_SEC_3_24_PAR001,,false,true,false
micro and small enterprises,4,5,4,D03,16,D03_P016_SEC_3_26_PAR001,,false,true,false
"union budget 2025-26 ,",4,5,5,D03,16,D03_P016_SEC_3_27_PAR001,budget,false,true,false
", the introduction of",4,5,5,D03,16,D03_P016_SEC_3_27_PAR001,,false,true,false
the sector . the,4,5,5,D03,16,D03_P016_SEC_3_27_PAR001,sector,false,true,false
resources to the commercial,4,5,4,D03,16,D03_P016_SEC_3_28_PAR001,,false,true,false
. the following section,4,5,5,D03,18,D03_P018_SEC_3_32_PAR001,,false,true,false
"as of march 2025 ,",4,5,5,D03,19,D03_P019_SEC_3_35_PAR001,,false,true,false
an all-time high of,4,5,4,D03,19,D03_P019_SEC_3_35_PAR001,,false,true,false
the focus is on,4,5,5,D03,22,D03_P022_SEC_3_41_PAR008,,false,true,false
", and capacity building",4,5,5,D03,22,D03_P022_SEC_3_41_PAR008,,false,true,false
"during this period ,",4,5,5,D03,23,D03_P023_SEC_3_44_PAR001,,false,true,false
at the cost of,4,5,5,D03,26,D03_P026_SEC_3_47_PAR002,,false,true,false
india has made significant,4,5,5,D03,27,D03_P027_SEC_3_48_PAR001,,false,true,false
", and it is",4,5,5,D03,29,D03_P029_SEC_3_49_PAR004,,false,true,false
in india . the,4,5,5,D03,29,D03_P029_SEC_3_50_PAR001,,false,true,false
"over time , the",4,5,5,D03,32,D03_P032_SEC_3_54_PAR001,,false,true,false
", the proportion of",4,5,4,D03,32,D03_P032_SEC_3_56_PAR001,,false,true,false
is associated with a,4,5,5,D03,33,D03_P033_SEC_3_58_PAR001,,false,true,false
during the period .,4,5,5,D03,34,D03_P034_SEC_3_64_PAR001,,false,true,false
", executive , and",4,5,5,D03,37,D03_P037_SEC_3_71_PAR003,,false,true,false
", consultative , and",4,5,5,D03,37,D03_P037_SEC_3_71_PAR004,,false,true,false
facilitate ease of doing,4,5,5,D03,42,D03_P042_SEC_3_74_PAR001,,false,true,false
discussed in detail in,4,5,5,D03,42,D03_P042_SEC_3_74_PAR001,,false,true,false
"complementing this , the",4,5,5,D03,42,D03_P042_SEC_3_74_PAR002,,false,true,false
. in addition to,4,5,5,D03,44,D03_P044_SEC_3_74_PAR001,,false,true,false
cost of capital .,4,5,5,D03,46,D03_P046_SEC_3_85_PAR001,capital,false,true,false
central to india 's,4,5,5,D03,46,D03_P046_SEC_3_85_PAR001,,false,true,false
is not merely a,4,5,5,D03,47,D03_P047_SEC_3_85_PAR003,,false,true,false
", south korea ,",4,5,5,D03,47,D03_P047_SEC_3_85_PAR004,,false,true,false
"31 , 2025 ,",4,5,5,D03,51,D03_P051_SEC_3_89_PAR001,,false,true,false
is expected to increase,4,5,3,D03,55,D03_P055_SEC_3_99_PAR001,,false,true,false
to grow at a,4,5,5,D03,60,D03_P060_SEC_3_99_PAR001,,false,true,false
and investor protection .,4,5,5,D03,63,D03_P063_UNKNOWN_PAR002,investor,false,true,false
and the need to,4,5,5,D03,63,D03_P063_UNKNOWN_PAR005,,false,true,false
") , germany (",4,5,5,D04,34,D04_BOX003,,false,true,false
of the merchandise trade,4,5,5,D04,1,D04_P001_UNKNOWN_PAR003,trade,false,true,false
role in shaping the,4,5,5,D04,2,D04_P002_SEC_4_4_PAR001,,false,true,false
is calculated based on,4,5,5,D04,3,D04_P003_SEC_4_8_PAR005,,false,true,false
of india 's external,4,5,5,D04,7,D04_P007_SEC_4_16_PAR001,,false,true,false
", the country 's",4,5,5,D04,9,D04_P009_SEC_4_20_PAR001,,false,true,false
in the country 's,4,5,5,D04,9,D04_P009_SEC_4_22_PAR001,,false,true,false
india is the world,4,5,5,D04,12,D04_P012_SEC_4_30_PAR001,,false,true,false
with the aim of,4,5,5,D04,15,D04_P015_SEC_4_40_PAR003,,false,true,false
) • world (,4,5,4,D04,17,D04_P017_SEC_4_40_PAR001,,false,true,false
") , spain (",4,5,5,D04,17,D04_P017_UNKNOWN_PAR001,,false,true,false
these initiatives aim to,4,5,5,D04,20,D04_P020_SEC_4_46_PAR001,,false,true,false
", as discussed in",4,5,5,D04,20,D04_P020_SEC_4_46_PAR001,,false,true,false
it is essential to,4,5,5,D04,38,D04_P038_SEC_4_80_PAR006,,false,true,false
", therefore , requires",4,5,5,D04,40,D04_P040_SEC_4_81_PAR001,,false,true,false
", the united states",4,5,5,D04,42,D04_P042_SEC_4_81_PAR002,,false,true,false
continues to be a,4,5,5,D04,47,D04_P047_SEC_4_93_PAR003,,false,true,false
", going forward ,",4,5,5,D04,50,D04_P050_SEC_4_96_PAR001,,false,true,false
"and business services ,",4,5,5,D04,51,D04_P051_SEC_4_97_PAR006,,false,true,false
". instead , it",4,5,5,D04,52,D04_P052_SEC_4_98_PAR001,,false,true,false
the last decade (,4,5,5,D04,55,D04_P055_UNKNOWN_PAR004,,false,true,false
highlights the importance of,4,5,5,D04,57,D04_P057_UNKNOWN_PAR002,,false,true,false
"the current year ,",4,5,5,D05,3,D05_P003_SEC_5_3_PAR001,current,false,true,false
in urban areas .,4,5,5,D05,15,D05_P015_SEC_5_30_PAR001,,false,true,false
https : //www.niti.gov.in/sites/default/files/ 2025-09,4,5,1,D06,7,D06_BOX001,,false,true,false
: //www.niti.gov.in/sites/default/files/ 2025-09 /strategies-and-pathways-for-accelerating-growth-in-,4,5,1,D06,7,D06_BOX001,,false,true,false
//www.niti.gov.in/sites/default/files/ 2025-09 /strategies-and-pathways-for-accelerating-growth-in- pulses-towards-the-goal-of-atmanirbharta.pdf,4,5,1,D06,7,D06_BOX001,,false,true,false
. the goal is,4,5,5,D06,13,D06_BOX005,,false,true,false
department of agriculture and,4,5,2,D06,14,D06_BOX007,,false,true,false
of agriculture and farmers,4,5,2,D06,14,D06_BOX007,,false,true,false
agriculture and farmers welfare,4,5,2,D06,14,D06_BOX007,,false,true,false
and farmers welfare .,4,5,2,D06,14,D06_BOX007,,false,true,false
"same time , india",4,5,5,D06,23,D06_BOX009,,false,true,false
compound annual growth rate,4,5,5,D06,4,D06_P004_SEC_6_7_PAR001,growth;rate,false,true,false
"private sector participation ,",4,5,5,D06,9,D06_P009_SEC_6_15_PAR001,sector,false,true,false
a significant role in,4,5,5,D06,12,D06_P012_SEC_6_17_PAR001,,false,true,false
"under this initiative ,",4,5,5,D06,12,D06_P012_SEC_6_19_PAR001,,false,true,false
"under the scheme ,",4,5,5,D06,18,D06_P018_SEC_6_26_PAR001,,false,true,false
", the government launched",4,5,4,D06,20,D06_P020_SEC_6_31_PAR001,,false,true,false
the production linked incentive,4,5,5,D06,28,D06_P028_SEC_6_50_PAR001,,false,true,false
in areas such as,4,5,5,D06,32,D06_P032_SEC_6_60_PAR001,,false,true,false
", and the development",4,5,5,D06,32,D06_P032_SEC_6_60_PAR001,,false,true,false
", resilience , and",4,5,5,D07,1,D07_P001_SEC_7_1_PAR001,,false,true,false
", logistics , and",4,5,5,D07,15,D07_P015_SEC_7_21_PAR004,,false,true,false
. india is the,4,5,5,D07,16,D07_P016_SEC_7_21_PAR004,,false,true,false
", compliance , and",4,5,5,D07,17,D07_P017_SEC_7_22_PAR002,,false,true,false
over the past year,4,5,5,D07,32,D07_P032_SEC_7_56_PAR001,,false,true,false
with a focus on,4,5,5,D07,13,D07_T002,,false,true,false
. the objective of,4,5,5,D08,13,D08_BOX001,,false,true,false
the objective of the,4,5,5,D08,13,D08_BOX001,,false,true,false
small and medium enterprises,4,5,5,D08,34,D08_BOX019,,false,true,false
linked incentive ( pli,4,5,5,D08,1,D08_P001_UNKNOWN_PAR003,,false,true,false
"research , development and",4,5,5,D08,25,D08_P025_SEC_8_51_PAR001,,false,true,false
the national logistics policy,4,5,4,D08,30,D08_P030_SEC_8_54_PAR001,policy,false,true,false
and tier -3 cities,4,5,4,D08,32,D08_P032_SEC_8_58_PAR001,,false,true,false
"strategic resilience , and",4,5,5,D08,44,D08_P044_SEC_8_73_PAR001,,false,true,false
bharat @ 2047 .,4,5,5,D08,45,D08_P045_SEC_8_76_PAR001,,false,true,false
"act , 2025 :",4,5,4,D09,17,D09_BOX013,,false,true,false
bridges have been sanctioned,4,5,4,D09,12,D09_P012_SEC_9_20_PAR001,,false,true,false
"the last decade ,",4,5,4,D09,27,D09_P027_SEC_9_41_PAR001,,false,true,false
", in india ,",4,5,5,D10,30,D10_BOX013,,false,true,false
the introduction of the,4,5,5,D10,35,D10_P035_SEC_10_83_PAR002,,false,true,false
improve the quality of,4,5,5,D11,9,D11_BOX003,,false,true,false
of the population in,4,5,4,D11,35,D11_BOX015,,false,true,false
at the school level,4,5,5,D11,15,D11_P015_SEC_11_21_PAR002,,false,true,false
both rural and urban,4,5,3,D11,34,D11_P034_SEC_11_50_PAR001,,false,true,false
( in lakh ),4,5,4,D11,15,D11_T003,,false,true,false
2 ( 35 ),4,5,2,D12,25,D12_BOX009,,false,true,false
of the labour market,4,5,5,D12,1,D12_P001_SEC_12_1_PAR001,market,false,true,false
"the past year ,",4,5,5,D12,3,D12_P003_SEC_12_6_PAR001,,false,true,false
's participation in the,4,5,5,D12,7,D12_P007_SEC_12_11_PAR002,,false,true,false
the organised manufacturing sector,4,5,5,D12,12,D12_P012_SEC_12_19_PAR002,sector,false,true,false
", 2025 . the",4,5,5,D13,9,D13_P009_SEC_13_26_PAR001,,false,true,false
the quality of life,4,5,4,D13,13,D13_P013_SEC_13_32_PAR001,,false,true,false
for the purpose of,4,5,5,D14,30,D14_P030_SEC_14_74_PAR003,,false,true,false
. in a world,4,5,5,D16,1,D16_P001_UNKNOWN_PAR002,,false,true,false
compliance reduction and deregulation,4,5,5,D17,28,D17_P028_UNKNOWN_PAR005,,false,true,false
▪ the rbi notes,4,5,5,D18,2,D18_P002_II_PAR001,,false,true,false
the rbi notes that,4,5,5,D18,2,D18_P002_II_PAR001,,false,true,false
estimate for 2025-26 .,4,5,5,D19,1,D19_P001_UNKNOWN_PAR002,,false,true,false
"in 2026-27 , an",4,5,4,D19,3,D19_P003_UNKNOWN_PAR006,,false,true,false
"2026-27 , an increase",4,5,4,D19,3,D19_P003_UNKNOWN_PAR006,,false,true,false
estimates for 2025-26 .,4,5,5,D19,4,D19_P004_UNKNOWN_PAR003,,false,true,false
in 2026-27 is estimated,4,5,5,D19,4,D19_P004_UNKNOWN_PAR007,,false,true,false
2026-27 is estimated to,4,5,5,D19,4,D19_P004_UNKNOWN_PAR007,,false,true,false
estimates of 2025-26 .,4,5,4,D19,5,D19_P005_UNKNOWN_PAR005,,false,true,false
the 16 th fc,4,5,4,D19,9,D19_P009_UNKNOWN_PAR005,,false,true,false
16 th fc has,4,5,4,D19,9,D19_P009_UNKNOWN_PAR005,,false,true,false
2025-26 re to 2026-27,4,5,5,D19,3,D19_T001,,false,true,false
re to 2026-27 be,4,5,5,D19,3,D19_T001,,false,true,false
period of one year,4,5,5,D21,2,D21_BOX001,,false,true,false
by sebi during 2025-26,4,5,5,D21,1,D21_P001_SEC_3_1_PAR003,,false,true,false
sebi ( issue of,4,5,5,D21,3,D21_P003_SEC_3_1_1_PAR009,,false,true,false
( issue of capital,4,5,5,D21,3,D21_P003_SEC_3_1_1_PAR009,capital,false,true,false
issue of capital and,4,5,5,D21,3,D21_P003_SEC_3_1_1_PAR009,capital,false,true,false
of capital and disclosure,4,5,5,D21,3,D21_P003_SEC_3_1_1_PAR009,capital,false,true,false
capital and disclosure requirements,4,5,5,D21,3,D21_P003_SEC_3_1_1_PAR009,capital,false,true,false
( lodr ) regulations,4,5,5,D21,9,D21_P009_SEC_3_2_1_PAR007,,false,true,false
in 2024-25 . the,4,5,5,D21,14,D21_P014_SEC_3_3_2_PAR001,,false,true,false
") regulations , 1992",4,5,4,D21,16,D21_P016_SEC_3_4_1_PAR002,,false,true,false
to issue and share,4,5,5,D21,16,D21_P016_SEC_3_4_2_PAR002,,false,true,false
and share transfer agents,4,5,5,D21,16,D21_P016_SEC_3_4_2_PAR003,,false,true,false
bankers to an issue,4,5,5,D21,16,D21_P016_SEC_3_4_2_PAR003,,false,true,false
year no . of,4,5,5,D21,11,D21_T009,,false,true,false
"regulations , 2015 .",4,5,5,D21,15,D21_T014,,false,true,false
. at the end,4,5,5,D22,7,D22_P007_SEC_4_1_1_PAR002,,false,true,false
( depositories and participants,4,5,5,D22,7,D22_P007_SEC_4_1_3_PAR001,,false,true,false
depositories and participants ),4,5,5,D22,7,D22_P007_SEC_4_1_3_PAR001,,false,true,false
no . of trades,4,5,2,D22,11,D22_P011_SEC_4_2_2_PAR003,,false,true,false
the number of registered,4,5,4,D22,29,D22_P029_SEC_4_7_2_PAR001,,false,true,false
"2026 , the total",4,5,5,D22,31,D22_P031_SEC_4_7_3_PAR001,,false,true,false
"at one place ,",4,5,5,D22,32,D22_P032_SEC_4_7_5_PAR001,,false,true,false
in order to enhance,4,5,5,D22,32,D22_P032_SEC_4_7_5_PAR003,,false,true,false
registrars to an issue,4,5,5,D22,33,D22_P033_SEC_4_7_5_PAR003,,false,true,false
"regulations , 1992 .",4,5,4,D22,33,D22_P033_SEC_4_7_5_PAR004,,false,true,false
amendments were made to,4,5,5,D22,34,D22_P034_SEC_4_7_5_PAR004,,false,true,false
stock exchanges and clearing,4,5,4,D22,36,D22_P036_SEC_4_8_PAR004,,false,true,false
exchanges and clearing corporations,4,5,4,D22,36,D22_P036_SEC_4_8_PAR004,,false,true,false
under the sebi act,4,5,5,D22,28,D22_T031,,false,true,false
31 - mar -25,4,5,1,D22,37,D22_T039,,false,true,false
- mar -25 31,4,5,1,D22,37,D22_T039,,false,true,false
mar -25 31 -,4,5,1,D22,37,D22_T039,,false,true,false
-25 31 - mar,4,5,1,D22,37,D22_T039,,false,true,false
31 - mar -26,4,5,1,D22,37,D22_T039,,false,true,false
i. income/debt oriented schemes,4,5,2,D23,4,D23_T001,,false,true,false
ii . growth/equity oriented,4,5,2,D23,4,D23_T001,,false,true,false
. growth/equity oriented schemes,4,5,2,D23,4,D23_T001,,false,true,false
"31 , 2025 as",4,5,5,D23,13,D23_T016,,false,true,false
", 2025 as on",4,5,5,D23,13,D23_T016,,false,true,false
2025 as on march,4,5,5,D23,13,D23_T016,,false,true,false
foreign portfolio investors and,4,5,5,D24,1,D24_P001_UNKNOWN_PAR001,foreign;investors,false,true,false
portfolio investors and foreign,4,5,5,D24,1,D24_P001_UNKNOWN_PAR001,foreign;investors,false,true,false
investors and foreign venture,4,5,5,D24,1,D24_P001_UNKNOWN_PAR001,foreign;investors,false,true,false
and foreign venture capital,4,5,5,D24,1,D24_P001_UNKNOWN_PAR001,capital;foreign,false,true,false
indian securities market .,4,5,5,D24,2,D24_P002_SEC_6_1_1_PAR034,market;securities,false,true,false
notional value of odis,4,5,1,D24,7,D24_T006,,false,true,false
) ( b ),4,5,4,D26,11,D26_BOX003,,false,true,false
b ) of the,4,5,4,D26,11,D26_BOX003,,false,true,false
of partici- pants no,4,5,1,D26,4,D26_T001,,false,true,false
partici- pants no .,4,5,1,D26,4,D26_T001,,false,true,false
pants no . of,4,5,1,D26,4,D26_T001,,false,true,false
"dated july 31 ,",4,5,5,D27,4,D27_P004_SEC_9_1_4_PAR010,,false,true,false
"the pit regulations ,",4,5,4,D28,1,D28_P001_UNKNOWN_PAR007,,false,true,false
"of sebi act ,",4,5,5,D28,2,D28_P002_SEC_10_1_2_PAR001,,false,true,false
cases filed by parties,4,5,5,D28,19,D28_P019_UNKNOWN_PAR018,,false,true,false
. the hon'ble court,4,5,5,D28,22,D28_P022_UNKNOWN_PAR008,,false,true,false
"act , 1992 for",4,5,5,D28,33,D28_P033_UNKNOWN_PAR002,,false,true,false
prosecution was launched by,4,5,5,D28,33,D28_P033_UNKNOWN_PAR003,,false,true,false
( 1 ) r/w,4,5,5,D28,33,D28_P033_UNKNOWN_PAR003,,false,true,false
1 ) r/w section,4,5,5,D28,33,D28_P033_UNKNOWN_PAR003,,false,true,false
) r/w section 27,4,5,5,D28,33,D28_P033_UNKNOWN_PAR004,,false,true,false
r/w section 27 of,4,5,5,D28,33,D28_P033_UNKNOWN_PAR004,,false,true,false
section 27 of the,4,5,5,D28,33,D28_P033_UNKNOWN_PAR004,,false,true,false
"8 , 2025 sebi",4,5,5,D28,35,D28_P035_UNKNOWN_PAR020,,false,true,false
", 2026 sebi (",4,5,5,D28,36,D28_P036_UNKNOWN_PAR017,,false,true,false
scrips moved out of,4,5,1,D28,3,D28_T001,,false,true,false
cases added during the,4,5,5,D28,7,D28_T007,,false,true,false
break-up of pending cases,4,5,5,D28,7,D28_T007,,false,true,false
of pending cases at,4,5,5,D28,7,D28_T007,,false,true,false
pending cases at the,4,5,5,D28,7,D28_T007,,false,true,false
of the period cases,4,5,5,D28,7,D28_T007,,false,true,false
the period cases older,4,5,5,D28,7,D28_T007,,false,true,false
period cases older than,4,5,5,D28,7,D28_T007,,false,true,false
cases older than 2,4,5,5,D28,7,D28_T007,,false,true,false
older than 2 yea,4,5,5,D28,7,D28_T007,,false,true,false
cases older than 1,4,5,5,D28,7,D28_T007,,false,true,false
but less than 2,4,5,5,D28,7,D28_T007,,false,true,false
less than 2 yea,4,5,5,D28,7,D28_T007,,false,true,false
cases less than 1,4,5,5,D28,7,D28_T007,,false,true,false
less than 1 year,4,5,5,D28,7,D28_T007,,false,true,false
of mutual interest and,4,5,5,D29,3,D29_P003_III_PAR001,,false,true,false
"during 2025-26 , nism",4,5,5,D30,2,D30_P002_SEC_12_3_PAR001,,false,true,false
no . of appeals,4,5,2,D31,14,D31_T009,,false,true,false
global value chains .,4,4,4,D01,5,D01_BOX001,,false,true,false
"this , the government",4,4,4,D01,21,D01_BOX005,,false,true,false
the government has undertaken,4,4,4,D01,21,D01_BOX005,,false,true,false
the annual survey of,4,4,4,D01,21,D01_BOX005,,false,true,false
of unincorporated sector enterprises,4,4,4,D01,21,D01_BOX005,sector,false,true,false
unincorporated sector enterprises (,4,4,4,D01,21,D01_BOX005,sector,false,true,false
of the services sector,4,4,4,D01,21,D01_BOX005,sector,false,true,false
high-frequency indicators for the,4,4,4,D01,1,D01_P001_UNKNOWN_PAR004,,false,true,false
indicators for the third,4,4,4,D01,1,D01_P001_UNKNOWN_PAR004,,false,true,false
for the third quarter,4,4,4,D01,1,D01_P001_UNKNOWN_PAR004,,false,true,false
to strike a balance,4,4,4,D01,1,D01_P001_UNKNOWN_PAR005,balance,false,true,false
. the chapter concludes,4,4,4,D01,1,D01_P001_UNKNOWN_PAR006,,false,true,false
india 's medium-term growth,4,4,4,D01,1,D01_P001_UNKNOWN_PAR006,growth,false,true,false
amid global uncertainty .,4,4,4,D01,1,D01_P001_UNKNOWN_PAR006,,false,true,false
in the short run,4,4,4,D01,2,D01_P002_SEC_1_1_PAR001,,false,true,false
. this is reflected,4,4,4,D01,2,D01_P002_SEC_1_1_PAR001,,false,true,false
this is reflected in,4,4,4,D01,2,D01_P002_SEC_1_1_PAR001,,false,true,false
advanced economies ( aes,4,4,4,D01,2,D01_P002_SEC_1_1_PAR001,,false,true,false
economies ( aes ),4,4,4,D01,2,D01_P002_SEC_1_1_PAR001,,false,true,false
emerging market and developing,4,4,4,D01,2,D01_P002_SEC_1_1_PAR001,market,false,true,false
market and developing economies,4,4,4,D01,2,D01_P002_SEC_1_1_PAR001,market,false,true,false
and developing economies (,4,4,4,D01,2,D01_P002_SEC_1_1_PAR001,,false,true,false
has been accompanied by,4,4,4,D01,3,D01_P003_SEC_1_2_PAR002,,false,true,false
"in the uk ,",4,4,4,D01,4,D01_P004_SEC_1_3_PAR001,,false,true,false
foreign direct investment (,4,4,4,D01,4,D01_P004_SEC_1_5_PAR001,foreign;investment,false,true,false
direct investment ( fdi,4,4,4,D01,4,D01_P004_SEC_1_5_PAR001,fdi;investment,false,true,false
investment ( fdi ),4,4,4,D01,4,D01_P004_SEC_1_5_PAR001,fdi;investment,false,true,false
"this context , box",4,4,4,D01,5,D01_P005_SEC_1_6_PAR001,,false,true,false
"the pandemic , the",4,4,4,D01,6,D01_P006_SEC_1_6_PAR002,,false,true,false
the global economic landscape,4,4,4,D01,6,D01_P006_SEC_1_6_PAR005,,false,true,false
as one of the,4,4,4,D01,6,D01_P006_SEC_1_6_PAR007,,true,true,false
", accompanied by a",4,4,4,D01,7,D01_P007_SEC_1_6_PAR002,,false,true,false
"covid -19 pandemic ,",4,4,4,D01,7,D01_P007_SEC_1_6_PAR005,,false,true,false
", depending on the",4,4,4,D01,7,D01_P007_SEC_1_6_PAR007,,false,true,false
"this backdrop , india",4,4,4,D01,8,D01_P008_SEC_1_6_PAR003,,false,true,false
"digital public infrastructure ,",4,4,4,D01,8,D01_P008_SEC_1_6_PAR003,,false,true,false
"backdrop , this chapter",4,4,4,D01,8,D01_P008_SEC_1_7_PAR001,,false,true,false
an assessment of the,4,4,3,D01,8,D01_P008_SEC_1_7_PAR001,,false,true,false
and professional services .,4,4,4,D01,9,D01_P009_SEC_1_8_PAR002,,false,true,false
consumption expenditure ( pfce,4,4,4,D01,10,D01_P010_SEC_1_9_PAR001,consumption;expenditure,false,true,false
expenditure ( pfce ),4,4,4,D01,10,D01_P010_SEC_1_9_PAR001,expenditure,false,true,false
half of the year,4,4,4,D01,10,D01_P010_SEC_1_9_PAR001,,false,true,false
"1 of fy26 ,",4,4,4,D01,10,D01_P010_SEC_1_9_PAR001,,false,true,false
in gdp rising to,4,4,4,D01,10,D01_P010_SEC_1_9_PAR001,gdp,false,true,false
. this is the,4,4,4,D01,10,D01_P010_SEC_1_9_PAR001,,false,true,false
is likely to remain,4,4,4,D01,11,D01_P011_SEC_1_10_PAR001,,false,true,false
") . furthermore ,",4,4,4,D01,11,D01_P011_SEC_1_11_PAR001,,false,true,false
". furthermore , in",4,4,4,D01,11,D01_P011_SEC_1_11_PAR001,,false,true,false
", with the share",4,4,4,D01,11,D01_P011_SEC_1_11_PAR001,,false,true,false
with the share of,4,4,4,D01,11,D01_P011_SEC_1_11_PAR001,,false,true,false
be attributed to the,4,4,4,D01,11,D01_P011_SEC_1_11_PAR001,,false,true,false
"fy26 , with the",4,4,4,D01,12,D01_P012_SEC_1_12_PAR001,,false,true,false
gross fixed capital formation,4,4,4,D01,12,D01_P012_SEC_1_12_PAR001,capital,false,true,false
fixed capital formation (,4,4,4,D01,12,D01_P012_SEC_1_12_PAR001,capital,false,true,false
capital formation ( gfcf,4,4,4,D01,12,D01_P012_SEC_1_12_PAR001,capital,false,true,false
formation ( gfcf ),4,4,4,D01,12,D01_P012_SEC_1_12_PAR001,,false,true,false
"together , these developments",4,4,4,D01,12,D01_P012_SEC_1_12_PAR001,,false,true,false
in detail in chapter,4,4,4,D01,13,D01_P013_SEC_1_14_PAR001,,false,true,false
", which accounts for",4,4,4,D01,14,D01_P014_SEC_1_17_PAR001,,false,true,false
has been marked by,4,4,4,D01,14,D01_P014_SEC_1_17_PAR001,,false,true,false
this is expected to,4,4,4,D01,15,D01_P015_SEC_1_18_PAR001,,false,true,false
"e-way bill generation ,",4,4,4,D01,16,D01_P016_SEC_1_22_PAR001,,false,true,false
", with its share",4,4,4,D01,17,D01_P017_SEC_1_24_PAR001,,false,true,false
", transport , communication",4,4,4,D01,18,D01_P018_SEC_1_25_PAR001,,false,true,false
can be used to,4,4,4,D01,19,D01_P019_SEC_1_27_PAR002,,false,true,false
"in parallel , the",4,4,4,D01,22,D01_P022_SEC_1_28_PAR007,,false,true,false
private final consumption expenditure,4,4,4,D01,22,D01_P022_SEC_1_28_PAR014,consumption;expenditure,false,true,false
fy26 ( april-december ),4,4,4,D01,24,D01_P024_SEC_1_29_PAR001,,false,true,false
", driven primarily by",4,4,4,D01,24,D01_P024_SEC_1_29_PAR001,,false,true,false
", supported by favourable",4,4,3,D01,24,D01_P024_SEC_1_29_PAR001,,false,true,false
central government 's fiscal,4,4,4,D01,25,D01_P025_SEC_1_31_PAR001,fiscal,false,true,false
special assistance to states,4,4,4,D01,25,D01_P025_SEC_1_31_PAR001,,false,true,false
assistance to states for,4,4,4,D01,25,D01_P025_SEC_1_31_PAR001,,false,true,false
. the expansion of,4,4,4,D01,25,D01_P025_SEC_1_31_PAR001,,false,true,false
", s & p",4,4,4,D01,26,D01_P026_SEC_1_32_PAR001,,false,true,false
these measures have been,4,4,4,D01,26,D01_P026_SEC_1_33_PAR001,,false,true,false
against a backdrop of,4,4,4,D01,27,D01_P027_SEC_1_35_PAR001,,false,true,false
"as of december 2025 ,",4,4,4,D01,28,D01_P028_SEC_1_36_PAR001,,false,true,false
medium to long term,4,4,4,D01,28,D01_P028_SEC_1_37_PAR001,,false,true,false
as of the end,4,4,4,D01,28,D01_P028_SEC_1_38_PAR001,,false,true,false
of the end of,4,4,4,D01,28,D01_P028_SEC_1_38_PAR001,,false,true,false
in the medium term,4,4,4,D01,28,D01_P028_SEC_1_38_PAR001,,false,true,false
", which in turn",4,4,4,D01,28,D01_P028_SEC_1_38_PAR001,,false,true,false
", it becomes imperative",4,4,4,D01,28,D01_P028_SEC_1_38_PAR001,,false,true,false
by a combination of,4,4,4,D01,28,D01_P028_SEC_1_39_PAR001,,false,true,false
"together , these measures",4,4,4,D01,29,D01_P029_SEC_1_40_PAR001,,false,true,false
capital formation . the,4,4,4,D01,30,D01_P030_SEC_1_41_PAR001,capital,false,true,false
growth is expected to,4,4,4,D01,30,D01_P030_SEC_1_43_PAR001,growth,false,true,false
production-linked incentive ( pli,4,4,4,D01,31,D01_P031_SEC_1_46_PAR002,,false,true,false
", along with an",4,4,4,D01,32,D01_P032_SEC_1_46_PAR004,,false,true,false
". however , since",4,4,4,D01,33,D01_P033_SEC_1_PAR006,,false,true,false
the labour market .,4,4,4,D01,33,D01_P033_SEC_1_PAR007,market,false,true,false
is expected to support,4,4,4,D01,33,D01_P033_SEC_3_PAR002,,false,true,false
lower the cost of,4,4,4,D01,34,D01_P034_SEC_3_PAR001,,false,true,false
' 25 oct ' 25 jan,4,4,1,D01,2,D01_T001,,false,true,false
25 oct ' 25 jan ',4,4,1,D01,2,D01_T001,,false,true,false
monthly avg yoy growth,4,4,4,D01,12,D01_T004,growth,false,true,false
avg yoy growth (,4,4,4,D01,12,D01_T004,growth,false,true,false
yoy growth ( fy16,4,4,4,D01,12,D01_T004,growth,false,true,false
growth ( fy16 -,4,4,4,D01,12,D01_T004,growth,false,true,false
growth ( % ),4,4,1,D01,34,D01_T008,growth,false,true,false
"this , in turn",4,4,4,D02,15,D02_BOX005,,false,true,false
institution for transformation (,4,4,2,D02,22,D02_BOX011,,false,true,false
a larger share of,4,4,4,D02,22,D02_BOX011,,false,true,false
states for capital expenditure,4,4,4,D02,26,D02_BOX013,capital;expenditure,false,true,false
", tamil nadu and",4,4,4,D02,28,D02_BOX015,,false,true,false
of the central government,4,4,4,D02,34,D02_BOX017,,false,true,false
of the government 's,4,4,4,D02,34,D02_BOX017,,false,true,false
gdp in the pre-pandemic,4,4,4,D02,1,D02_P001_UNKNOWN_PAR003,gdp,false,true,false
pre-pandemic period ( fy16,4,4,4,D02,1,D02_P001_UNKNOWN_PAR003,,false,true,false
period ( fy16 -,4,4,4,D02,1,D02_P001_UNKNOWN_PAR003,,false,true,false
was driven primarily by,4,4,4,D02,1,D02_P001_UNKNOWN_PAR003,,false,true,false
gdp in fy25 .,4,4,4,D02,1,D02_P001_UNKNOWN_PAR004,gdp,false,true,false
the rapid expansion of,4,4,4,D02,2,D02_P002_UNKNOWN_PAR001,,false,true,false
as a proportion of,4,4,4,D02,3,D02_P003_SEC_2_4_PAR001,,false,true,false
gdp in the post-pandemic,4,4,4,D02,4,D02_P004_SEC_2_6_PAR001,gdp,false,true,false
of gdp over the,4,4,4,D02,4,D02_P004_SEC_2_6_PAR001,gdp,false,true,false
the trends in the,4,4,4,D02,4,D02_P004_SEC_2_7_PAR001,,false,true,false
"for instance , the",4,4,4,D02,5,D02_P005_SEC_2_8_PAR002,,false,true,false
during fy23 - fy25,4,4,4,D02,6,D02_P006_SEC_2_9_PAR001,,false,true,false
"fy23 - fy25 ,",4,4,4,D02,6,D02_P006_SEC_2_9_PAR001,,false,true,false
the end of november 2025,4,4,4,D02,7,D02_P007_SEC_2_13_PAR001,,false,true,false
as well as to,4,4,4,D02,10,D02_P010_UNKNOWN_PAR006,,false,true,false
", waste management ,",4,4,4,D02,10,D02_P010_UNKNOWN_PAR008,,false,true,false
position as a global,4,4,4,D02,10,D02_P010_UNKNOWN_PAR009,,false,true,false
", such as a",4,4,4,D02,11,D02_P011_SEC_2_18_PAR001,,false,true,false
) . the increase,4,4,3,D02,12,D02_P012_SEC_2_19_PAR001,,false,true,false
banks and financial institutions,4,4,4,D02,12,D02_P012_SEC_2_19_PAR001,banks;financial,false,true,false
registered a growth of,4,4,4,D02,12,D02_P012_SEC_2_19_PAR001,growth,false,true,false
public distribution system (,4,4,4,D02,17,D02_P017_UNKNOWN_PAR005,,false,true,false
the jal jeevan mission,4,4,4,D02,18,D02_P018_SEC_2_29_PAR001,,false,true,false
road transport and highways,4,4,4,D02,19,D02_P019_SEC_2_30_PAR001,,false,true,false
", leading to a",4,4,4,D02,19,D02_P019_SEC_2_30_PAR001,,false,true,false
the first eight months,4,4,4,D02,19,D02_P019_SEC_2_31_PAR001,,false,true,false
first eight months of,4,4,4,D02,19,D02_P019_SEC_2_31_PAR001,,false,true,false
the same period in,4,4,4,D02,19,D02_P019_SEC_2_31_PAR001,,false,true,false
", however , the",4,4,4,D02,27,D02_P027_SEC_2_41_PAR001,,false,true,false
previous year ( chart,4,4,3,D02,31,D02_P031_SEC_2_43_PAR001,,false,true,false
") . further ,",4,4,4,D02,32,D02_P032_SEC_2_43_PAR001,,false,true,false
"this regard , the",4,4,4,D02,34,D02_P034_UNKNOWN_PAR002,,false,true,false
in response to the,4,4,4,D02,35,D02_P035_SEC_2_47_PAR001,,false,true,false
the last decade .,4,4,4,D02,36,D02_P036_SEC_2_49_PAR001,,false,true,false
a wider range of,4,4,4,D02,36,D02_P036_SEC_2_50_PAR001,,false,true,false
an overview of the,4,4,4,D02,37,D02_P037_SEC_2_51_PAR001,,false,true,false
state governments have also,4,4,4,D02,41,D02_P041_SEC_2_56_PAR001,,false,true,false
: //tinyurl . com/,4,4,4,D02,41,D02_P041_SEC_2_56_PAR003,,false,true,false
s ( per capita,4,4,1,D02,41,D02_P041_SEC_2_56_PAR003,,false,true,false
underscore the need for,4,4,4,D02,42,D02_P042_SEC_2_56_PAR001,,false,true,false
critical role in shaping,4,4,4,D02,42,D02_P042_SEC_2_56_PAR001,,false,true,false
this underscores the importance,4,4,4,D02,42,D02_P042_SEC_2_57_PAR001,,false,true,false
", are expected to",4,4,4,D02,42,D02_P042_SEC_2_58_PAR001,,false,true,false
fy22 fy23 fy24 fy25,4,4,4,D02,5,D02_T001,,false,true,false
turnover ( ₹ lakh,4,4,2,D02,12,D02_T003,,false,true,false
of india 's financial,4,4,4,D03,24,D03_BOX007,financial,false,true,false
ministry of housing and,4,4,4,D03,29,D03_BOX011,,false,true,false
of housing and urban,4,4,4,D03,29,D03_BOX011,,false,true,false
the securities markets code,4,4,3,D03,36,D03_BOX013,markets;securities,false,true,false
( regulation ) act,4,4,4,D03,36,D03_BOX013,regulation,false,true,false
"regulation ) act ,",4,4,4,D03,36,D03_BOX013,regulation,false,true,false
of the securities market,4,4,4,D03,42,D03_BOX017,market;securities,false,true,false
the past three decades,4,4,4,D03,46,D03_BOX019,,false,true,false
") , mexico (",4,4,4,D03,46,D03_BOX019,,false,true,false
"( 2025 , december",4,4,2,D03,46,D03_BOX019,,false,true,false
by the reserve bank,4,4,4,D03,1,D03_P001_SEC_3_1_PAR001,bank;reserve,false,true,false
to a rise in,4,4,4,D03,3,D03_P003_SEC_3_6_PAR001,,false,true,false
to factors such as,4,4,4,D03,5,D03_P005_SEC_3_8_PAR002,,false,true,false
a wide variety of,4,4,4,D03,5,D03_P005_SEC_3_8_PAR003,,false,true,false
", for example ,",4,4,4,D03,5,D03_P005_SEC_3_8_PAR003,,false,true,false
economic policy uncertainty (,4,4,4,D03,5,D03_P005_SEC_3_8_PAR003,policy,false,true,false
following an uncertainty shock,4,4,3,D03,6,D03_P006_SEC_3_8_PAR006,,false,true,false
", the rbi 's",4,4,4,D03,9,D03_P009_SEC_3_10_PAR001,,false,true,false
in light of the,4,4,4,D03,11,D03_P011_SEC_3_15_PAR001,,false,true,false
non-banking financial companies (,4,4,4,D03,12,D03_P012_SEC_3_19_PAR001,financial,false,true,false
financial companies ( nbfcs,4,4,4,D03,12,D03_P012_SEC_3_19_PAR001,financial,false,true,false
companies ( nbfcs ),4,4,4,D03,12,D03_P012_SEC_3_19_PAR001,,false,true,false
. the country 's,4,4,4,D03,12,D03_P012_SEC_3_19_PAR001,,false,true,false
of the economy .,4,4,4,D03,13,D03_P013_SEC_3_20_PAR001,,false,true,false
as of september 2025 .,4,4,3,D03,13,D03_P013_SEC_3_20_PAR001,,false,true,false
"as of september 2025 ,",4,4,4,D03,14,D03_P014_SEC_3_23_PAR001,,false,true,false
agriculture and allied activities,4,4,3,D03,15,D03_P015_SEC_3_25_PAR001,,false,true,false
experienced a growth of,4,4,3,D03,16,D03_P016_SEC_3_29_PAR001,growth,false,true,false
yoy ) . the,4,4,3,D03,17,D03_P017_SEC_3_30_PAR001,,false,true,false
in the agricultural sector,4,4,4,D03,18,D03_P018_SEC_3_34_PAR001,sector,false,true,false
"in fy25 , reflecting",4,4,4,D03,18,D03_P018_SEC_3_34_PAR001,,false,true,false
to an increase in,4,4,4,D03,19,D03_P019_SEC_3_35_PAR001,,false,true,false
taking into account the,4,4,4,D03,19,D03_P019_SEC_3_37_PAR001,account,false,true,false
. such an approach,4,4,4,D03,27,D03_P027_SEC_3_47_PAR002,,false,true,false
. building on this,4,4,4,D03,27,D03_P027_SEC_3_49_PAR001,,false,true,false
", with at least",4,4,3,D03,30,D03_P030_SEC_3_50_PAR003,,false,true,false
", reliability , and",4,4,4,D03,30,D03_P030_SEC_3_50_PAR006,,false,true,false
", in particular ,",4,4,4,D03,32,D03_P032_SEC_3_53_PAR001,,false,true,false
the economy . the,4,4,4,D03,34,D03_P034_SEC_3_64_PAR001,,false,true,false
. since its inception,4,4,4,D03,36,D03_P036_SEC_3_70_PAR001,,false,true,false
of india 's capital,4,4,4,D03,36,D03_P036_SEC_3_71_PAR001,capital,false,true,false
", the quality of",4,4,4,D03,36,D03_P036_SEC_3_71_PAR001,,false,true,false
"quasi-legislative , executive ,",4,4,4,D03,37,D03_P037_SEC_3_71_PAR003,,false,true,false
"executive , and quasi-judicial",4,4,4,D03,37,D03_P037_SEC_3_71_PAR003,,false,true,false
", and quasi-judicial powers",4,4,4,D03,37,D03_P037_SEC_3_71_PAR003,,false,true,false
"in absolute terms ,",4,4,4,D03,39,D03_P039_SEC_3_73_PAR002,,false,true,false
a broad range of,4,4,4,D03,41,D03_P041_SEC_3_73_PAR002,,false,true,false
", while that of",4,4,4,D03,41,D03_P041_SEC_3_73_PAR002,,false,true,false
india 's corporate bond,4,4,3,D03,41,D03_P041_SEC_3_73_PAR003,bond,false,true,false
's corporate bond market,4,4,3,D03,41,D03_P041_SEC_3_73_PAR003,bond;market,false,true,false
india 's capital market,4,4,4,D03,42,D03_P042_SEC_3_74_PAR001,capital;market,false,true,false
", sebi has mandated",4,4,4,D03,42,D03_P042_SEC_3_74_PAR002,,false,true,false
' sebi check ',4,4,4,D03,42,D03_P042_SEC_3_74_PAR002,,false,true,false
of persons with disabilities,4,4,2,D03,42,D03_P042_SEC_3_74_PAR002,,false,true,false
issue and listing of,4,4,4,D03,43,D03_P043_SEC_3_74_PAR003,,false,true,false
to provide investors with,4,4,4,D03,43,D03_P043_SEC_3_74_PAR007,investors,false,true,false
a gradual shift towards,4,4,4,D03,44,D03_P044_SEC_3_76_PAR001,,false,true,false
ministry of corporate affairs,4,4,4,D03,45,D03_P045_SEC_3_81_PAR001,,false,true,false
the development of the,4,4,4,D03,45,D03_P045_SEC_3_82_PAR001,,false,true,false
in the long run,4,4,4,D03,47,D03_P047_SEC_3_85_PAR006,,false,true,false
"of gdp ) ,",4,4,2,D03,47,D03_P047_SEC_3_85_PAR006,gdp,false,true,false
the share of diis,4,4,3,D03,52,D03_P052_SEC_3_91_PAR001,,false,true,false
( by value of,4,4,2,D03,52,D03_P052_SEC_3_91_PAR001,,false,true,false
by value of holdings,4,4,2,D03,52,D03_P052_SEC_3_91_PAR001,,false,true,false
value of holdings ),4,4,2,D03,52,D03_P052_SEC_3_91_PAR001,,false,true,false
", largely due to",4,4,4,D03,53,D03_P053_SEC_3_95_PAR001,,false,true,false
it is essential that,4,4,4,D03,55,D03_P055_SEC_3_99_PAR001,,false,true,false
growth in recent years,4,4,4,D03,59,D03_P059_SEC_3_99_PAR004,growth,false,true,false
promote ease of doing,4,4,3,D03,60,D03_P060_SEC_3_99_PAR004,,false,true,false
to keep pace with,4,4,4,D03,62,D03_P062_SEC_3_99_PAR001,,false,true,false
", india 's financial",4,4,3,D03,63,D03_P063_UNKNOWN_PAR005,financial,false,true,false
bps * * *,4,4,1,D03,48,D03_T001,,false,true,false
's emergence as a,4,4,4,D03,54,D03_T002,,false,true,false
") , brazil (",4,4,4,D04,34,D04_BOX003,,false,true,false
", supported by strong",4,4,4,D04,1,D04_P001_UNKNOWN_PAR003,,false,true,false
"services , and the",4,4,4,D04,1,D04_P001_UNKNOWN_PAR003,,false,true,false
"capital flows , and",4,4,4,D04,2,D04_P002_SEC_4_4_PAR001,capital,false,true,false
plays a vital role,4,4,4,D04,2,D04_P002_SEC_4_4_PAR001,,false,true,false
the global economy .,4,4,4,D04,2,D04_P002_SEC_4_4_PAR001,,false,true,false
the country 's export,4,4,4,D04,2,D04_P002_SEC_4_5_PAR001,export,false,true,false
", https : //doi.org/",4,4,4,D04,3,D04_P003_SEC_4_8_PAR003,,false,true,false
", technology , and",4,4,4,D04,4,D04_P004_SEC_4_8_PAR001,,false,true,false
concentrated in a small,4,4,4,D04,4,D04_P004_SEC_4_8_PAR003,,false,true,false
a small set of,4,4,4,D04,4,D04_P004_SEC_4_8_PAR003,,false,true,false
. this trend is,4,4,4,D04,4,D04_P004_SEC_4_9_PAR001,,false,true,false
is likely to have,4,4,4,D04,7,D04_P007_SEC_4_15_PAR001,,false,true,false
its share in global,4,4,4,D04,8,D04_P008_SEC_4_18_PAR001,,false,true,false
( yoy ) increase,4,4,4,D04,9,D04_P009_SEC_4_20_PAR001,,false,true,false
. during the same,4,4,4,D04,9,D04_P009_SEC_4_21_PAR001,,false,true,false
"fy25 , india 's",4,4,4,D04,9,D04_P009_SEC_4_22_PAR001,,false,true,false
india 's exports of,4,4,4,D04,10,D04_P010_SEC_4_26_PAR001,exports,false,true,false
. this increase is,4,4,4,D04,11,D04_P011_SEC_4_28_PAR001,,false,true,false
the success of the,4,4,4,D04,15,D04_P015_SEC_4_39_PAR001,,false,true,false
exports to the us,4,4,3,D04,15,D04_P015_SEC_4_40_PAR002,exports,false,true,false
share in india 's,4,4,4,D04,17,D04_P017_SEC_4_40_PAR002,,false,true,false
", readymade garments of",4,4,1,D04,17,D04_P017_UNKNOWN_PAR005,,false,true,false
"in fy25 , while",4,4,4,D04,19,D04_P019_SEC_4_41_PAR001,,false,true,false
's share increased to,4,4,1,D04,19,D04_P019_SEC_4_42_PAR001,,false,true,false
", the country is",4,4,4,D04,19,D04_P019_SEC_4_44_PAR004,,false,true,false
the anusandhan national research,4,4,4,D04,20,D04_P020_SEC_4_46_PAR001,,false,true,false
anusandhan national research foundation,4,4,4,D04,20,D04_P020_SEC_4_46_PAR001,,false,true,false
", as compared to",4,4,4,D04,20,D04_P020_SEC_4_47_PAR005,,false,true,false
. this is a,4,4,4,D04,23,D04_P023_UNKNOWN_PAR001,,false,true,false
as a global hub,4,4,4,D04,23,D04_P023_UNKNOWN_PAR003,,false,true,false
a global hub for,4,4,4,D04,23,D04_P023_UNKNOWN_PAR003,,false,true,false
the adoption of technology,4,4,4,D04,23,D04_P023_UNKNOWN_PAR004,,false,true,false
in the middle east,4,4,4,D04,24,D04_P024_SEC_4_51_PAR001,,false,true,false
"and professional services ,",4,4,4,D04,24,D04_P024_SEC_4_51_PAR001,,false,true,false
play a vital role,4,4,4,D04,25,D04_P025_SEC_4_52_PAR001,,false,true,false
", business , and",4,4,4,D04,26,D04_P026_SEC_4_57_PAR001,,false,true,false
", accounting for approximately",4,4,4,D04,29,D04_P029_SEC_4_64_PAR001,,false,true,false
"in cy 2024 ,",4,4,4,D04,31,D04_P031_SEC_4_67_PAR001,,false,true,false
"however , the overall",4,4,4,D04,31,D04_P031_SEC_4_69_PAR001,,false,true,false
the h 1 of,4,4,4,D04,32,D04_P032_SEC_4_71_PAR001,,false,true,false
has emerged as the,4,4,4,D04,32,D04_P032_SEC_4_74_PAR001,,false,true,false
", the challenge is",4,4,4,D04,35,D04_P035_SEC_4_80_PAR001,,false,true,false
", employment , and",4,4,4,D04,36,D04_P036_SEC_4_80_PAR003,employment,false,true,false
. the world bank,4,4,4,D04,38,D04_P038_SEC_4_80_PAR004,bank,false,true,false
", thereby enhancing the",4,4,4,D04,38,D04_P038_SEC_4_80_PAR005,,false,true,false
. as shown in,4,4,4,D04,47,D04_P047_SEC_4_92_PAR001,,false,true,false
"global supply chains ,",4,4,4,D04,50,D04_P050_SEC_4_97_PAR002,supply,false,true,false
". however , india",4,4,4,D04,53,D04_P053_SEC_4_99_PAR003,,false,true,false
with the private sector,4,4,4,D04,53,D04_P053_SEC_4_99_PAR009,sector,false,true,false
"export competitiveness , and",4,4,4,D04,57,D04_P057_UNKNOWN_PAR003,export,false,true,false
in a world where,4,4,4,D04,57,D04_P057_UNKNOWN_PAR004,,false,true,false
strong macroeconomic fundamentals and,4,4,4,D05,1,D05_P001_UNKNOWN_PAR002,macroeconomic,false,true,false
in the current year,4,4,4,D05,5,D05_P005_SEC_5_8_PAR001,current,false,true,false
") , supported by",4,4,4,D05,12,D05_P012_SEC_5_20_PAR001,,false,true,false
") , led by",4,4,4,D05,12,D05_P012_SEC_5_20_PAR001,,false,true,false
with respect to the,4,4,4,D05,14,D05_P014_SEC_5_27_PAR001,,false,true,false
"the national average ,",4,4,2,D05,18,D05_P018_SEC_5_33_PAR001,,false,true,false
the state level .,4,4,4,D05,19,D05_P019_SEC_5_35_PAR002,,false,true,false
andaman and nicobar islands,4,4,4,D05,17,D05_T001,,false,true,false
dadra and nagar haveli,4,4,4,D05,17,D05_T001,,false,true,false
are as follows :,4,4,4,D06,7,D06_BOX001,,false,true,false
2025-09 /strategies-and-pathways-for-accelerating-growth-in- pulses-towards-the-goal-of-atmanirbharta.pdf .,4,4,1,D06,7,D06_BOX001,,false,true,false
. the scheme aims,4,4,4,D06,13,D06_BOX005,,false,true,false
the scheme aims to,4,4,4,D06,13,D06_BOX005,,false,true,false
", storage , and",4,4,4,D06,1,D06_P001_UNKNOWN_PAR005,,false,true,false
"sectors , such as",4,4,4,D06,2,D06_P002_SEC_6_2_PAR001,sectors,false,true,false
agriculture and allied sectors,4,4,3,D06,2,D06_P002_SEC_6_3_PAR001,sectors,false,true,false
national mission on edible,4,4,2,D06,2,D06_P002_SEC_6_3_PAR001,,false,true,false
a compound annual growth,4,4,4,D06,4,D06_P004_SEC_6_7_PAR001,growth,false,true,false
", compared to the",4,4,4,D06,4,D06_P004_SEC_6_7_PAR001,,false,true,false
", the presence of",4,4,4,D06,6,D06_P006_SEC_6_11_PAR001,,false,true,false
. as of 2025,4,4,4,D06,8,D06_P008_SEC_6_12_PAR001,,false,true,false
"as of 2025 ,",4,4,4,D06,8,D06_P008_SEC_6_12_PAR001,,false,true,false
can be achieved through,4,4,4,D06,9,D06_P009_SEC_6_14_PAR001,,false,true,false
government has been implementing,4,4,4,D06,9,D06_P009_SEC_6_14_PAR001,,false,true,false
has been implementing the,4,4,4,D06,9,D06_P009_SEC_6_15_PAR001,,false,true,false
the national food security,4,4,3,D06,9,D06_P009_SEC_6_15_PAR001,,false,true,false
", water , and",4,4,4,D06,11,D06_P011_SEC_6_16_PAR003,,false,true,false
", highlighting the need",4,4,4,D06,18,D06_P018_SEC_6_25_PAR001,,false,true,false
"2025-26 , a total",4,4,4,D06,18,D06_P018_SEC_6_26_PAR001,,false,true,false
a major step towards,4,4,4,D06,19,D06_P019_SEC_6_27_PAR001,,false,true,false
digital public infrastructure (,4,4,4,D06,20,D06_P020_SEC_6_31_PAR001,,false,true,false
public infrastructure ( dpi,4,4,4,D06,20,D06_P020_SEC_6_31_PAR001,,false,true,false
infrastructure ( dpi ),4,4,4,D06,20,D06_P020_SEC_6_31_PAR001,,false,true,false
central and state governments,4,4,4,D06,20,D06_P020_SEC_6_31_PAR001,,false,true,false
infrastructure development fund (,4,4,4,D06,21,D06_P021_SEC_6_32_PAR001,,false,true,false
", credit access ,",4,4,4,D06,21,D06_P021_SEC_6_33_PAR001,credit,false,true,false
. the government is,4,4,4,D06,22,D06_P022_SEC_6_35_PAR001,,false,true,false
as of 31 december 2025 .,4,4,4,D06,23,D06_P023_SEC_6_38_PAR003,,false,true,false
a pivotal role in,4,4,4,D06,26,D06_P026_SEC_6_42_PAR001,,false,true,false
schemes such as the,4,4,4,D06,27,D06_P027_SEC_6_47_PAR001,,false,true,false
. india has made,4,4,4,D06,31,D06_P031_SEC_6_56_PAR001,,false,true,false
"of digital technologies ,",4,4,4,D06,31,D06_P031_SEC_6_56_PAR001,,false,true,false
of india 's services,4,4,4,D07,7,D07_BOX001,,false,true,false
"across various sectors ,",4,4,4,D07,30,D07_BOX013,sectors,false,true,false
", security , and",4,4,4,D07,30,D07_BOX013,,false,true,false
"growth , resilience ,",4,4,4,D07,1,D07_P001_SEC_7_1_PAR001,growth,false,true,false
", and heightened geopolitical",4,4,4,D07,1,D07_P001_SEC_7_1_PAR001,,false,true,false
", the services sector",4,4,4,D07,1,D07_P001_SEC_7_1_PAR001,sector,false,true,false
sector has emerged as,4,4,4,D07,1,D07_P001_SEC_7_1_PAR001,sector,false,true,false
it and it-enabled services,4,4,4,D07,1,D07_P001_UNKNOWN_PAR003,,false,true,false
in the services sector,4,4,4,D07,2,D07_P002_SEC_7_5_PAR001,sector,false,true,false
the share of services,4,4,4,D07,3,D07_P003_SEC_7_6_PAR002,,false,true,false
share of services in,4,4,3,D07,3,D07_P003_SEC_7_6_PAR002,,false,true,false
vii. 1 ) .,4,4,4,D07,3,D07_P003_SEC_7_6_PAR002,,false,true,false
". in 2024 ,",4,4,4,D07,4,D07_P004_SEC_7_8_PAR001,,false,true,false
role of services in,4,4,4,D07,5,D07_P005_SEC_7_10_PAR001,,false,true,false
a central pillar of,4,4,4,D07,11,D07_P011_SEC_7_17_PAR001,,false,true,false
reason is that services,4,4,4,D07,15,D07_P015_SEC_7_21_PAR002,,false,true,false
move up the value,4,4,4,D07,17,D07_P017_UNKNOWN_PAR002,,false,true,false
( chart vii. 11,4,4,1,D07,18,D07_P018_SEC_7_24_PAR001,,false,true,false
into global value chains,4,4,4,D07,22,D07_P022_SEC_7_34_PAR001,,false,true,false
", japan , and",4,4,4,D07,22,D07_P022_SEC_7_35_PAR001,,false,true,false
", risk management ,",4,4,4,D07,23,D07_P023_SEC_7_37_PAR001,,false,true,false
continue to play a,4,4,4,D07,26,D07_P026_SEC_7_45_PAR001,,false,true,false
". however , it",4,4,4,D07,26,D07_P026_SEC_7_45_PAR001,,false,true,false
in this regard .,4,4,4,D07,30,D07_P030_SEC_7_52_PAR001,,false,true,false
over the next decade,4,4,4,D07,31,D07_P031_SEC_7_53_PAR001,,false,true,false
", ( b )",4,4,4,D08,15,D08_BOX003,,false,true,false
scheme for promotion of,4,4,3,D08,15,D08_BOX003,,false,true,false
", and andhra pradesh",4,4,4,D08,17,D08_BOX005,,false,true,false
", capacity building ,",4,4,4,D08,17,D08_BOX005,,false,true,false
pib release available at,4,4,3,D08,20,D08_BOX007,,false,true,false
release available at https,4,4,3,D08,20,D08_BOX007,,false,true,false
• 2 nd in,4,4,1,D08,24,D08_BOX011,,false,true,false
on r & d,4,4,4,D08,24,D08_BOX011,,false,true,false
", and south korea",4,4,3,D08,24,D08_BOX011,,false,true,false
: //tinyurl.com/ 5 n,4,4,4,D08,34,D08_BOX019,,false,true,false
in the manufacturing sector,4,4,4,D08,36,D08_BOX021,sector,false,true,false
. in order to,4,4,4,D08,36,D08_BOX021,,false,true,false
"micro , small and",4,4,4,D08,36,D08_BOX021,,false,true,false
", small and medium",4,4,4,D08,36,D08_BOX021,,false,true,false
", and ( ii",4,4,4,D08,40,D08_BOX025,,false,true,false
and ( ii ),4,4,4,D08,40,D08_BOX025,,false,true,false
", the ability to",4,4,4,D08,43,D08_BOX029,,false,true,false
the private sector and,4,4,4,D08,43,D08_BOX029,sector,false,true,false
production linked incentive (,4,4,4,D08,1,D08_P001_UNKNOWN_PAR003,,false,true,false
"as a whole ,",4,4,4,D08,2,D08_P002_SEC_8_2_PAR001,,false,true,false
", tamil nadu ,",4,4,4,D08,7,D08_P007_SEC_8_16_PAR001,,false,true,false
the world 's third-largest,4,4,4,D08,15,D08_P015_SEC_8_32_PAR001,,false,true,false
", and the national",4,4,4,D08,25,D08_P025_SEC_8_50_PAR001,,false,true,false
", development and innovation",4,4,4,D08,25,D08_P025_SEC_8_51_PAR001,,false,true,false
"micro , small ,",4,4,4,D08,29,D08_P029_SEC_8_52_PAR003,,false,true,false
", small , and",4,4,4,D08,29,D08_P029_SEC_8_52_PAR003,,false,true,false
"small , and medium",4,4,4,D08,29,D08_P029_SEC_8_52_PAR003,,false,true,false
", and medium enterprises",4,4,4,D08,29,D08_P029_SEC_8_52_PAR003,,false,true,false
tier -2 and tier,4,4,4,D08,32,D08_P032_SEC_8_58_PAR001,,false,true,false
-2 and tier -3,4,4,4,D08,32,D08_P032_SEC_8_58_PAR001,,false,true,false
to address these challenges,4,4,4,D08,36,D08_P036_SEC_8_66_PAR001,,false,true,false
. initiatives such as,4,4,4,D08,37,D08_P037_SEC_8_66_PAR003,,false,true,false
", available at https",4,4,4,D08,39,D08_P039_SEC_8_66_PAR004,,false,true,false
. the next phase,4,4,4,D08,43,D08_P043_SEC_8_72_PAR001,,false,true,false
", the role of",4,4,4,D08,45,D08_P045_SEC_8_74_PAR002,,false,true,false
the role of the,4,4,4,D08,45,D08_P045_SEC_8_74_PAR002,,false,true,false
"been sanctioned , and",4,4,4,D09,13,D09_BOX009,,false,true,false
public-private partnership ( ppp,4,4,4,D09,1,D09_P001_UNKNOWN_PAR003,,false,true,false
partnership ( ppp ),4,4,4,D09,1,D09_P001_UNKNOWN_PAR003,,false,true,false
across the country .,4,4,4,D09,2,D09_P002_SEC_9_3_PAR001,,false,true,false
estate investment trusts (,4,4,4,D09,4,D09_P004_SEC_9_12_PAR001,investment,false,true,false
. equally important is,4,4,4,D09,9,D09_P009_SEC_9_17_PAR004,,false,true,false
should be treated as,4,4,4,D09,9,D09_P009_SEC_9_17_PAR004,,false,true,false
and the need for,4,4,4,D09,16,D09_P016_SEC_9_29_PAR001,,false,true,false
the regulatory framework for,4,4,3,D09,31,D09_P031_SEC_9_45_PAR007,regulatory,false,true,false
jal jeevan mission (,4,4,4,D09,32,D09_P032_SEC_9_50_PAR001,,false,true,false
the country . the,4,4,4,D09,36,D09_P036_SEC_9_58_PAR001,,false,true,false
development and deployment of,4,4,2,D10,18,D10_BOX005,,false,true,false
"the paris agreement ,",4,4,4,D10,3,D10_P003_SEC_10_6_PAR001,,false,true,false
", and access to",4,4,4,D10,4,D10_P004_SEC_10_10_PAR001,,false,true,false
environmental regulation in india,4,4,3,D10,6,D10_P006_SEC_10_17_PAR001,regulation,false,true,false
for climate action .,4,4,4,D10,7,D10_P007_SEC_10_19_PAR002,,false,true,false
play a crucial role,4,4,4,D10,9,D10_P009_SEC_10_26_PAR001,,false,true,false
. to address this,4,4,4,D10,10,D10_P010_SEC_10_28_PAR001,,false,true,false
"to address this ,",4,4,4,D10,10,D10_P010_SEC_10_28_PAR001,,false,true,false
", the usa ,",4,4,4,D10,14,D10_P014_SEC_10_39_PAR001,,false,true,false
the government has launched,4,4,4,D10,18,D10_P018_SEC_10_44_PAR001,,false,true,false
", insurance , and",4,4,4,D10,32,D10_P032_SEC_10_76_PAR002,,false,true,false
. this led to,4,4,4,D10,34,D10_P034_SEC_10_82_PAR001,,false,true,false
( prevention and control,4,4,2,D10,34,D10_P034_SEC_10_82_PAR001,,false,true,false
and control of pollution,4,4,2,D10,34,D10_P034_SEC_10_82_PAR001,,false,true,false
control of pollution ),4,4,2,D10,34,D10_P034_SEC_10_82_PAR001,,false,true,false
at the national level,4,4,4,D10,35,D10_P035_SEC_10_84_PAR001,,false,true,false
( 1 ) of,4,4,4,D10,38,D10_P038_SEC_10_94_PAR001,,false,true,false
the ministry of education,4,4,4,D11,21,D11_BOX011,,false,true,false
there is a growing,4,4,4,D11,30,D11_BOX013,,false,true,false
. over the years,4,4,4,D11,1,D11_P001_SEC_11_1_PAR001,,false,true,false
", nutrition , and",4,4,4,D11,1,D11_P001_SEC_11_1_PAR001,,false,true,false
", accountable , and",4,4,4,D11,1,D11_P001_UNKNOWN_PAR003,,false,true,false
one of the world,4,4,4,D11,4,D11_P004_SEC_11_10_PAR001,,false,true,false
. based on these,4,4,4,D11,13,D11_P013_SEC_11_18_PAR001,,false,true,false
plays a critical role,4,4,4,D11,13,D11_P013_SEC_11_19_PAR001,,false,true,false
india 's demographic dividend,4,4,4,D11,14,D11_P014_SEC_11_21_PAR001,,false,true,false
recognition of prior learning,4,4,4,D11,23,D11_P023_SEC_11_34_PAR004,,false,true,false
", efficiency , and",4,4,4,D11,26,D11_P026_SEC_11_39_PAR001,,false,true,false
in both rural and,4,4,3,D11,34,D11_P034_SEC_11_50_PAR001,,false,true,false
both public and private,4,4,4,D11,37,D11_P037_SEC_11_54_PAR001,,false,true,false
is no longer the,4,4,4,D11,40,D11_P040_SEC_11_61_PAR001,,false,true,false
code on social security,4,4,3,D12,25,D12_BOX009,,false,true,false
. in case of,4,4,4,D12,6,D12_P006_SEC_12_11_PAR006,,false,true,false
at the core of,4,4,4,D12,7,D12_P007_SEC_12_12_PAR001,,false,true,false
in the organised manufacturing,4,4,4,D12,12,D12_P012_SEC_12_19_PAR002,,false,true,false
", in terms of",4,4,4,D12,14,D12_P014_SEC_12_24_PAR001,,false,true,false
a central role in,4,4,4,D13,1,D13_P001_UNKNOWN_PAR002,,false,true,false
", skill development ,",4,4,4,D13,1,D13_P001_UNKNOWN_PAR003,,false,true,false
the importance of the,4,4,3,D13,6,D13_P006_SEC_13_17_PAR001,,false,true,false
between the state and,4,4,4,D13,12,D13_P012_SEC_13_28_PAR001,,false,true,false
to the extent of,4,4,3,D13,13,D13_P013_SEC_13_32_PAR001,,false,true,false
", in association with",4,4,4,D13,25,D13_P025_SEC_13_66_PAR003,,false,true,false
for the welfare of,4,4,4,D13,33,D13_P033_SEC_13_85_PAR001,,false,true,false
( in crore ),4,4,2,D13,17,D13_T001,,false,true,false
india 's ai strategy,4,4,3,D14,1,D14_P001_UNKNOWN_PAR002,,false,true,false
in a way that,4,4,4,D14,1,D14_P001_UNKNOWN_PAR005,,false,true,false
india 's data governance,4,4,4,D14,27,D14_P027_SEC_14_63_PAR001,,false,true,false
of the provisions of,4,4,4,D14,29,D14_P029_SEC_14_68_PAR001,,false,true,false
. the objective is,4,4,4,D14,35,D14_P035_SEC_14_90_PAR001,,false,true,false
"council on energy ,",4,4,2,D15,24,D15_BOX007,energy,false,true,false
"on energy , environment",4,4,2,D15,24,D15_BOX007,energy,false,true,false
"energy , environment and",4,4,2,D15,24,D15_BOX007,energy,false,true,false
development ( tod ),4,4,4,D15,14,D15_P014_SEC_15_23_PAR001,,false,true,false
a circular water economy,4,4,4,D15,24,D15_P024_SEC_15_43_PAR001,,false,true,false
pradhan mantri awas yojana,4,4,3,D15,27,D15_P027_SEC_15_50_PAR001,,false,true,false
in an environment where,4,4,4,D15,28,D15_P028_SEC_15_51_PAR001,,false,true,false
as part of its,4,4,4,D15,28,D15_P028_SEC_15_53_PAR001,,false,true,false
is therefore not a,4,4,4,D16,22,D16_P022_SEC_16_67_PAR001,,false,true,false
the state support mission,4,4,3,D17,12,D17_BOX007,,false,true,false
state capacity is not,4,4,4,D17,6,D17_P006_UNKNOWN_PAR002,,false,true,false
reduction and deregulation initiative,4,4,4,D17,28,D17_P028_UNKNOWN_PAR005,,false,true,false
ai - ai ui,4,4,4,D17,36,D17_P036_UNKNOWN_PAR001,,false,true,false
- ai ai ui,4,4,4,D17,36,D17_P036_UNKNOWN_PAR001,,false,true,false
ui ai ai ui,4,4,4,D17,36,D17_P036_UNKNOWN_PAR001,,false,true,false
) ai ai ai,4,4,4,D17,36,D17_P036_UNKNOWN_PAR003,,false,true,false
ui ui ai ui,4,4,3,D17,36,D17_P036_UNKNOWN_PAR005,,false,true,false
the rbi cautions that,4,4,4,D18,2,D18_P002_I_PAR002,,false,true,false
➢ the report also,4,4,4,D18,4,D18_P004_A_PAR005,,false,true,false
deficit in 2026-27 is,4,4,3,D19,1,D19_P001_UNKNOWN_PAR004,deficit,false,true,false
lower than the revised,4,4,4,D19,1,D19_P001_UNKNOWN_PAR004,,false,true,false
estimated to increase by,4,4,4,D19,3,D19_P003_UNKNOWN_PAR004,,false,true,false
receipts ( excluding borrowings,4,4,4,D19,3,D19_P003_UNKNOWN_PAR005,,false,true,false
( excluding borrowings ),4,4,4,D19,3,D19_P003_UNKNOWN_PAR005,,false,true,false
of gdp ) .,4,4,3,D19,3,D19_P003_UNKNOWN_PAR007,gdp,false,true,false
". in 2026-27 ,",4,4,4,D19,5,D19_P005_UNKNOWN_PAR005,,false,true,false
the 15 th fc,4,4,3,D19,9,D19_P009_UNKNOWN_PAR005,,false,true,false
2026-27 ; p rs. 2025,4,4,4,D19,3,D19_T001,,false,true,false
; p rs. 2025 -26,4,4,4,D19,3,D19_T001,,false,true,false
p rs. 2025 -26 2025-26,4,4,4,D19,3,D19_T001,,false,true,false
rs. 2025 -26 2025-26 2026-27,4,4,4,D19,3,D19_T001,,false,true,false
the strait of hormuz,4,4,4,D20,1,D20_P001_UNKNOWN_PAR003,,false,true,false
above usd 100 per barrel,4,4,4,D20,1,D20_P001_UNKNOWN_PAR003,,false,true,false
of the financial year,4,4,3,D20,1,D20_P001_UNKNOWN_PAR003,financial,false,true,false
of the middle east,4,4,4,D20,4,D20_P004_II_PAR001,,false,true,false
from the middle east,4,4,4,D20,6,D20_P006_SEC_2_1_3_PAR003,,false,true,false
of the total funds,4,4,4,D21,11,D21_BOX005,,false,true,false
measures taken by sebi,4,4,4,D21,1,D21_P001_SEC_3_1_PAR003,,false,true,false
for mutual funds and,4,4,4,D21,3,D21_P003_SEC_3_1_1_PAR002,,false,true,false
of the companies act,4,4,4,D21,3,D21_P003_SEC_3_1_1_PAR003,,false,true,false
. this was followed,4,4,4,D21,6,D21_P006_SEC_3_1_2_PAR003,,false,true,false
this was followed by,4,4,4,D21,6,D21_P006_SEC_3_1_2_PAR003,,false,true,false
in 2024-25 ( table,4,4,4,D21,11,D21_P011_SEC_3_2_2_PAR002,,false,true,false
to the previous year,4,4,4,D21,12,D21_P012_SEC_3_3_1_PAR003,,false,true,false
"2025-26 , the total",4,4,4,D21,14,D21_P014_SEC_3_3_2_PAR001,,false,true,false
2025-26 percentage share in,4,4,4,D21,5,D21_T001,,false,true,false
) no . amount,4,4,4,D21,5,D21_T001,,false,true,false
2024-25 2025-26 no .,4,4,4,D21,10,D21_T007,,false,true,false
no . of offers,4,4,1,D21,14,D21_T010,,false,true,false
. of offers amount,4,4,1,D21,14,D21_T010,,false,true,false
of offers amount (,4,4,1,D21,14,D21_T010,,false,true,false
offers amount ( ₹crore,4,4,1,D21,14,D21_T010,,false,true,false
draft letters of offer,4,4,2,D21,14,D21_T010,,false,true,false
"lodr ) regulations ,",4,4,4,D21,15,D21_T014,,false,true,false
2025-26 pending as on,4,4,4,D21,17,D21_T016,,false,true,false
registered as on march,4,4,2,D21,17,D21_T017,,false,true,false
a . review of,4,4,4,D22,1,D22_P001_SEC_4_1_1_PAR001,,false,true,false
"the year , sebi",4,4,4,D22,1,D22_P001_UNKNOWN_PAR005,,false,true,false
"2025-26 . however ,",4,4,4,D22,2,D22_P002_SEC_4_1_1_PAR001,,false,true,false
", at bse ,",4,4,4,D22,5,D22_P005_SEC_4_1_1_PAR002,,false,true,false
of the total turnover,4,4,4,D22,15,D22_P015_SEC_4_3_3_PAR002,,false,true,false
f & o segment,4,4,3,D22,15,D22_P015_SEC_4_3_3_PAR004,,false,true,false
the currency derivatives segment,4,4,4,D22,25,D22_P025_SEC_4_5_3_PAR003,currency,false,true,false
"on january 07 ,",4,4,3,D22,33,D22_P033_SEC_4_7_5_PAR004,,false,true,false
"january 07 , 2026",4,4,3,D22,33,D22_P033_SEC_4_7_5_PAR004,,false,true,false
ease of compliance .,4,4,4,D22,33,D22_P033_SEC_4_7_5_PAR004,,false,true,false
in order to enable,4,4,4,D22,33,D22_P033_SEC_4_7_5_PAR008,,false,true,false
order to enable the,4,4,4,D22,33,D22_P033_SEC_4_7_5_PAR008,,false,true,false
to enable the stakeholders,4,4,4,D22,33,D22_P033_SEC_4_7_5_PAR008,,false,true,false
enable the stakeholders to,4,4,4,D22,33,D22_P033_SEC_4_7_5_PAR008,,false,true,false
the stakeholders to have,4,4,4,D22,33,D22_P033_SEC_4_7_5_PAR008,,false,true,false
stakeholders to have an,4,4,4,D22,33,D22_P033_SEC_4_7_5_PAR008,,false,true,false
to have an access,4,4,4,D22,33,D22_P033_SEC_4_7_5_PAR008,,false,true,false
have an access to,4,4,4,D22,33,D22_P033_SEC_4_7_5_PAR008,,false,true,false
applicable requirements at one,4,4,4,D22,33,D22_P033_SEC_4_7_5_PAR008,,false,true,false
requirements at one place,4,4,4,D22,33,D22_P033_SEC_4_7_5_PAR008,,false,true,false
"30 , 2026 ,",4,4,4,D22,34,D22_P034_SEC_4_7_5_PAR002,,false,true,false
", 2026 , a",4,4,4,D22,34,D22_P034_SEC_4_7_5_PAR002,,false,true,false
a period of one,4,4,4,D22,34,D22_P034_SEC_4_7_5_PAR002,,false,true,false
registrar to an issue,4,4,3,D22,34,D22_P034_SEC_4_7_5_PAR005,,false,true,false
key features of the,4,4,4,D22,34,D22_P034_SEC_4_7_5_PAR005,,false,true,false
d & p regulations,4,4,3,D22,36,D22_P036_SEC_4_8_2_PAR002,,false,true,false
for ias and ras,4,4,2,D22,36,D22_P036_SEC_4_8_2_PAR003,,false,true,false
( regulation ) (,4,4,4,D22,36,D22_P036_SEC_4_8_PAR004,regulation,false,true,false
regulation ) ( stock,4,4,4,D22,36,D22_P036_SEC_4_8_PAR004,regulation,false,true,false
) ( stock exchanges,4,4,4,D22,36,D22_P036_SEC_4_8_PAR004,,false,true,false
( stock exchanges and,4,4,4,D22,36,D22_P036_SEC_4_8_PAR004,,false,true,false
and clearing corporations ),4,4,4,D22,36,D22_P036_SEC_4_8_PAR004,,false,true,false
turnover ( ₹crore ),4,4,4,D22,4,D22_T002,,false,true,false
. of trades settled,4,4,1,D22,10,D22_T013,,false,true,false
no . of applications,4,4,3,D22,23,D22_T023,,false,true,false
addition during the year,4,4,4,D22,28,D22_T031,,false,true,false
in accordance with the,4,4,4,D22,28,D22_T031,,false,true,false
a comprehensive review of,4,4,3,D22,28,D22_T031,,false,true,false
corpo- rate llp others,4,4,2,D22,29,D22_T033,rate,false,true,false
rate llp others (,4,4,2,D22,29,D22_T033,rate,false,true,false
llp others ( if,4,4,2,D22,29,D22_T033,,false,true,false
others ( if any,4,4,2,D22,29,D22_T033,,false,true,false
( if any ),4,4,2,D22,29,D22_T033,,false,true,false
- mar -26 31,4,4,1,D22,37,D22_T039,,false,true,false
mar -26 31 -,4,4,1,D22,37,D22_T039,,false,true,false
-26 31 - mar,4,4,1,D22,37,D22_T039,,false,true,false
mutual funds ) regulations,4,4,4,D23,2,D23_BOX001,,false,true,false
"funds ) regulations ,",4,4,4,D23,2,D23_BOX001,,false,true,false
. some of the,4,4,4,D23,2,D23_BOX001,,false,true,false
some of the key,4,4,4,D23,2,D23_BOX001,,false,true,false
regulatory framework for angel,4,4,2,D23,11,D23_BOX005,regulatory,false,true,false
framework for angel funds,4,4,2,D23,11,D23_BOX005,,false,true,false
sebi ( alternative investment,4,4,4,D23,11,D23_BOX005,investment,false,true,false
( alternative investment funds,4,4,4,D23,11,D23_BOX005,investment,false,true,false
alternative investment funds ),4,4,4,D23,11,D23_BOX005,investment,false,true,false
"in addition , sebi",4,4,4,D23,11,D23_BOX005,,false,true,false
"the stock exchanges ,",4,4,4,D23,3,D23_P003_SEC_5_1_PAR008,,false,true,false
sebi ( icdr ),4,4,3,D23,12,D23_P012_SEC_5_1_2_PAR005,,false,true,false
( icdr ) regulations,4,4,3,D23,12,D23_P012_SEC_5_1_2_PAR005,,false,true,false
"icdr ) regulations ,",4,4,3,D23,12,D23_P012_SEC_5_1_2_PAR005,,false,true,false
from time to time,4,4,4,D23,15,D23_P015_SEC_5_3_1_PAR001,,false,true,false
the following amendments were,4,4,4,D23,18,D23_P018_SEC_5_3_2_PAR002,,false,true,false
following amendments were made,4,4,4,D23,18,D23_P018_SEC_5_3_2_PAR002,,false,true,false
: as part of,4,4,4,D23,4,D23_T001,,false,true,false
default and restructured amount,4,4,2,D23,9,D23_T011,,false,true,false
previous year . during,4,4,4,D23,13,D23_T015,,false,true,false
year . during 2025-26,4,4,4,D23,13,D23_T015,,false,true,false
category i aif -,4,4,1,D23,14,D23_T018,,false,true,false
chapter 6 foreign portfolio,4,4,4,D24,1,D24_P001_UNKNOWN_PAR001,foreign,false,true,false
6 foreign portfolio investors,4,4,4,D24,1,D24_P001_UNKNOWN_PAR001,foreign;investors,false,true,false
in collaboration with miis,4,4,4,D24,2,D24_P002_SEC_6_1_1_PAR020,,false,true,false
sebi ( credit rating,4,4,3,D25,1,D25_P001_SEC_7_1_PAR002,credit,false,true,false
( credit rating agencies,4,4,3,D25,1,D25_P001_SEC_7_1_PAR002,credit,false,true,false
credit rating agencies ),4,4,3,D25,1,D25_P001_SEC_7_1_PAR002,credit,false,true,false
"sebi , in collaboration",4,4,4,D26,7,D26_BOX001,,false,true,false
"miis and amfi ,",4,4,4,D26,7,D26_BOX001,,false,true,false
( b ) of,4,4,3,D26,11,D26_BOX003,,false,true,false
1 ) ( d,4,4,4,D26,11,D26_BOX003,,false,true,false
) ( d ),4,4,4,D26,11,D26_BOX003,,false,true,false
", 2026 , sebi",4,4,4,D26,1,D26_P001_SEC_8_1_PAR004,,false,true,false
", miis and amfi",4,4,4,D26,2,D26_P002_SEC_8_1_PAR048,,false,true,false
securities market . the,4,4,4,D26,3,D26_P003_SEC_8_1_3_PAR027,market;securities,false,true,false
investor awareness and education,4,4,4,D26,9,D26_P009_SEC_8_1_6_PAR025,investor,false,true,false
is provided in table,4,4,4,D26,15,D26_P015_SEC_8_4_1_PAR003,,false,true,false
share based employee benefits,4,4,4,D26,13,D26_T004,,false,true,false
real estate investment trust,4,4,4,D26,13,D26_T004,investment,false,true,false
on the basis of,4,4,4,D28,2,D28_P002_SEC_10_1_1_PAR005,,false,true,false
sebi ( pit ),4,4,4,D28,2,D28_P002_SEC_10_1_1_PAR007,,false,true,false
( pit ) regulations,4,4,4,D28,2,D28_P002_SEC_10_1_1_PAR007,,false,true,false
"pit ) regulations ,",4,4,4,D28,2,D28_P002_SEC_10_1_1_PAR007,,false,true,false
( 2 ) (,4,4,2,D28,2,D28_P002_SEC_10_1_2_PAR001,,false,true,false
) of sebi act,4,4,4,D28,2,D28_P002_SEC_10_1_2_PAR001,,false,true,false
". further , sebi",4,4,4,D28,3,D28_P003_SEC_10_1_2_PAR003,,false,true,false
violations of securities laws,4,4,4,D28,6,D28_P006_SEC_10_1_4_PAR003,securities,false,true,false
for the sale of,4,4,4,D28,15,D28_P015_SEC_10_2_2_PAR004,,false,true,false
before the ld .,4,4,4,D28,22,D28_P022_UNKNOWN_PAR007,,false,true,false
", held that :",4,4,4,D28,23,D28_P023_UNKNOWN_PAR002,,false,true,false
of the ld .,4,4,3,D28,23,D28_P023_UNKNOWN_PAR009,,false,true,false
30 ( 11 ),4,4,4,D28,24,D28_P024_UNKNOWN_PAR001,,false,true,false
( 11 ) of,4,4,4,D28,24,D28_P024_UNKNOWN_PAR001,,false,true,false
) of sebi (,4,4,3,D28,24,D28_P024_UNKNOWN_PAR003,,false,true,false
of the pit regulations,4,4,4,D28,24,D28_P024_UNKNOWN_PAR004,,false,true,false
the company to make,4,4,2,D28,24,D28_P024_UNKNOWN_PAR004,,false,true,false
to the stock exchanges,4,4,3,D28,24,D28_P024_UNKNOWN_PAR008,,false,true,false
violation of the provisions,4,4,4,D28,26,D28_P026_UNKNOWN_PAR005,,false,true,false
4 ( 2 ),4,4,2,D28,26,D28_P026_UNKNOWN_PAR007,,false,true,false
arihant mangal growth scheme,4,4,4,D28,28,D28_P028_UNKNOWN_PAR010,growth,false,true,false
"the special committee ,",4,4,2,D28,29,D28_P029_UNKNOWN_PAR002,,false,true,false
in appeal no .,4,4,4,D28,29,D28_P029_UNKNOWN_PAR010,,false,true,false
( 3 ) of,4,4,4,D28,33,D28_P033_UNKNOWN_PAR003,,false,true,false
accused no . 1,4,4,3,D28,33,D28_P033_UNKNOWN_PAR004,,false,true,false
accused no . 2,4,4,2,D28,33,D28_P033_UNKNOWN_PAR004,,false,true,false
the hon'ble court held,4,4,4,D28,33,D28_P033_UNKNOWN_PAR004,,false,true,false
hon'ble court held that,4,4,4,D28,33,D28_P033_UNKNOWN_PAR004,,false,true,false
accused no . 3,4,4,2,D28,33,D28_P033_UNKNOWN_PAR004,,false,true,false
", in default of",4,4,3,D28,33,D28_P033_UNKNOWN_PAR006,,false,true,false
in default of payment,4,4,3,D28,33,D28_P033_UNKNOWN_PAR006,,false,true,false
default of payment of,4,4,3,D28,33,D28_P033_UNKNOWN_PAR006,,false,true,false
of payment of fine,4,4,3,D28,33,D28_P033_UNKNOWN_PAR006,,false,true,false
launched by sebi against,4,4,4,D28,33,D28_P033_UNKNOWN_PAR010,,false,true,false
2025 sebi ( infrastructure,4,4,4,D28,35,D28_P035_UNKNOWN_PAR001,,false,true,false
sebi ( infrastructure investment,4,4,4,D28,35,D28_P035_UNKNOWN_PAR001,investment,false,true,false
( infrastructure investment trusts,4,4,4,D28,35,D28_P035_UNKNOWN_PAR001,investment,false,true,false
infrastructure investment trusts ),4,4,4,D28,35,D28_P035_UNKNOWN_PAR001,investment,false,true,false
"1 , 2025 sebi",4,4,4,D28,35,D28_P035_UNKNOWN_PAR006,,false,true,false
2025 sebi ( issue,4,4,4,D28,35,D28_P035_UNKNOWN_PAR009,,false,true,false
"3 , 2025 sebi",4,4,4,D28,35,D28_P035_UNKNOWN_PAR016,,false,true,false
"05 , 2025 sebi",4,4,4,D28,36,D28_P036_UNKNOWN_PAR009,,false,true,false
2025-26 cases pending at,4,4,4,D28,7,D28_T007,,false,true,false
added during the period,4,4,4,D28,7,D28_T007,,false,true,false
of entities final no,4,4,2,D28,9,D28_T013,,false,true,false
0 1 0 1,4,4,2,D28,10,D28_T017,,false,true,false
rs 2024 -25 2025-26 filed,4,4,4,D28,18,D28_T037,,false,true,false
-25 2025-26 filed disposed,4,4,4,D28,18,D28_T037,,false,true,false
2025-26 filed disposed pending,4,4,4,D28,18,D28_T037,,false,true,false
filed disposed pending filed,4,4,4,D28,18,D28_T037,,false,true,false
disposed pending filed disposed,4,4,4,D28,18,D28_T037,,false,true,false
pending filed disposed pending,4,4,4,D28,18,D28_T037,,false,true,false
filed disposed pending cases,4,4,4,D28,18,D28_T037,,false,true,false
disposed pending cases filed,4,4,4,D28,18,D28_T037,,false,true,false
pending cases filed by,4,4,4,D28,18,D28_T037,,false,true,false
"& sessions court ,",4,4,1,D28,20,D28_T043,,false,true,false
", chairman , sebi",4,4,4,D29,5,D29_P005_UNKNOWN_PAR006,,false,true,false
national institute of securities,4,4,4,D30,1,D30_P001_UNKNOWN_PAR001,securities,false,true,false
institute of securities markets,4,4,4,D30,1,D30_P001_UNKNOWN_PAR001,markets;securities,false,true,false
shri shirish chandra murmu,4,4,4,D31,1,D31_P001_UNKNOWN_PAR003,,false,true,false
the use of hindi,4,4,4,D31,10,D31_P010_SEC_13_6_PAR001,,false,true,false
of the rti act,4,4,2,D31,14,D31_P014_SEC_13_9_PAR002,,false,true,false
1 ) ( b,4,4,3,D31,14,D31_P014_SEC_13_9_PAR005,,false,true,false
recurring fees # non-,4,4,3,D31,17,D31_P017_SEC_13_11_PAR001,,false,true,false
fees # non- recurring,4,4,3,D31,17,D31_P017_SEC_13_11_PAR001,,false,true,false
# non- recurring fees,4,4,3,D31,17,D31_P017_SEC_13_11_PAR001,,false,true,false
non- recurring fees #,4,4,3,D31,17,D31_P017_SEC_13_11_PAR001,,false,true,false
recurring fees # #,4,4,3,D31,17,D31_P017_SEC_13_11_PAR001,,false,true,false
the past few years,4,3,3,D01,5,D01_BOX001,,false,true,false
"past few years ,",4,3,3,D01,5,D01_BOX001,,false,true,false
annual survey of unincorporated,4,3,3,D01,21,D01_BOX005,,false,true,false
survey of unincorporated sector,4,3,3,D01,21,D01_BOX005,sector,false,true,false
sector enterprises ( asuse,4,3,3,D01,21,D01_BOX005,sector,false,true,false
enterprises ( asuse ),4,3,3,D01,21,D01_BOX005,,false,true,false
the services sector .,4,3,3,D01,21,D01_BOX005,sector,false,true,false
and urban areas .,4,3,3,D01,21,D01_BOX005,,false,true,false
"in india , a",4,3,3,D01,21,D01_BOX005,,false,true,false
"the near term ,",4,3,3,D01,1,D01_P001_UNKNOWN_PAR002,,false,true,false
the first advance estimates,4,3,3,D01,1,D01_P001_UNKNOWN_PAR003,,false,true,false
on the supply side,4,3,3,D01,1,D01_P001_UNKNOWN_PAR003,supply,false,true,false
financial sector balance sheets,4,3,3,D01,1,D01_P001_UNKNOWN_PAR005,balance;financial;sector,false,true,false
the global economy has,4,3,3,D01,2,D01_P002_SEC_1_1_PAR001,,false,true,false
in the short term,4,3,3,D01,2,D01_P002_SEC_1_1_PAR001,,false,true,false
developing economies ( emdes,4,3,3,D01,2,D01_P002_SEC_1_1_PAR001,,false,true,false
economies ( emdes ),4,3,3,D01,2,D01_P002_SEC_1_1_PAR001,,false,true,false
by strong growth in,4,3,2,D01,2,D01_P002_SEC_1_1_PAR001,growth,false,true,false
are expected to remain,4,3,3,D01,3,D01_P003_SEC_1_2_PAR002,,false,true,false
the bank of japan,4,3,3,D01,3,D01_P003_SEC_1_2_PAR002,bank,false,true,false
". globally , the",4,3,3,D01,3,D01_P003_SEC_1_3_PAR001,,false,true,false
of central bank policy,4,3,3,D01,3,D01_P003_SEC_1_3_PAR001,bank;policy,false,true,false
central bank policy rates,4,3,3,D01,3,D01_P003_SEC_1_3_PAR001,bank;policy;rates,false,true,false
i. 4 ) .,4,3,3,D01,4,D01_P004_SEC_1_3_PAR001,,false,true,false
"in the us ,",4,3,3,D01,4,D01_P004_SEC_1_3_PAR001,,false,true,false
has led to a,4,3,3,D01,4,D01_P004_SEC_1_5_PAR001,,false,true,false
. the global economy,4,3,3,D01,5,D01_P005_SEC_1_6_PAR001,,false,true,false
. this shift is,4,3,3,D01,6,D01_P006_SEC_1_6_PAR004,,false,true,false
", which led to",4,3,3,D01,6,D01_P006_SEC_1_6_PAR006,,false,true,false
access to critical minerals,4,3,3,D01,7,D01_P007_SEC_1_6_PAR004,,false,true,false
in a manner that,4,3,3,D01,7,D01_P007_SEC_1_6_PAR005,,false,true,false
the united states has,4,3,3,D01,7,D01_P007_SEC_1_6_PAR008,,false,true,false
these measures aim to,4,3,3,D01,7,D01_P007_SEC_1_6_PAR008,,false,true,false
"backdrop , india 's",4,3,3,D01,8,D01_P008_SEC_1_6_PAR003,,false,true,false
", thereby reducing the",4,3,3,D01,8,D01_P008_SEC_1_6_PAR003,,false,true,false
of this survey .,4,3,3,D01,8,D01_P008_SEC_1_6_PAR003,,false,true,false
. the chapter then,4,3,3,D01,8,D01_P008_SEC_1_7_PAR001,,false,true,false
with an assessment of,4,3,2,D01,8,D01_P008_SEC_1_7_PAR001,,false,true,false
. even as the,4,3,3,D01,8,D01_P008_SEC_1_8_PAR001,,false,true,false
the ministry of statistics,4,3,3,D01,9,D01_P009_SEC_1_8_PAR002,,false,true,false
ministry of statistics and,4,3,3,D01,9,D01_P009_SEC_1_8_PAR002,,false,true,false
of statistics and programme,4,3,3,D01,9,D01_P009_SEC_1_8_PAR002,,false,true,false
statistics and programme implementation,4,3,3,D01,9,D01_P009_SEC_1_8_PAR002,,false,true,false
the economic survey of,4,3,3,D01,9,D01_P009_SEC_1_8_PAR002,,false,true,false
"the supply side ,",4,3,3,D01,9,D01_P009_SEC_1_8_PAR002,supply,false,true,false
first half of the,4,3,3,D01,10,D01_P010_SEC_1_9_PAR001,,false,true,false
its share in gdp,4,3,3,D01,10,D01_P010_SEC_1_9_PAR001,gdp,false,true,false
share in gdp rising,4,3,3,D01,10,D01_P010_SEC_1_9_PAR001,gdp,false,true,false
", and the gradual",4,3,3,D01,10,D01_P010_SEC_1_9_PAR001,,false,true,false
by the rationalisation of,4,3,3,D01,10,D01_P010_SEC_1_9_PAR001,,false,true,false
throughout the year .,4,3,3,D01,11,D01_P011_SEC_1_10_PAR001,,false,true,false
during the last year,4,3,3,D01,11,D01_P011_SEC_1_11_PAR001,,false,true,false
"year , with the",4,3,3,D01,11,D01_P011_SEC_1_11_PAR001,,false,true,false
of gst rate rationalisation,4,3,3,D01,11,D01_P011_SEC_1_11_PAR001,gst;rate,false,true,false
"in fy26 , with",4,3,3,D01,12,D01_P012_SEC_1_12_PAR001,,false,true,false
corresponding period last year,4,3,3,D01,12,D01_P012_SEC_1_12_PAR001,,false,true,false
the pre-pandemic average of,4,3,3,D01,12,D01_P012_SEC_1_12_PAR001,,false,true,false
) . this momentum,4,3,3,D01,12,D01_P012_SEC_1_12_PAR001,,false,true,false
sustained public capital expenditure,4,3,3,D01,12,D01_P012_SEC_1_12_PAR001,capital;expenditure,false,true,false
the index of industrial,4,3,3,D01,13,D01_P013_SEC_1_13_PAR001,,false,true,false
index of industrial production,4,3,3,D01,13,D01_P013_SEC_1_13_PAR001,,false,true,false
of industrial production (,4,3,3,D01,13,D01_P013_SEC_1_13_PAR001,,false,true,false
industrial production ( iip,4,3,3,D01,13,D01_P013_SEC_1_13_PAR001,,false,true,false
production ( iip ),4,3,3,D01,13,D01_P013_SEC_1_13_PAR001,,false,true,false
with a share of,4,3,3,D01,13,D01_P013_SEC_1_14_PAR001,,false,true,false
of goods and services,4,3,3,D01,13,D01_P013_SEC_1_14_PAR001,,false,true,false
with the united states,4,3,3,D01,14,D01_P014_SEC_1_15_PAR001,,false,true,false
"a stabilising force ,",4,3,3,D01,14,D01_P014_SEC_1_16_PAR001,,false,true,false
". by contrast ,",4,3,3,D01,15,D01_P015_SEC_1_17_PAR002,,false,true,false
"as of 16 january 2026 ,",4,3,3,D01,15,D01_P015_SEC_1_18_PAR001,,false,true,false
. this is expected,4,3,3,D01,15,D01_P015_SEC_1_18_PAR001,,false,true,false
the second half of,4,3,3,D01,15,D01_P015_SEC_1_18_PAR001,,false,true,false
in terms of trade,4,3,3,D01,15,D01_P015_SEC_1_19_PAR001,trade,false,true,false
broadly stable at around,4,3,3,D01,15,D01_P015_SEC_1_19_PAR001,stable,false,true,false
", the industrial sector",4,3,3,D01,15,D01_P015_SEC_1_19_PAR001,sector,false,true,false
h 1 of fy25,4,3,3,D01,16,D01_P016_SEC_1_20_PAR001,,false,true,false
"electricity , gas ,",4,3,3,D01,16,D01_P016_SEC_1_20_PAR001,,false,true,false
", gas , water",4,3,3,D01,16,D01_P016_SEC_1_20_PAR001,,false,true,false
"gas , water supply",4,3,3,D01,16,D01_P016_SEC_1_20_PAR001,supply,false,true,false
") . overall ,",4,3,3,D01,16,D01_P016_SEC_1_21_PAR001,,false,true,false
"indicators , such as",4,3,3,D01,16,D01_P016_SEC_1_22_PAR001,,false,true,false
", such as steel",4,3,3,D01,16,D01_P016_SEC_1_22_PAR001,,false,true,false
the rationalisation of gst,4,3,3,D01,16,D01_P016_SEC_1_22_PAR001,gst,false,true,false
"fy26 , up from",4,3,3,D01,17,D01_P017_SEC_1_23_PAR001,,false,true,false
fy25 and the pre-pandemic,4,3,2,D01,17,D01_P017_SEC_1_24_PAR001,,false,true,false
"1 fy26 , with",4,3,3,D01,17,D01_P017_SEC_1_24_PAR001,,false,true,false
with its share in,4,3,3,D01,17,D01_P017_SEC_1_24_PAR001,,false,true,false
"the service sector ,",4,3,3,D01,18,D01_P018_SEC_1_25_PAR001,sector,false,true,false
"trade , hospitality ,",4,3,3,D01,18,D01_P018_SEC_1_25_PAR001,trade,false,true,false
", hospitality , transport",4,3,3,D01,18,D01_P018_SEC_1_25_PAR001,,false,true,false
reflects a combination of,4,3,3,D01,18,D01_P018_SEC_1_26_PAR001,,false,true,false
in the availability of,4,3,3,D01,18,D01_P018_SEC_1_27_PAR001,,false,true,false
are presented in box,4,3,3,D01,18,D01_P018_SEC_1_27_PAR001,,false,true,false
yoy growth of the,4,3,3,D01,19,D01_P019_UNKNOWN_PAR005,growth,false,true,false
to strengthen india 's,4,3,3,D01,21,D01_P021_SEC_1_28_PAR001,,false,true,false
. these initiatives are,4,3,3,D01,21,D01_P021_SEC_1_28_PAR001,,false,true,false
are discussed in box,4,3,3,D01,21,D01_P021_SEC_1_28_PAR001,,false,true,false
periodic labour force survey,4,3,3,D01,22,D01_P022_SEC_1_28_PAR003,,false,true,false
labour force survey (,4,3,3,D01,22,D01_P022_SEC_1_28_PAR003,,false,true,false
force survey ( plfs,4,3,3,D01,22,D01_P022_SEC_1_28_PAR003,,false,true,false
survey ( plfs ),4,3,3,D01,22,D01_P022_SEC_1_28_PAR003,,false,true,false
the consumer price index,4,3,3,D01,23,D01_P023_SEC_1_28_PAR008,,false,true,false
consumer price index (,4,3,3,D01,23,D01_P023_SEC_1_28_PAR008,,false,true,false
price index ( cpi,4,3,3,D01,23,D01_P023_SEC_1_28_PAR008,cpi,false,true,false
index ( cpi ),4,3,3,D01,23,D01_P023_SEC_1_28_PAR008,cpi,false,true,false
"together , these reforms",4,3,3,D01,23,D01_P023_SEC_1_28_PAR013,,false,true,false
in fy26 ( april-december,4,3,3,D01,24,D01_P024_SEC_1_29_PAR001,,false,true,false
will need to be,4,3,3,D01,24,D01_P024_SEC_1_29_PAR001,,false,true,false
has been underpinned by,4,3,3,D01,24,D01_P024_SEC_1_30_PAR001,,false,true,false
on the expenditure side,4,3,3,D01,25,D01_P025_SEC_1_30_PAR002,expenditure,false,true,false
"the expenditure side ,",4,3,3,D01,25,D01_P025_SEC_1_30_PAR002,expenditure,false,true,false
. the central government,4,3,3,D01,25,D01_P025_SEC_1_31_PAR001,,false,true,false
between fy20 and fy25,4,3,3,D01,25,D01_P025_SEC_1_31_PAR001,,false,true,false
"the central government ,",4,3,3,D01,25,D01_P025_SEC_1_31_PAR001,,false,true,false
", with implications for",4,3,3,D01,25,D01_P025_SEC_1_31_PAR001,,false,true,false
. as of november 2025,4,3,3,D01,25,D01_P025_SEC_1_31_PAR001,,false,true,false
of the budget estimates,4,3,3,D01,25,D01_P025_SEC_1_31_PAR001,budget,false,true,false
costs across the economy,4,3,3,D01,26,D01_P026_SEC_1_32_PAR001,,false,true,false
", underscoring india 's",4,3,3,D01,26,D01_P026_SEC_1_32_PAR001,,false,true,false
the policy repo rate,4,3,3,D01,26,D01_P026_SEC_1_33_PAR001,policy;rate;repo,false,true,false
") , complemented by",4,3,3,D01,26,D01_P026_SEC_1_33_PAR001,,false,true,false
. the weighted average,4,3,3,D01,26,D01_P026_SEC_1_33_PAR001,,false,true,false
the weighted average lending,4,3,3,D01,26,D01_P026_SEC_1_33_PAR001,lending,false,true,false
weighted average lending rate,4,3,3,D01,26,D01_P026_SEC_1_33_PAR001,lending;rate,false,true,false
". concurrently , the",4,3,3,D01,26,D01_P026_SEC_1_33_PAR001,,false,true,false
gross non-performing asset (,4,3,3,D01,26,D01_P026_SEC_1_33_PAR001,,false,true,false
of november 2025 ( chart,4,3,3,D01,27,D01_P027_SEC_1_34_PAR001,,false,true,false
") , india 's",4,3,3,D01,27,D01_P027_SEC_1_34_PAR001,,false,true,false
moderation in bank credit,4,3,3,D01,27,D01_P027_SEC_1_34_PAR001,bank;credit,false,true,false
in bank credit .,4,3,3,D01,27,D01_P027_SEC_1_34_PAR001,bank;credit,false,true,false
overall flow of financial,4,3,3,D01,27,D01_P027_SEC_1_34_PAR001,financial,false,true,false
a significant increase in,4,3,3,D01,27,D01_P027_SEC_1_34_PAR001,,false,true,false
significant increase in the,4,3,3,D01,27,D01_P027_SEC_1_34_PAR001,,false,true,false
increase in the flow,4,3,3,D01,27,D01_P027_SEC_1_34_PAR001,,false,true,false
"from non-bank sources ,",4,3,3,D01,27,D01_P027_SEC_1_34_PAR001,,false,true,false
"gross fdi inflows ,",4,3,3,D01,27,D01_P027_SEC_1_35_PAR001,fdi,false,true,false
a key source of,4,3,3,D01,27,D01_P027_SEC_1_35_PAR001,,false,true,false
", gross fdi inflows",4,3,3,D01,27,D01_P027_SEC_1_36_PAR001,fdi,false,true,false
from april to december 2025,4,3,3,D01,28,D01_P028_SEC_1_36_PAR001,,false,true,false
such as the us,4,3,3,D01,28,D01_P028_SEC_1_36_PAR001,,true,true,false
balance of payments (,4,3,3,D01,28,D01_P028_SEC_1_36_PAR001,balance;payments,false,true,false
of payments ( bop,4,3,3,D01,28,D01_P028_SEC_1_36_PAR001,payments,false,true,false
payments ( bop ),4,3,3,D01,28,D01_P028_SEC_1_36_PAR001,payments,false,true,false
"with the us ,",4,3,3,D01,28,D01_P028_SEC_1_37_PAR001,,false,true,false
", the indian rupee",4,3,3,D01,28,D01_P028_SEC_1_37_PAR001,rupee,false,true,false
. over the medium,4,3,3,D01,28,D01_P028_SEC_1_37_PAR001,,false,true,false
over the medium to,4,3,3,D01,28,D01_P028_SEC_1_37_PAR001,,false,true,false
the medium to long,4,3,3,D01,28,D01_P028_SEC_1_37_PAR001,,false,true,false
are expected to be,4,3,3,D01,28,D01_P028_SEC_1_37_PAR001,,false,true,false
as evidenced by the,4,3,3,D01,28,D01_P028_SEC_1_38_PAR001,,false,true,false
the medium term .,4,3,3,D01,28,D01_P028_SEC_1_38_PAR001,,false,true,false
". therefore , it",4,3,3,D01,28,D01_P028_SEC_1_38_PAR001,,false,true,false
"therefore , it becomes",4,3,3,D01,28,D01_P028_SEC_1_38_PAR001,,false,true,false
estimates point to a,4,3,3,D01,29,D01_P029_SEC_1_39_PAR002,,false,true,false
labour force participation rate,4,3,3,D01,29,D01_P029_SEC_1_39_PAR002,rate,false,true,false
". importantly , the",4,3,3,D01,29,D01_P029_SEC_1_40_PAR001,,false,true,false
"and platform workers ,",4,3,3,D01,29,D01_P029_SEC_1_40_PAR001,,false,true,false
"social security schemes ,",4,3,3,D01,29,D01_P029_SEC_1_40_PAR001,,false,true,false
"in june 2025 , the",4,3,3,D01,29,D01_P029_SEC_1_41_PAR001,,false,true,false
"and child health ,",4,3,3,D01,30,D01_P030_SEC_1_41_PAR001,,false,true,false
the cumulative impact of,4,3,3,D01,31,D01_P031_SEC_1_46_PAR001,,false,true,false
the past three years,4,3,3,D01,31,D01_P031_SEC_1_46_PAR002,,false,true,false
the production-linked incentive (,4,3,3,D01,31,D01_P031_SEC_1_46_PAR002,,false,true,false
physical and digital infrastructure,4,3,3,D01,31,D01_P031_SEC_1_46_PAR002,,false,true,false
been supported by a,4,3,3,D01,32,D01_P032_SEC_1_PAR002,,false,true,false
". first , it",4,3,3,D01,32,D01_P032_SEC_1_PAR002,,false,true,false
". second , it",4,3,3,D01,32,D01_P032_SEC_1_PAR002,,false,true,false
international evidence suggests that,4,3,3,D01,32,D01_P032_SEC_1_PAR003,,false,true,false
( fy13 - fy20,4,3,3,D01,33,D01_P033_SEC_1_PAR005,,false,true,false
"since the pandemic ,",4,3,3,D01,33,D01_P033_SEC_1_PAR006,,false,true,false
"investments in education ,",4,3,3,D01,33,D01_P033_SEC_1_PAR007,investments,false,true,false
". however , in",4,3,3,D01,33,D01_P033_SEC_3_PAR001,,false,true,false
"infrastructure , logistics ,",4,3,3,D01,34,D01_P034_SEC_3_PAR001,,false,true,false
. this reflects the,4,3,3,D01,34,D01_P034_SEC_3_PAR003,,false,true,false
the centre and states,4,3,3,D01,35,D01_P035_SEC_3_PAR002,,false,true,false
will be critical for,4,3,3,D01,35,D01_P035_SEC_3_PAR002,,false,true,false
. ( 2015 ),4,3,3,D01,35,D01_P035_SEC_3_PAR004,,false,true,false
( 2015 ) .,4,3,3,D01,35,D01_P035_SEC_3_PAR004,,false,true,false
"financial , real estate",4,3,3,D01,9,D01_T002,financial,false,true,false
"public administration , defence",4,3,3,D01,9,D01_T002,,false,true,false
indicators q1 fy26 q2 fy26 q3 fy26,4,3,3,D01,13,D01_T005,,false,true,false
q1 fy26 q2 fy26 q3 fy26 monthly,4,3,3,D01,13,D01_T005,,false,true,false
q2 fy26 q3 fy26 monthly avg,4,3,3,D01,13,D01_T005,,false,true,false
q3 fy26 monthly avg yoy,4,3,3,D01,13,D01_T005,,false,true,false
and personal income tax,4,3,3,D02,8,D02_BOX003,income;tax,false,true,false
central government has undertaken,4,3,3,D02,16,D02_BOX007,,false,true,false
", the scheme has",4,3,3,D02,26,D02_BOX013,,false,true,false
from fy22 to fy26,4,3,3,D02,26,D02_BOX013,,false,true,false
a growing share of,4,3,3,D02,28,D02_BOX015,,false,true,false
. new delhi :,4,3,2,D02,28,D02_BOX015,,false,true,false
", the fiscal deficit",4,3,3,D02,34,D02_BOX017,deficit;fiscal,false,true,false
"at the time ,",4,3,3,D02,34,D02_BOX017,,false,true,false
the fiscal response function,4,3,2,D02,39,D02_BOX019,fiscal,false,true,false
"the indian context ,",4,3,3,D02,39,D02_BOX019,,false,true,false
at a time when,4,3,3,D02,1,D02_P001_UNKNOWN_PAR002,,false,true,false
". importantly , this",4,3,3,D02,1,D02_P001_UNKNOWN_PAR002,,false,true,false
the centre 's revenue,4,3,3,D02,1,D02_P001_UNKNOWN_PAR003,revenue,false,true,false
- fy20 ) to,4,3,3,D02,1,D02_P001_UNKNOWN_PAR003,,false,true,false
1.7 per cent of gdp in,4,3,3,D02,1,D02_P001_UNKNOWN_PAR004,gdp,false,true,false
the pre-pandemic period to,4,3,3,D02,1,D02_P001_UNKNOWN_PAR004,,false,true,false
the indian economy in,4,3,3,D02,2,D02_P002_SEC_2_1_PAR001,,false,true,false
"the state level ,",4,3,3,D02,2,D02_P002_UNKNOWN_PAR001,,false,true,false
", india has reduced",4,3,3,D02,2,D02_P002_UNKNOWN_PAR002,,false,true,false
india has reduced its,4,3,3,D02,2,D02_P002_UNKNOWN_PAR002,,false,true,false
"going forward , the",4,3,3,D02,2,D02_P002_UNKNOWN_PAR002,,false,true,false
of 50 ± 1 per cent,4,3,3,D02,2,D02_P002_UNKNOWN_PAR002,,false,true,false
the union budget for,4,3,3,D02,3,D02_P003_SEC_2_3_PAR001,budget,false,true,false
"same period , the",4,3,3,D02,3,D02_P003_SEC_2_4_PAR001,,false,true,false
", the revenue deficit",4,3,3,D02,3,D02_P003_SEC_2_4_PAR001,deficit;revenue,false,true,false
in an environment of,4,3,3,D02,4,D02_P004_SEC_2_5_PAR001,,false,true,false
revenue receipts increased from,4,3,3,D02,4,D02_P004_SEC_2_6_PAR001,revenue,false,true,false
increased from an average,4,3,3,D02,4,D02_P004_SEC_2_6_PAR001,,false,true,false
gdp over the same,4,3,3,D02,4,D02_P004_SEC_2_6_PAR001,gdp,false,true,false
is also reflected in,4,3,3,D02,4,D02_P004_SEC_2_7_PAR001,,false,true,false
a steady expansion of,4,3,3,D02,5,D02_P005_SEC_2_8_PAR001,,false,true,false
of the tax base,4,3,3,D02,5,D02_P005_SEC_2_8_PAR001,tax,false,true,false
( see box ii.,4,3,3,D02,5,D02_P005_SEC_2_8_PAR001,,false,true,false
. this resulted in,4,3,3,D02,5,D02_P005_SEC_2_8_PAR002,,false,true,false
led to a reduction,4,3,3,D02,5,D02_P005_SEC_2_8_PAR002,,false,true,false
"current fiscal year ,",4,3,3,D02,6,D02_P006_SEC_2_10_PAR001,current;fiscal,false,true,false
", which focuses on",4,3,3,D02,6,D02_P006_SEC_2_10_PAR001,,false,true,false
the system . the,4,3,3,D02,6,D02_P006_SEC_2_8_PAR001,,false,true,false
shifting the focus from,4,3,3,D02,6,D02_P006_SEC_2_8_PAR002,,false,true,false
"bank of india ,",4,3,3,D02,6,D02_P006_SEC_2_9_PAR001,bank,false,true,false
the steady expansion of,4,3,3,D02,8,D02_P008_SEC_2_15_PAR001,,false,true,false
to 5 per cent from 12 per cent,4,3,3,D02,9,D02_P009_UNKNOWN_PAR002,,false,true,false
5 per cent from 12 per cent .,4,3,3,D02,9,D02_P009_UNKNOWN_PAR002,,false,true,false
from 12 per cent to 5 per cent,4,3,3,D02,9,D02_P009_UNKNOWN_PAR009,,false,true,false
is expected to reduce,4,3,3,D02,10,D02_P010_UNKNOWN_PAR007,,false,true,false
a global manufacturing and,4,3,3,D02,10,D02_P010_UNKNOWN_PAR009,,false,true,false
with the introduction of,4,3,3,D02,11,D02_P011_SEC_2_17_PAR001,,false,true,false
as a tool for,4,3,3,D02,11,D02_P011_SEC_2_18_PAR001,,false,true,false
supply chains . as,4,3,3,D02,11,D02_P011_SEC_2_18_PAR001,supply,false,true,false
in the case of,4,3,3,D02,11,D02_P011_SEC_2_18_PAR001,,false,true,false
". during fy26 ,",4,3,3,D02,12,D02_P012_SEC_2_19_PAR001,,false,true,false
previous year . as,4,3,3,D02,12,D02_P012_SEC_2_19_PAR001,,false,true,false
year . as a,4,3,3,D02,12,D02_P012_SEC_2_19_PAR001,,false,true,false
for the year .,4,3,3,D02,12,D02_P012_SEC_2_19_PAR001,,false,true,false
"and fy25 , the",4,3,3,D02,12,D02_P012_SEC_2_20_PAR001,,false,true,false
minimum public shareholding norms,4,3,3,D02,13,D02_P013_SEC_2_21_PAR001,,false,true,false
", as it is",4,3,3,D02,13,D02_P013_SEC_2_23_PAR001,,false,true,false
platforms such as the,4,3,3,D02,13,D02_P013_SEC_2_23_PAR001,,false,true,false
", which is lower",4,3,3,D02,14,D02_P014_SEC_2_24_PAR001,,false,true,false
which is lower than,4,3,3,D02,14,D02_P014_SEC_2_24_PAR001,,false,true,false
is lower than the,4,3,3,D02,14,D02_P014_SEC_2_24_PAR001,,false,true,false
a large share of,4,3,3,D02,14,D02_P014_SEC_2_25_PAR001,,false,true,false
"salaries , pensions ,",4,3,3,D02,14,D02_P014_SEC_2_25_PAR001,,false,true,false
"the power sector ,",4,3,3,D02,16,D02_P016_SEC_2_26_PAR001,sector,false,true,false
. it aims to,4,3,3,D02,16,D02_P016_SEC_2_26_PAR001,,false,true,false
to enhance the efficiency,4,3,3,D02,16,D02_P016_SEC_2_28_PAR001,,false,true,false
public financial management system,4,3,3,D02,17,D02_P017_UNKNOWN_PAR003,financial,false,true,false
financial management system (,4,3,3,D02,17,D02_P017_UNKNOWN_PAR003,financial,false,true,false
management system ( pfms,4,3,3,D02,17,D02_P017_UNKNOWN_PAR003,,false,true,false
system ( pfms ),4,3,3,D02,17,D02_P017_UNKNOWN_PAR003,,false,true,false
distribution system ( pds,4,3,3,D02,17,D02_P017_UNKNOWN_PAR005,,false,true,false
system ( pds ),4,3,3,D02,17,D02_P017_UNKNOWN_PAR005,,false,true,false
the pandemic ( chart,4,3,3,D02,18,D02_P018_SEC_2_29_PAR001,,false,true,false
) . at the,4,3,3,D02,18,D02_P018_SEC_2_29_PAR001,,false,true,false
"jal jeevan mission ,",4,3,3,D02,18,D02_P018_SEC_2_29_PAR001,,false,true,false
ii. 6 ) .,4,3,3,D02,18,D02_P018_SEC_2_29_PAR001,,false,true,false
. state governments have,4,3,3,D02,18,D02_P018_UNKNOWN_PAR002,,false,true,false
during the first eight,4,3,3,D02,19,D02_P019_SEC_2_31_PAR001,,false,true,false
eight months of the,4,3,3,D02,19,D02_P019_SEC_2_31_PAR001,,false,true,false
months of the year,4,3,3,D02,19,D02_P019_SEC_2_31_PAR001,,false,true,false
the past two years,4,3,3,D02,19,D02_P019_SEC_2_31_PAR001,,false,true,false
from the centre to,4,3,1,D02,21,D02_P021_SEC_2_33_PAR001,,false,true,false
the centre to the,4,3,1,D02,21,D02_P021_SEC_2_33_PAR001,,false,true,false
centre to the states,4,3,1,D02,21,D02_P021_SEC_2_33_PAR001,,false,true,false
the share of states,4,3,3,D02,21,D02_P021_SEC_2_33_PAR001,,false,true,false
share of states in,4,3,2,D02,21,D02_P021_SEC_2_33_PAR001,,false,true,false
", it does not",4,3,3,D02,22,D02_P022_SEC_2_33_PAR001,,false,true,false
", underscoring the role",4,3,3,D02,25,D02_P025_SEC_2_40_PAR001,,false,true,false
underscoring the role of,4,3,3,D02,25,D02_P025_SEC_2_40_PAR001,,false,true,false
states ' share in,4,3,3,D02,25,D02_P025_UNKNOWN_PAR001,,false,true,false
". in fy26 ,",4,3,3,D02,26,D02_P026_SEC_2_40_PAR001,,false,true,false
has been allocated to,4,3,3,D02,26,D02_P026_SEC_2_40_PAR001,,false,true,false
to account for the,4,3,3,D02,27,D02_P027_SEC_2_41_PAR001,account,false,true,false
financial health of the,4,3,3,D02,29,D02_P029_UNKNOWN_PAR003,financial,false,true,false
the state . these,4,3,3,D02,29,D02_P029_UNKNOWN_PAR003,,false,true,false
"health , education ,",4,3,3,D02,29,D02_P029_UNKNOWN_PAR004,,false,true,false
have grown at a,4,3,3,D02,30,D02_P030_SEC_2_42_PAR001,,false,true,false
at a rate of,4,3,3,D02,30,D02_P030_SEC_2_42_PAR001,rate,false,true,false
a detailed discussion of,4,3,3,D02,33,D02_P033_UNKNOWN_PAR001,,false,true,false
the fiscal responsibility and,4,3,3,D02,34,D02_P034_UNKNOWN_PAR001,fiscal,false,true,false
fiscal responsibility and budget,4,3,3,D02,34,D02_P034_UNKNOWN_PAR001,budget;fiscal,false,true,false
responsibility and budget management,4,3,3,D02,34,D02_P034_UNKNOWN_PAR001,budget,false,true,false
", it is important",4,3,3,D02,34,D02_P034_UNKNOWN_PAR001,,false,true,false
. it is a,4,3,3,D02,34,D02_P034_UNKNOWN_PAR002,,false,true,false
nearly half of the,4,3,3,D02,35,D02_P035_SEC_2_46_PAR001,,false,true,false
in fy25 . the,4,3,3,D02,35,D02_P035_SEC_2_46_PAR001,,false,true,false
the next five years,4,3,3,D02,36,D02_P036_SEC_2_48_PAR001,,false,true,false
"in other words ,",4,3,3,D02,36,D02_P036_SEC_2_50_PAR001,,false,true,false
momentum has been sustained,4,3,3,D02,37,D02_P037_SEC_2_52_PAR001,,false,true,false
can be achieved by,4,3,3,D02,37,D02_P037_UNKNOWN_PAR001,,false,true,false
. the economic survey,4,3,3,D02,38,D02_P038_SEC_2_53_PAR001,,false,true,false
"this context , a",4,3,3,D02,39,D02_P039_UNKNOWN_PAR001,,false,true,false
", based on the",4,3,3,D02,39,D02_P039_UNKNOWN_PAR001,,false,true,false
. this indicates that,4,3,3,D02,40,D02_P040_UNKNOWN_PAR001,,false,true,false
per cent of gdp,4,3,2,D02,41,D02_P041_SEC_2_56_PAR003,gdp,false,true,false
per capita gdp us$2100,4,3,1,D02,41,D02_P041_SEC_2_56_PAR003,gdp,false,true,false
capita gdp us$2100 -,4,3,1,D02,41,D02_P041_SEC_2_56_PAR003,gdp,false,true,false
1970 s ( per,4,3,1,D02,41,D02_P041_SEC_2_56_PAR003,,false,true,false
. this underscores the,4,3,3,D02,42,D02_P042_SEC_2_57_PAR001,,false,true,false
at the grassroots level,4,3,3,D02,42,D02_P042_SEC_2_57_PAR001,,false,true,false
the grassroots level .,4,3,3,D02,42,D02_P042_SEC_2_57_PAR001,,false,true,false
* * * (,4,3,1,D02,40,D02_T009,,false,false,false
", the adoption of",4,3,3,D03,21,D03_BOX003,,false,true,false
"however , there is",4,3,3,D03,21,D03_BOX003,,false,true,false
the microfinance sector has,4,3,3,D03,24,D03_BOX005,sector,false,true,false
component of india 's,4,3,3,D03,24,D03_BOX007,,false,true,false
. the sector has,4,3,3,D03,24,D03_BOX007,sector,false,true,false
in india 's financial,4,3,3,D03,27,D03_BOX009,financial,false,true,false
pmmy and pm svanidhi,4,3,3,D03,27,D03_BOX009,,false,true,false
", it is the",4,3,3,D03,29,D03_BOX011,,false,true,false
collaboration with the ministry,4,3,3,D03,29,D03_BOX011,,false,true,false
with the ministry of,4,3,3,D03,29,D03_BOX011,,false,true,false
") act , 1956",4,3,3,D03,36,D03_BOX013,,false,true,false
"the depositories act ,",4,3,3,D03,36,D03_BOX013,,false,true,false
of household financial savings,4,3,3,D03,39,D03_BOX015,financial;savings,false,true,false
sebi 's commitment to,4,3,3,D03,42,D03_BOX017,,false,true,false
high cost of capital,4,3,3,D03,46,D03_BOX019,capital,false,true,false
cost of capital is,4,3,3,D03,46,D03_BOX019,capital,false,true,false
") , italy (",4,3,3,D03,46,D03_BOX019,,false,true,false
". even so ,",4,3,3,D03,46,D03_BOX019,,false,true,false
") , https :",4,3,3,D03,46,D03_BOX019,,false,true,false
credit to the private,4,3,3,D03,46,D03_BOX019,credit,false,true,false
a viksit bharat by,4,3,3,D03,64,D03_BOX023,,false,true,false
. it is the,4,3,3,D03,64,D03_BOX023,,false,true,false
. india 's development,4,3,3,D03,64,D03_BOX023,,false,true,false
", led by the",4,3,3,D03,1,D03_P001_SEC_3_1_PAR001,,false,true,false
"( rbi ) ,",4,3,3,D03,1,D03_P001_SEC_3_1_PAR001,,false,true,false
bank of india 's,4,3,3,D03,1,D03_P001_UNKNOWN_PAR002,bank,false,true,false
an enabling ecosystem for,4,3,3,D03,1,D03_P001_UNKNOWN_PAR004,,false,true,false
"resilient , diversified ,",4,3,3,D03,1,D03_P001_UNKNOWN_PAR005,,false,true,false
", diversified , and",4,3,3,D03,1,D03_P001_UNKNOWN_PAR005,,false,true,false
"diversified , and inclusive",4,3,3,D03,1,D03_P001_UNKNOWN_PAR005,,false,true,false
the face of global,4,3,3,D03,2,D03_P002_SEC_3_1_PAR001,,false,true,false
india 's financial sector,4,3,2,D03,2,D03_P002_SEC_3_3_PAR001,financial;sector,false,true,false
in india . this,4,3,3,D03,2,D03_P002_SEC_3_3_PAR001,,false,true,false
of the financial sector,4,3,3,D03,2,D03_P002_SEC_3_3_PAR001,financial;sector,false,true,false
"the financial sector ,",4,3,2,D03,2,D03_P002_SEC_3_3_PAR001,financial;sector,false,true,false
the chapter concludes with,4,3,3,D03,2,D03_P002_SEC_3_3_PAR001,,false,true,false
in real time .,4,3,3,D03,3,D03_P003_SEC_3_4_PAR002,,false,true,false
calendar year ( cy,4,3,3,D03,3,D03_P003_SEC_3_5_PAR001,,false,true,false
year ( cy ),4,3,3,D03,3,D03_P003_SEC_3_5_PAR001,,false,true,false
the impact of uncertainty,4,3,3,D03,3,D03_P003_SEC_3_6_PAR001,,false,true,false
"in some cases ,",4,3,3,D03,4,D03_P004_SEC_3_6_PAR001,,false,true,false
pave the way for,4,3,3,D03,4,D03_P004_SEC_3_6_PAR001,,false,true,false
such as artificial intelligence,4,3,3,D03,4,D03_P004_SEC_3_7_PAR001,,false,true,false
financial stability report (,4,3,3,D03,4,D03_P004_SEC_3_7_PAR001,financial;stability,false,true,false
stability report ( fsr,4,3,3,D03,4,D03_P004_SEC_3_7_PAR001,stability,false,true,false
report ( fsr ),4,3,3,D03,4,D03_P004_SEC_3_7_PAR001,,false,true,false
. the report also,4,3,3,D03,4,D03_P004_SEC_3_7_PAR001,,false,true,false
due to factors such,4,3,3,D03,5,D03_P005_SEC_3_8_PAR002,,false,true,false
a rise in the,4,3,3,D03,5,D03_P005_SEC_3_8_PAR002,,false,true,false
that can not be,4,3,3,D03,5,D03_P005_SEC_3_8_PAR003,,true,true,false
uncertainty ( epu ),4,3,3,D03,5,D03_P005_SEC_3_8_PAR003,,false,true,false
", r. , &",4,3,3,D03,5,D03_P005_SEC_3_8_PAR005,,false,true,false
"( 2013 ) ,",4,3,2,D03,6,D03_P006_SEC_3_8_PAR001,,false,true,false
"2013 ) , the",4,3,2,D03,6,D03_P006_SEC_3_8_PAR001,,false,true,false
their net fixed assets,4,3,3,D03,7,D03_P007_SEC_3_8_PAR002,assets,false,true,false
between 2010 and 2024,4,3,3,D03,7,D03_P007_SEC_3_8_PAR007,,false,true,false
". nevertheless , the",4,3,3,D03,8,D03_P008_UNKNOWN_PAR001,,false,true,false
", in contrast ,",4,3,3,D03,8,D03_P008_UNKNOWN_PAR001,,false,true,false
. as of december 2025,4,3,3,D03,9,D03_P009_SEC_3_10_PAR001,,false,true,false
on the economy .,4,3,3,D03,9,D03_P009_SEC_3_12_PAR001,,false,true,false
a year ago .,4,3,3,D03,9,D03_P009_SEC_3_12_PAR001,,false,true,false
". therefore , the",4,3,3,D03,9,D03_P009_SEC_3_12_PAR001,,false,true,false
a key enabler of,4,3,3,D03,9,D03_P009_SEC_3_9_PAR001,,false,true,false
. in terms of,4,3,3,D03,10,D03_P010_SEC_3_13_PAR001,,false,true,false
bank credit to the,4,3,3,D03,10,D03_P010_SEC_3_13_PAR001,bank;credit,false,true,false
", as measured by",4,3,3,D03,11,D03_P011_SEC_3_15_PAR001,,false,true,false
", the deployment of",4,3,3,D03,11,D03_P011_SEC_3_15_PAR001,,false,true,false
"during april- november 2025 ,",4,3,3,D03,12,D03_P012_SEC_3_17_PAR001,,false,true,false
", non-banking financial companies",4,3,3,D03,12,D03_P012_SEC_3_19_PAR001,financial,false,true,false
"( nbfcs ) ,",4,3,3,D03,12,D03_P012_SEC_3_19_PAR001,,false,true,false
bridging the gap between,4,3,3,D03,12,D03_P012_SEC_3_19_PAR001,,false,true,false
", particularly in rural",4,3,3,D03,13,D03_P013_SEC_3_19_PAR002,,false,true,false
of the banking sector,4,3,3,D03,13,D03_P013_SEC_3_19_PAR003,banking;sector,false,true,false
the gnpa ratio for,4,3,2,D03,13,D03_P013_SEC_3_21_PAR001,gnpa,false,true,false
for the agriculture sector,4,3,3,D03,13,D03_P013_SEC_3_21_PAR001,sector,false,true,false
"however , the share",4,3,3,D03,13,D03_P013_SEC_3_21_PAR001,,false,true,false
yoy ) in fy25,4,3,3,D03,14,D03_P014_SEC_3_23_PAR001,,false,true,false
"other hand , the",4,3,3,D03,14,D03_P014_SEC_3_23_PAR001,,false,true,false
to the same period,4,3,3,D03,14,D03_P014_SEC_3_24_PAR001,,false,true,false
registered an increase of,4,3,3,D03,16,D03_P016_SEC_3_26_PAR001,,false,true,false
"measures , such as",4,3,3,D03,16,D03_P016_SEC_3_27_PAR001,,false,true,false
a notable increase in,4,3,3,D03,16,D03_P016_SEC_3_28_PAR001,,false,true,false
"the commercial sector ,",4,3,3,D03,16,D03_P016_SEC_3_28_PAR001,sector,false,true,false
"into fy26 , with",4,3,3,D03,16,D03_P016_SEC_3_28_PAR001,,false,true,false
of financial resources to,4,3,3,D03,16,D03_P016_SEC_3_29_PAR001,financial,false,true,false
financial resources to the,4,3,3,D03,16,D03_P016_SEC_3_29_PAR001,financial,false,true,false
", as of 31 december 2025",4,3,3,D03,17,D03_P017_SEC_3_30_PAR001,,false,true,false
. the increase in,4,3,2,D03,17,D03_P017_SEC_3_30_PAR001,,false,true,false
driven primarily by a,4,3,3,D03,17,D03_P017_SEC_3_30_PAR001,,false,true,false
", which increased from",4,3,3,D03,17,D03_P017_SEC_3_30_PAR001,,false,true,false
in the corporate bond,4,3,3,D03,17,D03_P017_SEC_3_30_PAR001,bond,false,true,false
is important to note,4,3,3,D03,17,D03_P017_SEC_3_31_PAR001,,false,true,false
important to note that,4,3,3,D03,17,D03_P017_SEC_3_31_PAR001,,false,true,false
based on the principle,4,3,3,D03,18,D03_P018_SEC_3_33_PAR001,,false,true,false
on the principle of,4,3,3,D03,18,D03_P018_SEC_3_33_PAR001,,false,true,false
", the integration of",4,3,3,D03,18,D03_P018_SEC_3_33_PAR001,,false,true,false
expressed as a percentage,4,3,3,D03,18,D03_P018_SEC_3_34_PAR001,,false,true,false
"of march 2025 , the",4,3,3,D03,19,D03_P019_SEC_3_35_PAR001,,false,true,false
. the rbi has,4,3,3,D03,19,D03_P019_SEC_3_36_PAR001,,false,true,false
measures aimed at enhancing,4,3,3,D03,19,D03_P019_SEC_3_36_PAR001,,false,true,false
in 2025 . this,4,3,3,D03,20,D03_P020_SEC_3_38_PAR001,,false,true,false
"schemes , such as",4,3,3,D03,20,D03_P020_SEC_3_38_PAR001,,false,true,false
for micro and small,4,3,2,D03,20,D03_P020_SEC_3_38_PAR001,,false,true,false
and small enterprises (,4,3,2,D03,20,D03_P020_SEC_3_38_PAR001,,false,true,false
", the rbi has",4,3,3,D03,20,D03_P020_SEC_3_40_PAR001,,false,true,false
the details of the,4,3,3,D03,20,D03_P020_SEC_3_41_PAR001,,false,true,false
by central banks .,4,3,3,D03,20,D03_P020_SEC_3_41_PAR001,banks,false,true,false
"services , such as",4,3,3,D03,21,D03_P021_SEC_3_41_PAR002,,false,true,false
to ensure that ai,4,3,3,D03,22,D03_P022_SEC_3_41_PAR002,,false,true,false
", the use of",4,3,3,D03,22,D03_P022_SEC_3_41_PAR005,,false,true,false
digital personal data protection,4,3,3,D03,22,D03_P022_SEC_3_41_PAR006,,false,true,false
. as of march 2025,4,3,3,D03,23,D03_P023_SEC_3_43_PAR001,,false,true,false
. during this period,4,3,3,D03,23,D03_P023_SEC_3_44_PAR001,,false,true,false
"this period , the",4,3,3,D03,23,D03_P023_SEC_3_44_PAR001,,false,true,false
as the number of,4,3,3,D03,25,D03_P025_SEC_3_47_PAR005,,false,true,false
depends not only on,4,3,3,D03,26,D03_P026_SEC_3_47_PAR003,,false,true,false
. the experience of,4,3,3,D03,26,D03_P026_SEC_3_47_PAR004,,false,true,false
an important role in,4,3,3,D03,26,D03_P026_SEC_3_47_PAR006,,false,true,false
such an approach would,4,3,3,D03,27,D03_P027_SEC_3_47_PAR002,,false,true,false
a more resilient and,4,3,3,D03,27,D03_P027_SEC_3_47_PAR002,,false,true,false
has made significant strides,4,3,3,D03,27,D03_P027_SEC_3_48_PAR001,,false,true,false
into the formal financial,4,3,3,D03,28,D03_P028_SEC_3_49_PAR001,financial,false,true,false
the formal financial system,4,3,3,D03,28,D03_P028_SEC_3_49_PAR001,financial,false,true,false
the pm svanidhi scheme,4,3,3,D03,28,D03_P028_SEC_3_49_PAR002,,false,true,false
", compared to just",4,3,3,D03,29,D03_P029_SEC_3_49_PAR002,,false,true,false
a percentage of the,4,3,3,D03,29,D03_P029_SEC_3_49_PAR003,,false,true,false
access to formal credit,4,3,3,D03,30,D03_P030_SEC_3_50_PAR001,credit,false,true,false
an integral part of,4,3,3,D03,30,D03_P030_SEC_3_50_PAR003,,false,true,false
", awareness , and",4,3,3,D03,30,D03_P030_SEC_3_50_PAR005,,false,true,false
the long-term sustainability of,4,3,3,D03,30,D03_P030_SEC_3_50_PAR006,,false,true,false
a cornerstone of india,4,3,3,D03,31,D03_P031_SEC_3_50_PAR003,,false,true,false
cornerstone of india 's,4,3,3,D03,31,D03_P031_SEC_3_50_PAR003,,false,true,false
in the cost of,4,3,3,D03,33,D03_P033_SEC_3_57_PAR001,,false,true,false
at the level of,4,3,2,D03,34,D03_P034_SEC_3_61_PAR001,,false,true,false
the level of the,4,3,2,D03,34,D03_P034_SEC_3_61_PAR001,,false,true,false
", including those in",4,3,3,D03,34,D03_P034_SEC_3_64_PAR001,,false,true,false
", a series of",4,3,3,D03,34,D03_P034_SEC_3_64_PAR001,,false,true,false
"during april- december 2025 ,",4,3,3,D03,35,D03_P035_SEC_3_65_PAR001,,false,true,false
india 's primary markets,4,3,3,D03,35,D03_P035_SEC_3_67_PAR001,markets,false,true,false
fy26 ( till december 2025,4,3,2,D03,35,D03_P035_SEC_3_68_PAR001,,false,true,false
( till december 2025 ),4,3,2,D03,35,D03_P035_SEC_3_68_PAR001,,false,true,false
". of this ,",4,3,3,D03,36,D03_P036_SEC_3_68_PAR001,,false,true,false
on the main board,4,3,3,D03,36,D03_P036_SEC_3_69_PAR001,,false,true,false
"bse and nse ,",4,3,3,D03,36,D03_P036_SEC_3_70_PAR001,,false,true,false
", 2025 , represents",4,3,3,D03,36,D03_P036_SEC_3_71_PAR001,,false,true,false
infrastructure institutions ( miis,4,3,3,D03,37,D03_P037_SEC_3_71_PAR002,,false,true,false
institutions ( miis ),4,3,3,D03,37,D03_P037_SEC_3_71_PAR002,,false,true,false
", and ease of",4,3,3,D03,37,D03_P037_SEC_3_71_PAR002,,false,true,false
the manner in which,4,3,3,D03,37,D03_P037_SEC_3_71_PAR003,,false,true,false
"law , economics ,",4,3,3,D03,37,D03_P037_UNKNOWN_PAR002,,false,true,false
"stock exchanges , clearing",4,3,3,D03,38,D03_P038_UNKNOWN_PAR003,,false,true,false
"exchanges , clearing corporations",4,3,3,D03,38,D03_P038_UNKNOWN_PAR003,,false,true,false
", clearing corporations ,",4,3,3,D03,38,D03_P038_UNKNOWN_PAR003,,false,true,false
", serving as a",4,3,3,D03,38,D03_P038_UNKNOWN_PAR004,,false,true,false
. the mutual fund,4,3,3,D03,39,D03_P039_SEC_3_73_PAR001,,false,true,false
fy26 ( april-november ),4,3,3,D03,40,D03_P040_SEC_3_73_PAR001,,false,true,false
the size of the,4,3,3,D03,40,D03_P040_SEC_3_73_PAR003,,false,true,false
"economies , such as",4,3,3,D03,41,D03_P041_SEC_3_73_PAR003,,false,true,false
such as the united,4,3,3,D03,41,D03_P041_SEC_3_73_PAR003,,false,true,false
the united states and,4,3,3,D03,41,D03_P041_SEC_3_73_PAR003,,false,true,false
in order to strengthen,4,3,3,D03,42,D03_P042_SEC_3_74_PAR001,,false,true,false
order to strengthen the,4,3,3,D03,42,D03_P042_SEC_3_74_PAR001,,false,true,false
been discussed in detail,4,3,3,D03,42,D03_P042_SEC_3_74_PAR001,,false,true,false
the ' sebi check,4,3,3,D03,42,D03_P042_SEC_3_74_PAR002,,false,true,false
ministry of panchayati raj,4,3,3,D03,42,D03_P042_SEC_3_74_PAR002,,false,true,false
financial literacy and investor,4,3,3,D03,42,D03_P042_SEC_3_74_PAR002,financial;investor,false,true,false
with the provisions of,4,3,3,D03,42,D03_P042_SEC_3_74_PAR002,,false,true,false
of securitised debt instruments,4,3,3,D03,43,D03_P043_SEC_3_74_PAR003,debt,false,true,false
be provided to the,4,3,3,D03,43,D03_P043_SEC_3_74_PAR005,,false,true,false
risk and return verification,4,3,3,D03,43,D03_P043_SEC_3_74_PAR007,,false,true,false
and return verification agency,4,3,3,D03,43,D03_P043_SEC_3_74_PAR007,,false,true,false
for risk-return performance verification,4,3,3,D03,43,D03_P043_SEC_3_74_PAR007,,false,true,false
central electricity regulatory commission,4,3,3,D03,43,D03_P043_SEC_3_74_PAR007,regulatory,false,true,false
viksit bharat by 2047,4,3,3,D03,44,D03_P044_SEC_3_75_PAR001,,false,true,false
the corporate debt market,4,3,3,D03,45,D03_P045_SEC_3_79_PAR001,debt;market,false,true,false
", mutual funds ,",4,3,3,D03,45,D03_P045_SEC_3_79_PAR001,,false,true,false
"mutual funds , and",4,3,3,D03,45,D03_P045_SEC_3_79_PAR001,,false,true,false
a small group of,4,3,3,D03,45,D03_P045_SEC_3_79_PAR001,,false,true,false
of the corporate bond,4,3,3,D03,45,D03_P045_SEC_3_80_PAR001,bond,false,true,false
and the ministry of,4,3,3,D03,45,D03_P045_SEC_3_81_PAR001,,false,true,false
the ministry of corporate,4,3,3,D03,45,D03_P045_SEC_3_81_PAR001,,false,true,false
request for quote platform,4,3,3,D03,45,D03_P045_SEC_3_82_PAR001,,false,true,false
of india 's manufacturing,4,3,3,D03,46,D03_P046_SEC_3_84_PAR001,,false,true,false
's cost of capital,4,3,3,D03,46,D03_P046_SEC_3_85_PAR001,capital,false,true,false
india 's development trajectory,4,3,3,D03,46,D03_P046_SEC_3_85_PAR001,,false,true,false
in the current account,4,3,3,D03,47,D03_P047_SEC_3_85_PAR003,account;current,false,true,false
", the cost of",4,3,3,D03,47,D03_P047_SEC_3_85_PAR003,,false,true,false
the current account balance,4,3,3,D03,47,D03_P047_SEC_3_85_PAR004,account;balance;current,false,true,false
"japan , south korea",4,3,3,D03,47,D03_P047_SEC_3_85_PAR004,,false,true,false
", t -1 +",4,3,1,D03,47,D03_P047_SEC_3_85_PAR007,,false,true,false
"the long run ,",4,3,3,D03,48,D03_P048_SEC_3_85_PAR001,,false,true,false
", exports , and",4,3,3,D03,49,D03_P049_SEC_3_85_PAR005,exports,false,true,false
participation in global value,4,3,3,D03,49,D03_P049_SEC_3_85_PAR005,,false,true,false
of debt instruments .,4,3,2,D03,49,D03_P049_SEC_3_86_PAR001,debt,false,true,false
the strength of the,4,3,3,D03,52,D03_P052_SEC_3_91_PAR001,,false,true,false
the domestic market .,4,3,3,D03,52,D03_P052_SEC_3_91_PAR001,market,false,true,false
the indian capital market,4,3,3,D03,52,D03_P052_SEC_3_92_PAR001,capital;market,false,true,false
as of 30 november 2025 .,4,3,3,D03,53,D03_P053_SEC_3_96_PAR001,,false,true,false
the proportion of the,4,3,2,D03,55,D03_P055_SEC_3_99_PAR001,,false,true,false
during the same period.,4,3,3,D03,55,D03_P055_SEC_3_99_PAR001,,false,true,false
since its inception in,4,3,3,D03,56,D03_P056_SEC_3_99_PAR001,,false,true,false
farmer-producer organisations ( fpos,4,3,3,D03,56,D03_P056_SEC_3_99_PAR005,,false,true,false
organisations ( fpos ),4,3,3,D03,56,D03_P056_SEC_3_99_PAR005,,false,true,false
"the agriculture sector ,",4,3,3,D03,56,D03_P056_SEC_3_99_PAR005,sector,false,true,false
. the focus is,4,3,3,D03,56,D03_P056_SEC_3_99_PAR005,,false,true,false
highlight the need for,4,3,3,D03,57,D03_P057_SEC_3_99_PAR004,,false,true,false
", all of which",4,3,3,D03,58,D03_P058_SEC_3_99_PAR001,,false,true,false
"transformation , driven by",4,3,3,D03,58,D03_P058_SEC_3_99_PAR004,,false,true,false
", driven by the",4,3,3,D03,58,D03_P058_SEC_3_99_PAR004,,false,true,false
", and the wider",4,3,3,D03,58,D03_P058_SEC_3_99_PAR005,,false,true,false
", the sector 's",4,3,3,D03,58,D03_P058_SEC_3_99_PAR005,sector,false,true,false
the ' non-life ',4,3,3,D03,58,D03_P058_SEC_3_99_PAR005,,false,true,false
sections of society .,4,3,3,D03,59,D03_P059_SEC_3_99_PAR003,,false,true,false
has been driven by,4,3,3,D03,59,D03_P059_SEC_3_99_PAR004,,false,true,false
", highlighting the growing",4,3,3,D03,59,D03_P059_SEC_3_99_PAR004,,false,true,false
and an increase in,4,3,3,D03,59,D03_P059_SEC_3_99_PAR005,,false,true,false
in the insurance sector,4,3,3,D03,60,D03_P060_SEC_3_99_PAR003,sector,false,true,false
for ease of doing,4,3,3,D03,60,D03_P060_SEC_3_99_PAR003,,false,true,false
"doing business , the",4,3,3,D03,60,D03_P060_SEC_3_99_PAR003,,false,true,false
of doing business :,4,3,3,D03,60,D03_P060_SEC_3_99_PAR004,,false,true,false
to promote ease of,4,3,3,D03,60,D03_P060_SEC_3_99_PAR004,,false,true,false
education and protection fund,4,3,3,D03,60,D03_P060_SEC_3_99_PAR005,,false,true,false
has been increased from,4,3,3,D03,61,D03_P061_SEC_3_99_PAR002,,false,true,false
"rules , 2025 ,",4,3,3,D03,61,D03_P061_SEC_3_99_PAR004,,false,true,false
) and pradhan mantri,4,3,3,D03,61,D03_P061_SEC_3_99_PAR005,,false,true,false
", and rapid technological",4,3,3,D03,62,D03_P062_UNKNOWN_PAR001,,false,true,false
imf and world bank,4,3,2,D03,63,D03_P063_UNKNOWN_PAR004,bank,false,true,false
a balance between openness,4,3,3,D03,63,D03_P063_UNKNOWN_PAR005,balance,false,true,false
", focusing on the",4,3,3,D03,64,D03_P064_UNKNOWN_PAR001,,false,true,false
return on inward fdi,4,3,2,D04,34,D04_BOX003,fdi,false,true,false
higher than that of,4,3,2,D04,34,D04_BOX003,,false,true,false
") , and south",4,3,2,D04,34,D04_BOX003,,false,true,false
and the uk (,4,3,3,D04,34,D04_BOX003,,false,true,false
global economic landscape is,4,3,3,D04,1,D04_P001_SEC_4_1_PAR001,,false,true,false
landscape is undergoing a,4,3,3,D04,1,D04_P001_SEC_4_1_PAR001,,false,true,false
is undergoing a structural,4,3,3,D04,1,D04_P001_SEC_4_1_PAR001,,false,true,false
", india 's external",4,3,3,D04,1,D04_P001_UNKNOWN_PAR002,,false,true,false
"electronics , pharmaceuticals ,",4,3,3,D04,1,D04_P001_UNKNOWN_PAR003,,false,true,false
the services trade surplus,4,3,3,D04,1,D04_P001_UNKNOWN_PAR003,surplus;trade,false,true,false
"merchandise trade deficit ,",4,3,3,D04,1,D04_P001_UNKNOWN_PAR003,deficit;trade,false,true,false
", business services ,",4,3,3,D04,1,D04_P001_UNKNOWN_PAR003,,false,true,false
"business services , and",4,3,3,D04,1,D04_P001_UNKNOWN_PAR003,,false,true,false
of global capability centres,4,3,3,D04,1,D04_P001_UNKNOWN_PAR003,,false,true,false
india 's current account,4,3,3,D04,1,D04_P001_UNKNOWN_PAR004,account;current,false,true,false
of the covid -19,4,3,3,D04,2,D04_P002_SEC_4_2_PAR001,,false,true,false
"this backdrop , this",4,3,3,D04,2,D04_P002_SEC_4_5_PAR001,,false,true,false
", this chapter examines",4,3,3,D04,2,D04_P002_SEC_4_5_PAR001,,false,true,false
chapter examines india 's,4,3,3,D04,2,D04_P002_SEC_4_5_PAR001,,false,true,false
india 's external debt,4,3,3,D04,2,D04_P002_SEC_4_5_PAR001,debt,false,true,false
supply chains are increasingly,4,3,3,D04,3,D04_P003_SEC_4_7_PAR001,supply,false,true,false
shown in chart iv.,4,3,3,D04,3,D04_P003_SEC_4_8_PAR001,,false,true,false
", s. , &",4,3,3,D04,3,D04_P003_SEC_4_8_PAR002,,false,true,false
", and the new",4,3,3,D04,3,D04_P003_SEC_4_8_PAR002,,false,true,false
index is calculated as,4,3,3,D04,3,D04_P003_SEC_4_8_PAR005,,false,true,false
"2017 ) , which",4,3,2,D04,3,D04_P003_SEC_4_8_PAR005,,false,true,false
calculated based on the,4,3,3,D04,4,D04_P004_SEC_4_8_PAR004,,false,true,false
( indicated by the,4,3,2,D04,5,D04_P005_SEC_4_9_PAR001,,false,true,false
an analysis of the,4,3,3,D04,7,D04_P007_SEC_4_16_PAR001,,false,true,false
", diversification , and",4,3,3,D04,8,D04_P008_SEC_4_17_PAR001,,false,true,false
in high-value manufacturing and,4,3,3,D04,8,D04_P008_SEC_4_17_PAR001,,false,true,false
in the global south,4,3,2,D04,8,D04_P008_SEC_4_19_PAR001,,false,true,false
in terms of the,4,3,2,D04,8,D04_P008_SEC_4_19_PAR001,,false,true,false
"the global south ,",4,3,3,D04,8,D04_P008_SEC_4_19_PAR001,,false,true,false
the us and the,4,3,3,D04,8,D04_P008_SEC_4_19_PAR001,,true,true,false
is treated as a,4,3,3,D04,8,D04_P008_SEC_4_20_PAR003,,false,true,false
( yoy ) and,4,3,3,D04,9,D04_P009_SEC_4_20_PAR001,,false,true,false
", in fy25 ,",4,3,3,D04,9,D04_P009_SEC_4_20_PAR001,,false,true,false
the economy 's ability,4,3,3,D04,9,D04_P009_SEC_4_22_PAR001,,false,true,false
economy 's ability to,4,3,3,D04,9,D04_P009_SEC_4_22_PAR001,,false,true,false
"in fy25 , india",4,3,3,D04,9,D04_P009_SEC_4_22_PAR001,,false,true,false
"non-petroleum , non-gems and",4,3,3,D04,10,D04_P010_SEC_4_22_PAR001,,false,true,false
", non-gems and jewellery",4,3,3,D04,10,D04_P010_SEC_4_22_PAR001,,false,true,false
exports of gems and,4,3,2,D04,10,D04_P010_SEC_4_22_PAR001,exports,false,true,false
of gems and jewellery,4,3,2,D04,10,D04_P010_SEC_4_22_PAR001,,false,true,false
drug formulations and biologicals,4,3,2,D04,10,D04_P010_SEC_4_23_PAR001,,false,true,false
"crude oil prices ,",4,3,3,D04,10,D04_P010_SEC_4_23_PAR001,oil,false,true,false
) . these trends,4,3,3,D04,10,D04_P010_SEC_4_23_PAR001,,false,true,false
") in fy25 ,",4,3,3,D04,10,D04_P010_SEC_4_24_PAR001,,false,true,false
was primarily driven by,4,3,3,D04,10,D04_P010_SEC_4_24_PAR001,,false,true,false
may be attributed to,4,3,3,D04,10,D04_P010_SEC_4_25_PAR001,,false,true,false
the world 's second-largest,4,3,3,D04,12,D04_P012_SEC_4_30_PAR001,,false,true,false
the average annual growth,4,3,3,D04,13,D04_P013_SEC_4_36_PAR001,growth,false,true,false
average annual growth rate,4,3,3,D04,13,D04_P013_SEC_4_36_PAR001,growth;rate,false,true,false
"collectively , these developments",4,3,3,D04,15,D04_P015_SEC_4_39_PAR001,,false,true,false
. this is evident,4,3,3,D04,15,D04_P015_SEC_4_40_PAR002,,false,true,false
's share in india,4,3,3,D04,17,D04_P017_SEC_4_40_PAR002,,false,true,false
"yarn , fabrics and",4,3,2,D04,17,D04_P017_UNKNOWN_PAR001,,false,true,false
", fabrics and made-ups",4,3,2,D04,17,D04_P017_UNKNOWN_PAR001,,false,true,false
") , poland (",4,3,3,D04,17,D04_P017_UNKNOWN_PAR002,,false,true,false
"fabrics and made-ups ,",4,3,1,D04,17,D04_P017_UNKNOWN_PAR005,,false,true,false
") , russia (",4,3,3,D04,18,D04_P018_UNKNOWN_PAR002,,false,true,false
) and saudi arabia,4,3,3,D04,18,D04_P018_UNKNOWN_PAR006,,false,true,false
and saudi arabia (,4,3,3,D04,18,D04_P018_UNKNOWN_PAR006,,false,true,false
is a measure of,4,3,3,D04,19,D04_P019_SEC_4_44_PAR002,,false,true,false
a diverse range of,4,3,3,D04,19,D04_P019_SEC_4_44_PAR003,,false,true,false
national research foundation (,4,3,3,D04,20,D04_P020_SEC_4_46_PAR001,,false,true,false
research foundation ( anrf,4,3,3,D04,20,D04_P020_SEC_4_46_PAR001,,false,true,false
foundation ( anrf ),4,3,3,D04,20,D04_P020_SEC_4_46_PAR001,,false,true,false
"and the research ,",4,3,3,D04,20,D04_P020_SEC_4_46_PAR001,,false,true,false
"the research , development",4,3,3,D04,20,D04_P020_SEC_4_46_PAR001,,false,true,false
by initiatives such as,4,3,3,D04,20,D04_P020_SEC_4_46_PAR001,,false,true,false
make in india and,4,3,3,D04,20,D04_P020_SEC_4_46_PAR001,,false,true,false
agreement on trade-related aspects,4,3,2,D04,21,D04_P021_SEC_4_50_PAR001,,false,true,false
on trade-related aspects of,4,3,2,D04,21,D04_P021_SEC_4_50_PAR001,,false,true,false
"a result , india",4,3,3,D04,23,D04_P023_UNKNOWN_PAR003,,false,true,false
") , as well",4,3,3,D04,24,D04_P024_SEC_4_51_PAR001,,false,true,false
across a wide range,4,3,3,D04,24,D04_P024_SEC_4_51_PAR001,,false,true,false
"research and development ,",4,3,3,D04,24,D04_P024_SEC_4_51_PAR001,,false,true,false
to reduce dependence on,4,3,3,D04,24,D04_P024_UNKNOWN_PAR002,,false,true,false
the evolving needs of,4,3,3,D04,25,D04_P025_SEC_4_53_PAR001,,false,true,false
the government has also,4,3,3,D04,25,D04_P025_SEC_4_53_PAR001,,false,true,false
the credit guarantee scheme,4,3,3,D04,25,D04_P025_SEC_4_53_PAR001,credit,false,true,false
credit guarantee scheme for,4,3,3,D04,25,D04_P025_SEC_4_53_PAR001,credit,false,true,false
plays a crucial role,4,3,3,D04,26,D04_P026_SEC_4_56_PAR001,,false,true,false
. this growth is,4,3,3,D04,26,D04_P026_SEC_4_58_PAR001,growth,false,true,false
global capability centres (,4,3,3,D04,26,D04_P026_SEC_4_58_PAR001,,false,true,false
capability centres ( gccs,4,3,3,D04,26,D04_P026_SEC_4_58_PAR001,,false,true,false
centres ( gccs ),4,3,3,D04,26,D04_P026_SEC_4_58_PAR001,,false,true,false
", and a vibrant",4,3,3,D04,27,D04_P027_SEC_4_58_PAR001,,false,true,false
of india 's total,4,3,3,D04,27,D04_P027_SEC_4_59_PAR001,,false,true,false
the rest of the,4,3,3,D04,28,D04_P028_SEC_4_60_PAR001,,false,true,false
's external sector .,4,3,3,D04,28,D04_P028_SEC_4_60_PAR001,sector,false,true,false
position as the world,4,3,3,D04,29,D04_P029_SEC_4_64_PAR001,,false,true,false
", indicating a shift",4,3,3,D04,30,D04_P030_SEC_4_65_PAR001,,false,true,false
indicating a shift towards,4,3,3,D04,30,D04_P030_SEC_4_65_PAR001,,false,true,false
", followed by the",4,3,3,D04,30,D04_P030_SEC_4_65_PAR001,,false,true,false
"recent years , india",4,3,3,D04,30,D04_P030_SEC_4_66_PAR001,,false,true,false
", while the number",4,3,3,D04,31,D04_P031_SEC_4_69_PAR001,,false,true,false
while the number of,4,3,3,D04,31,D04_P031_SEC_4_69_PAR001,,false,true,false
in h 1 2025,4,3,2,D04,31,D04_P031_SEC_4_69_PAR001,,false,true,false
in the h 1,4,3,3,D04,32,D04_P032_SEC_4_71_PAR001,,false,true,false
", enabling them to",4,3,3,D04,35,D04_P035_SEC_4_79_PAR001,,false,true,false
that india is not,4,3,3,D04,35,D04_P035_SEC_4_79_PAR001,,false,true,false
underscores the need for,4,3,3,D04,35,D04_P035_SEC_4_80_PAR001,,false,true,false
in research and development,4,3,3,D04,36,D04_P036_SEC_4_80_PAR002,,false,true,false
", along with a",4,3,3,D04,37,D04_P037_SEC_4_80_PAR015,,false,true,false
". additionally , it",4,3,3,D04,37,D04_P037_SEC_4_80_PAR018,,false,true,false
a more stable and,4,3,3,D04,38,D04_P038_SEC_4_80_PAR001,stable,false,true,false
position india as a,4,3,3,D04,38,D04_P038_SEC_4_80_PAR001,,false,true,false
can be leveraged for,4,3,3,D04,38,D04_P038_SEC_4_80_PAR005,,false,true,false
", along with the",4,3,3,D04,38,D04_P038_SEC_4_80_PAR006,,false,true,false
have the potential to,4,3,3,D04,38,D04_P038_SEC_4_80_PAR006,,false,true,false
and its implications for,4,3,3,D04,39,D04_P039_SEC_4_81_PAR001,,false,true,false
", institutions , and",4,3,3,D04,40,D04_P040_SEC_4_81_PAR003,,false,true,false
is positively associated with,4,3,3,D04,41,D04_P041_SEC_4_81_PAR004,,false,true,false
", rather than as",4,3,3,D04,41,D04_P041_SEC_4_81_PAR005,,false,true,false
", and a more",4,3,3,D04,41,D04_P041_SEC_4_81_PAR005,,false,true,false
", ministry of finance",4,3,3,D04,41,D04_P041_SEC_4_81_PAR010,finance,false,true,false
"ministry of finance ,",4,3,3,D04,41,D04_P041_SEC_4_81_PAR010,finance,false,true,false
the united states .,4,3,3,D04,44,D04_P044_SEC_4_85_PAR002,,false,true,false
during a period of,4,3,3,D04,45,D04_P045_SEC_4_87_PAR001,,false,true,false
", but by the",4,3,3,D04,47,D04_P047_SEC_4_92_PAR001,,false,true,false
", a weaker currency",4,3,2,D04,47,D04_P047_SEC_4_93_PAR002,currency,false,true,false
", net merchandise trade",4,3,3,D04,47,D04_P047_SEC_4_93_PAR004,trade,false,true,false
the regression which analyses,4,3,1,D04,48,D04_P048_SEC_4_93_PAR001,,false,true,false
10 -year g-sec yield,4,3,3,D04,48,D04_P048_SEC_4_93_PAR002,yield,false,true,false
in india 's case,4,3,3,D04,49,D04_P049_SEC_4_94_PAR001,,false,true,false
"india 's case ,",4,3,3,D04,49,D04_P049_SEC_4_94_PAR001,,false,true,false
"integration into gvcs ,",4,3,3,D04,49,D04_P049_SEC_4_94_PAR001,,false,true,false
. this suggests that,4,3,3,D04,50,D04_P050_SEC_4_96_PAR001,,false,true,false
the credibility of the,4,3,3,D04,51,D04_P051_SEC_4_97_PAR005,,false,true,false
", rather than being",4,3,3,D04,51,D04_P051_SEC_4_97_PAR005,,false,true,false
"however , india 's",4,3,3,D04,53,D04_P053_SEC_4_99_PAR003,,false,true,false
r & d expenditure,4,3,3,D04,53,D04_P053_SEC_4_99_PAR004,expenditure,false,true,false
investment in r &,4,3,3,D04,53,D04_P053_SEC_4_99_PAR008,investment,false,true,false
the private sector to,4,3,3,D04,53,D04_P053_SEC_4_99_PAR009,sector,false,true,false
in greater detail in,4,3,3,D04,53,D04_P053_SEC_4_99_PAR010,,false,true,false
of doing business through,4,3,3,D04,53,D04_P053_SEC_4_99_PAR012,,false,true,false
government of india 's,4,3,3,D04,56,D04_P056_UNKNOWN_PAR001,,false,true,false
capital flows are increasingly,4,3,3,D04,56,D04_P056_UNKNOWN_PAR002,capital,false,true,false
a comprehensive analysis of,4,3,3,D05,1,D05_P001_UNKNOWN_PAR002,,false,true,false
terms of trade for,4,3,3,D05,1,D05_P001_UNKNOWN_PAR004,trade,false,true,false
"'s tolerance band ,",4,3,3,D05,1,D05_P001_UNKNOWN_PAR004,,false,true,false
", with projections of",4,3,3,D05,1,D05_P001_UNKNOWN_PAR005,,false,true,false
inflation ( chart v.,4,3,3,D05,2,D05_P002_SEC_5_1_PAR001,inflation,false,true,false
in the united kingdom,4,3,3,D05,2,D05_P002_SEC_5_2_PAR001,,false,true,false
during the current year,4,3,3,D05,3,D05_P003_SEC_5_3_PAR001,current,false,true,false
2025-26 ( up to,4,3,3,D05,5,D05_P005_SEC_5_8_PAR001,,false,true,false
". in fact ,",4,3,3,D05,5,D05_P005_SEC_5_8_PAR001,,false,true,false
") . notably ,",4,3,3,D05,7,D05_P007_SEC_5_9_PAR002,,false,true,false
for much of the,4,3,3,D05,8,D05_P008_SEC_5_12_PAR001,,false,true,false
"in september 2024 , which",4,3,3,D05,11,D05_P011_SEC_5_18_PAR001,,false,true,false
"rice , wheat ,",4,3,3,D05,12,D05_P012_SEC_5_19_PAR001,,false,true,false
", ( iii )",4,3,3,D05,12,D05_P012_SEC_5_21_PAR001,,false,true,false
. this pattern reflects,4,3,3,D05,12,D05_P012_SEC_5_22_PAR001,,false,true,false
it is observed that,4,3,3,D05,14,D05_P014_SEC_5_26_PAR001,,false,true,false
for the manufacturing sector,4,3,3,D05,14,D05_P014_SEC_5_27_PAR001,sector,false,true,false
in food prices .,4,3,3,D05,15,D05_P015_SEC_5_30_PAR001,,false,true,false
than the national average,4,3,3,D05,18,D05_P018_SEC_5_33_PAR001,,false,true,false
the national average .,4,3,3,D05,18,D05_P018_SEC_5_33_PAR001,,false,true,false
"and himachal pradesh ,",4,3,3,D05,18,D05_P018_SEC_5_34_PAR001,,false,true,false
share of industrial output,4,3,2,D05,19,D05_P019_SEC_5_35_PAR001,output,false,true,false
at the local level,4,3,3,D05,19,D05_P019_SEC_5_35_PAR001,,false,true,false
". in december 2025 ,",4,3,3,D05,20,D05_P020_SEC_5_36_PAR001,,false,true,false
. the rbi 's,4,3,3,D05,20,D05_P020_SEC_5_36_PAR001,,false,true,false
", copper , and",4,3,3,D05,21,D05_P021_SEC_5_37_PAR001,,false,true,false
are expected to increase,4,3,3,D05,21,D05_P021_SEC_5_37_PAR001,,false,true,false
", water management ,",4,3,3,D06,7,D06_BOX001,,false,true,false
. as of august 2025,4,3,3,D06,10,D06_BOX003,,false,true,false
"as of august 2025 ,",4,3,3,D06,10,D06_BOX003,,false,true,false
scheme will be implemented,4,3,3,D06,13,D06_BOX005,,false,true,false
farmers ' incomes .,4,3,3,D06,13,D06_BOX005,,false,true,false
( 2023 ) .,4,3,3,D06,14,D06_BOX007,,false,true,false
national food security and,4,3,3,D06,23,D06_BOX009,,false,true,false
", dairy , and",4,3,3,D06,30,D06_BOX011,,false,true,false
and ensuring food security,4,3,3,D06,1,D06_P001_UNKNOWN_PAR001,,false,true,false
such as the pradhan,4,3,3,D06,1,D06_P001_UNKNOWN_PAR002,,false,true,false
as the pradhan mantri,4,3,3,D06,1,D06_P001_UNKNOWN_PAR002,,false,true,false
yojana ( pmksy ),4,3,3,D06,1,D06_P001_UNKNOWN_PAR002,,false,true,false
krishi vikas yojana (,4,3,3,D06,1,D06_P001_UNKNOWN_PAR002,,false,true,false
fund ( aif ),4,3,3,D06,1,D06_P001_UNKNOWN_PAR002,,false,true,false
", and strengthen market",4,3,3,D06,1,D06_P001_UNKNOWN_PAR004,market,false,true,false
and strengthen market linkages,4,3,3,D06,1,D06_P001_UNKNOWN_PAR004,market,false,true,false
"procurement , storage ,",4,3,3,D06,1,D06_P001_UNKNOWN_PAR005,,false,true,false
in agriculture and allied,4,3,3,D06,2,D06_P002_SEC_6_1_PAR001,,false,true,false
for inclusive growth and,4,3,3,D06,2,D06_P002_SEC_6_1_PAR001,growth,false,true,false
"policy measures , including",4,3,3,D06,2,D06_P002_SEC_6_3_PAR001,policy,false,true,false
"( fpos ) ,",4,3,3,D06,2,D06_P002_SEC_6_4_PAR001,,false,true,false
the last five years,4,3,3,D06,3,D06_P003_SEC_6_6_PAR001,,false,true,false
"last five years ,",4,3,3,D06,3,D06_P003_SEC_6_6_PAR001,,false,true,false
previous year . this,4,3,3,D06,4,D06_P004_SEC_6_8_PAR001,,false,true,false
", highlighting the sector",4,3,3,D06,5,D06_P005_SEC_6_9_PAR002,sector,false,true,false
highlighting the sector 's,4,3,3,D06,5,D06_P005_SEC_6_9_PAR002,sector,false,true,false
"pradesh , telangana ,",4,3,3,D06,6,D06_P006_SEC_6_12_PAR001,,false,true,false
) and the national,4,3,3,D06,9,D06_P009_SEC_6_15_PAR001,,false,true,false
tonnes per hectare in,4,3,2,D06,10,D06_P010_SEC_6_16_PAR002,,false,true,false
", among others ,",4,3,3,D06,10,D06_P010_SEC_6_16_PAR002,,false,true,false
is intended to provide,4,3,3,D06,10,D06_P010_SEC_6_16_PAR003,,false,true,false
growing at a cagr,4,3,3,D06,11,D06_P011_SEC_6_16_PAR003,,false,true,false
"challenge , therefore ,",4,3,3,D06,11,D06_P011_SEC_6_16_PAR006,,false,true,false
played a significant role,4,3,3,D06,12,D06_P012_SEC_6_17_PAR001,,false,true,false
. under this initiative,4,3,3,D06,12,D06_P012_SEC_6_19_PAR001,,false,true,false
groups ( shgs ),4,3,3,D06,13,D06_P013_SEC_6_20_PAR002,,false,true,false
promote the use of,4,3,3,D06,13,D06_P013_SEC_6_21_PAR001,,false,true,false
the government has taken,4,3,3,D06,14,D06_P014_SEC_6_22_PAR001,,false,true,false
. as long as,4,3,3,D06,15,D06_P015_SEC_6_22_PAR005,,false,true,false
at the point of,4,3,3,D06,16,D06_P016_UNKNOWN_PAR001,,false,true,false
the objective is not,4,3,3,D06,17,D06_P017_UNKNOWN_PAR002,,false,true,false
progress has been made,4,3,3,D06,19,D06_P019_SEC_6_27_PAR001,,false,true,false
has been made in,4,3,3,D06,19,D06_P019_SEC_6_27_PAR001,,false,true,false
. under the scheme,4,3,3,D06,20,D06_P020_SEC_6_31_PAR001,,false,true,false
". by 31 december 2025 ,",4,3,2,D06,20,D06_P020_SEC_6_31_PAR001,,false,true,false
states and 4 uts,4,3,3,D06,20,D06_P020_SEC_6_31_PAR001,,false,true,false
. this initiative has,4,3,3,D06,21,D06_P021_SEC_6_32_PAR001,,false,true,false
"market access , and",4,3,3,D06,21,D06_P021_SEC_6_33_PAR001,market,false,true,false
", supported by the",4,3,3,D06,21,D06_P021_SEC_6_33_PAR001,,false,true,false
the pradhan mantri kisan,4,3,3,D06,23,D06_P023_SEC_6_38_PAR002,,false,true,false
", the government is",4,3,3,D06,26,D06_P026_SEC_6_41_PAR001,,false,true,false
the government is also,4,3,3,D06,26,D06_P026_SEC_6_41_PAR001,,false,true,false
", and participation in",4,3,3,D06,26,D06_P026_SEC_6_42_PAR001,,false,true,false
and the introduction of,4,3,3,D06,27,D06_P027_SEC_6_45_PAR001,,false,true,false
a small fraction of,4,3,3,D06,28,D06_P028_SEC_6_48_PAR001,,false,true,false
". within this ,",4,3,3,D06,28,D06_P028_SEC_6_49_PAR001,,false,true,false
", launched in 2021",4,3,3,D06,28,D06_P028_SEC_6_50_PAR001,,false,true,false
scheme was launched in,4,3,3,D06,28,D06_P028_SEC_6_51_PAR001,,false,true,false
and union territories .,4,3,3,D06,28,D06_P028_SEC_6_51_PAR002,,false,true,false
private sector participation in,4,3,3,D06,32,D06_P032_SEC_6_60_PAR001,sector,false,true,false
", but also as",4,3,3,D07,7,D07_BOX001,,false,true,false
", services exports have",4,3,2,D07,15,D07_BOX007,exports,false,true,false
", the concert economy",4,3,3,D07,30,D07_BOX013,,false,true,false
"various sectors , including",4,3,3,D07,30,D07_BOX013,sectors,false,true,false
the global economy is,4,3,3,D07,1,D07_P001_SEC_7_1_PAR001,,false,true,false
and structural transformation .,4,3,3,D07,1,D07_P001_UNKNOWN_PAR002,,false,true,false
a major driver of,4,3,3,D07,1,D07_P001_UNKNOWN_PAR002,,false,true,false
a detailed examination of,4,3,3,D07,1,D07_P001_UNKNOWN_PAR003,,false,true,false
sector continues to be,4,3,3,D07,2,D07_P002_SEC_7_3_PAR001,sector,false,true,false
. the covid -19,4,3,3,D07,2,D07_P002_SEC_7_6_PAR001,,false,true,false
. india 's experience,4,3,3,D07,5,D07_P005_SEC_7_10_PAR001,,false,true,false
the growing role of,4,3,3,D07,5,D07_P005_SEC_7_10_PAR001,,false,true,false
". further , it",4,3,3,D07,5,D07_P005_SEC_7_9_PAR001,,false,true,false
"year , however ,",4,3,3,D07,6,D07_P006_SEC_7_11_PAR001,,false,true,false
"of the sector ,",4,3,3,D07,7,D07_P007_SEC_7_13_PAR001,sector,false,true,false
) . india 's,4,3,3,D07,8,D07_P008_SEC_7_13_PAR001,,false,true,false
to the services sector,4,3,3,D07,10,D07_P010_SEC_7_16_PAR001,sector,false,true,false
"segments , such as",4,3,3,D07,10,D07_P010_SEC_7_16_PAR001,,false,true,false
". overall , these",4,3,3,D07,10,D07_P010_SEC_7_16_PAR001,,false,true,false
central pillar of india,4,3,3,D07,11,D07_P011_SEC_7_17_PAR001,,false,true,false
pillar of india 's,4,3,3,D07,11,D07_P011_SEC_7_17_PAR001,,false,true,false
is that services exports,4,3,3,D07,15,D07_P015_SEC_7_21_PAR002,exports,false,true,false
"ports , power ,",4,3,3,D07,15,D07_P015_SEC_7_21_PAR004,,false,true,false
but it is not,4,3,3,D07,16,D07_P016_SEC_7_21_PAR003,,true,true,false
", and employment .",4,3,3,D07,17,D07_P017_SEC_7_22_PAR002,employment,false,true,false
for social and economic,4,3,3,D07,17,D07_P017_SEC_7_22_PAR005,,false,true,false
"data analytics , and",4,3,3,D07,17,D07_P017_UNKNOWN_PAR002,,false,true,false
"30 , 2025 .",4,3,3,D07,17,D07_P017_UNKNOWN_PAR004,,false,true,false
. this is in,4,3,3,D07,18,D07_P018_SEC_7_24_PAR001,,false,true,false
underscore the importance of,4,3,3,D07,20,D07_P020_SEC_7_27_PAR001,,false,true,false
tier 2 and tier,4,3,3,D07,20,D07_P020_SEC_7_28_PAR001,,false,true,false
2 and tier 3,4,3,3,D07,20,D07_P020_SEC_7_28_PAR001,,false,true,false
", skills development ,",4,3,3,D07,20,D07_P020_SEC_7_29_PAR001,,false,true,false
integration into global value,4,3,3,D07,22,D07_P022_SEC_7_34_PAR001,,false,true,false
", the expansion of",4,3,3,D07,22,D07_P022_SEC_7_34_PAR001,,false,true,false
data centre capacity is,4,3,3,D07,22,D07_P022_SEC_7_35_PAR001,,false,true,false
", placing it among",4,3,3,D07,23,D07_P023_SEC_7_37_PAR001,,false,true,false
among the world 's,4,3,3,D07,23,D07_P023_SEC_7_37_PAR001,,false,true,false
. while india has,4,3,3,D07,24,D07_P024_SEC_7_38_PAR001,,false,true,false
the early 2000 s,4,3,3,D07,24,D07_P024_SEC_7_39_PAR001,,false,true,false
public r & d,4,3,3,D07,24,D07_P024_SEC_7_39_PAR001,,false,true,false
role in india 's,4,3,3,D07,24,D07_P024_SEC_7_40_PAR001,,false,true,false
"digital technologies , and",4,3,3,D07,24,D07_P024_SEC_7_40_PAR001,,false,true,false
. this momentum continued,4,3,3,D07,25,D07_P025_SEC_7_42_PAR001,,false,true,false
this momentum continued into,4,3,3,D07,25,D07_P025_SEC_7_42_PAR001,,false,true,false
( table vii. 1,4,3,3,D07,25,D07_P025_SEC_7_42_PAR001,,false,true,false
table vii. 1 ),4,3,3,D07,25,D07_P025_SEC_7_42_PAR001,,false,true,false
"also improved , with",4,3,3,D07,25,D07_P025_SEC_7_42_PAR001,,false,true,false
", with the average",4,3,3,D07,25,D07_P025_SEC_7_42_PAR001,,false,true,false
continued to play a,4,3,3,D07,25,D07_P025_SEC_7_43_PAR001,,false,true,false
tonnes ( mt ),4,3,3,D07,26,D07_P026_SEC_7_45_PAR001,,false,true,false
", affordability , and",4,3,2,D07,27,D07_P027_SEC_7_47_PAR001,,false,true,false
", the ministry of",4,3,3,D07,30,D07_P030_SEC_7_52_PAR001,,false,true,false
it is projected to,4,3,3,D07,31,D07_P031_SEC_7_53_PAR001,,false,true,false
has been strengthened through,4,3,3,D07,31,D07_P031_SEC_7_54_PAR001,,false,true,false
"time , india 's",4,3,3,D07,31,D07_P031_SEC_7_54_PAR001,,false,true,false
by a series of,4,3,3,D07,32,D07_P032_SEC_7_57_PAR001,,false,true,false
", urban infrastructure ,",4,3,3,D07,32,D07_P032_SEC_7_57_PAR001,,false,true,false
and the creation of,4,3,3,D07,33,D07_P033_SEC_7_59_PAR001,,false,true,false
"digital services , and",4,3,3,D07,33,D07_P033_SEC_7_59_PAR001,,false,true,false
• pli scheme for,4,3,2,D08,13,D08_BOX001,,false,true,false
of the scheme is,4,3,3,D08,13,D08_BOX001,,false,true,false
. • scheme for,4,3,2,D08,15,D08_BOX003,,false,true,false
• scheme for promotion,4,3,2,D08,15,D08_BOX003,,false,true,false
have been approved with,4,3,3,D08,15,D08_BOX003,,false,true,false
been approved with a,4,3,3,D08,15,D08_BOX003,,false,true,false
", which is the",4,3,3,D08,17,D08_BOX005,,false,true,false
", himachal pradesh ,",4,3,3,D08,17,D08_BOX005,,false,true,false
"capacity building , and",4,3,3,D08,17,D08_BOX005,,false,true,false
") , announced in",4,3,2,D08,20,D08_BOX007,,false,true,false
", announced in the",4,3,2,D08,20,D08_BOX007,,false,true,false
innovation and r &,4,3,3,D08,20,D08_BOX007,,false,true,false
union budget 2025-26 .,4,3,3,D08,20,D08_BOX007,budget,false,true,false
• 4 th in,4,3,1,D08,24,D08_BOX011,,false,true,false
and south korea (,4,3,2,D08,24,D08_BOX011,,false,true,false
) available at https,4,3,2,D08,34,D08_BOX019,,false,true,false
online dispute resolution (,4,3,3,D08,36,D08_BOX021,,false,true,false
dispute resolution ( odr,4,3,3,D08,36,D08_BOX021,,false,true,false
resolution ( odr ),4,3,3,D08,36,D08_BOX021,,false,true,false
. the portal is,4,3,3,D08,36,D08_BOX021,,false,true,false
as a driver of,4,3,3,D08,42,D08_BOX027,,false,true,false
", and scale .",4,3,3,D08,42,D08_BOX027,,false,true,false
", standards , and",4,3,3,D08,42,D08_BOX027,,false,true,false
"germany , japan ,",4,3,3,D08,42,D08_BOX027,,false,true,false
the national manufacturing mission,4,3,3,D08,1,D08_P001_UNKNOWN_PAR003,,false,true,false
and scaling up the,4,3,3,D08,1,D08_P001_UNKNOWN_PAR003,,false,true,false
establishment of the anusandhan,4,3,3,D08,1,D08_P001_UNKNOWN_PAR003,,false,true,false
of the anusandhan national,4,3,3,D08,1,D08_P001_UNKNOWN_PAR003,,false,true,false
innovation ( rdi ),4,3,3,D08,1,D08_P001_UNKNOWN_PAR003,,false,true,false
national industrial corridor development,4,3,3,D08,1,D08_P001_UNKNOWN_PAR003,,false,true,false
to act as a,4,3,3,D08,2,D08_P002_SEC_8_3_PAR001,,false,true,false
india 's industrial sector,4,3,3,D08,4,D08_P004_SEC_8_10_PAR001,sector,false,true,false
quality control orders (,4,3,3,D08,7,D08_P007_SEC_8_15_PAR001,,false,true,false
control orders ( qcos,4,3,3,D08,7,D08_P007_SEC_8_15_PAR001,,false,true,false
orders ( qcos ),4,3,3,D08,7,D08_P007_SEC_8_15_PAR001,,false,true,false
"pradesh , chhattisgarh and",4,3,3,D08,7,D08_P007_SEC_8_16_PAR001,,false,true,false
sector has undergone a,4,3,3,D08,8,D08_P008_SEC_8_18_PAR001,sector,false,true,false
", largely driven by",4,3,3,D08,8,D08_P008_SEC_8_18_PAR001,,false,true,false
pli ) scheme for,4,3,3,D08,9,D08_P009_SEC_8_20_PAR001,,false,true,false
phase ii of the,4,3,2,D08,12,D08_P012_SEC_8_26_PAR001,,false,true,false
". in response ,",4,3,3,D08,15,D08_P015_SEC_8_31_PAR002,,false,true,false
of the value chain,4,3,3,D08,18,D08_P018_SEC_8_37_PAR001,,false,true,false
the launch of the,4,3,3,D08,18,D08_P018_SEC_8_37_PAR001,,false,true,false
to position india as,4,3,3,D08,18,D08_P018_SEC_8_38_PAR001,,false,true,false
the value chain .,4,3,3,D08,21,D08_P021_SEC_8_44_PAR001,,false,true,false
. the purpose of,4,3,3,D08,27,D08_P027_SEC_8_52_PAR001,,false,true,false
is to ensure that,4,3,3,D08,27,D08_P027_SEC_8_52_PAR001,,false,true,false
the core of this,4,3,3,D08,27,D08_P027_UNKNOWN_PAR005,,false,true,false
emerged as the world,4,3,3,D08,31,D08_P031_SEC_8_57_PAR002,,false,true,false
"engines of growth ,",4,3,3,D08,32,D08_P032_SEC_8_57_PAR002,growth,false,true,false
"( 2025 ) ,",4,3,3,D08,33,D08_P033_SEC_8_61_PAR001,,false,true,false
have also witnessed a,4,3,3,D08,34,D08_P034_SEC_8_63_PAR001,,false,true,false
", with the total",4,3,3,D08,34,D08_P034_SEC_8_63_PAR001,,false,true,false
aligned with the national,4,3,3,D08,35,D08_P035_SEC_8_63_PAR003,,false,true,false
". further , to",4,3,3,D08,35,D08_P035_SEC_8_65_PAR001,,false,true,false
and improving access to,4,3,3,D08,37,D08_P037_SEC_8_66_PAR003,,false,true,false
comparable to that of,4,3,3,D08,38,D08_P038_SEC_8_66_PAR001,,false,true,false
and the availability of,4,3,3,D08,38,D08_P038_SEC_8_66_PAR001,,false,true,false
") , available at",4,3,3,D08,39,D08_P039_SEC_8_66_PAR004,,false,true,false
"inverted duty structures ,",4,3,2,D08,40,D08_P040_SEC_8_70_PAR001,,false,true,false
"economic survey 2024-25 ,",4,3,3,D08,43,D08_P043_SEC_8_71_PAR002,,false,true,false
", industry , and",4,3,3,D08,44,D08_P044_SEC_8_72_PAR001,industry,false,true,false
role of the state,4,3,3,D08,45,D08_P045_SEC_8_74_PAR002,,false,true,false
as a central pillar,4,3,3,D08,45,D08_P045_SEC_8_76_PAR001,,false,true,false
department of economic affairs,4,3,3,D09,6,D09_BOX003,,false,true,false
", and the use",4,3,3,D09,11,D09_BOX007,,false,true,false
played a critical role,4,3,3,D09,11,D09_BOX007,,false,true,false
with an aim to,4,3,3,D09,17,D09_BOX013,,false,true,false
to enhance operational efficiency,4,3,3,D09,17,D09_BOX013,,false,true,false
shift in india 's,4,3,3,D09,19,D09_BOX017,,false,true,false
"of india , and",4,3,3,D09,21,D09_BOX019,,false,true,false
aggregate technical and commercial,4,3,3,D09,23,D09_BOX021,,false,true,false
", digital , and",4,3,3,D09,24,D09_BOX023,,false,true,false
", railways , ports",4,3,3,D09,1,D09_P001_SEC_9_2_PAR001,,false,true,false
"railways , ports ,",4,3,3,D09,1,D09_P001_SEC_9_2_PAR001,,false,true,false
vision of viksit bharat,4,3,3,D09,1,D09_P001_UNKNOWN_PAR003,,false,true,false
of india 's growth,4,3,3,D09,2,D09_P002_SEC_9_4_PAR001,growth,false,true,false
", standardised contracts ,",4,3,3,D09,3,D09_P003_SEC_9_9_PAR001,,false,true,false
"of technology , and",4,3,3,D09,3,D09_P003_SEC_9_9_PAR001,,false,true,false
"financial support , and",4,3,3,D09,5,D09_P005_SEC_9_16_PAR001,financial,false,true,false
viability gap funding (,4,3,3,D09,7,D09_P007_SEC_9_17_PAR003,,false,true,false
gap funding ( vgf,4,3,3,D09,7,D09_P007_SEC_9_17_PAR003,,false,true,false
funding ( vgf ),4,3,3,D09,7,D09_P007_SEC_9_17_PAR003,,false,true,false
) . out of,4,3,3,D09,7,D09_P007_SEC_9_17_PAR006,,false,true,false
"solid waste management ,",4,3,3,D09,7,D09_P007_SEC_9_17_PAR014,,false,true,false
"waste management , and",4,3,3,D09,7,D09_P007_SEC_9_17_PAR014,,false,true,false
has been developed to,4,3,3,D09,7,D09_P007_SEC_9_17_PAR016,,false,true,false
partnerships ( ppps ),4,3,3,D09,9,D09_P009_SEC_9_19_PAR001,,false,true,false
have been completed as,4,3,3,D09,10,D09_P010_SEC_9_20_PAR001,,false,true,false
been completed as of,4,3,3,D09,10,D09_P010_SEC_9_20_PAR001,,false,true,false
pradhan mantri janjati adivasi,4,3,3,D09,12,D09_P012_SEC_9_20_PAR001,,false,true,false
mantri janjati adivasi nyaya,4,3,3,D09,12,D09_P012_SEC_9_20_PAR001,,false,true,false
janjati adivasi nyaya maha,4,3,3,D09,12,D09_P012_SEC_9_20_PAR001,,false,true,false
adivasi nyaya maha abhiyan,4,3,3,D09,12,D09_P012_SEC_9_20_PAR001,,false,true,false
particularly vulnerable tribal groups,4,3,3,D09,12,D09_P012_SEC_9_20_PAR001,,false,true,false
vulnerable tribal groups (,4,3,3,D09,12,D09_P012_SEC_9_20_PAR001,,false,true,false
km of road length,4,3,2,D09,12,D09_P012_SEC_9_20_PAR001,,false,true,false
of road length ),4,3,2,D09,12,D09_P012_SEC_9_20_PAR001,,false,true,false
play a pivotal role,4,3,3,D09,12,D09_P012_SEC_9_24_PAR001,,false,true,false
and the same is,4,3,3,D09,14,D09_P014_SEC_9_28_PAR001,,false,true,false
significantly lower than the,4,3,2,D09,16,D09_P016_SEC_9_29_PAR001,,false,true,false
") , introduced in",4,3,2,D09,22,D09_P022_SEC_9_38_PAR001,,false,true,false
. the gap between,4,3,3,D09,22,D09_P022_SEC_9_39_PAR001,,false,true,false
electricity regulatory commission (,4,3,3,D09,24,D09_P024_SEC_9_40_PAR004,regulatory,false,true,false
: as per the,4,3,3,D09,24,D09_P024_SEC_9_40_PAR007,,false,true,false
a result of these,4,3,3,D09,24,D09_P024_SEC_9_40_PAR008,,false,true,false
", coordination , and",4,3,3,D09,25,D09_P025_SEC_9_40_PAR003,,false,true,false
india 's renewable energy,4,3,3,D09,28,D09_P028_SEC_9_43_PAR001,energy,false,true,false
has been extended to,4,3,3,D09,31,D09_P031_SEC_9_45_PAR005,,false,true,false
"community participation , and",4,3,3,D09,33,D09_P033_SEC_9_50_PAR002,,false,true,false
"water management , the",4,3,3,D09,36,D09_P036_SEC_9_58_PAR001,,false,true,false
"the world bank ,",4,3,3,D10,9,D10_BOX001,bank,false,true,false
press information bureau .,4,3,1,D10,18,D10_BOX005,,false,true,false
information bureau . (,4,3,1,D10,18,D10_BOX005,,false,true,false
bureau . ( 2025,4,3,1,D10,18,D10_BOX005,,false,true,false
"2025 , december 18",4,3,1,D10,18,D10_BOX005,,false,true,false
", december 18 )",4,3,1,D10,18,D10_BOX005,,false,true,false
december 18 ) .,4,3,1,D10,18,D10_BOX005,,false,true,false
18 ) . development,4,3,1,D10,18,D10_BOX005,,false,true,false
) . development and,4,3,1,D10,18,D10_BOX005,,false,true,false
. development and deployment,4,3,1,D10,18,D10_BOX005,,false,true,false
and deployment of energy,4,3,1,D10,18,D10_BOX005,energy,false,true,false
deployment of energy storage,4,3,1,D10,18,D10_BOX005,energy,false,true,false
of energy storage capacities,4,3,1,D10,18,D10_BOX005,energy,false,true,false
energy storage capacities to,4,3,1,D10,18,D10_BOX005,energy,false,true,false
storage capacities to power,4,3,1,D10,18,D10_BOX005,,false,true,false
capacities to power reliable,4,3,1,D10,18,D10_BOX005,,false,true,false
to power reliable renewable,4,3,1,D10,18,D10_BOX005,,false,true,false
power reliable renewable future,4,3,1,D10,18,D10_BOX005,,false,true,false
reliable renewable future .,4,3,1,D10,18,D10_BOX005,,false,true,false
renewable future . retrieved,4,3,1,D10,18,D10_BOX005,,false,true,false
future . retrieved on,4,3,1,D10,18,D10_BOX005,,false,true,false
: https : //tinyurl.com/ypkzbz,4,3,1,D10,18,D10_BOX005,,false,true,false
https : //tinyurl.com/ypkzbz 4,4,3,1,D10,18,D10_BOX005,,false,true,false
: //tinyurl.com/ypkzbz 4 z,4,3,1,D10,18,D10_BOX005,,false,true,false
//tinyurl.com/ypkzbz 4 z .,4,3,1,D10,18,D10_BOX005,,false,true,false
https : // tinyurl.com/,4,3,3,D10,18,D10_BOX005,,false,true,false
"2025 , from https",4,3,3,D10,38,D10_BOX019,,false,true,false
", from https :",4,3,3,D10,38,D10_BOX019,,false,true,false
"battery storage , and",4,3,3,D10,1,D10_P001_UNKNOWN_PAR004,,false,true,false
economies such as india,4,3,3,D10,2,D10_P002_SEC_10_1_PAR001,,false,true,false
", the system is",4,3,3,D10,2,D10_P002_SEC_10_3_PAR001,,false,true,false
. this is especially,4,3,3,D10,2,D10_P002_SEC_10_4_PAR001,,false,true,false
on climate change (,4,3,3,D10,3,D10_P003_SEC_10_8_PAR001,,false,true,false
"of climate change ,",4,3,3,D10,5,D10_P005_SEC_10_14_PAR001,,false,true,false
actions taken by the,4,3,2,D10,6,D10_P006_SEC_10_19_PAR001,,false,true,false
. the third section,4,3,3,D10,6,D10_P006_SEC_10_19_PAR001,,false,true,false
the political economy of,4,3,3,D10,6,D10_P006_SEC_10_19_PAR001,,false,true,false
carbon credit trading scheme,4,3,3,D10,6,D10_P006_SEC_10_19_PAR001,credit,false,true,false
the swachh bharat mission,4,3,3,D10,8,D10_P008_SEC_10_23_PAR001,,false,true,false
guarantee for rozgar and,4,3,3,D10,9,D10_P009_SEC_10_25_PAR001,,false,true,false
for rozgar and ajeevika,4,3,3,D10,9,D10_P009_SEC_10_25_PAR001,,false,true,false
rozgar and ajeevika mission,4,3,3,D10,9,D10_P009_SEC_10_25_PAR001,,false,true,false
and ajeevika mission (,4,3,3,D10,9,D10_P009_SEC_10_25_PAR001,,false,true,false
ajeevika mission ( gramin,4,3,3,D10,9,D10_P009_SEC_10_25_PAR001,,false,true,false
mission ( gramin ),4,3,3,D10,9,D10_P009_SEC_10_25_PAR001,,false,true,false
", such as those",4,3,3,D10,13,D10_P013_SEC_10_34_PAR002,,false,true,false
"challenges , such as",4,3,3,D10,13,D10_P013_SEC_10_34_PAR002,,false,true,false
through a combination of,4,3,3,D10,14,D10_P014_SEC_10_37_PAR001,,false,true,false
) . during 2025-26,4,3,3,D10,14,D10_P014_SEC_10_38_PAR001,,false,true,false
the proliferation of ai,4,3,3,D10,20,D10_P020_SEC_10_46_PAR001,,false,true,false
of ai data centres,4,3,2,D10,20,D10_P020_SEC_10_46_PAR001,,false,true,false
in advanced economies .,4,3,3,D10,21,D10_P021_SEC_10_49_PAR002,,false,true,false
. it must be,4,3,3,D10,21,D10_P021_SEC_10_50_PAR001,,false,true,false
the national critical mineral,4,3,3,D10,21,D10_P021_SEC_10_51_PAR001,,false,true,false
national critical mineral mission,4,3,3,D10,21,D10_P021_SEC_10_51_PAR001,,false,true,false
of critical minerals and,4,3,3,D10,21,D10_P021_SEC_10_52_PAR001,,false,true,false
"in 2025 , the",4,3,3,D10,22,D10_P022_SEC_10_57_PAR001,,false,true,false
"steel , cement ,",4,3,3,D10,23,D10_P023_SEC_10_58_PAR003,,false,true,false
and ( c ),4,3,3,D10,24,D10_P024_SEC_10_58_PAR004,,false,true,false
in the international financial,4,3,3,D10,26,D10_P026_SEC_10_65_PAR001,financial,false,true,false
"institutions , such as",4,3,3,D10,27,D10_P027_SEC_10_68_PAR001,,false,true,false
provides an overview of,4,3,3,D10,27,D10_P027_SEC_10_68_PAR001,,false,true,false
. urban local bodies,4,3,3,D10,29,D10_P029_SEC_10_72_PAR002,,false,true,false
with india 's development,4,3,3,D10,31,D10_P031_SEC_10_73_PAR001,,false,true,false
shaped by factors such,4,3,3,D10,32,D10_P032_SEC_10_76_PAR001,,false,true,false
by factors such as,4,3,3,D10,32,D10_P032_SEC_10_76_PAR001,,false,true,false
the water ( prevention,4,3,2,D10,34,D10_P034_SEC_10_82_PAR001,,false,true,false
water ( prevention and,4,3,2,D10,34,D10_P034_SEC_10_82_PAR001,,false,true,false
of pollution ) act,4,3,2,D10,34,D10_P034_SEC_10_82_PAR001,,false,true,false
"pollution ) act ,",4,3,2,D10,34,D10_P034_SEC_10_82_PAR001,,false,true,false
"the national level ,",4,3,3,D10,35,D10_P035_SEC_10_84_PAR001,,false,true,false
at the centre of,4,3,3,D10,36,D10_P036_SEC_10_87_PAR001,,false,true,false
on the portal .,4,3,3,D10,37,D10_P037_SEC_10_91_PAR001,,false,true,false
a core component of,4,3,3,D10,40,D10_P040_SEC_10_98_PAR001,,false,true,false
", and community institutions",4,3,3,D10,40,D10_P040_SEC_10_98_PAR001,,false,true,false
and job creation .,4,3,3,D10,40,D10_P040_SEC_10_99_PAR001,,false,true,false
"administrative capacity , and",4,3,3,D10,41,D10_P041_SEC_10_99_PAR003,,false,true,false
at the foundational stage,4,3,3,D11,12,D11_BOX005,,false,true,false
. an analysis of,4,3,3,D11,35,D11_BOX015,,false,true,false
is based on the,4,3,3,D11,1,D11_P001_UNKNOWN_PAR002,,false,true,false
the national education policy,4,3,3,D11,2,D11_P002_SEC_11_2_PAR001,policy,false,true,false
. the first section,4,3,3,D11,2,D11_P002_SEC_11_4_PAR001,,false,true,false
at the secondary stage,4,3,3,D11,4,D11_P004_SEC_11_10_PAR001,,false,true,false
secondary stage ( grade,4,3,2,D11,4,D11_P004_SEC_11_10_PAR001,,false,true,false
", accountability , and",4,3,3,D11,11,D11_P011_SEC_11_17_PAR003,,false,true,false
. one of the,4,3,3,D11,14,D11_P014_SEC_11_21_PAR001,,false,true,false
economic survey provides a,4,3,3,D11,15,D11_P015_SEC_11_21_PAR002,,false,true,false
survey provides a detailed,4,3,3,D11,15,D11_P015_SEC_11_21_PAR002,,false,true,false
( indian institute of,4,3,2,D11,16,D11_P016_SEC_11_22_PAR001,,false,true,false
the national credit framework,4,3,3,D11,16,D11_P016_SEC_11_24_PAR001,credit,false,true,false
viksit bharat shiksha adhishthan,4,3,2,D11,17,D11_P017_SEC_11_26_PAR001,,false,true,false
( i ) a,4,3,3,D11,17,D11_P017_SEC_11_26_PAR001,,false,true,false
bridge the gap between,4,3,3,D11,20,D11_P020_SEC_11_30_PAR001,,false,true,false
in partnership with the,4,3,3,D11,25,D11_P025_SEC_11_39_PAR001,,false,true,false
of the government .,4,3,3,D11,26,D11_P026_SEC_11_39_PAR001,,false,true,false
( 2015 ) to,4,3,1,D11,27,D11_P027_SEC_11_39_PAR003,,false,true,false
", diabetes , and",4,3,3,D11,28,D11_P028_SEC_11_40_PAR001,,false,true,false
both men and women,4,3,3,D11,28,D11_P028_SEC_11_42_PAR001,,false,true,false
11 of the economic,4,3,3,D11,30,D11_P030_SEC_11_47_PAR001,,false,true,false
to be a key,4,3,3,D11,31,D11_P031_SEC_11_47_PAR004,,false,true,false
"health , nutrition ,",4,3,3,D11,33,D11_P033_SEC_11_48_PAR001,,false,true,false
pregnant and lactating mothers,4,3,3,D11,34,D11_P034_SEC_11_51_PAR001,,false,true,false
it is in this,4,3,3,D11,42,D11_P042_SEC_11_65_PAR002,,true,true,false
as a measure of,4,3,3,D11,42,D11_P042_SEC_11_65_PAR002,,false,true,false
india 's challenge is,4,3,3,D11,45,D11_P045_SEC_11_65_PAR001,,false,true,false
", debt , and",4,3,3,D11,46,D11_P046_SEC_11_70_PAR001,debt,false,true,false
expanding the scope of,4,3,3,D11,48,D11_P048_SEC_11_77_PAR001,,false,true,false
evolution of india 's,4,3,3,D11,48,D11_P048_SEC_11_77_PAR001,,false,true,false
paid and unpaid activities,4,3,3,D12,5,D12_BOX001,,false,true,false
) : https :,4,3,1,D12,17,D12_BOX005,,false,true,false
) of the css,4,3,1,D12,25,D12_BOX009,,false,true,false
2 ( 60 ),4,3,2,D12,25,D12_BOX009,,false,true,false
the goal is to,4,3,3,D12,35,D12_BOX015,,false,true,false
a more inclusive and,4,3,3,D12,1,D12_P001_SEC_12_1_PAR001,,false,true,false
"labour force participation ,",4,3,3,D12,1,D12_P001_UNKNOWN_PAR002,,false,true,false
", it is equally",4,3,3,D12,1,D12_P001_UNKNOWN_PAR003,,false,true,false
. to achieve this,4,3,3,D12,1,D12_P001_UNKNOWN_PAR003,,false,true,false
"to achieve this ,",4,3,3,D12,1,D12_P001_UNKNOWN_PAR003,,false,true,false
in chapter 11 of,4,3,3,D12,2,D12_P002_SEC_12_3_PAR001,,false,true,false
of the workforce .,4,3,3,D12,2,D12_P002_SEC_12_4_PAR001,,false,true,false
"education , healthcare ,",4,3,3,D12,2,D12_P002_SEC_12_4_PAR001,,false,true,false
female labour force participation,4,3,3,D12,3,D12_P003_SEC_12_5_PAR002,,false,true,false
. women 's participation,4,3,3,D12,5,D12_P005_SEC_12_11_PAR001,,false,true,false
in employment and related,4,3,1,D12,6,D12_P006_SEC_12_11_PAR002,employment,false,true,false
employment and related activities,4,3,1,D12,6,D12_P006_SEC_12_11_PAR002,employment,false,true,false
aged 6 years and,4,3,2,D12,6,D12_P006_SEC_12_11_PAR004,,false,true,false
6 years and above,4,3,2,D12,6,D12_P006_SEC_12_11_PAR004,,false,true,false
that of men .,4,3,2,D12,6,D12_P006_SEC_12_11_PAR005,,false,true,false
increasing women 's participation,4,3,3,D12,7,D12_P007_SEC_12_11_PAR002,,false,true,false
participation in the workforce,4,3,3,D12,7,D12_P007_SEC_12_11_PAR002,,false,true,false
restrictions on women 's,4,3,2,D12,7,D12_P007_SEC_12_11_PAR002,,false,true,false
in the number of,4,3,3,D12,14,D12_P014_SEC_12_24_PAR001,,false,true,false
"broader national priorities ,",4,3,3,D12,19,D12_P019_SEC_12_28_PAR004,,false,true,false
india 's labour market,4,3,3,D12,23,D12_P023_SEC_12_34_PAR001,market,false,true,false
", the nature of",4,3,3,D12,23,D12_P023_SEC_12_35_PAR001,,false,true,false
", wages , and",4,3,3,D12,25,D12_P025_SEC_12_38_PAR002,wages,false,true,false
"labour markets , and",4,3,3,D12,27,D12_P027_SEC_12_40_PAR001,markets,false,true,false
needs of the labour,4,3,3,D12,28,D12_P028_SEC_12_44_PAR001,,false,true,false
the section titled ',4,3,3,D12,29,D12_P029_SEC_12_45_PAR003,,false,true,false
chapter 11 of the,4,3,3,D12,31,D12_P031_SEC_12_46_PAR001,,false,true,false
the economic survey .,4,3,3,D12,31,D12_P031_SEC_12_46_PAR001,,false,true,false
by the world bank,4,3,3,D12,33,D12_P033_SEC_12_49_PAR003,bank,false,true,false
. in this regard,4,3,3,D12,38,D12_P038_SEC_12_55_PAR001,,false,true,false
", sabka vikas ,",4,3,3,D13,1,D13_P001_UNKNOWN_PAR002,,false,true,false
"sabka vikas , sabka",4,3,3,D13,1,D13_P001_UNKNOWN_PAR002,,false,true,false
played a central role,4,3,3,D13,1,D13_P001_UNKNOWN_PAR002,,false,true,false
"skill development , and",4,3,3,D13,1,D13_P001_UNKNOWN_PAR003,,false,true,false
for the most vulnerable,4,3,3,D13,1,D13_P001_UNKNOWN_PAR003,,false,true,false
. the ministry of,4,3,3,D13,5,D13_P005_SEC_13_15_PAR001,,false,true,false
a substantial majority of,4,3,3,D13,7,D13_P007_SEC_13_18_PAR001,,false,true,false
"same time , they",4,3,3,D13,8,D13_P008_SEC_13_22_PAR001,,false,true,false
within the stipulated time,4,3,3,D13,10,D13_P010_SEC_13_26_PAR001,,false,true,false
village commons in india,4,3,3,D13,14,D13_P014_SEC_13_35_PAR002,,false,true,false
sustainable development goals (,4,3,3,D13,14,D13_P014_SEC_13_37_PAR001,,false,true,false
", and they have",4,3,3,D13,14,D13_P014_SEC_13_38_PAR001,,false,true,false
", monitoring , and",4,3,3,D13,15,D13_P015_SEC_13_41_PAR001,,false,true,false
one of the key,4,3,3,D13,22,D13_P022_SEC_13_60_PAR001,,false,true,false
bridges have been completed,4,3,2,D13,22,D13_P022_SEC_13_60_PAR001,,false,true,false
"rural areas , the",4,3,3,D13,25,D13_P025_SEC_13_68_PAR001,,false,true,false
andaman & nicobar islands,4,3,3,D13,27,D13_P027_SEC_13_74_PAR001,,false,true,false
- centrally sponsored scheme,4,3,3,D13,31,D13_P031_SEC_13_80_PAR004,,false,true,false
are proposed to be,4,3,3,D13,31,D13_P031_SEC_13_80_PAR005,,false,true,false
"act , 2013 ,",4,3,3,D13,33,D13_P033_SEC_13_86_PAR001,,false,true,false
urban local bodies (,4,3,3,D13,33,D13_P033_SEC_13_88_PAR001,,false,true,false
the rising cost of,4,3,3,D14,12,D14_BOX003,,false,true,false
the ai economic council,4,3,3,D14,26,D14_BOX009,,false,true,false
"cross-border data flows ,",4,3,3,D14,31,D14_BOX011,,false,true,false
argues that india 's,4,3,3,D14,1,D14_P001_UNKNOWN_PAR002,,false,true,false
for its own sake,4,3,3,D14,1,D14_P001_UNKNOWN_PAR003,,false,true,false
risks and asymmetries are,4,3,3,D14,1,D14_P001_UNKNOWN_PAR004,,false,true,false
the nature of the,4,3,3,D14,3,D14_P003_SEC_14_4_PAR001,,false,true,false
"for instance , a",4,3,3,D14,3,D14_P003_SEC_14_5_PAR001,,false,true,false
the united states as,4,3,3,D14,3,D14_P003_SEC_14_6_PAR001,,false,true,false
. the united states,4,3,3,D14,4,D14_P004_SEC_14_6_PAR003,,false,true,false
a structural shift in,4,3,3,D14,4,D14_P004_SEC_14_6_PAR007,,false,true,false
between the post -2022,4,3,3,D14,4,D14_P004_SEC_14_6_PAR007,,false,true,false
the post -2022 indicator,4,3,3,D14,5,D14_P005_SEC_14_6_PAR003,,false,true,false
the pbis sector is,4,3,3,D14,5,D14_P005_SEC_14_6_PAR004,sector,false,true,false
of the global ai,4,3,3,D14,6,D14_P006_SEC_14_7_PAR001,,false,true,false
the global ai ecosystem,4,3,3,D14,6,D14_P006_SEC_14_7_PAR001,,false,true,false
to do so .,4,3,3,D14,6,D14_P006_SEC_14_7_PAR001,,false,true,false
the sections that follow,4,3,3,D14,7,D14_P007_SEC_14_10_PAR001,,false,true,false
of india 's own,4,3,3,D14,7,D14_P007_SEC_14_10_PAR001,,false,true,false
india 's own ai,4,3,3,D14,7,D14_P007_SEC_14_10_PAR001,,false,true,false
approach to ai development,4,3,3,D14,8,D14_P008_SEC_14_13_PAR001,,false,true,false
ownership and governance of,4,3,3,D14,8,D14_P008_SEC_14_16_PAR001,,false,true,false
in the ai era,4,3,3,D14,11,D14_P011_SEC_14_27_PAR001,,false,true,false
and the cost of,4,3,3,D14,13,D14_P013_UNKNOWN_PAR001,,false,true,false
relative to baseline ),4,3,3,D14,14,D14_P014_UNKNOWN_PAR002,,false,true,false
. this is an,4,3,3,D14,22,D14_P022_SEC_14_49_PAR001,,false,true,false
the ability of the,4,3,3,D14,24,D14_P024_SEC_14_52_PAR003,,false,true,false
the scale of the,4,3,3,D14,25,D14_P025_SEC_14_58_PAR001,,false,true,false
's data governance approach,4,3,3,D14,27,D14_P027_SEC_14_63_PAR001,,false,true,false
"domestic value retention ,",4,3,3,D14,28,D14_P028_SEC_14_66_PAR004,,false,true,false
development of india 's,4,3,3,D14,28,D14_P028_SEC_14_66_PAR004,,false,true,false
"regulatory sandboxes , and",4,3,3,D14,31,D14_P031_SEC_14_79_PAR001,regulatory,false,true,false
the public sector .,4,3,3,D14,35,D14_P035_SEC_14_88_PAR002,sector,false,true,false
. india has the,4,3,3,D14,36,D14_P036_SEC_14_98_PAR001,,false,true,false
( std . error,4,3,2,D14,6,D14_T001,,false,true,false
std . error ),4,3,2,D14,6,D14_T001,,false,true,false
", environment and water",4,3,1,D15,24,D15_BOX007,,false,true,false
. india 's urban,4,3,3,D15,3,D15_P003_SEC_15_4_PAR001,,false,true,false
department of economic and,4,3,3,D15,5,D15_P005_SEC_15_10_PAR001,,false,true,false
new urban centres and,4,3,3,D15,9,D15_P009_UNKNOWN_PAR005,,false,true,false
", utilities , and",4,3,3,D15,11,D15_P011_SEC_15_15_PAR001,,false,true,false
"( 2017 ) ,",4,3,2,D15,17,D15_P017_SEC_15_30_PAR001,,false,true,false
command and control centres,4,3,2,D15,22,D15_P022_SEC_15_36_PAR001,,false,true,false
"september 17 , 2025",4,3,3,D15,23,D15_P023_SEC_15_39_PAR001,,false,true,false
circular water economy .,4,3,3,D15,24,D15_P024_SEC_15_43_PAR001,,false,true,false
. in india 's,4,3,3,D15,27,D15_P027_SEC_15_48_PAR001,,false,true,false
". more recently ,",4,3,3,D15,27,D15_P027_SEC_15_48_PAR001,,false,true,false
the pradhan mantri awas,4,3,3,D15,27,D15_P027_SEC_15_50_PAR001,,false,true,false
mantri awas yojana -,4,3,2,D15,27,D15_P027_SEC_15_50_PAR001,,false,true,false
importance of the informal,4,3,2,D15,28,D15_P028_SEC_15_52_PAR001,,false,true,false
. this is not,4,3,3,D15,30,D15_P030_SEC_15_57_PAR001,,false,true,false
reduce the need for,4,3,3,D15,30,D15_P030_SEC_15_59_PAR001,,false,true,false
. this requires a,4,3,3,D15,33,D15_P033_SEC_15_65_PAR001,,false,true,false
. these are not,4,3,3,D15,38,D15_P038_UNKNOWN_PAR001,,false,true,false
"manufacturing , exports ,",4,3,3,D16,1,D16_P001_UNKNOWN_PAR003,exports,false,true,false
the state 's ability,4,3,3,D16,1,D16_P001_UNKNOWN_PAR004,,false,true,false
state 's ability to,4,3,3,D16,1,D16_P001_UNKNOWN_PAR004,,false,true,false
. the private sector,4,3,3,D16,2,D16_P002_SEC_16_1_PAR001,sector,false,true,false
of state capacity in,4,3,3,D16,2,D16_P002_UNKNOWN_PAR001,,false,true,false
. in doing so,4,3,3,D16,2,D16_P002_UNKNOWN_PAR001,,false,true,false
"in doing so ,",4,3,3,D16,2,D16_P002_UNKNOWN_PAR001,,false,true,false
". state capacity ,",4,3,2,D16,2,D16_P002_UNKNOWN_PAR002,,false,true,false
"state capacity , in",4,3,2,D16,2,D16_P002_UNKNOWN_PAR002,,false,true,false
"capacity , in this",4,3,2,D16,2,D16_P002_UNKNOWN_PAR002,,false,true,false
on the part of,4,3,3,D16,3,D16_P003_SEC_16_2_PAR001,,false,true,false
", but they are",4,3,3,D16,8,D16_P008_SEC_16_15_PAR001,,false,true,false
. one has to,4,3,2,D16,8,D16_P008_SEC_16_16_PAR001,,false,true,false
weaknesses that sheltered activities,4,3,3,D16,15,D16_P015_SEC_16_48_PAR001,,false,true,false
that sheltered activities can,4,3,3,D16,15,D16_P015_SEC_16_48_PAR001,,false,true,false
"in that sense ,",4,3,3,D16,15,D16_P015_SEC_16_50_PAR001,,false,true,false
from swadeshi to strategic,4,3,3,D16,18,D16_P018_SEC_16_59_PAR002,,false,true,false
swadeshi to strategic resilience,4,3,3,D16,18,D16_P018_SEC_16_59_PAR002,,false,true,false
import substitution strategic resilience,4,3,3,D16,20,D16_P020_SEC_16_60_PAR001,import,false,true,false
substitution strategic resilience strategic,4,3,3,D16,20,D16_P020_SEC_16_60_PAR001,,false,true,false
strategic resilience strategic indispensability,4,3,3,D16,20,D16_P020_SEC_16_60_PAR001,,false,true,false
", export capability ,",4,3,3,D16,21,D16_P021_SEC_16_64_PAR006,export,false,true,false
in the history of,4,3,3,D16,22,D16_P022_SEC_16_67_PAR001,,false,true,false
". in reality ,",4,3,3,D16,22,D16_P022_SEC_16_67_PAR001,,false,true,false
. an entrepreneurial state,4,3,3,D17,6,D17_BOX003,,false,true,false
the first part of,4,3,3,D17,1,D17_P001_SEC_16_81_PAR001,,false,true,false
", the private sector",4,3,3,D17,1,D17_P001_UNKNOWN_PAR001,sector,false,true,false
part of the chapter,4,3,3,D17,2,D17_P002_SEC_16_84_PAR001,,false,true,false
act with confidence under,4,3,3,D17,2,D17_P002_UNKNOWN_PAR001,,false,true,false
. it will also,4,3,3,D17,8,D17_P008_SEC_16_99_PAR001,,false,true,false
with global best practices,4,3,3,D17,9,D17_P009_SEC_16_99_PAR009,,false,true,false
outcomes . in such,4,3,3,D17,10,D17_P010_UNKNOWN_PAR005,,false,true,false
in both public and,4,3,3,D17,10,D17_P010_UNKNOWN_PAR006,,false,true,false
"of best practices ,",4,3,3,D17,13,D17_P013_UNKNOWN_PAR002,,false,true,false
that state capacity is,4,3,3,D17,32,D17_P032_UNKNOWN_PAR004,,false,true,false
- ai ui ai,4,3,3,D17,36,D17_P036_UNKNOWN_PAR006,,false,true,false
ai ai ui ui,4,3,3,D17,36,D17_P036_UNKNOWN_PAR010,,false,true,false
the financial stability report,4,3,3,D18,1,D18_P001_UNKNOWN_PAR002,financial;stability,false,true,false
", the rbi cautions",4,3,3,D18,2,D18_P002_I_PAR002,,false,true,false
", asset quality in",4,3,3,D18,3,D18_P003_VI_PAR001,,false,true,false
"accordingly , banks and",4,3,3,D18,3,D18_P003_V_PAR003,banks,false,true,false
", banks and nbfcs",4,3,3,D18,3,D18_P003_V_PAR003,banks,false,true,false
banks and nbfcs should,4,3,3,D18,3,D18_P003_V_PAR003,banks,false,true,false
and nbfcs should continue,4,3,3,D18,3,D18_P003_V_PAR003,,false,true,false
nbfcs should continue to,4,3,3,D18,3,D18_P003_V_PAR003,,false,true,false
during 2025-26 . the,4,3,3,D18,5,D18_P005_VIII_PAR005,,false,true,false
the government is estimated,4,3,3,D19,1,D19_P001_UNKNOWN_PAR001,,false,true,false
government is estimated to,4,3,3,D19,1,D19_P001_UNKNOWN_PAR001,,false,true,false
in 2026-27 are estimated,4,3,3,D19,1,D19_P001_UNKNOWN_PAR002,,false,true,false
2026-27 are estimated to,4,3,3,D19,1,D19_P001_UNKNOWN_PAR002,,false,true,false
"estimated to be rs 36,51,547 crore",4,3,3,D19,1,D19_P001_UNKNOWN_PAR002,,false,true,false
"to be rs 36,51,547 crore ,",4,3,3,D19,1,D19_P001_UNKNOWN_PAR002,,false,true,false
the government has estimated,4,3,3,D19,1,D19_P001_UNKNOWN_PAR003,,false,true,false
of 10% in 2026-27,4,3,3,D19,1,D19_P001_UNKNOWN_PAR003,,false,true,false
is an increase of,4,3,3,D19,3,D19_P003_UNKNOWN_PAR003,,false,true,false
for 2025-26 . this,4,3,3,D19,4,D19_P004_UNKNOWN_PAR003,,false,true,false
2025-26 . this is,4,3,3,D19,4,D19_P004_UNKNOWN_PAR003,,false,true,false
. this is mainly,4,3,3,D19,4,D19_P004_UNKNOWN_PAR003,,false,true,false
"in 2026-27 , over",4,3,3,D19,4,D19_P004_UNKNOWN_PAR004,,false,true,false
"2026-27 , over the",4,3,3,D19,4,D19_P004_UNKNOWN_PAR004,,false,true,false
", over the revised",4,3,3,D19,4,D19_P004_UNKNOWN_PAR004,,false,true,false
lower than the budget,4,3,2,D19,4,D19_P004_UNKNOWN_PAR006,budget,false,true,false
is mainly due to,4,3,3,D19,4,D19_P004_UNKNOWN_PAR006,,false,true,false
. this is primarily,4,3,3,D19,5,D19_P005_UNKNOWN_PAR004,,false,true,false
this is primarily due,4,3,3,D19,5,D19_P005_UNKNOWN_PAR004,,false,true,false
is primarily due to,4,3,3,D19,5,D19_P005_UNKNOWN_PAR004,,false,true,false
loans to states for,4,3,3,D19,5,D19_P005_UNKNOWN_PAR005,loans,false,true,false
of the 16 th,4,3,3,D19,5,D19_P005_UNKNOWN_PAR006,,false,true,false
the 16 th finance,4,3,3,D19,5,D19_P005_UNKNOWN_PAR006,finance,false,true,false
16 th finance commission,4,3,3,D19,5,D19_P005_UNKNOWN_PAR006,finance,false,true,false
estimates of 2025-26 (,4,3,3,D19,5,D19_P005_UNKNOWN_PAR006,,false,true,false
of 2025-26 ( see,4,3,3,D19,5,D19_P005_UNKNOWN_PAR006,,false,true,false
due to increased allocation,4,3,3,D19,6,D19_P006_UNKNOWN_PAR004,,false,true,false
"in 2026-27 , the",4,3,3,D19,6,D19_P006_UNKNOWN_PAR006,,false,true,false
viksit bharat rozgar yojana,4,3,3,D19,7,D19_P007_UNKNOWN_PAR002,,false,true,false
the welfare of women,4,3,3,D19,7,D19_P007_UNKNOWN_PAR006,,false,true,false
% of gdp ),4,3,3,D19,8,D19_P008_UNKNOWN_PAR005,gdp,false,true,false
sources : budget at,4,3,3,D19,8,D19_P008_UNKNOWN_PAR009,budget,false,true,false
: budget at a,4,3,3,D19,8,D19_P008_UNKNOWN_PAR009,budget,false,true,false
budget at a glance,4,3,3,D19,8,D19_P008_UNKNOWN_PAR009,budget,false,true,false
"at a glance ,",4,3,3,D19,8,D19_P008_UNKNOWN_PAR009,,false,true,false
"a glance , union",4,3,3,D19,8,D19_P008_UNKNOWN_PAR009,,false,true,false
"glance , union budget",4,3,3,D19,8,D19_P008_UNKNOWN_PAR009,budget,false,true,false
", 2026 . the",4,3,3,D19,9,D19_P009_UNKNOWN_PAR003,,false,true,false
: the 16 th,4,3,3,D19,9,D19_P009_UNKNOWN_PAR004,,false,true,false
"total expenditure 46,52,867 50,65,345",4,3,3,D19,3,D19_T001,expenditure,false,true,false
"expenditure 46,52,867 50,65,345 49,64,842",4,3,3,D19,3,D19_T001,expenditure,false,true,false
"46,52,867 50,65,345 49,64,842 53,47,315",4,3,3,D19,3,D19_T001,,false,true,false
"50,65,345 49,64,842 53,47,315 7.7%",4,3,3,D19,3,D19_T001,,false,true,false
", union budget documents",4,3,3,D19,3,D19_T001,budget,false,true,false
union budget documents 2026-27,4,3,3,D19,3,D19_T001,budget,false,true,false
budget documents 2026-27 ;,4,3,3,D19,3,D19_T001,budget,false,true,false
documents 2026-27 ; p,4,3,3,D19,3,D19_T001,,false,true,false
-26 2025-26 2026-27 expenditure,4,3,3,D19,3,D19_T001,expenditure,false,true,false
". february 1 ,",4,3,3,D19,4,D19_T002,,false,true,false
", union budget 2026-27",4,3,3,D19,5,D19_T004,budget,false,true,false
union budget 2026-27 ;,4,3,3,D19,5,D19_T004,budget,false,true,false
"2 , 2026 .",4,3,3,D19,5,D19_T004,,false,true,false
total 100 100 100,4,3,3,D19,9,D19_T009,,false,true,false
the first three quarters,4,3,3,D20,1,D20_P001_SEC_2_1_1_PAR001,,false,true,false
during the financial year,4,3,3,D20,1,D20_P001_UNKNOWN_PAR002,financial,false,true,false
the latter part of,4,3,3,D20,1,D20_P001_UNKNOWN_PAR003,,false,true,false
in late february 2026 .,4,3,3,D20,1,D20_P001_UNKNOWN_PAR003,,false,true,false
of the strait of,4,3,3,D20,1,D20_P001_UNKNOWN_PAR003,,false,true,false
the middle east war,4,3,3,D20,2,D20_P002_SEC_2_1_1_PAR001,,false,true,false
the course of the,4,3,3,D20,4,D20_P004_II_PAR001,,false,true,false
in 2024-25 . this,4,3,3,D20,4,D20_P004_II_PAR003,,false,true,false
. the imf has,4,3,3,D20,5,D20_P005_SEC_2_1_3_PAR001,,false,true,false
the second half .,4,3,3,D20,6,D20_P006_SEC_2_1_3_PAR001,,false,true,false
part of the year,4,3,3,D20,7,D20_P007_SEC_2_2_1_PAR003,,false,true,false
following the outbreak of,4,3,3,D20,8,D20_P008_SEC_2_2_1_PAR002,,false,true,false
in the debt segment,4,3,3,D20,9,D20_P009_SEC_2_2_1_PAR002,debt,false,true,false
"the financial year ,",4,3,3,D20,11,D20_P011_SEC_2_3_PAR001,financial,false,true,false
of one year from,4,3,3,D21,2,D21_BOX001,,false,true,false
from the date of,4,3,3,D21,2,D21_BOX001,,false,true,false
of government of india,4,3,3,D21,2,D21_BOX001,,false,true,false
the total funds mobilized,4,3,2,D21,11,D21_BOX005,,false,true,false
) . b .,4,3,3,D21,11,D21_BOX005,,false,true,false
reits and invits .,4,3,3,D21,11,D21_BOX007,,false,true,false
are given below :,4,3,3,D21,13,D21_BOX009,,false,true,false
minimum application size for,4,3,3,D21,3,D21_P003_SEC_3_1_1_PAR007,,false,true,false
facilitating ease of doing,4,3,3,D21,3,D21_P003_SEC_3_1_1_PAR009,,false,true,false
disclosure requirements ) regulations,4,3,2,D21,3,D21_P003_SEC_3_1_1_PAR009,,false,true,false
"requirements ) regulations ,",4,3,2,D21,3,D21_P003_SEC_3_1_1_PAR009,,false,true,false
increase over the previous,4,3,3,D21,4,D21_P004_SEC_3_1_2_PAR002,,false,true,false
"2025-26 , the median",4,3,3,D21,8,D21_P008_UNKNOWN_PAR002,,false,true,false
the median processing time,4,3,3,D21,8,D21_P008_UNKNOWN_PAR006,,false,true,false
median processing time for,4,3,3,D21,8,D21_P008_UNKNOWN_PAR006,,false,true,false
"end of 2025-26 ,",4,3,3,D21,8,D21_P008_UNKNOWN_PAR006,,false,true,false
registrar to issue and,4,3,3,D21,16,D21_P016_SEC_3_4_2_PAR003,,false,true,false
", the sebi (",4,3,3,D21,16,D21_P016_SEC_3_4_PAR001,,false,true,false
") , regulations ,",4,3,3,D21,16,D21_P016_SEC_3_4_PAR001,,false,true,false
"safeguard investor interests ,",4,3,3,D21,16,D21_P016_SEC_3_4_PAR002,investor,false,true,false
₹crore ) 2024-25 2025-26,4,3,3,D21,5,D21_T001,,false,true,false
( 1 +2 ),4,3,3,D21,5,D21_T001,,false,true,false
2024-25 2025-26 percentage share,4,3,3,D21,6,D21_T002,,false,true,false
compared to previous year,4,3,3,D21,8,D21_T006,,false,true,false
no . of unique,4,3,3,D21,11,D21_T009,,false,true,false
₹ crore ) 2024-25,4,3,3,D21,11,D21_T009,,false,true,false
closed during the year,4,3,3,D21,14,D21_T010,,false,true,false
received during the year,4,3,3,D21,14,D21_T011,,false,true,false
particulars no . of,4,3,3,D21,14,D21_T012,,false,true,false
of sebi ( lodr,4,3,3,D21,15,D21_T014,,false,true,false
( s ) of,4,3,3,D21,15,D21_T014,,false,true,false
median time for processing,4,3,3,D21,17,D21_T016,,false,true,false
( in working days,4,3,3,D21,17,D21_T016,,false,true,false
in working days ),4,3,3,D21,17,D21_T016,,false,true,false
during 2025-26 pending as,4,3,3,D21,17,D21_T016,,false,true,false
in the cash segment,4,3,2,D22,2,D22_BOX001,,false,true,false
crude oil prices and,4,3,3,D22,2,D22_BOX001,oil,false,true,false
sebi registered intermediaries and,4,3,1,D22,35,D22_BOX007,,false,true,false
registered intermediaries and other,4,3,1,D22,35,D22_BOX007,,false,true,false
intermediaries and other entities,4,3,1,D22,35,D22_BOX007,,false,true,false
"by march 31 ,",4,3,3,D22,1,D22_P001_UNKNOWN_PAR001,,false,true,false
", 2026 , india",4,3,3,D22,1,D22_P001_UNKNOWN_PAR001,,false,true,false
) : in order,4,3,3,D22,1,D22_P001_UNKNOWN_PAR003,,false,true,false
", a framework for",4,3,3,D22,1,D22_P001_UNKNOWN_PAR003,,false,true,false
with the requirement of,4,3,3,D22,1,D22_P001_UNKNOWN_PAR004,,false,true,false
". however , despite",4,3,3,D22,2,D22_P002_SEC_4_1_1_PAR001,,false,true,false
", respectively during the",4,3,3,D22,2,D22_P002_SEC_4_1_1_PAR001,,false,true,false
respectively during the same,4,3,3,D22,2,D22_P002_SEC_4_1_1_PAR001,,false,true,false
") . conversely ,",4,3,3,D22,3,D22_P003_SEC_4_1_1_PAR001,,false,true,false
of listed equity in,4,3,2,D22,7,D22_P007_SEC_4_1_1_PAR001,equity,false,true,false
listed equity in demat,4,3,2,D22,7,D22_P007_SEC_4_1_1_PAR001,equity,false,true,false
equity in demat form,4,3,2,D22,7,D22_P007_SEC_4_1_1_PAR001,equity,false,true,false
the number of unique,4,3,3,D22,7,D22_P007_SEC_4_1_1_PAR002,,false,true,false
"during 2025-26 , a",4,3,3,D22,7,D22_P007_SEC_4_1_3_PAR001,,false,true,false
and participants ) regulations,4,3,3,D22,7,D22_P007_SEC_4_1_3_PAR001,,false,true,false
"regulations , 2018 (",4,3,2,D22,7,D22_P007_SEC_4_1_3_PAR001,,false,true,false
venture capital funds (,4,3,3,D22,8,D22_P008_SEC_4_1_3_PAR002,capital,false,true,false
capital funds ( vcfs,4,3,3,D22,8,D22_P008_SEC_4_1_3_PAR002,capital,false,true,false
funds ( vcfs ),4,3,3,D22,8,D22_P008_SEC_4_1_3_PAR002,,false,true,false
during 2024-25 ( table,4,3,3,D22,8,D22_P008_SEC_4_1_3_PAR002,,false,true,false
the share of proprietary,4,3,3,D22,8,D22_P008_SEC_4_1_4_PAR001,,false,true,false
share of proprietary traders,4,3,3,D22,8,D22_P008_SEC_4_1_4_PAR001,,false,true,false
in annual cash market,4,3,2,D22,8,D22_P008_SEC_4_1_4_PAR001,market,false,true,false
annual cash market turnover,4,3,2,D22,8,D22_P008_SEC_4_1_4_PAR001,market,false,true,false
ii . * *,4,3,3,D22,8,D22_P008_SEC_4_1_4_PAR002,,false,true,false
across nse and bse,4,3,3,D22,9,D22_P009_SEC_4_1_4_PAR001,,false,true,false
of the total clients,4,3,2,D22,9,D22_P009_SEC_4_1_4_PAR002,,false,true,false
share of top -100,4,3,2,D22,9,D22_P009_SEC_4_1_4_PAR003,,false,true,false
on the rfq platform,4,3,2,D22,10,D22_P010_SEC_4_2_1_PAR002,,false,true,false
", portfolio managers ,",4,3,3,D22,10,D22_P010_SEC_4_2_1_PAR003,,false,true,false
"portfolio managers , and",4,3,3,D22,10,D22_P010_SEC_4_2_1_PAR003,,false,true,false
settled through clearing corporations,4,3,3,D22,10,D22_P010_SEC_4_2_2_PAR002,,false,true,false
"segment , accounting for",4,3,3,D22,10,D22_P010_SEC_4_2_2_PAR002,,false,true,false
". during 2025- 26 ,",4,3,3,D22,11,D22_P011_SEC_4_2_2_PAR001,,false,true,false
", the average monthly",4,3,2,D22,11,D22_P011_SEC_4_2_2_PAR001,,false,true,false
amc repo clearing limited,4,3,3,D22,11,D22_P011_SEC_4_2_2_PAR007,repo,false,true,false
to strengthen the equity,4,3,3,D22,12,D22_P012_SEC_4_3_1_PAR001,equity,false,true,false
strengthen the equity derivatives,4,3,3,D22,12,D22_P012_SEC_4_3_1_PAR001,equity,false,true,false
during 2025-26 are given,4,3,3,D22,12,D22_P012_SEC_4_3_PAR001,,false,true,false
2025-26 are given in,4,3,3,D22,12,D22_P012_SEC_4_3_PAR001,,false,true,false
", sebi has implemented",4,3,3,D22,12,D22_P012_SEC_4_3_PAR002,,false,true,false
in equity derivatives segment,4,3,3,D22,13,D22_P013_SEC_4_3_1_PAR005,equity,false,true,false
"equity derivatives segment ,",4,3,3,D22,13,D22_P013_SEC_4_3_1_PAR005,equity,false,true,false
", inter-alia , mandates",4,3,2,D22,13,D22_P013_SEC_4_3_1_PAR013,,false,true,false
"significant decline , with",4,3,3,D22,14,D22_P014_SEC_4_3_2_PAR002,,false,true,false
concentration and risk management,4,3,3,D22,14,D22_P014_SEC_4_3_3_PAR001,,false,true,false
and risk management measures,4,3,3,D22,14,D22_P014_SEC_4_3_3_PAR001,,false,true,false
during 2025-26 . however,4,3,3,D22,14,D22_P014_SEC_4_3_3_PAR002,,false,true,false
in the equity f,4,3,3,D22,15,D22_P015_SEC_4_3_3_PAR004,equity,false,true,false
the equity f &,4,3,3,D22,15,D22_P015_SEC_4_3_3_PAR004,equity,false,true,false
"the non-agri segment ,",4,3,2,D22,21,D22_P021_UNKNOWN_PAR002,,false,true,false
"mt ) , ncdex",4,3,1,D22,22,D22_P022_UNKNOWN_PAR005,,false,true,false
in 2025-26 ( table,4,3,3,D22,22,D22_P022_UNKNOWN_PAR006,,false,true,false
one per cent of,4,3,3,D22,24,D22_P024_SEC_4_4_5_PAR002,,false,true,false
in the currency derivatives,4,3,3,D22,25,D22_P025_SEC_4_5_3_PAR003,currency,false,true,false
"currency derivatives segment ,",4,3,3,D22,25,D22_P025_SEC_4_5_3_PAR003,currency,false,true,false
the previous financial year,4,3,3,D22,26,D22_P026_SEC_1_5_4_PAR002,financial,false,true,false
in order to provide,4,3,3,D22,32,D22_P032_SEC_4_7_5_PAR001,,false,true,false
order to provide investors,4,3,3,D22,32,D22_P032_SEC_4_7_5_PAR001,investors,false,true,false
during 2025-26 . these,4,3,3,D22,32,D22_P032_SEC_4_7_5_PAR001,,false,true,false
", a comprehensive review",4,3,3,D22,32,D22_P032_SEC_4_7_5_PAR002,,false,true,false
. notification of sebi,4,3,3,D22,33,D22_P033_SEC_4_7_5_PAR004,,false,true,false
notification of sebi (,4,3,3,D22,33,D22_P033_SEC_4_7_5_PAR004,,false,true,false
notified on january 07,4,3,2,D22,33,D22_P033_SEC_4_7_5_PAR004,,false,true,false
", 2026 to simplify",4,3,3,D22,33,D22_P033_SEC_4_7_5_PAR004,,false,true,false
with the objective to,4,3,3,D22,33,D22_P033_SEC_4_7_5_PAR004,,false,true,false
facilitate ease of compliance,4,3,3,D22,33,D22_P033_SEC_4_7_5_PAR004,,false,true,false
in consultation with the,4,3,3,D22,33,D22_P033_SEC_4_7_5_PAR004,,false,true,false
streamline the regulatory framework,4,3,3,D22,33,D22_P033_SEC_4_7_5_PAR004,regulatory,false,true,false
an access to provisions,4,3,3,D22,33,D22_P033_SEC_4_7_5_PAR008,,false,true,false
access to provisions of,4,3,3,D22,33,D22_P033_SEC_4_7_5_PAR008,,false,true,false
to provisions of all,4,3,3,D22,33,D22_P033_SEC_4_7_5_PAR008,,false,true,false
provisions of all applicable,4,3,3,D22,33,D22_P033_SEC_4_7_5_PAR008,,false,true,false
of all applicable requirements,4,3,3,D22,33,D22_P033_SEC_4_7_5_PAR008,,false,true,false
all applicable requirements at,4,3,3,D22,33,D22_P033_SEC_4_7_5_PAR008,,false,true,false
"one place , all",4,3,3,D22,33,D22_P033_SEC_4_7_5_PAR008,,false,true,false
"place , all circulars",4,3,3,D22,33,D22_P033_SEC_4_7_5_PAR008,,false,true,false
", all circulars issued",4,3,3,D22,33,D22_P033_SEC_4_7_5_PAR008,,false,true,false
all circulars issued till,4,3,3,D22,33,D22_P033_SEC_4_7_5_PAR008,,false,true,false
were rescinded and replaced,4,3,3,D22,33,D22_P033_SEC_4_7_5_PAR008,,false,true,false
rescinded and replaced with,4,3,3,D22,33,D22_P033_SEC_4_7_5_PAR008,,false,true,false
and replaced with the,4,3,3,D22,33,D22_P033_SEC_4_7_5_PAR008,,false,true,false
replaced with the master,4,3,3,D22,33,D22_P033_SEC_4_7_5_PAR008,,false,true,false
with the master circular,4,3,3,D22,33,D22_P033_SEC_4_7_5_PAR008,,false,true,false
"january 30 , 2026",4,3,3,D22,34,D22_P034_SEC_4_7_5_PAR002,,false,true,false
sebi ( registrar to,4,3,2,D22,34,D22_P034_SEC_4_7_5_PAR005,,false,true,false
( registrar to an,4,3,2,D22,34,D22_P034_SEC_4_7_5_PAR005,,false,true,false
share transfer agent ),4,3,2,D22,34,D22_P034_SEC_4_7_5_PAR005,,false,true,false
transfer agent ) regulations,4,3,2,D22,34,D22_P034_SEC_4_7_5_PAR005,,false,true,false
"agent ) regulations ,",4,3,2,D22,34,D22_P034_SEC_4_7_5_PAR005,,false,true,false
features of the revised,4,3,3,D22,34,D22_P034_SEC_4_7_5_PAR005,,false,true,false
of the revised regulatory,4,3,3,D22,34,D22_P034_SEC_4_7_5_PAR005,regulatory,false,true,false
the revised regulatory framework,4,3,3,D22,34,D22_P034_SEC_4_7_5_PAR005,regulatory,false,true,false
. the revised framework,4,3,3,D22,34,D22_P034_SEC_4_7_5_PAR007,,false,true,false
for issuance of duplicate,4,3,1,D22,34,D22_P034_SEC_4_7_5_PAR008,,false,true,false
sebi ( investment advisers,4,3,3,D22,35,D22_P035_SEC_4_7_5_PAR002,investment,false,true,false
( investment advisers ),4,3,3,D22,35,D22_P035_SEC_4_7_5_PAR002,investment,false,true,false
sebi ( research analysts,4,3,3,D22,35,D22_P035_SEC_4_7_5_PAR002,,false,true,false
( research analysts ),4,3,3,D22,35,D22_P035_SEC_4_7_5_PAR002,,false,true,false
and d & p,4,3,2,D22,36,D22_P036_SEC_4_8_2_PAR002,,false,true,false
"& p regulations ,",4,3,2,D22,36,D22_P036_SEC_4_8_2_PAR002,,false,true,false
persons associated with research,4,3,2,D22,36,D22_P036_SEC_4_8_PAR005,,false,true,false
associated with research services,4,3,2,D22,36,D22_P036_SEC_4_8_PAR005,,false,true,false
with research services (,4,3,2,D22,36,D22_P036_SEC_4_8_PAR005,,false,true,false
"bse , nse ,",4,3,3,D22,37,D22_P037_SEC_4_8_2_PAR001,,false,true,false
as at end of,4,3,3,D22,37,D22_P037_SEC_4_8_2_PAR002,,false,true,false
", respectively . in",4,3,3,D22,37,D22_P037_SEC_4_8_2_PAR004,,false,true,false
roles and responsibilities of,4,3,2,D22,39,D22_P039_SEC_4_8_3_PAR003,,false,true,false
of the miis .,4,3,3,D22,39,D22_P039_SEC_4_8_3_PAR003,,false,true,false
2024-25 * 2025-26 2024-25,4,3,3,D22,7,D22_T007,,false,true,false
* 2025-26 2024-25 2025-26,4,3,3,D22,7,D22_T007,,false,true,false
total 2024-25 2025-26 2024-25,4,3,3,D22,8,D22_T009,,false,true,false
of trades settled no,4,3,1,D22,10,D22_T013,,false,true,false
trades settled no .,4,3,1,D22,10,D22_T013,,false,true,false
settled no . of,4,3,1,D22,10,D22_T013,,false,true,false
( ₹crore ) amount,4,3,1,D22,10,D22_T013,,false,true,false
₹crore ) amount (,4,3,1,D22,10,D22_T013,,false,true,false
) amount ( ₹crore,4,3,1,D22,10,D22_T013,,false,true,false
domestic financial institutions (,4,3,3,D22,12,D22_T015,financial,false,true,false
financial institutions ( other,4,3,3,D22,12,D22_T015,financial,false,true,false
institutions ( other than,4,3,3,D22,12,D22_T015,,false,true,false
of contracts traded (,4,3,3,D22,14,D22_T016,,false,true,false
no . of contracts,4,3,3,D22,14,D22_T016,,false,true,false
total mtm settlement final,4,3,3,D22,15,D22_T017,,false,true,false
mtm settlement final settlement,4,3,3,D22,15,D22_T017,,false,true,false
. settlement : during,4,3,3,D22,26,D22_T026,,false,true,false
settlement : during 2025-26,4,3,3,D22,26,D22_T026,,false,true,false
) 2024-25 2025-26 2024-25,4,3,3,D22,27,D22_T030,,false,true,false
net addition during the,4,3,3,D22,28,D22_T031,,false,true,false
the sebi act .,4,3,3,D22,28,D22_T031,,false,true,false
under the sebi (,4,3,2,D22,28,D22_T031,,false,true,false
comprehensive review of the,4,3,2,D23,2,D23_BOX001,,false,true,false
within the mutual fund,4,3,3,D23,2,D23_BOX001,,false,true,false
for mutual fund distributors,4,3,2,D23,2,D23_BOX001,,false,true,false
to enhance operational flexibility,4,3,3,D23,10,D23_BOX003,,false,true,false
for investment in a,4,3,1,D23,11,D23_BOX005,investment,false,true,false
investment in a start-up,4,3,1,D23,11,D23_BOX005,investment,false,true,false
to ensure that only,4,3,2,D23,11,D23_BOX005,,false,true,false
have been mandated to,4,3,2,D23,11,D23_BOX005,,false,true,false
"act , 2013 .",4,3,3,D23,11,D23_BOX005,,false,true,false
have been permitted to,4,3,3,D23,3,D23_P003_SEC_5_1_PAR005,,false,true,false
"2026 , the number",4,3,3,D23,4,D23_P004_SEC_5_1_2_PAR003,,false,true,false
"during 2025-26 , as",4,3,3,D23,8,D23_P008_SEC_5_1_2_PAR005,,false,true,false
minimum value of investment,4,3,1,D23,12,D23_P012_SEC_5_1_2_PAR005,investment,false,true,false
time to time .,4,3,3,D23,15,D23_P015_SEC_5_3_1_PAR001,,false,true,false
on the website of,4,3,2,D23,15,D23_P015_SEC_5_3_PAR001,,false,true,false
no . of schemes,4,3,3,D23,4,D23_T001,,false,true,false
iii . other schemes,4,3,2,D23,4,D23_T001,,false,true,false
net inflow ( +ve,4,3,2,D23,6,D23_T004,,false,true,false
inflow ( +ve ),4,3,2,D23,6,D23_T004,,false,true,false
( +ve ) /,4,3,2,D23,6,D23_T004,,false,true,false
+ve ) / outflow,4,3,2,D23,6,D23_T004,,false,true,false
) / outflow (,4,3,2,D23,6,D23_T004,,false,true,false
/ outflow ( -ve,4,3,2,D23,6,D23_T004,,false,true,false
outflow ( -ve ),4,3,2,D23,6,D23_T004,,false,true,false
) ( ₹crore ),4,3,2,D23,6,D23_T004,,false,true,false
( ₹crore ) (,4,3,2,D23,6,D23_T004,,false,true,false
( as on march,4,3,3,D23,6,D23_T004,,false,true,false
"31 , 2026 )",4,3,2,D23,6,D23_T004,,false,true,false
schemes - - -,4,3,1,D23,6,D23_T004,,false,true,false
sales gross purchase gross,4,3,1,D23,6,D23_T005,,false,true,false
gross purchase gross sales,4,3,1,D23,6,D23_T005,,false,true,false
", followed by financial",4,3,3,D23,13,D23_T015,financial,false,true,false
followed by financial services,4,3,3,D23,13,D23_T015,financial,false,true,false
by financial services (,4,3,3,D23,13,D23_T015,financial,false,true,false
enterprises investments made in,4,3,1,D23,14,D23_T018,investments,false,true,false
( fpi ) regulations,4,3,3,D24,2,D24_P002_SEC_6_1_1_PAR038,fpi,false,true,false
"fpi ) regulations ,",4,3,3,D24,2,D24_P002_SEC_6_1_1_PAR038,fpi,false,true,false
") regulations , 2019",4,3,3,D24,2,D24_P002_SEC_6_1_1_PAR038,,false,true,false
previous year . the,4,3,3,D24,7,D24_T004,,false,true,false
value of odis on,4,3,1,D24,7,D24_T006,,false,true,false
") regulations , 1999",4,3,2,D25,1,D25_P001_SEC_7_1_PAR002,,false,true,false
with miis and amfi,4,3,3,D26,7,D26_BOX001,,false,true,false
the sebi check tool,4,3,3,D26,11,D26_BOX003,,false,true,false
( d ) of,4,3,3,D26,11,D26_BOX003,,false,true,false
d ) of the,4,3,3,D26,11,D26_BOX003,,false,true,false
"sebi , miis and",4,3,3,D26,2,D26_P002_SEC_8_1_PAR048,,false,true,false
", sebi participated in",4,3,3,D26,2,D26_P002_SEC_8_1_PAR066,,false,true,false
sebi in collaboration with,4,3,3,D26,5,D26_P005_SEC_8_1_3_PAR005,,false,true,false
in collaboration with nism,4,3,3,D26,5,D26_P005_SEC_8_1_3_PAR005,,false,true,false
": sebi , in",4,3,3,D26,5,D26_P005_SEC_8_1_4_PAR003,,false,true,false
stock exchanges and depositories,4,3,3,D26,6,D26_P006_SEC_8_1_5_PAR001,,false,true,false
pvt . ltd. and,4,3,3,D26,6,D26_P006_SEC_8_1_5_PAR038,,false,true,false
on the sebi website,4,3,3,D26,12,D26_P012_SEC_8_3_PAR013,,false,true,false
the end of previous,4,3,3,D26,14,D26_P014_SEC_8_3_2_PAR001,,false,true,false
end of previous year,4,3,3,D26,14,D26_P014_SEC_8_3_2_PAR001,,false,true,false
the number of complaints,4,3,2,D26,14,D26_P014_SEC_8_3_2_PAR003,,false,true,false
investor protection and education,4,3,3,D26,15,D26_P015_SEC_8_4_1_PAR001,investor,false,true,false
to the fund (,4,3,3,D26,15,D26_P015_UNKNOWN_PAR005,,false,true,false
a . income from,4,3,2,D26,15,D26_P015_UNKNOWN_PAR008,income,false,true,false
. income from investments,4,3,2,D26,15,D26_P015_UNKNOWN_PAR008,income;investments,false,true,false
b . other receipts,4,3,2,D26,15,D26_P015_UNKNOWN_PAR009,,false,true,false
2025-26 received resolved pending,4,3,3,D26,14,D26_T006,,false,true,false
received resolved pending received,4,3,3,D26,14,D26_T006,,false,true,false
resolved pending received resolved,4,3,3,D26,14,D26_T006,,false,true,false
pending received resolved pending,4,3,3,D26,14,D26_T006,,false,true,false
received resolved pending a,4,3,3,D26,14,D26_T006,,false,true,false
resolved pending a .,4,3,3,D26,14,D26_T006,,false,true,false
pending a . complaints,4,3,3,D26,14,D26_T006,,false,true,false
b . arbitration cases,4,3,3,D26,14,D26_T006,,false,true,false
sebi is also a,4,3,3,D27,4,D27_P004_SEC_9_1_4_PAR005,,false,true,false
india 's securities market,4,3,3,D27,4,D27_P004_SEC_9_1_4_PAR005,market;securities,false,true,false
r ( ai ),4,3,3,D27,7,D27_P007_SEC_9_2_8_PAR003,,false,true,false
( ai ) dar,4,3,3,D27,7,D27_P007_SEC_9_2_8_PAR003,,false,true,false
securities transaction price index,4,3,2,D27,8,D27_P008_SEC_9_2_8_PAR007,securities,false,true,false
", following enhancements were",4,3,3,D27,8,D27_P008_SEC_9_3_1_PAR002,,false,true,false
. as a member,4,3,3,D27,11,D27_P011_SEC_9_4_1_PAR016,,false,true,false
as a member of,4,3,3,D27,11,D27_P011_SEC_9_4_1_PAR016,,false,true,false
a member of the,4,3,3,D27,11,D27_P011_UNKNOWN_PAR016,,false,true,false
iso 27001 : 2022,4,3,1,D27,12,D27_P012_SEC_9_4_1_PAR006,,false,true,false
27001 : 2022 certification,4,3,1,D27,12,D27_P012_SEC_9_4_1_PAR006,,false,true,false
unpublished price sensitive information,4,3,3,D28,2,D28_P002_SEC_10_1_1_PAR007,,false,true,false
systems and procedures of,4,3,2,D28,3,D28_P003_SEC_10_1_2_PAR003,,false,true,false
", nsdl and cdsl",4,3,3,D28,3,D28_P003_SEC_10_1_2_PAR003,,false,true,false
with fund management activities,4,3,2,D28,4,D28_P004_SEC_10_1_2_PAR002,,false,true,false
11 /11 ( 4,4,3,3,D28,6,D28_P006_SEC_10_1_4_PAR004,,false,true,false
/11 ( 4 ),4,3,3,D28,6,D28_P006_SEC_10_1_4_PAR004,,false,true,false
( 4 ) /11,4,3,3,D28,6,D28_P006_SEC_10_1_4_PAR004,,false,true,false
4 ) /11 b/,4,3,3,D28,6,D28_P006_SEC_10_1_4_PAR004,,false,true,false
) /11 b/ 11,4,3,3,D28,6,D28_P006_SEC_10_1_4_PAR004,,false,true,false
/11 b/ 11 d,4,3,3,D28,6,D28_P006_SEC_10_1_4_PAR004,,false,true,false
were taken up for,4,3,3,D28,6,D28_P006_UNKNOWN_PAR002,,false,true,false
taken up for investigation,4,3,3,D28,6,D28_P006_UNKNOWN_PAR002,,false,true,false
up for investigation and,4,3,3,D28,6,D28_P006_UNKNOWN_PAR002,,false,true,false
cases were completed (,4,3,3,D28,6,D28_P006_UNKNOWN_PAR002,,false,true,false
were completed ( table,4,3,3,D28,6,D28_P006_UNKNOWN_PAR002,,false,true,false
sebi ( intermediaries ),4,3,3,D28,7,D28_P007_SEC_10_1_4_PAR004,,false,true,false
adjudicating officer ( ao,4,3,3,D28,8,D28_P008_SEC_10_1_4_PAR001,,false,true,false
officer ( ao ),4,3,3,D28,8,D28_P008_SEC_10_1_4_PAR001,,false,true,false
regulations made thereunder .,4,3,3,D28,8,D28_P008_SEC_10_1_4_PAR001,,false,true,false
cases . at the,4,3,3,D28,8,D28_P008_SEC_10_1_4_PAR001,,false,true,false
apart from the above,4,3,3,D28,8,D28_P008_SEC_10_1_4_PAR002,,false,true,false
"from the above ,",4,3,3,D28,8,D28_P008_SEC_10_1_4_PAR002,,false,true,false
empowered to initiate prosecution,4,3,2,D28,8,D28_P008_SEC_10_1_4_PAR002,,false,true,false
in compliance with the,4,3,3,D28,14,D28_P014_SEC_10_2_2_PAR001,,false,true,false
of the hon'ble supreme,4,3,3,D28,14,D28_P014_SEC_10_2_2_PAR003,,false,true,false
( retd . ),4,3,3,D28,14,D28_P014_SEC_10_2_2_PAR003,,false,true,false
"2026 , the committee",4,3,3,D28,15,D28_P015_SEC_10_2_2_PAR002,,false,true,false
of properties of pacl,4,3,2,D28,15,D28_P015_SEC_10_2_2_PAR004,,false,true,false
"hon'ble supreme court ,",4,3,3,D28,15,D28_P015_SEC_10_2_2_PAR004,,false,true,false
sat vide order dated,4,3,3,D28,15,D28_P015_SEC_10_2_2_PAR005,,false,true,false
of 2019 filed by,4,3,2,D28,15,D28_P015_SEC_10_2_2_PAR005,,false,true,false
the direction of the,4,3,3,D28,15,D28_P015_SEC_10_2_2_PAR009,,false,true,false
cases in the previous,4,3,3,D28,19,D28_P019_UNKNOWN_PAR004,,false,true,false
industries ltd. & ors,4,3,3,D28,19,D28_P019_UNKNOWN_PAR011,industries,false,true,false
order dated 15.10 .,4,3,3,D28,21,D28_P021_UNKNOWN_PAR004,,false,true,false
dated 15.10 . 2025,4,3,3,D28,21,D28_P021_UNKNOWN_PAR004,,false,true,false
failed to comply with,4,3,3,D28,21,D28_P021_UNKNOWN_PAR008,,false,true,false
to comply with the,4,3,3,D28,21,D28_P021_UNKNOWN_PAR008,,false,true,false
. common order dated,4,3,3,D28,21,D28_P021_UNKNOWN_PAR010,,false,true,false
filed by the guptas,4,3,3,D28,22,D28_P022_UNKNOWN_PAR004,,false,true,false
order dated july 31,4,3,3,D28,22,D28_P022_UNKNOWN_PAR006,,false,true,false
"july 31 , 2014",4,3,3,D28,22,D28_P022_UNKNOWN_PAR006,,false,true,false
"of sebi , the",4,3,3,D28,22,D28_P022_UNKNOWN_PAR007,,false,true,false
supreme court . the,4,3,3,D28,22,D28_P022_UNKNOWN_PAR008,,false,true,false
", vide its order",4,3,3,D28,22,D28_P022_UNKNOWN_PAR008,,false,true,false
order dated september 28,4,3,3,D28,22,D28_P022_UNKNOWN_PAR009,,false,true,false
"dated september 28 ,",4,3,3,D28,22,D28_P022_UNKNOWN_PAR009,,false,true,false
"september 28 , 2018",4,3,3,D28,22,D28_P022_UNKNOWN_PAR009,,false,true,false
"inter alia , held",4,3,3,D28,23,D28_P023_UNKNOWN_PAR002,,false,true,false
"alia , held that",4,3,3,D28,23,D28_P023_UNKNOWN_PAR002,,false,true,false
filed an appeal before,4,3,2,D28,23,D28_P023_UNKNOWN_PAR005,,false,true,false
an appeal before the,4,3,2,D28,23,D28_P023_UNKNOWN_PAR005,,false,true,false
order of the ld,4,3,3,D28,23,D28_P023_UNKNOWN_PAR009,,false,true,false
"december 02 , 2025",4,3,3,D28,23,D28_P023_UNKNOWN_PAR012,,false,true,false
of reliance industries ltd.,4,3,3,D28,23,D28_P023_UNKNOWN_PAR012,industries,false,true,false
in the scrip of,4,3,3,D28,23,D28_P023_UNKNOWN_PAR014,,false,true,false
"on march 24 ,",4,3,3,D28,23,D28_P023_UNKNOWN_PAR014,,false,true,false
"march 24 , 2020",4,3,3,D28,23,D28_P023_UNKNOWN_PAR014,,false,true,false
regulation 30 ( 11,4,3,3,D28,24,D28_P024_UNKNOWN_PAR001,regulation,false,true,false
principles of fair disclosure,4,3,2,D28,24,D28_P024_UNKNOWN_PAR003,,false,true,false
fair disclosure of upsi,4,3,2,D28,24,D28_P024_UNKNOWN_PAR003,,false,true,false
to make prompt disclosure,4,3,1,D28,24,D28_P024_UNKNOWN_PAR004,,false,true,false
the respondent no 1,4,3,2,D28,25,D28_P025_UNKNOWN_PAR002,,false,true,false
respondent no 1 company,4,3,2,D28,25,D28_P025_UNKNOWN_PAR002,,false,true,false
the violation of the,4,3,3,D28,25,D28_P025_UNKNOWN_PAR005,,false,true,false
"march 17 , 2026",4,3,3,D28,25,D28_P025_UNKNOWN_PAR007,,false,true,false
practices in the securities,4,3,3,D28,26,D28_P026_UNKNOWN_PAR004,securities,false,true,false
provisions of the sebi,4,3,2,D28,26,D28_P026_UNKNOWN_PAR005,,false,true,false
", 1992 and the",4,3,3,D28,26,D28_P026_UNKNOWN_PAR005,,false,true,false
further observed that the,4,3,3,D28,27,D28_P027_UNKNOWN_PAR002,,false,true,false
( lpa 550 /2018,4,3,3,D28,27,D28_P027_UNKNOWN_PAR004,,false,true,false
lpa 550 /2018 ),4,3,3,D28,27,D28_P027_UNKNOWN_PAR004,,false,true,false
before hon'ble delhi high,4,3,3,D28,27,D28_P027_UNKNOWN_PAR004,,false,true,false
delhi high court .,4,3,3,D28,27,D28_P027_UNKNOWN_PAR004,,false,true,false
b . order dated,4,3,3,D28,27,D28_P027_UNKNOWN_PAR005,,false,true,false
a finding on violation,4,3,3,D28,28,D28_P028_UNKNOWN_PAR003,,false,true,false
finding on violation of,4,3,3,D28,28,D28_P028_UNKNOWN_PAR003,,false,true,false
"the wtm , sebi",4,3,3,D28,28,D28_P028_UNKNOWN_PAR005,,false,true,false
", 1992 , the",4,3,3,D28,28,D28_P028_UNKNOWN_PAR005,,false,true,false
of the special committee,4,3,2,D28,29,D28_P029_UNKNOWN_PAR002,,false,true,false
", hon'ble delhi high",4,3,2,D28,29,D28_P029_UNKNOWN_PAR005,,false,true,false
bombay dyeing and manufacturing,4,3,2,D28,29,D28_P029_UNKNOWN_PAR010,,false,true,false
dyeing and manufacturing company,4,3,2,D28,29,D28_P029_UNKNOWN_PAR010,,false,true,false
to fraudulent and unfair,4,3,2,D28,30,D28_P030_UNKNOWN_PAR003,,false,true,false
fraudulent and unfair trade,4,3,2,D28,30,D28_P030_UNKNOWN_PAR003,trade,false,true,false
the sebi ( icdr,4,3,2,D28,32,D28_P032_UNKNOWN_PAR002,,false,true,false
", 2025 in sebi",4,3,3,D28,32,D28_P032_UNKNOWN_PAR006,,false,true,false
section 11 ( 3,4,3,3,D28,33,D28_P033_UNKNOWN_PAR003,,false,true,false
11 ( 3 ),4,3,3,D28,33,D28_P033_UNKNOWN_PAR003,,false,true,false
section 24 ( 2,4,3,3,D28,33,D28_P033_UNKNOWN_PAR004,,false,true,false
24 ( 2 ),4,3,3,D28,33,D28_P033_UNKNOWN_PAR004,,false,true,false
offence punishable under section,4,3,3,D28,33,D28_P033_UNKNOWN_PAR006,,false,true,false
punishable under section 24,4,3,3,D28,33,D28_P033_UNKNOWN_PAR006,,false,true,false
no . 2 and,4,3,1,D28,33,D28_P033_UNKNOWN_PAR006,,false,true,false
. 2 and accused,4,3,1,D28,33,D28_P033_UNKNOWN_PAR006,,false,true,false
2 and accused no,4,3,1,D28,33,D28_P033_UNKNOWN_PAR006,,false,true,false
and accused no .,4,3,1,D28,33,D28_P033_UNKNOWN_PAR006,,false,true,false
to undergo simple imprisonment,4,3,3,D28,33,D28_P033_UNKNOWN_PAR006,,false,true,false
and further simple imprisonment,4,3,3,D28,33,D28_P033_UNKNOWN_PAR006,,false,true,false
further simple imprisonment of,4,3,3,D28,33,D28_P033_UNKNOWN_PAR006,,false,true,false
payment of fine .,4,3,3,D28,33,D28_P033_UNKNOWN_PAR006,,false,true,false
"accordingly , the hon'ble",4,3,3,D28,33,D28_P033_UNKNOWN_PAR007,,false,true,false
in sebi spl .,4,3,3,D28,33,D28_P033_UNKNOWN_PAR008,,false,true,false
sebi spl . case,4,3,3,D28,33,D28_P033_UNKNOWN_PAR008,,false,true,false
spl . case no,4,3,3,D28,33,D28_P033_UNKNOWN_PAR008,,false,true,false
. case no .,4,3,3,D28,33,D28_P033_UNKNOWN_PAR008,,false,true,false
directors under section 24,4,3,3,D28,33,D28_P033_UNKNOWN_PAR010,,false,true,false
araya plantation and farm,4,3,3,D28,34,D28_P034_UNKNOWN_PAR002,,false,true,false
plantation and farm developers,4,3,3,D28,34,D28_P034_UNKNOWN_PAR002,,false,true,false
after appreciating the evidence,4,3,3,D28,34,D28_P034_UNKNOWN_PAR003,,false,true,false
"appreciating the evidence ,",4,3,3,D28,34,D28_P034_UNKNOWN_PAR003,,false,true,false
"the evidence , the",4,3,3,D28,34,D28_P034_UNKNOWN_PAR003,,false,true,false
"evidence , the hon'ble",4,3,3,D28,34,D28_P034_UNKNOWN_PAR003,,false,true,false
"cis regulations , 1999",4,3,3,D28,34,D28_P034_UNKNOWN_PAR008,,false,true,false
of penalty imposed by,4,3,3,D28,34,D28_P034_UNKNOWN_PAR009,,false,true,false
"2 , 2025 sebi",4,3,3,D28,35,D28_P035_UNKNOWN_PAR001,,false,true,false
"23 , 2025 sebi",4,3,3,D28,35,D28_P035_UNKNOWN_PAR002,,false,true,false
2025 sebi ( real,4,3,3,D28,35,D28_P035_UNKNOWN_PAR002,,false,true,false
sebi ( real estate,4,3,3,D28,35,D28_P035_UNKNOWN_PAR002,,false,true,false
( real estate investment,4,3,3,D28,35,D28_P035_UNKNOWN_PAR002,investment,false,true,false
estate investment trusts ),4,3,3,D28,35,D28_P035_UNKNOWN_PAR002,investment,false,true,false
requirements ) ( second,4,3,3,D28,35,D28_P035_UNKNOWN_PAR006,,false,true,false
sebi ( issue and,4,3,3,D28,35,D28_P035_UNKNOWN_PAR009,,false,true,false
( issue and listing,4,3,3,D28,35,D28_P035_UNKNOWN_PAR009,,false,true,false
2025 sebi ( alternative,4,3,3,D28,35,D28_P035_UNKNOWN_PAR010,,false,true,false
investment funds ) (,4,3,3,D28,35,D28_P035_UNKNOWN_PAR010,investment,false,true,false
of associated persons in,4,3,3,D28,35,D28_P035_UNKNOWN_PAR011,,false,true,false
2025 sebi ( foreign,4,3,3,D28,35,D28_P035_UNKNOWN_PAR014,foreign,false,true,false
) ( fourth amendment,4,3,3,D28,35,D28_P035_UNKNOWN_PAR027,,false,true,false
( fourth amendment ),4,3,3,D28,35,D28_P035_UNKNOWN_PAR027,,false,true,false
fourth amendment ) regulations,4,3,3,D28,35,D28_P035_UNKNOWN_PAR027,,false,true,false
cases completed 2024-25 2025-26,4,3,3,D28,5,D28_T004,,false,true,false
completed 2024-25 2025-26 2024-25,4,3,3,D28,5,D28_T004,,false,true,false
rs 2024 -25 2025-26 cases,4,3,3,D28,7,D28_T007,,false,true,false
-25 2025-26 cases pending,4,3,3,D28,7,D28_T007,,false,true,false
older than 1 but,4,3,3,D28,7,D28_T007,,false,true,false
than 1 but less,4,3,3,D28,7,D28_T007,,false,true,false
1 but less than,4,3,3,D28,7,D28_T007,,false,true,false
no . of certificates,4,3,1,D28,12,D28_T023,,false,true,false
"bharatiya nyaya sanhita ,",4,3,1,D28,16,D28_T030,,false,true,false
"nyaya sanhita , 2023",4,3,1,D28,16,D28_T030,,false,true,false
"act , 1992 &",4,3,2,D28,16,D28_T030,,false,true,false
"indian penal code ,",4,3,2,D28,16,D28_T030,,false,true,false
"penal code , 1860",4,3,2,D28,16,D28_T030,,false,true,false
before the hon'ble sat,4,3,1,D28,18,D28_T037,,false,true,false
district & sessions court,4,3,1,D28,20,D28_T043,,false,true,false
discussed areas of mutual,4,3,3,D29,3,D29_P003_III_PAR001,,false,true,false
areas of mutual interest,4,3,3,D29,3,D29_P003_III_PAR001,,false,true,false
prof. dr. marlene amstad,4,3,3,D29,3,D29_P003_III_PAR005,,false,true,false
"dr. marlene amstad ,",4,3,3,D29,3,D29_P003_III_PAR005,,false,true,false
"marlene amstad , chairperson",4,3,3,D29,3,D29_P003_III_PAR005,,false,true,false
"amstad , chairperson ,",4,3,3,D29,3,D29_P003_III_PAR005,,false,true,false
", chairperson , swiss",4,3,3,D29,3,D29_P003_III_PAR005,,false,true,false
"chairperson , swiss financial",4,3,3,D29,3,D29_P003_III_PAR005,financial,false,true,false
", swiss financial market",4,3,3,D29,3,D29_P003_III_PAR005,financial;market,false,true,false
swiss financial market supervisory,4,3,3,D29,3,D29_P003_III_PAR005,financial;market,false,true,false
financial market supervisory authority,4,3,3,D29,3,D29_P003_III_PAR005,financial;market,false,true,false
discussed issues of mutual,4,3,3,D29,3,D29_P003_III_PAR005,,false,true,false
issues of mutual interest,4,3,3,D29,3,D29_P003_III_PAR005,,false,true,false
mutual interest and co-operation,4,3,3,D29,3,D29_P003_III_PAR005,,false,true,false
interest and co-operation .,4,3,3,D29,3,D29_P003_III_PAR005,,false,true,false
"minister of finance ,",4,3,3,D29,3,D29_P003_III_PAR006,finance,false,true,false
"along with chairman ,",4,3,3,D29,3,D29_P003_III_PAR009,,false,true,false
"with chairman , sebi",4,3,3,D29,3,D29_P003_III_PAR009,,false,true,false
chapter 12 national institute,4,3,3,D30,2,D30_P002_SEC_12_1_PAR001,,false,true,false
12 national institute of,4,3,3,D30,2,D30_P002_SEC_12_1_PAR001,,false,true,false
post graduate program in,4,3,1,D30,1,D30_T001,,false,true,false
of the staff members,4,3,2,D31,2,D31_P002_SEC_13_4_1_PAR002,,false,true,false
orders passed by the,4,3,3,D31,6,D31_P006_SEC_13_4_7_PAR001,,false,true,false
shri tuhin kanta pandey,4,3,3,D31,7,D31_P007_SEC_13_4_7_PAR008,,false,true,false
implementation of the official,4,3,3,D31,10,D31_P010_SEC_13_4_7_PAR001,,false,true,false
for the staff members,4,3,1,D31,10,D31_P010_SEC_13_6_PAR003,,false,true,false
hindi in their official,4,3,3,D31,10,D31_P010_SEC_13_6_PAR004,,false,true,false
in their official work,4,3,3,D31,10,D31_P010_SEC_13_6_PAR004,,false,true,false
requirements of the official,4,3,3,D31,10,D31_P010_SEC_13_6_PAR006,,false,true,false
the central vigilance commission,4,3,3,D31,11,D31_P011_SEC_13_8_PAR001,,false,true,false
the theme of vaw,4,3,3,D31,12,D31_P012_SEC_13_8_PAR001,,false,true,false
theme of vaw 2025,4,3,3,D31,12,D31_P012_SEC_13_8_PAR001,,false,true,false
website ( https :,4,3,1,D31,13,D31_P013_SEC_13_8_PAR006,,false,true,false
", the office of",4,3,3,D31,13,D31_P013_SEC_13_8_PAR006,,false,true,false
"the rti act ,",4,3,2,D31,14,D31_P014_SEC_13_9_PAR002,,false,true,false
on a suo motu,4,3,1,D31,14,D31_P014_SEC_13_9_PAR005,,false,true,false
a suo motu basis,4,3,1,D31,14,D31_P014_SEC_13_9_PAR005,,false,true,false
0.0 0.1 0.1 0.0,4,3,3,D31,17,D31_P017_SEC_13_11_PAR005,,false,true,false
0.1 0.1 0.0 0.1,4,3,3,D31,17,D31_P017_SEC_13_11_PAR005,,false,true,false
0.1 0.0 0.1 0.1,4,3,3,D31,17,D31_P017_SEC_13_11_PAR005,,false,true,false
statutory and financial powers,4,3,2,D31,17,D31_P017_SEC_13_11_PAR019,financial,false,true,false
major areas of expenditure,4,3,3,D31,18,D31_P018_SEC_13_13_PAR001,expenditure,false,true,false
no . of employees,4,3,2,D31,3,D31_T007,,false,true,false
by the appellate authority,4,3,1,D31,14,D31_T009,,false,true,false
"the appellate authority ,",4,3,1,D31,14,D31_T009,,false,true,false
"appellate authority , sebi",4,3,1,D31,14,D31_T009,,false,true,false
standing committee on finance,4,3,1,D31,15,D31_T012,finance,false,true,false
"objectives , such as",4,2,2,D01,5,D01_BOX001,,false,true,false
of economic activity and,4,2,2,D01,18,D01_BOX003,,false,true,false
quarterly gdp growth are,4,2,2,D01,18,D01_BOX003,gdp;growth,false,true,false
after the end of,4,2,2,D01,18,D01_BOX003,,false,true,false
"timely , credible and",4,2,2,D01,21,D01_BOX005,,false,true,false
", credible and granular",4,2,2,D01,21,D01_BOX005,,false,true,false
credible and granular data,4,2,2,D01,21,D01_BOX005,,false,true,false
". recognising this ,",4,2,2,D01,21,D01_BOX005,,false,true,false
"recognising this , the",4,2,2,D01,21,D01_BOX005,,false,true,false
government has undertaken a,4,2,2,D01,21,D01_BOX005,,false,true,false
"data generation , survey",4,2,2,D01,21,D01_BOX005,,false,true,false
"generation , survey modernisation",4,2,2,D01,21,D01_BOX005,,false,true,false
", survey modernisation ,",4,2,2,D01,21,D01_BOX005,,false,true,false
"survey modernisation , macroeconomic",4,2,2,D01,21,D01_BOX005,macroeconomic,false,true,false
"modernisation , macroeconomic rebasing",4,2,2,D01,21,D01_BOX005,macroeconomic,false,true,false
"together , these efforts",4,2,2,D01,21,D01_BOX005,,false,true,false
these efforts aim to,4,2,2,D01,21,D01_BOX005,,false,true,false
a rapidly changing economy,4,2,2,D01,21,D01_BOX005,,false,true,false
rapidly changing economy .,4,2,2,D01,21,D01_BOX005,,false,true,false
. the annual survey,4,2,2,D01,21,D01_BOX005,,false,true,false
") , expected to",4,2,2,D01,21,D01_BOX005,,false,true,false
. this complements the,4,2,2,D01,21,D01_BOX005,,false,true,false
this complements the existing,4,2,2,D01,21,D01_BOX005,,false,true,false
"( asuse ) ,",4,2,2,D01,21,D01_BOX005,,false,true,false
segment of the services,4,2,2,D01,21,D01_BOX005,,false,true,false
across rural and urban,4,2,2,D01,21,D01_BOX005,,false,true,false
urban areas . the,4,2,2,D01,21,D01_BOX005,,false,true,false
". alongside this ,",4,2,2,D01,21,D01_BOX005,,false,true,false
2 of the economic,4,2,2,D01,31,D01_BOX007,,false,true,false
with the possibility of,4,2,2,D01,31,D01_BOX007,,false,true,false
in the economy has,4,2,2,D01,31,D01_BOX007,,false,true,false
the economy 's productive,4,2,2,D01,31,D01_BOX007,,false,true,false
an upward shift in,4,2,2,D01,31,D01_BOX007,,false,true,false
upward shift in potential,4,2,2,D01,31,D01_BOX007,,false,true,false
the global economic environment,4,2,2,D01,1,D01_P001_UNKNOWN_PAR002,,false,true,false
"environment remains uncertain ,",4,2,2,D01,1,D01_P001_UNKNOWN_PAR002,,false,true,false
"geopolitical tensions , trade",4,2,2,D01,1,D01_P001_UNKNOWN_PAR002,trade,false,true,false
", trade disruptions ,",4,2,2,D01,1,D01_P001_UNKNOWN_PAR002,trade,false,true,false
"trade disruptions , and",4,2,2,D01,1,D01_P001_UNKNOWN_PAR002,trade,false,true,false
"supply chains , and",4,2,2,D01,1,D01_P001_UNKNOWN_PAR002,supply,false,true,false
", the indian economy",4,2,2,D01,1,D01_P001_UNKNOWN_PAR003,,false,true,false
the indian economy has,4,2,2,D01,1,D01_P001_UNKNOWN_PAR003,,false,true,false
momentum in fy26 .,4,2,2,D01,1,D01_P001_UNKNOWN_PAR003,,false,true,false
real gdp growth at,4,2,2,D01,1,D01_P001_UNKNOWN_PAR003,gdp;growth,false,true,false
the third quarter .,4,2,2,D01,1,D01_P001_UNKNOWN_PAR004,,false,true,false
highlights the role of,4,2,2,D01,1,D01_P001_UNKNOWN_PAR004,,false,true,false
challenging global conditions .,4,2,2,D01,1,D01_P001_UNKNOWN_PAR004,,false,true,false
"key macroeconomic fundamentals ,",4,2,2,D01,1,D01_P001_UNKNOWN_PAR005,macroeconomic,false,true,false
"macroeconomic fundamentals , including",4,2,2,D01,1,D01_P001_UNKNOWN_PAR005,macroeconomic,false,true,false
"inflation , financial sector",4,2,2,D01,1,D01_P001_UNKNOWN_PAR005,financial;inflation;sector,false,true,false
", financial sector conditions",4,2,2,D01,1,D01_P001_UNKNOWN_PAR005,financial;sector,false,true,false
"financial sector conditions ,",4,2,2,D01,1,D01_P001_UNKNOWN_PAR005,financial;sector,false,true,false
"sector conditions , fiscal",4,2,2,D01,1,D01_P001_UNKNOWN_PAR005,fiscal;sector,false,true,false
", and labour market",4,2,2,D01,1,D01_P001_UNKNOWN_PAR005,market,false,true,false
. inflation has moderated,4,2,2,D01,1,D01_P001_UNKNOWN_PAR005,inflation,false,true,false
are expected to continue,4,2,2,D01,1,D01_P001_UNKNOWN_PAR006,,false,true,false
"efforts , the economy",4,2,2,D01,1,D01_P001_UNKNOWN_PAR006,,false,true,false
the near term .,4,2,2,D01,1,D01_P001_UNKNOWN_PAR006,,false,true,false
. the outlook for,4,2,2,D01,1,D01_P001_UNKNOWN_PAR006,,false,true,false
's medium-term growth potential,4,2,2,D01,1,D01_P001_UNKNOWN_PAR006,growth,false,true,false
in the global economy,4,2,2,D01,2,D01_P002_SEC_1_1_PAR001,,false,true,false
the short run .,4,2,2,D01,2,D01_P002_SEC_1_1_PAR001,,false,true,false
trade agreements between the,4,2,2,D01,2,D01_P002_SEC_1_1_PAR001,trade,false,true,false
between the us and,4,2,2,D01,2,D01_P002_SEC_1_1_PAR001,,true,true,false
the imf 's world,4,2,2,D01,2,D01_P002_SEC_1_1_PAR001,,false,true,false
imf 's world economic,4,2,2,D01,2,D01_P002_SEC_1_1_PAR001,,false,true,false
's world economic outlook,4,2,2,D01,2,D01_P002_SEC_1_1_PAR001,,false,true,false
. in some instances,4,2,2,D01,2,D01_P002_SEC_1_1_PAR001,,false,true,false
"in some instances ,",4,2,2,D01,2,D01_P002_SEC_1_1_PAR001,,false,true,false
remained relatively stable in,4,2,2,D01,2,D01_P002_SEC_1_1_PAR001,stable,false,true,false
relatively stable in the,4,2,2,D01,2,D01_P002_SEC_1_1_PAR001,stable,false,true,false
the short term .,4,2,2,D01,2,D01_P002_SEC_1_1_PAR001,,false,true,false
( table i. 1,4,2,1,D01,2,D01_P002_SEC_1_1_PAR001,,false,true,false
table i. 1 ),4,2,1,D01,2,D01_P002_SEC_1_1_PAR001,,false,true,false
i. 1 ) .,4,2,1,D01,2,D01_P002_SEC_1_1_PAR001,,false,true,false
1 ) . growth,4,2,2,D01,2,D01_P002_SEC_1_1_PAR001,growth,false,true,false
for the year 2025,4,2,1,D01,2,D01_P002_SEC_1_1_PAR001,,false,true,false
", while that in",4,2,1,D01,2,D01_P002_SEC_1_1_PAR001,,false,true,false
is projected to be,4,2,2,D01,2,D01_P002_SEC_1_1_PAR001,,false,true,false
driven by strong growth,4,2,2,D01,2,D01_P002_SEC_1_1_PAR001,growth,false,true,false
strong growth in the,4,2,2,D01,2,D01_P002_SEC_1_1_PAR001,growth,false,true,false
growth in the us,4,2,2,D01,2,D01_P002_SEC_1_1_PAR001,growth,false,true,false
in the us .,4,2,2,D01,2,D01_P002_SEC_1_1_PAR001,,false,true,false
. for the year,4,2,2,D01,2,D01_P002_SEC_1_1_PAR001,,false,true,false
is expected to have,4,2,1,D01,2,D01_P002_SEC_1_1_PAR001,,false,true,false
by 40 basis points,4,2,2,D01,2,D01_P002_SEC_1_1_PAR001,,false,true,false
. growth in the,4,2,1,D01,3,D01_P003_SEC_1_2_PAR002,growth,false,true,false
in artificial intelligence (,4,2,2,D01,3,D01_P003_SEC_1_2_PAR002,,false,true,false
( ai ) .,4,2,2,D01,3,D01_P003_SEC_1_2_PAR002,,false,true,false
for nearly half of,4,2,2,D01,3,D01_P003_SEC_1_2_PAR002,,false,true,false
"in recent quarters ,",4,2,2,D01,3,D01_P003_SEC_1_2_PAR002,,false,true,false
the european central bank,4,2,2,D01,3,D01_P003_SEC_1_2_PAR002,bank,false,true,false
to address the pandemic,4,2,2,D01,4,D01_P004_SEC_1_3_PAR001,,false,true,false
i. 3 ) .,4,2,2,D01,4,D01_P004_SEC_1_3_PAR001,,false,true,false
", coupled with the",4,2,2,D01,4,D01_P004_SEC_1_5_PAR001,,false,true,false
. as per the,4,2,2,D01,4,D01_P004_SEC_1_5_PAR001,,false,true,false
world investment report 20254,4,2,2,D01,4,D01_P004_SEC_1_5_PAR001,investment,false,true,false
as well as technological,4,2,2,D01,5,D01_P005_SEC_1_6_PAR001,,false,true,false
the resurgence of economic,4,2,2,D01,5,D01_P005_SEC_1_6_PAR001,,false,true,false
resurgence of economic statecraft,4,2,2,D01,5,D01_P005_SEC_1_6_PAR001,,false,true,false
disruptions during the pandemic,4,2,2,D01,6,D01_P006_SEC_1_6_PAR002,,false,true,false
"during the pandemic ,",4,2,2,D01,6,D01_P006_SEC_1_6_PAR002,,false,true,false
", and the growing",4,2,2,D01,6,D01_P006_SEC_1_6_PAR002,,false,true,false
and the growing use,4,2,2,D01,6,D01_P006_SEC_1_6_PAR002,,false,true,false
the growing use of,4,2,2,D01,6,D01_P006_SEC_1_6_PAR002,,false,true,false
advanced and emerging economies,4,2,2,D01,6,D01_P006_SEC_1_6_PAR002,,false,true,false
and emerging economies alike,4,2,2,D01,6,D01_P006_SEC_1_6_PAR002,,false,true,false
a growing number of,4,2,2,D01,6,D01_P006_SEC_1_6_PAR005,,false,true,false
", just before the",4,2,2,D01,6,D01_P006_SEC_1_6_PAR007,,false,true,false
the outbreak of the,4,2,2,D01,6,D01_P006_SEC_1_6_PAR007,,false,true,false
the onset of the,4,2,2,D01,6,D01_P006_SEC_1_6_PAR007,,false,true,false
being used as a,4,2,2,D01,6,D01_P006_SEC_1_6_PAR007,,false,true,false
to critical minerals and,4,2,2,D01,7,D01_P007_SEC_1_6_PAR004,,false,true,false
", electric vehicles ,",4,2,2,D01,7,D01_P007_SEC_1_6_PAR006,,false,true,false
", and ai ,",4,2,2,D01,7,D01_P007_SEC_1_6_PAR006,,false,true,false
export controls on advanced,4,2,2,D01,7,D01_P007_SEC_1_6_PAR008,export,false,true,false
", electronics , and",4,2,2,D01,7,D01_P007_SEC_1_6_PAR009,,false,true,false
and technology firms to,4,2,2,D01,7,D01_P007_SEC_1_6_PAR010,,false,true,false
carbon border adjustment mechanism,4,2,2,D01,8,D01_P008_SEC_1_6_PAR001,,false,true,false
border adjustment mechanism (,4,2,2,D01,8,D01_P008_SEC_1_6_PAR001,,false,true,false
adjustment mechanism ( cbam,4,2,2,D01,8,D01_P008_SEC_1_6_PAR001,,false,true,false
mechanism ( cbam ),4,2,2,D01,8,D01_P008_SEC_1_6_PAR001,,false,true,false
the extent to which,4,2,2,D01,8,D01_P008_SEC_1_6_PAR002,,false,true,false
"goods , services ,",4,2,2,D01,8,D01_P008_SEC_1_6_PAR003,,false,true,false
"scale , diversity ,",4,2,2,D01,8,D01_P008_SEC_1_6_PAR003,,false,true,false
", diversity , and",4,2,2,D01,8,D01_P008_SEC_1_6_PAR003,,false,true,false
in emerging areas such,4,2,2,D01,8,D01_P008_SEC_1_6_PAR003,,false,true,false
emerging areas such as,4,2,2,D01,8,D01_P008_SEC_1_6_PAR003,,false,true,false
are detailed in chapter,4,2,2,D01,8,D01_P008_SEC_1_6_PAR003,,false,true,false
. against this global,4,2,2,D01,8,D01_P008_SEC_1_7_PAR001,,false,true,false
against this global backdrop,4,2,2,D01,8,D01_P008_SEC_1_7_PAR001,,false,true,false
"this global backdrop ,",4,2,2,D01,8,D01_P008_SEC_1_7_PAR001,,false,true,false
performance of the indian,4,2,2,D01,8,D01_P008_SEC_1_7_PAR001,,false,true,false
of the indian economy,4,2,2,D01,8,D01_P008_SEC_1_7_PAR001,,false,true,false
reflected in the first,4,2,2,D01,8,D01_P008_SEC_1_7_PAR001,,false,true,false
in the first advance,4,2,2,D01,8,D01_P008_SEC_1_7_PAR001,,false,true,false
advance estimates for fy26,4,2,2,D01,8,D01_P008_SEC_1_7_PAR001,,false,true,false
the chapter then examines,4,2,2,D01,8,D01_P008_SEC_1_7_PAR001,,false,true,false
concludes with an assessment,4,2,2,D01,8,D01_P008_SEC_1_7_PAR001,,false,true,false
even as the global,4,2,2,D01,8,D01_P008_SEC_1_8_PAR001,,false,true,false
and programme implementation (,4,2,2,D01,9,D01_P009_SEC_1_8_PAR002,,false,true,false
programme implementation ( mospi,4,2,2,D01,9,D01_P009_SEC_1_8_PAR002,,false,true,false
implementation ( mospi ),4,2,2,D01,9,D01_P009_SEC_1_8_PAR002,,false,true,false
year . on the,4,2,2,D01,9,D01_P009_SEC_1_8_PAR002,,false,true,false
domestic demand continues to,4,2,2,D01,9,D01_P009_SEC_1_8_PAR002,demand,false,true,false
"to anchor growth ,",4,2,2,D01,9,D01_P009_SEC_1_8_PAR002,growth,false,true,false
"growth , supported by",4,2,2,D01,9,D01_P009_SEC_1_8_PAR002,growth,false,true,false
. on the supply,4,2,2,D01,9,D01_P009_SEC_1_8_PAR002,supply,false,true,false
", transport , and",4,2,2,D01,9,D01_P009_SEC_1_8_PAR002,,false,true,false
. the following sub-section,4,2,2,D01,9,D01_P009_SEC_1_8_PAR002,,false,true,false
growth in h 1,4,2,2,D01,9,D01_P009_SEC_1_8_PAR002,growth,false,true,false
", the highest level",4,2,2,D01,10,D01_P010_SEC_1_9_PAR001,,false,true,false
. this is corroborated,4,2,2,D01,10,D01_P010_SEC_1_9_PAR001,,false,true,false
this is corroborated by,4,2,2,D01,10,D01_P010_SEC_1_9_PAR001,,false,true,false
the pre-covid trend of,4,2,2,D01,10,D01_P010_SEC_1_9_PAR001,,false,true,false
i. 7 ) .,4,2,2,D01,10,D01_P010_SEC_1_9_PAR001,,false,true,false
7 ) . this,4,2,2,D01,10,D01_P010_SEC_1_9_PAR001,,false,true,false
", aided by the",4,2,2,D01,10,D01_P010_SEC_1_9_PAR001,,false,true,false
aided by the rationalisation,4,2,2,D01,10,D01_P010_SEC_1_9_PAR001,,false,true,false
a slight moderation in,4,2,2,D01,11,D01_P011_SEC_1_10_PAR001,,false,true,false
"fy26 , including the",4,2,2,D01,11,D01_P011_SEC_1_10_PAR001,,false,true,false
", including the impact",4,2,2,D01,11,D01_P011_SEC_1_10_PAR001,,false,true,false
including the impact of,4,2,2,D01,11,D01_P011_SEC_1_10_PAR001,,false,true,false
"in h 1 ,",4,2,2,D01,11,D01_P011_SEC_1_10_PAR001,,false,true,false
during q3 of fy26,4,2,2,D01,11,D01_P011_SEC_1_10_PAR001,,false,true,false
"q3 of fy26 ,",4,2,2,D01,11,D01_P011_SEC_1_10_PAR001,,false,true,false
likely to remain resilient,4,2,2,D01,11,D01_P011_SEC_1_10_PAR001,,false,true,false
"of fy26 , including",4,2,2,D01,11,D01_P011_SEC_1_11_PAR001,,false,true,false
"and tractor sales ,",4,2,2,D01,11,D01_P011_SEC_1_11_PAR001,,false,true,false
"air passenger traffic ,",4,2,2,D01,11,D01_P011_SEC_1_11_PAR001,,false,true,false
rural economic conditions and,4,2,2,D01,11,D01_P011_SEC_1_11_PAR001,,false,true,false
economic conditions and sentiments,4,2,2,D01,11,D01_P011_SEC_1_11_PAR001,,false,true,false
conditions and sentiments survey,4,2,2,D01,11,D01_P011_SEC_1_11_PAR001,,false,true,false
"the last year ,",4,2,2,D01,11,D01_P011_SEC_1_11_PAR001,,false,true,false
the share of monthly,4,2,2,D01,11,D01_P011_SEC_1_11_PAR001,,false,true,false
the positive impact of,4,2,2,D01,11,D01_P011_SEC_1_11_PAR001,,false,true,false
"growth in fy26 ,",4,2,2,D01,12,D01_P012_SEC_1_12_PAR001,growth,false,true,false
and remaining above the,4,2,2,D01,12,D01_P012_SEC_1_12_PAR001,,false,true,false
remaining above the pre-pandemic,4,2,2,D01,12,D01_P012_SEC_1_12_PAR001,,false,true,false
above the pre-pandemic average,4,2,2,D01,12,D01_P012_SEC_1_12_PAR001,,false,true,false
. this momentum was,4,2,2,D01,12,D01_P012_SEC_1_12_PAR001,,false,true,false
by sustained public capital,4,2,2,D01,12,D01_P012_SEC_1_12_PAR001,capital,false,true,false
the pre- pandemic average,4,2,2,D01,12,D01_P012_SEC_1_12_PAR001,,false,true,false
") . together ,",4,2,2,D01,12,D01_P012_SEC_1_12_PAR001,,false,true,false
of the investment cycle,4,2,2,D01,12,D01_P012_SEC_1_12_PAR001,investment,false,true,false
"the investment cycle ,",4,2,2,D01,12,D01_P012_SEC_1_12_PAR001,investment,false,true,false
. the implicit h,4,2,2,D01,13,D01_P013_SEC_1_13_PAR001,,false,true,false
the implicit h 2,4,2,2,D01,13,D01_P013_SEC_1_13_PAR001,,false,true,false
implicit h 2 estimate,4,2,2,D01,13,D01_P013_SEC_1_13_PAR001,,false,true,false
in non-food bank credit,4,2,2,D01,13,D01_P013_SEC_1_13_PAR001,bank;credit,false,true,false
above its long-term average,4,2,2,D01,13,D01_P013_SEC_1_13_PAR001,,false,true,false
". in particular ,",4,2,2,D01,13,D01_P013_SEC_1_13_PAR001,,false,true,false
"in particular , the",4,2,2,D01,13,D01_P013_SEC_1_13_PAR001,,false,true,false
", the index of",4,2,2,D01,13,D01_P013_SEC_1_13_PAR001,,false,true,false
. ( table i.,4,2,2,D01,13,D01_P013_SEC_1_13_PAR001,,false,true,false
", with a share",4,2,2,D01,13,D01_P013_SEC_1_14_PAR001,,false,true,false
exports of goods and,4,2,2,D01,13,D01_P013_SEC_1_14_PAR001,exports,false,true,false
", exceeding the growth",4,2,2,D01,13,D01_P013_SEC_1_14_PAR001,growth,false,true,false
the same period last,4,2,2,D01,13,D01_P013_SEC_1_14_PAR001,,false,true,false
same period last year,4,2,2,D01,13,D01_P013_SEC_1_14_PAR001,,false,true,false
"period last year ,",4,2,2,D01,13,D01_P013_SEC_1_14_PAR001,,false,true,false
for q3 of fy26,4,2,2,D01,14,D01_P014_SEC_1_15_PAR001,,false,true,false
momentum is expected to,4,2,2,D01,14,D01_P014_SEC_1_15_PAR001,,false,true,false
is expected to strengthen,4,2,2,D01,14,D01_P014_SEC_1_15_PAR001,,false,true,false
trade negotiations with the,4,2,2,D01,14,D01_P014_SEC_1_15_PAR001,trade,false,true,false
negotiations with the united,4,2,2,D01,14,D01_P014_SEC_1_15_PAR001,,false,true,false
", supported by sustained",4,2,2,D01,14,D01_P014_SEC_1_16_PAR001,,false,true,false
are estimated to grow,4,2,2,D01,14,D01_P014_SEC_1_17_PAR001,,false,true,false
estimated to grow by,4,2,2,D01,14,D01_P014_SEC_1_17_PAR001,,false,true,false
was supported by a,4,2,2,D01,14,D01_P014_SEC_1_17_PAR001,,false,true,false
", higher than the",4,2,2,D01,14,D01_P014_SEC_1_17_PAR001,,false,true,false
growth recorded in h,4,2,2,D01,14,D01_P014_SEC_1_17_PAR001,growth,false,true,false
recorded in h 1,4,2,2,D01,14,D01_P014_SEC_1_17_PAR001,,false,true,false
"h 1 fy25 ,",4,2,2,D01,14,D01_P014_SEC_1_17_PAR001,,false,true,false
) . this trend,4,2,2,D01,14,D01_P014_SEC_1_17_PAR001,,false,true,false
for more than half,4,2,2,D01,14,D01_P014_SEC_1_17_PAR001,,false,true,false
"of agricultural gva ,",4,2,2,D01,14,D01_P014_SEC_1_17_PAR001,gva,false,true,false
"agricultural gva , has",4,2,2,D01,14,D01_P014_SEC_1_17_PAR001,gva,false,true,false
", has been marked",4,2,2,D01,14,D01_P014_SEC_1_17_PAR001,,false,true,false
for details ) .,4,2,2,D01,15,D01_P015_SEC_1_17_PAR002,,false,true,false
and sufficient availability of,4,2,2,D01,15,D01_P015_SEC_1_18_PAR001,,false,true,false
higher than the corresponding,4,2,2,D01,15,D01_P015_SEC_1_18_PAR001,,false,true,false
than the corresponding period,4,2,2,D01,15,D01_P015_SEC_1_18_PAR001,,false,true,false
period last year .,4,2,2,D01,15,D01_P015_SEC_1_18_PAR001,,false,true,false
half of fy26 .,4,2,2,D01,15,D01_P015_SEC_1_18_PAR001,,false,true,false
gdp deflators : manufacturing,4,2,2,D01,15,D01_P015_SEC_1_19_PAR001,gdp,false,true,false
deflators : manufacturing 's,4,2,2,D01,15,D01_P015_SEC_1_19_PAR001,,false,true,false
: manufacturing 's reversal,4,2,2,D01,15,D01_P015_SEC_1_19_PAR001,,false,true,false
manufacturing 's reversal in,4,2,2,D01,15,D01_P015_SEC_1_19_PAR001,,false,true,false
's reversal in terms,4,2,2,D01,15,D01_P015_SEC_1_19_PAR001,,false,true,false
reversal in terms of,4,2,2,D01,15,D01_P015_SEC_1_19_PAR001,,false,true,false
gross value of output,4,2,2,D01,15,D01_P015_SEC_1_19_PAR001,output,false,true,false
value of output (,4,2,2,D01,15,D01_P015_SEC_1_19_PAR001,output,false,true,false
of output ( gvo,4,2,2,D01,15,D01_P015_SEC_1_19_PAR001,output,false,true,false
output ( gvo ),4,2,2,D01,15,D01_P015_SEC_1_19_PAR001,output,false,true,false
has remained broadly stable,4,2,2,D01,15,D01_P015_SEC_1_19_PAR001,stable,false,true,false
has been sustained .,4,2,2,D01,15,D01_P015_SEC_1_19_PAR001,,false,true,false
. this assessment is,4,2,2,D01,16,D01_P016_SEC_1_20_PAR001,,false,true,false
"of fy26 , exceeding",4,2,2,D01,16,D01_P016_SEC_1_20_PAR001,,false,true,false
"fy26 , exceeding the",4,2,2,D01,16,D01_P016_SEC_1_20_PAR001,,false,true,false
1 of fy25 and,4,2,2,D01,16,D01_P016_SEC_1_20_PAR001,,false,true,false
of fy25 and the,4,2,2,D01,16,D01_P016_SEC_1_20_PAR001,,false,true,false
lower than the pre-pandemic,4,2,2,D01,16,D01_P016_SEC_1_20_PAR001,,false,true,false
public capital expenditure and,4,2,2,D01,16,D01_P016_SEC_1_21_PAR001,capital;expenditure,false,true,false
. the high-frequency indicators,4,2,2,D01,16,D01_P016_SEC_1_22_PAR001,,false,true,false
the high-frequency indicators for,4,2,2,D01,16,D01_P016_SEC_1_22_PAR001,,false,true,false
high-frequency indicators for q3,4,2,2,D01,16,D01_P016_SEC_1_22_PAR001,,false,true,false
", have witnessed a",4,2,2,D01,16,D01_P016_SEC_1_22_PAR001,,false,true,false
is expected to remain,4,2,2,D01,16,D01_P016_SEC_1_22_PAR001,,false,true,false
of gst and a,4,2,2,D01,16,D01_P016_SEC_1_22_PAR001,gst,false,true,false
", is estimated to",4,2,2,D01,17,D01_P017_SEC_1_23_PAR001,,false,true,false
by 9.3 per cent in h,4,2,2,D01,17,D01_P017_SEC_1_24_PAR001,,false,true,false
9.3 per cent in h 1,4,2,2,D01,17,D01_P017_SEC_1_24_PAR001,,false,true,false
"fy26 , with its",4,2,2,D01,17,D01_P017_SEC_1_24_PAR001,,false,true,false
gdp rising to 53.6 per cent,4,2,2,D01,17,D01_P017_SEC_1_24_PAR001,gdp,false,true,false
"rising to 53.6 per cent ,",4,2,2,D01,17,D01_P017_SEC_1_24_PAR001,,false,true,false
h 1 fy25 and,4,2,2,D01,17,D01_P017_SEC_1_24_PAR001,,false,true,false
1 fy25 and the,4,2,2,D01,17,D01_P017_SEC_1_24_PAR001,,false,true,false
and the pre-pandemic period,4,2,2,D01,17,D01_P017_SEC_1_24_PAR001,,false,true,false
"' trade , hospitality",4,2,2,D01,18,D01_P018_SEC_1_25_PAR001,trade,false,true,false
"hospitality , transport ,",4,2,2,D01,18,D01_P018_SEC_1_25_PAR001,,false,true,false
"transport , communication and",4,2,2,D01,18,D01_P018_SEC_1_25_PAR001,,false,true,false
", communication and related",4,2,2,D01,18,D01_P018_SEC_1_25_PAR001,,false,true,false
communication and related services,4,2,2,D01,18,D01_P018_SEC_1_25_PAR001,,false,true,false
and related services ',4,2,2,D01,18,D01_P018_SEC_1_25_PAR001,,false,true,false
the pre-pandemic average .,4,2,2,D01,18,D01_P018_SEC_1_25_PAR001,,false,true,false
", port cargo traffic",4,2,2,D01,18,D01_P018_SEC_1_26_PAR001,,false,true,false
"port cargo traffic ,",4,2,2,D01,18,D01_P018_SEC_1_26_PAR001,,false,true,false
a combination of temporary,4,2,2,D01,18,D01_P018_SEC_1_26_PAR001,,false,true,false
"operating costs , capacity",4,2,2,D01,18,D01_P018_SEC_1_26_PAR001,,false,true,false
"costs , capacity constraints",4,2,2,D01,18,D01_P018_SEC_1_26_PAR001,,false,true,false
", capacity constraints ,",4,2,2,D01,18,D01_P018_SEC_1_26_PAR001,,false,true,false
geopolitical uncertainties affecting international,4,2,2,D01,18,D01_P018_SEC_1_26_PAR001,,false,true,false
uncertainties affecting international routes,4,2,2,D01,18,D01_P018_SEC_1_26_PAR001,,false,true,false
data for the first,4,2,2,D01,18,D01_P018_SEC_1_27_PAR001,,false,true,false
", automobile sales ,",4,2,2,D01,19,D01_P019_UNKNOWN_PAR001,,false,true,false
a dynamic factor model,4,2,2,D01,19,D01_P019_UNKNOWN_PAR002,,false,true,false
n × 1 vector,4,2,2,D01,19,D01_P019_UNKNOWN_PAR003,,false,true,false
× 1 vector ),4,2,1,D01,19,D01_P019_UNKNOWN_PAR003,,false,true,false
the latent factors ft,4,2,2,D01,19,D01_P019_UNKNOWN_PAR003,,false,true,false
k × 1 vector,4,2,2,D01,19,D01_P019_UNKNOWN_PAR003,,false,true,false
is the n ×,4,2,1,D01,19,D01_P019_UNKNOWN_PAR004,,false,true,false
× 1 vector of,4,2,1,D01,19,D01_P019_UNKNOWN_PAR004,,false,true,false
over time . the,4,2,2,D01,19,D01_P019_UNKNOWN_PAR004,,false,true,false
is the k ×,4,2,1,D01,19,D01_P019_UNKNOWN_PAR004,,false,true,false
the number of factors,4,2,2,D01,19,D01_P019_UNKNOWN_PAR005,,false,true,false
is determined by the,4,2,2,D01,19,D01_P019_UNKNOWN_PAR005,,false,true,false
in the movement of,4,2,2,D01,20,D01_P020_UNKNOWN_PAR001,,false,true,false
ongoing efforts to strengthen,4,2,2,D01,21,D01_P021_SEC_1_28_PAR001,,false,true,false
real gdp growth for,4,2,2,D01,21,D01_P021_UNKNOWN_PAR002,gdp;growth,false,true,false
has been introduced to,4,2,2,D01,22,D01_P022_SEC_1_28_PAR003,,false,true,false
strengthening state statistical systems,4,2,2,D01,22,D01_P022_SEC_1_28_PAR005,,false,true,false
to states and union,4,2,2,D01,22,D01_P022_SEC_1_28_PAR007,,false,true,false
for a changing economy,4,2,2,D01,22,D01_P022_SEC_1_28_PAR008,,false,true,false
scheduled for release on,4,2,2,D01,22,D01_P022_SEC_1_28_PAR009,,false,true,false
of the informal sector,4,2,2,D01,22,D01_P022_SEC_1_28_PAR009,sector,false,true,false
some of the major,4,2,2,D01,22,D01_P022_SEC_1_28_PAR010,,false,true,false
the new gdp series,4,2,2,D01,22,D01_P022_SEC_1_28_PAR010,gdp,false,true,false
household consumption expenditure survey,4,2,2,D01,23,D01_P023_SEC_1_28_PAR008,consumption;expenditure,false,true,false
across urban and rural,4,2,2,D01,23,D01_P023_SEC_1_28_PAR008,,false,true,false
aligned with internationally accepted,4,2,2,D01,23,D01_P023_SEC_1_28_PAR010,,false,true,false
have significantly expanded the,4,2,2,D01,23,D01_P023_SEC_1_28_PAR010,,false,true,false
transparency and interoperability .,4,2,2,D01,23,D01_P023_SEC_1_28_PAR012,,false,true,false
the foundation for an,4,2,2,D01,23,D01_P023_SEC_1_28_PAR012,,false,true,false
foundation for an integrated,4,2,2,D01,23,D01_P023_SEC_1_28_PAR012,,false,true,false
strengthening the foundations of,4,2,2,D01,23,D01_P023_SEC_1_28_PAR013,,false,true,false
in precious metals ;,4,2,2,D01,24,D01_P024_SEC_1_29_PAR001,,false,true,false
pass-through of gst rate,4,2,2,D01,24,D01_P024_SEC_1_29_PAR001,gst;rate,false,true,false
in fy26 has been,4,2,2,D01,24,D01_P024_SEC_1_30_PAR001,,false,true,false
been underpinned by a,4,2,2,D01,24,D01_P024_SEC_1_30_PAR001,,false,true,false
the gross tax revenue,4,2,2,D01,24,D01_P024_SEC_1_30_PAR001,revenue;tax,false,true,false
nearly 53 per cent of the,4,2,2,D01,24,D01_P024_SEC_1_30_PAR001,,false,true,false
collections in absolute terms,4,2,2,D01,24,D01_P024_SEC_1_30_PAR001,,false,true,false
multiple all-time highs during,4,2,2,D01,24,D01_P024_SEC_1_30_PAR001,,false,true,false
all-time highs during the,4,2,2,D01,24,D01_P024_SEC_1_30_PAR001,,false,true,false
"policy reforms , including",4,2,2,D01,25,D01_P025_SEC_1_30_PAR002,policy,false,true,false
"reforms , including the",4,2,2,D01,25,D01_P025_SEC_1_30_PAR002,,false,true,false
of the budgeted allocation,4,2,2,D01,25,D01_P025_SEC_1_30_PAR002,,false,true,false
", the growth in",4,2,2,D01,25,D01_P025_SEC_1_30_PAR002,growth,false,true,false
the quality of public,4,2,2,D01,25,D01_P025_SEC_1_30_PAR002,,false,true,false
government 's fiscal trajectory,4,2,2,D01,25,D01_P025_SEC_1_31_PAR001,fiscal,false,true,false
's fiscal trajectory stands,4,2,2,D01,25,D01_P025_SEC_1_31_PAR001,fiscal,false,true,false
fiscal trajectory stands out,4,2,2,D01,25,D01_P025_SEC_1_31_PAR001,fiscal,false,true,false
trajectory stands out for,4,2,2,D01,25,D01_P025_SEC_1_31_PAR001,,false,true,false
stands out for combining,4,2,2,D01,25,D01_P025_SEC_1_31_PAR001,,false,true,false
out for combining consolidation,4,2,2,D01,25,D01_P025_SEC_1_31_PAR001,,false,true,false
for combining consolidation with,4,2,2,D01,25,D01_P025_SEC_1_31_PAR001,,false,true,false
combining consolidation with sustained,4,2,2,D01,25,D01_P025_SEC_1_31_PAR001,,false,true,false
consolidation with sustained public,4,2,2,D01,25,D01_P025_SEC_1_31_PAR001,,false,true,false
with sustained public investment,4,2,2,D01,25,D01_P025_SEC_1_31_PAR001,investment,false,true,false
"central government , through",4,2,2,D01,25,D01_P025_SEC_1_31_PAR001,,false,true,false
"government , through its",4,2,2,D01,25,D01_P025_SEC_1_31_PAR001,,false,true,false
", through its special",4,2,2,D01,25,D01_P025_SEC_1_31_PAR001,,false,true,false
through its special assistance,4,2,2,D01,25,D01_P025_SEC_1_31_PAR001,,false,true,false
its special assistance to,4,2,2,D01,25,D01_P025_SEC_1_31_PAR001,,false,true,false
expenditure/investment ( sasci ),4,2,2,D01,25,D01_P025_SEC_1_31_PAR001,,false,true,false
"( sasci ) ,",4,2,2,D01,25,D01_P025_SEC_1_31_PAR001,,false,true,false
"sasci ) , has",4,2,2,D01,25,D01_P025_SEC_1_31_PAR001,,false,true,false
") , has successfully",4,2,2,D01,25,D01_P025_SEC_1_31_PAR001,,false,true,false
", has successfully incentivised",4,2,2,D01,25,D01_P025_SEC_1_31_PAR001,,false,true,false
has successfully incentivised the,4,2,2,D01,25,D01_P025_SEC_1_31_PAR001,,false,true,false
successfully incentivised the states,4,2,2,D01,25,D01_P025_SEC_1_31_PAR001,,false,true,false
incentivised the states to,4,2,2,D01,25,D01_P025_SEC_1_31_PAR001,,false,true,false
the states to maintain,4,2,2,D01,25,D01_P025_SEC_1_31_PAR001,,false,true,false
states to maintain capital,4,2,2,D01,25,D01_P025_SEC_1_31_PAR001,capital,false,true,false
to maintain capital expenditure,4,2,2,D01,25,D01_P025_SEC_1_31_PAR001,capital;expenditure,false,true,false
maintain capital expenditure at,4,2,2,D01,25,D01_P025_SEC_1_31_PAR001,capital;expenditure,false,true,false
capital expenditure at around,4,2,2,D01,25,D01_P025_SEC_1_31_PAR001,capital;expenditure,false,true,false
expenditure at around 2.4 per cent,4,2,2,D01,25,D01_P025_SEC_1_31_PAR001,expenditure,false,true,false
at around 2.4 per cent of,4,2,2,D01,25,D01_P025_SEC_1_31_PAR001,,false,true,false
around 2.4 per cent of gdp,4,2,2,D01,25,D01_P025_SEC_1_31_PAR001,gdp,false,true,false
of gdp . the,4,2,2,D01,25,D01_P025_SEC_1_31_PAR001,gdp,false,true,false
expansion of unconditional cash,4,2,2,D01,25,D01_P025_SEC_1_31_PAR001,,false,true,false
of unconditional cash transfers,4,2,2,D01,25,D01_P025_SEC_1_31_PAR001,,false,true,false
) . based on,4,2,2,D01,25,D01_P025_SEC_1_31_PAR001,,false,true,false
"the year , the",4,2,2,D01,25,D01_P025_SEC_1_31_PAR001,,false,true,false
on track to achieve,4,2,2,D01,25,D01_P025_SEC_1_31_PAR001,,false,true,false
track to achieve its,4,2,2,D01,25,D01_P025_SEC_1_31_PAR001,,false,true,false
"fiscal consolidation path ,",4,2,2,D01,25,D01_P025_SEC_1_31_PAR001,fiscal,false,true,false
"path , aiming to",4,2,2,D01,25,D01_P025_SEC_1_31_PAR001,,false,true,false
a fiscal deficit target,4,2,2,D01,25,D01_P025_SEC_1_31_PAR001,deficit;fiscal,false,true,false
fiscal deficit target of,4,2,2,D01,25,D01_P025_SEC_1_31_PAR001,deficit;fiscal,false,true,false
of gdp by fy26,4,2,2,D01,25,D01_P025_SEC_1_31_PAR001,gdp,false,true,false
"of november 2025 , the",4,2,2,D01,25,D01_P025_SEC_1_31_PAR001,,false,true,false
the union government 's,4,2,2,D01,25,D01_P025_SEC_1_31_PAR001,,false,true,false
government 's fiscal deficit,4,2,2,D01,25,D01_P025_SEC_1_31_PAR001,deficit;fiscal,false,true,false
at 62.3 per cent of the,4,2,2,D01,25,D01_P025_SEC_1_31_PAR001,,false,true,false
the budget estimates .,4,2,2,D01,25,D01_P025_SEC_1_31_PAR001,budget,false,true,false
the government 's commitment,4,2,2,D01,25,D01_P025_SEC_1_32_PAR001,,false,true,false
government 's commitment to,4,2,2,D01,25,D01_P025_SEC_1_32_PAR001,,false,true,false
"fiscal glide path ,",4,2,2,D01,26,D01_P026_SEC_1_32_PAR001,fiscal,false,true,false
while upgrading india 's,4,2,2,D01,26,D01_P026_SEC_1_32_PAR001,,false,true,false
and fiscal discipline .,4,2,2,D01,26,D01_P026_SEC_1_32_PAR001,fiscal,false,true,false
basis points in the,4,2,2,D01,26,D01_P026_SEC_1_33_PAR001,,false,true,false
in the policy repo,4,2,2,D01,26,D01_P026_SEC_1_33_PAR001,policy;repo,false,true,false
cash reserve ratio cuts,4,2,2,D01,26,D01_P026_SEC_1_33_PAR001,reserve,false,true,false
open market operations (,4,2,2,D01,26,D01_P026_SEC_1_33_PAR001,market,false,true,false
measures have been effectively,4,2,2,D01,26,D01_P026_SEC_1_33_PAR001,,false,true,false
have been effectively transmitted,4,2,2,D01,26,D01_P026_SEC_1_33_PAR001,,false,true,false
been effectively transmitted to,4,2,2,D01,26,D01_P026_SEC_1_33_PAR001,,false,true,false
the banking system .,4,2,2,D01,26,D01_P026_SEC_1_33_PAR001,banking,false,true,false
on fresh rupee loans,4,2,2,D01,26,D01_P026_SEC_1_33_PAR001,loans;rupee,false,true,false
on outstanding rupee loans,4,2,2,D01,26,D01_P026_SEC_1_33_PAR001,loans;rupee,false,true,false
the banking sector has,4,2,2,D01,26,D01_P026_SEC_1_33_PAR001,banking;sector,false,true,false
", with gross non-performing",4,2,2,D01,26,D01_P026_SEC_1_33_PAR001,,false,true,false
with gross non-performing asset,4,2,2,D01,26,D01_P026_SEC_1_33_PAR001,,false,true,false
bank credit . the,4,2,2,D01,27,D01_P027_SEC_1_34_PAR001,bank;credit,false,true,false
transmission of monetary policy,4,2,2,D01,27,D01_P027_SEC_1_34_PAR001,monetary;policy,false,true,false
of monetary policy has,4,2,2,D01,27,D01_P027_SEC_1_34_PAR001,monetary;policy,false,true,false
for large corporations .,4,2,2,D01,27,D01_P027_SEC_1_34_PAR001,,false,true,false
", as the profitability",4,2,2,D01,27,D01_P027_SEC_1_34_PAR001,,false,true,false
as the profitability of,4,2,2,D01,27,D01_P027_SEC_1_34_PAR001,,false,true,false
"over time , their",4,2,2,D01,27,D01_P027_SEC_1_34_PAR001,,false,true,false
"time , their internal",4,2,2,D01,27,D01_P027_SEC_1_34_PAR001,,false,true,false
", their internal resources",4,2,2,D01,27,D01_P027_SEC_1_34_PAR001,,false,true,false
their internal resources have,4,2,2,D01,27,D01_P027_SEC_1_34_PAR001,,false,true,false
internal resources have become,4,2,2,D01,27,D01_P027_SEC_1_34_PAR001,,false,true,false
"in april- november 2025 ,",4,2,2,D01,27,D01_P027_SEC_1_34_PAR001,,false,true,false
", within the overall",4,2,2,D01,27,D01_P027_SEC_1_34_PAR001,,false,true,false
within the overall flow,4,2,2,D01,27,D01_P027_SEC_1_34_PAR001,,false,true,false
in the flow from,4,2,2,D01,27,D01_P027_SEC_1_34_PAR001,,false,true,false
the flow from non-bank,4,2,2,D01,27,D01_P027_SEC_1_34_PAR001,,false,true,false
flow from non-bank sources,4,2,2,D01,27,D01_P027_SEC_1_34_PAR001,,false,true,false
. against a backdrop,4,2,2,D01,27,D01_P027_SEC_1_35_PAR001,,false,true,false
a backdrop of global,4,2,2,D01,27,D01_P027_SEC_1_35_PAR001,,false,true,false
"global trade uncertainty ,",4,2,2,D01,27,D01_P027_SEC_1_35_PAR001,trade,false,true,false
", india 's total",4,2,2,D01,27,D01_P027_SEC_1_35_PAR001,,false,true,false
's total exports (,4,2,2,D01,27,D01_P027_SEC_1_35_PAR001,exports,false,true,false
total exports ( merchandise,4,2,2,D01,27,D01_P027_SEC_1_35_PAR001,exports,false,true,false
exports ( merchandise and,4,2,2,D01,27,D01_P027_SEC_1_35_PAR001,exports,false,true,false
( merchandise and services,4,2,2,D01,27,D01_P027_SEC_1_35_PAR001,,false,true,false
merchandise and services ),4,2,2,D01,27,D01_P027_SEC_1_35_PAR001,,false,true,false
"in fy25 , with",4,2,2,D01,27,D01_P027_SEC_1_35_PAR001,,false,true,false
tariffs imposed by the,4,2,2,D01,27,D01_P027_SEC_1_35_PAR001,,false,true,false
by the united states,4,2,2,D01,27,D01_P027_SEC_1_35_PAR001,,false,true,false
( april- december 2025 ),4,2,2,D01,27,D01_P027_SEC_1_35_PAR001,,false,true,false
"april- december 2025 ) ,",4,2,2,D01,27,D01_P027_SEC_1_35_PAR001,,false,true,false
"in previous years ,",4,2,2,D01,27,D01_P027_SEC_1_35_PAR001,,false,true,false
the growth in remittances,4,2,2,D01,27,D01_P027_SEC_1_35_PAR001,growth,false,true,false
"in most years ,",4,2,2,D01,27,D01_P027_SEC_1_35_PAR001,,false,true,false
"most years , remittances",4,2,2,D01,27,D01_P027_SEC_1_35_PAR001,,false,true,false
have surpassed gross fdi,4,2,2,D01,27,D01_P027_SEC_1_35_PAR001,fdi,false,true,false
surpassed gross fdi inflows,4,2,2,D01,27,D01_P027_SEC_1_35_PAR001,fdi,false,true,false
their importance as a,4,2,2,D01,27,D01_P027_SEC_1_35_PAR001,,false,true,false
source of external funding,4,2,2,D01,27,D01_P027_SEC_1_35_PAR001,,false,true,false
"the capital account ,",4,2,2,D01,27,D01_P027_SEC_1_36_PAR001,account;capital,false,true,false
", an increase in",4,2,2,D01,28,D01_P028_SEC_1_36_PAR001,,false,true,false
", foreign portfolio investments",4,2,2,D01,28,D01_P028_SEC_1_36_PAR001,foreign;investments,false,true,false
three months of sizable,4,2,2,D01,28,D01_P028_SEC_1_36_PAR001,,false,true,false
months of sizable net,4,2,2,D01,28,D01_P028_SEC_1_36_PAR001,,false,true,false
of sizable net inflows,4,2,2,D01,28,D01_P028_SEC_1_36_PAR001,,false,true,false
six months of net,4,2,2,D01,28,D01_P028_SEC_1_36_PAR001,,false,true,false
months of net outflows,4,2,2,D01,28,D01_P028_SEC_1_36_PAR001,,false,true,false
resulting in a modest,4,2,2,D01,28,D01_P028_SEC_1_36_PAR001,,false,true,false
in a modest net,4,2,2,D01,28,D01_P028_SEC_1_36_PAR001,,false,true,false
", taiwan , and",4,2,2,D01,28,D01_P028_SEC_1_36_PAR001,,false,true,false
by a decline in,4,2,2,D01,28,D01_P028_SEC_1_36_PAR001,,false,true,false
"the indian rupee ,",4,2,2,D01,28,D01_P028_SEC_1_37_PAR001,rupee,false,true,false
against the us dollar,4,2,2,D01,28,D01_P028_SEC_1_37_PAR001,,false,true,false
the us dollar .,4,2,2,D01,28,D01_P028_SEC_1_37_PAR001,,false,true,false
"to long term ,",4,2,2,D01,28,D01_P028_SEC_1_37_PAR001,,false,true,false
", exchange rate dynamics",4,2,2,D01,28,D01_P028_SEC_1_37_PAR001,exchange;rate,false,true,false
"fundamentals , such as",4,2,2,D01,28,D01_P028_SEC_1_37_PAR001,,false,true,false
deeper integration into gvcs,4,2,2,D01,28,D01_P028_SEC_1_37_PAR001,,false,true,false
a stable policy environment,4,2,2,D01,28,D01_P028_SEC_1_37_PAR001,policy;stable,false,true,false
of the external debt,4,2,2,D01,28,D01_P028_SEC_1_38_PAR001,debt,false,true,false
the external debt outstanding,4,2,2,D01,28,D01_P028_SEC_1_38_PAR001,debt,false,true,false
the end of september 2025,4,2,2,D01,28,D01_P028_SEC_1_38_PAR001,,false,true,false
"end of september 2025 ,",4,2,2,D01,28,D01_P028_SEC_1_38_PAR001,,false,true,false
a diversified trade strategy,4,2,2,D01,28,D01_P028_SEC_1_38_PAR001,trade,false,true,false
"and the eu ,",4,2,2,D01,28,D01_P028_SEC_1_38_PAR001,,false,true,false
", bodes well for",4,2,2,D01,28,D01_P028_SEC_1_38_PAR001,,false,true,false
bodes well for india,4,2,2,D01,28,D01_P028_SEC_1_38_PAR001,,false,true,false
well for india 's,4,2,2,D01,28,D01_P028_SEC_1_38_PAR001,,false,true,false
for india 's exports,4,2,2,D01,28,D01_P028_SEC_1_38_PAR001,exports,false,true,false
india 's exports .,4,2,1,D01,28,D01_P028_SEC_1_38_PAR001,exports,false,true,false
". however , global",4,2,2,D01,28,D01_P028_SEC_1_38_PAR001,,false,true,false
. global trade is,4,2,2,D01,28,D01_P028_SEC_1_38_PAR001,trade,false,true,false
increasingly influenced by geopolitical,4,2,2,D01,28,D01_P028_SEC_1_38_PAR001,,false,true,false
influenced by geopolitical alignments,4,2,2,D01,28,D01_P028_SEC_1_38_PAR001,,false,true,false
it becomes imperative that,4,2,2,D01,28,D01_P028_SEC_1_38_PAR001,,false,true,false
attractiveness as an investment,4,2,2,D01,28,D01_P028_SEC_1_38_PAR001,investment,false,true,false
as an investment destination,4,2,2,D01,28,D01_P028_SEC_1_38_PAR001,investment,false,true,false
an investment destination .,4,2,2,D01,28,D01_P028_SEC_1_38_PAR001,investment,false,true,false
. box iv. 3,4,2,2,D01,28,D01_P028_SEC_1_38_PAR001,,false,true,false
a way forward .,4,2,2,D01,28,D01_P028_SEC_1_38_PAR001,,false,true,false
monthly plfs data show,4,2,2,D01,29,D01_P029_SEC_1_39_PAR002,,false,true,false
plfs data show a,4,2,2,D01,29,D01_P029_SEC_1_39_PAR002,,false,true,false
steady labour market with,4,2,2,D01,29,D01_P029_SEC_1_39_PAR002,market,false,true,false
labour market with seasonal,4,2,2,D01,29,D01_P029_SEC_1_39_PAR002,market,false,true,false
a decline in the,4,2,2,D01,29,D01_P029_SEC_1_39_PAR002,,false,true,false
a stabilising labour force,4,2,2,D01,29,D01_P029_SEC_1_39_PAR002,,false,true,false
stabilising labour force participation,4,2,2,D01,29,D01_P029_SEC_1_39_PAR002,,false,true,false
implementation of the labour,4,2,2,D01,29,D01_P029_SEC_1_40_PAR001,,false,true,false
of the labour codes,4,2,2,D01,29,D01_P029_SEC_1_40_PAR001,,false,true,false
29 central laws into,4,2,2,D01,29,D01_P029_SEC_1_40_PAR001,,false,true,false
central laws into four,4,2,2,D01,29,D01_P029_SEC_1_40_PAR001,,false,true,false
"to simplify compliance ,",4,2,2,D01,29,D01_P029_SEC_1_40_PAR001,,false,true,false
have focused on enhancing,4,2,2,D01,29,D01_P029_SEC_1_40_PAR001,,false,true,false
", these measures aim",4,2,2,D01,29,D01_P029_SEC_1_40_PAR001,,false,true,false
", and better align",4,2,2,D01,29,D01_P029_SEC_1_40_PAR001,,false,true,false
align workforce capabilities with,4,2,2,D01,29,D01_P029_SEC_1_40_PAR001,,false,true,false
with the requirements of,4,2,2,D01,29,D01_P029_SEC_1_40_PAR001,,false,true,false
"initiatives , supported by",4,2,2,D01,29,D01_P029_SEC_1_41_PAR001,,false,true,false
", economic reforms ,",4,2,2,D01,29,D01_P029_SEC_1_41_PAR001,,false,true,false
"economic reforms , and",4,2,2,D01,29,D01_P029_SEC_1_41_PAR001,,false,true,false
access to essential services,4,2,2,D01,29,D01_P029_SEC_1_41_PAR001,,false,true,false
have contributed to a,4,2,2,D01,29,D01_P029_SEC_1_41_PAR001,,false,true,false
contributed to a reduction,4,2,2,D01,29,D01_P029_SEC_1_41_PAR001,,false,true,false
". in june 2025 ,",4,2,2,D01,29,D01_P029_SEC_1_41_PAR001,,false,true,false
", the world bank",4,2,2,D01,29,D01_P029_SEC_1_41_PAR001,bank,false,true,false
poverty line from usd 2.15,4,2,2,D01,29,D01_P029_SEC_1_41_PAR001,poverty,false,true,false
line from usd 2.15 to,4,2,2,D01,29,D01_P029_SEC_1_41_PAR001,,false,true,false
from usd 2.15 to usd 3.00,4,2,2,D01,29,D01_P029_SEC_1_41_PAR001,,false,true,false
based on the revised,4,2,2,D01,29,D01_P029_SEC_1_41_PAR001,,false,true,false
for extreme poverty and,4,2,2,D01,29,D01_P029_SEC_1_41_PAR001,poverty,false,true,false
the infant mortality rate,4,2,2,D01,30,D01_P030_SEC_1_41_PAR001,rate,false,true,false
infant mortality rate (,4,2,2,D01,30,D01_P030_SEC_1_41_PAR001,rate,false,true,false
mortality rate ( imr,4,2,2,D01,30,D01_P030_SEC_1_41_PAR001,rate,false,true,false
rate ( imr ),4,2,2,D01,30,D01_P030_SEC_1_41_PAR001,rate,false,true,false
gross enrolment ratio (,4,2,2,D01,30,D01_P030_SEC_1_41_PAR001,,false,true,false
enrolment ratio ( ger,4,2,2,D01,30,D01_P030_SEC_1_41_PAR001,,false,true,false
ratio ( ger ),4,2,2,D01,30,D01_P030_SEC_1_41_PAR001,,false,true,false
"access to education ,",4,2,2,D01,30,D01_P030_SEC_1_41_PAR001,,false,true,false
", and human capital",4,2,2,D01,30,D01_P030_SEC_1_41_PAR001,capital,false,true,false
. the convergence of,4,2,2,D01,30,D01_P030_SEC_1_41_PAR001,,false,true,false
", and welfare measures",4,2,2,D01,30,D01_P030_SEC_1_41_PAR001,,false,true,false
on the external front,4,2,2,D01,30,D01_P030_SEC_1_42_PAR001,,false,true,false
the external front .,4,2,2,D01,30,D01_P030_SEC_1_42_PAR001,,false,true,false
", and further simplification",4,2,2,D01,30,D01_P030_SEC_1_42_PAR001,,false,true,false
and further simplification of,4,2,2,D01,30,D01_P030_SEC_1_42_PAR001,,false,true,false
", it must be",4,2,2,D01,30,D01_P030_SEC_1_42_PAR001,,false,true,false
that the external environment,4,2,2,D01,30,D01_P030_SEC_1_42_PAR001,,false,true,false
for the global economy,4,2,2,D01,30,D01_P030_SEC_1_43_PAR001,,false,true,false
"growth . however ,",4,2,2,D01,30,D01_P030_SEC_1_43_PAR001,growth,false,true,false
"for india , these",4,2,2,D01,30,D01_P030_SEC_1_44_PAR001,,false,true,false
"the year , which",4,2,2,D01,30,D01_P030_SEC_1_44_PAR001,,false,true,false
. while these risks,4,2,2,D01,30,D01_P030_SEC_1_44_PAR001,,false,true,false
reinforce the importance of,4,2,2,D01,30,D01_P030_SEC_1_44_PAR001,,false,true,false
the importance of maintaining,4,2,2,D01,30,D01_P030_SEC_1_44_PAR001,,false,true,false
"are healthier , and",4,2,2,D01,30,D01_P030_SEC_1_45_PAR001,,false,true,false
against external shocks and,4,2,2,D01,31,D01_P031_SEC_1_45_PAR002,,false,true,false
in the coming year,4,2,2,D01,31,D01_P031_SEC_1_45_PAR002,,false,true,false
4 ) . with,4,2,2,D01,31,D01_P031_SEC_1_46_PAR001,,false,true,false
", is one of",4,2,2,D01,31,D01_P031_SEC_1_46_PAR001,,false,true,false
"past three years ,",4,2,2,D01,31,D01_P031_SEC_1_46_PAR002,,false,true,false
for medium-term growth .,4,2,2,D01,31,D01_P031_SEC_1_46_PAR002,growth,false,true,false
( pli ) schemes,4,2,2,D01,31,D01_P031_SEC_1_46_PAR002,,false,true,false
. these efforts have,4,2,2,D01,31,D01_P031_SEC_1_46_PAR002,,false,true,false
these efforts have been,4,2,2,D01,31,D01_P031_SEC_1_46_PAR002,,false,true,false
"and digital infrastructure ,",4,2,2,D01,31,D01_P031_SEC_1_46_PAR002,,false,true,false
reaching 4 per cent of gdp,4,2,2,D01,31,D01_P031_SEC_1_46_PAR002,gdp,false,true,false
and the establishment of,4,2,2,D01,31,D01_P031_SEC_1_46_PAR002,,false,true,false
a shift toward greater,4,2,2,D01,31,D01_P031_SEC_1_46_PAR002,,false,true,false
india 's potential growth,4,2,2,D01,31,D01_P031_SEC_1_46_PAR003,growth,false,true,false
to around 7 per cent over,4,2,2,D01,31,D01_P031_SEC_1_46_PAR003,,false,true,false
around 7 per cent over the,4,2,2,D01,31,D01_P031_SEC_1_46_PAR003,,false,true,false
7 per cent over the medium,4,2,2,D01,31,D01_P031_SEC_1_46_PAR003,,false,true,false
total factor productivity (,4,2,2,D01,32,D01_P032_SEC_1_46_PAR001,productivity,false,true,false
factor productivity ( tfp,4,2,2,D01,32,D01_P032_SEC_1_46_PAR001,productivity,false,true,false
productivity ( tfp ),4,2,2,D01,32,D01_P032_SEC_1_46_PAR001,productivity,false,true,false
( tfp ) .,4,2,2,D01,32,D01_P032_SEC_1_46_PAR001,,false,true,false
( 1 - α,4,2,2,D01,32,D01_P032_SEC_1_46_PAR001,,false,true,false
1 - α ),4,2,2,D01,32,D01_P032_SEC_1_46_PAR001,,false,true,false
of capital and labour,4,2,2,D01,32,D01_P032_SEC_1_46_PAR001,capital,false,true,false
capital and labour .,4,2,2,D01,32,D01_P032_SEC_1_46_PAR001,capital,false,true,false
capital stock and labour,4,2,2,D01,32,D01_P032_SEC_1_46_PAR003,capital,false,true,false
"capital stock growth ,",4,2,2,D01,32,D01_P032_SEC_1_46_PAR004,capital;growth,false,true,false
", labour input growth",4,2,2,D01,32,D01_P032_SEC_1_46_PAR004,growth,false,true,false
", followed by a",4,2,2,D01,32,D01_P032_SEC_1_PAR001,,false,true,false
in the years after,4,2,2,D01,32,D01_P032_SEC_1_PAR001,,false,true,false
the years after the,4,2,2,D01,32,D01_P032_SEC_1_PAR001,,false,true,false
years after the pandemic,4,2,2,D01,32,D01_P032_SEC_1_PAR001,,false,true,false
after the pandemic .,4,2,2,D01,32,D01_P032_SEC_1_PAR001,,false,true,false
a sustained increase in,4,2,2,D01,32,D01_P032_SEC_1_PAR002,,false,true,false
increase in public capital,4,2,2,D01,32,D01_P032_SEC_1_PAR002,capital,false,true,false
in public capital expenditure,4,2,2,D01,32,D01_P032_SEC_1_PAR002,capital;expenditure,false,true,false
in the private sector,4,2,2,D01,32,D01_P032_SEC_1_PAR002,sector,false,true,false
and regulatory reforms that,4,2,2,D01,32,D01_P032_SEC_1_PAR002,regulatory,false,true,false
"attracting private investment ,",4,2,2,D01,32,D01_P032_SEC_1_PAR003,investment,false,true,false
) . consistent with,4,2,2,D01,32,D01_P032_SEC_1_PAR003,,false,true,false
. consistent with this,4,2,2,D01,32,D01_P032_SEC_1_PAR003,,false,true,false
"consistent with this ,",4,2,2,D01,32,D01_P032_SEC_1_PAR003,,false,true,false
capital share ( α,4,2,2,D01,33,D01_P033_SEC_1_PAR003,capital,false,true,false
share ( α ),4,2,2,D01,33,D01_P033_SEC_1_PAR003,,false,true,false
pre-pandemic period ( fy13,4,2,2,D01,33,D01_P033_SEC_1_PAR005,,false,true,false
period ( fy13 -,4,2,2,D01,33,D01_P033_SEC_1_PAR005,,false,true,false
fy13 - fy20 ),4,2,2,D01,33,D01_P033_SEC_1_PAR005,,false,true,false
) was characterised by,4,2,2,D01,33,D01_P033_SEC_1_PAR005,,false,true,false
"however , since the",4,2,2,D01,33,D01_P033_SEC_1_PAR006,,false,true,false
during the pandemic and,4,2,2,D01,33,D01_P033_SEC_1_PAR006,,false,true,false
frictions in the labour,4,2,2,D01,33,D01_P033_SEC_1_PAR007,,false,true,false
"in education , skilling",4,2,2,D01,33,D01_P033_SEC_1_PAR007,,false,true,false
"education , skilling and",4,2,2,D01,33,D01_P033_SEC_1_PAR007,,false,true,false
"together , these factors",4,2,2,D01,33,D01_P033_SEC_1_PAR007,,false,true,false
these factors are likely,4,2,2,D01,33,D01_P033_SEC_1_PAR007,,false,true,false
factors are likely to,4,2,2,D01,33,D01_P033_SEC_1_PAR007,,false,true,false
", the estimated trend",4,2,1,D01,33,D01_P033_SEC_3_PAR001,,false,true,false
during the pre-pandemic period,4,2,2,D01,33,D01_P033_SEC_3_PAR001,,false,true,false
"however , in the",4,2,2,D01,33,D01_P033_SEC_3_PAR001,,false,true,false
) . this pattern,4,2,2,D01,33,D01_P033_SEC_3_PAR001,,false,true,false
"emerging market economies ,",4,2,2,D01,33,D01_P033_SEC_3_PAR001,market,false,true,false
", improved compliance ,",4,2,2,D01,34,D01_P034_SEC_3_PAR002,,false,true,false
"improved compliance , and",4,2,2,D01,34,D01_P034_SEC_3_PAR002,,false,true,false
"and service delivery ,",4,2,2,D01,34,D01_P034_SEC_3_PAR002,,false,true,false
"bill generation , pmi",4,2,2,D01,34,D01_P034_SEC_3_PAR003,,false,true,false
non-food bank credit has,4,2,2,D01,34,D01_P034_SEC_3_PAR003,bank;credit,false,true,false
in the 1990 s,4,2,2,D01,34,D01_P034_SEC_3_PAR004,,false,true,false
", at times ,",4,2,2,D01,35,D01_P035_SEC_3_PAR002,,false,true,false
. ( 2008 ),4,2,2,D01,35,D01_P035_SEC_3_PAR003,,false,true,false
( 2008 ) .,4,2,2,D01,35,D01_P035_SEC_3_PAR003,,false,true,false
and inclusive development .,4,2,2,D01,35,D01_P035_SEC_3_PAR003,,false,true,false
growth and development .,4,2,2,D01,35,D01_P035_SEC_3_PAR003,growth,false,true,false
". washington , dc",4,2,2,D01,35,D01_P035_SEC_3_PAR003,,false,true,false
"washington , dc .",4,2,2,D01,35,D01_P035_SEC_3_PAR003,,false,true,false
", dc . (",4,2,2,D01,35,D01_P035_SEC_3_PAR003,,false,true,false
dc . ( https,4,2,2,D01,35,D01_P035_SEC_3_PAR003,,false,true,false
"world economic outlook ,",4,2,2,D01,35,D01_P035_SEC_3_PAR004,,false,true,false
forecasts - 2025 (,4,2,1,D01,2,D01_T001,,false,true,false
- 2025 ( percent,4,2,1,D01,2,D01_T001,,false,true,false
2025 ( percent ),4,2,1,D01,2,D01_T001,,false,true,false
forecasts - 2026 (,4,2,1,D01,2,D01_T001,,false,true,false
- 2026 ( percent,4,2,1,D01,2,D01_T001,,false,true,false
2026 ( percent ),4,2,1,D01,2,D01_T001,,false,true,false
( percent ) jan,4,2,1,D01,2,D01_T001,,false,true,false
percent ) jan ',4,2,1,D01,2,D01_T001,,false,true,false
) jan ' 25 apr,4,2,1,D01,2,D01_T001,,false,true,false
jan ' 25 apr ',4,2,1,D01,2,D01_T001,,false,true,false
' 25 apr ' 25 oct,4,2,1,D01,2,D01_T001,,false,true,false
25 apr ' 25 oct ',4,2,1,D01,2,D01_T001,,false,true,false
' 25 jan ' 26 apr,4,2,1,D01,2,D01_T001,,false,true,false
25 jan ' 26 apr ',4,2,1,D01,2,D01_T001,,false,true,false
' 26 apr ' 25 jan,4,2,1,D01,2,D01_T001,,false,true,false
26 apr ' 25 jan ',4,2,1,D01,2,D01_T001,,false,true,false
' 25 jan ' 25 oct,4,2,1,D01,2,D01_T001,,false,true,false
25 jan ' 25 oct ',4,2,1,D01,2,D01_T001,,false,true,false
' 25 jan ' 26,4,2,1,D01,2,D01_T001,,false,true,false
25 jan ' 26 +0.5,4,2,1,D01,2,D01_T001,,false,true,false
' 26 +0.5 ae,4,2,1,D01,2,D01_T001,,false,true,false
"revision , red =",4,2,1,D01,2,D01_T001,,false,true,false
", percent production approach",4,2,2,D01,9,D01_T002,,false,true,false
percent production approach (,4,2,2,D01,9,D01_T002,,false,true,false
production approach ( supply,4,2,2,D01,9,D01_T002,supply,false,true,false
approach ( supply side,4,2,2,D01,9,D01_T002,supply,false,true,false
( supply side ),4,2,2,D01,9,D01_T002,supply,false,true,false
supply side ) h,4,2,2,D01,9,D01_T002,supply,false,true,false
side ) h 1,4,2,2,D01,9,D01_T002,,false,true,false
) h 1 :,4,2,2,D01,9,D01_T002,,false,true,false
h 1 : fy25,4,2,2,D01,9,D01_T002,,false,true,false
1 : fy25 h,4,2,2,D01,9,D01_T002,,false,true,false
: fy25 h 1,4,2,2,D01,9,D01_T002,,false,true,false
fy25 h 1 :,4,2,2,D01,9,D01_T002,,false,true,false
h 1 : fy26,4,2,2,D01,9,D01_T002,,false,true,false
1 : fy26 fy25,4,2,2,D01,9,D01_T002,,false,true,false
: fy26 fy25 (,4,2,2,D01,9,D01_T002,,false,true,false
fy26 fy25 ( pe,4,2,2,D01,9,D01_T002,,false,true,false
fy25 ( pe ),4,2,2,D01,9,D01_T002,,false,true,false
( pe ) fy26,4,2,2,D01,9,D01_T002,,false,true,false
pe ) fy26 (,4,2,2,D01,9,D01_T002,,false,true,false
) fy26 ( fae,4,2,2,D01,9,D01_T002,,false,true,false
fy26 ( fae ),4,2,2,D01,9,D01_T002,,false,true,false
( fae ) agriculture,4,2,2,D01,9,D01_T002,,false,true,false
"fae ) agriculture ,",4,2,2,D01,9,D01_T002,,false,true,false
") agriculture , livestock",4,2,2,D01,9,D01_T002,,false,true,false
"agriculture , livestock ,",4,2,2,D01,9,D01_T002,,false,true,false
", livestock , forestry",4,2,2,D01,9,D01_T002,,false,true,false
"livestock , forestry &",4,2,2,D01,9,D01_T002,,false,true,false
", forestry & fishing",4,2,2,D01,9,D01_T002,,false,true,false
", water supply &",4,2,2,D01,9,D01_T002,supply,false,true,false
water supply & other,4,2,2,D01,9,D01_T002,supply,false,true,false
supply & other utility,4,2,2,D01,9,D01_T002,supply,false,true,false
& other utility services,4,2,2,D01,9,D01_T002,,false,true,false
"trade , hotels ,",4,2,2,D01,9,D01_T002,trade,false,true,false
", hotels , transport",4,2,2,D01,9,D01_T002,,false,true,false
"hotels , transport ,",4,2,2,D01,9,D01_T002,,false,true,false
"transport , communication &",4,2,2,D01,9,D01_T002,,false,true,false
", communication & services",4,2,2,D01,9,D01_T002,,false,true,false
communication & services related,4,2,2,D01,9,D01_T002,,false,true,false
& services related to,4,2,2,D01,9,D01_T002,,false,true,false
services related to broadcasting,4,2,2,D01,9,D01_T002,,false,true,false
", real estate &",4,2,2,D01,9,D01_T002,,false,true,false
real estate & professional,4,2,2,D01,9,D01_T002,,false,true,false
estate & professional services,4,2,2,D01,9,D01_T002,,false,true,false
"administration , defence &",4,2,2,D01,9,D01_T002,,false,true,false
", defence & other",4,2,2,D01,9,D01_T002,,false,true,false
defence & other services,4,2,2,D01,9,D01_T002,,false,true,false
expenditure components ( demand,4,2,2,D01,9,D01_T002,demand;expenditure,false,true,false
components ( demand side,4,2,2,D01,9,D01_T002,demand,false,true,false
( demand side ),4,2,2,D01,9,D01_T002,demand,false,true,false
demand side ) private,4,2,2,D01,9,D01_T002,demand,false,true,false
side ) private final,4,2,2,D01,9,D01_T002,,false,true,false
) private final consumption,4,2,2,D01,9,D01_T002,consumption,false,true,false
government final consumption expenditure,4,2,2,D01,9,D01_T002,consumption;expenditure,false,true,false
consumption expenditure ( gfce,4,2,2,D01,9,D01_T002,consumption;expenditure,false,true,false
expenditure ( gfce ),4,2,2,D01,9,D01_T002,expenditure,false,true,false
fmcg vol . sales,4,2,1,D01,12,D01_T004,,false,true,false
vol . sales (,4,2,1,D01,12,D01_T004,,false,true,false
"at its core ,",4,2,2,D02,5,D02_BOX001,,false,true,false
", and consequently ,",4,2,2,D02,15,D02_BOX005,,false,true,false
in fy25 and is,4,2,2,D02,15,D02_BOX005,,false,true,false
fy25 and is budgeted,4,2,2,D02,15,D02_BOX005,,false,true,false
"prices , as well",4,2,2,D02,15,D02_BOX005,,false,true,false
just-in-time ( jit ),4,2,1,D02,16,D02_BOX007,,false,true,false
( jit ) fund,4,2,1,D02,16,D02_BOX007,,false,true,false
jit ) fund release,4,2,1,D02,16,D02_BOX007,,false,true,false
net revenue receipts to,4,2,2,D02,16,D02_BOX007,revenue,false,true,false
revenue receipts to the,4,2,2,D02,16,D02_BOX007,revenue,false,true,false
receipts to the centre,4,2,2,D02,16,D02_BOX007,,false,true,false
transfers from the centre,4,2,2,D02,22,D02_BOX011,,false,true,false
maharashtra institution for transformation,4,2,2,D02,22,D02_BOX011,,false,true,false
for transformation ( mitra,4,2,2,D02,22,D02_BOX011,,false,true,false
transformation ( mitra ),4,2,2,D02,22,D02_BOX011,,false,true,false
", by themselves ,",4,2,2,D02,22,D02_BOX011,,false,true,false
of per capita income,4,2,2,D02,22,D02_BOX011,income,false,true,false
of public investment .,4,2,2,D02,22,D02_BOX011,investment,false,true,false
and employment generation .,4,2,2,D02,22,D02_BOX011,employment,false,true,false
scheme for special assistance,4,2,2,D02,26,D02_BOX013,,false,true,false
for special assistance to,4,2,2,D02,26,D02_BOX013,,false,true,false
) . launched in,4,2,2,D02,26,D02_BOX013,,false,true,false
in the wake of,4,2,2,D02,26,D02_BOX013,,false,true,false
the wake of the,4,2,2,D02,26,D02_BOX013,,false,true,false
"of the pandemic ,",4,2,2,D02,26,D02_BOX013,,false,true,false
", the scheme provides",4,2,2,D02,26,D02_BOX013,,false,true,false
50 -year interest-free loans,4,2,2,D02,26,D02_BOX013,loans,false,true,false
to fy26 ( till,4,2,2,D02,26,D02_BOX013,,false,true,false
. 2026 ) .,4,2,2,D02,26,D02_BOX013,,false,true,false
) . the scheme,4,2,2,D02,26,D02_BOX013,,false,true,false
for fy26 . the,4,2,2,D02,28,D02_BOX015,,false,true,false
significant share of the,4,2,2,D02,28,D02_BOX015,,false,true,false
prs legislative research .,4,2,1,D02,28,D02_BOX015,,false,true,false
", karnataka , madhya",4,2,2,D02,28,D02_BOX015,,false,true,false
"karnataka , madhya pradesh",4,2,2,D02,28,D02_BOX015,,false,true,false
", maharashtra , tamil",4,2,2,D02,28,D02_BOX015,,false,true,false
"maharashtra , tamil nadu",4,2,2,D02,28,D02_BOX015,,false,true,false
and west bengal .,4,2,2,D02,28,D02_BOX015,,false,true,false
. at the time,4,2,2,D02,34,D02_BOX017,,false,true,false
's fiscal deficit ratio,4,2,2,D02,34,D02_BOX017,deficit;fiscal,false,true,false
it is noteworthy that,4,2,2,D02,34,D02_BOX017,,false,true,false
india 's sovereign rating,4,2,2,D02,34,D02_BOX017,,false,true,false
in fy26 . in,4,2,2,D02,34,D02_BOX017,,false,true,false
"in february 2025 , the",4,2,2,D02,34,D02_BOX017,,false,true,false
"february 2025 , the government",4,2,2,D02,34,D02_BOX017,,false,true,false
on the fiscal response,4,2,2,D02,39,D02_BOX019,fiscal,false,true,false
fiscal response function (,4,2,2,D02,39,D02_BOX019,fiscal,false,true,false
response function ( frf,4,2,2,D02,39,D02_BOX019,,false,true,false
function ( frf ),4,2,2,D02,39,D02_BOX019,,false,true,false
"( frf ) ,",4,2,2,D02,39,D02_BOX019,,false,true,false
bohn ( 1998 ),4,2,2,D02,39,D02_BOX019,,false,true,false
. to assess the,4,2,2,D02,39,D02_BOX019,,false,true,false
"indian context , the",4,2,2,D02,39,D02_BOX019,,false,true,false
"context , the following",4,2,2,D02,39,D02_BOX019,,false,true,false
growth in the post-pandemic,4,2,2,D02,1,D02_P001_UNKNOWN_PAR002,growth,false,true,false
centre 's revenue receipts,4,2,2,D02,1,D02_P001_UNKNOWN_PAR003,revenue,false,true,false
average of about 8.5 per cent,4,2,2,D02,1,D02_P001_UNKNOWN_PAR003,,false,true,false
of about 8.5 per cent of,4,2,2,D02,1,D02_P001_UNKNOWN_PAR003,,false,true,false
about 8.5 per cent of gdp,4,2,2,D02,1,D02_P001_UNKNOWN_PAR003,gdp,false,true,false
fy20 ) to around,4,2,2,D02,1,D02_P001_UNKNOWN_PAR003,,false,true,false
) to around 9.1 per cent,4,2,2,D02,1,D02_P001_UNKNOWN_PAR003,,false,true,false
in the post-pandemic years,4,2,2,D02,1,D02_P001_UNKNOWN_PAR003,,false,true,false
( fy22 - fy25,4,2,2,D02,1,D02_P001_UNKNOWN_PAR003,,false,true,false
- fy25 ) .,4,2,2,D02,1,D02_P001_UNKNOWN_PAR003,,false,true,false
this improvement was driven,4,2,2,D02,1,D02_P001_UNKNOWN_PAR003,,false,true,false
improvement was driven primarily,4,2,2,D02,1,D02_P001_UNKNOWN_PAR003,,false,true,false
have recorded multiple all-time,4,2,2,D02,1,D02_P001_UNKNOWN_PAR003,,false,true,false
recorded multiple all-time highs,4,2,2,D02,1,D02_P001_UNKNOWN_PAR003,,false,true,false
", with growth broadly",4,2,2,D02,1,D02_P001_UNKNOWN_PAR003,growth,false,true,false
reforms are expected to,4,2,2,D02,1,D02_P001_UNKNOWN_PAR003,,false,true,false
are expected to support,4,2,2,D02,1,D02_P001_UNKNOWN_PAR003,,false,true,false
expected to support demand,4,2,2,D02,1,D02_P001_UNKNOWN_PAR003,demand,false,true,false
to support demand by,4,2,2,D02,1,D02_P001_UNKNOWN_PAR003,demand,false,true,false
support demand by lowering,4,2,2,D02,1,D02_P001_UNKNOWN_PAR003,demand,false,true,false
demand by lowering tax,4,2,2,D02,1,D02_P001_UNKNOWN_PAR003,demand;tax,false,true,false
by lowering tax incidence,4,2,2,D02,1,D02_P001_UNKNOWN_PAR003,tax,false,true,false
lowering tax incidence and,4,2,2,D02,1,D02_P001_UNKNOWN_PAR003,tax,false,true,false
tax incidence and improving,4,2,2,D02,1,D02_P001_UNKNOWN_PAR003,tax,false,true,false
incidence and improving price,4,2,2,D02,1,D02_P001_UNKNOWN_PAR003,,false,true,false
and improving price competitiveness,4,2,2,D02,1,D02_P001_UNKNOWN_PAR003,,false,true,false
"upi transactions , and",4,2,2,D02,1,D02_P001_UNKNOWN_PAR003,,false,true,false
consolidation has been achieved,4,2,2,D02,1,D02_P001_UNKNOWN_PAR004,,false,true,false
has been achieved alongside,4,2,2,D02,1,D02_P001_UNKNOWN_PAR004,,false,true,false
moderated from 13.6 per cent of,4,2,2,D02,1,D02_P001_UNKNOWN_PAR004,,false,true,false
from 13.6 per cent of gdp,4,2,2,D02,1,D02_P001_UNKNOWN_PAR004,gdp,false,true,false
13.6 per cent of gdp in,4,2,2,D02,1,D02_P001_UNKNOWN_PAR004,gdp,false,true,false
in fy22 to 10.9 per cent,4,2,2,D02,1,D02_P001_UNKNOWN_PAR004,,false,true,false
fy22 to 10.9 per cent in,4,2,2,D02,1,D02_P001_UNKNOWN_PAR004,,false,true,false
to 10.9 per cent in fy25,4,2,2,D02,1,D02_P001_UNKNOWN_PAR004,,false,true,false
"10.9 per cent in fy25 ,",4,2,2,D02,1,D02_P001_UNKNOWN_PAR004,,false,true,false
an average of 1.7 per cent,4,2,2,D02,1,D02_P001_UNKNOWN_PAR004,,false,true,false
average of 1.7 per cent of,4,2,2,D02,1,D02_P001_UNKNOWN_PAR004,,false,true,false
of 1.7 per cent of gdp,4,2,2,D02,1,D02_P001_UNKNOWN_PAR004,gdp,false,true,false
"reforms , such as",4,2,2,D02,1,D02_P001_UNKNOWN_PAR004,,false,true,false
s & p global,4,2,2,D02,2,D02_P002_SEC_2_1_PAR001,,false,true,false
& p global ratings,4,2,2,D02,2,D02_P002_SEC_2_1_PAR001,,false,true,false
attributed to india 's,4,2,2,D02,2,D02_P002_SEC_2_1_PAR001,,false,true,false
", and a clear",4,2,2,D02,2,D02_P002_SEC_2_1_PAR001,,false,true,false
this chapter examines the,4,2,2,D02,2,D02_P002_SEC_2_2_PAR001,,false,true,false
choices made over the,4,2,2,D02,2,D02_P002_SEC_2_2_PAR001,,false,true,false
the fiscal capacity of,4,2,2,D02,2,D02_P002_SEC_2_2_PAR001,fiscal,false,true,false
assessment of the fiscal,4,2,1,D02,2,D02_P002_SEC_2_2_PAR001,fiscal,false,true,false
of the centre and,4,2,2,D02,2,D02_P002_SEC_2_2_PAR001,,false,true,false
the centre and the,4,2,2,D02,2,D02_P002_SEC_2_2_PAR001,,false,true,false
centre and the states,4,2,2,D02,2,D02_P002_SEC_2_2_PAR001,,false,true,false
", followed by an",4,2,2,D02,2,D02_P002_SEC_2_2_PAR001,,false,true,false
followed by an analysis,4,2,2,D02,2,D02_P002_SEC_2_2_PAR001,,false,true,false
by an analysis of,4,2,2,D02,2,D02_P002_SEC_2_2_PAR001,,false,true,false
2.4 per cent of gdp in,4,2,2,D02,2,D02_P002_UNKNOWN_PAR001,gdp,false,true,false
in fy25 . further,4,2,2,D02,2,D02_P002_UNKNOWN_PAR001,,false,true,false
"fy25 . further ,",4,2,2,D02,2,D02_P002_UNKNOWN_PAR001,,false,true,false
provide immediate income support,4,2,2,D02,2,D02_P002_UNKNOWN_PAR001,income,false,true,false
"immediate income support ,",4,2,2,D02,2,D02_P002_UNKNOWN_PAR001,income,false,true,false
", the chapter demonstrates",4,2,2,D02,2,D02_P002_UNKNOWN_PAR002,,false,true,false
has reduced its general,4,2,2,D02,2,D02_P002_UNKNOWN_PAR002,,false,true,false
reduced its general government,4,2,2,D02,2,D02_P002_UNKNOWN_PAR002,,false,true,false
its general government debt-to-gdp,4,2,2,D02,2,D02_P002_UNKNOWN_PAR002,,false,true,false
general government debt-to-gdp ratio,4,2,2,D02,2,D02_P002_UNKNOWN_PAR002,,false,true,false
government debt-to-gdp ratio by,4,2,2,D02,2,D02_P002_UNKNOWN_PAR002,,false,true,false
7.1 percent age points since,4,2,2,D02,2,D02_P002_UNKNOWN_PAR002,,false,true,false
age points since 2020,4,2,2,D02,2,D02_P002_UNKNOWN_PAR002,,false,true,false
ratio of 50 ±,4,2,2,D02,2,D02_P002_UNKNOWN_PAR002,,false,true,false
during periods of uncertainty,4,2,2,D02,3,D02_P003_SEC_2_3_PAR001,,false,true,false
and is budgeted at,4,2,2,D02,3,D02_P003_SEC_2_4_PAR001,,false,true,false
of gdp in fy26,4,2,2,D02,3,D02_P003_SEC_2_4_PAR001,gdp,false,true,false
( chart ii. 1,4,2,1,D02,3,D02_P003_SEC_2_4_PAR001,,false,true,false
chart ii. 1 ),4,2,1,D02,3,D02_P003_SEC_2_4_PAR001,,false,true,false
ii. 1 ) .,4,2,2,D02,3,D02_P003_SEC_2_4_PAR001,,false,true,false
) . over the,4,2,2,D02,3,D02_P003_SEC_2_4_PAR001,,false,true,false
a proportion of gdp,4,2,2,D02,3,D02_P003_SEC_2_4_PAR001,gdp,false,true,false
", reaching its lowest",4,2,2,D02,3,D02_P003_SEC_2_4_PAR001,,false,true,false
reaching its lowest level,4,2,2,D02,3,D02_P003_SEC_2_4_PAR001,,false,true,false
a sustained improvement in,4,2,2,D02,3,D02_P003_SEC_2_4_PAR001,,false,true,false
in the quality of,4,2,2,D02,3,D02_P003_SEC_2_4_PAR001,,false,true,false
"ii. 1 ) ,",4,2,2,D02,3,D02_P003_SEC_2_4_PAR001,,false,true,false
an environment of heightened,4,2,2,D02,4,D02_P004_SEC_2_5_PAR001,,false,true,false
environment of heightened global,4,2,2,D02,4,D02_P004_SEC_2_5_PAR001,,false,true,false
of heightened global volatility,4,2,2,D02,4,D02_P004_SEC_2_5_PAR001,,false,true,false
"heightened global volatility ,",4,2,2,D02,4,D02_P004_SEC_2_5_PAR001,,false,true,false
insight into the sources,4,2,2,D02,4,D02_P004_SEC_2_5_PAR001,,false,true,false
into the sources of,4,2,2,D02,4,D02_P004_SEC_2_5_PAR001,,false,true,false
the sources of this,4,2,2,D02,4,D02_P004_SEC_2_5_PAR001,,false,true,false
"gross tax revenue ,",4,2,2,D02,4,D02_P004_SEC_2_6_PAR001,revenue;tax,false,true,false
", which rose from",4,2,2,D02,4,D02_P004_SEC_2_6_PAR001,,false,true,false
implemented by the government,4,2,2,D02,4,D02_P004_SEC_2_6_PAR001,,false,true,false
", the performance of",4,2,2,D02,4,D02_P004_SEC_2_6_PAR001,,false,true,false
reveals notable shifts in,4,2,2,D02,4,D02_P004_SEC_2_6_PAR001,,false,true,false
"the post-pandemic years ,",4,2,1,D02,4,D02_P004_SEC_2_7_PAR001,,false,true,false
". among these ,",4,2,2,D02,4,D02_P004_SEC_2_7_PAR001,,false,true,false
in fy22 to about,4,2,2,D02,4,D02_P004_SEC_2_7_PAR001,,false,true,false
gdp in fy25 (,4,2,2,D02,4,D02_P004_SEC_2_7_PAR001,gdp,false,true,false
. this momentum is,4,2,2,D02,4,D02_P004_SEC_2_7_PAR001,,false,true,false
also reflected in the,4,2,2,D02,4,D02_P004_SEC_2_7_PAR001,,false,true,false
than nominal gdp .,4,2,2,D02,4,D02_P004_SEC_2_7_PAR001,gdp,false,true,false
is taken as the,4,2,2,D02,4,D02_P004_SEC_2_7_PAR002,,false,true,false
the post- pandemic period,4,2,2,D02,4,D02_P004_SEC_2_7_PAR002,,false,true,false
in the chapter .,4,2,2,D02,4,D02_P004_SEC_2_7_PAR003,,false,true,false
personal income tax collections,4,2,2,D02,4,D02_P004_SEC_2_7_PAR003,income;tax,false,true,false
securities transaction tax (,4,2,2,D02,4,D02_P004_SEC_2_7_PAR003,securities;tax,false,true,false
transaction tax ( stt,4,2,2,D02,4,D02_P004_SEC_2_7_PAR003,tax,false,true,false
tax ( stt ),4,2,2,D02,4,D02_P004_SEC_2_7_PAR003,tax,false,true,false
this improvement has been,4,2,2,D02,5,D02_P005_SEC_2_8_PAR001,,false,true,false
steady expansion of the,4,2,2,D02,5,D02_P005_SEC_2_8_PAR001,,false,true,false
expansion of the tax,4,2,2,D02,5,D02_P005_SEC_2_8_PAR001,tax,false,true,false
the tax base .,4,2,2,D02,5,D02_P005_SEC_2_8_PAR001,tax,false,true,false
and enhancing the efficiency,4,2,2,D02,5,D02_P005_SEC_2_8_PAR001,,false,true,false
enhancing the efficiency of,4,2,2,D02,5,D02_P005_SEC_2_8_PAR001,,false,true,false
box ii. 1 ),4,2,2,D02,5,D02_P005_SEC_2_8_PAR001,,false,true,false
budget estimates as of,4,2,2,D02,6,D02_P006_SEC_2_10_PAR001,budget,false,true,false
"of november 2025 , as",4,2,2,D02,6,D02_P006_SEC_2_10_PAR001,,false,true,false
"november 2025 , as against",4,2,2,D02,6,D02_P006_SEC_2_10_PAR001,,false,true,false
during the corresponding period,4,2,2,D02,6,D02_P006_SEC_2_10_PAR001,,false,true,false
"during the period ,",4,2,2,D02,6,D02_P006_SEC_2_10_PAR001,,false,true,false
as well as in,4,2,2,D02,6,D02_P006_SEC_2_10_PAR001,,false,true,false
", 2025 , which",4,2,2,D02,6,D02_P006_SEC_2_10_PAR001,,false,true,false
", and continuity of",4,2,2,D02,6,D02_P006_SEC_2_10_PAR001,,false,true,false
"august 21 , 2025",4,2,2,D02,6,D02_P006_SEC_2_10_PAR001,,false,true,false
fy24 and fy25 .,4,2,2,D02,6,D02_P006_SEC_2_10_PAR002,,false,true,false
into the system .,4,2,2,D02,6,D02_P006_SEC_2_8_PAR001,,false,true,false
offer for sale (,4,2,2,D02,6,D02_P006_SEC_2_8_PAR001,,false,true,false
for sale ( ofs,4,2,2,D02,6,D02_P006_SEC_2_8_PAR001,,false,true,false
sale ( ofs ),4,2,2,D02,6,D02_P006_SEC_2_8_PAR001,,false,true,false
by shifting the focus,4,2,2,D02,6,D02_P006_SEC_2_8_PAR002,,false,true,false
. it has reduced,4,2,2,D02,6,D02_P006_SEC_2_8_PAR002,,false,true,false
", efficient , and",4,2,2,D02,6,D02_P006_SEC_2_8_PAR002,,false,true,false
broadly in line with,4,2,2,D02,6,D02_P006_SEC_2_9_PAR001,,false,true,false
with nominal gdp growth,4,2,2,D02,6,D02_P006_SEC_2_9_PAR001,gdp;growth,false,true,false
nominal gdp growth .,4,2,2,D02,6,D02_P006_SEC_2_9_PAR001,gdp;growth,false,true,false
gdp growth . this,4,2,2,D02,6,D02_P006_SEC_2_9_PAR001,gdp;growth,false,true,false
input costs . this,4,2,2,D02,7,D02_P007_SEC_2_12_PAR001,,false,true,false
was further reinforced by,4,2,2,D02,7,D02_P007_SEC_2_12_PAR001,,false,true,false
"global commodity prices ,",4,2,2,D02,7,D02_P007_SEC_2_12_PAR001,,false,true,false
"end of november 2025 ,",4,2,2,D02,7,D02_P007_SEC_2_13_PAR001,,false,true,false
", respectively , during",4,2,2,D02,7,D02_P007_SEC_2_13_PAR001,,false,true,false
on a yoy basis,4,2,2,D02,7,D02_P007_SEC_2_13_PAR001,,false,true,false
a yoy basis .,4,2,2,D02,7,D02_P007_SEC_2_13_PAR001,,false,true,false
the goods and services,4,2,2,D02,7,D02_P007_SEC_2_14_PAR001,,false,true,false
and services tax (,4,2,2,D02,7,D02_P007_SEC_2_14_PAR001,tax,false,true,false
services tax ( gst,4,2,2,D02,7,D02_P007_SEC_2_14_PAR001,gst;tax,false,true,false
tax ( gst ),4,2,2,D02,7,D02_P007_SEC_2_14_PAR001,gst;tax,false,true,false
) has played a,4,2,2,D02,7,D02_P007_SEC_2_14_PAR001,,false,true,false
has played a stabilising,4,2,2,D02,7,D02_P007_SEC_2_14_PAR001,,false,true,false
played a stabilising role,4,2,2,D02,7,D02_P007_SEC_2_14_PAR001,,false,true,false
ii. 3 ) .,4,2,2,D02,7,D02_P007_SEC_2_14_PAR001,,false,true,false
3 ) . the,4,2,2,D02,7,D02_P007_SEC_2_14_PAR001,,false,true,false
( chart ii. 4,4,2,2,D02,7,D02_P007_SEC_2_14_PAR001,,false,true,false
the underlying strength of,4,2,2,D02,8,D02_P008_SEC_2_15_PAR001,,false,true,false
"the tax base ,",4,2,2,D02,8,D02_P008_SEC_2_15_PAR001,tax,false,true,false
"tax base , with",4,2,2,D02,8,D02_P008_SEC_2_15_PAR001,tax,false,true,false
rationalisation of gst rates,4,2,2,D02,8,D02_P008_SEC_2_16_PAR001,gst;rates,false,true,false
lowered to 5 per cent from,4,2,2,D02,9,D02_P009_UNKNOWN_PAR002,,false,true,false
slashed to 5 per cent from,4,2,2,D02,9,D02_P009_UNKNOWN_PAR004,,false,true,false
5 per cent from 18 per cent .,4,2,2,D02,9,D02_P009_UNKNOWN_PAR004,,false,true,false
gst on small cars,4,2,2,D02,9,D02_P009_UNKNOWN_PAR005,gst,false,true,false
"on small cars ,",4,2,2,D02,9,D02_P009_UNKNOWN_PAR005,,false,true,false
is reduced to 18 per cent,4,2,1,D02,9,D02_P009_UNKNOWN_PAR005,,false,true,false
reduced to 18 per cent from,4,2,1,D02,9,D02_P009_UNKNOWN_PAR005,,false,true,false
to 18 per cent from 28 per cent,4,2,1,D02,9,D02_P009_UNKNOWN_PAR005,,false,true,false
18 per cent from 28 per cent .,4,2,1,D02,9,D02_P009_UNKNOWN_PAR005,,false,true,false
from 18 per cent to 5 per cent,4,2,2,D02,9,D02_P009_UNKNOWN_PAR009,,false,true,false
5 per cent gst rate on,4,2,2,D02,9,D02_P009_UNKNOWN_PAR012,gst;rate,false,true,false
• zero gst on,4,2,2,D02,9,D02_P009_UNKNOWN_PAR013,gst,false,true,false
food items such as,4,2,2,D02,9,D02_P009_UNKNOWN_PAR015,,false,true,false
and ( b ),4,2,2,D02,10,D02_P010_UNKNOWN_PAR003,,false,true,false
the reduction in the,4,2,2,D02,10,D02_P010_UNKNOWN_PAR007,,false,true,false
"sector , thereby supporting",4,2,2,D02,10,D02_P010_UNKNOWN_PAR007,sector,false,true,false
and strengthen india 's,4,2,2,D02,10,D02_P010_UNKNOWN_PAR008,,false,true,false
as a global manufacturing,4,2,2,D02,10,D02_P010_UNKNOWN_PAR009,,false,true,false
global manufacturing and investment,4,2,2,D02,10,D02_P010_UNKNOWN_PAR009,investment,false,true,false
manufacturing and investment destination,4,2,2,D02,10,D02_P010_UNKNOWN_PAR009,investment,false,true,false
and investment destination .,4,2,2,D02,10,D02_P010_UNKNOWN_PAR009,investment,false,true,false
the e-way bill system,4,2,2,D02,11,D02_P011_SEC_2_17_PAR001,,false,true,false
"over time , as",4,2,2,D02,11,D02_P011_SEC_2_17_PAR001,,false,true,false
the changing needs of,4,2,2,D02,11,D02_P011_SEC_2_18_PAR001,,false,true,false
and supply chains .,4,2,2,D02,11,D02_P011_SEC_2_18_PAR001,supply,false,true,false
"models , such as",4,2,2,D02,11,D02_P011_SEC_2_18_PAR001,,false,true,false
keeping in view the,4,2,2,D02,11,D02_P011_UNKNOWN_PAR001,,false,true,false
are being addressed through,4,2,2,D02,11,D02_P011_UNKNOWN_PAR001,,false,true,false
working capital stress .,4,2,2,D02,11,D02_P011_UNKNOWN_PAR001,capital,false,true,false
purchasing managers ' index,4,2,2,D02,11,D02_P011_UNKNOWN_PAR002,,false,true,false
managers ' index (,4,2,2,D02,11,D02_P011_UNKNOWN_PAR002,,false,true,false
' index ( pmi,4,2,2,D02,11,D02_P011_UNKNOWN_PAR002,,false,true,false
index ( pmi ),4,2,2,D02,11,D02_P011_UNKNOWN_PAR002,,false,true,false
"manufacturing and services ,",4,2,2,D02,11,D02_P011_UNKNOWN_PAR002,,false,true,false
", as a percentage",4,2,2,D02,12,D02_P012_SEC_2_19_PAR001,,false,true,false
"percentage of gdp ,",4,2,2,D02,12,D02_P012_SEC_2_19_PAR001,gdp,false,true,false
remained stable at around,4,2,2,D02,12,D02_P012_SEC_2_19_PAR001,stable,false,true,false
", which grew by",4,2,2,D02,12,D02_P012_SEC_2_19_PAR001,,false,true,false
to the central government,4,2,2,D02,12,D02_P012_SEC_2_19_PAR001,,false,true,false
the central government for,4,2,2,D02,12,D02_P012_SEC_2_19_PAR001,,false,true,false
central government for the,4,2,2,D02,12,D02_P012_SEC_2_19_PAR001,,false,true,false
"fy25 , which is",4,2,2,D02,12,D02_P012_SEC_2_19_PAR001,,false,true,false
"april to november 2025 ,",4,2,2,D02,12,D02_P012_SEC_2_19_PAR001,,false,true,false
contributed to the growth,4,2,2,D02,12,D02_P012_SEC_2_20_PAR001,growth,false,true,false
the growth in the,4,2,2,D02,12,D02_P012_SEC_2_20_PAR001,growth,false,true,false
"fy20 and fy25 ,",4,2,2,D02,12,D02_P012_SEC_2_20_PAR001,,false,true,false
an important component of,4,2,2,D02,13,D02_P013_SEC_2_21_PAR001,,false,true,false
important component of the,4,2,2,D02,13,D02_P013_SEC_2_21_PAR001,,false,true,false
during fy26 ( up,4,2,2,D02,13,D02_P013_SEC_2_21_PAR001,,false,true,false
( up to 31 december 2025,4,2,2,D02,13,D02_P013_SEC_2_21_PAR001,,false,true,false
up to 31 december 2025 ),4,2,2,D02,13,D02_P013_SEC_2_21_PAR001,,false,true,false
"to 31 december 2025 ) ,",4,2,2,D02,13,D02_P013_SEC_2_21_PAR001,,false,true,false
and minimum public shareholding,4,2,2,D02,13,D02_P013_SEC_2_21_PAR001,,false,true,false
over recent years .,4,2,2,D02,13,D02_P013_SEC_2_22_PAR001,,false,true,false
at various stages of,4,2,2,D02,13,D02_P013_SEC_2_22_PAR001,,false,true,false
". currently , in",4,2,2,D02,13,D02_P013_SEC_2_23_PAR001,,false,true,false
", the government could",4,2,1,D02,13,D02_P013_SEC_2_23_PAR001,,false,true,false
definition of `` government,4,2,1,D02,13,D02_P013_SEC_2_23_PAR001,,false,true,false
of `` government company,4,2,1,D02,13,D02_P013_SEC_2_23_PAR001,,false,true,false
`` government company '',4,2,1,D02,13,D02_P013_SEC_2_23_PAR001,,false,true,false
under the companies act,4,2,2,D02,13,D02_P013_SEC_2_23_PAR001,,false,true,false
such as the national,4,2,2,D02,13,D02_P013_SEC_2_23_PAR001,,false,true,false
a significant part of,4,2,2,D02,14,D02_P014_SEC_2_24_PAR001,,false,true,false
", pensions , interest",4,2,2,D02,14,D02_P014_SEC_2_25_PAR001,,false,true,false
"pensions , interest payments",4,2,2,D02,14,D02_P014_SEC_2_25_PAR001,payments,false,true,false
", interest payments ,",4,2,2,D02,14,D02_P014_SEC_2_25_PAR001,payments,false,true,false
"interest payments , and",4,2,2,D02,14,D02_P014_SEC_2_25_PAR001,payments,false,true,false
a continued commitment to,4,2,2,D02,14,D02_P014_SEC_2_25_PAR001,,false,true,false
as of october 2025 .,4,2,2,D02,14,D02_P014_SEC_2_25_PAR001,,false,true,false
played a key role,4,2,2,D02,15,D02_P015_SEC_2_26_PAR001,,false,true,false
been made possible by,4,2,2,D02,15,D02_P015_SEC_2_26_PAR001,,false,true,false
past decade . the,4,2,2,D02,15,D02_P015_SEC_2_26_PAR001,,false,true,false
in india 's power,4,2,2,D02,15,D02_P015_SEC_2_26_PAR002,,false,true,false
india 's power sector,4,2,2,D02,15,D02_P015_SEC_2_26_PAR002,sector,false,true,false
to industrial and commercial,4,2,2,D02,15,D02_P015_SEC_2_26_PAR002,,false,true,false
) . this is,4,2,2,D02,15,D02_P015_SEC_2_26_PAR002,,false,true,false
the average cost of,4,2,2,D02,15,D02_P015_SEC_2_26_PAR002,,false,true,false
reflect the cost of,4,2,2,D02,15,D02_P015_SEC_2_26_PAR002,,false,true,false
"however , in some",4,2,2,D02,15,D02_P015_SEC_2_26_PAR002,,false,true,false
the electricity ( amendment,4,2,2,D02,16,D02_P016_SEC_2_26_PAR001,,false,true,false
electricity ( amendment ),4,2,2,D02,16,D02_P016_SEC_2_26_PAR001,,false,true,false
( amendment ) bill,4,2,2,D02,16,D02_P016_SEC_2_26_PAR001,,false,true,false
"amendment ) bill ,",4,2,2,D02,16,D02_P016_SEC_2_26_PAR001,,false,true,false
"bill , 2025 ,",4,2,2,D02,16,D02_P016_SEC_2_26_PAR001,,false,true,false
", 2025 , was",4,2,2,D02,16,D02_P016_SEC_2_26_PAR001,,false,true,false
", was introduced to",4,2,2,D02,16,D02_P016_SEC_2_26_PAR001,,false,true,false
"going forward , a",4,2,2,D02,16,D02_P016_SEC_2_26_PAR001,,false,true,false
of the centre 's,4,2,2,D02,16,D02_P016_SEC_2_27_PAR001,,false,true,false
", increased from an",4,2,2,D02,16,D02_P016_SEC_2_27_PAR001,,false,true,false
. interest payments account,4,2,2,D02,16,D02_P016_SEC_2_27_PAR001,account;payments,false,true,false
interest payments account for,4,2,2,D02,16,D02_P016_SEC_2_27_PAR001,account;payments,false,true,false
undertaken by the government,4,2,2,D02,16,D02_P016_SEC_2_27_PAR001,,false,true,false
"by the government ,",4,2,2,D02,16,D02_P016_SEC_2_27_PAR001,,false,true,false
switch and buyback operations,4,2,2,D02,16,D02_P016_SEC_2_27_PAR001,,false,true,false
"and buyback operations ,",4,2,2,D02,16,D02_P016_SEC_2_27_PAR001,,false,true,false
are expected to strengthen,4,2,2,D02,16,D02_P016_SEC_2_27_PAR001,,false,true,false
", thereby directly reducing",4,2,2,D02,16,D02_P016_SEC_2_27_PAR001,,false,true,false
"and , in turn",4,2,2,D02,16,D02_P016_SEC_2_27_PAR001,,false,true,false
measures to enhance the,4,2,2,D02,16,D02_P016_SEC_2_28_PAR001,,false,true,false
enhance the efficiency of,4,2,2,D02,16,D02_P016_SEC_2_28_PAR001,,false,true,false
the government has already,4,2,2,D02,16,D02_P016_SEC_2_28_PAR001,,false,true,false
to improve the efficiency,4,2,2,D02,16,D02_P016_SEC_2_28_PAR001,,false,true,false
details of some of,4,2,2,D02,16,D02_P016_SEC_2_28_PAR001,,false,true,false
are outlined in box,4,2,2,D02,16,D02_P016_SEC_2_28_PAR001,,false,true,false
centrally sponsored schemes (,4,2,2,D02,17,D02_P017_UNKNOWN_PAR002,,false,true,false
of the central share,4,2,2,D02,17,D02_P017_UNKNOWN_PAR003,,false,true,false
directly from rbi accounts,4,2,2,D02,17,D02_P017_UNKNOWN_PAR003,,false,true,false
"( pfms ) ,",4,2,2,D02,17,D02_P017_UNKNOWN_PAR003,,false,true,false
as on 15.01 .,4,2,2,D02,17,D02_P017_UNKNOWN_PAR003,,false,true,false
on 15.01 . 2026,4,2,2,D02,17,D02_P017_UNKNOWN_PAR003,,false,true,false
", with assignments of",4,2,1,D02,17,D02_P017_UNKNOWN_PAR004,,false,true,false
s of expenditure incurred,4,2,1,D02,17,D02_P017_UNKNOWN_PAR004,expenditure,false,true,false
in the public distribution,4,2,2,D02,17,D02_P017_UNKNOWN_PAR005,,false,true,false
in india is a,4,2,2,D02,17,D02_P017_UNKNOWN_PAR006,,false,true,false
a strategic initiative to,4,2,2,D02,17,D02_P017_UNKNOWN_PAR006,,false,true,false
"within a year ,",4,2,2,D02,17,D02_P017_UNKNOWN_PAR007,,false,true,false
contribute nearly one-fifth of,4,2,2,D02,17,D02_P017_UNKNOWN_PAR008,,false,true,false
for the creation of,4,2,2,D02,18,D02_P018_SEC_2_29_PAR001,,false,true,false
", and further to",4,2,2,D02,18,D02_P018_SEC_2_29_PAR001,,false,true,false
"foreign exchange , and",4,2,2,D02,18,D02_P018_UNKNOWN_PAR001,exchange;foreign,false,true,false
for the kharif marketing,4,2,2,D02,18,D02_P018_UNKNOWN_PAR002,,false,true,false
the kharif marketing season,4,2,2,D02,18,D02_P018_UNKNOWN_PAR002,,false,true,false
in the composition of,4,2,2,D02,19,D02_P019_SEC_2_30_PAR001,,false,true,false
end of november 2025 (,4,2,2,D02,19,D02_P019_SEC_2_31_PAR001,,false,true,false
november 2025 ( chart ii.,4,2,2,D02,19,D02_P019_SEC_2_31_PAR001,,false,true,false
) . on the,4,2,2,D02,19,D02_P019_SEC_2_31_PAR001,,false,true,false
"year , reflecting a",4,2,2,D02,19,D02_P019_SEC_2_31_PAR001,,false,true,false
commitment to fiscal consolidation,4,2,2,D02,19,D02_P019_SEC_2_31_PAR001,fiscal,false,true,false
", indicating that the",4,2,2,D02,20,D02_P020_SEC_2_32_PAR001,,false,true,false
year . ( chart,4,2,2,D02,20,D02_P020_SEC_2_32_PAR001,,false,true,false
of states in central,4,2,2,D02,21,D02_P021_SEC_2_33_PAR001,,false,true,false
states in central taxes,4,2,2,D02,21,D02_P021_SEC_2_33_PAR001,taxes,false,true,false
significantly in recent years,4,2,2,D02,21,D02_P021_SEC_2_33_PAR001,,false,true,false
fy26 ( be ),4,2,2,D02,21,D02_P021_SEC_2_33_PAR001,,false,true,false
"together , the evidence",4,2,2,D02,22,D02_P022_SEC_2_33_PAR001,,false,true,false
gains in household incomes,4,2,2,D02,22,D02_P022_SEC_2_33_PAR001,,false,true,false
human welfare rather than,4,2,2,D02,22,D02_P022_SEC_2_33_PAR001,,false,true,false
of gsdp for the,4,2,1,D02,22,D02_P022_SEC_2_35_PAR001,,false,true,false
for the power sector,4,2,2,D02,22,D02_P022_SEC_2_35_PAR001,sector,false,true,false
stable at around 2.8 per cent,4,2,2,D02,23,D02_P023_SEC_2_37_PAR001,stable,false,true,false
and fy 25 pa,4,2,2,D02,23,D02_P023_SEC_2_38_PAR001,,false,true,false
", of which 10",4,2,2,D02,23,D02_P023_SEC_2_38_PAR001,,false,true,false
national pension system (,4,2,2,D02,23,D02_P023_UNKNOWN_PAR001,,false,true,false
pension system ( nps,4,2,2,D02,23,D02_P023_UNKNOWN_PAR001,,false,true,false
system ( nps ),4,2,2,D02,23,D02_P023_UNKNOWN_PAR001,,false,true,false
the designated authority (,4,2,2,D02,23,D02_P023_UNKNOWN_PAR001,,false,true,false
) . for fy26,4,2,2,D02,23,D02_P023_UNKNOWN_PAR001,,false,true,false
". for fy26 ,",4,2,2,D02,23,D02_P023_UNKNOWN_PAR001,,false,true,false
. a key driver,4,2,2,D02,24,D02_P024_SEC_2_38_PAR001,,false,true,false
"nominal gdp growth ,",4,2,2,D02,24,D02_P024_SEC_2_38_PAR001,gdp;growth,false,true,false
", compounded by the",4,2,2,D02,24,D02_P024_SEC_2_38_PAR001,,false,true,false
are revised estimates for,4,2,2,D02,24,D02_P024_SEC_2_38_PAR002,,false,true,false
revised estimates for fy25,4,2,2,D02,24,D02_P024_SEC_2_38_PAR002,,false,true,false
estimates for fy25 .,4,2,2,D02,24,D02_P024_SEC_2_38_PAR002,,false,true,false
than 1 indicates a,4,2,1,D02,24,D02_P024_SEC_2_38_PAR003,,false,true,false
1 indicates a revenue,4,2,1,D02,24,D02_P024_SEC_2_38_PAR003,revenue,false,true,false
") , haryana (",4,2,2,D02,24,D02_P024_SEC_2_39_PAR002,,false,true,false
") , karnataka (",4,2,2,D02,24,D02_P024_SEC_2_39_PAR002,,false,true,false
madhya pradesh ( mp,4,2,2,D02,24,D02_P024_SEC_2_39_PAR002,,false,true,false
pradesh ( mp ),4,2,2,D02,24,D02_P024_SEC_2_39_PAR002,,false,true,false
") , maharashtra (",4,2,2,D02,24,D02_P024_SEC_2_39_PAR002,,false,true,false
") , uttar pradesh",4,2,2,D02,24,D02_P024_SEC_2_39_PAR002,,false,true,false
", uttar pradesh (",4,2,2,D02,24,D02_P024_SEC_2_39_PAR002,,false,true,false
uttar pradesh ( up,4,2,2,D02,24,D02_P024_SEC_2_39_PAR002,,false,true,false
pradesh ( up ),4,2,2,D02,24,D02_P024_SEC_2_39_PAR002,,false,true,false
"of states , as",4,2,2,D02,25,D02_P025_SEC_2_40_PAR001,,false,true,false
"states , as a",4,2,2,D02,25,D02_P025_SEC_2_40_PAR001,,false,true,false
"( pa ) ,",4,2,2,D02,25,D02_P025_SEC_2_40_PAR001,,false,true,false
interest-free loans to states,4,2,2,D02,25,D02_P025_SEC_2_40_PAR001,loans,false,true,false
in fy26 . as,4,2,2,D02,25,D02_P025_SEC_2_40_PAR001,,false,true,false
' share in central,4,2,2,D02,25,D02_P025_UNKNOWN_PAR001,,false,true,false
. for fy 25,4,2,2,D02,25,D02_P025_UNKNOWN_PAR002,,false,true,false
for fy 25 pa,4,2,2,D02,25,D02_P025_UNKNOWN_PAR002,,false,true,false
", sikkim , and",4,2,2,D02,25,D02_P025_UNKNOWN_PAR002,,false,true,false
"sikkim , and goa",4,2,2,D02,25,D02_P025_UNKNOWN_PAR002,,false,true,false
states ' own tax,4,2,2,D02,25,D02_P025_UNKNOWN_PAR003,tax,false,true,false
' own tax revenue,4,2,2,D02,25,D02_P025_UNKNOWN_PAR003,revenue;tax,false,true,false
"own tax revenue ,",4,2,2,D02,25,D02_P025_UNKNOWN_PAR003,revenue;tax,false,true,false
", sct- share in",4,2,2,D02,25,D02_P025_UNKNOWN_PAR003,,false,true,false
sct- share in central,4,2,2,D02,25,D02_P025_UNKNOWN_PAR003,,false,true,false
"in central taxes ,",4,2,2,D02,25,D02_P025_UNKNOWN_PAR003,taxes,false,true,false
strikes a balance between,4,2,2,D02,26,D02_P026_SEC_2_40_PAR001,balance,false,true,false
", out of the",4,2,2,D02,26,D02_P026_SEC_2_40_PAR001,,false,true,false
states and uts to,4,2,2,D02,26,D02_P026_SEC_2_40_PAR001,,false,true,false
. the scheme has,4,2,2,D02,26,D02_P026_SEC_2_40_PAR002,,false,true,false
with lower per capita,4,2,2,D02,26,D02_P026_SEC_2_40_PAR002,,false,true,false
in fy24 ( chart,4,2,1,D02,27,D02_P027_SEC_2_41_PAR001,,false,true,false
fy24 ( chart ii.,4,2,1,D02,27,D02_P027_SEC_2_41_PAR001,,false,true,false
"within revenue expenditure ,",4,2,2,D02,27,D02_P027_SEC_2_41_PAR001,expenditure;revenue,false,true,false
a rising share of,4,2,2,D02,27,D02_P027_SEC_2_41_PAR001,,false,true,false
total expenditure excludes loans,4,2,2,D02,28,D02_P028_UNKNOWN_PAR001,expenditure;loans,false,true,false
expenditure excludes loans and,4,2,2,D02,28,D02_P028_UNKNOWN_PAR001,expenditure;loans,false,true,false
excludes loans and advances,4,2,2,D02,28,D02_P028_UNKNOWN_PAR001,loans,false,true,false
loans and advances disbursed,4,2,2,D02,28,D02_P028_UNKNOWN_PAR001,loans,false,true,false
and advances disbursed by,4,2,2,D02,28,D02_P028_UNKNOWN_PAR001,,false,true,false
advances disbursed by states,4,2,2,D02,28,D02_P028_UNKNOWN_PAR001,,false,true,false
disbursed by states .,4,2,2,D02,28,D02_P028_UNKNOWN_PAR001,,false,true,false
", te- total expenditure",4,2,2,D02,28,D02_P028_UNKNOWN_PAR003,expenditure,false,true,false
"expenditure , co- capital",4,2,2,D02,28,D02_P028_UNKNOWN_PAR003,capital;expenditure,false,true,false
", co- capital outlay",4,2,2,D02,28,D02_P028_UNKNOWN_PAR003,capital,false,true,false
expenditure ( mpce ),4,2,2,D02,29,D02_P029_UNKNOWN_PAR001,expenditure,false,true,false
at least half of,4,2,2,D02,29,D02_P029_UNKNOWN_PAR001,,false,true,false
least half of the,4,2,2,D02,29,D02_P029_UNKNOWN_PAR001,,false,true,false
"of gdp , indicating",4,2,2,D02,29,D02_P029_UNKNOWN_PAR002,gdp,false,true,false
"this context , higher",4,2,2,D02,29,D02_P029_UNKNOWN_PAR003,,false,true,false
of the state .,4,2,2,D02,29,D02_P029_UNKNOWN_PAR003,,false,true,false
low- and middle-income countries,4,2,2,D02,29,D02_P029_UNKNOWN_PAR004,,false,true,false
", food security ,",4,2,2,D02,29,D02_P029_UNKNOWN_PAR004,,false,true,false
", they do not",4,2,2,D02,29,D02_P029_UNKNOWN_PAR004,,false,true,false
year ( as on,4,2,2,D02,30,D02_P030_SEC_2_42_PAR001,,false,true,false
"year , which is",4,2,2,D02,30,D02_P030_SEC_2_42_PAR001,,false,true,false
lower than the yoy,4,2,2,D02,30,D02_P030_SEC_2_42_PAR001,,false,true,false
than the yoy growth,4,2,2,D02,30,D02_P030_SEC_2_42_PAR001,growth,false,true,false
the yoy growth of,4,2,2,D02,30,D02_P030_SEC_2_42_PAR001,growth,false,true,false
growth of the previous,4,2,2,D02,30,D02_P030_SEC_2_42_PAR001,growth,false,true,false
"targets , and the",4,2,2,D02,30,D02_P030_UNKNOWN_PAR002,,false,true,false
can be designed as,4,2,2,D02,30,D02_P030_UNKNOWN_PAR002,,false,true,false
growth will depend on,4,2,2,D02,30,D02_P030_UNKNOWN_PAR003,growth,false,true,false
for mizoram and sikkim,4,2,2,D02,31,D02_P031_UNKNOWN_PAR002,,false,true,false
"mizoram and sikkim ,",4,2,2,D02,31,D02_P031_UNKNOWN_PAR002,,false,true,false
karnataka and tamil nadu,4,2,2,D02,32,D02_P032_SEC_2_43_PAR003,,false,true,false
"and tamil nadu ,",4,2,2,D02,32,D02_P032_SEC_2_43_PAR003,,false,true,false
expenditure on subsidies is,4,2,2,D02,32,D02_P032_SEC_2_43_PAR003,expenditure,false,true,false
"cost of borrowing ,",4,2,2,D02,33,D02_P033_UNKNOWN_PAR001,,false,true,false
", and supporting the",4,2,2,D02,33,D02_P033_UNKNOWN_PAR001,,false,true,false
levels have continued to,4,2,2,D02,33,D02_P033_UNKNOWN_PAR001,,false,true,false
50 ± 1 per cent by,4,2,2,D02,33,D02_P033_UNKNOWN_PAR001,,false,true,false
an uncertain global environment,4,2,2,D02,33,D02_P033_UNKNOWN_PAR001,,false,true,false
uncertain global environment .,4,2,2,D02,33,D02_P033_UNKNOWN_PAR001,,false,true,false
detailed discussion of the,4,2,2,D02,33,D02_P033_UNKNOWN_PAR001,,false,true,false
for the central government,4,2,2,D02,33,D02_P033_UNKNOWN_PAR001,,false,true,false
and budget management (,4,2,2,D02,34,D02_P034_UNKNOWN_PAR001,budget,false,true,false
budget management ( frbm,4,2,2,D02,34,D02_P034_UNKNOWN_PAR001,budget,false,true,false
management ( frbm ),4,2,2,D02,34,D02_P034_UNKNOWN_PAR001,,false,true,false
is important to retain,4,2,1,D02,34,D02_P034_UNKNOWN_PAR001,,false,true,false
. it is important,4,2,2,D02,34,D02_P034_UNKNOWN_PAR001,,false,true,false
of the sixteenth finance,4,2,2,D02,34,D02_P034_UNKNOWN_PAR002,finance,false,true,false
the sixteenth finance commission,4,2,2,D02,34,D02_P034_UNKNOWN_PAR002,finance,false,true,false
the weighted average maturity,4,2,2,D02,35,D02_P035_SEC_2_46_PAR001,,false,true,false
in fy26 so far,4,2,2,D02,35,D02_P035_SEC_2_46_PAR001,,false,true,false
years in fy25 .,4,2,2,D02,35,D02_P035_SEC_2_46_PAR001,,false,true,false
the weighted average coupon,4,2,1,D02,35,D02_P035_SEC_2_46_PAR001,,false,true,false
in fy25 . over,4,2,2,D02,35,D02_P035_SEC_2_46_PAR001,,false,true,false
"maturities , supported by",4,2,2,D02,35,D02_P035_SEC_2_47_PAR001,,false,true,false
", with the weighted",4,2,2,D02,36,D02_P036_SEC_2_48_PAR001,,false,true,false
with the weighted average,4,2,2,D02,36,D02_P036_SEC_2_48_PAR001,,false,true,false
over the next five,4,2,2,D02,36,D02_P036_SEC_2_48_PAR001,,false,true,false
remains low due to,4,2,2,D02,36,D02_P036_SEC_2_48_PAR001,,false,true,false
due to the country,4,2,2,D02,36,D02_P036_SEC_2_48_PAR001,,false,true,false
", with external debt",4,2,2,D02,36,D02_P036_SEC_2_48_PAR001,debt,false,true,false
in the last decade,4,2,2,D02,36,D02_P036_SEC_2_49_PAR001,,false,true,false
", culminating in a",4,2,2,D02,36,D02_P036_SEC_2_49_PAR001,,false,true,false
. in other words,4,2,2,D02,36,D02_P036_SEC_2_50_PAR001,,false,true,false
provide an overview of,4,2,2,D02,37,D02_P037_SEC_2_51_PAR001,,false,true,false
remained above pre-pandemic levels,4,2,2,D02,37,D02_P037_SEC_2_51_PAR001,,false,true,false
"above pre-pandemic levels ,",4,2,2,D02,37,D02_P037_SEC_2_51_PAR001,,false,true,false
", the general government",4,2,2,D02,37,D02_P037_SEC_2_51_PAR001,,false,true,false
is also expected to,4,2,2,D02,37,D02_P037_SEC_2_51_PAR001,,false,true,false
", with advanced economies",4,2,2,D02,37,D02_P037_SEC_2_52_PAR001,,false,true,false
") , even as",4,2,2,D02,37,D02_P037_SEC_2_52_PAR001,,false,true,false
. this places india,4,2,2,D02,37,D02_P037_SEC_2_52_PAR001,,false,true,false
of private capital .,4,2,2,D02,39,D02_P039_UNKNOWN_PAR001,capital,false,true,false
capital . in this,4,2,2,D02,39,D02_P039_UNKNOWN_PAR001,capital,false,true,false
is presented in box,4,2,2,D02,39,D02_P039_UNKNOWN_PAR001,,false,true,false
' is the government,4,2,2,D02,39,D02_P039_UNKNOWN_PAR002,,false,true,false
the government spending gap,4,2,2,D02,39,D02_P039_UNKNOWN_PAR002,,false,true,false
". further , since",4,2,2,D02,39,D02_P039_UNKNOWN_PAR002,,false,true,false
". on average ,",4,2,2,D02,39,D02_P039_UNKNOWN_PAR003,,false,true,false
"on average , an",4,2,2,D02,39,D02_P039_UNKNOWN_PAR003,,false,true,false
an improvement in the,4,2,2,D02,40,D02_P040_UNKNOWN_PAR001,,false,true,false
can be understood as,4,2,2,D02,40,D02_P040_UNKNOWN_PAR001,,false,true,false
", which shows that",4,2,2,D02,40,D02_P040_UNKNOWN_PAR001,,false,true,false
and debt . the,4,2,2,D02,41,D02_P041_SEC_2_55_PAR001,debt,false,true,false
. the centre 's,4,2,2,D02,41,D02_P041_SEC_2_55_PAR001,,false,true,false
's commitment to a,4,2,2,D02,41,D02_P041_SEC_2_55_PAR001,,false,true,false
to a transparent and,4,2,2,D02,41,D02_P041_SEC_2_55_PAR001,,false,true,false
flexibility to respond to,4,2,2,D02,41,D02_P041_SEC_2_55_PAR001,,false,true,false
"recent years , particularly",4,2,2,D02,41,D02_P041_SEC_2_56_PAR001,,false,true,false
//tinyurl . com/ 2,4,2,2,D02,41,D02_P041_SEC_2_56_PAR003,,false,true,false
early 1970 s (,4,2,1,D02,41,D02_P041_SEC_2_56_PAR003,,false,true,false
. the recommendations of,4,2,2,D02,42,D02_P042_SEC_2_56_PAR001,,false,true,false
", raising concerns about",4,2,2,D02,42,D02_P042_SEC_2_56_PAR001,,false,true,false
the efficiency of the,4,2,2,D02,42,D02_P042_SEC_2_58_PAR001,,false,true,false
", reducing compliance costs",4,2,2,D02,42,D02_P042_SEC_2_58_PAR001,,false,true,false
"reducing compliance costs ,",4,2,2,D02,42,D02_P042_SEC_2_58_PAR001,,false,true,false
wider use of digital,4,2,2,D02,42,D02_P042_SEC_2_58_PAR001,,false,true,false
of digital systems in,4,2,2,D02,42,D02_P042_SEC_2_58_PAR001,,false,true,false
fy23 fy24 fy25 re,4,2,2,D02,5,D02_T001,,false,true,false
fy24 fy25 re fy26,4,2,2,D02,5,D02_T001,,false,true,false
fy25 re fy26 be,4,2,2,D02,5,D02_T001,,false,true,false
fy23 fy24 fy25 pa,4,2,2,D02,12,D02_T002,,false,true,false
fy24 fy25 pa fy26,4,2,2,D02,12,D02_T002,,false,true,false
fy25 pa fy26 be,4,2,2,D02,12,D02_T002,,false,true,false
) road transport and,4,2,2,D02,19,D02_T005,,false,true,false
housing and urban affai,4,2,2,D02,19,D02_T005,,false,true,false
through the lens of,4,2,2,D02,40,D02_T009,,false,true,false
". in fy24 ,",4,2,2,D02,40,D02_T009,,false,true,false
general government investment was,4,2,1,D02,40,D02_T009,investment,false,true,false
", amounting to about",4,2,2,D02,40,D02_T009,,false,true,false
defining feature of the,4,2,2,D03,5,D03_BOX001,,false,true,false
the adoption of ai,4,2,2,D03,21,D03_BOX003,,false,true,false
of ai in finance,4,2,2,D03,21,D03_BOX003,finance,false,true,false
ai in financial services,4,2,2,D03,21,D03_BOX003,financial,false,true,false
"banking , insurance ,",4,2,2,D03,21,D03_BOX003,banking,false,true,false
a higher degree of,4,2,2,D03,21,D03_BOX003,,false,true,false
", particularly in developing",4,2,2,D03,21,D03_BOX003,,false,true,false
in developing economies .,4,2,2,D03,21,D03_BOX003,,false,true,false
"operational efficiency , and",4,2,2,D03,21,D03_BOX003,,false,true,false
". however , there",4,2,2,D03,21,D03_BOX003,,false,true,false
use of ai by,4,2,2,D03,21,D03_BOX003,,false,true,false
significantly over the past,4,2,2,D03,24,D03_BOX005,,false,true,false
( such as the,4,2,2,D03,24,D03_BOX005,,false,true,false
india 's financial inclusion,4,2,2,D03,24,D03_BOX007,financial,false,true,false
low-income and rural households,4,2,2,D03,24,D03_BOX007,,false,true,false
the past two decades,4,2,2,D03,24,D03_BOX007,,false,true,false
formal credit access to,4,2,2,D03,27,D03_BOX009,credit,false,true,false
while the expansion of,4,2,2,D03,29,D03_BOX011,,false,true,false
is a necessary foundation,4,2,2,D03,29,D03_BOX011,,false,true,false
a growing body of,4,2,2,D03,29,D03_BOX011,,false,true,false
indian school of business,4,2,2,D03,29,D03_BOX011,,false,true,false
the ministry of housing,4,2,2,D03,29,D03_BOX011,,false,true,false
"affairs , government of",4,2,2,D03,29,D03_BOX011,,false,true,false
"code , 2025 (",4,2,2,D03,36,D03_BOX013,,false,true,false
"act , 1956 ,",4,2,2,D03,36,D03_BOX013,,false,true,false
", 1956 , the",4,2,2,D03,36,D03_BOX013,,false,true,false
", the sebi act",4,2,2,D03,36,D03_BOX013,,false,true,false
and the depositories act,4,2,2,D03,36,D03_BOX013,,false,true,false
"act , 1996 ,",4,2,2,D03,36,D03_BOX013,,false,true,false
", investor protection ,",4,2,2,D03,36,D03_BOX013,investor,false,true,false
has undergone a significant,4,2,2,D03,39,D03_BOX015,,false,true,false
"past decade , indicating",4,2,2,D03,39,D03_BOX015,,false,true,false
", indicating a deeper",4,2,2,D03,39,D03_BOX015,,false,true,false
this transition has been,4,2,2,D03,39,D03_BOX015,,false,true,false
become a significant component,4,2,2,D03,39,D03_BOX015,,false,true,false
a significant component of,4,2,2,D03,39,D03_BOX015,,false,true,false
", the development of",4,2,2,D03,39,D03_BOX015,,false,true,false
a comprehensive suite of,4,2,2,D03,42,D03_BOX017,,false,true,false
"collectively , these measures",4,2,2,D03,42,D03_BOX017,,false,true,false
commitment to fostering a,4,2,2,D03,42,D03_BOX017,,false,true,false
to fostering a transparent,4,2,2,D03,42,D03_BOX017,,false,true,false
", resilient , and",4,2,2,D03,42,D03_BOX017,,false,true,false
", accessibility , and",4,2,2,D03,42,D03_BOX017,,false,true,false
segments of the securities,4,2,2,D03,42,D03_BOX017,securities,false,true,false
investor protection and empowerment,4,2,2,D03,42,D03_BOX017,investor,false,true,false
", over the past",4,2,2,D03,46,D03_BOX019,,false,true,false
"past three decades ,",4,2,2,D03,46,D03_BOX019,,false,true,false
emerging economies such as,4,2,2,D03,46,D03_BOX019,,false,true,false
and south africa (,4,2,2,D03,46,D03_BOX019,,false,true,false
. much of the,4,2,2,D03,46,D03_BOX019,,false,true,false
niti aayog . (,4,2,2,D03,46,D03_BOX019,,false,true,false
aayog . ( 2025,4,2,2,D03,46,D03_BOX019,,false,true,false
a weighted average of,4,2,2,D03,46,D03_BOX019,,false,true,false
weighted average of central,4,2,2,D03,46,D03_BOX019,,false,true,false
average of central bank,4,2,2,D03,46,D03_BOX019,bank,false,true,false
bank policy rates and,4,2,2,D03,46,D03_BOX019,bank;policy;rates,false,true,false
policy rates and 10,4,2,2,D03,46,D03_BOX019,policy;rates,false,true,false
"government bond yields ,",4,2,2,D03,46,D03_BOX019,bond;yields,false,true,false
"bond yields , weighted",4,2,2,D03,46,D03_BOX019,bond;yields,false,true,false
"yields , weighted by",4,2,2,D03,46,D03_BOX019,yields,false,true,false
", weighted by the",4,2,2,D03,46,D03_BOX019,,false,true,false
weighted by the share,4,2,2,D03,46,D03_BOX019,,false,true,false
by the share of,4,2,2,D03,46,D03_BOX019,,false,true,false
the share of bank,4,2,2,D03,46,D03_BOX019,bank,false,true,false
share of bank and,4,2,2,D03,46,D03_BOX019,bank,false,true,false
of bank and market-based,4,2,2,D03,46,D03_BOX019,bank,false,true,false
bank and market-based credit,4,2,2,D03,46,D03_BOX019,bank;credit,false,true,false
and market-based credit in,4,2,2,D03,46,D03_BOX019,credit,false,true,false
market-based credit in total,4,2,2,D03,46,D03_BOX019,credit,false,true,false
credit in total credit,4,2,2,D03,46,D03_BOX019,credit,false,true,false
in total credit to,4,2,2,D03,46,D03_BOX019,credit,false,true,false
total credit to the,4,2,2,D03,46,D03_BOX019,credit,false,true,false
to the private non-financial,4,2,2,D03,46,D03_BOX019,,false,true,false
the private non-financial sector,4,2,2,D03,46,D03_BOX019,sector,false,true,false
private non-financial sector .,4,2,2,D03,46,D03_BOX019,sector,false,true,false
the sabka bima sabki,4,2,2,D03,60,D03_BOX021,,false,true,false
( amendment of insurance,4,2,2,D03,60,D03_BOX021,,false,true,false
amendment of insurance laws,4,2,2,D03,60,D03_BOX021,,false,true,false
of insurance laws ),4,2,2,D03,60,D03_BOX021,,false,true,false
various provisions of the,4,2,2,D03,60,D03_BOX021,,false,true,false
of the insurance act,4,2,2,D03,60,D03_BOX021,,false,true,false
regulatory and development authority,4,2,2,D03,60,D03_BOX021,regulatory,false,true,false
", with a view",4,2,2,D03,60,D03_BOX021,,false,true,false
a view to enhance,4,2,2,D03,60,D03_BOX021,,false,true,false
growth and development of,4,2,2,D03,60,D03_BOX021,growth,false,true,false
of the insurance sector,4,2,2,D03,60,D03_BOX021,sector,false,true,false
the insurance sector and,4,2,2,D03,60,D03_BOX021,sector,false,true,false
and to enhance the,4,2,2,D03,60,D03_BOX021,,false,true,false
doing business . the,4,2,2,D03,60,D03_BOX021,,false,true,false
are as below :,4,2,2,D03,60,D03_BOX021,,false,true,false
as below : •,4,2,2,D03,60,D03_BOX021,,false,true,false
. this will help,4,2,2,D03,60,D03_BOX021,,false,true,false
", not merely as",4,2,2,D03,64,D03_BOX023,,false,true,false
economy . it is,4,2,2,D03,64,D03_BOX023,,false,true,false
. this requires an,4,2,2,D03,64,D03_BOX023,,false,true,false
that is time-bound and,4,2,2,D03,64,D03_BOX023,,false,true,false
", proportionality , and",4,2,2,D03,64,D03_BOX023,,false,true,false
". historically , india",4,2,2,D03,64,D03_BOX023,,false,true,false
"energy transition , and",4,2,2,D03,64,D03_BOX023,energy,false,true,false
", the reserve bank",4,2,2,D03,1,D03_P001_UNKNOWN_PAR002,bank;reserve,false,true,false
's monetary policy committee,4,2,2,D03,1,D03_P001_UNKNOWN_PAR002,monetary;policy,false,true,false
reduced the repo rate,4,2,2,D03,1,D03_P001_UNKNOWN_PAR002,rate;repo,false,true,false
weighted average lending rates,4,2,2,D03,1,D03_P001_UNKNOWN_PAR002,lending;rates,false,true,false
rates of scheduled commercial,4,2,2,D03,1,D03_P001_UNKNOWN_PAR002,rates,false,true,false
scheduled commercial banks declining,4,2,2,D03,1,D03_P001_UNKNOWN_PAR002,banks,false,true,false
"and mutual funds ,",4,2,2,D03,1,D03_P001_UNKNOWN_PAR003,,false,true,false
international financial service centre,4,2,2,D03,1,D03_P001_UNKNOWN_PAR004,financial,false,true,false
creating an enabling ecosystem,4,2,2,D03,1,D03_P001_UNKNOWN_PAR004,,false,true,false
enabling ecosystem for attracting,4,2,2,D03,1,D03_P001_UNKNOWN_PAR004,,false,true,false
ecosystem for attracting and,4,2,2,D03,1,D03_P001_UNKNOWN_PAR004,,false,true,false
for attracting and channelling,4,2,2,D03,1,D03_P001_UNKNOWN_PAR004,,false,true,false
attracting and channelling global,4,2,2,D03,1,D03_P001_UNKNOWN_PAR004,,false,true,false
and channelling global capital,4,2,2,D03,1,D03_P001_UNKNOWN_PAR004,capital,false,true,false
channelling global capital .,4,2,2,D03,1,D03_P001_UNKNOWN_PAR004,capital,false,true,false
of pension and insurance,4,2,2,D03,1,D03_P001_UNKNOWN_PAR004,,false,true,false
's financial system is,4,2,2,D03,1,D03_P001_UNKNOWN_PAR005,financial,false,true,false
"more resilient , diversified",4,2,2,D03,1,D03_P001_UNKNOWN_PAR005,,false,true,false
the need to improve,4,2,2,D03,1,D03_P001_UNKNOWN_PAR005,,false,true,false
the demands of a,4,2,2,D03,1,D03_P001_UNKNOWN_PAR005,,false,true,false
growth with stability .,4,2,2,D03,1,D03_P001_UNKNOWN_PAR005,growth;stability,false,true,false
"interest rates , and",4,2,2,D03,2,D03_P002_SEC_3_1_PAR001,rates,false,true,false
the banking and financial,4,2,2,D03,2,D03_P002_SEC_3_1_PAR001,banking;financial,false,true,false
resilience in the face,4,2,2,D03,2,D03_P002_SEC_3_1_PAR001,,false,true,false
to lower borrowing costs,4,2,2,D03,2,D03_P002_SEC_3_2_PAR001,,false,true,false
sector has become a,4,2,2,D03,2,D03_P002_SEC_3_2_PAR001,sector,false,true,false
of global shocks .,4,2,2,D03,2,D03_P002_SEC_3_2_PAR001,,false,true,false
", and accountability are",4,2,2,D03,2,D03_P002_SEC_3_2_PAR001,,false,true,false
can serve as a,4,2,2,D03,2,D03_P002_SEC_3_2_PAR001,,false,true,false
as a buffer against,4,2,2,D03,2,D03_P002_SEC_3_2_PAR001,,false,true,false
global developments . the,4,2,2,D03,2,D03_P002_SEC_3_3_PAR001,,false,true,false
in the global financial,4,2,2,D03,2,D03_P002_SEC_3_3_PAR001,financial,false,true,false
". subsequently , the",4,2,2,D03,2,D03_P002_SEC_3_3_PAR001,,false,true,false
provides a comprehensive overview,4,2,2,D03,2,D03_P002_SEC_3_3_PAR001,,false,true,false
a comprehensive overview of,4,2,2,D03,2,D03_P002_SEC_3_3_PAR001,,false,true,false
", pensions , and",4,2,2,D03,2,D03_P002_SEC_3_3_PAR001,,false,true,false
. in view of,4,2,2,D03,2,D03_P002_SEC_3_3_PAR001,,false,true,false
chapter concludes with a,4,2,2,D03,2,D03_P002_SEC_3_3_PAR001,,false,true,false
of an uncertainty shock,4,2,2,D03,2,D03_P002_SEC_3_4_PAR001,,false,true,false
", trade , and",4,2,2,D03,2,D03_P002_SEC_3_4_PAR001,trade,false,true,false
", financial market participants",4,2,2,D03,2,D03_P002_SEC_3_4_PAR001,financial;market,false,true,false
marked by heightened uncertainty,4,2,2,D03,3,D03_P003_SEC_3_4_PAR002,,false,true,false
. research shows that,4,2,2,D03,3,D03_P003_SEC_3_6_PAR001,,false,true,false
prolonged periods of uncertainty,4,2,2,D03,3,D03_P003_SEC_3_6_PAR001,,false,true,false
the presence of uncertainty,4,2,2,D03,3,D03_P003_SEC_3_6_PAR001,,false,true,false
. a rise in,4,2,2,D03,3,D03_P003_SEC_3_6_PAR001,,false,true,false
( dixit & pindyck,4,2,2,D03,3,D03_P003_SEC_3_6_PAR001,,false,true,false
"dixit & pindyck ,",4,2,2,D03,3,D03_P003_SEC_3_6_PAR001,,false,true,false
"& pindyck , 1994",4,2,2,D03,3,D03_P003_SEC_3_6_PAR001,,false,true,false
"pindyck , 1994 )",4,2,2,D03,3,D03_P003_SEC_3_6_PAR001,,false,true,false
", 1994 ) .",4,2,2,D03,3,D03_P003_SEC_3_6_PAR001,,false,true,false
can raise the cost,4,2,2,D03,3,D03_P003_SEC_3_6_PAR001,,false,true,false
raise the cost of,4,2,2,D03,3,D03_P003_SEC_3_6_PAR001,,false,true,false
the flow of credit,4,2,2,D03,4,D03_P004_SEC_3_6_PAR001,credit,false,true,false
the real economy .,4,2,2,D03,4,D03_P004_SEC_3_6_PAR001,,false,true,false
"risks , global financial",4,2,2,D03,4,D03_P004_SEC_3_7_PAR001,financial,false,true,false
as artificial intelligence (,4,2,2,D03,4,D03_P004_SEC_3_7_PAR001,,false,true,false
's financial stability report,4,2,2,D03,4,D03_P004_SEC_3_7_PAR001,financial;stability,false,true,false
that there is a,4,2,2,D03,4,D03_P004_SEC_3_7_PAR001,,true,true,false
a higher likelihood of,4,2,2,D03,4,D03_P004_SEC_3_7_PAR001,,false,true,false
"in financial markets ,",4,2,2,D03,4,D03_P004_SEC_3_7_PAR001,financial;markets,false,true,false
ai models . the,4,2,2,D03,4,D03_P004_SEC_3_7_PAR001,,false,true,false
"to previous decades ,",4,2,2,D03,4,D03_P004_SEC_3_7_PAR001,,false,true,false
suggest the possibility of,4,2,2,D03,4,D03_P004_SEC_3_7_PAR001,,false,true,false
"earnings growth , and",4,2,2,D03,4,D03_P004_SEC_3_7_PAR001,growth,false,true,false
as noted by the,4,2,2,D03,4,D03_P004_SEC_3_7_PAR001,,false,true,false
"same time , digital",4,2,2,D03,4,D03_P004_SEC_3_7_PAR001,,false,true,false
a larger role in,4,2,2,D03,4,D03_P004_SEC_3_7_PAR001,,false,true,false
can no longer be,4,2,2,D03,4,D03_P004_SEC_3_7_PAR001,,false,true,false
uncertainty due to factors,4,2,2,D03,5,D03_P005_SEC_3_8_PAR002,,false,true,false
and a rise in,4,2,2,D03,5,D03_P005_SEC_3_8_PAR002,,false,true,false
"for example , the",4,2,2,D03,5,D03_P005_SEC_3_8_PAR003,,false,true,false
policy uncertainty ( epu,4,2,2,D03,5,D03_P005_SEC_3_8_PAR003,policy,false,true,false
( epu ) index,4,2,2,D03,5,D03_P005_SEC_3_8_PAR003,,false,true,false
. a third category,4,2,2,D03,5,D03_P005_SEC_3_8_PAR003,,false,true,false
for the period from,4,2,2,D03,5,D03_P005_SEC_3_8_PAR004,,false,true,false
a heterogeneous mix of,4,2,2,D03,5,D03_P005_SEC_3_8_PAR004,,false,true,false
"1 ) , 27",4,2,2,D03,5,D03_P005_SEC_3_8_PAR005,,false,true,false
the twin balance sheet,4,2,2,D03,6,D03_P006_SEC_3_8_PAR001,balance,false,true,false
"( 2016-2018 ) ,",4,2,2,D03,6,D03_P006_SEC_3_8_PAR001,,false,true,false
"2016-2018 ) , the",4,2,2,D03,6,D03_P006_SEC_3_8_PAR001,,false,true,false
covid -19 pandemic (,4,2,2,D03,6,D03_P006_SEC_3_8_PAR001,,false,true,false
( 2022-2023 ) .,4,2,2,D03,6,D03_P006_SEC_3_8_PAR001,,false,true,false
". third , it",4,2,2,D03,6,D03_P006_SEC_3_8_PAR002,,false,true,false
) refers to the,4,2,2,D03,6,D03_P006_SEC_3_8_PAR005,,false,true,false
a share of total,4,2,2,D03,6,D03_P006_SEC_3_8_PAR005,,false,true,false
firms in the sample,4,2,2,D03,6,D03_P006_SEC_3_8_PAR006,,false,true,false
for capital formation .,4,2,2,D03,6,D03_P006_SEC_3_8_PAR006,capital,false,true,false
capital formation following an,4,2,2,D03,6,D03_P006_SEC_3_8_PAR006,capital,false,true,false
formation following an uncertainty,4,2,2,D03,6,D03_P006_SEC_3_8_PAR006,,false,true,false
"an uncertainty shock ,",4,2,2,D03,6,D03_P006_SEC_3_8_PAR009,,false,true,false
of their net fixed,4,2,2,D03,7,D03_P007_SEC_3_8_PAR002,,false,true,false
the following : -,4,2,2,D03,7,D03_P007_SEC_3_8_PAR002,,false,true,false
despite an uncertainty shock,4,2,2,D03,7,D03_P007_SEC_3_8_PAR005,,false,true,false
such as civil engineering,4,2,2,D03,7,D03_P007_SEC_3_8_PAR006,,false,true,false
capital expenditure following a,4,2,2,D03,7,D03_P007_SEC_3_8_PAR006,capital;expenditure,false,true,false
2010 and 2024 .,4,2,2,D03,7,D03_P007_SEC_3_8_PAR007,,false,true,false
( 78 per cent ) .,4,2,2,D03,7,D03_P007_SEC_3_8_PAR007,,false,true,false
) and in the,4,2,2,D03,7,D03_P007_SEC_3_8_PAR007,,false,true,false
. this may be,4,2,2,D03,8,D03_P008_UNKNOWN_PAR001,,false,true,false
the presence of an,4,2,2,D03,8,D03_P008_UNKNOWN_PAR002,,false,true,false
"the services sector ,",4,2,2,D03,8,D03_P008_UNKNOWN_PAR003,sector,false,true,false
. this is evidenced,4,2,2,D03,8,D03_P008_UNKNOWN_PAR003,,false,true,false
"long gestation periods ,",4,2,2,D03,8,D03_P008_UNKNOWN_PAR003,,false,true,false
light of the evolving,4,2,2,D03,9,D03_P009_SEC_3_10_PAR001,,false,true,false
( april-december ) .,4,2,2,D03,9,D03_P009_SEC_3_10_PAR001,,false,true,false
april to december 2025 .,4,2,2,D03,9,D03_P009_SEC_3_10_PAR001,,false,true,false
"of december 2025 , the",4,2,2,D03,9,D03_P009_SEC_3_10_PAR001,,false,true,false
in a staggered manner,4,2,2,D03,9,D03_P009_SEC_3_11_PAR001,,false,true,false
the economy . as,4,2,2,D03,9,D03_P009_SEC_3_12_PAR001,,false,true,false
economy . as of,4,2,2,D03,9,D03_P009_SEC_3_12_PAR001,,false,true,false
"financial stability , and",4,2,2,D03,9,D03_P009_SEC_3_9_PAR001,financial;stability,false,true,false
as a key enabler,4,2,2,D03,9,D03_P009_SEC_3_9_PAR001,,false,true,false
bankers ' deposits with,4,2,2,D03,10,D03_P010_SEC_3_12_PAR001,deposits,false,true,false
' deposits with the,4,2,2,D03,10,D03_P010_SEC_3_12_PAR001,deposits,false,true,false
( with effect from,4,2,2,D03,10,D03_P010_SEC_3_13_PAR001,,false,true,false
have effectively leveraged the,4,2,2,D03,10,D03_P010_SEC_3_13_PAR001,,false,true,false
the primary drivers of,4,2,2,D03,10,D03_P010_SEC_3_13_PAR001,,false,true,false
"growth . notably ,",4,2,2,D03,10,D03_P010_SEC_3_13_PAR001,growth,false,true,false
"i.e. , the ratio",4,2,2,D03,10,D03_P010_SEC_3_14_PAR001,,false,true,false
") , which is",4,2,2,D03,10,D03_P010_SEC_3_14_PAR001,,false,true,false
", in light of",4,2,2,D03,11,D03_P011_SEC_3_15_PAR001,,false,true,false
( up to 8 january 2026,4,2,1,D03,11,D03_P011_SEC_3_15_PAR001,,false,true,false
up to 8 january 2026 ),4,2,1,D03,11,D03_P011_SEC_3_15_PAR001,,false,true,false
funds under the sdf,4,2,1,D03,11,D03_P011_SEC_3_15_PAR001,,false,true,false
under the sdf increased,4,2,1,D03,11,D03_P011_SEC_3_15_PAR001,,false,true,false
fy26 ( as of,4,2,2,D03,11,D03_P011_SEC_3_15_PAR001,,false,true,false
"fy25 . concomitantly ,",4,2,2,D03,11,D03_P011_SEC_3_15_PAR001,,false,true,false
of funds under the,4,2,2,D03,11,D03_P011_SEC_3_15_PAR001,,false,true,false
"of monetary policy ,",4,2,2,D03,11,D03_P011_SEC_3_16_PAR001,monetary;policy,false,true,false
lending and deposit rates,4,2,2,D03,12,D03_P012_SEC_3_17_PAR001,deposit;lending;rates,false,true,false
scheduled commercial banks (,4,2,2,D03,12,D03_P012_SEC_3_17_PAR001,banks,false,true,false
commercial banks ( scbs,4,2,2,D03,12,D03_P012_SEC_3_17_PAR001,banks,false,true,false
banks ( scbs ),4,2,2,D03,12,D03_P012_SEC_3_17_PAR001,banks,false,true,false
) of the scbs,4,2,2,D03,12,D03_P012_SEC_3_17_PAR001,,false,true,false
"april- november 2025 , the",4,2,2,D03,12,D03_P012_SEC_3_17_PAR001,,false,true,false
", the walr of",4,2,1,D03,12,D03_P012_SEC_3_17_PAR001,,false,true,false
the walr of scbs,4,2,1,D03,12,D03_P012_SEC_3_17_PAR001,,false,true,false
walr of scbs on,4,2,1,D03,12,D03_P012_SEC_3_17_PAR001,,false,true,false
", liquidity management ,",4,2,2,D03,12,D03_P012_SEC_3_18_PAR001,liquidity,false,true,false
and financial stability .,4,2,2,D03,12,D03_P012_SEC_3_18_PAR001,financial;stability,false,true,false
in the indian economy,4,2,2,D03,12,D03_P012_SEC_3_19_PAR001,,false,true,false
"banks , non-banking financial",4,2,2,D03,12,D03_P012_SEC_3_19_PAR001,banks;financial,false,true,false
microfinance institutions ( mfis,4,2,2,D03,12,D03_P012_SEC_3_19_PAR001,,false,true,false
institutions ( mfis ),4,2,2,D03,12,D03_P012_SEC_3_19_PAR001,,false,true,false
"( mfis ) ,",4,2,2,D03,12,D03_P012_SEC_3_19_PAR001,,false,true,false
", capital markets ,",4,2,2,D03,12,D03_P012_SEC_3_19_PAR001,capital;markets,false,true,false
unified payments interface (,4,2,2,D03,13,D03_P013_SEC_3_19_PAR002,payments,false,true,false
payments interface ( upi,4,2,2,D03,13,D03_P013_SEC_3_19_PAR002,payments,false,true,false
interface ( upi ),4,2,2,D03,13,D03_P013_SEC_3_19_PAR002,,false,true,false
stability of the banking,4,2,2,D03,13,D03_P013_SEC_3_20_PAR001,banking;stability,false,true,false
") , and increasing",4,2,2,D03,13,D03_P013_SEC_3_20_PAR001,,false,true,false
the overall health of,4,2,2,D03,13,D03_P013_SEC_3_20_PAR001,,false,true,false
overall health of the,4,2,2,D03,13,D03_P013_SEC_3_20_PAR001,,false,true,false
the economy . a,4,2,2,D03,13,D03_P013_SEC_3_20_PAR001,,false,true,false
has been observed in,4,2,2,D03,13,D03_P013_SEC_3_20_PAR001,,false,true,false
the asset quality of,4,2,2,D03,13,D03_P013_SEC_3_20_PAR001,,false,true,false
non-performing asset ( gnpa,4,2,2,D03,13,D03_P013_SEC_3_20_PAR001,gnpa,false,true,false
asset ( gnpa ),4,2,2,D03,13,D03_P013_SEC_3_20_PAR001,gnpa,false,true,false
improvement in asset quality,4,2,2,D03,13,D03_P013_SEC_3_21_PAR001,,false,true,false
has been observed across,4,2,2,D03,13,D03_P013_SEC_3_21_PAR001,,false,true,false
. the gnpa ratio,4,2,2,D03,13,D03_P013_SEC_3_21_PAR001,gnpa,false,true,false
gnpa ratio for the,4,2,1,D03,13,D03_P013_SEC_3_21_PAR001,gnpa,false,true,false
", which measures the",4,2,2,D03,14,D03_P014_SEC_3_22_PAR001,,false,true,false
"in fy26 , as",4,2,2,D03,14,D03_P014_SEC_3_22_PAR001,,false,true,false
"fy26 , as of",4,2,2,D03,14,D03_P014_SEC_3_22_PAR001,,false,true,false
", as of september 2025",4,2,2,D03,14,D03_P014_SEC_3_22_PAR001,,false,true,false
the insolvency and bankruptcy,4,2,2,D03,14,D03_P014_SEC_3_22_PAR001,,false,true,false
insolvency and bankruptcy code,4,2,2,D03,14,D03_P014_SEC_3_22_PAR001,,false,true,false
. the return on,4,2,2,D03,14,D03_P014_SEC_3_23_PAR001,,false,true,false
"; however , it",4,2,2,D03,14,D03_P014_SEC_3_23_PAR001,,false,true,false
. as of september 2025,4,2,2,D03,14,D03_P014_SEC_3_23_PAR001,,false,true,false
in bank credit growth,4,2,2,D03,14,D03_P014_SEC_3_24_PAR001,bank;credit;growth,false,true,false
compared to the same,4,2,2,D03,14,D03_P014_SEC_3_24_PAR001,,false,true,false
the highest yoy growth,4,2,2,D03,14,D03_P014_SEC_3_24_PAR001,growth,false,true,false
of agriculture and allied,4,2,2,D03,15,D03_P015_SEC_3_25_PAR001,,false,true,false
"and allied activities ,",4,2,2,D03,15,D03_P015_SEC_3_25_PAR001,,false,true,false
to the msme sector,4,2,2,D03,16,D03_P016_SEC_3_26_PAR001,sector,false,true,false
a 13 per cent increase in,4,2,2,D03,16,D03_P016_SEC_3_26_PAR001,,false,true,false
"the msme sector ,",4,2,2,D03,16,D03_P016_SEC_3_26_PAR001,sector,false,true,false
"november 2025 , up from",4,2,2,D03,16,D03_P016_SEC_3_26_PAR001,,false,true,false
of gold and silver,4,2,2,D03,16,D03_P016_SEC_3_27_PAR001,,false,true,false
credit flow to the,4,2,2,D03,16,D03_P016_SEC_3_27_PAR001,credit,false,true,false
", and others ,",4,2,2,D03,16,D03_P016_SEC_3_27_PAR001,,false,true,false
to the sector .,4,2,2,D03,16,D03_P016_SEC_3_27_PAR001,sector,false,true,false
notable increase in the,4,2,2,D03,16,D03_P016_SEC_3_28_PAR001,,false,true,false
increase in the overall,4,2,2,D03,16,D03_P016_SEC_3_28_PAR001,,false,true,false
in the overall flow,4,2,2,D03,16,D03_P016_SEC_3_28_PAR001,,false,true,false
overall flow of resources,4,2,1,D03,16,D03_P016_SEC_3_28_PAR001,,false,true,false
flow of resources to,4,2,1,D03,16,D03_P016_SEC_3_28_PAR001,,false,true,false
of resources to the,4,2,1,D03,16,D03_P016_SEC_3_28_PAR001,,false,true,false
"continued into fy26 ,",4,2,2,D03,16,D03_P016_SEC_3_28_PAR001,,false,true,false
"yoy ) , while",4,2,2,D03,16,D03_P016_SEC_3_29_PAR001,,false,true,false
as compared to the,4,2,2,D03,17,D03_P017_SEC_3_30_PAR001,,false,true,false
have experienced a growth,4,2,1,D03,17,D03_P017_SEC_3_30_PAR001,growth,false,true,false
is driven primarily by,4,2,2,D03,17,D03_P017_SEC_3_30_PAR001,,false,true,false
"by non-financial entities ,",4,2,1,D03,17,D03_P017_SEC_3_30_PAR001,,false,true,false
"non-financial entities , which",4,2,1,D03,17,D03_P017_SEC_3_30_PAR001,,false,true,false
and foreign direct investment,4,2,2,D03,17,D03_P017_SEC_3_30_PAR001,foreign;investment,false,true,false
in the flow of,4,2,2,D03,17,D03_P017_SEC_3_31_PAR001,,false,true,false
bank credit growth in,4,2,2,D03,17,D03_P017_SEC_3_31_PAR001,bank;credit;growth,false,true,false
. this trend indicates,4,2,2,D03,17,D03_P017_SEC_3_31_PAR001,,false,true,false
have led to a,4,2,2,D03,17,D03_P017_SEC_3_31_PAR001,,false,true,false
in rural and semi-urban,4,2,2,D03,18,D03_P018_SEC_3_32_PAR001,,false,true,false
rural and semi-urban areas,4,2,2,D03,18,D03_P018_SEC_3_32_PAR001,,false,true,false
"and semi-urban areas ,",4,2,2,D03,18,D03_P018_SEC_3_32_PAR001,,false,true,false
regional rural banks (,4,2,2,D03,18,D03_P018_SEC_3_32_PAR001,banks,false,true,false
rural banks ( rrbs,4,2,2,D03,18,D03_P018_SEC_3_32_PAR001,banks,false,true,false
banks ( rrbs ),4,2,2,D03,18,D03_P018_SEC_3_32_PAR001,banks,false,true,false
to small and marginal,4,2,2,D03,18,D03_P018_SEC_3_32_PAR001,,false,true,false
"and marginal farmers ,",4,2,2,D03,18,D03_P018_SEC_3_32_PAR001,,false,true,false
"recent years , the",4,2,2,D03,18,D03_P018_SEC_3_34_PAR001,,false,true,false
the financial health of,4,2,2,D03,18,D03_P018_SEC_3_34_PAR001,financial,false,true,false
consolidated net profit of,4,2,1,D03,18,D03_P018_SEC_3_34_PAR001,profit,false,true,false
", expressed as a",4,2,2,D03,18,D03_P018_SEC_3_34_PAR001,,false,true,false
adjusted net bank credit,4,2,2,D03,19,D03_P019_SEC_3_35_PAR001,bank;credit,false,true,false
bank credit over the,4,2,2,D03,19,D03_P019_SEC_3_35_PAR001,bank;credit,false,true,false
over time . in,4,2,2,D03,19,D03_P019_SEC_3_36_PAR001,,false,true,false
with an objective to,4,2,2,D03,19,D03_P019_SEC_3_37_PAR001,,false,true,false
"review of regulations ,",4,2,2,D03,19,D03_P019_SEC_3_37_PAR001,,false,true,false
", taking into account",4,2,2,D03,19,D03_P019_SEC_3_37_PAR001,account,false,true,false
public sector banks (,4,2,2,D03,19,D03_P019_SEC_3_38_PAR001,banks;sector,false,true,false
sector banks ( psbs,4,2,2,D03,19,D03_P019_SEC_3_38_PAR001,banks;sector,false,true,false
banks ( psbs ),4,2,2,D03,19,D03_P019_SEC_3_38_PAR001,banks,false,true,false
improving the ease of,4,2,2,D03,20,D03_P020_SEC_3_38_PAR001,,false,true,false
the credit guarantee fund,4,2,2,D03,20,D03_P020_SEC_3_38_PAR001,credit,false,true,false
credit guarantee fund trust,4,2,2,D03,20,D03_P020_SEC_3_38_PAR001,credit,false,true,false
guarantee fund trust for,4,2,2,D03,20,D03_P020_SEC_3_38_PAR001,,false,true,false
fund trust for micro,4,2,2,D03,20,D03_P020_SEC_3_38_PAR001,,false,true,false
trust for micro and,4,2,2,D03,20,D03_P020_SEC_3_38_PAR001,,false,true,false
small enterprises ( cgtmse,4,2,2,D03,20,D03_P020_SEC_3_38_PAR001,,false,true,false
enterprises ( cgtmse ),4,2,2,D03,20,D03_P020_SEC_3_38_PAR001,,false,true,false
of regulated entities .,4,2,2,D03,20,D03_P020_SEC_3_39_PAR001,,false,true,false
regulated entities . additionally,4,2,2,D03,20,D03_P020_SEC_3_39_PAR001,,false,true,false
"entities . additionally ,",4,2,2,D03,20,D03_P020_SEC_3_39_PAR001,,false,true,false
"state cooperative banks ,",4,2,2,D03,20,D03_P020_SEC_3_39_PAR001,banks,false,true,false
"cooperative banks , and",4,2,2,D03,20,D03_P020_SEC_3_39_PAR001,banks,false,true,false
as part of this,4,2,2,D03,20,D03_P020_SEC_3_39_PAR001,,false,true,false
part of this initiative,4,2,2,D03,20,D03_P020_SEC_3_39_PAR001,,false,true,false
"of this initiative ,",4,2,2,D03,20,D03_P020_SEC_3_39_PAR001,,false,true,false
"this initiative , the",4,2,2,D03,20,D03_P020_SEC_3_39_PAR001,,false,true,false
reducing the compliance burden,4,2,2,D03,20,D03_P020_SEC_3_39_PAR001,,false,true,false
objective of improving the,4,2,2,D03,20,D03_P020_SEC_3_39_PAR001,,false,true,false
ease of doing business.,4,2,2,D03,20,D03_P020_SEC_3_39_PAR001,,false,true,false
with a mandate to,4,2,2,D03,20,D03_P020_SEC_3_40_PAR001,,false,true,false
at least once every,4,2,2,D03,20,D03_P020_SEC_3_40_PAR001,,false,true,false
". furthermore , to",4,2,2,D03,20,D03_P020_SEC_3_40_PAR001,,false,true,false
advisory group on regulation,4,2,2,D03,20,D03_P020_SEC_3_40_PAR001,regulation,false,true,false
for the use of,4,2,2,D03,20,D03_P020_SEC_3_41_PAR001,,false,true,false
framework for responsible ai,4,2,2,D03,20,D03_P020_SEC_3_41_PAR001,,false,true,false
is designed to foster,4,2,2,D03,20,D03_P020_SEC_3_41_PAR001,,false,true,false
innovation while ensuring robust,4,2,2,D03,20,D03_P020_SEC_3_41_PAR001,,false,true,false
while ensuring robust risk,4,2,2,D03,20,D03_P020_SEC_3_41_PAR001,,false,true,false
ensuring robust risk management,4,2,2,D03,20,D03_P020_SEC_3_41_PAR001,,false,true,false
the benefits of ai,4,2,2,D03,21,D03_P021_SEC_3_41_PAR003,,false,true,false
"economic activity , and",4,2,2,D03,21,D03_P021_SEC_3_41_PAR003,,false,true,false
sectors of the economy,4,2,2,D03,21,D03_P021_SEC_3_41_PAR003,sectors,false,true,false
aligns with the broader,4,2,2,D03,22,D03_P022_SEC_3_41_PAR004,,false,true,false
economic development . the,4,2,2,D03,22,D03_P022_SEC_3_41_PAR004,,false,true,false
. the framework also,4,2,2,D03,22,D03_P022_SEC_3_41_PAR006,,false,true,false
the digital personal data,4,2,2,D03,22,D03_P022_SEC_3_41_PAR006,,false,true,false
personal data protection act,4,2,2,D03,22,D03_P022_SEC_3_41_PAR006,,false,true,false
recognises the importance of,4,2,2,D03,22,D03_P022_SEC_3_41_PAR007,,false,true,false
consumer confidence . it,4,2,2,D03,22,D03_P022_SEC_3_41_PAR007,,false,true,false
referred to as the,4,2,2,D03,22,D03_P022_SEC_3_41_PAR007,,false,true,false
; ( ii ),4,2,2,D03,22,D03_P022_SEC_3_41_PAR007,,false,true,false
", the focus is",4,2,2,D03,22,D03_P022_SEC_3_41_PAR008,,false,true,false
"( for example ,",4,2,2,D03,22,D03_P022_SEC_3_41_PAR008,,false,true,false
to leverage the benefits,4,2,2,D03,23,D03_P023_SEC_3_41_PAR003,,false,true,false
leverage the benefits of,4,2,2,D03,23,D03_P023_SEC_3_41_PAR003,,false,true,false
as a leader in,4,2,2,D03,23,D03_P023_SEC_3_41_PAR003,,false,true,false
"for emerging economies ,",4,2,2,D03,23,D03_P023_SEC_3_41_PAR003,,false,true,false
"emerging economies , effectively",4,2,2,D03,23,D03_P023_SEC_3_41_PAR003,,false,true,false
india 's microfinance sector,4,2,2,D03,23,D03_P023_SEC_3_42_PAR001,sector,false,true,false
", followed by banks",4,2,2,D03,23,D03_P023_SEC_3_43_PAR001,banks,false,true,false
", small finance banks",4,2,2,D03,23,D03_P023_SEC_3_43_PAR001,banks;finance,false,true,false
"( 16 per cent ) ,",4,2,2,D03,23,D03_P023_SEC_3_43_PAR001,,false,true,false
", with the eastern",4,2,2,D03,23,D03_P023_SEC_3_43_PAR001,,false,true,false
"past decade , the",4,2,2,D03,23,D03_P023_SEC_3_44_PAR001,,false,true,false
in fy25 . during,4,2,2,D03,23,D03_P023_SEC_3_44_PAR001,,false,true,false
have been driven by,4,2,2,D03,23,D03_P023_SEC_3_45_PAR001,,false,true,false
"in the sector ,",4,2,2,D03,23,D03_P023_SEC_3_45_PAR001,sector,false,true,false
"in response , the",4,2,2,D03,23,D03_P023_SEC_3_45_PAR001,,false,true,false
with a reduction in,4,2,2,D03,24,D03_P024_SEC_3_45_PAR001,,false,true,false
borrowers into the formal,4,2,2,D03,25,D03_P025_SEC_3_47_PAR002,borrowers,false,true,false
the formal credit system,4,2,2,D03,25,D03_P025_SEC_3_47_PAR002,credit,false,true,false
", the sector has",4,2,2,D03,25,D03_P025_SEC_3_47_PAR003,sector,false,true,false
", in some contexts",4,2,2,D03,25,D03_P025_SEC_3_47_PAR003,,false,true,false
"in some contexts ,",4,2,2,D03,25,D03_P025_SEC_3_47_PAR003,,false,true,false
of this shift has,4,2,2,D03,25,D03_P025_SEC_3_47_PAR005,,false,true,false
this shift has been,4,2,2,D03,25,D03_P025_SEC_3_47_PAR005,,false,true,false
shift has been the,4,2,2,D03,25,D03_P025_SEC_3_47_PAR005,,false,true,false
such as the number,4,2,2,D03,25,D03_P025_SEC_3_47_PAR005,,false,true,false
in reliance on informal,4,2,2,D03,25,D03_P025_SEC_3_47_PAR006,,false,true,false
reliance on informal lenders,4,2,2,D03,25,D03_P025_SEC_3_47_PAR006,lenders,false,true,false
household balance sheets .,4,2,2,D03,25,D03_P025_SEC_3_47_PAR007,balance,false,true,false
dilution of underwriting standards,4,2,2,D03,26,D03_P026_SEC_3_47_PAR003,,false,true,false
of underwriting standards .,4,2,2,D03,26,D03_P026_SEC_3_47_PAR003,,false,true,false
support the development of,4,2,2,D03,27,D03_P027_SEC_3_47_PAR002,,false,true,false
the development of a,4,2,2,D03,27,D03_P027_SEC_3_47_PAR002,,false,true,false
made significant strides in,4,2,2,D03,27,D03_P027_SEC_3_48_PAR001,,false,true,false
. these structural shifts,4,2,2,D03,27,D03_P027_SEC_3_48_PAR001,,false,true,false
india 's digital infrastructure,4,2,2,D03,27,D03_P027_SEC_3_48_PAR001,,false,true,false
the government has introduced,4,2,2,D03,27,D03_P027_SEC_3_49_PAR001,,false,true,false
targeted interventions . the,4,2,2,D03,27,D03_P027_SEC_3_49_PAR001,,false,true,false
the pradhan mantri jan,4,2,2,D03,27,D03_P027_SEC_3_49_PAR001,,false,true,false
pradhan mantri jan dhan,4,2,2,D03,27,D03_P027_SEC_3_49_PAR001,,false,true,false
mantri jan dhan yojana,4,2,2,D03,27,D03_P027_SEC_3_49_PAR001,,false,true,false
", launched in cy",4,2,1,D03,27,D03_P027_SEC_3_49_PAR001,,false,true,false
to underserved segments .,4,2,2,D03,27,D03_P027_SEC_3_49_PAR001,,false,true,false
street vendor 's atmanirbhar,4,2,2,D03,27,D03_P027_SEC_3_49_PAR001,,false,true,false
vendor 's atmanirbhar nidhi,4,2,2,D03,27,D03_P027_SEC_3_49_PAR001,,false,true,false
's atmanirbhar nidhi (,4,2,2,D03,27,D03_P027_SEC_3_49_PAR001,,false,true,false
atmanirbhar nidhi ( pm,4,2,2,D03,27,D03_P027_SEC_3_49_PAR001,,false,true,false
nidhi ( pm svanidhi,4,2,2,D03,27,D03_P027_SEC_3_49_PAR001,,false,true,false
( pm svanidhi ),4,2,2,D03,27,D03_P027_SEC_3_49_PAR001,,false,true,false
"scheme , launched in",4,2,2,D03,27,D03_P027_SEC_3_49_PAR001,,false,true,false
") , operational since",4,2,2,D03,27,D03_P027_SEC_3_49_PAR001,,false,true,false
impact assessment of the,4,2,2,D03,28,D03_P028_SEC_3_49_PAR002,,false,true,false
in the first cycle,4,2,2,D03,28,D03_P028_SEC_3_49_PAR002,,false,true,false
", a marked shift",4,2,2,D03,28,D03_P028_SEC_3_49_PAR002,,false,true,false
both schemes demonstrate strong,4,2,2,D03,28,D03_P028_SEC_3_49_PAR003,,false,true,false
. under the pm,4,2,2,D03,29,D03_P029_SEC_3_49_PAR003,,false,true,false
under the pm svanidhi,4,2,2,D03,29,D03_P029_SEC_3_49_PAR003,,false,true,false
"pm svanidhi scheme ,",4,2,2,D03,29,D03_P029_SEC_3_49_PAR003,,false,true,false
( as a percentage,4,2,2,D03,29,D03_P029_SEC_3_49_PAR003,,false,true,false
percentage of the total,4,2,2,D03,29,D03_P029_SEC_3_49_PAR003,,false,true,false
", enterprise growth ,",4,2,2,D03,29,D03_P029_SEC_3_49_PAR004,growth,false,true,false
and it is a,4,2,2,D03,29,D03_P029_SEC_3_49_PAR004,,true,true,false
a flagship success story,4,2,2,D03,29,D03_P029_SEC_3_50_PAR001,,false,true,false
al . ( 2024,4,2,2,D03,30,D03_P030_SEC_3_50_PAR001,,false,true,false
. ( 2024 ),4,2,2,D03,30,D03_P030_SEC_3_50_PAR001,,false,true,false
not come at the,4,2,2,D03,30,D03_P030_SEC_3_50_PAR002,,false,true,false
come at the cost,4,2,2,D03,30,D03_P030_SEC_3_50_PAR002,,false,true,false
. on the contrary,4,2,2,D03,30,D03_P030_SEC_3_50_PAR002,,false,true,false
"on the contrary ,",4,2,2,D03,30,D03_P030_SEC_3_50_PAR002,,false,true,false
rather than a simple,4,2,2,D03,30,D03_P030_SEC_3_50_PAR004,,false,true,false
", the evidence points",4,2,2,D03,30,D03_P030_SEC_3_50_PAR004,,false,true,false
the evidence points to,4,2,2,D03,30,D03_P030_SEC_3_50_PAR004,,false,true,false
", the next phase",4,2,2,D03,30,D03_P030_SEC_3_50_PAR005,,false,true,false
that the benefits of,4,2,2,D03,30,D03_P030_SEC_3_50_PAR005,,false,true,false
as a cornerstone of,4,2,2,D03,31,D03_P031_SEC_3_50_PAR003,,false,true,false
lies not only in,4,2,2,D03,31,D03_P031_SEC_3_50_PAR003,,false,true,false
", but in how",4,2,2,D03,31,D03_P031_SEC_3_50_PAR003,,false,true,false
are reflected in the,4,2,2,D03,31,D03_P031_SEC_3_51_PAR001,,false,true,false
in the rbi 's,4,2,2,D03,31,D03_P031_SEC_3_51_PAR001,,false,true,false
the rbi 's financial,4,2,2,D03,31,D03_P031_SEC_3_51_PAR001,financial,false,true,false
the country 's progress,4,2,2,D03,31,D03_P031_SEC_3_51_PAR001,,false,true,false
a unified framework for,4,2,2,D03,31,D03_P031_SEC_3_52_PAR001,,false,true,false
. the report has,4,2,2,D03,32,D03_P032_SEC_3_53_PAR001,,false,true,false
the resolution process .,4,2,2,D03,32,D03_P032_SEC_3_53_PAR001,,false,true,false
insolvency resolution process (,4,2,2,D03,32,D03_P032_SEC_3_54_PAR001,,false,true,false
. the data indicate,4,2,2,D03,32,D03_P032_SEC_3_55_PAR001,,false,true,false
. the proportion of,4,2,2,D03,33,D03_P033_SEC_3_57_PAR001,,false,true,false
a reduction in the,4,2,2,D03,33,D03_P033_SEC_3_58_PAR001,,false,true,false
. this represents a,4,2,2,D03,33,D03_P033_SEC_3_59_PAR001,,false,true,false
"insolvency timelines , the",4,2,2,D03,34,D03_P034_SEC_3_60_PAR001,,false,true,false
was introduced in 2021,4,2,2,D03,34,D03_P034_SEC_3_62_PAR001,,false,true,false
introduced in 2021 to,4,2,2,D03,34,D03_P034_SEC_3_62_PAR001,,false,true,false
the reasons behind the,4,2,2,D03,34,D03_P034_SEC_3_62_PAR001,,false,true,false
", a lack of",4,2,2,D03,34,D03_P034_SEC_3_62_PAR001,,false,true,false
", and the inability",4,2,2,D03,34,D03_P034_SEC_3_62_PAR001,,false,true,false
within the system .,4,2,2,D03,34,D03_P034_SEC_3_63_PAR001,,false,true,false
in the capital markets,4,2,2,D03,34,D03_P034_SEC_3_63_PAR002,capital;markets,false,true,false
economy . the year,4,2,2,D03,34,D03_P034_SEC_3_64_PAR001,,false,true,false
", so far ,",4,2,2,D03,34,D03_P034_SEC_3_64_PAR001,,false,true,false
in india . in,4,2,2,D03,34,D03_P034_SEC_3_64_PAR001,,false,true,false
in the midst of,4,2,2,D03,34,D03_P034_SEC_3_64_PAR001,,false,true,false
", india 's equity",4,2,2,D03,34,D03_P034_SEC_3_64_PAR001,equity,false,true,false
india 's equity markets,4,2,2,D03,34,D03_P034_SEC_3_64_PAR001,equity;markets,false,true,false
"inflation , as well",4,2,2,D03,34,D03_P034_SEC_3_64_PAR001,inflation,false,true,false
as well as improved,4,2,2,D03,34,D03_P034_SEC_3_64_PAR001,,false,true,false
", during april- december 2025",4,2,2,D03,35,D03_P035_SEC_3_65_PAR001,,false,true,false
", marking a period",4,2,2,D03,35,D03_P035_SEC_3_65_PAR001,,false,true,false
marking a period of,4,2,2,D03,35,D03_P035_SEC_3_65_PAR001,,false,true,false
such as south korea,4,2,2,D03,35,D03_P035_SEC_3_66_PAR001,,false,true,false
") , the us",4,2,2,D03,35,D03_P035_SEC_3_66_PAR001,,false,true,false
", capital goods ,",4,2,2,D03,35,D03_P035_SEC_3_66_PAR001,capital,false,true,false
", supported by healthy",4,2,2,D03,35,D03_P035_SEC_3_66_PAR001,,false,true,false
strength of india 's,4,2,2,D03,35,D03_P035_SEC_3_67_PAR001,,false,true,false
india 's financial ecosystem,4,2,2,D03,35,D03_P035_SEC_3_67_PAR001,financial,false,true,false
"'s financial ecosystem ,",4,2,2,D03,35,D03_P035_SEC_3_67_PAR001,financial,false,true,false
"financial ecosystem , the",4,2,2,D03,35,D03_P035_SEC_3_67_PAR001,financial,false,true,false
despite global headwinds .,4,2,2,D03,35,D03_P035_SEC_3_67_PAR001,,false,true,false
both domestic and international,4,2,2,D03,35,D03_P035_SEC_3_67_PAR001,,false,true,false
"investors , reinforcing the",4,2,2,D03,35,D03_P035_SEC_3_67_PAR001,investors,false,true,false
the country 's position,4,2,2,D03,35,D03_P035_SEC_3_67_PAR001,,false,true,false
as a key driver,4,2,2,D03,35,D03_P035_SEC_3_67_PAR001,,false,true,false
total resource mobilisation from,4,2,2,D03,35,D03_P035_SEC_3_68_PAR001,,false,true,false
during fy26 ( till,4,2,2,D03,35,D03_P035_SEC_3_68_PAR001,,false,true,false
over the past five,4,2,2,D03,35,D03_P035_SEC_3_68_PAR001,,false,true,false
the past five years,4,2,2,D03,35,D03_P035_SEC_3_68_PAR001,,false,true,false
"past five years ,",4,2,2,D03,35,D03_P035_SEC_3_68_PAR001,,false,true,false
fy22 to fy26 (,4,2,2,D03,35,D03_P035_SEC_3_68_PAR001,,false,true,false
