ngram,n,frequency,document_frequency,example_document,example_page,example_unit_id,contains_domain_term,is_function_word_phrase,has_content_token,is_repeated_token
ai ai ai,3,393,22,D17,36,D17_P036_UNKNOWN_PAR001,,false,true,true
", and the",3,171,165,D01,6,D01_P006_SEC_1_6_PAR002,,false,true,false
", such as",3,164,154,D01,5,D01_BOX001,,false,true,false
"during 2025-26 ,",3,156,142,D18,2,D18_P002_III_PAR001,,false,true,false
"march 31 ,",3,124,79,D03,51,D03_P051_SEC_3_89_PAR001,,false,true,false
no . of,3,122,59,D02,12,D02_T003,,false,true,false
". however ,",3,121,121,D01,3,D01_P003_SEC_1_3_PAR001,,false,true,false
") regulations ,",3,111,95,D04,25,D04_P025_SEC_4_54_PAR001,,false,true,false
of india 's,3,105,102,D01,28,D01_P028_SEC_1_38_PAR001,,false,true,false
- - -,3,97,14,D01,34,D01_T008,,false,false,true
"31 , 2026",3,94,76,D20,8,D20_T002,,false,true,false
") , and",3,92,85,D01,30,D01_P030_SEC_1_41_PAR001,,false,true,false
as well as,3,82,80,D01,5,D01_P005_SEC_1_6_PAR001,,false,true,false
", supported by",3,79,76,D01,1,D01_P001_UNKNOWN_PAR004,,false,true,false
". further ,",3,79,78,D02,2,D02_P002_UNKNOWN_PAR001,,false,true,false
such as the,3,78,78,D01,22,D01_P022_SEC_1_28_PAR004,,true,true,false
", india 's",3,77,74,D01,8,D01_P008_SEC_1_6_PAR003,,false,true,false
. india 's,3,74,70,D01,28,D01_P028_SEC_1_38_PAR001,,false,true,false
. this is,3,73,71,D01,2,D01_P002_SEC_1_1_PAR001,,false,true,false
", the government",3,71,66,D01,21,D01_BOX005,,false,true,false
as on march,3,71,48,D21,16,D21_P016_SEC_3_4_2_PAR003,,false,true,false
on march 31,3,71,48,D21,16,D21_P016_SEC_3_4_2_PAR003,,false,true,false
", with the",3,69,68,D01,31,D01_BOX007,,false,true,false
the end of,3,68,59,D01,18,D01_BOX003,,false,true,false
", 2026 ,",3,67,59,D01,28,D01_P028_SEC_1_37_PAR001,,false,true,false
", as well",3,64,63,D01,5,D01_P005_SEC_1_6_PAR001,,false,true,false
the share of,3,63,58,D01,10,D01_P010_SEC_1_9_PAR001,,false,true,false
. at the,3,63,62,D01,14,D01_P014_SEC_1_15_PAR001,,false,true,false
during the year,3,62,59,D01,18,D01_P018_SEC_1_27_PAR001,,false,true,false
ease of doing,3,62,55,D03,60,D03_BOX021,,false,true,false
at the same,3,61,59,D01,14,D01_P014_SEC_1_15_PAR001,,false,true,false
the same time,3,61,59,D01,14,D01_P014_SEC_1_15_PAR001,,false,true,false
( ₹crore ),3,61,28,D10,29,D10_T001,,false,true,false
"same time ,",3,60,58,D01,14,D01_P014_SEC_1_15_PAR001,,false,true,false
in india 's,3,59,56,D02,2,D02_P002_SEC_2_1_PAR001,,false,true,false
of doing business,3,59,53,D03,60,D03_BOX021,,false,true,false
) . the,3,58,56,D01,9,D01_P009_SEC_1_8_PAR002,,false,true,false
". additionally ,",3,57,57,D01,27,D01_P027_SEC_1_34_PAR001,,false,true,false
. in this,3,56,56,D01,5,D01_P005_SEC_1_6_PAR001,,false,true,false
the previous year,3,56,50,D01,28,D01_P028_SEC_1_36_PAR001,,false,true,false
r & d,3,56,47,D03,5,D03_P005_SEC_3_8_PAR002,,false,true,false
. as of,3,55,54,D01,15,D01_P015_SEC_1_18_PAR001,,false,true,false
the number of,3,55,52,D01,19,D01_P019_UNKNOWN_PAR005,,false,true,false
"regulations , 2025",3,55,54,D04,25,D04_P025_SEC_4_54_PAR001,,false,true,false
"2025-26 , the",3,55,53,D05,12,D05_P012_SEC_5_19_PAR001,,false,true,false
. as a,3,54,54,D01,2,D01_P002_SEC_1_1_PAR001,,false,true,false
the same period,3,54,52,D01,13,D01_P013_SEC_1_14_PAR001,,false,true,false
"in fy25 ,",3,54,48,D01,17,D01_P017_SEC_1_23_PAR001,,false,true,false
is expected to,3,52,44,D01,2,D01_P002_SEC_1_1_PAR001,,false,true,false
". furthermore ,",3,52,51,D01,11,D01_P011_SEC_1_11_PAR001,,false,true,false
", and a",3,52,52,D01,24,D01_P024_SEC_1_29_PAR001,,false,true,false
https : //tinyurl.com/,3,52,40,D02,16,D02_BOX007,,false,true,false
over the past,3,51,48,D01,5,D01_BOX001,,false,true,false
", along with",3,51,50,D01,11,D01_P011_SEC_1_10_PAR001,,false,true,false
", 2025 ,",3,51,43,D02,6,D02_P006_SEC_2_10_PAR001,,false,true,false
amendment ) regulations,3,51,51,D04,25,D04_P025_SEC_4_54_PAR001,,false,true,false
"in india ,",3,50,49,D01,21,D01_BOX005,,false,true,false
in terms of,3,50,44,D01,15,D01_P015_SEC_1_19_PAR001,,false,true,false
at the end,3,50,41,D02,31,D02_P031_SEC_2_43_PAR001,,false,true,false
. it is,3,49,48,D02,34,D02_BOX017,,false,true,false
the country 's,3,48,44,D02,36,D02_P036_SEC_2_48_PAR001,,false,true,false
: during 2025-26,3,47,44,D21,11,D21_BOX005,,false,true,false
the government has,3,46,44,D01,21,D01_BOX005,,false,true,false
") , the",3,46,42,D01,25,D01_P025_SEC_1_31_PAR001,,false,true,false
( yoy ),3,46,26,D01,27,D01_P027_SEC_1_34_PAR001,,false,true,false
", etc .",3,46,41,D02,9,D02_P009_UNKNOWN_PAR015,,false,true,false
in this context,3,45,45,D01,5,D01_P005_SEC_1_6_PAR001,,false,true,false
. in the,3,45,45,D01,13,D01_P013_SEC_1_14_PAR001,,false,true,false
the need for,3,45,44,D02,11,D02_P011_UNKNOWN_PAR001,,false,true,false
", 2025 sebi",3,45,45,D28,35,D28_P035_UNKNOWN_PAR001,,false,true,false
2025 sebi (,3,45,45,D28,35,D28_P035_UNKNOWN_PAR001,,false,true,false
"this context ,",3,44,44,D01,5,D01_P005_SEC_1_6_PAR001,,false,true,false
of the total,3,44,41,D02,28,D02_BOX015,,false,true,false
government of india,3,44,41,D03,29,D03_BOX011,,false,true,false
as a result,3,43,43,D01,2,D01_P002_SEC_1_1_PAR001,,false,true,false
", it is",3,43,43,D01,20,D01_P020_UNKNOWN_PAR001,,false,true,false
. during 2025-26,3,43,41,D10,14,D10_P014_SEC_10_38_PAR001,,false,true,false
the world 's,3,42,40,D01,4,D01_P004_SEC_1_3_PAR001,,false,true,false
", driven by",3,42,41,D01,5,D01_P005_SEC_1_5_PAR002,,false,true,false
in recent years,3,42,41,D01,34,D01_P034_SEC_3_PAR003,,false,true,false
ai ai -,3,42,18,D17,36,D17_P036_UNKNOWN_PAR001,,false,true,false
of the sebi,3,42,36,D21,14,D21_T010,,false,true,false
"however , the",3,41,41,D01,3,D01_P003_SEC_1_3_PAR001,,false,true,false
one of the,3,41,41,D01,6,D01_P006_SEC_1_6_PAR007,,true,true,false
in order to,3,41,39,D01,7,D01_P007_SEC_1_6_PAR005,,false,true,false
", with a",3,41,38,D01,13,D01_P013_SEC_1_14_PAR001,,false,true,false
of gdp in,3,41,28,D01,27,D01_P027_SEC_1_35_PAR001,gdp,false,true,false
previous year .,3,41,39,D01,28,D01_P028_SEC_1_36_PAR001,,false,true,false
", followed by",3,41,38,D01,32,D01_P032_SEC_1_PAR001,,false,true,false
"sebi act ,",3,41,30,D03,36,D03_BOX013,,false,true,false
"act , 1992",3,41,30,D03,36,D03_BOX013,,false,true,false
"the year ,",3,39,37,D01,10,D01_P010_SEC_1_9_PAR001,,false,true,false
in fy25 .,3,39,30,D01,15,D01_P015_SEC_1_19_PAR001,,false,true,false
the importance of,3,39,38,D01,21,D01_P021_SEC_1_28_PAR001,,false,true,false
the cost of,3,39,37,D01,34,D01_P034_SEC_3_PAR001,,false,true,false
"in contrast ,",3,39,39,D02,30,D02_P030_UNKNOWN_PAR002,,false,true,false
the use of,3,39,37,D03,21,D03_BOX003,,false,true,false
", rather than",3,38,38,D01,8,D01_P008_SEC_1_6_PAR003,,false,true,false
", which is",3,38,37,D01,18,D01_P018_SEC_1_25_PAR001,,false,true,false
"over time ,",3,38,38,D01,27,D01_P027_SEC_1_34_PAR001,,false,true,false
"a result ,",3,37,37,D01,2,D01_P002_SEC_1_1_PAR001,,false,true,false
"in addition ,",3,37,35,D02,13,D02_P013_SEC_2_21_PAR001,,false,true,false
the sebi act,3,37,30,D03,36,D03_BOX013,,false,true,false
the securities market,3,37,34,D03,42,D03_BOX017,market;securities,false,true,false
- ai ai,3,37,16,D17,36,D17_P036_UNKNOWN_PAR001,,false,true,false
the impact of,3,36,35,D01,11,D01_P011_SEC_1_10_PAR001,,false,true,false
the central government,3,36,31,D01,25,D01_P025_SEC_1_31_PAR001,,false,true,false
in the previous,3,36,34,D02,12,D02_P012_SEC_2_19_PAR001,,false,true,false
. in addition,3,36,35,D02,13,D02_P013_SEC_2_21_PAR001,,false,true,false
. in contrast,3,36,36,D02,30,D02_P030_UNKNOWN_PAR002,,false,true,false
there is a,3,36,35,D02,34,D02_P034_UNKNOWN_PAR001,,true,true,false
"31 , 2025",3,36,33,D03,51,D03_P051_SEC_3_89_PAR001,,false,true,false
ai ui ai,3,36,14,D17,36,D17_P036_UNKNOWN_PAR001,,false,true,false
"together , these",3,35,35,D01,21,D01_BOX005,,false,true,false
", particularly in",3,35,35,D01,4,D01_P004_SEC_1_3_PAR001,,false,true,false
", therefore ,",3,35,35,D01,15,D01_P015_SEC_1_18_PAR001,,false,true,false
. the government,3,35,34,D01,30,D01_P030_SEC_1_42_PAR001,,false,true,false
during the same,3,35,34,D02,19,D02_P019_SEC_2_31_PAR001,,false,true,false
management and financial,3,35,35,D03,1,D03_P001_SEC_3_1_PAR001,financial,false,true,false
and financial intermediation,3,35,35,D03,1,D03_P001_SEC_3_1_PAR001,financial,false,true,false
the government of,3,35,32,D04,56,D04_P056_UNKNOWN_PAR001,,false,true,false
ai ai ui,3,35,15,D17,36,D17_P036_UNKNOWN_PAR001,,false,true,false
the united states,3,34,32,D01,7,D01_P007_SEC_1_6_PAR008,,false,true,false
", while the",3,34,34,D01,22,D01_P022_SEC_1_28_PAR003,,false,true,false
", resulting in",3,34,34,D01,28,D01_P028_SEC_1_36_PAR001,,false,true,false
monetary management and,3,34,34,D03,1,D03_P001_SEC_3_1_PAR001,monetary,false,true,false
strategic resilience and,3,34,34,D08,43,D08_BOX029,,false,true,false
ai - ai,3,34,17,D17,36,D17_P036_UNKNOWN_PAR001,,false,true,false
the ministry of,3,33,32,D01,9,D01_P009_SEC_1_8_PAR002,,false,true,false
in h 1,3,33,23,D01,9,D01_P009_SEC_1_8_PAR002,,false,true,false
and strategic indispensability,3,33,33,D16,1,D16_P001_UNKNOWN_PAR001,,false,true,false
ui ai ai,3,33,15,D17,36,D17_P036_UNKNOWN_PAR001,,false,true,false
2025-26 2024-25 2025-26,3,33,21,D22,6,D22_T005,,false,true,false
the role of,3,32,32,D01,1,D01_P001_UNKNOWN_PAR004,,false,true,false
is estimated to,3,32,29,D01,17,D01_P017_SEC_1_23_PAR001,,false,true,false
( 2025 ),3,32,26,D02,28,D02_BOX015,,false,true,false
a total of,3,32,31,D03,36,D03_P036_SEC_3_68_PAR001,,false,true,false
resilience and strategic,3,32,32,D04,3,D04_P003_SEC_4_7_PAR001,,false,true,false
2024-25 2025-26 2024-25,3,32,22,D21,15,D21_T014,,false,true,false
( 1 ),3,31,24,D01,21,D01_BOX005,,false,true,false
of the economy,3,31,30,D01,1,D01_P001_UNKNOWN_PAR001,,false,true,false
are expected to,3,31,28,D01,1,D01_P001_UNKNOWN_PAR006,,false,true,false
", including the",3,31,30,D01,11,D01_P011_SEC_1_10_PAR001,,false,true,false
based on the,3,31,30,D01,25,D01_P025_SEC_1_31_PAR001,,false,true,false
", compared to",3,31,29,D01,28,D01_P028_SEC_1_36_PAR001,,false,true,false
". similarly ,",3,31,30,D02,5,D02_P005_SEC_2_8_PAR002,,false,true,false
: https :,3,31,21,D04,3,D04_P003_SEC_4_8_PAR005,,false,true,false
end of the,3,30,23,D01,18,D01_BOX003,,false,true,false
") , which",3,30,29,D01,21,D01_BOX005,,false,true,false
) . this,3,30,30,D01,3,D01_P003_SEC_1_3_PAR001,,false,true,false
in the country,3,30,30,D03,9,D03_P009_SEC_3_9_PAR001,,false,true,false
. on the,3,29,27,D01,9,D01_P009_SEC_1_8_PAR002,,false,true,false
the quality of,3,29,28,D01,25,D01_P025_SEC_1_30_PAR002,,false,true,false
the government 's,3,29,28,D01,25,D01_P025_SEC_1_32_PAR001,,false,true,false
", respectively .",3,29,28,D02,34,D02_P034_UNKNOWN_PAR002,,false,true,false
) of the,3,29,24,D03,12,D03_P012_SEC_3_17_PAR001,,false,true,false
"further , the",3,28,27,D02,2,D02_P002_UNKNOWN_PAR001,,false,true,false
in line with,3,28,27,D02,6,D02_P006_SEC_2_9_PAR001,,false,true,false
"services , and",3,28,28,D02,10,D02_P010_UNKNOWN_PAR007,,false,true,false
", there is",3,28,25,D03,21,D03_BOX003,,false,true,false
", sebi has",3,28,27,D03,42,D03_P042_SEC_3_74_PAR001,,false,true,false
in rural areas,3,28,26,D05,1,D05_P001_UNKNOWN_PAR004,,false,true,false
in 2024-25 .,3,28,25,D05,5,D05_P005_SEC_5_8_PAR001,,false,true,false
of march 31,3,28,25,D21,14,D21_T010,,false,true,false
in india .,3,27,26,D01,18,D01_BOX003,,false,true,false
. according to,3,27,27,D01,2,D01_P002_SEC_1_1_PAR001,,false,true,false
"for instance ,",3,27,27,D01,8,D01_P008_SEC_1_6_PAR002,,false,true,false
", the share",3,27,27,D01,10,D01_P010_SEC_1_9_PAR001,,false,true,false
"for india ,",3,27,27,D01,30,D01_P030_SEC_1_44_PAR001,,false,true,false
. it also,3,27,27,D02,34,D02_BOX017,,false,true,false
( amendment ),3,27,27,D02,16,D02_P016_SEC_2_26_PAR001,,false,true,false
"in 2025-26 ,",3,27,27,D05,1,D05_P001_UNKNOWN_PAR003,,false,true,false
amount ( ₹crore,3,27,11,D21,5,D21_T001,,false,true,false
", however ,",3,26,26,D01,2,D01_P002_SEC_1_2_PAR001,,false,true,false
. under the,3,26,25,D01,6,D01_P006_SEC_1_6_PAR007,,false,true,false
", up from",3,26,25,D01,15,D01_P015_SEC_1_19_PAR001,,false,true,false
"recent years ,",3,26,26,D01,33,D01_P033_SEC_1_PAR002,,false,true,false
can not be,3,26,24,D03,5,D03_P005_SEC_3_8_PAR003,,true,true,false
and global integration,3,26,26,D08,1,D08_P001_UNKNOWN_PAR001,,false,true,false
and skill development,3,26,26,D08,18,D08_P018_SEC_8_38_PAR001,,false,true,false
ai - -,3,26,8,D17,36,D17_P036_UNKNOWN_PAR008,,false,true,false
the revised estimate,3,26,17,D19,1,D19_P001_UNKNOWN_PAR001,,false,true,false
the economic survey,3,25,23,D01,31,D01_BOX007,,false,true,false
) and the,3,25,24,D01,23,D01_P023_SEC_1_28_PAR012,,false,true,false
. https :,3,25,22,D02,28,D02_BOX015,,false,true,false
rather than a,3,25,25,D02,2,D02_P002_SEC_2_2_PAR001,,false,true,false
to ensure that,3,25,24,D02,3,D02_P003_SEC_2_3_PAR001,,false,true,false
", the total",3,25,23,D03,4,D03_P004_SEC_3_7_PAR001,,false,true,false
the country .,3,25,25,D03,9,D03_P009_SEC_3_9_PAR001,,false,true,false
"furthermore , the",3,25,25,D03,18,D03_P018_SEC_3_33_PAR001,,false,true,false
as part of,3,25,25,D03,20,D03_P020_SEC_3_39_PAR001,,false,true,false
initiatives such as,3,25,24,D04,20,D04_P020_SEC_4_46_PAR001,,false,true,false
0.0 0.0 0.0,3,25,3,D31,17,D31_P017_SEC_13_11_PAR013,,false,true,true
". together ,",3,24,24,D01,21,D01_BOX005,,false,true,false
according to the,3,24,24,D01,2,D01_P002_SEC_1_1_PAR001,,false,true,false
of the year,3,24,22,D01,10,D01_P010_SEC_1_9_PAR001,,false,true,false
", underscoring the",3,24,24,D02,22,D02_BOX011,,false,true,false
", highlighting the",3,24,24,D02,22,D02_BOX011,,false,true,false
part of the,3,24,24,D02,14,D02_P014_SEC_2_24_PAR001,,false,true,false
in collaboration with,3,24,23,D03,29,D03_BOX011,,false,true,false
securities market .,3,24,24,D03,42,D03_BOX017,market;securities,false,true,false
", accounting for",3,24,23,D03,41,D03_P041_SEC_3_73_PAR003,,false,true,false
of the period,3,24,11,D03,47,D03_P047_SEC_3_85_PAR004,,false,true,false
", 2025 .",3,24,22,D07,17,D07_P017_UNKNOWN_PAR004,,false,true,false
the ai ecosystem,3,24,24,D12,25,D12_P025_SEC_12_38_PAR002,,false,true,false
during 2025-26 .,3,24,24,D18,3,D18_P003_IV_PAR002,,false,true,false
"2025-26 , sebi",3,24,23,D21,11,D21_BOX007,,false,true,false
) ( amendment,3,24,24,D28,35,D28_P035_UNKNOWN_PAR001,,false,true,false
"of gdp ,",3,23,21,D01,13,D01_P013_SEC_1_14_PAR001,gdp,false,true,false
2025 ) .,3,23,20,D02,28,D02_BOX015,,false,true,false
"time , the",3,23,23,D02,34,D02_BOX017,,false,true,false
. while the,3,23,23,D02,7,D02_P007_SEC_2_13_PAR001,,false,true,false
the development of,3,23,23,D02,33,D02_P033_UNKNOWN_PAR001,,false,true,false
", https :",3,23,22,D03,27,D03_BOX009,,false,true,false
the need to,3,23,23,D03,1,D03_P001_UNKNOWN_PAR005,,false,true,false
an increase of,3,23,22,D03,15,D03_P015_SEC_3_25_PAR001,,false,true,false
industry 's next,3,23,23,D08,1,D08_P001_UNKNOWN_PAR001,industry,false,true,false
's next leap,3,23,23,D08,1,D08_P001_UNKNOWN_PAR001,,false,true,false
next leap :,3,23,23,D08,1,D08_P001_UNKNOWN_PAR001,,false,true,false
leap : structural,3,23,23,D08,1,D08_P001_UNKNOWN_PAR001,,false,true,false
: structural transformation,3,23,23,D08,1,D08_P001_UNKNOWN_PAR001,,false,true,false
structural transformation and,3,23,23,D08,1,D08_P001_UNKNOWN_PAR001,,false,true,false
transformation and global,3,23,23,D08,1,D08_P001_UNKNOWN_PAR001,,false,true,false
employment and skill,3,23,23,D12,1,D12_P001_UNKNOWN_PAR001,employment,false,true,false
- - ai,3,23,9,D17,36,D17_P036_UNKNOWN_PAR008,,false,true,false
over the revised,3,23,16,D19,1,D19_P001_UNKNOWN_PAR002,,false,true,false
0 0 0,3,23,9,D19,6,D19_T006,,false,true,true
to strengthen the,3,22,22,D01,31,D01_BOX007,,false,true,false
the first half,3,22,20,D01,1,D01_P001_UNKNOWN_PAR004,,false,true,false
to enhance the,3,22,22,D01,23,D01_P023_SEC_1_28_PAR009,,false,true,false
"of india ,",3,22,21,D01,26,D01_P026_SEC_1_32_PAR001,,false,true,false
an increase in,3,22,22,D01,27,D01_P027_SEC_1_35_PAR001,,false,true,false
. over the,3,22,22,D01,28,D01_P028_SEC_1_37_PAR001,,false,true,false
". accordingly ,",3,22,22,D01,34,D01_P034_SEC_3_PAR002,,false,true,false
estimated to be,3,22,20,D02,28,D02_BOX015,,false,true,false
of the government,3,22,22,D02,34,D02_BOX017,,false,true,false
( up to,3,22,19,D02,13,D02_P013_SEC_2_21_PAR001,,false,true,false
the past decade,3,22,20,D02,15,D02_P015_SEC_2_26_PAR001,,false,true,false
the economy .,3,22,22,D03,64,D03_BOX023,,false,true,false
rural development and,3,22,22,D08,8,D08_P008_SEC_8_17_PAR001,,false,true,false
and climate change,3,22,22,D10,38,D10_BOX019,,false,true,false
as of march,3,22,20,D21,14,D21_T010,,false,true,false
growth in the,3,21,18,D01,1,D01_P001_UNKNOWN_PAR006,growth,false,true,false
supported by a,3,21,21,D01,9,D01_P009_SEC_1_8_PAR002,,false,true,false
lower than the,3,21,20,D01,16,D01_P016_SEC_1_20_PAR001,,false,true,false
over time .,3,21,21,D01,19,D01_P019_UNKNOWN_PAR004,,false,true,false
evolution of the,3,21,21,D01,19,D01_P019_UNKNOWN_PAR004,,false,true,false
the expansion of,3,21,21,D01,25,D01_P025_SEC_1_31_PAR001,,false,true,false
( i ),3,21,19,D01,31,D01_P031_SEC_1_46_PAR004,,false,true,false
the private sector,3,21,20,D01,32,D01_P032_SEC_1_PAR002,sector,false,true,false
"in turn ,",3,21,21,D02,15,D02_BOX005,,false,true,false
", india has",3,21,21,D02,2,D02_P002_UNKNOWN_PAR002,,false,true,false
"regulatory action ,",3,21,21,D03,24,D03_P024_SEC_3_45_PAR001,regulatory,false,true,false
"infrastructure , and",3,21,21,D03,44,D03_P044_SEC_3_75_PAR001,,false,true,false
the objective of,3,21,20,D08,13,D08_BOX001,,false,true,false
at https :,3,21,19,D08,20,D08_BOX007,,false,true,false
environment and climate,3,21,21,D10,1,D10_P001_UNKNOWN_PAR001,,false,true,false
of the ai,3,21,21,D12,25,D12_P025_SEC_12_38_PAR002,,false,true,false
"in 2026-27 ,",3,21,16,D19,1,D19_P001_UNKNOWN_PAR001,,false,true,false
100 100 100,3,21,6,D19,9,D19_T009,,false,true,true
in the global,3,20,18,D01,2,D01_P002_SEC_1_1_PAR001,,false,true,false
to address the,3,20,20,D01,4,D01_P004_SEC_1_3_PAR001,,false,true,false
"2026 , the",3,20,19,D01,8,D01_P008_SEC_1_6_PAR001,,false,true,false
"( e.g. ,",3,20,15,D01,8,D01_P008_SEC_1_6_PAR001,,false,true,false
the year .,3,20,20,D01,11,D01_P011_SEC_1_10_PAR001,,false,true,false
increase in the,3,20,20,D01,27,D01_P027_SEC_1_34_PAR001,,false,true,false
india 's external,3,20,17,D01,28,D01_P028_SEC_1_38_PAR001,,false,true,false
the labour market,3,20,17,D01,28,D01_P028_SEC_1_39_PAR001,market,false,true,false
( ii ),3,20,18,D01,32,D01_P032_SEC_1_46_PAR002,,false,true,false
", particularly for",3,20,20,D02,28,D02_BOX015,,false,true,false
to india 's,3,20,20,D02,34,D02_BOX017,,false,true,false
during the period,3,20,20,D02,6,D02_P006_SEC_2_10_PAR001,,false,true,false
( b ),3,20,17,D02,10,D02_P010_UNKNOWN_PAR003,,false,true,false
sectors such as,3,20,20,D02,11,D02_P011_UNKNOWN_PAR001,sectors,false,true,false
investment and infrastructure,3,20,20,D02,13,D02_P013_SEC_2_23_PAR001,investment,false,true,false
the creation of,3,20,19,D02,18,D02_P018_SEC_2_29_PAR001,,false,true,false
". consequently ,",3,20,19,D02,36,D02_P036_SEC_2_48_PAR001,,false,true,false
due to the,3,20,20,D02,36,D02_P036_SEC_2_48_PAR001,,false,true,false
") act ,",3,20,18,D03,36,D03_BOX013,,false,true,false
ecosystem in india,3,20,20,D03,42,D03_BOX017,,false,true,false
the rbi 's,3,20,19,D03,9,D03_P009_SEC_3_10_PAR001,,false,true,false
over the years,3,20,19,D03,19,D03_P019_SEC_3_35_PAR001,,false,true,false
the pradhan mantri,3,20,19,D03,27,D03_P027_SEC_3_49_PAR001,,false,true,false
a series of,3,20,20,D03,34,D03_P034_SEC_3_64_PAR001,,false,true,false
. in india,3,20,20,D03,35,D03_P035_SEC_3_66_PAR001,,false,true,false
"additionally , the",3,20,20,D04,8,D04_P008_SEC_4_17_PAR001,,false,true,false
". conversely ,",3,20,20,D04,48,D04_P048_SEC_4_93_PAR004,,false,true,false
: strengthening connectivity,3,20,20,D07,25,D07_P025_SEC_7_40_PAR003,,false,true,false
and social progress,3,20,20,D13,1,D13_P001_UNKNOWN_PAR001,,false,true,false
ai ecosystem in,3,20,20,D14,1,D14_P001_UNKNOWN_PAR001,,false,true,false
) no .,3,20,15,D21,5,D21_T001,,false,true,false
the services sector,3,19,17,D01,21,D01_BOX005,sector,false,true,false
", leading to",3,19,19,D01,31,D01_BOX007,,false,true,false
state of the,3,19,19,D01,1,D01_P001_UNKNOWN_PAR001,,false,true,false
first half of,3,19,17,D01,1,D01_P001_UNKNOWN_PAR004,,false,true,false
", even as",3,19,19,D01,1,D01_P001_UNKNOWN_PAR004,,false,true,false
( chart i.,3,19,15,D01,4,D01_P004_SEC_1_3_PAR001,,false,true,false
"in 2024 ,",3,19,17,D01,4,D01_P004_SEC_1_5_PAR001,,false,true,false
in the united,3,19,18,D01,5,D01_P005_SEC_1_5_PAR002,,false,true,false
". overall ,",3,19,19,D01,6,D01_P006_SEC_1_6_PAR004,,false,true,false
as a key,3,19,19,D01,27,D01_P027_SEC_1_35_PAR001,,false,true,false
"accordingly , the",3,19,19,D01,34,D01_P034_SEC_3_PAR002,,false,true,false
", in turn",3,19,19,D02,15,D02_BOX005,,false,true,false
. ( 2025,3,19,16,D02,28,D02_BOX015,,false,true,false
", and other",3,19,19,D02,1,D02_P001_UNKNOWN_PAR004,,false,true,false
"going forward ,",3,19,19,D02,2,D02_P002_UNKNOWN_PAR002,,false,true,false
( chart ii.,3,19,12,D02,3,D02_P003_SEC_2_4_PAR001,,false,true,false
", the number",3,19,18,D02,17,D02_P017_UNKNOWN_PAR004,,false,true,false
"for example ,",3,19,19,D03,5,D03_P005_SEC_3_8_PAR002,,false,true,false
", the rbi",3,19,16,D03,9,D03_P009_SEC_3_10_PAR001,,false,true,false
. over time,3,19,19,D03,25,D03_P025_SEC_3_47_PAR004,,false,true,false
", launched in",3,19,18,D03,27,D03_P027_SEC_3_49_PAR001,,false,true,false
in the securities,3,19,18,D03,42,D03_P042_SEC_3_74_PAR002,securities,false,true,false
over the last,3,19,18,D04,5,D04_P005_SEC_4_9_PAR001,,false,true,false
"development , and",3,19,19,D07,16,D07_P016_SEC_7_22_PAR001,,false,true,false
and infrastructure :,3,19,19,D09,1,D09_P001_UNKNOWN_PAR001,,false,true,false
infrastructure : strengthening,3,19,19,D09,1,D09_P001_UNKNOWN_PAR001,,false,true,false
"strengthening connectivity ,",3,19,19,D09,1,D09_P001_UNKNOWN_PAR001,,false,true,false
"connectivity , capacity",3,19,19,D09,1,D09_P001_UNKNOWN_PAR001,,false,true,false
", capacity and",3,19,19,D09,1,D09_P001_UNKNOWN_PAR001,,false,true,false
capacity and competitiveness,3,19,19,D09,1,D09_P001_UNKNOWN_PAR001,,false,true,false
development and social,3,19,19,D12,5,D12_BOX001,,false,true,false
of 2025-26 .,3,19,15,D19,1,D19_P001_UNKNOWN_PAR001,,false,true,false
the sebi (,3,19,16,D21,16,D21_P016_SEC_3_4_PAR001,,false,true,false
chapter 10 regulatory,3,19,19,D28,1,D28_P001_UNKNOWN_PAR001,regulatory,false,true,false
10 regulatory action,3,19,19,D28,1,D28_P001_UNKNOWN_PAR001,regulatory,false,true,false
"action , supervision",3,19,19,D28,1,D28_P001_UNKNOWN_PAR001,supervision,false,true,false
", supervision and",3,19,19,D28,1,D28_P001_UNKNOWN_PAR001,supervision,false,true,false
supervision and enforcement,3,19,19,D28,1,D28_P001_UNKNOWN_PAR001,supervision,false,true,false
reflected in the,3,18,18,D01,2,D01_P002_SEC_1_1_PAR001,,false,true,false
as per the,3,18,18,D01,4,D01_P004_SEC_1_5_PAR001,,false,true,false
in the first,3,18,17,D01,8,D01_P008_SEC_1_7_PAR001,,false,true,false
. for instance,3,18,18,D01,19,D01_P019_SEC_1_27_PAR002,,false,true,false
") , while",3,18,18,D01,26,D01_P026_SEC_1_33_PAR001,,false,true,false
", as the",3,18,18,D01,27,D01_P027_SEC_1_34_PAR001,,false,true,false
. india has,3,18,18,D01,28,D01_P028_SEC_1_39_PAR001,,false,true,false
"context , the",3,18,18,D02,39,D02_BOX019,,false,true,false
same period .,3,18,18,D02,4,D02_P004_SEC_2_6_PAR001,,false,true,false
", of which",3,18,18,D02,13,D02_P013_SEC_2_22_PAR001,,false,true,false
as compared to,3,18,17,D02,32,D02_P032_SEC_2_43_PAR001,,false,true,false
the adoption of,3,18,18,D03,21,D03_BOX003,,false,true,false
provisions of the,3,18,16,D03,60,D03_BOX021,,false,true,false
the ease of,3,18,18,D03,60,D03_BOX021,,false,true,false
as of 31 december 2025,3,18,18,D03,4,D03_P004_SEC_3_7_PAR001,,false,true,false
", ensuring that",3,18,18,D03,11,D03_P011_SEC_3_16_PAR001,,false,true,false
( chart v.,3,18,18,D05,2,D05_P002_SEC_5_1_PAR001,,false,true,false
agriculture and food,3,18,18,D06,1,D06_P001_UNKNOWN_PAR001,,false,true,false
serves as a,3,18,18,D06,26,D06_P026_SEC_6_40_PAR001,,false,true,false
social progress :,3,18,18,D13,1,D13_P001_UNKNOWN_PAR001,,false,true,false
progress : from,3,18,18,D13,1,D13_P001_UNKNOWN_PAR001,,false,true,false
hon'ble supreme court,3,18,15,D13,33,D13_P033_SEC_13_86_PAR001,,false,true,false
building strategic resilience,3,18,18,D17,1,D17_P001_UNKNOWN_PAR001,,false,true,false
revised estimate of,3,18,14,D19,1,D19_P001_UNKNOWN_PAR001,,false,true,false
: in order,3,18,18,D21,3,D21_P003_SEC_3_1_1_PAR009,,false,true,false
pending at the,3,18,10,D21,15,D21_T014,,false,true,false
global value chains,3,17,17,D01,5,D01_BOX001,,false,true,false
higher than the,3,17,16,D01,2,D01_P002_SEC_1_1_PAR001,,false,true,false
in response to,3,17,16,D01,7,D01_P007_SEC_1_6_PAR009,,false,true,false
is likely to,3,17,16,D01,11,D01_P011_SEC_1_10_PAR001,,false,true,false
need to be,3,17,16,D01,24,D01_P024_SEC_1_29_PAR001,,false,true,false
) . in,3,17,16,D01,27,D01_P027_SEC_1_35_PAR001,,false,true,false
for india 's,3,17,16,D01,28,D01_P028_SEC_1_38_PAR001,,false,true,false
the implementation of,3,17,17,D01,29,D01_P029_SEC_1_40_PAR001,,false,true,false
. for india,3,17,17,D01,30,D01_P030_SEC_1_44_PAR001,,false,true,false
the establishment of,3,17,17,D01,31,D01_P031_SEC_1_46_PAR002,,false,true,false
an average of,3,17,13,D01,33,D01_P033_SEC_1_PAR005,,false,true,false
. during the,3,17,17,D02,15,D02_BOX005,,false,true,false
over the same,3,17,16,D02,3,D02_P003_SEC_2_4_PAR001,,false,true,false
in addition to,3,17,17,D02,10,D02_P010_UNKNOWN_PAR008,,false,true,false
", reflecting a",3,17,17,D02,19,D02_P019_SEC_2_31_PAR001,,false,true,false
a cagr of,3,17,12,D02,24,D02_P024_SEC_2_39_PAR001,,false,true,false
", with an",3,17,16,D02,27,D02_P027_SEC_2_41_PAR001,,false,true,false
compared to the,3,17,17,D02,30,D02_P030_SEC_2_42_PAR001,,false,true,false
a rise in,3,17,15,D02,40,D02_P040_UNKNOWN_PAR001,,false,true,false
corporate bond market,3,17,13,D03,46,D03_BOX019,bond;market,false,true,false
". notably ,",3,17,17,D03,10,D03_P010_SEC_3_13_PAR001,,false,true,false
", the sector",3,17,17,D03,23,D03_P023_SEC_3_42_PAR001,sector,false,true,false
the sector 's,3,17,16,D03,58,D03_P058_SEC_3_99_PAR005,sector,false,true,false
of the global,3,17,17,D04,4,D04_P004_SEC_4_8_PAR003,,false,true,false
the middle east,3,17,15,D04,24,D04_P024_SEC_4_51_PAR001,,false,true,false
"india , the",3,17,17,D04,47,D04_P047_SEC_4_93_PAR002,,false,true,false
services : from,3,17,17,D07,1,D07_P001_UNKNOWN_PAR001,,false,true,false
: from stability,3,17,17,D07,1,D07_P001_UNKNOWN_PAR001,stability,false,true,false
from stability to,3,17,17,D07,1,D07_P001_UNKNOWN_PAR001,stability,false,true,false
stability to new,3,17,17,D07,1,D07_P001_UNKNOWN_PAR001,stability,false,true,false
to new frontiers,3,17,17,D07,1,D07_P001_UNKNOWN_PAR001,,false,true,false
: from participatiom,3,17,17,D13,3,D13_P003_SEC_13_6_PAR001,,false,true,false
from participatiom to,3,17,17,D13,3,D13_P003_SEC_13_6_PAR001,,false,true,false
participatiom to partnership,3,17,17,D13,3,D13_P003_SEC_13_6_PAR001,,false,true,false
the hon'ble supreme,3,17,15,D13,33,D13_P033_SEC_13_86_PAR001,,false,true,false
rs 2024 -25 2025-26,3,17,17,D21,5,D21_T001,,false,true,false
. the chapter,3,16,15,D01,1,D01_P001_UNKNOWN_PAR006,,false,true,false
that india 's,3,16,16,D01,1,D01_P001_UNKNOWN_PAR006,,false,true,false
the global economy,3,16,15,D01,2,D01_P002_SEC_1_1_PAR001,,false,true,false
"taken together ,",3,16,16,D01,23,D01_P023_SEC_1_28_PAR013,,false,true,false
in fy26 (,3,16,14,D01,24,D01_P024_SEC_1_29_PAR001,,false,true,false
". therefore ,",3,16,15,D01,28,D01_P028_SEC_1_38_PAR001,,false,true,false
the world bank,3,16,16,D01,29,D01_P029_SEC_1_41_PAR001,bank,false,true,false
", logistics ,",3,16,15,D01,34,D01_P034_SEC_3_PAR001,,false,true,false
. the scheme,3,16,15,D02,26,D02_BOX013,,false,true,false
in the post-pandemic,3,16,15,D02,1,D02_P001_UNKNOWN_PAR002,,false,true,false
the union budget,3,16,14,D02,3,D02_P003_SEC_2_3_PAR001,budget,false,true,false
", reflecting the",3,16,16,D02,6,D02_P006_SEC_2_10_PAR001,,false,true,false
"overall , the",3,16,16,D02,6,D02_P006_SEC_2_8_PAR002,,false,true,false
( a ),3,16,15,D02,10,D02_P010_UNKNOWN_PAR003,,false,true,false
on the other,3,16,16,D02,19,D02_P019_SEC_2_31_PAR001,,true,true,false
", but it",3,16,16,D02,32,D02_P032_SEC_2_43_PAR001,,false,true,false
a period of,3,16,16,D02,34,D02_P034_UNKNOWN_PAR002,,false,true,false
* * *,3,16,8,D02,40,D02_T009,,false,false,true
cost of capital,3,16,14,D03,46,D03_BOX019,capital,false,true,false
of india (,3,16,16,D03,1,D03_P001_SEC_3_1_PAR001,,false,true,false
the absence of,3,16,16,D03,8,D03_P008_UNKNOWN_PAR001,,false,true,false
have been sanctioned,3,16,15,D03,20,D03_P020_SEC_3_38_PAR001,,false,true,false
. these include,3,16,16,D03,25,D03_P025_SEC_3_47_PAR005,,false,true,false
", and institutional",3,16,16,D03,59,D03_P059_SEC_3_99_PAR003,,false,true,false
is essential to,3,16,16,D03,62,D03_P062_SEC_3_99_PAR001,,false,true,false
driven by a,3,16,16,D03,62,D03_P062_SEC_3_99_PAR004,,false,true,false
. with the,3,16,16,D04,46,D04_P046_SEC_4_91_PAR001,,false,true,false
and food managmement,3,16,16,D06,3,D06_P003_SEC_6_4_PAR001,,false,true,false
is no longer,3,16,16,D06,16,D06_P016_SEC_6_22_PAR003,,false,true,false
( chart vii.,3,16,11,D07,3,D07_P003_SEC_7_6_PAR002,,false,true,false
available at https,3,16,14,D08,20,D08_BOX007,,false,true,false
to strategic resilience,3,16,16,D16,1,D16_P001_UNKNOWN_PAR001,,false,true,false
- ai -,3,16,7,D17,36,D17_P036_UNKNOWN_PAR002,,false,true,false
", 2026 .",3,16,16,D19,1,D19_P001_UNKNOWN_PAR012,,false,true,false
the revised estimates,3,16,12,D19,4,D19_P004_UNKNOWN_PAR003,,false,true,false
to an issue,3,16,14,D21,16,D21_P016_SEC_3_4_2_PAR002,,false,true,false
given in table,3,16,16,D22,6,D22_P006_SEC_4_1_1_PAR005,,false,true,false
against this backdrop,3,15,15,D01,18,D01_BOX003,,false,true,false
sector . the,3,15,15,D01,21,D01_BOX005,sector,false,true,false
"supply chains ,",3,15,15,D01,1,D01_P001_UNKNOWN_PAR002,supply,false,true,false
"of fy26 ,",3,15,15,D01,1,D01_P001_UNKNOWN_PAR004,,false,true,false
", which are",3,15,15,D01,6,D01_P006_SEC_1_6_PAR005,,false,true,false
) . these,3,15,14,D01,9,D01_P009_SEC_1_8_PAR002,,false,true,false
", led by",3,15,15,D01,9,D01_P009_SEC_1_8_PAR002,,false,true,false
", and financial",3,15,15,D01,9,D01_P009_SEC_1_8_PAR002,financial,false,true,false
"in fy26 ,",3,15,15,D01,10,D01_P010_SEC_1_9_PAR001,,false,true,false
goods and services,3,15,14,D01,13,D01_P013_SEC_1_14_PAR001,,false,true,false
the pre-pandemic period,3,15,15,D01,17,D01_P017_SEC_1_24_PAR001,,false,true,false
a combination of,3,15,15,D01,18,D01_P018_SEC_1_26_PAR001,,false,true,false
. the national,3,15,13,D01,23,D01_P023_SEC_1_28_PAR012,,false,true,false
implementation of the,3,15,15,D01,29,D01_P029_SEC_1_40_PAR001,,false,true,false
is one of,3,15,15,D01,31,D01_P031_SEC_1_46_PAR001,,true,true,false
"same period ,",3,15,15,D02,3,D02_P003_SEC_2_4_PAR001,,false,true,false
", with over",3,15,14,D02,5,D02_P005_SEC_2_8_PAR002,,false,true,false
"act , 2025",3,15,12,D02,6,D02_P006_SEC_2_10_PAR001,,false,true,false
bank of india,3,15,15,D02,6,D02_P006_SEC_2_9_PAR001,bank,false,true,false
aligned with the,3,15,15,D02,7,D02_P007_SEC_2_14_PAR001,,false,true,false
the introduction of,3,15,15,D02,11,D02_P011_SEC_2_17_PAR001,,false,true,false
the other hand,3,15,15,D02,19,D02_P019_SEC_2_31_PAR001,,false,true,false
"other hand ,",3,15,15,D02,19,D02_P019_SEC_2_31_PAR001,,false,true,false
", especially in",3,15,15,D02,27,D02_P027_SEC_2_41_PAR001,,false,true,false
of gdp ),3,15,11,D02,36,D02_P036_SEC_2_48_PAR001,gdp,false,true,false
a critical role,3,15,15,D02,42,D02_P042_SEC_2_56_PAR001,,false,true,false
. there is,3,15,15,D03,21,D03_BOX003,,false,true,false
"past decade ,",3,15,14,D03,24,D03_BOX005,,false,true,false
india 's financial,3,15,14,D03,24,D03_BOX007,financial,false,true,false
much of the,3,15,15,D03,46,D03_BOX019,,false,true,false
the presence of,3,15,15,D03,2,D03_P002_SEC_3_2_PAR001,,false,true,false
factors such as,3,15,14,D03,5,D03_P005_SEC_3_8_PAR002,,false,true,false
( iii ),3,15,14,D03,7,D03_P007_SEC_3_8_PAR005,,false,true,false
( 2024 ),3,15,12,D03,30,D03_P030_SEC_3_50_PAR001,,false,true,false
", focusing on",3,15,15,D03,42,D03_P042_SEC_3_74_PAR002,,false,true,false
of the country,3,15,15,D03,44,D03_P044_SEC_3_76_PAR001,,false,true,false
"doing business ,",3,15,15,D03,60,D03_P060_SEC_3_99_PAR003,,false,true,false
"at scale ,",3,15,14,D04,20,D04_P020_SEC_4_45_PAR001,,false,true,false
", but also",3,15,15,D04,37,D04_P037_SEC_4_80_PAR014,,false,true,false
the ability to,3,15,13,D04,50,D04_P050_SEC_4_96_PAR001,,false,true,false
with respect to,3,15,15,D05,14,D05_P014_SEC_5_27_PAR001,,false,true,false
participation in the,3,15,15,D09,36,D09_BOX031,,false,true,false
estimate of 2025-26,3,15,12,D19,1,D19_P001_UNKNOWN_PAR001,,false,true,false
particula rs 2024 -25,3,15,15,D21,5,D21_T001,,false,true,false
the ld .,3,15,11,D28,19,D28_P019_UNKNOWN_PAR016,,false,true,false
ld . sat,3,15,11,D28,19,D28_P019_UNKNOWN_PAR016,,false,true,false
the hon'ble court,3,15,13,D28,22,D28_P022_UNKNOWN_PAR008,,false,true,false
the covid -19,3,14,14,D01,18,D01_BOX003,,false,true,false
"this , the",3,14,13,D01,21,D01_BOX005,,false,true,false
rural and urban,3,14,11,D01,21,D01_BOX005,,false,true,false
of the economic,3,14,14,D01,31,D01_BOX007,,false,true,false
", the indian",3,14,14,D01,1,D01_P001_UNKNOWN_PAR003,,false,true,false
. the first,3,14,14,D01,1,D01_P001_UNKNOWN_PAR003,,false,true,false
"looking ahead ,",3,14,14,D01,1,D01_P001_UNKNOWN_PAR006,,false,true,false
( ai ),3,14,14,D01,3,D01_P003_SEC_1_2_PAR002,,false,true,false
"the us ,",3,14,14,D01,4,D01_P004_SEC_1_3_PAR001,,false,true,false
supply chains .,3,14,14,D01,7,D01_P007_SEC_1_6_PAR010,supply,false,true,false
h 1 fy26,3,14,13,D01,14,D01_P014_SEC_1_17_PAR001,,false,true,false
", indicating that",3,14,14,D01,15,D01_P015_SEC_1_19_PAR001,,false,true,false
", indicating a",3,14,13,D01,17,D01_P017_SEC_1_23_PAR001,,false,true,false
the availability of,3,14,13,D01,18,D01_P018_SEC_1_27_PAR001,,false,true,false
to be a,3,14,14,D01,30,D01_P030_SEC_1_42_PAR001,,true,true,false
". first ,",3,14,14,D01,32,D01_P032_SEC_1_PAR002,,false,true,false
( https :,3,14,9,D01,35,D01_P035_SEC_3_PAR003,,false,true,false
", the scheme",3,14,11,D02,26,D02_BOX013,,false,true,false
the post-pandemic period,3,14,14,D02,1,D02_P001_UNKNOWN_PAR002,,false,true,false
. it has,3,14,14,D02,6,D02_P006_SEC_2_8_PAR002,,false,true,false
reserve bank of,3,14,14,D02,6,D02_P006_SEC_2_9_PAR001,bank;reserve,false,true,false
"similarly , the",3,14,14,D02,10,D02_P010_UNKNOWN_PAR008,,false,true,false
line with the,3,14,13,D02,11,D02_P011_SEC_2_18_PAR001,,false,true,false
as a percentage,3,14,13,D02,12,D02_P012_SEC_2_19_PAR001,,false,true,false
a percentage of,3,14,13,D02,12,D02_P012_SEC_2_19_PAR001,,false,true,false
", 2025 )",3,14,12,D02,23,D02_P023_UNKNOWN_PAR001,,false,true,false
", out of",3,14,14,D02,26,D02_P026_SEC_2_40_PAR001,,false,true,false
"; however ,",3,14,14,D02,26,D02_P026_SEC_2_40_PAR002,,false,true,false
", education ,",3,14,14,D02,29,D02_P029_UNKNOWN_PAR004,,false,true,false
the last decade,3,14,13,D02,36,D02_P036_SEC_2_49_PAR001,,false,true,false
per cent of,3,14,12,D02,41,D02_P041_SEC_2_56_PAR003,,false,true,false
", but as",3,14,14,D03,64,D03_BOX023,,false,true,false
of the financial,3,14,12,D03,2,D03_P002_SEC_3_3_PAR001,financial,false,true,false
doing business for,3,14,12,D03,20,D03_P020_SEC_3_38_PAR001,,false,true,false
a range of,3,14,13,D03,34,D03_P034_SEC_3_63_PAR001,,false,true,false
a shift towards,3,14,14,D03,40,D03_P040_SEC_3_73_PAR002,,false,true,false
with india 's,3,14,14,D03,45,D03_P045_SEC_3_78_PAR002,,false,true,false
"& d ,",3,14,14,D03,49,D03_P049_SEC_3_85_PAR005,,false,true,false
in cy 2024,3,14,12,D03,63,D03_P063_UNKNOWN_PAR004,,false,true,false
the nature of,3,14,14,D04,3,D04_P003_SEC_4_8_PAR001,,false,true,false
world 's largest,3,14,13,D04,23,D04_P023_UNKNOWN_PAR005,,false,true,false
"resilience , and",3,14,14,D04,24,D04_P024_UNKNOWN_PAR002,,false,true,false
) ( second,3,14,14,D04,25,D04_P025_SEC_4_54_PAR001,,false,true,false
( second amendment,3,14,14,D04,25,D04_P025_SEC_4_54_PAR001,,false,true,false
second amendment ),3,14,14,D04,25,D04_P025_SEC_4_54_PAR001,,false,true,false
( 2 ),3,14,12,D06,13,D06_BOX005,,false,true,false
", and (",3,14,12,D06,13,D06_BOX005,,false,true,false
of the population,3,14,12,D06,1,D06_P001_UNKNOWN_PAR002,,false,true,false
across the country,3,14,14,D06,9,D06_P009_SEC_6_15_PAR001,,false,true,false
. to ensure,3,14,14,D06,22,D06_P022_SEC_6_37_PAR001,,false,true,false
is not a,3,14,14,D07,15,D07_BOX007,,true,true,false
"mt ) ,",3,14,2,D07,27,D07_P027_SEC_7_45_PAR002,,false,true,false
", the framework",3,14,12,D08,29,D08_P029_SEC_8_52_PAR006,,false,true,false
from import substitution,3,14,14,D08,45,D08_P045_SEC_8_74_PAR002,import,false,true,false
of sebi (,3,14,12,D21,2,D21_BOX001,,false,true,false
and disclosure requirements,3,14,13,D21,3,D21_P003_SEC_3_1_1_PAR009,,false,true,false
activity and trends,3,14,14,D21,4,D21_P004_SEC_3_1_2_PAR001,,false,true,false
and share transfer,3,14,14,D21,16,D21_P016_SEC_3_4_2_PAR002,,false,true,false
₹crore ) no,3,14,9,D21,5,D21_T001,,false,true,false
"regulations , 2026",3,14,11,D22,33,D22_P033_SEC_4_7_5_PAR004,,false,true,false
before the hon'ble,3,14,10,D28,14,D28_P014_SEC_10_2_2_PAR004,,false,true,false
. it was,3,13,13,D01,18,D01_BOX003,,false,true,false
of the national,3,13,13,D01,21,D01_BOX005,,false,true,false
and access to,3,13,13,D01,21,D01_BOX005,,false,true,false
in the economy,3,13,13,D01,31,D01_BOX007,,false,true,false
the economy 's,3,13,13,D01,31,D01_BOX007,,false,true,false
"this backdrop ,",3,13,13,D01,1,D01_P001_UNKNOWN_PAR003,,false,true,false
in fy26 .,3,13,13,D01,1,D01_P001_UNKNOWN_PAR003,,false,true,false
1 ) .,3,13,12,D01,2,D01_P002_SEC_1_1_PAR001,,false,true,false
led to a,3,13,12,D01,4,D01_P004_SEC_1_5_PAR001,,false,true,false
digital public infrastructure,3,13,13,D01,8,D01_P008_SEC_1_6_PAR003,,false,true,false
performance of the,3,13,13,D01,8,D01_P008_SEC_1_7_PAR001,,false,true,false
", transport ,",3,13,13,D01,9,D01_P009_SEC_1_8_PAR002,,false,true,false
half of the,3,13,13,D01,10,D01_P010_SEC_1_9_PAR001,,false,true,false
", in the",3,13,13,D01,11,D01_P011_SEC_1_11_PAR001,,false,true,false
the corresponding period,3,13,13,D01,12,D01_P012_SEC_1_12_PAR001,,false,true,false
a share of,3,13,12,D01,13,D01_P013_SEC_1_14_PAR001,,false,true,false
", respectively ,",3,13,13,D01,14,D01_P014_SEC_1_15_PAR001,,false,true,false
"by contrast ,",3,13,12,D01,15,D01_P015_SEC_1_17_PAR002,,false,true,false
. based on,3,13,13,D01,21,D01_P021_UNKNOWN_PAR002,,false,true,false
"in parallel ,",3,13,13,D01,22,D01_P022_SEC_1_28_PAR007,,false,true,false
", which has",3,13,13,D01,24,D01_P024_SEC_1_29_PAR001,,false,true,false
has been a,3,13,13,D01,27,D01_P027_SEC_1_34_PAR001,,true,true,false
yoy ) .,3,13,9,D01,27,D01_P027_SEC_1_34_PAR001,,false,true,false
resulting in a,3,13,13,D01,28,D01_P028_SEC_1_36_PAR001,,false,true,false
's external sector,3,13,12,D01,28,D01_P028_SEC_1_38_PAR001,sector,false,true,false
"quality , and",3,13,13,D01,29,D01_P029_SEC_1_40_PAR001,,false,true,false
", where the",3,13,13,D01,31,D01_P031_SEC_1_46_PAR003,,false,true,false
evidence suggests that,3,13,13,D01,32,D01_P032_SEC_1_PAR003,,false,true,false
"transparency , and",3,13,13,D02,16,D02_BOX007,,false,true,false
. the number,3,13,13,D02,28,D02_BOX015,,false,true,false
credit rating agencies,3,13,11,D02,34,D02_BOX017,credit,false,true,false
gdp in the,3,13,10,D02,1,D02_P001_UNKNOWN_PAR003,gdp,false,true,false
", as a",3,13,13,D02,12,D02_P012_SEC_2_19_PAR001,,false,true,false
"fy25 , the",3,13,13,D02,12,D02_P012_SEC_2_20_PAR001,,false,true,false
. this would,3,13,12,D02,13,D02_P013_SEC_2_23_PAR001,,false,true,false
( such as,3,13,12,D02,16,D02_P016_SEC_2_28_PAR001,,false,true,false
( as of,3,13,13,D02,17,D02_P017_UNKNOWN_PAR003,,false,true,false
", so that",3,13,12,D02,30,D02_P030_UNKNOWN_PAR003,,false,true,false
", which have",3,13,13,D02,35,D02_P035_UNKNOWN_PAR001,,false,true,false
", transparency ,",3,13,13,D03,36,D03_BOX013,,false,true,false
"mutual funds ,",3,13,12,D03,1,D03_P001_UNKNOWN_PAR003,,false,true,false
the financial sector,3,13,12,D03,2,D03_P002_SEC_3_2_PAR001,financial;sector,false,true,false
", marking a",3,13,13,D03,4,D03_P004_SEC_3_7_PAR001,,false,true,false
. for example,3,13,13,D03,5,D03_P005_SEC_3_8_PAR002,,false,true,false
"management , and",3,13,13,D03,12,D03_P012_SEC_3_18_PAR001,,false,true,false
"markets , and",3,13,13,D03,12,D03_P012_SEC_3_19_PAR001,markets,false,true,false
", and digital",3,13,13,D03,12,D03_P012_SEC_3_19_PAR001,,false,true,false
the gap between,3,13,13,D03,12,D03_P012_SEC_3_19_PAR001,,false,true,false
", as of",3,13,12,D03,14,D03_P014_SEC_3_22_PAR001,,false,true,false
"the years ,",3,13,13,D03,19,D03_P019_SEC_3_35_PAR001,,false,true,false
the details of,3,13,13,D03,20,D03_P020_SEC_3_41_PAR001,,false,true,false
urban local bodies,3,13,13,D03,28,D03_P028_SEC_3_49_PAR002,,false,true,false
"securities market ,",3,13,13,D03,38,D03_P038_UNKNOWN_PAR004,market;securities,false,true,false
was launched in,3,13,13,D03,42,D03_P042_SEC_3_74_PAR002,,false,true,false
"in 2025 ,",3,13,12,D03,55,D03_P055_SEC_3_99_PAR002,,false,true,false
has emerged as,3,13,13,D03,62,D03_P062_UNKNOWN_PAR001,,false,true,false
", the overall",3,13,12,D04,2,D04_P002_SEC_4_3_PAR001,,false,true,false
in the world,3,13,13,D04,22,D04_P022_SEC_4_50_PAR003,,false,true,false
: ( i,3,13,11,D04,40,D04_P040_SEC_4_81_PAR002,,false,true,false
the government is,3,13,13,D06,2,D06_P002_SEC_6_3_PAR001,,false,true,false
national mission on,3,13,9,D06,2,D06_P002_SEC_6_3_PAR001,,false,true,false
", a total",3,13,13,D06,17,D06_P017_SEC_6_24_PAR001,,false,true,false
. india is,3,13,13,D07,12,D07_BOX003,,false,true,false
"learning , and",3,13,13,D07,22,D07_P022_SEC_7_35_PAR001,,false,true,false
with the objective,3,13,12,D09,23,D09_P023_SEC_9_40_PAR001,,false,true,false
import substitution to,3,13,13,D16,1,D16_P001_UNKNOWN_PAR001,import,false,true,false
substitution to strategic,3,13,13,D16,1,D16_P001_UNKNOWN_PAR001,,false,true,false
disclosure requirements ),3,13,12,D21,3,D21_P003_SEC_3_1_1_PAR009,,false,true,false
"regulations , 2018",3,13,11,D21,3,D21_P003_SEC_3_1_1_PAR009,,false,true,false
and trends observed,3,13,13,D21,4,D21_P004_SEC_3_1_2_PAR001,,false,true,false
issue and share,3,13,13,D21,16,D21_P016_SEC_3_4_2_PAR002,,false,true,false
₹ crore ),3,13,10,D21,11,D21_T009,,false,true,false
accused no .,3,13,4,D28,33,D28_P033_UNKNOWN_PAR004,,false,true,false
value chains .,3,12,12,D01,5,D01_BOX001,,false,true,false
urban areas .,3,12,11,D01,21,D01_BOX005,,false,true,false
growth . the,3,12,12,D01,31,D01_BOX007,growth,false,true,false
", the chapter",3,12,12,D01,1,D01_P001_UNKNOWN_PAR004,,false,true,false
. this was,3,12,12,D01,2,D01_P002_SEC_1_1_PAR001,,false,true,false
is reflected in,3,12,12,D01,2,D01_P002_SEC_1_1_PAR001,,false,true,false
primarily driven by,3,12,12,D01,2,D01_P002_SEC_1_1_PAR001,,false,true,false
". currently ,",3,12,12,D01,8,D01_P008_SEC_1_6_PAR002,,false,true,false
", aiming to",3,12,12,D01,8,D01_P008_SEC_1_6_PAR002,,false,true,false
h 1 of,3,12,11,D01,10,D01_P010_SEC_1_9_PAR001,,false,true,false
be attributed to,3,12,12,D01,11,D01_P011_SEC_1_11_PAR001,,false,true,false
"fy26 , with",3,12,12,D01,12,D01_P012_SEC_1_12_PAR001,,false,true,false
. this trend,3,12,12,D01,14,D01_P014_SEC_1_17_PAR001,,false,true,false
", has been",3,12,12,D01,14,D01_P014_SEC_1_17_PAR001,,false,true,false
expected to be,3,12,12,D01,23,D01_P023_SEC_1_28_PAR008,,false,true,false
at the state,3,12,11,D01,25,D01_P025_SEC_1_31_PAR001,,false,true,false
the current account,3,12,12,D01,27,D01_P027_SEC_1_35_PAR001,account;current,false,true,false
", an increase",3,12,11,D01,28,D01_P028_SEC_1_36_PAR001,,false,true,false
a reduction in,3,12,11,D01,29,D01_P029_SEC_1_41_PAR001,,false,true,false
", access to",3,12,12,D01,30,D01_P030_SEC_1_41_PAR001,,false,true,false
"education , and",3,12,12,D01,30,D01_P030_SEC_1_41_PAR001,,false,true,false
measures such as,3,12,12,D01,30,D01_P030_SEC_1_42_PAR001,,false,true,false
", and public",3,12,12,D01,30,D01_P030_SEC_1_45_PAR001,,false,true,false
", it has",3,12,11,D01,32,D01_P032_SEC_1_PAR002,,false,true,false
"compliance , and",3,12,11,D01,34,D01_P034_SEC_3_PAR002,,false,true,false
recent years .,3,12,12,D01,34,D01_P034_SEC_3_PAR003,,false,true,false
fy16 - fy20,3,12,11,D01,12,D01_T004,,false,true,false
prs legislative research,3,12,11,D02,28,D02_BOX015,,false,true,false
in the indian,3,12,12,D02,39,D02_BOX019,,false,true,false
", rising from",3,12,11,D02,1,D02_P001_UNKNOWN_PAR003,,false,true,false
in fy22 to,3,12,12,D02,1,D02_P001_UNKNOWN_PAR004,,false,true,false
( pa ),3,12,10,D02,3,D02_P003_SEC_2_4_PAR001,,false,true,false
. this includes,3,12,11,D02,4,D02_P004_SEC_2_7_PAR003,,false,true,false
the reserve bank,3,12,12,D02,6,D02_P006_SEC_2_9_PAR001,bank;reserve,false,true,false
a key role,3,12,12,D02,11,D02_P011_SEC_2_18_PAR001,,false,true,false
. this will,3,12,12,D02,14,D02_P014_SEC_2_23_PAR001,,false,true,false
. as on,3,12,11,D02,17,D02_P017_UNKNOWN_PAR004,,false,true,false
states and uts,3,12,11,D02,26,D02_P026_SEC_2_40_PAR001,,false,true,false
the state .,3,12,11,D02,29,D02_P029_UNKNOWN_PAR003,,false,true,false
", health ,",3,12,12,D02,30,D02_P030_UNKNOWN_PAR001,,false,true,false
"productivity , and",3,12,12,D02,30,D02_P030_UNKNOWN_PAR003,productivity,false,true,false
", compared with",3,12,10,D02,35,D02_P035_SEC_2_46_PAR001,,false,true,false
. as the,3,12,12,D02,37,D02_P037_SEC_2_51_PAR001,,false,true,false
this can be,3,12,12,D02,37,D02_P037_UNKNOWN_PAR001,,true,true,false
critical role in,3,12,12,D02,42,D02_P042_SEC_2_56_PAR001,,false,true,false
"collectively , these",3,12,12,D03,42,D03_BOX017,,false,true,false
"( 2025 ,",3,12,8,D03,46,D03_BOX019,,false,true,false
"finance , and",3,12,12,D03,1,D03_P001_UNKNOWN_PAR005,finance,false,true,false
in view of,3,12,12,D03,2,D03_P002_SEC_3_3_PAR001,,false,true,false
"of 31 december 2025 ,",3,12,12,D03,4,D03_P004_SEC_3_7_PAR001,,false,true,false
the ratio of,3,12,10,D03,6,D03_P006_SEC_3_8_PAR005,,false,true,false
sector continues to,3,12,12,D03,16,D03_P016_SEC_3_26_PAR001,sector,false,true,false
. in recent,3,12,12,D03,18,D03_P018_SEC_3_34_PAR001,,false,true,false
"technology , and",3,12,12,D03,25,D03_P025_SEC_3_47_PAR002,,false,true,false
. in such,3,12,12,D03,25,D03_P025_SEC_3_47_PAR004,,false,true,false
", the national",3,12,12,D03,34,D03_P034_SEC_3_60_PAR001,,false,true,false
the provisions of,3,12,11,D03,42,D03_P042_SEC_3_74_PAR002,,false,true,false
", sebi introduced",3,12,12,D03,43,D03_P043_SEC_3_74_PAR007,,false,true,false
real estate investment,3,12,11,D03,45,D03_P045_SEC_3_82_PAR001,investment,false,true,false
in the current,3,12,11,D03,47,D03_P047_SEC_3_85_PAR003,current,false,true,false
. in a,3,12,12,D03,49,D03_P049_SEC_3_85_PAR003,,false,true,false
the total number,3,12,12,D03,59,D03_P059_SEC_3_99_PAR003,,false,true,false
total number of,3,12,12,D03,59,D03_P059_SEC_3_99_PAR003,,false,true,false
", the country",3,12,12,D04,9,D04_P009_SEC_4_20_PAR001,,false,true,false
's ability to,3,12,12,D04,9,D04_P009_SEC_4_22_PAR001,,false,true,false
the potential to,3,12,12,D04,12,D04_P012_SEC_4_31_PAR001,,false,true,false
. this can,3,12,12,D04,19,D04_P019_SEC_4_44_PAR001,,false,true,false
"systems , and",3,12,12,D04,22,D04_P022_UNKNOWN_PAR001,,false,true,false
india 's services,3,12,12,D04,26,D04_P026_SEC_4_56_PAR001,,false,true,false
emerged as the,3,12,12,D04,32,D04_P032_SEC_4_74_PAR001,,false,true,false
. in 2025-26,3,12,12,D05,10,D05_P010_SEC_5_17_PAR001,,false,true,false
and the national,3,12,12,D05,18,D05_P018_SEC_5_33_PAR001,,false,true,false
. this initiative,3,12,12,D06,21,D06_P021_SEC_6_32_PAR001,,false,true,false
of india has,3,12,12,D06,28,D06_P028_SEC_6_50_PAR001,,false,true,false
. the initiative,3,12,12,D08,35,D08_P035_SEC_8_63_PAR003,,false,true,false
( c ),3,12,11,D10,24,D10_P024_SEC_10_58_PAR004,,false,true,false
in accordance with,3,12,11,D14,21,D14_P021_SEC_14_43_PAR001,,false,true,false
ui ai ui,3,12,5,D17,36,D17_P036_UNKNOWN_PAR002,,false,true,false
to increase by,3,12,9,D19,1,D19_P001_UNKNOWN_PAR002,,false,true,false
in 2025-26 .,3,12,12,D19,1,D19_P001_UNKNOWN_PAR004,,false,true,false
reits and invits,3,12,9,D21,11,D21_BOX007,,false,true,false
: to enhance,3,12,12,D21,3,D21_P003_SEC_3_1_1_PAR001,,false,true,false
( ₹ crore,3,12,9,D21,11,D21_T009,,false,true,false
", 2026 (",3,12,12,D21,15,D21_T014,,false,true,false
are given in,3,12,12,D22,12,D22_P012_SEC_4_3_PAR001,,false,true,false
delhi high court,3,12,9,D28,27,D28_P027_UNKNOWN_PAR004,,false,true,false
. this shift,3,11,11,D01,5,D01_BOX001,,false,true,false
economic growth .,3,11,11,D01,5,D01_BOX001,growth,false,true,false
", it was",3,11,11,D01,18,D01_BOX003,,false,true,false
", i.e. ,",3,11,11,D01,21,D01_BOX005,,false,true,false
"1 ) ,",3,11,10,D01,21,D01_BOX005,,false,true,false
in the us,3,11,10,D01,2,D01_P002_SEC_1_1_PAR001,,true,true,false
key driver of,3,11,11,D01,3,D01_P003_SEC_1_2_PAR002,,false,true,false
. this has,3,11,11,D01,3,D01_P003_SEC_1_3_PAR001,,false,true,false
6 ) .,3,11,11,D01,4,D01_P004_SEC_1_5_PAR001,,false,true,false
a source of,3,11,11,D01,6,D01_P006_SEC_1_6_PAR002,,false,true,false
the pace of,3,11,11,D01,6,D01_P006_SEC_1_6_PAR005,,false,true,false
the effectiveness of,3,11,10,D01,8,D01_P008_SEC_1_6_PAR003,,false,true,false
and professional services,3,11,11,D01,9,D01_P009_SEC_1_8_PAR002,,false,true,false
", with its",3,11,11,D01,17,D01_P017_SEC_1_24_PAR001,,false,true,false
as of november 2025,3,11,11,D01,25,D01_P025_SEC_1_31_PAR001,,false,true,false
"years , the",3,11,11,D01,27,D01_P027_SEC_1_35_PAR001,,false,true,false
. while these,3,11,11,D01,30,D01_P030_SEC_1_44_PAR001,,false,true,false
"together , the",3,11,11,D01,31,D01_P031_SEC_1_46_PAR001,,false,true,false
"growth , and",3,11,11,D01,32,D01_P032_SEC_1_46_PAR004,growth,false,true,false
the form of,3,11,11,D01,35,D01_P035_SEC_3_PAR002,,false,true,false
. this chapter,3,11,11,D02,2,D02_P002_SEC_2_2_PAR001,,false,true,false
by the government,3,11,11,D02,4,D02_P004_SEC_2_6_PAR001,,false,true,false
fy25 ( pa,3,11,9,D02,4,D02_P004_SEC_2_7_PAR001,,false,true,false
emerged as a,3,11,11,D02,5,D02_P005_SEC_2_8_PAR001,,false,true,false
union budget 2025-26,3,11,10,D02,6,D02_P006_SEC_2_10_PAR001,budget,false,true,false
a growth of,3,11,10,D02,7,D02_P007_SEC_2_13_PAR001,growth,false,true,false
"standards , and",3,11,11,D02,13,D02_P013_SEC_2_23_PAR001,,false,true,false
") , with",3,11,10,D02,17,D02_P017_UNKNOWN_PAR007,,false,true,false
of the sector,3,11,11,D02,22,D02_P022_SEC_2_35_PAR001,sector,false,true,false
of the state,3,11,11,D02,29,D02_P029_UNKNOWN_PAR003,,false,true,false
previous year (,3,11,10,D02,31,D02_P031_SEC_2_43_PAR001,,false,true,false
over the next,3,11,11,D02,36,D02_P036_SEC_2_48_PAR001,,false,true,false
", japan ,",3,11,11,D02,41,D02_P041_SEC_2_56_PAR002,,false,true,false
role in shaping,3,11,11,D02,42,D02_P042_SEC_2_56_PAR001,,false,true,false
"efficiency , and",3,11,11,D03,21,D03_BOX003,,false,true,false
in the union,3,11,9,D03,36,D03_BOX013,,false,true,false
". collectively ,",3,11,11,D03,42,D03_BOX017,,false,true,false
india 's development,3,11,11,D03,64,D03_BOX023,,false,true,false
view of the,3,11,11,D03,2,D03_P002_SEC_3_3_PAR001,,false,true,false
", and market",3,11,11,D03,8,D03_P008_UNKNOWN_PAR003,market,false,true,false
", and enable",3,11,11,D03,12,D03_P012_SEC_3_19_PAR001,,false,true,false
at the beginning,3,11,10,D03,14,D03_P014_SEC_3_22_PAR001,,false,true,false
the beginning of,3,11,10,D03,14,D03_P014_SEC_3_22_PAR001,,false,true,false
it is also,3,11,11,D03,19,D03_P019_SEC_3_35_PAR001,,true,true,false
financial inclusion and,3,11,11,D03,21,D03_P021_SEC_3_41_PAR002,financial,false,true,false
has also been,3,11,11,D03,27,D03_P027_SEC_3_48_PAR001,,true,true,false
", and more",3,11,11,D03,31,D03_P031_SEC_3_50_PAR003,,false,true,false
a lack of,3,11,11,D03,34,D03_P034_SEC_3_62_PAR001,,false,true,false
. they are,3,11,10,D03,34,D03_P034_SEC_3_64_PAR001,,false,true,false
the mutual fund,3,11,8,D03,39,D03_P039_SEC_3_73_PAR001,,false,true,false
. the share,3,11,11,D03,39,D03_P039_SEC_3_73_PAR002,,false,true,false
relative to the,3,11,10,D03,40,D03_P040_SEC_3_73_PAR003,,false,true,false
"institutions , and",3,11,11,D03,45,D03_P045_SEC_3_79_PAR001,,false,true,false
to invest in,3,11,10,D03,46,D03_P046_SEC_3_83_PAR001,,false,true,false
", there were",3,11,9,D03,55,D03_P055_SEC_3_99_PAR003,,false,true,false
at a cagr,3,11,8,D03,55,D03_P055_SEC_3_99_PAR003,,false,true,false
", but they",3,11,10,D03,65,D03_P065_UNKNOWN_PAR012,,false,true,false
the merchandise trade,3,11,11,D04,1,D04_P001_UNKNOWN_PAR003,trade,false,true,false
", and global",3,11,11,D04,4,D04_P004_SEC_4_9_PAR001,,false,true,false
". instead ,",3,11,11,D04,52,D04_P052_SEC_4_98_PAR001,,false,true,false
the manufacturing sector,3,11,10,D05,14,D05_P014_SEC_5_27_PAR001,sector,false,true,false
"technologies , and",3,11,11,D05,15,D05_P015_SEC_5_27_PAR001,,false,true,false
the nation 's,3,11,11,D06,10,D06_BOX003,,false,true,false
"addition , the",3,11,11,D06,2,D06_P002_SEC_6_3_PAR001,,false,true,false
the national mission,3,11,8,D06,9,D06_P009_SEC_6_15_PAR001,,false,true,false
", and improving",3,11,11,D06,12,D06_P012_SEC_6_19_PAR001,,false,true,false
"the country ,",3,11,11,D06,24,D06_P024_SEC_6_38_PAR004,,false,true,false
the value chain,3,11,11,D07,12,D07_P012_SEC_7_18_PAR001,,false,true,false
with an outlay,3,11,11,D08,13,D08_BOX001,,false,true,false
an outlay of,3,11,11,D08,13,D08_BOX001,,false,true,false
economic survey 2024-25,3,11,11,D08,43,D08_P043_SEC_8_71_PAR002,,false,true,false
", subject to",3,11,11,D09,23,D09_BOX021,,false,true,false
's participation in,3,11,11,D12,5,D12_P005_SEC_12_11_PAR001,,false,true,false
ui ui ai,3,11,5,D17,36,D17_P036_UNKNOWN_PAR005,,false,true,false
for 2025-26 .,3,11,11,D19,1,D19_P001_UNKNOWN_PAR002,,false,true,false
"1 , 2026",3,11,11,D19,1,D19_P001_UNKNOWN_PAR012,,false,true,false
union budget 2026-27,3,11,11,D19,2,D19_P002_UNKNOWN_PAR001,budget,false,true,false
estimates of 2025-26,3,11,9,D19,3,D19_P003_UNKNOWN_PAR002,,false,true,false
in 2026-27 .,3,11,10,D19,3,D19_P003_UNKNOWN_PAR003,,false,true,false
investor education and,3,11,11,D21,9,D21_P009_SEC_3_2_1_PAR007,investor,false,true,false
"regulations , 1992",3,11,9,D21,16,D21_P016_SEC_3_4_1_PAR002,,false,true,false
. of issues,3,11,5,D21,7,D21_T004,,false,true,false
f & o,3,11,8,D22,12,D22_BOX003,,false,true,false
", 1992 .",3,11,10,D22,33,D22_P033_SEC_4_7_5_PAR004,,false,true,false
foreign venture capital,3,11,11,D24,1,D24_P001_UNKNOWN_PAR001,capital;foreign,false,true,false
"sebi , in",3,11,11,D26,7,D26_BOX001,,false,true,false
1 ) (,3,11,6,D26,11,D26_BOX003,,false,true,false
vide order dated,3,11,10,D28,15,D28_P015_SEC_10_2_2_PAR005,,false,true,false
cases filed by,3,11,7,D28,19,D28_P019_UNKNOWN_PAR006,,false,true,false
the official language,3,11,9,D31,10,D31_P010_SEC_13_4_7_PAR001,,false,true,false
", and promoting",3,10,10,D01,5,D01_BOX001,,false,true,false
covid -19 pandemic,3,10,10,D01,18,D01_BOX003,,false,true,false
the possibility of,3,10,10,D01,31,D01_BOX007,,false,true,false
the global economic,3,10,9,D01,1,D01_P001_UNKNOWN_PAR002,,false,true,false
the indian economy,3,10,10,D01,1,D01_P001_UNKNOWN_PAR003,,false,true,false
a key driver,3,10,10,D01,3,D01_P003_SEC_1_2_PAR002,,false,true,false
". globally ,",3,10,10,D01,3,D01_P003_SEC_1_3_PAR001,,false,true,false
4 ) .,3,10,10,D01,4,D01_P004_SEC_1_3_PAR001,,false,true,false
critical minerals and,3,10,10,D01,7,D01_P007_SEC_1_6_PAR004,,false,true,false
"economic growth ,",3,10,10,D01,7,D01_P007_SEC_1_6_PAR006,growth,false,true,false
", services ,",3,10,10,D01,8,D01_P008_SEC_1_6_PAR003,,false,true,false
the performance of,3,10,9,D01,8,D01_P008_SEC_1_7_PAR001,,false,true,false
of the indian,3,10,10,D01,8,D01_P008_SEC_1_7_PAR001,,false,true,false
as reflected in,3,10,10,D01,8,D01_P008_SEC_1_7_PAR001,,false,true,false
"year , with",3,10,10,D01,10,D01_P010_SEC_1_9_PAR001,,false,true,false
. the key,3,10,10,D01,11,D01_P011_SEC_1_11_PAR001,,false,true,false
. this momentum,3,10,10,D01,12,D01_P012_SEC_1_12_PAR001,,false,true,false
agriculture and allied,3,10,8,D01,14,D01_P014_SEC_1_17_PAR001,,false,true,false
a decline in,3,10,10,D01,15,D01_P015_SEC_1_19_PAR001,,false,true,false
. these are,3,10,10,D01,19,D01_P019_UNKNOWN_PAR001,,false,true,false
the evolution of,3,10,10,D01,19,D01_P019_UNKNOWN_PAR004,,false,true,false
) has been,3,10,10,D01,22,D01_P022_SEC_1_28_PAR003,,false,true,false
. the new,3,10,10,D01,22,D01_P022_SEC_1_28_PAR009,,false,true,false
some of the,3,10,10,D01,22,D01_P022_SEC_1_28_PAR010,,true,true,false
driven primarily by,3,10,10,D01,24,D01_P024_SEC_1_29_PAR001,,false,true,false
the growth in,3,10,10,D01,25,D01_P025_SEC_1_30_PAR002,growth,false,true,false
as a share,3,10,9,D01,25,D01_P025_SEC_1_31_PAR001,,false,true,false
", the central",3,10,9,D01,25,D01_P025_SEC_1_31_PAR001,,false,true,false
the state level,3,10,9,D01,25,D01_P025_SEC_1_31_PAR001,,false,true,false
. these measures,3,10,10,D01,26,D01_P026_SEC_1_33_PAR001,,false,true,false
the weighted average,3,10,7,D01,26,D01_P026_SEC_1_33_PAR001,,false,true,false
of the previous,3,10,10,D01,28,D01_P028_SEC_1_36_PAR001,,false,true,false
", which was",3,10,10,D01,28,D01_P028_SEC_1_36_PAR001,,false,true,false
india 's exports,3,10,8,D01,28,D01_P028_SEC_1_38_PAR001,exports,false,true,false
the regulatory framework,3,10,9,D01,29,D01_P029_SEC_1_40_PAR001,regulatory,false,true,false
"initiatives , such",3,10,10,D01,31,D01_P031_SEC_1_46_PAR002,,false,true,false
. these efforts,3,10,10,D01,31,D01_P031_SEC_1_46_PAR002,,false,true,false
india 's capital,3,10,10,D01,32,D01_P032_SEC_1_PAR001,capital,false,true,false
". second ,",3,10,10,D01,32,D01_P032_SEC_1_PAR002,,false,true,false
in the pre-pandemic,3,10,10,D01,33,D01_P033_SEC_1_PAR003,,false,true,false
- fy20 ),3,10,10,D01,33,D01_P033_SEC_1_PAR005,,false,true,false
account for a,3,10,10,D02,28,D02_BOX015,account,false,true,false
: //tinyurl.com/ 3,3,10,9,D02,28,D02_BOX015,,false,true,false
", tamil nadu",3,10,10,D02,28,D02_BOX015,,false,true,false
during periods of,3,10,10,D02,3,D02_P003_SEC_2_3_PAR001,,false,true,false
in fy25 (,3,10,9,D02,4,D02_P004_SEC_2_7_PAR001,,false,true,false
etc . ),3,10,9,D02,9,D02_P009_UNKNOWN_PAR002,,false,true,false
as a global,3,10,10,D02,10,D02_P010_UNKNOWN_PAR009,,false,true,false
play a key,3,10,10,D02,11,D02_P011_SEC_2_18_PAR001,,false,true,false
key role in,3,10,10,D02,11,D02_P011_SEC_2_18_PAR001,,false,true,false
fy26 ( up,3,10,8,D02,13,D02_P013_SEC_2_21_PAR001,,false,true,false
"companies act ,",3,10,9,D02,13,D02_P013_SEC_2_23_PAR001,,false,true,false
to improve the,3,10,10,D02,16,D02_P016_SEC_2_28_PAR001,,false,true,false
"capacity , and",3,10,10,D02,22,D02_P022_SEC_2_33_PAR001,,false,true,false
"on average ,",3,10,10,D02,23,D02_P023_SEC_2_37_PAR001,,false,true,false
is intended to,3,10,10,D02,23,D02_P023_UNKNOWN_PAR001,,false,true,false
revised estimates for,3,10,9,D02,24,D02_P024_SEC_2_38_PAR002,,false,true,false
", uttar pradesh",3,10,10,D02,24,D02_P024_SEC_2_39_PAR002,,false,true,false
", skills ,",3,10,10,D02,29,D02_P029_UNKNOWN_PAR002,,false,true,false
"skills , and",3,10,10,D02,29,D02_P029_UNKNOWN_PAR002,,false,true,false
in this regard,3,10,10,D02,34,D02_P034_UNKNOWN_PAR002,,false,true,false
is crucial for,3,10,10,D02,38,D02_P038_SEC_2_53_PAR001,,false,true,false
"costs , and",3,10,10,D02,42,D02_P042_SEC_2_58_PAR001,,false,true,false
", and enhance",3,10,10,D02,42,D02_P042_SEC_2_58_PAR001,,false,true,false
₹ lakh crore,3,10,5,D02,12,D02_T003,,false,true,false
per cent ),3,10,8,D02,19,D02_T005,,false,true,false
the corporate bond,3,10,10,D03,46,D03_BOX019,bond,false,true,false
doing business .,3,10,9,D03,60,D03_BOX021,,false,true,false
an uncertainty shock,3,10,7,D03,2,D03_P002_SEC_3_4_PAR001,,false,true,false
". finally ,",3,10,10,D03,4,D03_P004_SEC_3_6_PAR001,,false,true,false
impact of the,3,10,9,D03,9,D03_P009_SEC_3_12_PAR001,,false,true,false
the integration of,3,10,10,D03,18,D03_P018_SEC_3_33_PAR001,,false,true,false
. rather than,3,10,10,D03,30,D03_P030_SEC_3_50_PAR004,,false,true,false
and risk management,3,10,10,D03,30,D03_P030_SEC_3_50_PAR006,,false,true,false
facilitate ease of,3,10,10,D03,42,D03_P042_SEC_3_74_PAR001,,false,true,false
. complementing this,3,10,10,D03,42,D03_P042_SEC_3_74_PAR002,,false,true,false
", while also",3,10,10,D03,43,D03_P043_SEC_3_74_PAR003,,false,true,false
. sebi also,3,10,10,D03,43,D03_P043_SEC_3_74_PAR005,,false,true,false
in this sense,3,10,10,D03,47,D03_P047_SEC_3_85_PAR003,,false,true,false
"this sense ,",3,10,10,D03,47,D03_P047_SEC_3_85_PAR003,,false,true,false
the extent of,3,10,9,D03,47,D03_P047_SEC_3_85_PAR006,,false,true,false
mutual funds and,3,10,10,D03,51,D03_P051_SEC_3_90_PAR001,,false,true,false
it is essential,3,10,10,D03,55,D03_P055_SEC_3_99_PAR001,,false,true,false
a wide range,3,10,10,D03,55,D03_P055_SEC_3_99_PAR003,,false,true,false
wide range of,3,10,10,D03,55,D03_P055_SEC_3_99_PAR003,,false,true,false
central and state,3,10,10,D03,55,D03_P055_SEC_3_99_PAR003,,false,true,false
continues to be,3,10,10,D03,57,D03_P057_SEC_3_99_PAR002,,false,true,false
a vital role,3,10,10,D04,2,D04_P002_SEC_4_4_PAR001,,false,true,false
vital role in,3,10,10,D04,2,D04_P002_SEC_4_4_PAR001,,false,true,false
crude oil prices,3,10,10,D04,10,D04_P010_SEC_4_23_PAR001,oil,false,true,false
in respect of,3,10,8,D04,21,D04_P021_SEC_4_47_PAR001,,false,true,false
of the most,3,10,10,D04,21,D04_P021_SEC_4_50_PAR001,,true,true,false
crucial role in,3,10,10,D04,26,D04_P026_SEC_4_56_PAR001,,false,true,false
of the world,3,10,10,D04,28,D04_P028_SEC_4_60_PAR001,,false,true,false
a need to,3,10,10,D04,39,D04_P039_SEC_4_80_PAR001,,false,true,false
", productivity ,",3,10,10,D04,57,D04_P057_UNKNOWN_PAR001,productivity,false,true,false
"competitiveness , and",3,10,10,D04,57,D04_P057_UNKNOWN_PAR003,,false,true,false
the financial year,3,10,9,D05,5,D05_P005_SEC_5_8_PAR001,financial,false,true,false
", ( ii",3,10,9,D05,12,D05_P012_SEC_5_21_PAR001,,false,true,false
. this creates,3,10,10,D06,23,D06_BOX009,,false,true,false
private sector participation,3,10,10,D06,9,D06_P009_SEC_6_15_PAR001,sector,false,true,false
", among others",3,10,10,D06,10,D06_P010_SEC_6_16_PAR002,,false,true,false
. the portal,3,10,9,D06,17,D06_P017_SEC_6_24_PAR001,,false,true,false
under the scheme,3,10,10,D06,18,D06_P018_SEC_6_26_PAR001,,false,true,false
underscoring the need,3,10,10,D06,19,D06_P019_SEC_6_26_PAR002,,false,true,false
", a comprehensive",3,10,10,D06,20,D06_P020_SEC_6_31_PAR001,,false,true,false
. a total,3,10,10,D06,26,D06_P026_SEC_6_43_PAR001,,false,true,false
public and private,3,10,10,D06,33,D06_P033_SEC_6_61_PAR002,,false,true,false
", finance ,",3,10,10,D07,3,D07_P003_SEC_7_6_PAR002,finance,false,true,false
same period (,3,10,10,D07,8,D07_P008_SEC_7_13_PAR001,,false,true,false
social and economic,3,10,10,D07,17,D07_P017_SEC_7_22_PAR005,,false,true,false
"rural areas ,",3,10,9,D07,27,D07_P027_SEC_7_47_PAR001,,false,true,false
. the objective,3,10,10,D08,13,D08_BOX001,,false,true,false
india 's industrial,3,10,10,D08,20,D08_BOX007,,false,true,false
the state 's,3,10,10,D09,8,D09_P008_SEC_9_17_PAR003,,false,true,false
"2025 , from",3,10,5,D10,18,D10_BOX005,,false,true,false
women 's participation,3,10,10,D12,5,D12_P005_SEC_12_11_PAR001,,false,true,false
of state capacity,3,10,10,D16,1,D16_P001_UNKNOWN_PAR002,,false,true,false
ai ui ui,3,10,6,D17,36,D17_P036_UNKNOWN_PAR005,,false,true,false
than the revised,3,10,9,D19,1,D19_P001_UNKNOWN_PAR001,,false,true,false
estimate for 2025-26,3,10,9,D19,1,D19_P001_UNKNOWN_PAR002,,false,true,false
in 2026-27 is,3,10,9,D19,1,D19_P001_UNKNOWN_PAR004,,false,true,false
"february 1 ,",3,10,10,D19,1,D19_P001_UNKNOWN_PAR018,,false,true,false
revised estimates of,3,10,9,D19,3,D19_P003_UNKNOWN_PAR002,,false,true,false
middle east conflict,3,10,9,D20,4,D20_P004_II_PAR001,,false,true,false
. 2  market activity,3,10,10,D21,4,D21_P004_SEC_3_1_2_PAR001,,false,true,false
2  market activity and,3,10,10,D21,4,D21_P004_SEC_3_1_2_PAR001,,false,true,false
share transfer agent,3,10,9,D21,16,D21_P016_SEC_3_4_2_PAR002,,false,true,false
no . amount,3,10,5,D21,5,D21_T001,,false,true,false
. amount (,3,10,5,D21,5,D21_T001,,false,true,false
of issues amount,3,10,4,D21,7,D21_T004,,false,true,false
issues amount (,3,10,4,D21,7,D21_T004,,false,true,false
stock exchanges and,3,10,9,D21,15,D21_T014,,false,true,false
a member of,3,10,8,D22,35,D22_BOX007,,false,true,false
indian securities market,3,10,10,D22,1,D22_P001_UNKNOWN_PAR001,market;securities,false,true,false
period ( table,3,10,10,D22,4,D22_P004_SEC_4_1_1_PAR001,,false,true,false
year ( table,3,10,10,D22,5,D22_P005_SEC_4_1_1_PAR002,,false,true,false
the stock exchanges,3,10,9,D22,13,D22_P013_SEC_4_3_1_PAR013,,false,true,false
master circular for,3,10,6,D22,33,D22_P033_SEC_4_7_5_PAR008,,false,true,false
under section 4,3,10,6,D22,36,D22_P036_SEC_4_8_2_PAR005,,false,true,false
31 - mar,3,10,1,D22,37,D22_T039,,false,true,false
venture capital investors,3,10,10,D24,1,D24_P001_SEC_6_1_PAR003,capital;investors,false,true,false
"of sebi ,",3,10,10,D26,2,D26_P002_SEC_8_1_PAR048,,false,true,false
", 2025 in",3,10,10,D26,8,D26_P008_SEC_8_1_6_PAR008,,false,true,false
) of sebi,3,10,9,D28,2,D28_P002_SEC_10_1_2_PAR001,,false,true,false
of sebi act,3,10,8,D28,2,D28_P002_SEC_10_1_2_PAR001,,false,true,false
hon'ble delhi high,3,10,7,D28,27,D28_P027_UNKNOWN_PAR004,,false,true,false
requirements ) (,3,10,10,D28,35,D28_P035_UNKNOWN_PAR006,,false,true,false
cases pending at,3,10,5,D28,7,D28_T007,,false,true,false
cases older than,3,10,5,D28,7,D28_T007,,false,true,false
than 2 yea,3,10,5,D28,7,D28_T007,,false,true,false
section 4 (,3,10,5,D31,1,D31_P001_SEC_13_1_PAR001,,false,true,false
4 ( 1,3,10,5,D31,1,D31_P001_SEC_13_1_PAR001,,false,true,false
during the first,3,9,9,D01,1,D01_P001_UNKNOWN_PAR004,,false,true,false
half of fy26,3,9,8,D01,1,D01_P001_UNKNOWN_PAR004,,false,true,false
. since the,3,9,9,D01,2,D01_P002_SEC_1_1_PAR001,,false,true,false
the us and,3,9,9,D01,2,D01_P002_SEC_1_1_PAR001,,true,true,false
is projected to,3,9,9,D01,2,D01_P002_SEC_1_1_PAR001,,false,true,false
has led to,3,9,9,D01,3,D01_P003_SEC_1_3_PAR001,,false,true,false
on account of,3,9,9,D01,4,D01_P004_SEC_1_5_PAR001,account,false,true,false
foreign direct investment,3,9,9,D01,4,D01_P004_SEC_1_5_PAR001,foreign;investment,false,true,false
. the global,3,9,9,D01,5,D01_P005_SEC_1_6_PAR001,,false,true,false
"the pandemic ,",3,9,9,D01,6,D01_P006_SEC_1_6_PAR002,,false,true,false
"investment , and",3,9,9,D01,6,D01_P006_SEC_1_6_PAR006,investment,false,true,false
as a strategic,3,9,9,D01,6,D01_P006_SEC_1_6_PAR007,,false,true,false
over the previous,3,9,9,D01,8,D01_P008_SEC_1_6_PAR003,,false,true,false
", and long-term",3,9,9,D01,8,D01_P008_SEC_1_6_PAR003,,false,true,false
. against this,3,9,9,D01,8,D01_P008_SEC_1_7_PAR001,,false,true,false
", as reflected",3,9,9,D01,9,D01_P009_SEC_1_8_PAR002,,false,true,false
capital formation .,3,9,9,D01,9,D01_P009_SEC_1_8_PAR002,capital,false,true,false
has continued to,3,9,9,D01,12,D01_P012_SEC_1_12_PAR001,,false,true,false
public capital expenditure,3,9,9,D01,12,D01_P012_SEC_1_12_PAR001,capital;expenditure,false,true,false
to provide a,3,9,9,D01,13,D01_P013_SEC_1_14_PAR001,,false,true,false
"united states ,",3,9,9,D01,14,D01_P014_SEC_1_15_PAR001,,false,true,false
are estimated to,3,9,9,D01,14,D01_P014_SEC_1_17_PAR001,,false,true,false
the second half,3,9,9,D01,15,D01_P015_SEC_1_18_PAR001,,false,true,false
the growth of,3,9,9,D01,16,D01_P016_SEC_1_20_PAR001,growth,false,true,false
5 ) .,3,9,9,D01,16,D01_P016_SEC_1_22_PAR001,,false,true,false
. within the,3,9,9,D01,18,D01_P018_SEC_1_25_PAR001,,false,true,false
. given the,3,9,9,D01,18,D01_P018_SEC_1_27_PAR001,,false,true,false
as follows :,3,9,9,D01,19,D01_P019_UNKNOWN_PAR003,,false,true,false
. these initiatives,3,9,9,D01,21,D01_P021_SEC_1_28_PAR001,,false,true,false
in the context,3,9,9,D01,24,D01_P024_SEC_1_29_PAR001,,false,true,false
the context of,3,9,9,D01,24,D01_P024_SEC_1_29_PAR001,,false,true,false
in absolute terms,3,9,9,D01,24,D01_P024_SEC_1_30_PAR001,,false,true,false
personal income tax,3,9,8,D01,25,D01_P025_SEC_1_30_PAR002,income;tax,false,true,false
. the central,3,9,9,D01,25,D01_P025_SEC_1_31_PAR001,,false,true,false
central government 's,3,9,8,D01,25,D01_P025_SEC_1_31_PAR001,,false,true,false
the banking sector,3,9,9,D01,26,D01_P026_SEC_1_33_PAR001,banking;sector,false,true,false
", alongside a",3,9,9,D01,27,D01_P027_SEC_1_34_PAR001,,false,true,false
countries such as,3,9,9,D01,28,D01_P028_SEC_1_36_PAR001,,false,true,false
over the medium,3,9,9,D01,28,D01_P028_SEC_1_37_PAR001,,false,true,false
the medium term,3,9,9,D01,28,D01_P028_SEC_1_38_PAR001,,false,true,false
in the labour,3,9,8,D01,28,D01_P028_SEC_1_39_PAR001,,false,true,false
labour force participation,3,9,8,D01,29,D01_P029_SEC_1_39_PAR002,,false,true,false
gig and platform,3,9,9,D01,29,D01_P029_SEC_1_40_PAR001,,false,true,false
incentive ( pli,3,9,9,D01,31,D01_P031_SEC_1_46_PAR002,,false,true,false
( pli ),3,9,9,D01,31,D01_P031_SEC_1_46_PAR002,,false,true,false
pre-pandemic period (,3,9,9,D01,33,D01_P033_SEC_1_PAR005,,false,true,false
and service delivery,3,9,9,D01,34,D01_P034_SEC_3_PAR002,,false,true,false
. this reflects,3,9,9,D01,34,D01_P034_SEC_3_PAR003,,false,true,false
in the form,3,9,9,D01,35,D01_P035_SEC_3_PAR002,,false,true,false
( fy16 -,3,9,9,D01,12,D01_T004,,false,true,false
share of the,3,9,9,D02,28,D02_BOX015,,false,true,false
of the central,3,9,9,D02,34,D02_BOX017,,false,true,false
the centre 's,3,9,9,D02,1,D02_P001_UNKNOWN_PAR003,,false,true,false
from an average,3,9,7,D02,1,D02_P001_UNKNOWN_PAR003,,false,true,false
of the fiscal,3,9,8,D02,2,D02_P002_SEC_2_2_PAR001,fiscal,false,true,false
the value of,3,9,9,D02,3,D02_P003_SEC_2_3_PAR001,,false,true,false
during this period,3,9,9,D02,3,D02_P003_SEC_2_4_PAR001,,false,true,false
in an environment,3,9,9,D02,4,D02_P004_SEC_2_5_PAR001,,false,true,false
needs to be,3,9,9,D02,4,D02_P004_SEC_2_5_PAR001,,false,true,false
. in parallel,3,9,9,D02,8,D02_P008_SEC_2_15_PAR001,,false,true,false
india 's climate,3,9,9,D02,10,D02_P010_UNKNOWN_PAR008,,false,true,false
the viksit bharat,3,9,9,D02,10,D02_P010_UNKNOWN_PAR009,,false,true,false
", in line",3,9,9,D02,11,D02_P011_SEC_2_18_PAR001,,false,true,false
the companies act,3,9,7,D02,13,D02_P013_SEC_2_23_PAR001,,false,true,false
) for the,3,9,8,D02,15,D02_P015_SEC_2_26_PAR002,,false,true,false
in india is,3,9,8,D02,17,D02_P017_UNKNOWN_PAR006,,false,true,false
jal jeevan mission,3,9,8,D02,18,D02_P018_SEC_2_29_PAR001,,false,true,false
", more than",3,9,9,D02,21,D02_P021_SEC_2_33_PAR001,,false,true,false
the flow of,3,9,9,D02,22,D02_P022_SEC_2_33_PAR001,,false,true,false
. a key,3,9,9,D02,24,D02_P024_SEC_2_38_PAR001,,false,true,false
out of the,3,9,9,D02,26,D02_P026_SEC_2_40_PAR001,,true,true,false
15 ) .,3,9,9,D02,27,D02_P027_SEC_2_41_PAR001,,false,true,false
", not just",3,9,9,D02,30,D02_P030_UNKNOWN_PAR001,,false,true,false
will depend on,3,9,9,D02,30,D02_P030_UNKNOWN_PAR003,,false,true,false
"tamil nadu ,",3,9,9,D02,32,D02_P032_SEC_2_43_PAR003,,false,true,false
it is important,3,9,8,D02,34,D02_P034_UNKNOWN_PAR001,,false,true,false
", and it",3,9,9,D02,34,D02_P034_UNKNOWN_PAR001,,false,true,false
an overview of,3,9,9,D02,37,D02_P037_SEC_2_51_PAR001,,false,true,false
recommendations of the,3,9,9,D02,42,D02_P042_SEC_2_56_PAR001,,false,true,false
lakh crore ),3,9,4,D02,12,D02_T003,,false,true,false
( per cent,3,9,7,D02,19,D02_T005,,false,true,false
. the world,3,9,9,D03,21,D03_BOX003,,false,true,false
", insurance ,",3,9,9,D03,21,D03_BOX003,,false,true,false
use of ai,3,9,9,D03,21,D03_BOX003,,false,true,false
: //tinyurl.com/ 5,3,9,8,D03,27,D03_BOX009,,false,true,false
collaboration with the,3,9,9,D03,29,D03_BOX011,,false,true,false
announced in the,3,9,7,D03,36,D03_BOX013,,false,true,false
investor protection .,3,9,9,D03,42,D03_BOX017,investor,false,true,false
of the securities,3,9,9,D03,42,D03_BOX017,securities,false,true,false
investor protection and,3,9,9,D03,42,D03_BOX017,investor,false,true,false
with a view,3,9,9,D03,60,D03_BOX021,,false,true,false
a view to,3,9,9,D03,60,D03_BOX021,,false,true,false
. in response,3,9,9,D03,1,D03_P001_UNKNOWN_PAR002,,false,true,false
to meet the,3,9,9,D03,1,D03_P001_UNKNOWN_PAR005,,false,true,false
"sector , the",3,9,9,D03,2,D03_P002_SEC_3_3_PAR001,sector,false,true,false
) . a,3,9,9,D03,3,D03_P003_SEC_3_6_PAR001,,false,true,false
to the commercial,3,9,6,D03,10,D03_P010_SEC_3_13_PAR001,,false,true,false
the commercial sector,3,9,6,D03,10,D03_P010_SEC_3_13_PAR001,sector,false,true,false
the increase in,3,9,8,D03,10,D03_P010_SEC_3_13_PAR001,,false,true,false
along with the,3,9,8,D03,11,D03_P011_SEC_3_15_PAR001,,false,true,false
as of september 2025,3,9,6,D03,13,D03_P013_SEC_3_20_PAR001,,false,true,false
has increased from,3,9,8,D03,13,D03_P013_SEC_3_21_PAR001,,false,true,false
of agriculture and,3,9,6,D03,15,D03_P015_SEC_3_25_PAR001,,false,true,false
gold and silver,3,9,7,D03,16,D03_P016_SEC_3_27_PAR001,,false,true,false
the sector .,3,9,9,D03,16,D03_P016_SEC_3_27_PAR001,sector,false,true,false
annual growth rate,3,9,9,D03,16,D03_P016_SEC_3_28_PAR001,growth;rate,false,true,false
growth rate (,3,9,9,D03,16,D03_P016_SEC_3_28_PAR001,growth;rate,false,true,false
", and governance",3,9,9,D03,22,D03_P022_SEC_3_41_PAR007,,false,true,false
in the sector,3,9,7,D03,23,D03_P023_SEC_3_45_PAR001,sector,false,true,false
. building on,3,9,9,D03,27,D03_P027_SEC_3_49_PAR001,,false,true,false
is associated with,3,9,9,D03,30,D03_P030_SEC_3_50_PAR003,,false,true,false
the proportion of,3,9,8,D03,32,D03_P032_SEC_3_56_PAR001,,false,true,false
"processes , and",3,9,9,D03,34,D03_P034_SEC_3_62_PAR001,,false,true,false
a framework for,3,9,9,D03,34,D03_P034_SEC_3_63_PAR001,,false,true,false
"by sebi ,",3,9,9,D03,35,D03_P035_SEC_3_67_PAR001,,false,true,false
small and medium,3,9,9,D03,36,D03_P036_SEC_3_70_PAR001,,false,true,false
and ease of,3,9,9,D03,37,D03_P037_SEC_3_71_PAR002,,false,true,false
"stock exchanges ,",3,9,9,D03,38,D03_P038_UNKNOWN_PAR003,,false,true,false
mutual fund industry,3,9,8,D03,39,D03_P039_SEC_3_73_PAR001,industry,false,true,false
", enabling the",3,9,9,D03,42,D03_P042_SEC_3_74_PAR002,,false,true,false
were permitted to,3,9,9,D03,43,D03_P043_SEC_3_74_PAR005,,false,true,false
with a total,3,9,9,D03,45,D03_P045_SEC_3_79_PAR001,,false,true,false
", mutual funds",3,9,9,D03,45,D03_P045_SEC_3_79_PAR001,,false,true,false
india 's manufacturing,3,9,9,D03,46,D03_P046_SEC_3_84_PAR001,,false,true,false
", and regulatory",3,9,9,D03,46,D03_P046_SEC_3_84_PAR001,regulatory,false,true,false
regulatory framework for,3,9,7,D03,53,D03_P053_SEC_3_96_PAR001,regulatory,false,true,false
expected to increase,3,9,7,D03,55,D03_P055_SEC_3_99_PAR001,,false,true,false
", india is",3,9,9,D03,58,D03_P058_SEC_3_99_PAR002,,false,true,false
cy 2024 .,3,9,8,D03,63,D03_P063_UNKNOWN_PAR004,,false,true,false
banks and nbfcs,3,9,9,D03,63,D03_P063_UNKNOWN_PAR004,banks,false,true,false
and the need,3,9,9,D03,63,D03_P063_UNKNOWN_PAR005,,false,true,false
a structural shift,3,9,9,D04,1,D04_P001_UNKNOWN_PAR002,,false,true,false
", technology ,",3,9,9,D04,4,D04_P004_SEC_4_8_PAR001,,false,true,false
india is the,3,9,9,D04,12,D04_P012_SEC_4_30_PAR001,,false,true,false
is the world,3,9,9,D04,12,D04_P012_SEC_4_30_PAR001,,false,true,false
"conversely , the",3,9,9,D04,17,D04_P017_UNKNOWN_PAR004,,false,true,false
the country is,3,9,9,D04,19,D04_P019_SEC_4_44_PAR004,,false,true,false
"2025 , the",3,9,8,D04,25,D04_P025_SEC_4_54_PAR001,,false,true,false
a crucial role,3,9,9,D04,26,D04_P026_SEC_4_56_PAR001,,false,true,false
", and professional",3,9,9,D04,26,D04_P026_SEC_4_57_PAR001,,false,true,false
as the world,3,9,9,D04,29,D04_P029_SEC_4_64_PAR001,,false,true,false
india 's growth,3,9,9,D04,30,D04_P030_SEC_4_66_PAR001,growth,false,true,false
it is not,3,9,9,D04,37,D04_P037_SEC_4_80_PAR014,,true,true,false
", thereby enhancing",3,9,9,D04,38,D04_P038_SEC_4_80_PAR005,,false,true,false
", but a",3,9,9,D04,51,D04_P051_SEC_4_97_PAR005,,false,true,false
", by contrast",3,9,8,D04,53,D04_P053_SEC_4_99_PAR012,,false,true,false
in a world,3,9,9,D04,57,D04_P057_UNKNOWN_PAR004,,false,true,false
"previous year ,",3,9,9,D05,10,D05_P010_SEC_5_17_PAR001,,false,true,false
in urban areas,3,9,9,D05,15,D05_P015_SEC_5_30_PAR001,,false,true,false
the national average,3,9,4,D05,18,D05_P018_SEC_5_33_PAR001,,false,true,false
( 3 ),3,9,9,D06,13,D06_BOX005,,false,true,false
the scale of,3,9,9,D06,23,D06_BOX009,,false,true,false
supported by the,3,9,9,D06,1,D06_P001_UNKNOWN_PAR002,,false,true,false
"uttar pradesh ,",3,9,9,D06,6,D06_P006_SEC_6_12_PAR001,,false,true,false
the goal of,3,9,9,D06,9,D06_P009_SEC_6_15_PAR001,,false,true,false
", aims to",3,9,8,D06,12,D06_P012_SEC_6_19_PAR001,,false,true,false
"the scheme ,",3,9,9,D06,18,D06_P018_SEC_6_26_PAR001,,false,true,false
) under the,3,9,9,D06,22,D06_P022_SEC_6_35_PAR001,,false,true,false
"logistics , and",3,9,9,D06,32,D06_P032_SEC_6_59_PAR001,,false,true,false
the state to,3,9,8,D07,15,D07_BOX007,,false,true,false
of services in,3,9,8,D07,3,D07_P003_SEC_7_6_PAR002,,false,true,false
rural areas .,3,9,9,D07,8,D07_P008_SEC_7_13_PAR004,,false,true,false
to play a,3,9,9,D07,24,D07_P024_SEC_7_40_PAR001,,false,true,false
of the scheme,3,9,8,D08,13,D08_BOX001,,false,true,false
in case of,3,9,9,D08,13,D08_BOX001,,false,true,false
"capacity building ,",3,9,9,D08,17,D08_BOX005,,false,true,false
3 rd in,3,9,2,D08,24,D08_BOX011,,false,true,false
and medium enterprises,3,9,9,D08,34,D08_BOX019,,false,true,false
"micro , small",3,9,9,D08,36,D08_BOX021,,false,true,false
but as a,3,9,9,D08,42,D08_BOX027,,true,true,false
the launch of,3,9,9,D08,18,D08_P018_SEC_8_37_PAR001,,false,true,false
2025-26 . the,3,9,9,D08,19,D08_P019_SEC_8_41_PAR001,,false,true,false
the purpose of,3,9,9,D08,27,D08_P027_SEC_8_52_PAR001,,false,true,false
improving access to,3,9,9,D08,37,D08_P037_SEC_8_66_PAR003,,false,true,false
be treated as,3,9,9,D09,5,D09_P005_SEC_9_15_PAR001,,false,true,false
state capacity is,3,9,9,D10,35,D10_BOX017,,false,true,false
", but to",3,9,9,D10,4,D10_P004_SEC_10_8_PAR001,,false,true,false
", the state",3,9,8,D10,10,D10_P010_SEC_10_28_PAR001,,false,true,false
to make the,3,9,8,D10,19,D10_P019_SEC_10_46_PAR002,,false,true,false
india 's ai,3,9,8,D14,18,D14_BOX005,,false,true,false
▪ the rbi,3,9,9,D18,2,D18_P002_II_PAR001,,false,true,false
revised estimate for,3,9,8,D19,1,D19_P001_UNKNOWN_PAR002,,false,true,false
the 16 th,3,9,8,D19,5,D19_P005_UNKNOWN_PAR006,,false,true,false
"1 , 2025",3,9,9,D21,3,D21_P003_SEC_3_1_1_PAR008,,false,true,false
"regulations , 2015",3,9,7,D21,3,D21_P003_SEC_3_1_1_PAR009,,false,true,false
"2026 , there",3,9,7,D21,16,D21_P016_SEC_3_4_2_PAR003,,false,true,false
an issue and,3,9,9,D21,16,D21_P016_SEC_3_4_2_PAR003,,false,true,false
beginning of the,3,9,8,D21,14,D21_T011,,false,true,false
: as on,3,9,8,D22,13,D22_P013_SEC_4_3_2_PAR002,,false,true,false
number of registered,3,9,8,D22,29,D22_P029_SEC_4_7_2_PAR001,,false,true,false
to enhance ease,3,9,9,D22,32,D22_P032_SEC_4_7_5_PAR002,,false,true,false
enhance ease of,3,9,9,D22,32,D22_P032_SEC_4_7_5_PAR002,,false,true,false
for stock brokers,3,9,6,D22,32,D22_P032_SEC_4_7_5_PAR002,,false,true,false
sebi ( stock,3,9,3,D22,33,D22_P033_SEC_4_7_5_PAR004,,false,true,false
of the investor,3,9,9,D23,1,D23_P001_SEC_5_1_PAR001,investor,false,true,false
foreign portfolio investors,3,9,9,D24,1,D24_P001_SEC_6_1_PAR002,foreign;investors,false,true,false
miis and amfi,3,9,9,D26,7,D26_BOX001,,false,true,false
filed by sebi,3,9,9,D28,8,D28_P008_SEC_10_1_4_PAR002,,false,true,false
violation of the,3,9,9,D28,25,D28_P025_UNKNOWN_PAR005,,false,true,false
under section 24,3,9,9,D28,33,D28_P033_UNKNOWN_PAR003,,false,true,false
section 24 (,3,9,9,D28,33,D28_P033_UNKNOWN_PAR003,,false,true,false
. of entities,3,9,6,D28,4,D28_T002,,false,true,false
filed disposed pending,3,9,5,D28,18,D28_T037,,false,true,false
"chairman , sebi",3,9,8,D29,3,D29_P003_III_PAR009,,false,true,false
the staff members,3,9,6,D31,2,D31_P002_SEC_13_4_1_PAR002,,false,true,false
official language policy,3,9,8,D31,10,D31_P010_SEC_13_4_7_PAR001,policy,false,true,false
", and that",3,8,8,D01,18,D01_BOX003,,false,true,false
largely driven by,3,8,8,D01,1,D01_P001_UNKNOWN_PAR003,,false,true,false
a balance between,3,8,8,D01,1,D01_P001_UNKNOWN_PAR005,balance,false,true,false
for the year,3,8,7,D01,2,D01_P002_SEC_1_1_PAR001,,false,true,false
. for the,3,8,8,D01,2,D01_P002_SEC_1_1_PAR001,,false,true,false
artificial intelligence (,3,8,8,D01,3,D01_P003_SEC_1_2_PAR002,,false,true,false
intelligence ( ai,3,8,8,D01,3,D01_P003_SEC_1_2_PAR002,,false,true,false
expected to remain,3,8,8,D01,3,D01_P003_SEC_1_2_PAR002,,false,true,false
", coupled with",3,8,8,D01,4,D01_P004_SEC_1_5_PAR001,,false,true,false
", investment ,",3,8,8,D01,6,D01_P006_SEC_1_6_PAR006,investment,false,true,false
", and in",3,8,8,D01,7,D01_P007_SEC_1_6_PAR006,,false,true,false
the fiscal deficit,3,8,7,D01,8,D01_P008_SEC_1_6_PAR002,deficit;fiscal,false,true,false
areas such as,3,8,8,D01,8,D01_P008_SEC_1_6_PAR003,,false,true,false
is central to,3,8,8,D01,8,D01_P008_SEC_1_6_PAR003,,false,true,false
assessment of the,3,8,7,D01,8,D01_P008_SEC_1_7_PAR001,,false,true,false
. the following,3,8,8,D01,9,D01_P009_SEC_1_8_PAR002,,false,true,false
"fy26 , the",3,8,8,D01,10,D01_P010_SEC_1_9_PAR001,,false,true,false
its share in,3,8,8,D01,10,D01_P010_SEC_1_9_PAR001,,false,true,false
". moreover ,",3,8,8,D01,10,D01_P010_SEC_1_9_PAR001,,false,true,false
attributed to the,3,8,8,D01,11,D01_P011_SEC_1_11_PAR001,,false,true,false
", these developments",3,8,8,D01,12,D01_P012_SEC_1_12_PAR001,,false,true,false
"in particular ,",3,8,8,D01,13,D01_P013_SEC_1_13_PAR001,,false,true,false
in the same,3,8,8,D01,13,D01_P013_SEC_1_14_PAR001,,false,true,false
for more than,3,8,8,D01,14,D01_P014_SEC_1_17_PAR001,,true,true,false
in the second,3,8,7,D01,15,D01_P015_SEC_1_18_PAR001,,false,true,false
terms of trade,3,8,8,D01,15,D01_P015_SEC_1_19_PAR001,trade,false,true,false
remained broadly stable,3,8,8,D01,15,D01_P015_SEC_1_19_PAR001,stable,false,true,false
is supported by,3,8,8,D01,16,D01_P016_SEC_1_20_PAR001,,false,true,false
. the sector,3,8,8,D01,16,D01_P016_SEC_1_20_PAR001,sector,false,true,false
", lower than",3,8,8,D01,16,D01_P016_SEC_1_20_PAR001,,false,true,false
"1 fy26 ,",3,8,7,D01,17,D01_P017_SEC_1_24_PAR001,,false,true,false
. the state,3,8,8,D01,19,D01_P019_UNKNOWN_PAR004,,false,true,false
a small number,3,8,8,D01,20,D01_P020_UNKNOWN_PAR002,,false,true,false
small number of,3,8,8,D01,20,D01_P020_UNKNOWN_PAR002,,false,true,false
most of the,3,8,8,D01,20,D01_P020_UNKNOWN_PAR002,,true,true,false
underscores the importance,3,8,8,D01,21,D01_P021_SEC_1_28_PAR001,,false,true,false
has been revised,3,8,8,D01,22,D01_P022_SEC_1_28_PAR003,,false,true,false
in 2025 .,3,8,8,D01,22,D01_P022_SEC_1_28_PAR004,,false,true,false
states and union,3,8,7,D01,22,D01_P022_SEC_1_28_PAR007,,false,true,false
and union territories,3,8,7,D01,22,D01_P022_SEC_1_28_PAR007,,false,true,false
", and is",3,8,8,D01,23,D01_P023_SEC_1_28_PAR003,,false,true,false
( as on,3,8,8,D01,24,D01_P024_SEC_1_30_PAR001,,false,true,false
"of november 2025 ,",3,8,8,D01,25,D01_P025_SEC_1_31_PAR001,,false,true,false
across the economy,3,8,8,D01,26,D01_P026_SEC_1_32_PAR001,,false,true,false
s & p,3,8,8,D01,26,D01_P026_SEC_1_32_PAR001,,false,true,false
these measures have,3,8,8,D01,26,D01_P026_SEC_1_33_PAR001,,false,true,false
the banking system,3,8,8,D01,26,D01_P026_SEC_1_33_PAR001,banking,false,true,false
there has been,3,8,8,D01,27,D01_P027_SEC_1_34_PAR001,,true,true,false
india 's total,3,8,7,D01,27,D01_P027_SEC_1_35_PAR001,,false,true,false
the trends in,3,8,8,D01,27,D01_P027_SEC_1_35_PAR001,,false,true,false
merchandise trade deficit,3,8,8,D01,27,D01_P027_SEC_1_35_PAR001,deficit;trade,false,true,false
gross fdi inflows,3,8,7,D01,27,D01_P027_SEC_1_35_PAR001,fdi,false,true,false
", there was",3,8,8,D01,28,D01_P028_SEC_1_36_PAR001,,false,true,false
there was a,3,8,8,D01,28,D01_P028_SEC_1_36_PAR001,,true,true,false
", as evidenced",3,8,8,D01,28,D01_P028_SEC_1_38_PAR001,,false,true,false
as evidenced by,3,8,8,D01,28,D01_P028_SEC_1_38_PAR001,,false,true,false
point to a,3,8,8,D01,29,D01_P029_SEC_1_39_PAR002,,false,true,false
of the labour,3,8,8,D01,29,D01_P029_SEC_1_40_PAR001,,false,true,false
of the workforce,3,8,8,D01,29,D01_P029_SEC_1_40_PAR001,,false,true,false
") , have",3,8,8,D01,30,D01_P030_SEC_1_41_PAR001,,false,true,false
an opportunity to,3,8,8,D01,30,D01_P030_SEC_1_42_PAR001,,false,true,false
the range of,3,8,8,D01,31,D01_P031_SEC_1_46_PAR001,,false,true,false
", including those",3,8,8,D01,31,D01_P031_SEC_1_46_PAR002,,false,true,false
"state governments ,",3,8,8,D01,31,D01_P031_SEC_1_46_PAR002,,false,true,false
of capital and,3,8,8,D01,32,D01_P032_SEC_1_46_PAR001,capital,false,true,false
it has been,3,8,7,D01,32,D01_P032_SEC_1_PAR002,,true,true,false
. this pattern,3,8,8,D01,33,D01_P033_SEC_3_PAR001,,false,true,false
"financial inclusion ,",3,8,7,D01,34,D01_P034_SEC_3_PAR002,financial,false,true,false
( 2015 ),3,8,5,D01,35,D01_P035_SEC_3_PAR004,,false,true,false
", and strengthen",3,8,8,D02,16,D02_BOX007,,false,true,false
. evidence from,3,8,8,D02,22,D02_BOX011,,false,true,false
", suggesting that",3,8,8,D02,22,D02_BOX011,,false,true,false
for a significant,3,8,8,D02,28,D02_BOX015,,false,true,false
"madhya pradesh ,",3,8,8,D02,28,D02_BOX015,,false,true,false
", as it",3,8,8,D02,34,D02_BOX017,,false,true,false
nominal gdp growth,3,8,8,D02,39,D02_BOX019,gdp;growth,false,true,false
gdp in fy22,3,8,8,D02,1,D02_P001_UNKNOWN_PAR004,gdp,false,true,false
gdp in fy25,3,8,8,D02,1,D02_P001_UNKNOWN_PAR004,gdp,false,true,false
fy25 . this,3,8,8,D02,1,D02_P001_UNKNOWN_PAR004,,false,true,false
has been the,3,8,8,D02,2,D02_P002_SEC_2_2_PAR001,,true,true,false
. going forward,3,8,8,D02,2,D02_P002_UNKNOWN_PAR002,,false,true,false
improvement in the,3,8,8,D02,3,D02_P003_SEC_2_4_PAR001,,false,true,false
period . the,3,8,8,D02,4,D02_P004_SEC_2_6_PAR001,,false,true,false
have emerged as,3,8,8,D02,5,D02_P005_SEC_2_8_PAR001,,false,true,false
during the current,3,8,8,D02,6,D02_P006_SEC_2_10_PAR001,current,false,true,false
the system .,3,8,8,D02,6,D02_P006_SEC_2_8_PAR001,,false,true,false
reduction in the,3,8,8,D02,10,D02_P010_UNKNOWN_PAR007,,false,true,false
"waste management ,",3,8,8,D02,10,D02_P010_UNKNOWN_PAR008,,false,true,false
india 's position,3,8,8,D02,10,D02_P010_UNKNOWN_PAR009,,false,true,false
need for a,3,8,8,D02,11,D02_P011_UNKNOWN_PAR001,,false,true,false
percentage of gdp,3,8,7,D02,12,D02_P012_SEC_2_19_PAR001,gdp,false,true,false
"and fy25 ,",3,8,8,D02,12,D02_P012_SEC_2_20_PAR001,,false,true,false
during fy26 (,3,8,8,D02,13,D02_P013_SEC_2_21_PAR001,,false,true,false
have been completed,3,8,7,D02,13,D02_P013_SEC_2_22_PAR001,,false,true,false
", and ensuring",3,8,8,D02,17,D02_P017_UNKNOWN_PAR006,,false,true,false
housing and urban,3,8,7,D02,19,D02_P019_SEC_2_30_PAR001,,false,true,false
over the period,3,8,8,D02,21,D02_P021_SEC_2_33_PAR001,,false,true,false
is not merely,3,8,8,D02,22,D02_P022_SEC_2_33_PAR001,,false,true,false
"across states ,",3,8,8,D02,23,D02_P023_UNKNOWN_PAR001,,false,true,false
has undergone a,3,8,8,D02,27,D02_P027_SEC_2_41_PAR001,,false,true,false
of at least,3,8,7,D02,29,D02_P029_UNKNOWN_PAR001,,false,true,false
as at the,3,8,8,D02,31,D02_P031_SEC_2_43_PAR001,,true,true,false
and tamil nadu,3,8,8,D02,32,D02_P032_SEC_2_43_PAR003,,false,true,false
it is a,3,8,8,D02,34,D02_P034_UNKNOWN_PAR002,,true,true,false
response to the,3,8,8,D02,35,D02_P035_SEC_2_47_PAR001,,false,true,false
has been reduced,3,8,7,D02,36,D02_P036_SEC_2_48_PAR001,,false,true,false
can be achieved,3,8,8,D02,37,D02_P037_UNKNOWN_PAR001,,false,true,false
"capital , and",3,8,8,D02,38,D02_P038_SEC_2_53_PAR001,capital,false,true,false
world bank 's,3,8,8,D02,41,D02_P041_SEC_2_56_PAR003,bank,false,true,false
the recommendations of,3,8,8,D02,42,D02_P042_SEC_2_56_PAR001,,false,true,false
", thereby strengthening",3,8,8,D02,42,D02_P042_SEC_2_58_PAR001,,false,true,false
( ₹ lakh,3,8,3,D02,12,D02_T003,,false,true,false
the sector has,3,8,7,D03,24,D03_BOX007,sector,false,true,false
( regulation ),3,8,8,D03,36,D03_BOX013,regulation,false,true,false
", the sebi",3,8,8,D03,36,D03_BOX013,,false,true,false
", 1992 ,",3,8,8,D03,36,D03_BOX013,,false,true,false
", over the",3,8,8,D03,46,D03_BOX019,,false,true,false
the insurance sector,3,8,8,D03,60,D03_BOX021,sector,false,true,false
in the face,3,8,8,D03,2,D03_P002_SEC_3_1_PAR001,,false,true,false
the face of,3,8,8,D03,2,D03_P002_SEC_3_1_PAR001,,false,true,false
the benefits of,3,8,8,D03,2,D03_P002_SEC_3_2_PAR001,,false,true,false
the global financial,3,8,8,D03,2,D03_P002_SEC_3_3_PAR001,financial,false,true,false
". subsequently ,",3,8,8,D03,2,D03_P002_SEC_3_3_PAR001,,false,true,false
addition to the,3,8,8,D03,4,D03_P004_SEC_3_7_PAR001,,false,true,false
. the report,3,8,7,D03,4,D03_P004_SEC_3_7_PAR001,,false,true,false
the report also,3,8,8,D03,4,D03_P004_SEC_3_7_PAR001,,false,true,false
in the absence,3,8,8,D03,8,D03_P008_UNKNOWN_PAR001,,false,true,false
in light of,3,8,8,D03,11,D03_P011_SEC_3_15_PAR001,,false,true,false
"in november 2025 ,",3,8,7,D03,12,D03_P012_SEC_3_17_PAR001,,false,true,false
"yoy ) ,",3,8,6,D03,15,D03_P015_SEC_3_25_PAR001,,false,true,false
the principle of,3,8,8,D03,18,D03_P018_SEC_3_33_PAR001,,false,true,false
well as the,3,8,8,D03,18,D03_P018_SEC_3_34_PAR001,,false,true,false
the rbi has,3,8,8,D03,19,D03_P019_SEC_3_36_PAR001,,false,true,false
in consultation with,3,8,8,D03,20,D03_P020_SEC_3_39_PAR001,,false,true,false
the provision of,3,8,7,D03,22,D03_P022_SEC_3_41_PAR002,,false,true,false
"risk management ,",3,8,8,D03,22,D03_P022_SEC_3_41_PAR006,,false,true,false
. the framework,3,8,7,D03,22,D03_P022_SEC_3_41_PAR006,,false,true,false
in fy14 to,3,8,5,D03,23,D03_P023_SEC_3_44_PAR001,,false,true,false
"this period ,",3,8,8,D03,23,D03_P023_SEC_3_44_PAR001,,false,true,false
"in practice ,",3,8,8,D03,25,D03_P025_SEC_3_47_PAR005,,false,true,false
india has made,3,8,8,D03,27,D03_P027_SEC_3_48_PAR001,,false,true,false
") , launched",3,8,8,D03,27,D03_P027_SEC_3_49_PAR001,,false,true,false
"in manufacturing ,",3,8,8,D03,27,D03_P027_SEC_3_49_PAR001,,false,true,false
rather than merely,3,8,8,D03,28,D03_P028_SEC_3_49_PAR001,,false,true,false
2025 . the,3,8,8,D03,28,D03_P028_SEC_3_49_PAR002,,false,true,false
", combined with",3,8,8,D03,29,D03_P029_SEC_3_49_PAR004,,false,true,false
india . the,3,8,8,D03,29,D03_P029_SEC_3_50_PAR001,,false,true,false
the next phase,3,8,8,D03,30,D03_P030_SEC_3_50_PAR005,,false,true,false
. the next,3,8,8,D03,31,D03_P031_SEC_3_50_PAR003,,false,true,false
associated with a,3,8,8,D03,33,D03_P033_SEC_3_58_PAR001,,false,true,false
economy . the,3,8,8,D03,34,D03_P034_SEC_3_64_PAR001,,false,true,false
participation . the,3,8,8,D03,34,D03_P034_SEC_3_64_PAR001,,false,true,false
", including a",3,8,8,D03,34,D03_P034_SEC_3_64_PAR001,,false,true,false
", the us",3,8,8,D03,35,D03_P035_SEC_3_66_PAR001,,false,true,false
", and promote",3,8,8,D03,37,D03_P037_SEC_3_71_PAR005,,false,true,false
"complementing this ,",3,8,8,D03,42,D03_P042_SEC_3_74_PAR002,,false,true,false
", providing a",3,8,8,D03,43,D03_P043_SEC_3_74_PAR003,,false,true,false
to facilitate ease,3,8,8,D03,43,D03_P043_SEC_3_74_PAR003,,false,true,false
the requirement of,3,8,7,D03,43,D03_P043_SEC_3_74_PAR005,,false,true,false
", infrastructure ,",3,8,8,D03,44,D03_P044_SEC_3_75_PAR001,,false,true,false
. in fy25,3,8,8,D03,44,D03_P044_SEC_3_76_PAR001,,false,true,false
estate investment trusts,3,8,8,D03,45,D03_P045_SEC_3_82_PAR001,investment,false,true,false
is also a,3,8,8,D03,47,D03_P047_SEC_3_85_PAR003,,true,true,false
"south korea ,",3,8,8,D03,47,D03_P047_SEC_3_85_PAR004,,false,true,false
a country 's,3,8,7,D03,48,D03_P048_SEC_3_85_PAR001,,false,true,false
a weaker currency,3,8,4,D03,49,D03_P049_SEC_3_85_PAR003,currency,false,true,false
creation of a,3,8,8,D03,60,D03_P060_SEC_3_99_PAR005,,false,true,false
and investor protection,3,8,8,D03,63,D03_P063_UNKNOWN_PAR002,investor,false,true,false
share in global,3,8,8,D04,39,D04_BOX007,,false,true,false
the exchange rate,3,8,7,D04,47,D04_BOX009,exchange;rate,false,true,false
"business services ,",3,8,8,D04,1,D04_P001_UNKNOWN_PAR003,,false,true,false
global financial conditions,3,8,7,D04,1,D04_P001_UNKNOWN_PAR004,financial,false,true,false
integration with the,3,8,8,D04,2,D04_P002_SEC_4_4_PAR001,,false,true,false
of critical minerals,3,8,7,D04,3,D04_P003_SEC_4_6_PAR001,,false,true,false
shown in chart,3,8,8,D04,3,D04_P003_SEC_4_8_PAR001,,false,true,false
https : //doi.org/,3,8,8,D04,3,D04_P003_SEC_4_8_PAR003,,false,true,false
more than doubled,3,8,8,D04,8,D04_P008_SEC_4_18_PAR001,,false,true,false
the country has,3,8,8,D04,8,D04_P008_SEC_4_19_PAR001,,false,true,false
gems and jewellery,3,8,3,D04,10,D04_P010_SEC_4_22_PAR001,,false,true,false
the pli scheme,3,8,7,D04,13,D04_P013_SEC_4_35_PAR001,,false,true,false
", the average",3,8,7,D04,13,D04_P013_SEC_4_36_PAR001,,false,true,false
is not only,3,8,8,D04,14,D04_P014_SEC_4_37_PAR001,,false,true,false
research and development,3,8,8,D04,20,D04_P020_SEC_4_45_PAR001,,false,true,false
27 of the,3,8,8,D04,22,D04_P022_UNKNOWN_PAR004,,false,true,false
") , as",3,8,8,D04,24,D04_P024_SEC_4_51_PAR001,,false,true,false
the department of,3,8,8,D04,24,D04_P024_SEC_4_51_PAR002,,false,true,false
value chain .,3,8,8,D04,24,D04_P024_UNKNOWN_PAR002,,false,true,false
. this approach,3,8,8,D04,25,D04_P025_SEC_4_53_PAR001,,false,true,false
for a period,3,8,8,D04,25,D04_P025_SEC_4_54_PAR001,,false,true,false
", r &",3,8,8,D04,37,D04_P037_SEC_4_80_PAR013,,false,true,false
is a need,3,8,8,D04,39,D04_P039_SEC_4_80_PAR001,,false,true,false
", ministry of",3,8,8,D04,41,D04_P041_SEC_4_81_PAR010,,false,true,false
the united kingdom,3,8,8,D04,42,D04_P042_SEC_4_81_PAR002,,false,true,false
", but by",3,8,8,D04,47,D04_P047_SEC_4_92_PAR001,,false,true,false
global supply chains,3,8,8,D04,50,D04_P050_SEC_4_97_PAR002,supply,false,true,false
", and export",3,8,8,D04,57,D04_P057_UNKNOWN_PAR001,export,false,true,false
year . the,3,8,8,D05,2,D05_P002_SEC_5_1_PAR001,,false,true,false
the current year,3,8,8,D05,3,D05_P003_SEC_5_3_PAR001,current,false,true,false
observed that the,3,8,7,D05,14,D05_P014_SEC_5_26_PAR001,,false,true,false
"adoption , and",3,8,8,D06,7,D06_BOX001,,false,true,false
. the programme,3,8,7,D06,10,D06_BOX003,,false,true,false
limited access to,3,8,8,D06,1,D06_P001_UNKNOWN_PAR003,,false,true,false
"storage , and",3,8,8,D06,1,D06_P001_UNKNOWN_PAR005,,false,true,false
") , followed",3,8,8,D06,3,D06_P003_SEC_6_6_PAR001,,false,true,false
", aimed at",3,8,8,D06,9,D06_P009_SEC_6_15_PAR001,,false,true,false
has been made,3,8,8,D06,19,D06_P019_SEC_6_27_PAR001,,false,true,false
development fund (,3,8,8,D06,21,D06_P021_SEC_6_32_PAR001,,false,true,false
"access , and",3,8,8,D06,21,D06_P021_SEC_6_33_PAR001,,false,true,false
by the national,3,8,8,D06,21,D06_P021_SEC_6_33_PAR001,,false,true,false
schemes such as,3,8,8,D06,27,D06_P027_SEC_6_47_PAR001,,false,true,false
to support the,3,8,8,D06,28,D06_P028_SEC_6_50_PAR001,,false,true,false
state capacity .,3,8,8,D07,15,D07_BOX007,,false,true,false
", is not",3,8,8,D07,13,D07_P013_SEC_7_18_PAR002,,false,true,false
", and infrastructure",3,8,8,D07,16,D07_P016_SEC_7_21_PAR003,,false,true,false
of india .,3,8,8,D07,17,D07_P017_UNKNOWN_PAR003,,false,true,false
the backbone of,3,8,8,D07,18,D07_P018_SEC_7_24_PAR001,,false,true,false
and community participation,3,8,8,D07,20,D07_P020_SEC_7_27_PAR001,,false,true,false
' and ',3,8,7,D07,20,D07_P020_SEC_7_28_PAR001,,false,true,false
a focus on,3,8,8,D07,13,D07_T002,,false,true,false
. the mission,3,8,8,D08,20,D08_BOX007,,false,true,false
• 3 rd,3,8,1,D08,24,D08_BOX011,,false,true,false
; they are,3,8,8,D08,31,D08_BOX017,,false,true,false
") , a",3,8,8,D08,34,D08_BOX019,,false,true,false
establishment of the,3,8,8,D08,1,D08_P001_UNKNOWN_PAR003,,false,true,false
", quality ,",3,8,8,D08,22,D08_P022_SEC_8_46_PAR001,,false,true,false
", which will",3,8,8,D08,31,D08_P031_SEC_8_57_PAR001,,false,true,false
has been developed,3,8,7,D08,33,D08_P033_SEC_8_59_PAR002,,false,true,false
to address these,3,8,7,D08,36,D08_P036_SEC_8_66_PAR001,,false,true,false
( chart ix.,3,8,7,D09,21,D09_BOX019,,false,true,false
venture capital fund,3,8,8,D09,36,D09_BOX031,capital,false,true,false
"planning , and",3,8,8,D09,1,D09_P001_SEC_9_1_PAR001,,false,true,false
pursuant to the,3,8,8,D09,7,D09_P007_SEC_9_17_PAR011,,false,true,false
alternative investment funds,3,8,8,D09,9,D09_P009_SEC_9_17_PAR004,investment,false,true,false
bridges have been,3,8,4,D09,12,D09_P012_SEC_9_20_PAR001,,false,true,false
out of which,3,8,8,D09,12,D09_P012_SEC_9_20_PAR001,,true,true,false
. the result,3,8,7,D09,25,D09_P025_SEC_9_40_PAR002,,false,true,false
this creates a,3,8,8,D09,27,D09_P027_SEC_4_PAR001,,false,true,false
increase over the,3,8,7,D09,27,D09_P027_SEC_9_41_PAR001,,false,true,false
"community participation ,",3,8,8,D09,33,D09_P033_SEC_9_50_PAR002,,false,true,false
quality of life,3,8,7,D09,33,D09_P033_SEC_9_50_PAR002,,false,true,false
", and to",3,8,8,D09,36,D09_P036_SEC_9_58_PAR001,,false,true,false
. retrieved on,3,8,2,D10,18,D10_BOX005,,false,true,false
on december 24,3,8,3,D10,18,D10_BOX005,,false,true,false
"december 24 ,",3,8,3,D10,18,D10_BOX005,,false,true,false
climate action .,3,8,7,D10,7,D10_P007_SEC_10_19_PAR002,,false,true,false
"accountability , and",3,8,8,D11,1,D11_P001_UNKNOWN_PAR003,,false,true,false
"of education ,",3,8,8,D11,2,D11_P002_SEC_11_4_PAR001,,false,true,false
economic and social,3,8,8,D11,40,D11_P040_SEC_11_61_PAR001,,false,true,false
of the official,3,8,7,D11,4,D11_T002,,false,true,false
", healthcare ,",3,8,8,D12,2,D12_P002_SEC_12_4_PAR001,,false,true,false
( d ),3,8,8,D13,17,D13_P017_SEC_13_47_PAR001,,false,true,false
"act , 2013",3,8,8,D13,33,D13_P033_SEC_13_86_PAR001,,false,true,false
the post -2022,3,8,8,D14,4,D14_P004_SEC_14_6_PAR006,,false,true,false
the requirement for,3,8,8,D14,29,D14_P029_SEC_14_71_PAR001,,false,true,false
the rti act,3,8,6,D17,8,D17_BOX005,,false,true,false
budget 2026-27 analysis,3,8,8,D19,2,D19_P002_UNKNOWN_PAR001,budget,false,true,false
2026-27 analysis prs,3,8,8,D19,2,D19_P002_UNKNOWN_PAR001,,false,true,false
analysis prs legislative,3,8,8,D19,2,D19_P002_UNKNOWN_PAR001,,false,true,false
", 2026 -",3,8,8,D19,2,D19_P002_UNKNOWN_PAR011,,false,true,false
. the revised,3,8,7,D19,4,D19_P004_UNKNOWN_PAR008,,false,true,false
2024-25 ( table,3,8,8,D20,8,D20_P008_SEC_2_2_1_PAR003,,false,true,false
. ii .,3,8,6,D21,2,D21_BOX001,,false,true,false
sebi ( listing,3,8,8,D21,3,D21_P003_SEC_3_1_1_PAR009,,false,true,false
( listing obligations,3,8,8,D21,3,D21_P003_SEC_3_1_1_PAR009,,false,true,false
listing obligations and,3,8,8,D21,3,D21_P003_SEC_3_1_1_PAR009,,false,true,false
obligations and disclosure,3,8,8,D21,3,D21_P003_SEC_3_1_1_PAR009,,false,true,false
sebi ( issue,3,8,8,D21,3,D21_P003_SEC_3_1_1_PAR009,,false,true,false
percentage share in,3,8,5,D21,5,D21_T001,,false,true,false
total no .,3,8,7,D21,8,D21_T005,,false,true,false
. of cases,3,8,6,D21,14,D21_T012,,false,true,false
pending as on,3,8,6,D21,17,D21_T016,,false,true,false
. review of,3,8,8,D22,1,D22_P001_SEC_4_1_1_PAR001,,false,true,false
the indian securities,3,8,8,D22,1,D22_P001_UNKNOWN_PAR001,securities,false,true,false
"8 , 2025",3,8,8,D22,3,D22_P003_SEC_4_1_1_PAR002,,false,true,false
", down from",3,8,8,D22,5,D22_P005_SEC_4_1_1_PAR002,,false,true,false
nse and bse,3,8,8,D22,9,D22_P009_SEC_4_1_4_PAR001,,false,true,false
"derivatives segment ,",3,8,8,D22,13,D22_P013_SEC_4_3_1_PAR005,,false,true,false
( stock brokers,3,8,3,D22,33,D22_P033_SEC_4_7_5_PAR004,,false,true,false
ease of compliance,3,8,8,D22,33,D22_P033_SEC_4_7_5_PAR004,,false,true,false
", 2025 march",3,8,6,D22,9,D22_T011,,false,true,false
under the sebi,3,8,6,D22,28,D22_T031,,false,true,false
education and awareness,3,8,8,D23,2,D23_BOX001,,false,true,false
of mutual fund,3,8,6,D23,1,D23_P001_SEC_5_1_PAR001,,false,true,false
chapter 8 protection,3,8,8,D26,1,D26_P001_UNKNOWN_PAR001,,false,true,false
8 protection of,3,8,8,D26,1,D26_P001_UNKNOWN_PAR001,,false,true,false
protection of the,3,8,8,D26,1,D26_P001_UNKNOWN_PAR001,,false,true,false
the investor interests,3,8,8,D26,1,D26_P001_UNKNOWN_PAR001,investor,false,true,false
"pit regulations ,",3,8,7,D28,1,D28_P001_UNKNOWN_PAR007,,false,true,false
", the committee",3,8,5,D28,15,D28_P015_SEC_10_2_2_PAR002,,false,true,false
its order dated,3,8,8,D28,15,D28_P015_SEC_10_2_2_PAR003,,false,true,false
supreme court .,3,8,7,D28,15,D28_P015_SEC_10_2_2_PAR003,,false,true,false
appeal no .,3,8,7,D28,15,D28_P015_SEC_10_2_2_PAR005,,false,true,false
in the matter,3,8,8,D28,23,D28_P023_UNKNOWN_PAR012,,false,true,false
", 1992 and",3,8,8,D28,25,D28_P025_UNKNOWN_PAR004,,false,true,false
", the hon'ble",3,8,8,D28,28,D28_P028_UNKNOWN_PAR002,,false,true,false
the special committee,3,8,3,D28,29,D28_P029_UNKNOWN_PAR002,,false,true,false
) ( third,3,8,8,D28,35,D28_P035_UNKNOWN_PAR007,,false,true,false
( third amendment,3,8,8,D28,35,D28_P035_UNKNOWN_PAR007,,false,true,false
third amendment ),3,8,8,D28,35,D28_P035_UNKNOWN_PAR007,,false,true,false
", 2026 sebi",3,8,8,D28,36,D28_P036_UNKNOWN_PAR017,,false,true,false
recurring fees #,3,8,3,D31,17,D31_P017_SEC_13_11_PAR001,,false,true,false
general manager (,3,8,2,D31,3,D31_T004,,false,true,false
economic activity .,3,7,7,D01,18,D01_BOX003,,false,true,false
government has undertaken,3,7,7,D01,21,D01_BOX005,,false,true,false
for the first,3,7,7,D01,21,D01_BOX005,,false,true,false
the first time,3,7,7,D01,21,D01_BOX005,,false,true,false
. the survey,3,7,7,D01,21,D01_BOX005,,false,true,false
real gdp growth,3,7,6,D01,1,D01_P001_UNKNOWN_PAR003,gdp;growth,false,true,false
high-frequency indicators for,3,7,7,D01,1,D01_P001_UNKNOWN_PAR004,,false,true,false
foreign exchange reserves,3,7,7,D01,1,D01_P001_UNKNOWN_PAR005,exchange;foreign,false,true,false
in the short,3,7,6,D01,2,D01_P002_SEC_1_1_PAR001,,false,true,false
", primarily driven",3,7,7,D01,2,D01_P002_SEC_1_1_PAR001,,false,true,false
strong growth in,3,7,6,D01,2,D01_P002_SEC_1_1_PAR001,growth,false,true,false
2 ) .,3,7,7,D01,3,D01_P003_SEC_1_3_PAR001,,false,true,false
3 ) .,3,7,7,D01,4,D01_P004_SEC_1_3_PAR001,,false,true,false
the surge in,3,7,7,D01,4,D01_P004_SEC_1_5_PAR001,,false,true,false
and supply chains,3,7,7,D01,5,D01_P005_SEC_1_6_PAR001,supply,false,true,false
", the following",3,7,7,D01,6,D01_P006_SEC_1_6_PAR003,,false,true,false
the outbreak of,3,7,7,D01,6,D01_P006_SEC_1_6_PAR007,,false,true,false
", accompanied by",3,7,7,D01,7,D01_P007_SEC_1_6_PAR002,,false,true,false
depending on the,3,7,7,D01,7,D01_P007_SEC_1_6_PAR007,,false,true,false
", electronics ,",3,7,7,D01,7,D01_P007_SEC_1_6_PAR009,,false,true,false
"stability , and",3,7,7,D01,8,D01_P008_SEC_1_6_PAR002,stability,false,true,false
", thereby reducing",3,7,7,D01,8,D01_P008_SEC_1_6_PAR003,,false,true,false
are detailed in,3,7,7,D01,8,D01_P008_SEC_1_6_PAR003,,false,true,false
an assessment of,3,7,5,D01,8,D01_P008_SEC_1_7_PAR001,,false,true,false
consumption expenditure (,3,7,5,D01,10,D01_P010_SEC_1_9_PAR001,consumption;expenditure,false,true,false
", and its",3,7,7,D01,10,D01_P010_SEC_1_9_PAR001,,false,true,false
this is the,3,7,7,D01,10,D01_P010_SEC_1_9_PAR001,,true,true,false
"during fy26 ,",3,7,7,D01,11,D01_P011_SEC_1_10_PAR001,,false,true,false
throughout the year,3,7,6,D01,11,D01_P011_SEC_1_10_PAR001,,false,true,false
can be attributed,3,7,7,D01,11,D01_P011_SEC_1_11_PAR001,,false,true,false
in the corresponding,3,7,7,D01,12,D01_P012_SEC_1_12_PAR001,,false,true,false
9 ) .,3,7,7,D01,12,D01_P012_SEC_1_12_PAR001,,false,true,false
seen in the,3,7,7,D01,13,D01_P013_SEC_1_14_PAR001,,false,true,false
"export growth ,",3,7,7,D01,14,D01_P014_SEC_1_15_PAR001,export;growth,false,true,false
"capital expenditure ,",3,7,7,D01,14,D01_P014_SEC_1_16_PAR001,capital;expenditure,false,true,false
was supported by,3,7,7,D01,14,D01_P014_SEC_1_17_PAR001,,false,true,false
component of the,3,7,7,D01,17,D01_P017_SEC_1_23_PAR001,,false,true,false
18 ) .,3,7,4,D01,17,D01_P017_SEC_1_24_PAR001,,false,true,false
the service sector,3,7,7,D01,18,D01_P018_SEC_1_25_PAR001,sector,false,true,false
. taken together,3,7,7,D01,18,D01_P018_SEC_1_27_PAR001,,false,true,false
can be used,3,7,7,D01,19,D01_P019_SEC_1_27_PAR002,,false,true,false
strengthen india 's,3,7,7,D01,21,D01_P021_SEC_1_28_PAR001,,false,true,false
discussed in box,3,7,7,D01,21,D01_P021_SEC_1_28_PAR001,,false,true,false
wider use of,3,7,7,D01,22,D01_P022_SEC_1_28_PAR009,,false,true,false
markets . the,3,7,7,D01,23,D01_P023_SEC_1_28_PAR008,markets,false,true,false
platforms such as,3,7,7,D01,23,D01_P023_SEC_1_28_PAR010,,false,true,false
the trajectory of,3,7,7,D01,24,D01_P024_SEC_1_29_PAR001,,false,true,false
to states for,3,7,7,D01,25,D01_P025_SEC_1_31_PAR001,,false,true,false
states for capital,3,7,7,D01,25,D01_P025_SEC_1_31_PAR001,capital,false,true,false
") , has",3,7,7,D01,25,D01_P025_SEC_1_31_PAR001,,false,true,false
"revenue expenditure ,",3,7,7,D01,25,D01_P025_SEC_1_31_PAR001,expenditure;revenue,false,true,false
's commitment to,3,7,7,D01,25,D01_P025_SEC_1_32_PAR001,,false,true,false
act as a,3,7,7,D01,26,D01_P026_SEC_1_32_PAR001,,false,true,false
system . the,3,7,7,D01,26,D01_P026_SEC_1_33_PAR001,,false,true,false
scheduled commercial banks,3,7,7,D01,26,D01_P026_SEC_1_33_PAR001,banks,false,true,false
in bank credit,3,7,6,D01,27,D01_P027_SEC_1_34_PAR001,bank;credit,false,true,false
", these trends",3,7,7,D01,27,D01_P027_SEC_1_34_PAR001,,false,true,false
of global trade,3,7,7,D01,27,D01_P027_SEC_1_35_PAR001,trade,false,true,false
the rise in,3,7,6,D01,27,D01_P027_SEC_1_35_PAR001,,false,true,false
"result , the",3,7,7,D01,27,D01_P027_SEC_1_35_PAR001,,false,true,false
corresponding period of,3,7,7,D01,28,D01_P028_SEC_1_36_PAR001,,false,true,false
period of the,3,7,7,D01,28,D01_P028_SEC_1_36_PAR001,,false,true,false
the indian rupee,3,7,6,D01,28,D01_P028_SEC_1_37_PAR001,rupee,false,true,false
"productivity gains ,",3,7,7,D01,28,D01_P028_SEC_1_37_PAR001,productivity,false,true,false
", it becomes",3,7,7,D01,28,D01_P028_SEC_1_38_PAR001,,false,true,false
", and targeted",3,7,7,D01,28,D01_P028_SEC_1_39_PAR001,,false,true,false
decline in the,3,7,6,D01,29,D01_P029_SEC_1_39_PAR002,,false,true,false
"safety , and",3,7,7,D01,29,D01_P029_SEC_1_40_PAR001,,false,true,false
". importantly ,",3,7,7,D01,29,D01_P029_SEC_1_40_PAR001,,false,true,false
and platform workers,3,7,7,D01,29,D01_P029_SEC_1_40_PAR001,,false,true,false
", these measures",3,7,7,D01,29,D01_P029_SEC_1_40_PAR001,,false,true,false
maternal and child,3,7,7,D01,30,D01_P030_SEC_1_41_PAR001,,false,true,false
and human capital,3,7,7,D01,30,D01_P030_SEC_1_41_PAR001,capital,false,true,false
in the coming,3,7,7,D01,31,D01_P031_SEC_1_45_PAR002,,false,true,false
in the range,3,7,7,D01,31,D01_P031_SEC_1_46_PAR001,,false,true,false
the past three,3,7,7,D01,31,D01_P031_SEC_1_46_PAR002,,false,true,false
been supported by,3,7,7,D01,31,D01_P031_SEC_1_46_PAR002,,false,true,false
expected to support,3,7,7,D01,33,D01_P033_SEC_3_PAR002,,false,true,false
", and service",3,7,7,D01,34,D01_P034_SEC_3_PAR002,,false,true,false
with effect from,3,7,7,D02,8,D02_BOX003,,false,true,false
", following the",3,7,7,D02,8,D02_BOX003,,false,true,false
"consequently , the",3,7,6,D02,15,D02_BOX005,,false,true,false
in fy25 and,3,7,7,D02,15,D02_BOX005,,false,true,false
", due to",3,7,7,D02,15,D02_BOX005,,false,true,false
"contrast , the",3,7,7,D02,22,D02_BOX011,,false,true,false
and more on,3,7,7,D02,22,D02_BOX011,,true,true,false
private investment .,3,7,7,D02,26,D02_BOX013,investment,false,true,false
a significant share,3,7,7,D02,28,D02_BOX015,,false,true,false
", madhya pradesh",3,7,7,D02,28,D02_BOX015,,false,true,false
at the time,3,7,7,D02,34,D02_BOX017,,false,true,false
years . the,3,7,7,D02,34,D02_BOX017,,false,true,false
capital expenditure .,3,7,7,D02,34,D02_BOX017,capital;expenditure,false,true,false
to reduce the,3,7,7,D02,34,D02_BOX017,,false,true,false
it was also,3,7,7,D02,34,D02_BOX017,,true,true,false
'' and ``,3,7,7,D02,39,D02_BOX019,,false,true,false
to assess the,3,7,7,D02,39,D02_BOX019,,false,true,false
", have been",3,7,7,D02,2,D02_P002_UNKNOWN_PAR001,,false,true,false
", to ensure",3,7,7,D02,3,D02_P003_SEC_2_3_PAR001,,false,true,false
trends in the,3,7,7,D02,4,D02_P004_SEC_2_7_PAR001,,false,true,false
has played a,3,7,7,D02,7,D02_P007_SEC_2_14_PAR001,,false,true,false
's position as,3,7,7,D02,10,D02_P010_UNKNOWN_PAR009,,false,true,false
position as a,3,7,7,D02,10,D02_P010_UNKNOWN_PAR009,,false,true,false
"3 ) ,",3,7,7,D02,12,D02_P012_SEC_2_20_PAR001,,false,true,false
") , reflecting",3,7,7,D02,12,D02_P012_SEC_2_20_PAR001,,false,true,false
by the central,3,7,7,D02,13,D02_P013_SEC_2_23_PAR001,,false,true,false
the objective is,3,7,7,D02,13,D02_P013_SEC_2_23_PAR001,,false,true,false
the power sector,3,7,7,D02,16,D02_P016_SEC_2_26_PAR001,sector,false,true,false
"in 2023 ,",3,7,7,D02,17,D02_P017_UNKNOWN_PAR003,,false,true,false
development . the,3,7,7,D02,18,D02_P018_SEC_2_29_PAR001,,false,true,false
in central taxes,3,7,7,D02,21,D02_P021_SEC_2_33_PAR001,taxes,false,true,false
of up to,3,7,7,D02,22,D02_P022_SEC_2_35_PAR001,,true,true,false
is linked to,3,7,7,D02,22,D02_P022_SEC_2_35_PAR001,,false,true,false
", on average",3,7,7,D02,23,D02_P023_SEC_2_37_PAR001,,false,true,false
"security , and",3,7,7,D02,29,D02_P029_UNKNOWN_PAR004,,false,true,false
they do not,3,7,7,D02,29,D02_P029_UNKNOWN_PAR004,,true,true,false
", nutrition ,",3,7,7,D02,29,D02_P029_UNKNOWN_PAR004,,false,true,false
"education , health",3,7,7,D02,30,D02_P030_UNKNOWN_PAR001,,false,true,false
"health , and",3,7,7,D02,30,D02_P030_UNKNOWN_PAR001,,false,true,false
year ( chart,3,7,6,D02,31,D02_P031_SEC_2_43_PAR001,,false,true,false
"himachal pradesh ,",3,7,7,D02,31,D02_P031_UNKNOWN_PAR003,,false,true,false
", and supporting",3,7,7,D02,33,D02_P033_UNKNOWN_PAR001,,false,true,false
global environment .,3,7,7,D02,33,D02_P033_UNKNOWN_PAR001,,false,true,false
is important to,3,7,6,D02,34,D02_P034_UNKNOWN_PAR001,,false,true,false
"so far ,",3,7,7,D02,35,D02_P035_SEC_2_46_PAR001,,false,true,false
similar to the,3,7,7,D02,35,D02_P035_SEC_2_47_PAR001,,false,true,false
"five years ,",3,7,7,D02,36,D02_P036_SEC_2_48_PAR001,,false,true,false
external shocks .,3,7,7,D02,36,D02_P036_SEC_2_48_PAR001,,false,true,false
"however , this",3,7,7,D02,40,D02_P040_UNKNOWN_PAR001,,false,true,false
the strengthening of,3,7,7,D02,40,D02_P040_UNKNOWN_PAR001,,false,true,false
per capita gdp,3,7,1,D02,41,D02_P041_SEC_2_56_PAR003,gdp,false,true,false
in the early,3,7,7,D02,41,D02_P041_SEC_2_56_PAR003,,false,true,false
play a critical,3,7,7,D02,42,D02_P042_SEC_2_56_PAR001,,false,true,false
", amounting to",3,7,7,D02,40,D02_T009,,false,true,false
"practices , and",3,7,7,D03,24,D03_BOX005,,false,true,false
it is the,3,7,7,D03,29,D03_BOX011,,true,true,false
", government of",3,7,7,D03,29,D03_BOX011,,false,true,false
the securities markets,3,7,6,D03,36,D03_BOX013,markets;securities,false,true,false
securities contracts (,3,7,7,D03,36,D03_BOX013,securities,false,true,false
contracts ( regulation,3,7,7,D03,36,D03_BOX013,regulation,false,true,false
credit to the,3,7,7,D03,46,D03_BOX019,credit,false,true,false
development of the,3,7,7,D03,60,D03_BOX021,,false,true,false
"of finance ,",3,7,7,D03,64,D03_BOX023,finance,false,true,false
. this requires,3,7,7,D03,64,D03_BOX023,,false,true,false
in the presence,3,7,7,D03,2,D03_P002_SEC_3_2_PAR001,,false,true,false
". thus ,",3,7,7,D03,2,D03_P002_SEC_3_2_PAR001,,false,true,false
. the year,3,7,7,D03,3,D03_P003_SEC_3_4_PAR002,,false,true,false
to the us,3,7,5,D03,3,D03_P003_SEC_3_5_PAR001,,true,true,false
financial stability report,3,7,7,D03,4,D03_P004_SEC_3_7_PAR001,financial;stability,false,true,false
's approach to,3,7,7,D03,9,D03_P009_SEC_3_9_PAR001,,false,true,false
indicates that the,3,7,7,D03,10,D03_P010_SEC_3_13_PAR001,,false,true,false
"notably , the",3,7,7,D03,10,D03_P010_SEC_3_13_PAR001,,false,true,false
", the ratio",3,7,6,D03,10,D03_P010_SEC_3_14_PAR001,,false,true,false
as measured by,3,7,7,D03,11,D03_P011_SEC_3_15_PAR001,,false,true,false
serves as the,3,7,7,D03,11,D03_P011_SEC_3_16_PAR001,,false,true,false
. the country,3,7,7,D03,12,D03_P012_SEC_3_19_PAR001,,false,true,false
expanding access to,3,7,7,D03,13,D03_P013_SEC_3_19_PAR002,,false,true,false
the functioning of,3,7,6,D03,13,D03_P013_SEC_3_19_PAR002,,false,true,false
has been observed,3,7,7,D03,13,D03_P013_SEC_3_20_PAR001,,false,true,false
yoy ) in,3,7,6,D03,14,D03_P014_SEC_3_23_PAR001,,false,true,false
have also been,3,7,7,D03,16,D03_P016_SEC_3_27_PAR001,,true,true,false
rate ( cagr,3,7,7,D03,16,D03_P016_SEC_3_28_PAR001,rate,false,true,false
( cagr ),3,7,7,D03,16,D03_P016_SEC_3_28_PAR001,,false,true,false
cagr ) of,3,7,7,D03,16,D03_P016_SEC_3_28_PAR001,,false,true,false
the following section,3,7,7,D03,18,D03_P018_SEC_3_32_PAR001,,false,true,false
as of march 2025,3,7,7,D03,19,D03_P019_SEC_3_35_PAR001,,false,true,false
global best practices,3,7,6,D03,19,D03_P019_SEC_3_37_PAR001,,false,true,false
. as part,3,7,7,D03,20,D03_P020_SEC_3_39_PAR001,,false,true,false
"this initiative ,",3,7,7,D03,20,D03_P020_SEC_3_39_PAR001,,false,true,false
insights into the,3,7,7,D03,21,D03_P021_SEC_3_41_PAR002,,false,true,false
"framework , the",3,7,7,D03,22,D03_P022_SEC_3_41_PAR008,,false,true,false
and capacity building,3,7,7,D03,22,D03_P022_SEC_3_41_PAR008,,false,true,false
"time , this",3,7,7,D03,23,D03_P023_SEC_3_41_PAR003,,false,true,false
india as a,3,7,7,D03,23,D03_P023_SEC_3_41_PAR003,,false,true,false
. in practice,3,7,7,D03,25,D03_P025_SEC_3_47_PAR005,,false,true,false
has made significant,3,7,7,D03,27,D03_P027_SEC_3_48_PAR001,,false,true,false
india 's digital,3,7,7,D03,27,D03_P027_SEC_3_48_PAR001,,false,true,false
"credit access ,",3,7,7,D03,29,D03_P029_SEC_3_49_PAR004,credit,false,true,false
access to finance,3,7,7,D03,29,D03_P029_SEC_3_49_PAR005,finance,false,true,false
", a key",3,7,7,D03,29,D03_P029_SEC_3_50_PAR001,,false,true,false
next phase of,3,7,7,D03,30,D03_P030_SEC_3_50_PAR005,,false,true,false
", but in",3,7,7,D03,31,D03_P031_SEC_3_50_PAR003,,false,true,false
"however , a",3,7,7,D03,34,D03_P034_SEC_3_64_PAR001,,false,true,false
"in q2 fy26 ,",3,7,6,D03,34,D03_P034_SEC_3_64_PAR001,,false,true,false
the period .,3,7,7,D03,34,D03_P034_SEC_3_64_PAR001,,false,true,false
. of these,3,7,7,D03,36,D03_P036_SEC_3_70_PAR001,,false,true,false
"of these ,",3,7,7,D03,36,D03_P036_SEC_3_70_PAR001,,false,true,false
", sebi 's",3,7,7,D03,37,D03_P037_SEC_3_71_PAR006,,false,true,false
", under the",3,7,7,D03,37,D03_P037_UNKNOWN_PAR002,,false,true,false
mutual funds ),3,7,7,D03,38,D03_P038_SEC_3_72_PAR001,,false,true,false
is essential for,3,7,7,D03,42,D03_P042_SEC_3_73_PAR001,,false,true,false
doing business and,3,7,7,D03,42,D03_P042_SEC_3_74_PAR001,,false,true,false
persons with disabilities,3,7,4,D03,42,D03_P042_SEC_3_74_PAR002,,false,true,false
sebi introduced a,3,7,7,D03,43,D03_P043_SEC_3_74_PAR003,,false,true,false
( other than,3,7,7,D03,43,D03_P043_SEC_3_74_PAR003,,false,true,false
electricity regulatory commission,3,7,5,D03,43,D03_P043_SEC_3_74_PAR007,regulatory,false,true,false
"sectors , including",3,7,7,D03,44,D03_P044_SEC_3_75_PAR001,sectors,false,true,false
the supply of,3,7,7,D03,45,D03_P045_SEC_3_79_PAR001,supply,false,true,false
the distribution of,3,7,7,D03,47,D03_P047_SEC_3_85_PAR002,,false,true,false
the majority of,3,7,7,D03,47,D03_P047_SEC_3_85_PAR004,,false,true,false
and r &,3,7,7,D03,49,D03_P049_SEC_3_85_PAR005,,false,true,false
"of 2025 ,",3,7,7,D03,51,D03_P051_SEC_3_88_PAR001,,false,true,false
"capital flows ,",3,7,7,D03,51,D03_P051_SEC_3_90_PAR001,capital,false,true,false
strength of the,3,7,7,D03,52,D03_P052_SEC_3_91_PAR001,,false,true,false
market . the,3,7,7,D03,52,D03_P052_SEC_3_91_PAR001,market,false,true,false
the future of,3,7,7,D03,56,D03_P056_SEC_3_99_PAR003,,false,true,false
"networks , and",3,7,7,D03,57,D03_P057_SEC_3_99_PAR005,,false,true,false
to develop a,3,7,7,D03,58,D03_P058_SEC_3_99_PAR002,,false,true,false
is undergoing a,3,7,7,D03,58,D03_P058_SEC_3_99_PAR004,,false,true,false
driven by the,3,7,7,D03,58,D03_P058_SEC_3_99_PAR004,,false,true,false
has been implementing,3,7,7,D03,58,D03_P058_SEC_3_99_PAR004,,false,true,false
. this expansion,3,7,7,D03,59,D03_P059_SEC_3_99_PAR003,,false,true,false
the progress in,3,7,7,D03,59,D03_P059_SEC_3_99_PAR005,,false,true,false
based on their,3,7,7,D03,64,D03_P064_UNKNOWN_PAR001,,false,true,false
", and innovation",3,7,7,D03,64,D03_P064_UNKNOWN_PAR001,,false,true,false
and india 's,3,7,7,D04,21,D04_BOX001,,false,true,false
: //tinyurl.com/ 4,3,7,6,D04,21,D04_BOX001,,false,true,false
) . it,3,7,7,D04,34,D04_BOX003,,false,true,false
suggests that the,3,7,7,D04,3,D04_P003_SEC_4_7_PAR001,,false,true,false
a shift in,3,7,7,D04,3,D04_P003_SEC_4_8_PAR005,,false,true,false
"cy 2024 ,",3,7,6,D04,4,D04_P004_SEC_4_8_PAR001,,false,true,false
is attributed to,3,7,7,D04,7,D04_P007_SEC_4_14_PAR001,,false,true,false
analysis of the,3,7,7,D04,7,D04_P007_SEC_4_16_PAR001,,false,true,false
"services trade ,",3,7,5,D04,8,D04_P008_SEC_4_17_PAR001,trade,false,true,false
"diversification , and",3,7,7,D04,8,D04_P008_SEC_4_17_PAR001,,false,true,false
. while this,3,7,7,D04,8,D04_P008_SEC_4_19_PAR001,,false,true,false
. this increase,3,7,7,D04,10,D04_P010_SEC_4_24_PAR001,,false,true,false
is driven by,3,7,7,D04,11,D04_P011_SEC_4_27_PAR001,,false,true,false
for india .,3,7,7,D04,13,D04_P013_SEC_4_34_PAR001,,false,true,false
initiative has been,3,7,7,D04,13,D04_P013_SEC_4_36_PAR001,,false,true,false
the success of,3,7,7,D04,15,D04_P015_SEC_4_39_PAR001,,false,true,false
the resilience of,3,7,7,D04,15,D04_P015_SEC_4_40_PAR002,,false,true,false
exports to the,3,7,4,D04,15,D04_P015_SEC_4_40_PAR002,exports,false,true,false
with the aim,3,7,6,D04,15,D04_P015_SEC_4_40_PAR003,,false,true,false
of the ministry,3,7,7,D04,15,D04_P015_SEC_4_40_PAR003,,false,true,false
", 2025 :",3,7,6,D04,15,D04_P015_SEC_4_40_PAR003,,false,true,false
rapid growth in,3,7,7,D04,19,D04_P019_SEC_4_44_PAR004,growth,false,true,false
for india to,3,7,7,D04,20,D04_P020_SEC_4_44_PAR001,,false,true,false
"research , development",3,7,7,D04,20,D04_P020_SEC_4_46_PAR001,,false,true,false
in india and,3,7,7,D04,20,D04_P020_SEC_4_46_PAR001,,false,true,false
as discussed in,3,7,7,D04,20,D04_P020_SEC_4_46_PAR001,,false,true,false
& d and,3,7,7,D04,20,D04_P020_SEC_4_47_PAR001,,false,true,false
https : //,3,7,7,D04,20,D04_P020_SEC_4_47_PAR002,,false,true,false
the risk of,3,7,7,D04,21,D04_P021_SEC_4_48_PAR001,,false,true,false
adoption of technology,3,7,7,D04,23,D04_P023_UNKNOWN_PAR004,,false,true,false
rather than being,3,7,7,D04,24,D04_P024_UNKNOWN_PAR002,,false,true,false
to enable the,3,7,7,D04,25,D04_P025_SEC_4_53_PAR001,,false,true,false
. this growth,3,7,7,D04,26,D04_P026_SEC_4_58_PAR001,growth,false,true,false
india 's growing,3,7,6,D04,28,D04_P028_SEC_4_61_PAR001,,false,true,false
in the ai,3,7,7,D04,32,D04_P032_SEC_4_71_PAR001,,false,true,false
"digital services ,",3,7,7,D04,33,D04_P033_SEC_4_74_PAR001,,false,true,false
"data centres ,",3,7,7,D04,33,D04_P033_SEC_4_74_PAR001,,false,true,false
"employment , and",3,7,7,D04,36,D04_P036_SEC_4_80_PAR003,employment,false,true,false
by the board,3,7,7,D04,37,D04_P037_SEC_4_80_PAR006,,false,true,false
"regulations , and",3,7,7,D04,38,D04_P038_SEC_4_80_PAR005,,false,true,false
and the use,3,7,7,D04,42,D04_P042_SEC_4_81_PAR002,,false,true,false
", and strengthening",3,7,7,D04,42,D04_P042_UNKNOWN_PAR002,,false,true,false
. while india,3,7,7,D04,43,D04_P043_SEC_4_82_PAR001,,false,true,false
can lead to,3,7,6,D04,49,D04_P049_SEC_4_94_PAR001,,false,true,false
", and industrial",3,7,7,D04,53,D04_P053_SEC_4_99_PAR010,,false,true,false
", despite the",3,7,7,D05,2,D05_P002_SEC_5_2_PAR001,,false,true,false
. these developments,3,7,7,D05,5,D05_P005_SEC_5_7_PAR001,,false,true,false
. the current,3,7,7,D05,6,D05_P006_SEC_5_9_PAR001,current,false,true,false
of 2025-26 (,3,7,7,D05,6,D05_P006_SEC_5_9_PAR001,,false,true,false
"in 2024-25 ,",3,7,5,D05,12,D05_P012_SEC_5_19_PAR001,,false,true,false
that can be,3,7,7,D05,14,D05_P014_SEC_5_24_PAR001,,true,true,false
", but the",3,7,7,D05,16,D05_P016_SEC_5_31_PAR001,,false,true,false
have been identified,3,7,6,D06,13,D06_BOX005,,false,true,false
", and limited",3,7,7,D06,13,D06_BOX005,,false,true,false
) have been,3,7,7,D06,13,D06_BOX005,,false,true,false
( 2023 ),3,7,7,D06,14,D06_BOX007,,false,true,false
national food security,3,7,6,D06,23,D06_BOX009,,false,true,false
", and ensure",3,7,7,D06,1,D06_P001_UNKNOWN_PAR005,,false,true,false
inclusive growth and,3,7,7,D06,2,D06_P002_SEC_6_1_PAR001,growth,false,true,false
", odisha ,",3,7,5,D06,6,D06_P006_SEC_6_12_PAR001,,false,true,false
government has been,3,7,7,D06,9,D06_P009_SEC_6_14_PAR001,,false,true,false
in 2023-24 .,3,7,6,D06,10,D06_P010_SEC_6_16_PAR001,,false,true,false
needs of the,3,7,7,D06,12,D06_P012_SEC_6_18_PAR001,,false,true,false
of more than,3,7,7,D06,12,D06_P012_SEC_6_19_PAR001,,true,true,false
to address this,3,7,7,D06,14,D06_P014_SEC_6_22_PAR001,,false,true,false
progress has been,3,7,7,D06,19,D06_P019_SEC_6_27_PAR001,,false,true,false
systems . the,3,7,7,D06,19,D06_P019_SEC_6_27_PAR001,,false,true,false
are vital for,3,7,7,D06,20,D06_P020_SEC_6_29_PAR001,,false,true,false
and the adoption,3,7,7,D06,21,D06_P021_SEC_6_33_PAR001,,false,true,false
"in 2021 ,",3,7,7,D06,28,D06_P028_SEC_6_50_PAR001,,false,true,false
", 2013 ,",3,7,7,D06,29,D06_P029_SEC_6_54_PAR001,,false,true,false
", etc. ,",3,7,7,D06,31,D06_P031_SEC_6_54_PAR003,,false,true,false
"digital technologies ,",3,7,7,D06,31,D06_P031_SEC_6_56_PAR001,,false,true,false
". yet ,",3,7,7,D06,32,D06_P032_SEC_6_59_PAR001,,false,true,false
employment in the,3,7,7,D07,2,D07_P002_SEC_7_3_PAR001,employment,false,true,false
", as per",3,7,7,D07,3,D07_P003_SEC_7_6_PAR002,,false,true,false
as a whole,3,7,7,D07,7,D07_P007_SEC_7_13_PAR002,,false,true,false
up the value,3,7,7,D07,12,D07_P012_SEC_7_18_PAR001,,false,true,false
"value chain ,",3,7,7,D07,12,D07_P012_SEC_7_18_PAR001,,false,true,false
but it is,3,7,7,D07,16,D07_P016_SEC_7_21_PAR003,,true,true,false
: india 's,3,7,7,D07,17,D07_P017_UNKNOWN_PAR004,,false,true,false
the state and,3,7,7,D07,20,D07_P020_SEC_7_27_PAR001,,false,true,false
cities such as,3,7,7,D07,20,D07_P020_SEC_7_27_PAR001,,false,true,false
", making it",3,7,6,D07,21,D07_P021_SEC_7_33_PAR001,,false,true,false
( mt ),3,7,5,D07,26,D07_P026_SEC_7_45_PAR001,,false,true,false
"skill development ,",3,7,7,D07,32,D07_P032_SEC_7_57_PAR001,,false,true,false
have been approved,3,7,7,D08,15,D08_BOX003,,false,true,false
to act as,3,7,7,D08,20,D08_BOX007,,false,true,false
( msmes ),3,7,7,D08,36,D08_BOX021,,false,true,false
at scale .,3,7,7,D08,43,D08_BOX029,,false,true,false
viksit bharat @,3,7,7,D08,1,D08_P001_UNKNOWN_PAR004,,false,true,false
bharat @ 2047,3,7,7,D08,1,D08_P001_UNKNOWN_PAR004,,false,true,false
"of 2025-26 ,",3,7,7,D08,12,D08_P012_SEC_8_28_PAR001,,false,true,false
. the core,3,7,7,D08,19,D08_P019_SEC_8_39_PAR001,,false,true,false
programmes such as,3,7,7,D08,25,D08_P025_SEC_8_50_PAR001,,false,true,false
the core of,3,7,7,D08,27,D08_P027_UNKNOWN_PAR005,,false,true,false
india 's urban,3,7,7,D09,19,D09_BOX017,,false,true,false
: i .,3,7,7,D09,21,D09_BOX019,,false,true,false
and services .,3,7,7,D09,36,D09_BOX031,,false,true,false
india 's infrastructure,3,7,7,D09,1,D09_P001_UNKNOWN_PAR003,,false,true,false
. sebi 's,3,7,6,D09,5,D09_P005_SEC_9_14_PAR001,,false,true,false
"support , and",3,7,7,D09,5,D09_P005_SEC_9_16_PAR001,,false,true,false
a result of,3,7,7,D09,24,D09_P024_SEC_9_40_PAR008,,false,true,false
the result is,3,7,6,D09,25,D09_P025_SEC_9_40_PAR002,,false,true,false
community participation .,3,7,7,D09,33,D09_P033_SEC_9_51_PAR001,,false,true,false
retrieved on december,3,7,2,D10,18,D10_BOX005,,false,true,false
"24 , 2025",3,7,2,D10,18,D10_BOX005,,false,true,false
", from :",3,7,2,D10,18,D10_BOX005,,false,true,false
from : https,3,7,2,D10,18,D10_BOX005,,false,true,false
", and community",3,7,7,D10,25,D10_BOX011,,false,true,false
"climate change ,",3,7,7,D10,38,D10_BOX019,,false,true,false
india 's economic,3,7,7,D10,5,D10_P005_SEC_10_13_PAR001,,false,true,false
of the chapter,3,7,7,D10,6,D10_P006_SEC_10_19_PAR001,,false,true,false
. evidence suggests,3,7,7,D10,23,D10_P023_SEC_10_58_PAR003,,false,true,false
prevention and control,3,7,5,D10,34,D10_P034_SEC_10_82_PAR001,,false,true,false
among others .,3,7,7,D11,35,D11_BOX015,,false,true,false
etc . the,3,7,7,D11,2,D11_P002_SEC_11_2_PAR001,,false,true,false
and ( iii,3,7,7,D11,17,D11_P017_SEC_11_26_PAR001,,false,true,false
and uttar pradesh,3,7,6,D11,17,D11_P017_SEC_11_27_PAR001,,false,true,false
in both the,3,7,7,D11,23,D11_P023_SEC_11_34_PAR005,,true,true,false
and that the,3,7,7,D11,39,D11_P039_SEC_11_57_PAR004,,true,true,false
are required to,3,7,6,D12,33,D12_P033_SEC_12_49_PAR004,,false,true,false
of the key,3,7,7,D13,22,D13_P022_SEC_13_60_PAR001,,false,true,false
km ) &,3,7,3,D13,22,D13_P022_SEC_13_60_PAR001,,false,true,false
", inter alia",3,7,7,D13,22,D13_P022_SEC_13_61_PAR001,,false,true,false
"inter alia ,",3,7,7,D13,22,D13_P022_SEC_13_61_PAR001,,false,true,false
to the public,3,7,7,D13,28,D13_P028_SEC_13_77_PAR004,,false,true,false
. the hon'ble,3,7,7,D13,33,D13_P033_SEC_13_86_PAR001,,false,true,false
", learning ,",3,7,7,D14,26,D14_P026_SEC_14_60_PAR001,,false,true,false
india 's cities,3,7,5,D15,24,D15_BOX007,,false,true,false
pradhan mantri awas,3,7,4,D15,27,D15_P027_SEC_15_50_PAR001,,false,true,false
they are not,3,7,7,D15,30,D15_P030_SEC_15_57_PAR001,,true,true,false
an entrepreneurial state,3,7,7,D16,18,D16_P018_SEC_16_56_PAR001,,false,true,false
the financial stability,3,7,5,D18,1,D18_P001_UNKNOWN_PAR002,financial;stability,false,true,false
estimates for 2025-26,3,7,6,D19,4,D19_P004_UNKNOWN_PAR003,,false,true,false
", union budget",3,7,7,D19,8,D19_P008_UNKNOWN_PAR009,budget,false,true,false
( s ),3,7,5,D19,9,D19_P009_UNKNOWN_PAR008,,false,true,false
actuals 2024-25 budgeted,3,7,7,D19,3,D19_T001,,false,true,false
2024-25 budgeted revised,3,7,7,D19,3,D19_T001,,false,true,false
budgeted revised budgeted,3,7,7,D19,3,D19_T001,,false,true,false
% change (,3,7,7,D19,3,D19_T001,,false,true,false
change ( 2025-26,3,7,7,D19,3,D19_T001,,false,true,false
( 2025-26 re,3,7,7,D19,3,D19_T001,,false,true,false
2026-27 be ),3,7,7,D19,3,D19_T001,,false,true,false
of the company,3,7,6,D21,2,D21_BOX001,,false,true,false
: sebi has,3,7,7,D21,1,D21_P001_SEC_3_1_1_PAR001,,false,true,false
for mutual funds,3,7,6,D21,3,D21_P003_SEC_3_1_1_PAR002,,false,true,false
but less than,3,7,7,D21,6,D21_P006_SEC_3_1_2_PAR008,,false,true,false
₹crore ) 2024-25,3,7,7,D21,5,D21_T001,,false,true,false
2026 ( table,3,7,7,D21,15,D21_T014,,false,true,false
in the equity,3,7,7,D22,2,D22_BOX001,equity,false,true,false
futures and options,3,7,6,D22,12,D22_BOX003,,false,true,false
( contd .,3,7,7,D22,12,D22_BOX003,,false,true,false
contd . ),3,7,7,D22,12,D22_BOX003,,false,true,false
ias and ras,3,7,4,D22,35,D22_BOX007,,false,true,false
the equity derivatives,3,7,7,D22,5,D22_P005_SEC_4_1_1_PAR001,equity,false,true,false
"at bse ,",3,7,7,D22,5,D22_P005_SEC_4_1_1_PAR002,,false,true,false
end of march,3,7,7,D22,5,D22_P005_SEC_4_1_1_PAR003,,false,true,false
the rfq platform,3,7,3,D22,10,D22_P010_SEC_4_2_1_PAR002,,false,true,false
"portfolio managers ,",3,7,6,D22,10,D22_P010_SEC_4_2_1_PAR003,,false,true,false
of mutual funds,3,7,6,D22,11,D22_P011_SEC_4_2_2_PAR006,,false,true,false
. the details,3,7,7,D22,22,D22_P022_UNKNOWN_PAR002,,false,true,false
by sebi and,3,7,7,D22,22,D22_P022_UNKNOWN_PAR002,,false,true,false
"stock brokers ,",3,7,7,D22,32,D22_P032_SEC_4_7_5_PAR002,,false,true,false
stock brokers ),3,7,3,D22,33,D22_P033_SEC_4_7_5_PAR004,,false,true,false
brokers ) regulations,3,7,3,D22,33,D22_P033_SEC_4_7_5_PAR004,,false,true,false
the master circular,3,7,6,D22,33,D22_P033_SEC_4_7_5_PAR008,,false,true,false
of the board,3,7,7,D22,39,D22_P039_SEC_4_8_3_PAR002,,false,true,false
2024-25 * 2025-26,3,7,6,D22,5,D22_T003,,false,true,false
0 1 0,3,7,4,D22,8,D22_T008,,false,true,false
amount ( ₹,3,7,5,D22,12,D22_T015,,false,true,false
sebi ( mutual,3,7,6,D23,2,D23_BOX001,,false,true,false
( mutual funds,3,7,7,D23,2,D23_BOX001,,false,true,false
for investment in,3,7,2,D23,11,D23_BOX005,investment,false,true,false
for reits and,3,7,6,D23,17,D23_P017_SEC_5_3_2_PAR006,,false,true,false
"01 , 2025",3,7,7,D23,6,D23_T004,,false,true,false
", sebi had",3,7,7,D24,2,D24_P002_SEC_6_1_1_PAR037,,false,true,false
", sebi is",3,7,7,D26,6,D26_P006_SEC_8_1_5_PAR004,,false,true,false
compliance with the,3,7,7,D27,12,D27_P012_UNKNOWN_PAR006,,false,true,false
the pit regulations,3,7,6,D28,1,D28_P001_UNKNOWN_PAR007,,false,true,false
in compliance with,3,7,7,D28,2,D28_P002_SEC_10_1_1_PAR007,,false,true,false
& ors .,3,7,7,D28,19,D28_P019_UNKNOWN_PAR011,,false,true,false
", the appellants",3,7,6,D28,20,D28_P020_UNKNOWN_PAR003,,false,true,false
order dated december,3,7,7,D28,21,D28_P021_UNKNOWN_PAR010,,false,true,false
filed by the,3,7,7,D28,22,D28_P022_UNKNOWN_PAR003,,false,true,false
no . 1,3,7,6,D28,25,D28_P025_UNKNOWN_PAR006,,false,true,false
) r/w section,3,7,7,D28,33,D28_P033_UNKNOWN_PAR003,,false,true,false
section 27 of,3,7,7,D28,33,D28_P033_UNKNOWN_PAR004,,false,true,false
investment trusts ),3,7,7,D28,35,D28_P035_UNKNOWN_PAR001,investment,false,true,false
trusts ) (,3,7,7,D28,35,D28_P035_UNKNOWN_PAR001,,false,true,false
than 1 year,3,7,5,D28,7,D28_T007,,false,true,false
of mutual interest,3,7,7,D29,3,D29_P003_III_PAR001,,false,true,false
"2025-26 , nism",3,7,7,D30,2,D30_P002_SEC_12_3_PAR001,,false,true,false
language policy of,3,7,6,D31,10,D31_P010_SEC_13_6_PAR001,policy,false,true,false
policy of the,3,7,6,D31,10,D31_P010_SEC_13_6_PAR001,policy,false,true,false
", and trade",3,6,6,D01,5,D01_BOX001,trade,false,true,false
annual survey of,3,6,5,D01,21,D01_BOX005,,false,true,false
sector enterprises (,3,6,5,D01,21,D01_BOX005,sector,false,true,false
of the services,3,6,6,D01,21,D01_BOX005,,false,true,false
in the near,3,6,6,D01,1,D01_P001_UNKNOWN_PAR002,,false,true,false
the near term,3,6,6,D01,1,D01_P001_UNKNOWN_PAR002,,false,true,false
the chapter also,3,6,5,D01,1,D01_P001_UNKNOWN_PAR004,,false,true,false
", and labour",3,6,6,D01,1,D01_P001_UNKNOWN_PAR005,,false,true,false
strike a balance,3,6,6,D01,1,D01_P001_UNKNOWN_PAR005,balance,false,true,false
amid global uncertainty,3,6,6,D01,1,D01_P001_UNKNOWN_PAR006,,false,true,false
. the most,3,6,6,D01,2,D01_P002_SEC_1_1_PAR001,,false,true,false
the imf 's,3,6,5,D01,2,D01_P002_SEC_1_1_PAR001,,false,true,false
and developing economies,3,6,5,D01,2,D01_P002_SEC_1_1_PAR001,,false,true,false
( table i.,3,6,5,D01,2,D01_P002_SEC_1_1_PAR001,,false,true,false
", while that",3,6,5,D01,2,D01_P002_SEC_1_1_PAR001,,false,true,false
nearly half of,3,6,6,D01,3,D01_P003_SEC_1_2_PAR002,,false,true,false
growth has been,3,6,6,D01,3,D01_P003_SEC_1_2_PAR002,growth,false,true,false
been accompanied by,3,6,6,D01,3,D01_P003_SEC_1_2_PAR002,,false,true,false
"domestic demand ,",3,6,6,D01,3,D01_P003_SEC_1_2_PAR002,demand,false,true,false
"globally , the",3,6,6,D01,3,D01_P003_SEC_1_3_PAR001,,false,true,false
", they are",3,6,6,D01,4,D01_P004_SEC_1_3_PAR001,,false,true,false
the ability of,3,6,6,D01,4,D01_P004_SEC_1_3_PAR001,,false,true,false
particularly in the,3,6,6,D01,4,D01_P004_SEC_1_3_PAR001,,false,true,false
"the uk ,",3,6,6,D01,4,D01_P004_SEC_1_3_PAR001,,false,true,false
". this ,",3,6,6,D01,4,D01_P004_SEC_1_5_PAR001,,false,true,false
among the top,3,6,5,D01,4,D01_P004_SEC_1_5_PAR001,,false,true,false
7 ) .,3,6,6,D01,6,D01_P006_SEC_1_6_PAR001,,false,true,false
during the pandemic,3,6,6,D01,6,D01_P006_SEC_1_6_PAR002,,false,true,false
"pandemic , the",3,6,6,D01,6,D01_P006_SEC_1_6_PAR002,,false,true,false
the limits of,3,6,6,D01,6,D01_P006_SEC_1_6_PAR002,,false,true,false
global integration .,3,6,6,D01,6,D01_P006_SEC_1_6_PAR002,,false,true,false
the following :,3,6,6,D01,6,D01_P006_SEC_1_6_PAR003,,false,true,false
led to the,3,6,6,D01,6,D01_P006_SEC_1_6_PAR006,,false,true,false
the onset of,3,6,6,D01,6,D01_P006_SEC_1_6_PAR007,,false,true,false
accompanied by a,3,6,6,D01,7,D01_P007_SEC_1_6_PAR002,,false,true,false
in a manner,3,6,6,D01,7,D01_P007_SEC_1_6_PAR004,,false,true,false
"renewable energy ,",3,6,6,D01,7,D01_P007_SEC_1_6_PAR006,energy,false,true,false
", and energy",3,6,6,D01,7,D01_P007_SEC_1_6_PAR009,energy,false,true,false
", for instance",3,6,6,D01,8,D01_P008_SEC_1_6_PAR002,,false,true,false
"public infrastructure ,",3,6,6,D01,8,D01_P008_SEC_1_6_PAR003,,false,true,false
of this survey,3,6,6,D01,8,D01_P008_SEC_1_6_PAR003,,false,true,false
even as the,3,6,6,D01,8,D01_P008_SEC_1_8_PAR001,,false,true,false
", the highest",3,6,6,D01,10,D01_P010_SEC_1_9_PAR001,,false,true,false
"conditions , and",3,6,6,D01,10,D01_P010_SEC_1_9_PAR001,,false,true,false
", and rising",3,6,6,D01,10,D01_P010_SEC_1_9_PAR001,,false,true,false
the rationalisation of,3,6,6,D01,10,D01_P010_SEC_1_9_PAR001,,false,true,false
direct and indirect,3,6,6,D01,10,D01_P010_SEC_1_9_PAR001,,false,true,false
continuation of the,3,6,6,D01,11,D01_P011_SEC_1_11_PAR001,,false,true,false
during the last,3,6,6,D01,11,D01_P011_SEC_1_11_PAR001,,false,true,false
", exceeding the",3,6,6,D01,12,D01_P012_SEC_1_12_PAR001,,false,true,false
the pre-pandemic average,3,6,6,D01,12,D01_P012_SEC_1_12_PAR001,,false,true,false
non-food bank credit,3,6,6,D01,13,D01_P013_SEC_1_13_PAR001,bank;credit,false,true,false
"capital goods ,",3,6,6,D01,13,D01_P013_SEC_1_13_PAR001,capital,false,true,false
services exports have,3,6,5,D01,13,D01_P013_SEC_1_14_PAR001,exports,false,true,false
have continued to,3,6,6,D01,13,D01_P013_SEC_1_14_PAR001,,false,true,false
in detail in,3,6,6,D01,13,D01_P013_SEC_1_14_PAR001,,false,true,false
detail in chapter,3,6,6,D01,13,D01_P013_SEC_1_14_PAR001,,false,true,false
last year .,3,6,6,D01,14,D01_P014_SEC_1_15_PAR001,,false,true,false
. looking ahead,3,6,6,D01,14,D01_P014_SEC_1_15_PAR001,,false,true,false
h 1 fy25,3,6,6,D01,14,D01_P014_SEC_1_17_PAR001,,false,true,false
more than half,3,6,6,D01,14,D01_P014_SEC_1_17_PAR001,,false,true,false
14 ) .,3,6,6,D01,15,D01_P015_SEC_1_17_PAR002,,false,true,false
as of 16 january 2026,3,6,4,D01,15,D01_P015_SEC_1_18_PAR001,,false,true,false
16 ) .,3,6,6,D01,15,D01_P015_SEC_1_19_PAR001,,false,true,false
developments in the,3,6,6,D01,16,D01_P016_SEC_1_20_PAR001,,false,true,false
"manufacturing , and",3,6,6,D01,16,D01_P016_SEC_1_22_PAR001,,false,true,false
", hospitality ,",3,6,5,D01,18,D01_P018_SEC_1_25_PAR001,,false,true,false
domestic demand and,3,6,6,D01,18,D01_P018_SEC_1_26_PAR001,demand,false,true,false
are presented in,3,6,6,D01,18,D01_P018_SEC_1_27_PAR001,,false,true,false
presented in box,3,6,6,D01,18,D01_P018_SEC_1_27_PAR001,,false,true,false
time . the,3,6,6,D01,19,D01_P019_UNKNOWN_PAR004,,false,true,false
growth of the,3,6,6,D01,19,D01_P019_UNKNOWN_PAR005,growth,false,true,false
the movement of,3,6,6,D01,20,D01_P020_UNKNOWN_PAR001,,false,true,false
india 's national,3,6,6,D01,21,D01_P021_SEC_1_28_PAR001,,false,true,false
are discussed in,3,6,6,D01,21,D01_P021_SEC_1_28_PAR001,,false,true,false
financial assistance to,3,6,5,D01,22,D01_P022_SEC_1_28_PAR007,financial,false,true,false
", and better",3,6,6,D01,22,D01_P022_SEC_1_28_PAR009,,false,true,false
of the major,3,6,6,D01,22,D01_P022_SEC_1_28_PAR010,,false,true,false
in the new,3,6,6,D01,22,D01_P022_SEC_1_28_PAR010,,false,true,false
final consumption expenditure,3,6,4,D01,22,D01_P022_SEC_1_28_PAR014,consumption;expenditure,false,true,false
price index (,3,6,6,D01,23,D01_P023_SEC_1_28_PAR008,,false,true,false
"ahead , the",3,6,6,D01,24,D01_P024_SEC_1_29_PAR001,,false,true,false
of monetary policy,3,6,6,D01,24,D01_P024_SEC_1_29_PAR001,monetary;policy,false,true,false
fy23 fy24 fy25,3,6,6,D01,24,D01_P024_SEC_1_29_PAR003,,false,true,false
gross tax revenue,3,6,6,D01,24,D01_P024_SEC_1_30_PAR001,revenue;tax,false,true,false
government 's fiscal,3,6,4,D01,25,D01_P025_SEC_1_31_PAR001,fiscal,false,true,false
unconditional cash transfers,3,6,6,D01,25,D01_P025_SEC_1_31_PAR001,,false,true,false
has contributed to,3,6,6,D01,25,D01_P025_SEC_1_31_PAR001,,false,true,false
by more than,3,6,6,D01,25,D01_P025_SEC_1_32_PAR001,,true,true,false
"the economy ,",3,6,6,D01,26,D01_P026_SEC_1_32_PAR001,,false,true,false
the credibility of,3,6,6,D01,26,D01_P026_SEC_1_32_PAR001,,false,true,false
' to ',3,6,6,D01,26,D01_P026_SEC_1_32_PAR001,,false,true,false
profit after tax,3,6,6,D01,26,D01_P026_SEC_1_33_PAR001,profit;tax,false,true,false
serve as a,3,6,6,D01,27,D01_P027_SEC_1_34_PAR001,,false,true,false
"april- november 2025 ,",3,6,6,D01,27,D01_P027_SEC_1_34_PAR001,,false,true,false
"december 2025 ) ,",3,6,6,D01,27,D01_P027_SEC_1_35_PAR001,,false,true,false
. following the,3,6,6,D01,27,D01_P027_SEC_1_35_PAR001,,false,true,false
", the current",3,6,6,D01,27,D01_P027_SEC_1_35_PAR001,current,false,true,false
current account deficit,3,6,6,D01,27,D01_P027_SEC_1_35_PAR001,account;current;deficit,false,true,false
in countries such,3,6,6,D01,28,D01_P028_SEC_1_36_PAR001,,false,true,false
the us dollar,3,6,6,D01,28,D01_P028_SEC_1_37_PAR001,,false,true,false
integration into gvcs,3,6,6,D01,28,D01_P028_SEC_1_37_PAR001,,false,true,false
"of september 2025 ,",3,6,6,D01,28,D01_P028_SEC_1_38_PAR001,,false,true,false
", and social",3,6,6,D01,29,D01_P029_SEC_1_40_PAR001,,false,true,false
have contributed to,3,6,6,D01,29,D01_P029_SEC_1_41_PAR001,,false,true,false
to a reduction,3,6,6,D01,29,D01_P029_SEC_1_41_PAR001,,false,true,false
health and education,3,6,5,D01,29,D01_P029_SEC_1_41_PAR001,,false,true,false
and child health,3,6,6,D01,30,D01_P030_SEC_1_41_PAR001,,false,true,false
", and further",3,6,6,D01,30,D01_P030_SEC_1_42_PAR001,,false,true,false
. if the,3,6,6,D01,30,D01_P030_SEC_1_43_PAR001,,false,true,false
"additionally , a",3,6,6,D01,30,D01_P030_SEC_1_43_PAR001,,false,true,false
"therefore , is",3,6,6,D01,31,D01_P031_SEC_1_46_PAR001,,false,true,false
"digital infrastructure ,",3,6,6,D01,31,D01_P031_SEC_1_46_PAR002,,false,true,false
an improvement in,3,6,6,D01,32,D01_P032_SEC_1_46_PAR004,,false,true,false
in the corporate,3,6,6,D01,32,D01_P032_SEC_1_PAR001,,false,true,false
has been supported,3,6,6,D01,32,D01_P032_SEC_1_PAR002,,false,true,false
. compared to,3,6,6,D01,32,D01_P032_SEC_1_PAR002,,false,true,false
of capital .,3,6,6,D01,32,D01_P032_SEC_1_PAR002,capital,false,true,false
", based on",3,6,6,D01,33,D01_P033_SEC_1_PAR005,,false,true,false
labour market .,3,6,6,D01,33,D01_P033_SEC_1_PAR007,market,false,true,false
are likely to,3,6,6,D01,33,D01_P033_SEC_1_PAR007,,false,true,false
) . however,3,6,6,D01,33,D01_P033_SEC_3_PAR001,,false,true,false
"however , in",3,6,6,D01,33,D01_P033_SEC_3_PAR001,,false,true,false
", thereby improving",3,6,6,D01,33,D01_P033_SEC_3_PAR002,,false,true,false
the centre and,3,6,6,D01,35,D01_P035_SEC_3_PAR002,,false,true,false
growth and development,3,6,6,D01,35,D01_P035_SEC_3_PAR003,growth,false,true,false
' 25 jan ',3,6,1,D01,2,D01_T001,,false,true,false
( % ),3,6,2,D01,34,D01_T008,,false,false,false
"this , in",3,6,6,D02,15,D02_BOX005,,false,true,false
public financial management,3,6,6,D02,16,D02_BOX007,financial,false,true,false
the scheme has,3,6,6,D02,26,D02_BOX013,,false,true,false
significant share of,3,6,6,D02,28,D02_BOX015,,false,true,false
", maharashtra ,",3,6,6,D02,28,D02_BOX015,,false,true,false
in the future,3,6,6,D02,34,D02_BOX017,,false,true,false
the future .,3,6,6,D02,34,D02_BOX017,,false,true,false
et al .,3,6,5,D02,39,D02_BOX019,,false,true,false
al . (,3,6,5,D02,39,D02_BOX019,,false,true,false
in advanced economies,3,6,6,D02,39,D02_BOX019,,false,true,false
the indian context,3,6,6,D02,39,D02_BOX019,,false,true,false
post-pandemic period .,3,6,6,D02,1,D02_P001_UNKNOWN_PAR002,,false,true,false
", and improved",3,6,6,D02,1,D02_P001_UNKNOWN_PAR003,,false,true,false
this chapter examines,3,6,6,D02,2,D02_P002_SEC_2_2_PAR001,,false,true,false
an analysis of,3,6,6,D02,2,D02_P002_SEC_2_2_PAR001,,false,true,false
rapid expansion of,3,6,6,D02,2,D02_P002_UNKNOWN_PAR001,,false,true,false
", instead of",3,6,6,D02,3,D02_P003_SEC_2_3_PAR001,,false,true,false
in fy21 to,3,6,6,D02,3,D02_P003_SEC_2_4_PAR001,,false,true,false
"period , the",3,6,6,D02,3,D02_P003_SEC_2_4_PAR001,,false,true,false
pa ) .,3,6,5,D02,4,D02_P004_SEC_2_6_PAR001,,false,true,false
the government .,3,6,6,D02,4,D02_P004_SEC_2_6_PAR001,,false,true,false
steady expansion of,3,6,6,D02,5,D02_P005_SEC_2_8_PAR001,,false,true,false
as a powerful,3,6,6,D02,5,D02_P005_SEC_2_8_PAR001,,false,true,false
"- fy25 ,",3,6,6,D02,6,D02_P006_SEC_2_9_PAR001,,false,true,false
and services tax,3,6,6,D02,7,D02_P007_SEC_2_13_PAR002,tax,false,true,false
"transaction costs ,",3,6,6,D02,10,D02_P010_UNKNOWN_PAR007,,false,true,false
", and encourage",3,6,6,D02,10,D02_P010_UNKNOWN_PAR007,,false,true,false
activities . the,3,6,6,D02,10,D02_P010_UNKNOWN_PAR008,,false,true,false
a tool for,3,6,6,D02,11,D02_P011_SEC_2_18_PAR001,,false,true,false
such as a,3,6,6,D02,11,D02_P011_SEC_2_18_PAR001,,true,true,false
", can be",3,6,6,D02,11,D02_P011_UNKNOWN_PAR001,,false,true,false
contributed to the,3,6,6,D02,12,D02_P012_SEC_2_20_PAR001,,false,true,false
went up by,3,6,6,D02,12,D02_P012_SEC_2_20_PAR001,,false,true,false
"payments , and",3,6,6,D02,14,D02_P014_SEC_2_25_PAR001,payments,false,true,false
"food security ,",3,6,6,D02,14,D02_P014_SEC_2_25_PAR001,,false,true,false
have played a,3,6,6,D02,15,D02_P015_SEC_2_26_PAR001,,false,true,false
", in some",3,6,6,D02,15,D02_P015_SEC_2_26_PAR002,,false,true,false
"in december 2025 ,",3,6,6,D02,15,D02_P015_SEC_2_26_PAR003,,false,true,false
was introduced to,3,6,5,D02,16,D02_P016_SEC_2_26_PAR001,,false,true,false
"competition , and",3,6,6,D02,16,D02_P016_SEC_2_26_PAR001,,false,true,false
centrally sponsored schemes,3,6,5,D02,17,D02_P017_UNKNOWN_PAR002,,false,true,false
"risks , and",3,6,6,D02,17,D02_P017_UNKNOWN_PAR003,,false,true,false
in the public,3,6,6,D02,17,D02_P017_UNKNOWN_PAR005,,false,true,false
the public distribution,3,6,6,D02,17,D02_P017_UNKNOWN_PAR005,,false,true,false
public distribution system,3,6,6,D02,17,D02_P017_UNKNOWN_PAR005,,false,true,false
information system (,3,6,6,D02,17,D02_P017_UNKNOWN_PAR007,,false,true,false
to an average,3,6,5,D02,18,D02_P018_SEC_2_29_PAR001,,false,true,false
rural development .,3,6,6,D02,18,D02_P018_SEC_2_29_PAR001,,false,true,false
state governments have,3,6,6,D02,18,D02_P018_UNKNOWN_PAR002,,false,true,false
account for over,3,6,6,D02,19,D02_P019_SEC_2_30_PAR001,account,false,true,false
and urban affairs,3,6,5,D02,19,D02_P019_SEC_2_30_PAR001,,false,true,false
the past two,3,6,6,D02,19,D02_P019_SEC_2_31_PAR001,,false,true,false
loans to states,3,6,6,D02,23,D02_P023_SEC_2_37_PAR001,loans,false,true,false
) . for,3,6,6,D02,23,D02_P023_UNKNOWN_PAR001,,false,true,false
less than 1,3,6,6,D02,24,D02_P024_SEC_2_38_PAR003,,false,true,false
) ( chart,3,6,6,D02,25,D02_P025_UNKNOWN_PAR001,,false,true,false
has been allocated,3,6,4,D02,26,D02_P026_SEC_2_40_PAR001,,false,true,false
loans and advances,3,6,6,D02,28,D02_P028_UNKNOWN_PAR001,loans,false,true,false
"in fy24 ,",3,6,6,D02,29,D02_P029_UNKNOWN_PAR002,,false,true,false
has shown a,3,6,6,D02,30,D02_P030_SEC_2_42_PAR001,,false,true,false
to the previous,3,6,6,D02,30,D02_P030_SEC_2_42_PAR001,,false,true,false
framework for the,3,6,6,D02,33,D02_P033_UNKNOWN_PAR001,,false,true,false
", in a",3,6,6,D02,34,D02_P034_UNKNOWN_PAR002,,false,true,false
to the country,3,6,6,D02,36,D02_P036_SEC_2_48_PAR001,,false,true,false
is presented in,3,6,6,D02,39,D02_P039_UNKNOWN_PAR001,,false,true,false
' is the,3,6,2,D02,39,D02_P039_UNKNOWN_PAR002,,false,true,false
"i.e. , the",3,6,6,D02,40,D02_P040_UNKNOWN_PAR001,,false,true,false
strong macroeconomic fundamentals,3,6,6,D02,41,D02_P041_SEC_2_55_PAR001,macroeconomic,false,true,false
https : //tinyurl,3,6,6,D02,41,D02_P041_SEC_2_56_PAR003,,false,true,false
: //tinyurl .,3,6,6,D02,41,D02_P041_SEC_2_56_PAR003,,false,true,false
. strengthening the,3,6,6,D02,42,D02_P042_SEC_2_57_PAR001,,false,true,false
"local bodies ,",3,6,6,D02,42,D02_P042_SEC_2_57_PAR001,,false,true,false
at the grassroots,3,6,6,D02,42,D02_P042_SEC_2_57_PAR001,,false,true,false
* * (,3,6,2,D02,40,D02_T009,,false,false,false
a defining feature,3,6,6,D03,5,D03_BOX001,,false,true,false
capital markets and,3,6,6,D03,21,D03_BOX003,capital;markets,false,true,false
"operational efficiency ,",3,6,5,D03,21,D03_BOX003,,false,true,false
"however , there",3,6,6,D03,21,D03_BOX003,,false,true,false
"livelihoods , and",3,6,6,D03,27,D03_BOX009,,false,true,false
can play a,3,6,6,D03,29,D03_BOX011,,false,true,false
", 2025 (",3,6,6,D03,36,D03_BOX013,,false,true,false
. the code,3,6,6,D03,36,D03_BOX013,,false,true,false
"investor protection ,",3,6,6,D03,36,D03_BOX013,investor,false,true,false
changes in the,3,6,6,D03,39,D03_BOX015,,false,true,false
"and 2025 ,",3,6,6,D03,46,D03_BOX019,,false,true,false
economies such as,3,6,6,D03,46,D03_BOX019,,false,true,false
"technology transfer ,",3,6,6,D03,60,D03_BOX021,,false,true,false
to become a,3,6,6,D03,64,D03_BOX023,,false,true,false
( rbi ),3,6,6,D03,1,D03_P001_SEC_3_1_PAR001,,false,true,false
while india 's,3,6,6,D03,1,D03_P001_UNKNOWN_PAR005,,false,true,false
"interest rates ,",3,6,6,D03,2,D03_P002_SEC_3_1_PAR001,rates,false,true,false
financial stability .,3,6,6,D03,2,D03_P002_SEC_3_1_PAR001,financial;stability,false,true,false
has become a,3,6,6,D03,2,D03_P002_SEC_3_2_PAR001,,false,true,false
india . this,3,6,6,D03,2,D03_P002_SEC_3_3_PAR001,,false,true,false
financial sector regulators,3,6,4,D03,2,D03_P002_SEC_3_3_PAR001,financial;sector,false,true,false
uncertainty shock .,3,6,4,D03,2,D03_P002_SEC_3_4_PAR001,,false,true,false
"trade , and",3,6,6,D03,2,D03_P002_SEC_3_4_PAR001,trade,false,true,false
"31 december 2025 , the",3,6,6,D03,4,D03_P004_SEC_3_7_PAR001,,false,true,false
. box iii.,3,6,6,D03,4,D03_P004_SEC_3_8_PAR001,,false,true,false
in r &,3,6,5,D03,5,D03_P005_SEC_3_8_PAR002,,false,true,false
economic policy uncertainty,3,6,6,D03,5,D03_P005_SEC_3_8_PAR003,policy,false,true,false
policy uncertainty (,3,6,4,D03,5,D03_P005_SEC_3_8_PAR003,policy,false,true,false
the period from,3,6,6,D03,5,D03_P005_SEC_3_8_PAR004,,false,true,false
", and heightened",3,6,6,D03,6,D03_P006_SEC_3_8_PAR001,,false,true,false
". third ,",3,6,6,D03,6,D03_P006_SEC_3_8_PAR002,,false,true,false
as the ratio,3,6,6,D03,6,D03_P006_SEC_3_8_PAR005,,false,true,false
"therefore , the",3,6,6,D03,9,D03_P009_SEC_3_12_PAR001,,false,true,false
india 's approach,3,6,6,D03,9,D03_P009_SEC_3_9_PAR001,,false,true,false
measured by the,3,6,6,D03,11,D03_P011_SEC_3_15_PAR001,,false,true,false
the deployment of,3,6,6,D03,11,D03_P011_SEC_3_15_PAR001,,false,true,false
"monetary policy ,",3,6,6,D03,11,D03_P011_SEC_3_16_PAR001,monetary;policy,false,true,false
", and increasing",3,6,6,D03,13,D03_P013_SEC_3_20_PAR001,,false,true,false
sectors . the,3,6,6,D03,13,D03_P013_SEC_3_21_PAR001,sectors,false,true,false
the agriculture sector,3,6,6,D03,13,D03_P013_SEC_3_21_PAR001,sector,false,true,false
the amount of,3,6,6,D03,14,D03_P014_SEC_3_22_PAR001,,false,true,false
"however , it",3,6,6,D03,14,D03_P014_SEC_3_23_PAR001,,false,true,false
up to december 2025,3,6,5,D03,14,D03_P014_SEC_3_24_PAR001,,false,true,false
to december 2025 ),3,6,5,D03,14,D03_P014_SEC_3_24_PAR001,,false,true,false
the msme sector,3,6,4,D03,16,D03_P016_SEC_3_26_PAR001,sector,false,true,false
", which increased",3,6,5,D03,17,D03_P017_SEC_3_30_PAR001,,false,true,false
small and marginal,3,6,6,D03,18,D03_P018_SEC_3_32_PAR001,,false,true,false
and marginal farmers,3,6,6,D03,18,D03_P018_SEC_3_32_PAR001,,false,true,false
the agricultural sector,3,6,6,D03,18,D03_P018_SEC_3_34_PAR001,sector,false,true,false
reached an all-time,3,6,5,D03,19,D03_P019_SEC_3_35_PAR001,,false,true,false
an all-time high,3,6,5,D03,19,D03_P019_SEC_3_35_PAR001,,false,true,false
priority sector lending,3,6,6,D03,19,D03_P019_SEC_3_35_PAR001,lending;sector,false,true,false
. the rbi,3,6,6,D03,19,D03_P019_SEC_3_36_PAR001,,false,true,false
the credit guarantee,3,6,4,D03,20,D03_P020_SEC_3_38_PAR001,credit,false,true,false
of regulated entities,3,6,6,D03,20,D03_P020_SEC_3_39_PAR001,,false,true,false
is designed to,3,6,6,D03,20,D03_P020_SEC_3_41_PAR001,,false,true,false
focus is on,3,6,6,D03,22,D03_P022_SEC_3_41_PAR008,,false,true,false
"policy , and",3,6,6,D03,22,D03_P022_SEC_3_41_PAR008,policy,false,true,false
been driven by,3,6,6,D03,23,D03_P023_SEC_3_45_PAR001,,false,true,false
", even in",3,6,6,D03,25,D03_P025_SEC_3_47_PAR005,,false,true,false
not only on,3,6,6,D03,26,D03_P026_SEC_3_47_PAR003,,false,true,false
. the experience,3,6,6,D03,26,D03_P026_SEC_3_47_PAR004,,false,true,false
the experience of,3,6,6,D03,26,D03_P026_SEC_3_47_PAR004,,false,true,false
access to credit,3,6,6,D03,26,D03_P026_SEC_3_47_PAR004,credit,false,true,false
and institutional capacity,3,6,6,D03,26,D03_P026_SEC_3_47_PAR006,,false,true,false
. such an,3,6,6,D03,27,D03_P027_SEC_3_47_PAR002,,false,true,false
. the pradhan,3,6,5,D03,27,D03_P027_SEC_3_49_PAR001,,false,true,false
outcomes . the,3,6,6,D03,28,D03_P028_SEC_3_49_PAR002,,false,true,false
. the average,3,6,6,D03,28,D03_P028_SEC_3_49_PAR002,,false,true,false
", and enhanced",3,6,6,D03,28,D03_P028_SEC_3_49_PAR004,,false,true,false
and it is,3,6,6,D03,29,D03_P029_SEC_3_49_PAR004,,true,true,false
"reliability , and",3,6,6,D03,30,D03_P030_SEC_3_50_PAR006,,false,true,false
", and has",3,6,6,D03,31,D03_P031_SEC_3_50_PAR002,,false,true,false
", and greater",3,6,6,D03,31,D03_P031_SEC_3_52_PAR001,,false,true,false
12 ) .,3,6,6,D03,32,D03_P032_SEC_3_56_PAR001,,false,true,false
. this represents,3,6,6,D03,33,D03_P033_SEC_3_59_PAR001,,false,true,false
"measures , including",3,6,6,D03,34,D03_P034_SEC_3_64_PAR001,,false,true,false
"ecosystem , the",3,6,6,D03,35,D03_P035_SEC_3_67_PAR001,,false,true,false
. since its,3,6,6,D03,36,D03_P036_SEC_3_70_PAR001,,false,true,false
. these reforms,3,6,6,D03,37,D03_P037_SEC_3_71_PAR002,,false,true,false
"executive , and",3,6,6,D03,37,D03_P037_SEC_3_71_PAR003,,false,true,false
. sebi is,3,6,5,D03,38,D03_P038_UNKNOWN_PAR002,,false,true,false
"market participants ,",3,6,6,D03,38,D03_P038_UNKNOWN_PAR003,market,false,true,false
mutual funds in,3,6,6,D03,39,D03_P039_SEC_3_73_PAR003,,false,true,false
financial system .,3,6,6,D03,42,D03_P042_SEC_3_73_PAR001,financial,false,true,false
sebi vs scam,3,6,5,D03,42,D03_P042_SEC_3_74_PAR002,,false,true,false
market infrastructure institutions,3,6,6,D03,42,D03_P042_SEC_3_74_PAR002,market,false,true,false
education at the,3,6,5,D03,42,D03_P042_SEC_3_74_PAR002,,false,true,false
comply with the,3,6,6,D03,42,D03_P042_SEC_3_74_PAR002,,false,true,false
infrastructure investment trust,3,6,6,D03,43,D03_P043_SEC_3_74_PAR005,investment,false,true,false
a gradual shift,3,6,6,D03,44,D03_P044_SEC_3_76_PAR001,,false,true,false
by the end,3,6,6,D03,44,D03_P044_SEC_3_77_PAR001,,false,true,false
than that of,3,6,4,D03,45,D03_P045_SEC_3_78_PAR002,,true,true,false
"funds , and",3,6,6,D03,45,D03_P045_SEC_3_79_PAR001,,false,true,false
. out of,3,6,6,D03,45,D03_P045_SEC_3_79_PAR001,,false,true,false
"incentives , and",3,6,6,D03,45,D03_P045_SEC_3_80_PAR001,,false,true,false
"innovation , and",3,6,6,D03,46,D03_P046_SEC_3_84_PAR001,,false,true,false
the long run,3,6,6,D03,47,D03_P047_SEC_3_85_PAR006,,false,true,false
", t -1",3,6,1,D03,47,D03_P047_SEC_3_85_PAR007,,false,true,false
competitiveness . the,3,6,5,D03,48,D03_P048_SEC_3_85_PAR004,,false,true,false
"exports , and",3,6,6,D03,49,D03_P049_SEC_3_85_PAR005,exports,false,true,false
in global value,3,6,6,D03,49,D03_P049_SEC_3_85_PAR005,,false,true,false
current account surpluses,3,6,6,D03,49,D03_P049_SEC_3_85_PAR005,account;current,false,true,false
", driven largely",3,6,5,D03,51,D03_P051_SEC_3_89_PAR001,,false,true,false
driven largely by,3,6,5,D03,51,D03_P051_SEC_3_89_PAR001,,false,true,false
global risk aversion,3,6,6,D03,51,D03_P051_SEC_3_89_PAR001,,false,true,false
", sebi ,",3,6,6,D03,53,D03_P053_SEC_3_94_PAR001,,false,true,false
", and technology",3,6,6,D03,53,D03_P053_SEC_3_95_PAR001,,false,true,false
) in the,3,6,6,D03,55,D03_P055_SEC_3_99_PAR001,,false,true,false
", even when",3,6,6,D03,57,D03_P057_SEC_3_99_PAR002,,false,true,false
to grow at,3,6,6,D03,60,D03_P060_SEC_3_99_PAR001,,false,true,false
been reduced from,3,6,5,D03,60,D03_P060_SEC_3_99_PAR004,,false,true,false
as a critical,3,6,6,D03,62,D03_P062_UNKNOWN_PAR001,,false,true,false
. sebi has,3,6,6,D03,63,D03_P063_UNKNOWN_PAR002,,false,true,false
"in october 2025 ,",3,6,6,D03,63,D03_P063_UNKNOWN_PAR003,,false,true,false
global capital flows,3,6,6,D03,63,D03_P063_UNKNOWN_PAR005,capital,false,true,false
. the goal,3,6,6,D03,65,D03_P065_UNKNOWN_PAR002,,false,true,false
bps * *,3,6,1,D03,48,D03_T001,,false,true,false
"sector , which",3,6,6,D04,21,D04_BOX001,sector,false,true,false
this is a,3,6,6,D04,47,D04_BOX009,,true,true,false
trade policy uncertainty,3,6,6,D04,1,D04_P001_UNKNOWN_PAR002,policy;trade,false,true,false
", and strategic",3,6,6,D04,1,D04_P001_UNKNOWN_PAR002,,false,true,false
of the merchandise,3,6,6,D04,1,D04_P001_UNKNOWN_PAR003,,false,true,false
"trade deficit ,",3,6,6,D04,1,D04_P001_UNKNOWN_PAR003,deficit;trade,false,true,false
supply chains are,3,6,6,D04,2,D04_P002_SEC_4_1_PAR001,supply,false,true,false
likely to be,3,6,6,D04,2,D04_P002_SEC_4_1_PAR001,,false,true,false
in the way,3,6,6,D04,2,D04_P002_SEC_4_2_PAR001,,false,true,false
"flows , and",3,6,6,D04,2,D04_P002_SEC_4_4_PAR001,,false,true,false
in shaping the,3,6,6,D04,2,D04_P002_SEC_4_4_PAR001,,false,true,false
as shown in,3,6,6,D04,3,D04_P003_SEC_4_8_PAR001,,false,true,false
", according to",3,6,6,D04,3,D04_P003_SEC_4_8_PAR001,,false,true,false
calculated based on,3,6,6,D04,3,D04_P003_SEC_4_8_PAR005,,false,true,false
the fact that,3,6,6,D04,3,D04_P003_SEC_4_8_PAR005,,false,true,false
", as discussed",3,6,6,D04,7,D04_P007_SEC_4_14_PAR001,,false,true,false
the global south,3,6,5,D04,8,D04_P008_SEC_4_19_PAR001,,false,true,false
", registering a",3,6,6,D04,8,D04_P008_SEC_4_20_PAR001,,false,true,false
"services exports ,",3,6,6,D04,8,D04_P008_SEC_4_20_PAR001,exports,false,true,false
treated as a,3,6,6,D04,8,D04_P008_SEC_4_20_PAR003,,false,true,false
in fy24 .,3,6,6,D04,9,D04_P009_SEC_4_22_PAR001,,false,true,false
's share in,3,6,6,D04,12,D04_P012_SEC_4_30_PAR001,,false,true,false
has the potential,3,6,6,D04,12,D04_P012_SEC_4_31_PAR001,,false,true,false
( aagr ),3,6,5,D04,13,D04_P013_SEC_4_36_PAR001,,false,true,false
• us (,3,6,5,D04,17,D04_P017_SEC_4_40_PAR001,,false,true,false
• world (,3,6,5,D04,17,D04_P017_SEC_4_40_PAR001,,false,true,false
a measure of,3,6,6,D04,19,D04_P019_SEC_4_44_PAR002,,false,true,false
in a society,3,6,6,D04,19,D04_P019_SEC_4_44_PAR002,,false,true,false
be able to,3,6,5,D04,19,D04_P019_SEC_4_44_PAR003,,false,true,false
initiatives aim to,3,6,6,D04,20,D04_P020_SEC_4_46_PAR001,,false,true,false
"countries , including",3,6,6,D04,20,D04_P020_SEC_4_47_PAR005,,false,true,false
of the same,3,6,6,D04,22,D04_P022_UNKNOWN_PAR004,,false,true,false
", and health",3,6,6,D04,24,D04_P024_SEC_4_51_PAR001,,false,true,false
"export competitiveness ,",3,6,6,D04,25,D04_P025_SEC_4_52_PAR001,export,false,true,false
has been extended,3,6,6,D04,25,D04_P025_SEC_4_54_PAR001,,false,true,false
role in enhancing,3,6,6,D04,26,D04_P026_SEC_4_56_PAR001,,false,true,false
", services exports",3,6,5,D04,26,D04_P026_SEC_4_57_PAR001,exports,false,true,false
", the services",3,6,6,D04,26,D04_P026_SEC_4_57_PAR001,,false,true,false
", especially for",3,6,6,D04,37,D04_P037_SEC_4_80_PAR017,,false,true,false
india 's experience,3,6,6,D04,41,D04_P041_SEC_4_81_PAR004,,false,true,false
rather than as,3,6,6,D04,41,D04_P041_SEC_4_81_PAR005,,false,true,false
", the united",3,6,6,D04,42,D04_P042_SEC_4_81_PAR002,,false,true,false
are shaped by,3,6,6,D04,46,D04_P046_SEC_4_92_PAR001,,false,true,false
net total trade,3,6,5,D04,47,D04_P047_SEC_4_93_PAR004,trade,false,true,false
one per cent,3,6,6,D04,48,D04_P048_SEC_4_93_PAR004,,false,true,false
", going forward",3,6,6,D04,50,D04_P050_SEC_4_96_PAR001,,false,true,false
as a major,3,6,6,D04,51,D04_P051_SEC_4_97_PAR005,,false,true,false
that services exports,3,6,6,D04,52,D04_P052_SEC_4_97_PAR001,exports,false,true,false
"instead , it",3,6,6,D04,52,D04_P052_SEC_4_98_PAR001,,false,true,false
be achieved through,3,6,6,D04,57,D04_P057_UNKNOWN_PAR002,,false,true,false
in 2025-26 (,3,6,6,D05,5,D05_P005_SEC_5_8_PAR001,,false,true,false
. the impact,3,6,6,D05,11,D05_P011_SEC_5_18_PAR001,,false,true,false
the behaviour of,3,6,6,D05,12,D05_P012_SEC_5_21_PAR001,,false,true,false
in favour of,3,6,6,D05,15,D05_P015_SEC_5_29_PAR001,,false,true,false
"sectors , with",3,6,5,D05,15,D05_P015_SEC_5_30_PAR001,sectors,false,true,false
to the national,3,6,6,D05,18,D05_P018_SEC_5_34_PAR001,,false,true,false
https : //www.niti.gov.in/sites/default/files/,3,6,2,D06,7,D06_BOX001,,false,true,false
scheme will be,3,6,6,D06,13,D06_BOX005,,false,true,false
agriculture and farmers,3,6,3,D06,14,D06_BOX007,,false,true,false
", storage ,",3,6,6,D06,1,D06_P001_UNKNOWN_PAR005,,false,true,false
1 of the,3,6,6,D06,2,D06_P002_SEC_6_1_PAR001,,false,true,false
in agriculture and,3,6,6,D06,2,D06_P002_SEC_6_1_PAR001,,false,true,false
"demand , and",3,6,6,D06,5,D06_P005_SEC_6_9_PAR002,demand,false,true,false
", ranging from",3,6,6,D06,12,D06_P012_SEC_6_17_PAR001,,false,true,false
the rural economy,3,6,6,D06,17,D06_P017_SEC_6_23_PAR001,,false,true,false
"2025-26 , a",3,6,6,D06,18,D06_P018_SEC_6_26_PAR001,,false,true,false
a major step,3,6,6,D06,19,D06_P019_SEC_6_27_PAR001,,false,true,false
and state governments,3,6,6,D06,20,D06_P020_SEC_6_31_PAR001,,false,true,false
. in 2024,3,6,6,D06,22,D06_P022_SEC_6_35_PAR001,,false,true,false
from the previous,3,6,6,D06,25,D06_P025_SEC_6_40_PAR001,,false,true,false
management . the,3,6,6,D06,27,D06_P027_SEC_6_44_PAR002,,false,true,false
organised manufacturing sector,3,6,6,D06,28,D06_P028_SEC_6_49_PAR001,sector,false,true,false
. within this,3,6,6,D06,28,D06_P028_SEC_6_49_PAR001,,false,true,false
"andhra pradesh ,",3,6,6,D06,31,D06_P031_SEC_6_54_PAR004,,false,true,false
", gujarat ,",3,6,5,D06,31,D06_P031_SEC_6_54_PAR004,,false,true,false
is critical for,3,6,6,D06,32,D06_P032_SEC_6_57_PAR001,,false,true,false
"data analytics ,",3,6,6,D06,32,D06_P032_SEC_6_58_PAR001,,false,true,false
and the development,3,6,6,D06,32,D06_P032_SEC_6_60_PAR001,,false,true,false
's services sector,3,6,6,D07,7,D07_BOX001,sector,false,true,false
", and local",3,6,5,D07,30,D07_BOX013,,false,true,false
"of growth ,",3,6,6,D07,1,D07_P001_SEC_7_1_PAR001,growth,false,true,false
share of services,3,6,5,D07,3,D07_P003_SEC_7_6_PAR002,,false,true,false
advanced economies .,3,6,6,D07,3,D07_P003_SEC_7_6_PAR002,,false,true,false
services such as,3,6,6,D07,8,D07_P008_SEC_7_13_PAR003,,false,true,false
"training , and",3,6,6,D07,14,D07_P014_SEC_7_18_PAR002,,false,true,false
job creation .,3,6,6,D07,14,D07_P014_SEC_7_18_PAR005,,false,true,false
activities such as,3,6,6,D07,16,D07_P016_SEC_7_22_PAR001,,false,true,false
by 2030 .,3,6,6,D07,19,D07_P019_SEC_7_26_PAR001,,false,true,false
of best practices,3,6,5,D07,20,D07_P020_SEC_7_29_PAR001,,false,true,false
india 's data,3,6,6,D07,22,D07_P022_SEC_7_35_PAR001,,false,true,false
data centre capacity,3,6,5,D07,22,D07_P022_SEC_7_35_PAR001,,false,true,false
"artificial intelligence ,",3,6,6,D07,22,D07_P022_SEC_7_35_PAR001,,false,true,false
centres of excellence,3,6,6,D07,25,D07_P025_SEC_7_40_PAR002,,false,true,false
the digital economy,3,6,6,D07,27,D07_P027_SEC_7_47_PAR001,,false,true,false
the past year,3,6,6,D07,32,D07_P032_SEC_7_56_PAR001,,false,true,false
the potential of,3,6,6,D07,33,D07_P033_SEC_7_59_PAR001,,false,true,false
. as india,3,6,6,D07,13,D07_T002,,false,true,false
pli scheme for,3,6,4,D08,13,D08_BOX001,,false,true,false
objective of the,3,6,6,D08,13,D08_BOX001,,false,true,false
and south korea,3,6,5,D08,24,D08_BOX011,,false,true,false
the india semiconductor,3,6,6,D08,25,D08_BOX013,,false,true,false
india semiconductor mission,3,6,6,D08,25,D08_BOX013,,false,true,false
: //tinyurl.com/ 2,3,6,6,D08,34,D08_BOX019,,false,true,false
", and can",3,6,6,D08,36,D08_BOX021,,false,true,false
medium enterprises (,3,6,6,D08,36,D08_BOX021,,false,true,false
enterprises ( msmes,3,6,6,D08,36,D08_BOX021,,false,true,false
", ports ,",3,6,6,D08,42,D08_BOX027,,false,true,false
pli ) scheme,3,6,6,D08,1,D08_P001_UNKNOWN_PAR003,,false,true,false
"depth , and",3,6,6,D08,5,D08_P005_SEC_8_11_PAR001,,false,true,false
a review of,3,6,6,D08,7,D08_P007_SEC_8_15_PAR001,,false,true,false
"been sanctioned ,",3,6,6,D08,12,D08_P012_SEC_8_26_PAR001,,false,true,false
supply chains and,3,6,6,D08,27,D08_P027_UNKNOWN_PAR005,supply,false,true,false
with the national,3,6,6,D08,35,D08_P035_SEC_8_63_PAR003,,false,true,false
the protection of,3,6,6,D08,36,D08_P036_SEC_8_65_PAR001,,false,true,false
"schemes , and",3,6,6,D08,37,D08_P037_SEC_8_66_PAR003,,false,true,false
", and support",3,6,6,D08,40,D08_P040_SEC_8_70_PAR001,,false,true,false
by the hon'ble,3,6,6,D08,43,D08_P043_SEC_8_72_PAR003,,false,true,false
as a core,3,6,6,D08,44,D08_P044_SEC_8_72_PAR001,,false,true,false
"strategic resilience ,",3,6,6,D08,44,D08_P044_SEC_8_73_PAR001,,false,true,false
", and shared",3,6,6,D08,45,D08_P045_SEC_8_75_PAR001,,false,true,false
as a central,3,6,6,D08,45,D08_P045_SEC_8_76_PAR001,,false,true,false
department of economic,3,6,6,D09,6,D09_BOX003,,false,true,false
of rural development,3,6,5,D09,11,D09_BOX007,,false,true,false
", 2024 ,",3,6,6,D09,15,D09_BOX011,,false,true,false
to enhance operational,3,6,6,D09,17,D09_BOX013,,false,true,false
) : the,3,6,6,D09,21,D09_BOX019,,false,true,false
", skill development",3,6,6,D09,30,D09_BOX027,,false,true,false
not only by,3,6,6,D09,1,D09_P001_UNKNOWN_PAR002,,false,true,false
infrastructure investment trusts,3,6,6,D09,4,D09_P004_SEC_9_12_PAR001,investment,false,true,false
investment trusts (,3,6,4,D09,4,D09_P004_SEC_9_12_PAR001,investment,false,true,false
solid waste management,3,6,6,D09,7,D09_P007_SEC_9_17_PAR014,,false,true,false
"best practices ,",3,6,6,D09,7,D09_P007_SEC_9_17_PAR017,,false,true,false
"coordination , and",3,6,6,D09,25,D09_P025_SEC_9_40_PAR003,,false,true,false
into a single,3,6,6,D09,26,D09_P026_SEC_1_PAR002,,false,true,false
"last decade ,",3,6,5,D09,27,D09_P027_SEC_9_41_PAR001,,false,true,false
. to achieve,3,6,6,D09,33,D09_P033_SEC_9_50_PAR002,,false,true,false
development and deployment,3,6,4,D10,18,D10_BOX005,,false,true,false
for climate action,3,6,6,D10,32,D10_BOX015,,false,true,false
in developing countries,3,6,4,D10,32,D10_BOX015,,false,true,false
", in which",3,6,6,D10,3,D10_P003_SEC_10_5_PAR002,,false,true,false
", and access",3,6,6,D10,4,D10_P004_SEC_10_10_PAR001,,false,true,false
not as a,3,6,6,D10,4,D10_P004_SEC_10_11_PAR001,,true,true,false
to climate change,3,6,6,D10,7,D10_P007_SEC_10_20_PAR001,,false,true,false
to achieve the,3,6,6,D10,13,D10_P013_SEC_10_35_PAR001,,false,true,false
"the usa ,",3,6,6,D10,14,D10_P014_SEC_10_39_PAR001,,false,true,false
have been introduced,3,6,6,D10,17,D10_P017_SEC_10_44_PAR001,,false,true,false
the proliferation of,3,6,6,D10,20,D10_P020_SEC_10_46_PAR001,,false,true,false
", but rather",3,6,6,D10,25,D10_P025_SEC_10_63_PAR001,,false,true,false
associated with the,3,6,6,D10,31,D10_P031_SEC_10_74_PAR001,,false,true,false
that must be,3,6,5,D10,33,D10_P033_SEC_10_78_PAR001,,true,true,false
a central role,3,6,6,D10,34,D10_P034_SEC_10_80_PAR001,,false,true,false
and control of,3,6,4,D10,34,D10_P034_SEC_10_82_PAR001,,false,true,false
introduction of the,3,6,6,D10,35,D10_P035_SEC_10_83_PAR002,,false,true,false
the framework for,3,6,6,D10,35,D10_P035_SEC_10_84_PAR001,,false,true,false
. apart from,3,6,6,D10,38,D10_P038_SEC_10_94_PAR001,,false,true,false
the binding constraint,3,6,6,D10,40,D10_P040_SEC_10_99_PAR002,,false,true,false
", backed by",3,6,6,D10,40,D10_P040_SEC_10_99_PAR003,,false,true,false
", but through",3,6,6,D10,41,D10_P041_SEC_10_99_PAR004,,false,true,false
ministry of education,3,6,6,D11,21,D11_BOX011,,false,true,false
of digital addiction,3,6,6,D11,41,D11_BOX019,,false,true,false
"nutrition , and",3,6,6,D11,1,D11_P001_SEC_11_1_PAR001,,false,true,false
the education system,3,6,6,D11,1,D11_P001_UNKNOWN_PAR003,,false,true,false
stage ( grade,3,6,2,D11,4,D11_P004_SEC_11_10_PAR001,,false,true,false
. box xi.,3,6,6,D11,7,D11_P007_SEC_11_14_PAR001,,false,true,false
that they are,3,6,6,D11,10,D11_P010_SEC_11_17_PAR002,,true,true,false
at the school,3,6,6,D11,11,D11_P011_SEC_11_18_PAR001,,false,true,false
", and create",3,6,6,D11,13,D11_P013_SEC_11_18_PAR003,,false,true,false
to contribute to,3,6,6,D11,19,D11_P019_SEC_11_30_PAR002,,false,true,false
a change in,3,6,5,D11,37,D11_P037_SEC_11_52_PAR001,,false,true,false
"a structured ,",3,6,6,D11,40,D11_P040_SEC_11_57_PAR001,,false,true,false
"social media ,",3,6,6,D11,40,D11_P040_SEC_11_60_PAR001,,false,true,false
and mental health,3,6,6,D11,41,D11_P041_SEC_11_64_PAR001,,false,true,false
", bengaluru ,",3,6,6,D11,46,D11_P046_SEC_11_69_PAR001,,false,true,false
"affordable housing ,",3,6,6,D12,8,D12_BOX003,,false,true,false
the gig economy,3,6,5,D12,25,D12_BOX009,,false,true,false
"social security ,",3,6,5,D12,25,D12_BOX009,,false,true,false
related to the,3,6,6,D12,25,D12_BOX009,,false,true,false
is not the,3,6,6,D12,29,D12_BOX011,,true,true,false
in the organised,3,6,6,D12,10,D12_P010_SEC_12_13_PAR001,,false,true,false
the reach of,3,6,6,D12,11,D12_P011_SEC_12_14_PAR001,,false,true,false
. some of,3,6,6,D12,17,D12_P017_SEC_12_28_PAR001,,false,true,false
"labour markets ,",3,6,6,D12,27,D12_P027_SEC_12_40_PAR001,markets,false,true,false
in a single,3,6,6,D12,28,D12_P028_SEC_12_44_PAR001,,false,true,false
to ensure the,3,6,6,D13,2,D13_P002_SEC_13_6_PAR001,,false,true,false
the years .,3,6,5,D13,4,D13_P004_SEC_13_11_PAR001,,false,true,false
national institute of,3,6,6,D13,16,D13_P016_SEC_13_41_PAR001,,false,true,false
", housing ,",3,6,6,D13,21,D13_P021_SEC_13_59_PAR001,,false,true,false
proposed to be,3,6,5,D13,31,D13_P031_SEC_13_80_PAR005,,false,true,false
the welfare of,3,6,6,D13,33,D13_P033_SEC_13_85_PAR001,,false,true,false
will have to,3,6,6,D14,7,D14_P007_SEC_14_10_PAR001,,true,true,false
". crucially ,",3,6,6,D14,17,D14_P017_SEC_14_35_PAR001,,false,true,false
", in collaboration",3,6,6,D14,21,D14_P021_SEC_14_43_PAR001,,false,true,false
subject to the,3,6,6,D14,28,D14_P028_SEC_14_67_PAR001,,false,true,false
is therefore not,3,6,6,D16,22,D16_P022_SEC_16_67_PAR001,,false,true,false
depends on how,3,6,6,D17,16,D17_BOX009,,false,true,false
", the report",3,6,6,D18,1,D18_P001_UNKNOWN_PAR003,,false,true,false
© economic laws,3,6,6,D18,1,D18_P001_UNKNOWN_PAR014,,false,true,false
economic laws practice,3,6,6,D18,1,D18_P001_UNKNOWN_PAR014,,false,true,false
laws practice 2026,3,6,6,D18,1,D18_P001_UNKNOWN_PAR014,,false,true,false
➢ the report,3,6,6,D18,4,D18_P004_A_PAR005,,false,true,false
estimated to increase,3,6,6,D19,3,D19_P003_UNKNOWN_PAR004,,false,true,false
% of gdp,3,6,4,D19,8,D19_P008_UNKNOWN_PAR005,gdp,false,true,false
16 th fc,3,6,4,D19,9,D19_P009_UNKNOWN_PAR005,,false,true,false
revised budgeted %,3,6,6,D19,3,D19_T001,,false,true,false
budgeted % change,3,6,6,D19,3,D19_T001,,false,true,false
2025-26 re to,3,6,6,D19,3,D19_T001,,false,true,false
to 2026-27 be,3,6,6,D19,3,D19_T001,,false,true,false
total 100 100,3,6,6,D19,9,D19_T009,,false,true,false
. iii .,3,6,4,D21,2,D21_BOX001,,false,true,false
. iv .,3,6,6,D21,2,D21_BOX001,,false,true,false
of one year,3,6,6,D21,2,D21_BOX001,,false,true,false
investor awareness and,3,6,6,D21,11,D21_BOX007,investor,false,true,false
by sebi during,3,6,6,D21,1,D21_P001_SEC_3_1_PAR003,,false,true,false
were amended to,3,6,6,D21,3,D21_P003_SEC_3_1_1_PAR009,,false,true,false
end of 2025-26,3,6,6,D21,8,D21_P008_UNKNOWN_PAR006,,false,true,false
sebi ( lodr,3,6,6,D21,9,D21_P009_SEC_3_2_1_PAR007,,false,true,false
( lodr ),3,6,6,D21,9,D21_P009_SEC_3_2_1_PAR007,,false,true,false
stock exchanges .,3,6,6,D21,10,D21_P010_SEC_3_2_2_PAR004,,false,true,false
by sebi in,3,6,6,D21,12,D21_P012_SEC_3_3_2_PAR003,,false,true,false
share in total,3,6,4,D21,5,D21_T001,,false,true,false
in total amount,3,6,4,D21,5,D21_T001,,false,true,false
) 2024-25 2025-26,3,6,6,D21,5,D21_T001,,false,true,false
2025-26 no .,3,6,6,D21,10,D21_T007,,false,true,false
", sebi and",3,6,6,D22,17,D22_BOX005,,false,true,false
at end of,3,6,6,D22,5,D22_P005_SEC_4_1_1_PAR003,,false,true,false
is given in,3,6,6,D22,6,D22_P006_SEC_4_1_1_PAR005,,false,true,false
nsdl and cdsl,3,6,6,D22,7,D22_P007_SEC_4_1_1_PAR002,,false,true,false
sebi ( depositories,3,6,6,D22,7,D22_P007_SEC_4_1_3_PAR001,,false,true,false
( depositories and,3,6,6,D22,7,D22_P007_SEC_4_1_3_PAR001,,false,true,false
been revised .,3,6,6,D22,7,D22_P007_SEC_4_1_3_PAR003,,false,true,false
ii . *,3,6,6,D22,8,D22_P008_SEC_4_1_4_PAR002,,false,true,false
during 2025-26 are,3,6,6,D22,12,D22_P012_SEC_4_3_PAR001,,false,true,false
2025-26 are given,3,6,6,D22,12,D22_P012_SEC_4_3_PAR001,,false,true,false
equity derivatives segment,3,6,6,D22,13,D22_P013_SEC_4_3_1_PAR005,equity,false,true,false
equity f &,3,6,5,D22,14,D22_P014_SEC_4_3_2_PAR002,equity,false,true,false
of contracts traded,3,6,5,D22,14,D22_P014_SEC_4_3_2_PAR003,,false,true,false
stock brokers and,3,6,4,D22,32,D22_P032_SEC_4_7_5_PAR001,,false,true,false
a comprehensive review,3,6,5,D22,32,D22_P032_SEC_4_7_5_PAR002,,false,true,false
", 2026 to",3,6,5,D22,33,D22_P033_SEC_4_7_5_PAR004,,false,true,false
investor charter for,3,6,3,D22,34,D22_P034_SEC_4_7_5_PAR007,investor,false,true,false
with regard to,3,6,6,D22,39,D22_P039_SEC_4_8_2_PAR001,,false,true,false
of the miis,3,6,4,D22,39,D22_P039_SEC_4_8_3_PAR001,,false,true,false
31 -mar -25,3,6,3,D22,7,D22_T006,,false,true,false
-mar -25 31,3,6,3,D22,7,D22_T006,,false,true,false
-25 31 -mar,3,6,3,D22,7,D22_T006,,false,true,false
31 -mar -26,3,6,3,D22,7,D22_T006,,false,true,false
1 0 0,3,6,4,D22,8,D22_T008,,false,true,false
2025 march 31,3,6,5,D22,9,D22_T011,,false,true,false
sr. no .,3,6,6,D22,23,D22_T023,,false,true,false
mutual fund schemes,3,6,6,D22,38,D22_T040,,false,true,false
"16 , 2025",3,6,6,D23,15,D23_P015_SEC_5_3_1_PAR001,,false,true,false
", 2025 as",3,6,6,D23,13,D23_T016,,false,true,false
"regulations , 1999",3,6,5,D25,1,D25_P001_SEC_7_1_PAR002,,false,true,false
of securities markets,3,6,6,D26,2,D26_P002_SEC_8_1_PAR015,markets;securities,false,true,false
of sebi 's,3,6,6,D26,3,D26_P003_UNKNOWN_PAR018,,false,true,false
pvt . ltd.,3,6,5,D26,6,D26_P006_SEC_8_1_5_PAR038,,false,true,false
was launched by,3,6,6,D26,12,D26_P012_SEC_8_3_PAR004,,false,true,false
launched by sebi,3,6,6,D26,12,D26_P012_SEC_8_3_PAR004,,false,true,false
provided in table,3,6,6,D26,15,D26_P015_SEC_8_4_1_PAR003,,false,true,false
. no .,3,6,6,D26,4,D26_T001,,false,true,false
. of pro-,3,6,1,D26,4,D26_T001,,false,true,false
of pro- grams,3,6,1,D26,4,D26_T001,,false,true,false
pro- grams no,3,6,1,D26,4,D26_T001,,false,true,false
grams no .,3,6,1,D26,4,D26_T001,,false,true,false
. of partici-,3,6,1,D26,4,D26_T001,,false,true,false
of partici- pants,3,6,1,D26,4,D26_T001,,false,true,false
alternative investment fund,3,6,4,D26,13,D26_T004,investment,false,true,false
received resolved pending,3,6,3,D26,14,D26_T006,,false,true,false
"july 31 ,",3,6,6,D27,4,D27_P004_SEC_9_1_4_PAR010,,false,true,false
cases at the,3,6,6,D28,7,D28_P007_SEC_10_1_4_PAR003,,false,true,false
issued by the,3,6,5,D28,8,D28_P008_SEC_10_1_4_PAR002,,false,true,false
order dated september,3,6,6,D28,14,D28_P014_SEC_10_2_2_PAR001,,false,true,false
order dated july,3,6,6,D28,15,D28_P015_SEC_10_2_2_PAR003,,false,true,false
vide its order,3,6,6,D28,15,D28_P015_SEC_10_2_2_PAR008,,false,true,false
. order dated,3,6,6,D28,19,D28_P019_UNKNOWN_PAR010,,false,true,false
ltd. & ors,3,6,6,D28,19,D28_P019_UNKNOWN_PAR011,,false,true,false
by sebi against,3,6,6,D28,22,D28_P022_UNKNOWN_PAR001,,false,true,false
", the sat",3,6,4,D28,22,D28_P022_UNKNOWN_PAR004,,false,true,false
the matter of,3,6,6,D28,23,D28_P023_UNKNOWN_PAR012,,false,true,false
no . 2,3,6,4,D28,25,D28_P025_UNKNOWN_PAR002,,false,true,false
no . 3,3,6,4,D28,25,D28_P025_UNKNOWN_PAR002,,false,true,false
- sebi v.,3,6,5,D28,32,D28_P032_UNKNOWN_PAR006,,false,true,false
prosecution was launched,3,6,6,D28,33,D28_P033_UNKNOWN_PAR003,,false,true,false
24 ( 1,3,6,6,D28,33,D28_P033_UNKNOWN_PAR003,,false,true,false
of the goi,3,6,5,D31,10,D31_P010_SEC_13_6_PAR006,,false,true,false
0.0 0.1 0.1,3,6,3,D31,17,D31_P017_SEC_13_11_PAR005,,false,true,false
the past few,3,5,5,D01,5,D01_BOX001,,false,true,false
. even as,3,5,5,D01,18,D01_BOX003,,false,true,false
the direction of,3,5,5,D01,18,D01_BOX003,,false,true,false
of economic activity,3,5,5,D01,18,D01_BOX003,,false,true,false
has undertaken a,3,5,5,D01,21,D01_BOX005,,false,true,false
strengthening of the,3,5,5,D01,21,D01_BOX005,,false,true,false
services sector .,3,5,4,D01,21,D01_BOX005,sector,false,true,false
and urban areas,3,5,5,D01,21,D01_BOX005,,false,true,false
india 's medium-term,3,5,5,D01,31,D01_BOX007,,false,true,false
"chains , and",3,5,5,D01,1,D01_P001_UNKNOWN_PAR002,,false,true,false
", and an",3,5,5,D01,1,D01_P001_UNKNOWN_PAR002,,false,true,false
"backdrop , the",3,5,5,D01,1,D01_P001_UNKNOWN_PAR003,,false,true,false
strong growth momentum,3,5,5,D01,1,D01_P001_UNKNOWN_PAR003,growth,false,true,false
fy26 . the,3,5,5,D01,1,D01_P001_UNKNOWN_PAR003,,false,true,false
and capital formation,3,5,5,D01,1,D01_P001_UNKNOWN_PAR003,capital,false,true,false
and investment in,3,5,5,D01,1,D01_P001_UNKNOWN_PAR004,investment,false,true,false
"efforts , the",3,5,5,D01,1,D01_P001_UNKNOWN_PAR006,,false,true,false
's medium-term growth,3,5,5,D01,1,D01_P001_UNKNOWN_PAR006,growth,false,true,false
", the global",3,5,5,D01,2,D01_P002_SEC_1_1_PAR001,,false,true,false
"in april 2025 ,",3,5,4,D01,2,D01_P002_SEC_1_1_PAR001,,false,true,false
driven by strong,3,5,5,D01,2,D01_P002_SEC_1_1_PAR001,,false,true,false
growth in recent,3,5,5,D01,3,D01_P003_SEC_1_2_PAR002,growth,false,true,false
the bank of,3,5,4,D01,3,D01_P003_SEC_1_2_PAR002,bank,false,true,false
"pre-pandemic levels ,",3,5,5,D01,4,D01_P004_SEC_1_3_PAR001,,false,true,false
direct investment (,3,5,5,D01,4,D01_P004_SEC_1_5_PAR001,investment,false,true,false
. as per,3,5,5,D01,4,D01_P004_SEC_1_5_PAR001,,false,true,false
the united nations,3,5,5,D01,4,D01_P004_SEC_1_5_PAR001,,false,true,false
capital flows are,3,5,5,D01,4,D01_P004_SEC_1_5_PAR001,capital,false,true,false
. among the,3,5,5,D01,4,D01_P004_SEC_1_5_PAR001,,false,true,false
the top 10,3,5,4,D01,4,D01_P004_SEC_1_5_PAR001,,false,true,false
as a source,3,5,5,D01,6,D01_P006_SEC_1_6_PAR002,,false,true,false
"materials , and",3,5,5,D01,6,D01_P006_SEC_1_6_PAR002,,false,true,false
have led to,3,5,5,D01,6,D01_P006_SEC_1_6_PAR005,,false,true,false
the lack of,3,5,5,D01,6,D01_P006_SEC_1_6_PAR006,,false,true,false
") , it",3,5,5,D01,6,D01_P006_SEC_1_6_PAR007,,false,true,false
as one of,3,5,5,D01,6,D01_P006_SEC_1_6_PAR007,,true,true,false
used as a,3,5,5,D01,6,D01_P006_SEC_1_6_PAR007,,false,true,false
in the aftermath,3,5,5,D01,7,D01_P007_SEC_1_6_PAR005,,false,true,false
the aftermath of,3,5,5,D01,7,D01_P007_SEC_1_6_PAR005,,false,true,false
"critical minerals ,",3,5,5,D01,7,D01_P007_SEC_1_6_PAR006,,false,true,false
trade and investment,3,5,4,D01,7,D01_P007_SEC_1_6_PAR010,investment;trade,false,true,false
", china ,",3,5,5,D01,8,D01_P008_SEC_1_6_PAR001,,false,true,false
strategic indispensability .,3,5,5,D01,8,D01_P008_SEC_1_6_PAR003,,false,true,false
", india can",3,5,5,D01,8,D01_P008_SEC_1_6_PAR003,,false,true,false
", this chapter",3,5,5,D01,8,D01_P008_SEC_1_7_PAR001,,false,true,false
by the ministry,3,5,5,D01,9,D01_P009_SEC_1_8_PAR002,,false,true,false
in the economic,3,5,5,D01,9,D01_P009_SEC_1_8_PAR002,,false,true,false
( see table,3,5,5,D01,9,D01_P009_SEC_1_8_PAR002,,false,true,false
a ) .,3,5,5,D01,9,D01_P009_SEC_1_8_PAR002,,false,true,false
of fy26 .,3,5,5,D01,9,D01_P009_SEC_1_8_PAR002,,false,true,false
growth in fy26,3,5,5,D01,10,D01_P010_SEC_1_8_PAR001,growth,false,true,false
1 of fy26,3,5,5,D01,10,D01_P010_SEC_1_9_PAR001,,false,true,false
", characterised by",3,5,5,D01,10,D01_P010_SEC_1_9_PAR001,,false,true,false
and the gradual,3,5,5,D01,10,D01_P010_SEC_1_9_PAR001,,false,true,false
"currently , the",3,5,5,D01,11,D01_P011_SEC_1_10_PAR001,,false,true,false
the last year,3,5,5,D01,11,D01_P011_SEC_1_11_PAR001,,false,true,false
gst rate rationalisation,3,5,5,D01,11,D01_P011_SEC_1_11_PAR001,gst;rate,false,true,false
capital formation (,3,5,5,D01,12,D01_P012_SEC_1_12_PAR001,capital,false,true,false
corresponding period last,3,5,5,D01,12,D01_P012_SEC_1_12_PAR001,,false,true,false
period last year,3,5,5,D01,12,D01_P012_SEC_1_12_PAR001,,false,true,false
a strengthening of,3,5,5,D01,12,D01_P012_SEC_1_12_PAR001,,false,true,false
"growth , with",3,5,5,D01,14,D01_P014_SEC_1_15_PAR001,growth,false,true,false
", and continued",3,5,5,D01,14,D01_P014_SEC_1_15_PAR001,,false,true,false
export markets .,3,5,5,D01,14,D01_P014_SEC_1_15_PAR001,export;markets,false,true,false
led by the,3,5,5,D01,14,D01_P014_SEC_1_16_PAR001,,false,true,false
supported by favourable,3,5,4,D01,14,D01_P014_SEC_1_16_PAR001,,false,true,false
weather conditions .,3,5,5,D01,14,D01_P014_SEC_1_17_PAR001,,false,true,false
which accounts for,3,5,5,D01,14,D01_P014_SEC_1_17_PAR001,,false,true,false
than half of,3,5,5,D01,14,D01_P014_SEC_1_17_PAR001,,false,true,false
has been marked,3,5,5,D01,14,D01_P014_SEC_1_17_PAR001,,false,true,false
been marked by,3,5,5,D01,14,D01_P014_SEC_1_17_PAR001,,false,true,false
) . as,3,5,5,D01,15,D01_P015_SEC_1_17_PAR002,,false,true,false
momentum in the,3,5,5,D01,15,D01_P015_SEC_1_18_PAR001,,false,true,false
broadly stable at,3,5,5,D01,15,D01_P015_SEC_1_19_PAR001,stable,false,true,false
stable at around,3,5,5,D01,15,D01_P015_SEC_1_19_PAR001,stable,false,true,false
", comparable to",3,5,5,D01,15,D01_P015_SEC_1_19_PAR001,,false,true,false
has been sustained,3,5,5,D01,15,D01_P015_SEC_1_19_PAR001,,false,true,false
fy25 and the,3,5,4,D01,16,D01_P016_SEC_1_20_PAR001,,false,true,false
17 ) .,3,5,5,D01,16,D01_P016_SEC_1_20_PAR001,,false,true,false
", water supply",3,5,5,D01,16,D01_P016_SEC_1_20_PAR001,supply,false,true,false
e-way bill generation,3,5,5,D01,16,D01_P016_SEC_1_22_PAR001,,false,true,false
estimated to have,3,5,5,D01,17,D01_P017_SEC_1_23_PAR001,,false,true,false
", surpassing the",3,5,5,D01,17,D01_P017_SEC_1_24_PAR001,,false,true,false
a continuation of,3,5,5,D01,18,D01_P018_SEC_1_26_PAR001,,false,true,false
", and geopolitical",3,5,5,D01,18,D01_P018_SEC_1_26_PAR001,,false,true,false
be used to,3,5,5,D01,19,D01_P019_SEC_1_27_PAR002,,false,true,false
yoy growth of,3,5,5,D01,19,D01_P019_UNKNOWN_PAR005,growth,false,true,false
", thereby ensuring",3,5,5,D01,20,D01_P020_UNKNOWN_PAR002,,false,true,false
tools such as,3,5,5,D01,21,D01_P021_SEC_1_28_PAR001,,false,true,false
to account for,3,5,5,D01,21,D01_P021_UNKNOWN_PAR002,account,false,true,false
. the analysis,3,5,5,D01,21,D01_P021_UNKNOWN_PAR002,,false,true,false
"december 2025 , the",3,5,5,D01,21,D01_P021_UNKNOWN_PAR002,,false,true,false
best practices .,3,5,5,D01,22,D01_P022_SEC_1_28_PAR001,,false,true,false
has been introduced,3,5,5,D01,22,D01_P022_SEC_1_28_PAR003,,false,true,false
initiatives aimed at,3,5,5,D01,22,D01_P022_SEC_1_28_PAR006,,false,true,false
", monitoring ,",3,5,5,D01,22,D01_P022_SEC_1_28_PAR006,,false,true,false
assistance to states,3,5,5,D01,22,D01_P022_SEC_1_28_PAR007,,false,true,false
", wider use",3,5,5,D01,22,D01_P022_SEC_1_28_PAR009,,false,true,false
the private corporate,3,5,5,D01,22,D01_P022_SEC_1_28_PAR012,,false,true,false
private corporate sector,3,5,5,D01,22,D01_P022_SEC_1_28_PAR012,sector,false,true,false
", using the",3,5,5,D01,23,D01_P023_SEC_1_28_PAR008,,false,true,false
urban and rural,3,5,5,D01,23,D01_P023_SEC_1_28_PAR008,,false,true,false
"tools , and",3,5,5,D01,23,D01_P023_SEC_1_28_PAR010,,false,true,false
the foundation for,3,5,5,D01,23,D01_P023_SEC_1_28_PAR012,,false,true,false
( april-december ),3,5,5,D01,24,D01_P024_SEC_1_29_PAR001,,false,true,false
"interventions , and",3,5,5,D01,24,D01_P024_SEC_1_29_PAR001,,false,true,false
will need to,3,5,5,D01,24,D01_P024_SEC_1_29_PAR001,,false,true,false
of the budgeted,3,5,4,D01,24,D01_P024_SEC_1_30_PAR001,,false,true,false
", with gross",3,5,5,D01,24,D01_P024_SEC_1_30_PAR001,,false,true,false
in revenue expenditure,3,5,5,D01,25,D01_P025_SEC_1_30_PAR002,expenditure;revenue,false,true,false
share of gdp,3,5,5,D01,25,D01_P025_SEC_1_31_PAR001,gdp,false,true,false
of gdp .,3,5,5,D01,25,D01_P025_SEC_1_31_PAR001,gdp,false,true,false
of gdp by,3,5,5,D01,25,D01_P025_SEC_1_31_PAR001,gdp,false,true,false
"november 2025 , the",3,5,5,D01,25,D01_P025_SEC_1_31_PAR001,,false,true,false
", complemented by",3,5,5,D01,26,D01_P026_SEC_1_33_PAR001,,false,true,false
measures have been,3,5,5,D01,26,D01_P026_SEC_1_33_PAR001,,false,true,false
weighted average lending,3,5,5,D01,26,D01_P026_SEC_1_33_PAR001,lending,false,true,false
"balance sheets ,",3,5,5,D01,26,D01_P026_SEC_1_33_PAR001,balance,false,true,false
bank credit .,3,5,3,D01,27,D01_P027_SEC_1_34_PAR001,bank;credit,false,true,false
the overall flow,3,5,4,D01,27,D01_P027_SEC_1_34_PAR001,,false,true,false
overall flow of,3,5,4,D01,27,D01_P027_SEC_1_34_PAR001,,false,true,false
flow of financial,3,5,4,D01,27,D01_P027_SEC_1_34_PAR001,financial,false,true,false
of financial resources,3,5,4,D01,27,D01_P027_SEC_1_34_PAR001,financial,false,true,false
", there has",3,5,5,D01,27,D01_P027_SEC_1_34_PAR001,,false,true,false
a significant increase,3,5,5,D01,27,D01_P027_SEC_1_34_PAR001,,false,true,false
's total exports,3,5,4,D01,27,D01_P027_SEC_1_35_PAR001,exports,false,true,false
in services trade,3,5,5,D01,27,D01_P027_SEC_1_35_PAR001,trade,false,true,false
"fdi inflows ,",3,5,5,D01,27,D01_P027_SEC_1_35_PAR001,fdi,false,true,false
from april to,3,5,5,D01,28,D01_P028_SEC_1_36_PAR001,,false,true,false
"of december 2025 ,",3,5,5,D01,28,D01_P028_SEC_1_36_PAR001,,false,true,false
compared to a,3,5,4,D01,28,D01_P028_SEC_1_36_PAR001,,false,true,false
with the us,3,5,4,D01,28,D01_P028_SEC_1_37_PAR001,,true,true,false
medium to long,3,5,5,D01,28,D01_P028_SEC_1_37_PAR001,,false,true,false
", exchange rate",3,5,5,D01,28,D01_P028_SEC_1_37_PAR001,exchange;rate,false,true,false
", offering a",3,5,5,D01,28,D01_P028_SEC_1_38_PAR001,,false,true,false
in the medium,3,5,5,D01,28,D01_P028_SEC_1_38_PAR001,,false,true,false
global trade is,3,5,5,D01,28,D01_P028_SEC_1_38_PAR001,trade,false,true,false
", which in",3,5,5,D01,28,D01_P028_SEC_1_38_PAR001,,false,true,false
investment destination .,3,5,5,D01,28,D01_P028_SEC_1_38_PAR001,investment,false,true,false
. box iv.,3,5,5,D01,28,D01_P028_SEC_1_38_PAR001,,false,true,false
the drivers of,3,5,5,D01,28,D01_P028_SEC_1_38_PAR001,,false,true,false
"protection , and",3,5,5,D01,28,D01_P028_SEC_1_39_PAR001,,false,true,false
"importantly , the",3,5,5,D01,29,D01_P029_SEC_1_40_PAR001,,false,true,false
social security schemes,3,5,5,D01,29,D01_P029_SEC_1_40_PAR001,,false,true,false
", the world",3,5,5,D01,29,D01_P029_SEC_1_41_PAR001,,false,true,false
mortality rate (,3,5,3,D01,30,D01_P030_SEC_1_41_PAR001,rate,false,true,false
the convergence of,3,5,5,D01,30,D01_P030_SEC_1_41_PAR001,,false,true,false
and strengthening the,3,5,5,D01,30,D01_P030_SEC_1_41_PAR001,,false,true,false
in global trade,3,5,5,D01,30,D01_P030_SEC_1_42_PAR001,trade,false,true,false
across sectors .,3,5,5,D01,30,D01_P030_SEC_1_42_PAR001,sectors,false,true,false
it must be,3,5,5,D01,30,D01_P030_SEC_1_42_PAR001,,true,true,false
"three years ,",3,5,5,D01,31,D01_P031_SEC_1_46_PAR002,,false,true,false
physical and digital,3,5,5,D01,31,D01_P031_SEC_1_46_PAR002,,false,true,false
a shift toward,3,5,5,D01,31,D01_P031_SEC_1_46_PAR002,,false,true,false
. the exercise,3,5,5,D01,31,D01_P031_SEC_1_46_PAR003,,false,true,false
in the years,3,5,5,D01,32,D01_P032_SEC_1_PAR001,,false,true,false
by a sustained,3,5,5,D01,32,D01_P032_SEC_1_PAR002,,false,true,false
private sector .,3,5,5,D01,32,D01_P032_SEC_1_PAR002,sector,false,true,false
", particularly when",3,5,5,D01,32,D01_P032_SEC_1_PAR003,,false,true,false
aligns with the,3,5,5,D01,33,D01_P033_SEC_1_PAR003,,false,true,false
average of about,3,5,5,D01,33,D01_P033_SEC_1_PAR005,,false,true,false
. the data,3,5,5,D01,33,D01_P033_SEC_1_PAR006,,false,true,false
"in education ,",3,5,5,D01,33,D01_P033_SEC_1_PAR007,,false,true,false
"medium term ,",3,5,5,D01,33,D01_P033_SEC_1_PAR007,,false,true,false
emerging market economies,3,5,5,D01,33,D01_P033_SEC_3_PAR001,market,false,true,false
"service delivery ,",3,5,5,D01,34,D01_P034_SEC_3_PAR002,,false,true,false
", and when",3,5,5,D01,34,D01_P034_SEC_3_PAR004,,false,true,false
will be critical,3,5,5,D01,35,D01_P035_SEC_3_PAR002,,false,true,false
. the growth,3,5,5,D01,35,D01_P035_SEC_3_PAR003,growth,false,true,false
inclusive development .,3,5,5,D01,35,D01_P035_SEC_3_PAR003,,false,true,false
. ( https,3,5,5,D01,35,D01_P035_SEC_3_PAR003,,false,true,false
h 1 :,3,5,3,D01,9,D01_T002,,false,true,false
"public administration ,",3,5,5,D01,9,D01_T002,,false,true,false
yoy growth (,3,5,5,D01,12,D01_T004,growth,false,true,false
of the gross,3,5,5,D02,15,D02_BOX005,,false,true,false
central government has,3,5,5,D02,16,D02_BOX007,,false,true,false
net tax revenue,3,5,4,D02,16,D02_BOX007,revenue;tax,false,true,false
from the centre,3,5,3,D02,22,D02_BOX011,,false,true,false
for transformation (,3,5,3,D02,22,D02_BOX011,,false,true,false
to be the,3,5,5,D02,22,D02_BOX011,,true,true,false
larger share of,3,5,5,D02,22,D02_BOX011,,false,true,false
for capital expenditure,3,5,5,D02,26,D02_BOX013,capital;expenditure,false,true,false
is estimated at,3,5,5,D02,28,D02_BOX015,,false,true,false
50 per cent of the,3,5,5,D02,28,D02_BOX015,,false,true,false
", karnataka ,",3,5,5,D02,28,D02_BOX015,,false,true,false
"the time ,",3,5,5,D02,34,D02_BOX017,,false,true,false
that the government,3,5,4,D02,34,D02_BOX017,,false,true,false
the focus from,3,5,5,D02,39,D02_BOX019,,false,true,false
", for the",3,5,5,D02,39,D02_BOX019,,false,true,false
for the period,3,5,5,D02,39,D02_BOX019,,false,true,false
has been achieved,3,5,5,D02,1,D02_P001_UNKNOWN_PAR004,,false,true,false
of the centre,3,5,5,D02,2,D02_P002_SEC_2_2_PAR001,,false,true,false
", particularly the",3,5,5,D02,2,D02_P002_UNKNOWN_PAR001,,false,true,false
"income support ,",3,5,5,D02,2,D02_P002_UNKNOWN_PAR001,income,false,true,false
the definition of,3,5,5,D02,2,D02_P002_UNKNOWN_PAR003,,false,true,false
the revenue deficit,3,5,5,D02,3,D02_P003_SEC_2_4_PAR001,deficit;revenue,false,true,false
"tax revenue ,",3,5,4,D02,4,D02_P004_SEC_2_6_PAR001,revenue;tax,false,true,false
gdp over the,3,5,5,D02,4,D02_P004_SEC_2_6_PAR001,gdp,false,true,false
in the past,3,5,5,D02,4,D02_P004_SEC_2_7_PAR001,,false,true,false
", implying that",3,5,5,D02,4,D02_P004_SEC_2_7_PAR001,,false,true,false
expansion of the,3,5,5,D02,5,D02_P005_SEC_2_8_PAR001,,false,true,false
of the tax,3,5,5,D02,5,D02_P005_SEC_2_8_PAR001,tax,false,true,false
"post-pandemic period ,",3,5,5,D02,5,D02_P005_SEC_2_8_PAR001,,false,true,false
the efficiency of,3,5,5,D02,5,D02_P005_SEC_2_8_PAR001,,false,true,false
( see box,3,5,5,D02,5,D02_P005_SEC_2_8_PAR001,,false,true,false
", a significant",3,5,5,D02,5,D02_P005_SEC_2_8_PAR002,,false,true,false
a significant portion,3,5,5,D02,5,D02_P005_SEC_2_8_PAR002,,false,true,false
significant portion of,3,5,5,D02,5,D02_P005_SEC_2_8_PAR002,,false,true,false
the current fiscal,3,5,5,D02,6,D02_P006_SEC_2_10_PAR001,current;fiscal,false,true,false
current fiscal year,3,5,5,D02,6,D02_P006_SEC_2_10_PAR001,current;fiscal,false,true,false
was driven by,3,5,5,D02,6,D02_P006_SEC_2_10_PAR002,,false,true,false
fy23 - fy25,3,5,5,D02,6,D02_P006_SEC_2_9_PAR001,,false,true,false
"commodity prices ,",3,5,5,D02,7,D02_P007_SEC_2_12_PAR001,,false,true,false
during april- december 2025,3,5,5,D02,7,D02_P007_SEC_2_14_PAR001,,false,true,false
", in addition",3,5,5,D02,10,D02_P010_UNKNOWN_PAR008,,false,true,false
central to this,3,5,5,D02,11,D02_P011_SEC_2_18_PAR001,,false,true,false
to a significant,3,5,5,D02,11,D02_P011_SEC_2_18_PAR001,,false,true,false
remained stable at,3,5,5,D02,12,D02_P012_SEC_2_19_PAR001,stable,false,true,false
. the increase,3,5,4,D02,12,D02_P012_SEC_2_19_PAR001,,false,true,false
"the rbi ,",3,5,5,D02,12,D02_P012_SEC_2_19_PAR001,,false,true,false
operational efficiency and,3,5,5,D02,12,D02_P012_SEC_2_20_PAR001,,false,true,false
market conditions and,3,5,5,D02,13,D02_P013_SEC_2_23_PAR001,market,false,true,false
as it is,3,5,5,D02,13,D02_P013_SEC_2_23_PAR001,,true,true,false
a minimum of,3,5,5,D02,13,D02_P013_SEC_2_23_PAR001,,false,true,false
sectors . this,3,5,5,D02,14,D02_P014_SEC_2_23_PAR001,sectors,false,true,false
", pensions ,",3,5,5,D02,14,D02_P014_SEC_2_25_PAR001,,false,true,false
central government .,3,5,5,D02,14,D02_P014_SEC_2_25_PAR002,,false,true,false
past decade .,3,5,4,D02,15,D02_P015_SEC_2_26_PAR001,,false,true,false
india 's power,3,5,5,D02,15,D02_P015_SEC_2_26_PAR002,,false,true,false
", replacing the",3,5,5,D02,15,D02_P015_SEC_2_26_PAR003,,false,true,false
", railways ,",3,5,5,D02,16,D02_P016_SEC_2_26_PAR001,,false,true,false
"the government ,",3,5,5,D02,16,D02_P016_SEC_2_27_PAR001,,false,true,false
release of the,3,5,5,D02,17,D02_P017_UNKNOWN_PAR003,,false,true,false
management system (,3,5,5,D02,17,D02_P017_UNKNOWN_PAR003,,false,true,false
"for fy26 ,",3,5,5,D02,17,D02_P017_UNKNOWN_PAR004,,false,true,false
india is a,3,5,5,D02,17,D02_P017_UNKNOWN_PAR006,,false,true,false
is a strategic,3,5,5,D02,17,D02_P017_UNKNOWN_PAR006,,false,true,false
"a year ,",3,5,5,D02,17,D02_P017_UNKNOWN_PAR007,,false,true,false
of the capital,3,5,5,D02,18,D02_P018_SEC_2_29_PAR001,capital,false,true,false
"foreign exchange ,",3,5,5,D02,18,D02_P018_UNKNOWN_PAR001,exchange;foreign,false,true,false
leading to a,3,5,5,D02,19,D02_P019_SEC_2_30_PAR001,,false,true,false
to the states,3,5,2,D02,21,D02_P021_SEC_2_33_PAR001,,false,true,false
", the evidence",3,5,5,D02,22,D02_P022_SEC_2_33_PAR001,,false,true,false
"capital investment ,",3,5,5,D02,23,D02_P023_SEC_2_37_PAR001,capital;investment,false,true,false
fy 25 pa,3,5,5,D02,23,D02_P023_SEC_2_38_PAR001,,false,true,false
"25 pa ,",3,5,5,D02,23,D02_P023_SEC_2_38_PAR001,,false,true,false
under the national,3,5,5,D02,23,D02_P023_UNKNOWN_PAR001,,false,true,false
"17 , 2025",3,5,5,D02,23,D02_P023_UNKNOWN_PAR001,,false,true,false
state level .,3,5,5,D02,25,D02_P025_SEC_2_40_PAR001,,false,true,false
share in central,3,5,5,D02,25,D02_P025_UNKNOWN_PAR001,,false,true,false
it as a,3,5,5,D02,29,D02_P029_UNKNOWN_PAR002,,true,true,false
health of the,3,5,5,D02,29,D02_P029_UNKNOWN_PAR003,,false,true,false
"health , education",3,5,5,D02,29,D02_P029_UNKNOWN_PAR004,,false,true,false
) compared to,3,5,5,D02,30,D02_P030_SEC_2_42_PAR001,,false,true,false
and subject to,3,5,5,D02,30,D02_P030_UNKNOWN_PAR002,,false,true,false
"targets , and",3,5,5,D02,30,D02_P030_UNKNOWN_PAR002,,false,true,false
included in the,3,5,5,D02,32,D02_P032_SEC_2_43_PAR003,,false,true,false
risks associated with,3,5,5,D02,33,D02_P033_UNKNOWN_PAR001,,false,true,false
interest rates and,3,5,5,D02,33,D02_P033_UNKNOWN_PAR001,rates,false,true,false
"this regard ,",3,5,5,D02,34,D02_P034_UNKNOWN_PAR002,,false,true,false
may be considered,3,5,5,D02,34,D02_P034_UNKNOWN_PAR002,,false,true,false
", the primary",3,5,5,D02,35,D02_P035_SEC_2_46_PAR001,,false,true,false
", the weighted",3,5,4,D02,35,D02_P035_SEC_2_46_PAR001,,false,true,false
in the last,3,5,5,D02,36,D02_P036_SEC_2_49_PAR001,,false,true,false
a wider range,3,5,5,D02,36,D02_P036_SEC_2_50_PAR001,,false,true,false
momentum has been,3,5,5,D02,37,D02_P037_SEC_2_52_PAR001,,false,true,false
. the economic,3,5,5,D02,38,D02_P038_SEC_2_53_PAR001,,false,true,false
", and not",3,5,5,D02,39,D02_P039_UNKNOWN_PAR002,,false,true,false
. this indicates,3,5,5,D02,40,D02_P040_UNKNOWN_PAR001,,false,true,false
india 's current,3,5,5,D02,41,D02_P041_SEC_2_56_PAR003,current,false,true,false
( per capita,3,5,1,D02,41,D02_P041_SEC_2_56_PAR003,,false,true,false
underscore the need,3,5,5,D02,42,D02_P042_SEC_2_56_PAR001,,false,true,false
will play a,3,5,5,D02,42,D02_P042_SEC_2_56_PAR001,,false,true,false
this underscores the,3,5,5,D02,42,D02_P042_SEC_2_57_PAR001,,false,true,false
levels of government,3,5,5,D02,42,D02_P042_SEC_2_57_PAR001,,false,true,false
use of digital,3,5,5,D02,42,D02_P042_SEC_2_58_PAR001,,false,true,false
fy22 fy23 fy24,3,5,5,D02,5,D02_T001,,false,true,false
", even though",3,5,5,D02,40,D02_T009,,false,true,false
defining feature of,3,5,5,D03,5,D03_BOX001,,false,true,false
", they also",3,5,5,D03,5,D03_BOX001,,false,true,false
financial services (,3,5,5,D03,21,D03_BOX003,financial,false,true,false
in developing economies,3,5,5,D03,21,D03_BOX003,,false,true,false
", which includes",3,5,5,D03,21,D03_BOX003,,false,true,false
. the use,3,5,5,D03,21,D03_BOX003,,false,true,false
the microfinance sector,3,5,5,D03,24,D03_BOX005,sector,false,true,false
is a necessary,3,5,5,D03,29,D03_BOX011,,false,true,false
effective use of,3,5,5,D03,29,D03_BOX011,,false,true,false
role in this,3,5,5,D03,29,D03_BOX011,,false,true,false
securities markets code,3,5,4,D03,36,D03_BOX013,markets;securities,false,true,false
"markets code ,",3,5,4,D03,36,D03_BOX013,markets,false,true,false
"code , 2025",3,5,4,D03,36,D03_BOX013,,false,true,false
") , was",3,5,5,D03,36,D03_BOX013,,false,true,false
was introduced in,3,5,5,D03,36,D03_BOX013,,false,true,false
the securities contracts,3,5,5,D03,36,D03_BOX013,securities,false,true,false
regulation ) act,3,5,5,D03,36,D03_BOX013,regulation,false,true,false
"act , 1956",3,5,5,D03,36,D03_BOX013,,false,true,false
"depositories act ,",3,5,5,D03,36,D03_BOX013,,false,true,false
"act , 1996",3,5,5,D03,36,D03_BOX013,,false,true,false
household financial savings,3,5,5,D03,39,D03_BOX015,financial;savings,false,true,false
"market operations ,",3,5,5,D03,42,D03_BOX017,market,false,true,false
", and inclusive",3,5,5,D03,42,D03_BOX017,,false,true,false
", and risk",3,5,5,D03,42,D03_BOX017,,false,true,false
segments of the,3,5,5,D03,42,D03_BOX017,,false,true,false
corporate bond markets,3,5,5,D03,46,D03_BOX019,bond;markets,false,true,false
niti aayog .,3,5,5,D03,46,D03_BOX019,,false,true,false
enhance the ease,3,5,5,D03,60,D03_BOX021,,false,true,false
as below :,3,5,5,D03,60,D03_BOX021,,false,true,false
and social protection,3,5,5,D03,60,D03_BOX021,,false,true,false
", and administrative",3,5,5,D03,64,D03_BOX023,,false,true,false
". historically ,",3,5,5,D03,64,D03_BOX023,,false,true,false
india ( rbi,3,5,5,D03,1,D03_P001_SEC_3_1_PAR001,,false,true,false
of scheduled commercial,3,5,5,D03,1,D03_P001_UNKNOWN_PAR002,,false,true,false
and mutual funds,3,5,5,D03,1,D03_P001_UNKNOWN_PAR003,,false,true,false
's financial system,3,5,5,D03,1,D03_P001_UNKNOWN_PAR005,financial,false,true,false
"more resilient ,",3,5,5,D03,1,D03_P001_UNKNOWN_PAR005,,false,true,false
trends in india,3,5,5,D03,2,D03_P002_SEC_3_3_PAR001,,false,true,false
's financial sector,3,5,4,D03,2,D03_P002_SEC_3_3_PAR001,financial;sector,false,true,false
global financial markets,3,5,4,D03,2,D03_P002_SEC_3_3_PAR002,financial;markets,false,true,false
the way for,3,5,5,D03,4,D03_P004_SEC_3_6_PAR001,,false,true,false
. the imf,3,5,5,D03,4,D03_P004_SEC_3_7_PAR001,,false,true,false
"financial markets ,",3,5,5,D03,4,D03_P004_SEC_3_7_PAR001,financial;markets,false,true,false
. these trends,3,5,5,D03,4,D03_P004_SEC_3_7_PAR001,,false,true,false
on capital formation,3,5,5,D03,4,D03_P004_SEC_3_8_PAR001,capital,false,true,false
"et al. ,",3,5,5,D03,5,D03_P005_SEC_3_8_PAR002,,false,true,false
rise in the,3,5,5,D03,5,D03_P005_SEC_3_8_PAR002,,false,true,false
that can not,3,5,4,D03,5,D03_P005_SEC_3_8_PAR003,,true,true,false
", which offers",3,5,5,D03,6,D03_P006_SEC_3_8_PAR002,,false,true,false
net fixed assets,3,5,5,D03,6,D03_P006_SEC_3_8_PAR005,assets,false,true,false
findings of the,3,5,5,D03,6,D03_P006_SEC_3_8_PAR007,,false,true,false
level . the,3,5,5,D03,6,D03_P006_SEC_3_8_PAR008,,false,true,false
and 2024 .,3,5,5,D03,7,D03_P007_SEC_3_8_PAR007,,false,true,false
". nevertheless ,",3,5,5,D03,8,D03_P008_UNKNOWN_PAR001,,false,true,false
light of the,3,5,5,D03,9,D03_P009_SEC_3_10_PAR001,,false,true,false
change in the,3,5,5,D03,9,D03_P009_SEC_3_12_PAR001,,false,true,false
a year ago,3,5,5,D03,9,D03_P009_SEC_3_12_PAR001,,false,true,false
acts as a,3,5,5,D03,9,D03_P009_SEC_3_9_PAR001,,false,true,false
", as compared",3,5,5,D03,10,D03_P010_SEC_3_13_PAR001,,false,true,false
bank credit to,3,5,4,D03,10,D03_P010_SEC_3_13_PAR001,bank;credit,false,true,false
during april- november 2025,3,5,4,D03,12,D03_P012_SEC_3_17_PAR001,,false,true,false
financial companies (,3,5,5,D03,12,D03_P012_SEC_3_19_PAR001,financial,false,true,false
in rural and,3,5,5,D03,13,D03_P013_SEC_3_19_PAR002,,false,true,false
of the banking,3,5,5,D03,13,D03_P013_SEC_3_19_PAR003,banking,false,true,false
", and for",3,5,5,D03,13,D03_P013_SEC_3_21_PAR001,,false,true,false
"personal loans ,",3,5,4,D03,13,D03_P013_SEC_3_21_PAR001,loans,false,true,false
in fy24 to,3,5,4,D03,14,D03_P014_SEC_3_22_PAR001,,false,true,false
are as follows,3,5,5,D03,14,D03_P014_SEC_3_23_PAR001,,false,true,false
to the same,3,5,5,D03,14,D03_P014_SEC_3_24_PAR001,,false,true,false
yoy ) growth,3,5,5,D03,14,D03_P014_SEC_3_24_PAR001,growth,false,true,false
", industry ,",3,5,5,D03,15,D03_P015_SEC_3_25_PAR001,industry,false,true,false
micro and small,3,5,4,D03,16,D03_P016_SEC_3_26_PAR001,,false,true,false
and small enterprises,3,5,4,D03,16,D03_P016_SEC_3_26_PAR001,,false,true,false
"budget 2025-26 ,",3,5,5,D03,16,D03_P016_SEC_3_27_PAR001,budget,false,true,false
as a significant,3,5,5,D03,16,D03_P016_SEC_3_27_PAR001,,false,true,false
", the introduction",3,5,5,D03,16,D03_P016_SEC_3_27_PAR001,,false,true,false
resources to the,3,5,4,D03,16,D03_P016_SEC_3_28_PAR001,,false,true,false
have experienced a,3,5,2,D03,17,D03_P017_SEC_3_30_PAR001,,false,true,false
"to india ,",3,5,5,D03,17,D03_P017_SEC_3_30_PAR001,,false,true,false
to meet their,3,5,5,D03,18,D03_P018_SEC_3_31_PAR001,,false,true,false
to establish a,3,5,5,D03,18,D03_P018_SEC_3_33_PAR001,,false,true,false
"fy25 , reflecting",3,5,5,D03,18,D03_P018_SEC_3_34_PAR001,,false,true,false
"of march 2025 ,",3,5,5,D03,19,D03_P019_SEC_3_35_PAR001,,false,true,false
all-time high of,3,5,4,D03,19,D03_P019_SEC_3_35_PAR001,,false,true,false
aimed at enhancing,3,5,5,D03,19,D03_P019_SEC_3_36_PAR001,,false,true,false
taking into account,3,5,5,D03,19,D03_P019_SEC_3_37_PAR001,account,false,true,false
. this model,3,5,5,D03,20,D03_P020_SEC_3_38_PAR001,,false,true,false
aims to enhance,3,5,5,D03,20,D03_P020_SEC_3_39_PAR001,,false,true,false
of the framework,3,5,5,D03,20,D03_P020_SEC_3_41_PAR001,,false,true,false
"models , and",3,5,5,D03,21,D03_P021_SEC_3_41_PAR002,,false,true,false
", with only",3,5,5,D03,22,D03_P022_SEC_3_41_PAR005,,false,true,false
referred to as,3,5,5,D03,22,D03_P022_SEC_3_41_PAR007,,false,true,false
( iv ),3,5,5,D03,22,D03_P022_SEC_3_41_PAR007,,false,true,false
", the focus",3,5,5,D03,22,D03_P022_SEC_3_41_PAR008,,false,true,false
the focus is,3,5,5,D03,22,D03_P022_SEC_3_41_PAR008,,false,true,false
", and capacity",3,5,5,D03,22,D03_P022_SEC_3_41_PAR008,,false,true,false
"the sector ,",3,5,5,D03,23,D03_P023_SEC_3_45_PAR001,sector,false,true,false
by reducing the,3,5,5,D03,23,D03_P023_SEC_3_45_PAR001,,false,true,false
the same period.,3,5,5,D03,24,D03_P024_SEC_3_45_PAR001,,false,true,false
into the formal,3,5,5,D03,25,D03_P025_SEC_3_47_PAR002,,false,true,false
"institutional capacity ,",3,5,5,D03,26,D03_P026_SEC_3_47_PAR001,,false,true,false
at the cost,3,5,5,D03,26,D03_P026_SEC_3_47_PAR002,,false,true,false
implications for the,3,5,5,D03,26,D03_P026_SEC_3_47_PAR004,,false,true,false
such an approach,3,5,5,D03,27,D03_P027_SEC_3_47_PAR002,,false,true,false
a more resilient,3,5,5,D03,27,D03_P027_SEC_3_47_PAR002,,false,true,false
more resilient and,3,5,5,D03,27,D03_P027_SEC_3_47_PAR002,,false,true,false
digital infrastructure and,3,5,4,D03,27,D03_P027_SEC_3_48_PAR001,,false,true,false
", with average",3,5,5,D03,28,D03_P028_SEC_3_49_PAR001,,false,true,false
financial services .,3,5,5,D03,28,D03_P028_SEC_3_49_PAR002,financial,false,true,false
cy 2025 .,3,5,5,D03,28,D03_P028_SEC_3_49_PAR002,,false,true,false
prior to the,3,5,5,D03,29,D03_P029_SEC_3_49_PAR002,,false,true,false
under the pm,3,5,5,D03,29,D03_P029_SEC_3_49_PAR003,,false,true,false
access to formal,3,5,5,D03,30,D03_P030_SEC_3_50_PAR001,,false,true,false
inclusive growth .,3,5,5,D03,31,D03_P031_SEC_3_50_PAR003,growth,false,true,false
and quality .,3,5,5,D03,31,D03_P031_SEC_3_51_PAR001,,false,true,false
their role in,3,5,5,D03,31,D03_P031_SEC_3_52_PAR001,,false,true,false
of the corporate,3,5,5,D03,32,D03_P032_SEC_3_54_PAR001,,false,true,false
", the proportion",3,5,4,D03,32,D03_P032_SEC_3_56_PAR001,,false,true,false
in 2024 .,3,5,5,D03,32,D03_P032_SEC_3_56_PAR001,,false,true,false
this represents a,3,5,5,D03,33,D03_P033_SEC_3_59_PAR001,,false,true,false
"these challenges ,",3,5,5,D03,34,D03_P034_SEC_3_63_PAR001,,false,true,false
india 's primary,3,5,5,D03,35,D03_P035_SEC_3_67_PAR001,,false,true,false
"of this ,",3,5,5,D03,36,D03_P036_SEC_3_68_PAR001,,false,true,false
the primary market,3,5,5,D03,36,D03_P036_SEC_3_69_PAR001,market,false,true,false
since its inception,3,5,5,D03,36,D03_P036_SEC_3_70_PAR001,,false,true,false
", executive ,",3,5,5,D03,37,D03_P037_SEC_3_71_PAR003,,false,true,false
", consultative ,",3,5,5,D03,37,D03_P037_SEC_3_71_PAR004,,false,true,false
"consultative , and",3,5,5,D03,37,D03_P037_SEC_3_71_PAR004,,false,true,false
align with the,3,5,5,D03,37,D03_P037_SEC_3_71_PAR005,,false,true,false
the validity of,3,5,5,D03,37,D03_P037_SEC_3_71_PAR006,,false,true,false
the sebi board,3,5,4,D03,37,D03_P037_UNKNOWN_PAR002,,false,true,false
in securities markets,3,5,5,D03,37,D03_P037_UNKNOWN_PAR002,markets;securities,false,true,false
", and enforcement",3,5,5,D03,37,D03_P037_UNKNOWN_PAR003,,false,true,false
market participants .,3,5,5,D03,38,D03_P038_UNKNOWN_PAR001,market,false,true,false
is required to,3,5,5,D03,38,D03_P038_UNKNOWN_PAR002,,false,true,false
"clearing corporations ,",3,5,5,D03,38,D03_P038_UNKNOWN_PAR003,,false,true,false
serving as a,3,5,5,D03,38,D03_P038_UNKNOWN_PAR004,,false,true,false
at least one,3,5,5,D03,39,D03_P039_SEC_3_72_PAR002,,false,true,false
evident in the,3,5,5,D03,39,D03_P039_SEC_3_73_PAR003,,false,true,false
while that of,3,5,5,D03,41,D03_P041_SEC_3_73_PAR002,,true,true,false
india 's corporate,3,5,4,D03,41,D03_P041_SEC_3_73_PAR003,,false,true,false
's corporate bond,3,5,4,D03,41,D03_P041_SEC_3_73_PAR003,bond,false,true,false
"market , sebi",3,5,5,D03,42,D03_P042_SEC_3_74_PAR001,market,false,true,false
"regulatory framework ,",3,5,5,D03,42,D03_P042_SEC_3_74_PAR001,regulatory,false,true,false
discussed in detail,3,5,5,D03,42,D03_P042_SEC_3_74_PAR001,,false,true,false
", the '",3,5,5,D03,42,D03_P042_SEC_3_74_PAR002,,false,true,false
financial literacy and,3,5,5,D03,42,D03_P042_SEC_3_74_PAR002,financial,false,true,false
of persons with,3,5,3,D03,42,D03_P042_SEC_3_74_PAR002,,false,true,false
the bond market,3,5,4,D03,43,D03_P043_SEC_3_74_PAR002,bond;market,false,true,false
green debt securities,3,5,3,D03,43,D03_P043_SEC_3_74_PAR003,debt;securities,false,true,false
the issuance of,3,5,5,D03,43,D03_P043_SEC_3_74_PAR003,,false,true,false
securitised debt instruments,3,5,5,D03,43,D03_P043_SEC_3_74_PAR003,debt,false,true,false
were mandated to,3,5,5,D03,43,D03_P043_SEC_3_74_PAR005,,false,true,false
the audit committee,3,5,4,D03,43,D03_P043_SEC_3_74_PAR005,,false,true,false
pertaining to the,3,5,5,D03,43,D03_P043_SEC_3_74_PAR005,,false,true,false
to provide investors,3,5,5,D03,43,D03_P043_SEC_3_74_PAR007,investors,false,true,false
provide investors with,3,5,5,D03,43,D03_P043_SEC_3_74_PAR007,investors,false,true,false
risk and return,3,5,4,D03,43,D03_P043_SEC_3_74_PAR007,,false,true,false
and the central,3,5,5,D03,43,D03_P043_SEC_3_74_PAR007,,false,true,false
instruments such as,3,5,5,D03,44,D03_P044_SEC_3_75_PAR001,,false,true,false
in fy15 to,3,5,4,D03,44,D03_P044_SEC_3_76_PAR001,,false,true,false
. the us,3,5,5,D03,44,D03_P044_SEC_3_78_PAR001,,false,true,false
", with india",3,5,5,D03,45,D03_P045_SEC_3_78_PAR002,,false,true,false
"financial institutions ,",3,5,5,D03,45,D03_P045_SEC_3_79_PAR001,financial,false,true,false
", the market",3,5,5,D03,45,D03_P045_SEC_3_79_PAR001,market,false,true,false
and job creation,3,5,5,D03,46,D03_P046_SEC_3_84_PAR001,,false,true,false
may not be,3,5,5,D03,46,D03_P046_SEC_3_85_PAR001,,true,true,false
the path to,3,5,5,D03,46,D03_P046_SEC_3_85_PAR001,,false,true,false
central to india,3,5,5,D03,46,D03_P046_SEC_3_85_PAR001,,false,true,false
across firms and,3,5,5,D03,47,D03_P047_SEC_3_85_PAR002,,false,true,false
the persistence of,3,5,5,D03,47,D03_P047_SEC_3_85_PAR002,,false,true,false
not merely a,3,5,5,D03,47,D03_P047_SEC_3_85_PAR003,,false,true,false
; it is,3,5,5,D03,47,D03_P047_SEC_3_85_PAR003,,false,true,false
", brazil ,",3,5,5,D03,47,D03_P047_SEC_3_85_PAR004,,false,true,false
", france ,",3,5,5,D03,47,D03_P047_SEC_3_85_PAR004,,false,true,false
", germany ,",3,5,5,D03,47,D03_P047_SEC_3_85_PAR004,,false,true,false
", south korea",3,5,5,D03,47,D03_P047_SEC_3_85_PAR004,,false,true,false
in the long,3,5,5,D03,47,D03_P047_SEC_3_85_PAR006,,false,true,false
the emergence of,3,5,5,D03,48,D03_P048_SEC_3_85_PAR005,,false,true,false
participation in global,3,5,5,D03,49,D03_P049_SEC_3_85_PAR005,,false,true,false
economic survey .,3,5,5,D03,49,D03_P049_SEC_3_85_PAR006,,false,true,false
. these factors,3,5,5,D03,50,D03_P050_SEC_3_87_PAR001,,false,true,false
the indian capital,3,5,5,D03,52,D03_P052_SEC_3_92_PAR001,capital,false,true,false
is characterised by,3,5,5,D03,53,D03_P053_SEC_3_93_PAR001,,false,true,false
"global capital ,",3,5,5,D03,53,D03_P053_SEC_3_93_PAR001,capital,false,true,false
the international financial,3,5,5,D03,53,D03_P053_SEC_3_94_PAR001,financial,false,true,false
a culture of,3,5,5,D03,56,D03_P056_SEC_3_99_PAR003,,false,true,false
. the focus,3,5,5,D03,56,D03_P056_SEC_3_99_PAR005,,false,true,false
", singapore ,",3,5,5,D03,57,D03_P057_SEC_3_99_PAR002,,false,true,false
", health and",3,5,4,D03,58,D03_P058_SEC_3_99_PAR004,,false,true,false
of the ',3,5,5,D03,59,D03_P059_SEC_3_99_PAR002,,false,true,false
driven by rising,3,5,5,D03,59,D03_P059_SEC_3_99_PAR004,,false,true,false
grow at a,3,5,5,D03,60,D03_P060_SEC_3_99_PAR001,,false,true,false
to facilitate the,3,5,5,D03,60,D03_P060_SEC_3_99_PAR004,,false,true,false
that while the,3,5,5,D03,61,D03_P061_SEC_3_99_PAR009,,true,true,false
", india must",3,5,5,D03,65,D03_P065_UNKNOWN_PAR003,,false,true,false
", cybersecurity ,",3,5,5,D03,54,D03_T002,,false,true,false
", s. (",3,5,5,D04,21,D04_BOX001,,false,true,false
on inward fdi,3,5,2,D04,34,D04_BOX003,fdi,false,true,false
", and south",3,5,4,D04,34,D04_BOX003,,false,true,false
") , germany",3,5,5,D04,34,D04_BOX003,,false,true,false
", germany (",3,5,5,D04,34,D04_BOX003,,false,true,false
the uk (,3,5,5,D04,34,D04_BOX003,,false,true,false
global markets .,3,5,5,D04,1,D04_P001_UNKNOWN_PAR002,markets,false,true,false
growth in services,3,5,4,D04,1,D04_P001_UNKNOWN_PAR003,growth,false,true,false
"in electronics ,",3,5,5,D04,1,D04_P001_UNKNOWN_PAR003,,false,true,false
supported by strong,3,5,5,D04,1,D04_P001_UNKNOWN_PAR003,,false,true,false
"greenfield projects ,",3,5,5,D04,1,D04_P001_UNKNOWN_PAR004,,false,true,false
to adapt to,3,5,5,D04,2,D04_P002_SEC_4_3_PAR001,,false,true,false
at the core,3,5,5,D04,2,D04_P002_SEC_4_3_PAR001,,false,true,false
", and external",3,5,5,D04,2,D04_P002_SEC_4_4_PAR001,,false,true,false
its integration with,3,5,5,D04,2,D04_P002_SEC_4_4_PAR001,,false,true,false
global economy .,3,5,5,D04,2,D04_P002_SEC_4_4_PAR001,,false,true,false
india 's trade,3,5,5,D04,2,D04_P002_SEC_4_5_PAR001,trade,false,true,false
exchange rate movements,3,5,5,D04,2,D04_P002_SEC_4_5_PAR001,exchange;rate,false,true,false
the transition from,3,5,5,D04,3,D04_P003_SEC_4_7_PAR001,,false,true,false
a world where,3,5,5,D04,3,D04_P003_SEC_4_7_PAR001,,false,true,false
", how they",3,5,2,D04,3,D04_P003_SEC_4_7_PAR001,,false,true,false
among major economies,3,5,5,D04,3,D04_P003_SEC_4_8_PAR001,,false,true,false
in cy 2025,3,5,4,D04,3,D04_P003_SEC_4_8_PAR001,,false,true,false
"cy 2025 ,",3,5,3,D04,3,D04_P003_SEC_4_8_PAR001,,false,true,false
index is calculated,3,5,5,D04,3,D04_P003_SEC_4_8_PAR005,,false,true,false
is calculated based,3,5,5,D04,3,D04_P003_SEC_4_8_PAR005,,false,true,false
", security ,",3,5,5,D04,4,D04_P004_SEC_4_8_PAR001,,false,true,false
. 2 .,3,5,5,D04,4,D04_P004_SEC_4_8_PAR002,,false,true,false
. 3 .,3,5,5,D04,4,D04_P004_SEC_4_8_PAR003,,false,true,false
concentrated in a,3,5,5,D04,4,D04_P004_SEC_4_8_PAR003,,false,true,false
small set of,3,5,5,D04,4,D04_P004_SEC_4_8_PAR003,,false,true,false
. the index,3,5,5,D04,4,D04_P004_SEC_4_9_PAR004,,false,true,false
( i.e .,3,5,4,D04,5,D04_P005_SEC_4_9_PAR001,,false,true,false
) is a,3,5,5,D04,5,D04_P005_SEC_4_9_PAR001,,false,true,false
", and sustainable",3,5,5,D04,6,D04_P006_SEC_4_13_PAR001,,false,true,false
( ppp ),3,5,5,D04,6,D04_P006_SEC_4_13_PAR003,,false,true,false
to that of,3,5,5,D04,7,D04_P007_SEC_4_15_PAR001,,true,true,false
likely to have,3,5,5,D04,7,D04_P007_SEC_4_15_PAR001,,false,true,false
to have a,3,5,5,D04,7,D04_P007_SEC_4_15_PAR001,,true,true,false
is evident in,3,5,5,D04,8,D04_P008_SEC_4_18_PAR001,,false,true,false
of services exports,3,5,5,D04,8,D04_P008_SEC_4_20_PAR001,exports,false,true,false
as a single,3,5,5,D04,8,D04_P008_SEC_4_20_PAR003,,false,true,false
within the broader,3,5,5,D04,10,D04_P010_SEC_4_22_PAR001,,false,true,false
", with exports",3,5,5,D04,15,D04_P015_SEC_4_39_PAR001,exports,false,true,false
"import substitution ,",3,5,5,D04,15,D04_P015_SEC_4_39_PAR001,import,false,true,false
the aim of,3,5,5,D04,15,D04_P015_SEC_4_40_PAR003,,false,true,false
) • world,3,5,4,D04,17,D04_P017_SEC_4_40_PAR001,,false,true,false
") , spain",3,5,5,D04,17,D04_P017_UNKNOWN_PAR001,,false,true,false
", spain (",3,5,5,D04,17,D04_P017_UNKNOWN_PAR001,,false,true,false
and hong kong,3,5,4,D04,17,D04_P017_UNKNOWN_PAR002,,false,true,false
's share increased,3,5,2,D04,17,D04_P017_UNKNOWN_PAR004,,false,true,false
readymade garments of,3,5,1,D04,17,D04_P017_UNKNOWN_PAR005,,false,true,false
) . •,3,5,4,D04,18,D04_P018_UNKNOWN_PAR015,,false,false,false
"fy25 , while",3,5,5,D04,19,D04_P019_SEC_4_41_PAR001,,false,true,false
. countries that,3,5,5,D04,19,D04_P019_SEC_4_44_PAR003,,false,true,false
diverse range of,3,5,5,D04,19,D04_P019_SEC_4_44_PAR003,,false,true,false
a strong and,3,5,5,D04,20,D04_P020_SEC_4_45_PAR001,,false,true,false
"scale , and",3,5,5,D04,20,D04_P020_SEC_4_45_PAR001,,false,true,false
national research foundation,3,5,5,D04,20,D04_P020_SEC_4_46_PAR001,,false,true,false
india and the,3,5,5,D04,20,D04_P020_SEC_4_46_PAR001,,false,true,false
these initiatives aim,3,5,5,D04,20,D04_P020_SEC_4_46_PAR001,,false,true,false
"and innovation ,",3,5,5,D04,20,D04_P020_SEC_4_47_PAR001,,false,true,false
strengthening india 's,3,5,5,D04,21,D04_P021_SEC_4_49_PAR001,,false,true,false
", and higher",3,5,5,D04,21,D04_P021_SEC_4_50_PAR001,,false,true,false
nature of the,3,5,5,D04,22,D04_P022_SEC_4_50_PAR002,,false,true,false
the world .,3,5,5,D04,22,D04_P022_SEC_4_50_PAR003,,false,true,false
"of technology ,",3,5,5,D04,22,D04_P022_UNKNOWN_PAR004,,false,true,false
a global hub,3,5,5,D04,23,D04_P023_UNKNOWN_PAR003,,false,true,false
global hub for,3,5,5,D04,23,D04_P023_UNKNOWN_PAR003,,false,true,false
", processing ,",3,5,5,D04,23,D04_P023_UNKNOWN_PAR007,,false,true,false
in december 2025 .,3,5,5,D04,24,D04_P024_SEC_4_51_PAR001,,false,true,false
", representing a",3,5,5,D04,24,D04_P024_UNKNOWN_PAR001,,false,true,false
is necessary to,3,5,5,D04,24,D04_P024_UNKNOWN_PAR002,,false,true,false
grew at a,3,5,4,D04,26,D04_P026_SEC_4_58_PAR001,,false,true,false
the most significant,3,5,5,D04,27,D04_P027_SEC_4_59_PAR001,,false,true,false
accounting for approximately,3,5,5,D04,29,D04_P029_SEC_4_64_PAR001,,false,true,false
workers . the,3,5,5,D04,30,D04_P030_SEC_4_65_PAR001,,false,true,false
and heightened geopolitical,3,5,5,D04,31,D04_P031_SEC_4_68_PAR001,,false,true,false
"projects , and",3,5,5,D04,32,D04_P032_SEC_4_74_PAR001,,false,true,false
a year earlier,3,5,5,D04,34,D04_P034_SEC_4_77_PAR001,,false,true,false
on india 's,3,5,5,D04,34,D04_P034_SEC_4_78_PAR001,,false,true,false
enabling them to,3,5,5,D04,35,D04_P035_SEC_4_79_PAR001,,false,true,false
", the challenge",3,5,5,D04,35,D04_P035_SEC_4_80_PAR001,,false,true,false
challenge is to,3,5,5,D04,35,D04_P035_SEC_4_80_PAR001,,false,true,false
", employment ,",3,5,5,D04,36,D04_P036_SEC_4_80_PAR003,employment,false,true,false
of government .,3,5,5,D04,36,D04_P036_SEC_4_80_PAR004,,false,true,false
position india as,3,5,5,D04,38,D04_P038_SEC_4_80_PAR001,,false,true,false
can be leveraged,3,5,5,D04,38,D04_P038_SEC_4_80_PAR005,,false,true,false
as an important,3,5,5,D04,39,D04_P039_SEC_4_81_PAR001,,false,true,false
"therefore , requires",3,5,5,D04,40,D04_P040_SEC_4_81_PAR001,,false,true,false
( 2017 ),3,5,4,D04,40,D04_P040_SEC_4_81_PAR002,,false,true,false
( 2021 ),3,5,5,D04,41,D04_P041_SEC_4_81_PAR004,,false,true,false
ministry of finance,3,5,4,D04,41,D04_P041_SEC_4_81_PAR010,finance,false,true,false
"in sum ,",3,5,5,D04,42,D04_P042_UNKNOWN_PAR001,,false,true,false
the financial channel,3,5,4,D04,47,D04_P047_SEC_4_93_PAR002,financial,false,true,false
variables such as,3,5,5,D04,47,D04_P047_SEC_4_93_PAR004,,false,true,false
net merchandise trade,3,5,4,D04,47,D04_P047_SEC_4_93_PAR004,trade,false,true,false
due to their,3,5,5,D04,50,D04_P050_SEC_4_96_PAR001,,false,true,false
. in many,3,5,5,D04,51,D04_P051_SEC_4_97_PAR002,,false,true,false
parts of the,3,5,5,D04,51,D04_P051_SEC_4_97_PAR003,,false,true,false
their ability to,3,5,5,D04,51,D04_P051_SEC_4_97_PAR005,,false,true,false
"services , including",3,5,5,D04,51,D04_P051_SEC_4_97_PAR006,,false,true,false
and business services,3,5,5,D04,51,D04_P051_SEC_4_97_PAR006,,false,true,false
last decade (,3,5,5,D04,55,D04_P055_UNKNOWN_PAR004,,false,true,false
highlights the importance,3,5,5,D04,57,D04_P057_UNKNOWN_PAR002,,false,true,false
this requires a,3,5,5,D04,57,D04_P057_UNKNOWN_PAR003,,false,true,false
"current year ,",3,5,5,D05,3,D05_P003_SEC_5_3_PAR001,current,false,true,false
its ability to,3,5,5,D05,5,D05_P005_SEC_5_7_PAR001,,false,true,false
8 ) .,3,5,5,D05,7,D05_P007_SEC_5_9_PAR002,,false,true,false
", as is",3,5,5,D05,9,D05_P009_SEC_5_15_PAR001,,false,true,false
food security .,3,5,5,D05,12,D05_P012_SEC_5_20_PAR001,,false,true,false
2024-25 . this,3,5,5,D05,13,D05_P013_SEC_5_22_PAR001,,false,true,false
of the manufacturing,3,5,5,D05,14,D05_P014_SEC_5_27_PAR001,,false,true,false
", on the",3,5,4,D05,18,D05_P018_SEC_5_34_PAR001,,false,true,false
"water management ,",3,5,5,D06,7,D06_BOX001,,false,true,false
"technology adoption ,",3,5,5,D06,7,D06_BOX001,,false,true,false
: //www.niti.gov.in/sites/default/files/ 2025-09,3,5,1,D06,7,D06_BOX001,,false,true,false
//www.niti.gov.in/sites/default/files/ 2025-09 /strategies-and-pathways-for-accelerating-growth-in-,3,5,1,D06,7,D06_BOX001,,false,true,false
2025-09 /strategies-and-pathways-for-accelerating-growth-in- pulses-towards-the-goal-of-atmanirbharta.pdf,3,5,1,D06,7,D06_BOX001,,false,true,false
the scheme aims,3,5,5,D06,13,D06_BOX005,,false,true,false
the goal is,3,5,5,D06,13,D06_BOX005,,false,true,false
department of agriculture,3,5,2,D06,14,D06_BOX007,,false,true,false
and farmers welfare,3,5,2,D06,14,D06_BOX007,,false,true,false
farmers welfare .,3,5,2,D06,14,D06_BOX007,,false,true,false
food security and,3,5,5,D06,23,D06_BOX009,,false,true,false
"time , india",3,5,5,D06,23,D06_BOX009,,false,true,false
vikas yojana (,3,5,5,D06,1,D06_P001_UNKNOWN_PAR002,,false,true,false
remains central to,3,5,5,D06,2,D06_P002_SEC_6_1_PAR001,,false,true,false
and allied sectors,3,5,4,D06,2,D06_P002_SEC_6_3_PAR001,sectors,false,true,false
compound annual growth,3,5,5,D06,4,D06_P004_SEC_6_7_PAR001,growth,false,true,false
year . this,3,5,5,D06,4,D06_P004_SEC_6_8_PAR001,,false,true,false
the global average,3,5,5,D06,5,D06_P005_SEC_6_10_PAR001,,false,true,false
in 2024-25 (,3,5,5,D06,5,D06_P005_SEC_6_9_PAR002,,false,true,false
", telangana ,",3,5,5,D06,6,D06_P006_SEC_6_12_PAR001,,false,true,false
", andhra pradesh",3,5,5,D06,6,D06_P006_SEC_6_12_PAR001,,false,true,false
in place of,3,5,5,D06,7,D06_P007_SEC_6_12_PAR002,,false,true,false
as of 2025,3,5,5,D06,8,D06_P008_SEC_6_12_PAR001,,false,true,false
( 2022 ),3,5,5,D06,8,D06_P008_SEC_6_12_PAR003,,false,true,false
", covering over",3,5,5,D06,8,D06_P008_SEC_6_12_PAR005,,false,true,false
capacity building for,3,5,5,D06,9,D06_P009_SEC_6_15_PAR001,,false,true,false
are also being,3,5,5,D06,9,D06_P009_SEC_6_15_PAR001,,true,true,false
"sector participation ,",3,5,5,D06,9,D06_P009_SEC_6_15_PAR001,sector,false,true,false
with a higher,3,5,5,D06,10,D06_P010_SEC_6_16_PAR003,,false,true,false
", water ,",3,5,5,D06,11,D06_P011_SEC_6_16_PAR003,,false,true,false
. the indian,3,5,5,D06,11,D06_P011_SEC_6_16_PAR005,,false,true,false
", is the",3,5,5,D06,11,D06_P011_SEC_6_16_PAR006,,false,true,false
a significant role,3,5,5,D06,12,D06_P012_SEC_6_17_PAR001,,false,true,false
significant role in,3,5,5,D06,12,D06_P012_SEC_6_17_PAR001,,false,true,false
's role in,3,5,5,D06,12,D06_P012_SEC_6_17_PAR001,,false,true,false
. under this,3,5,5,D06,12,D06_P012_SEC_6_19_PAR001,,false,true,false
under this initiative,3,5,5,D06,12,D06_P012_SEC_6_19_PAR001,,false,true,false
", logistics and",3,5,5,D06,15,D06_P015_SEC_6_22_PAR005,,false,true,false
", regardless of",3,5,5,D06,15,D06_P015_SEC_6_22_PAR005,,false,true,false
", particularly those",3,5,5,D06,15,D06_P015_SEC_6_22_PAR009,,false,true,false
", and state",3,5,5,D06,20,D06_P020_SEC_6_30_PAR001,,false,true,false
the government launched,3,5,4,D06,20,D06_P020_SEC_6_31_PAR001,,false,true,false
"value addition ,",3,5,5,D06,21,D06_P021_SEC_6_32_PAR001,,false,true,false
"market access ,",3,5,5,D06,21,D06_P021_SEC_6_33_PAR001,market,false,true,false
institutional capacity .,3,5,5,D06,21,D06_P021_SEC_6_33_PAR001,,false,true,false
the formation of,3,5,5,D06,21,D06_P021_SEC_6_33_PAR001,,false,true,false
to a more,3,5,5,D06,25,D06_P025_UNKNOWN_PAR001,,true,true,false
) serves as,3,5,5,D06,26,D06_P026_SEC_6_40_PAR001,,false,true,false
", making them",3,5,5,D06,26,D06_P026_SEC_6_42_PAR001,,false,true,false
"energy , and",3,5,5,D06,27,D06_P027_SEC_6_46_PAR001,energy,false,true,false
the production linked,3,5,5,D06,28,D06_P028_SEC_6_50_PAR001,,false,true,false
production linked incentive,3,5,5,D06,28,D06_P028_SEC_6_50_PAR001,,false,true,false
launched in 2021,3,5,5,D06,28,D06_P028_SEC_6_50_PAR001,,false,true,false
the most vulnerable,3,5,5,D06,29,D06_P029_SEC_6_53_PAR001,,false,true,false
. the ``,3,5,5,D06,31,D06_P031_SEC_6_54_PAR004,,false,true,false
the livelihoods of,3,5,5,D06,31,D06_P031_SEC_6_56_PAR001,,false,true,false
the rise of,3,5,5,D06,31,D06_P031_SEC_6_56_PAR001,,false,true,false
in areas such,3,5,5,D06,32,D06_P032_SEC_6_60_PAR001,,false,true,false
"job creation ,",3,5,5,D06,32,D06_P032_SEC_6_60_PAR001,,false,true,false
not only as,3,5,5,D07,7,D07_BOX001,,false,true,false
of ai on,3,5,4,D07,12,D07_BOX003,,false,true,false
", resilience ,",3,5,5,D07,1,D07_P001_SEC_7_1_PAR001,,false,true,false
and employment .,3,5,5,D07,1,D07_P001_UNKNOWN_PAR002,employment,false,true,false
and it-enabled services,3,5,5,D07,1,D07_P001_UNKNOWN_PAR003,,false,true,false
in the services,3,5,5,D07,2,D07_P002_SEC_7_5_PAR001,,false,true,false
"energy security ,",3,5,5,D07,5,D07_P005_SEC_7_9_PAR001,energy,false,true,false
. despite these,3,5,5,D07,6,D07_P006_SEC_7_11_PAR001,,false,true,false
service delivery .,3,5,5,D07,6,D07_P006_SEC_7_12_PAR001,,false,true,false
a central pillar,3,5,5,D07,11,D07_P011_SEC_7_17_PAR001,,false,true,false
of artificial intelligence,3,5,4,D07,12,D07_P012_SEC_7_18_PAR001,,false,true,false
cost competitiveness .,3,5,5,D07,14,D07_P014_SEC_7_18_PAR001,,false,true,false
"human capital ,",3,5,5,D07,15,D07_P015_SEC_7_21_PAR002,capital,false,true,false
"the state ,",3,5,4,D07,15,D07_P015_SEC_7_21_PAR003,,false,true,false
", power ,",3,5,5,D07,15,D07_P015_SEC_7_21_PAR004,,false,true,false
on the state,3,5,5,D07,16,D07_P016_SEC_7_21_PAR002,,false,true,false
", compliance ,",3,5,5,D07,17,D07_P017_SEC_7_22_PAR002,,false,true,false
", and employment",3,5,5,D07,17,D07_P017_SEC_7_22_PAR002,employment,false,true,false
", engineering ,",3,5,5,D07,17,D07_P017_UNKNOWN_PAR002,,false,true,false
"30 , 2025",3,5,5,D07,17,D07_P017_UNKNOWN_PAR004,,false,true,false
", marking an",3,5,5,D07,18,D07_P018_SEC_7_24_PAR001,,false,true,false
's focus on,3,5,5,D07,20,D07_P020_SEC_7_27_PAR001,,false,true,false
integration into global,3,5,5,D07,22,D07_P022_SEC_7_34_PAR001,,false,true,false
ai data centres,3,5,4,D07,22,D07_P022_SEC_7_35_PAR001,,false,true,false
", risk management",3,5,5,D07,23,D07_P023_SEC_7_37_PAR001,,false,true,false
", innovation and",3,5,5,D07,24,D07_P024_SEC_7_39_PAR001,,false,true,false
key features of,3,5,5,D07,24,D07_P024_SEC_7_39_PAR001,,false,true,false
"in 2022 ,",3,5,5,D07,24,D07_P024_SEC_7_39_PAR001,,false,true,false
in 2014 to,3,5,3,D07,27,D07_P027_SEC_7_47_PAR001,,false,true,false
. the ',3,5,5,D07,28,D07_P028_SEC_7_49_PAR001,,false,true,false
as the primary,3,5,5,D07,29,D07_P029_SEC_7_51_PAR001,,false,true,false
", the ministry",3,5,5,D07,30,D07_P030_SEC_7_52_PAR001,,false,true,false
the next decade,3,5,5,D07,31,D07_P031_SEC_7_53_PAR001,,false,true,false
. just as,3,5,5,D07,32,D07_P032_SEC_7_55_PAR001,,false,true,false
", urban infrastructure",3,5,5,D07,32,D07_P032_SEC_7_57_PAR001,,false,true,false
", and align",3,5,5,D07,32,D07_P032_SEC_7_57_PAR001,,false,true,false
with a focus,3,5,5,D07,13,D07_T002,,false,true,false
for promotion of,3,5,4,D08,15,D08_BOX003,,false,true,false
) : to,3,5,5,D08,17,D08_BOX005,,false,true,false
", energy ,",3,5,5,D08,22,D08_BOX009,energy,false,true,false
"energy systems ,",3,5,5,D08,25,D08_BOX013,energy,false,true,false
india 's long-term,3,5,5,D08,28,D08_BOX015,,false,true,false
emerge as a,3,5,5,D08,31,D08_BOX017,,false,true,false
". ultimately ,",3,5,5,D08,36,D08_BOX021,,false,true,false
", small and",3,5,5,D08,36,D08_BOX021,,false,true,false
value added (,3,5,5,D08,40,D08_BOX025,,false,true,false
and scale .,3,5,5,D08,42,D08_BOX027,,false,true,false
", standards ,",3,5,5,D08,42,D08_BOX027,,false,true,false
private sector and,3,5,5,D08,43,D08_BOX029,sector,false,true,false
linked incentive (,3,5,5,D08,1,D08_P001_UNKNOWN_PAR003,,false,true,false
domestic value addition,3,5,5,D08,1,D08_P001_UNKNOWN_PAR003,,false,true,false
infrastructure and logistics,3,5,5,D08,1,D08_P001_UNKNOWN_PAR003,,false,true,false
", skilling ,",3,5,5,D08,1,D08_P001_UNKNOWN_PAR004,,false,true,false
( chart viii.,3,5,5,D08,4,D08_P004_SEC_8_10_PAR001,,false,true,false
of this chapter,3,5,5,D08,7,D08_P007_SEC_8_15_PAR001,,false,true,false
"activities , and",3,5,5,D08,7,D08_P007_SEC_8_15_PAR001,,false,true,false
in india are,3,5,5,D08,7,D08_P007_SEC_8_16_PAR001,,false,true,false
primarily due to,3,5,5,D08,9,D08_P009_SEC_8_21_PAR001,,false,true,false
the identification of,3,5,5,D08,12,D08_P012_SEC_8_26_PAR001,,false,true,false
: under the,3,5,5,D08,15,D08_P015_SEC_8_31_PAR003,,false,true,false
and innovation .,3,5,5,D08,16,D08_P016_SEC_8_34_PAR001,,false,true,false
fund of funds,3,5,5,D08,22,D08_P022_SEC_8_44_PAR001,,false,true,false
", development and",3,5,5,D08,25,D08_P025_SEC_8_51_PAR001,,false,true,false
. this marks,3,5,5,D08,30,D08_P030_SEC_8_53_PAR001,,false,true,false
the national logistics,3,5,4,D08,30,D08_P030_SEC_8_54_PAR001,,false,true,false
national logistics policy,3,5,4,D08,30,D08_P030_SEC_8_54_PAR001,policy,false,true,false
through the national,3,5,5,D08,30,D08_P030_SEC_8_55_PAR001,,false,true,false
"delays , and",3,5,5,D08,31,D08_P031_SEC_8_56_PAR001,,false,true,false
", and coordination",3,5,5,D08,31,D08_P031_SEC_8_56_PAR001,,false,true,false
"pm gatishakti ,",3,5,5,D08,31,D08_P031_SEC_8_57_PAR001,,false,true,false
and tier -3,3,5,4,D08,32,D08_P032_SEC_8_58_PAR001,,false,true,false
tier -3 cities,3,5,4,D08,32,D08_P032_SEC_8_58_PAR001,,false,true,false
"2025 ) ,",3,5,5,D08,33,D08_P033_SEC_8_61_PAR001,,false,true,false
", but because",3,5,5,D08,42,D08_P042_SEC_8_70_PAR002,,false,true,false
and governance of,3,5,5,D08,44,D08_P044_SEC_8_72_PAR001,,false,true,false
rapid technological change,3,5,5,D08,44,D08_P044_SEC_8_73_PAR001,,false,true,false
the pm gatishakti,3,5,5,D08,45,D08_P045_SEC_8_75_PAR001,,false,true,false
cities . the,3,5,5,D08,45,D08_P045_SEC_8_75_PAR001,,false,true,false
@ 2047 .,3,5,5,D08,45,D08_P045_SEC_8_76_PAR001,,false,true,false
private participation in,3,5,5,D09,6,D09_BOX003,,false,true,false
aim to enhance,3,5,5,D09,17,D09_BOX013,,false,true,false
"india , and",3,5,5,D09,21,D09_BOX019,,false,true,false
central electricity authority,3,5,5,D09,21,D09_BOX019,,false,true,false
to safeguard the,3,5,5,D09,23,D09_BOX021,,false,true,false
of viksit bharat,3,5,5,D09,1,D09_P001_UNKNOWN_PAR003,,false,true,false
by mutual funds,3,5,5,D09,5,D09_P005_SEC_9_15_PAR001,,false,true,false
"financial support ,",3,5,5,D09,5,D09_P005_SEC_9_16_PAR001,financial,false,true,false
to create a,3,5,5,D09,7,D09_P007_SEC_9_17_PAR008,,false,true,false
. equally important,3,5,5,D09,9,D09_P009_SEC_9_17_PAR004,,false,true,false
single window system,3,5,3,D09,18,D09_P018_SEC_9_33_PAR002,,false,true,false
andaman & nicobar,3,5,5,D09,20,D09_P020_UNKNOWN_PAR003,,false,true,false
ministry of power,3,5,4,D09,25,D09_P025_SEC_9_40_PAR003,,false,true,false
", and strong",3,5,5,D09,27,D09_P027_SEC_9_41_PAR001,,false,true,false
energy storage systems,3,5,4,D09,28,D09_P028_SEC_9_43_PAR001,energy,false,true,false
been extended to,3,5,5,D09,31,D09_P031_SEC_9_45_PAR005,,false,true,false
( icdr ),3,5,4,D09,31,D09_P031_SEC_9_45_PAR006,,false,true,false
"participation , and",3,5,5,D09,33,D09_P033_SEC_9_50_PAR002,,false,true,false
country . the,3,5,5,D09,36,D09_P036_SEC_9_58_PAR001,,false,true,false
of the first,3,5,5,D09,37,D09_P037_SEC_9_59_PAR001,,false,true,false
"collaboration , and",3,5,5,D09,37,D09_P037_SEC_9_59_PAR001,,false,true,false
of energy storage,3,5,3,D10,18,D10_BOX005,energy,false,true,false
from https :,3,5,5,D10,18,D10_BOX005,,false,true,false
experience shows that,3,5,4,D10,30,D10_BOX013,,false,true,false
sovereign green bonds,3,5,4,D10,30,D10_BOX013,bonds,false,true,false
", and are",3,5,5,D10,30,D10_BOX013,,false,true,false
", in india",3,5,5,D10,30,D10_BOX013,,false,true,false
", through the",3,5,5,D10,38,D10_BOX019,,false,true,false
on climate change,3,5,5,D10,1,D10_P001_UNKNOWN_PAR003,,false,true,false
"water security ,",3,5,5,D10,1,D10_P001_UNKNOWN_PAR003,,false,true,false
to developing countries,3,5,4,D10,1,D10_P001_UNKNOWN_PAR004,,false,true,false
", the system",3,5,5,D10,2,D10_P002_SEC_10_3_PAR001,,false,true,false
the system is,3,5,5,D10,2,D10_P002_SEC_10_3_PAR001,,false,true,false
"pathways , and",3,5,5,D10,2,D10_P002_SEC_10_4_PAR001,,false,true,false
the paris agreement,3,5,4,D10,3,D10_P003_SEC_10_6_PAR001,,false,true,false
"more recently ,",3,5,5,D10,3,D10_P003_SEC_10_7_PAR001,,false,true,false
should not be,3,5,5,D10,4,D10_P004_SEC_10_9_PAR001,,true,true,false
features of the,3,5,5,D10,6,D10_P006_SEC_10_16_PAR001,,false,true,false
actions taken by,3,5,4,D10,6,D10_P006_SEC_10_19_PAR001,,false,true,false
climate change and,3,5,4,D10,7,D10_P007_SEC_10_21_PAR001,,false,true,false
"energy efficiency ,",3,5,5,D10,8,D10_P008_SEC_10_22_PAR001,energy,false,true,false
vb-g ram g,3,5,3,D10,9,D10_P009_SEC_10_25_PAR001,,false,true,false
and alignment with,3,5,5,D10,10,D10_P010_SEC_10_26_PAR001,,false,true,false
. to address,3,5,5,D10,10,D10_P010_SEC_10_28_PAR001,,false,true,false
) . during,3,5,5,D10,14,D10_P014_SEC_10_38_PAR001,,false,true,false
"capacity , in",3,5,4,D10,18,D10_P018_SEC_10_44_PAR001,,false,true,false
"developing countries ,",3,5,4,D10,20,D10_P020_SEC_10_48_PAR001,,false,true,false
. 2025 .,3,5,4,D10,21,D10_P021_SEC_10_53_PAR001,,false,true,false
based on a,3,5,5,D10,24,D10_P024_SEC_10_58_PAR002,,false,true,false
", should be",3,5,5,D10,33,D10_P033_SEC_10_79_PAR001,,false,true,false
. the system,3,5,5,D10,36,D10_P036_SEC_10_87_PAR001,,false,true,false
ease of living,3,5,3,D10,38,D10_P038_SEC_10_94_PAR001,,false,true,false
", and job",3,5,5,D10,40,D10_P040_SEC_10_99_PAR001,,false,true,false
the demographic dividend,3,5,5,D11,9,D11_BOX003,,false,true,false
improve the quality,3,5,5,D11,9,D11_BOX003,,false,true,false
the higher education,3,5,4,D11,19,D11_BOX009,,false,true,false
the scheme .,3,5,5,D11,21,D11_BOX011,,false,true,false
is a growing,3,5,5,D11,30,D11_BOX013,,false,true,false
the population in,3,5,4,D11,35,D11_BOX015,,false,true,false
the delivery of,3,5,5,D11,38,D11_BOX017,,false,true,false
state capacity in,3,5,5,D11,1,D11_P001_UNKNOWN_PAR003,,false,true,false
in higher education,3,5,5,D11,1,D11_P001_UNKNOWN_PAR003,,false,true,false
for higher education,3,5,3,D11,2,D11_P002_SEC_11_4_PAR001,,false,true,false
from the middle,3,5,5,D11,6,D11_P006_SEC_11_13_PAR001,,false,true,false
", governance ,",3,5,5,D11,11,D11_P011_SEC_11_17_PAR001,,false,true,false
the school level,3,5,5,D11,15,D11_P015_SEC_11_21_PAR002,,false,true,false
indian institute of,3,5,4,D11,16,D11_P016_SEC_11_22_PAR001,,false,true,false
. it will,3,5,4,D11,17,D11_P017_SEC_11_26_PAR001,,false,true,false
. one such,3,5,5,D11,19,D11_P019_SEC_11_30_PAR002,,false,true,false
", training ,",3,5,5,D11,19,D11_P019_SEC_11_30_PAR002,,false,true,false
students . the,3,5,5,D11,22,D11_P022_SEC_11_34_PAR001,,false,true,false
can enhance the,3,5,5,D11,24,D11_P024_SEC_11_34_PAR002,,false,true,false
aligned with national,3,5,4,D11,25,D11_P025_SEC_11_38_PAR001,,false,true,false
in partnership with,3,5,5,D11,25,D11_P025_SEC_11_39_PAR001,,false,true,false
11 of the,3,5,5,D11,30,D11_P030_SEC_11_47_PAR001,,false,true,false
to ensure compliance,3,5,5,D11,33,D11_P033_SEC_11_47_PAR002,,false,true,false
both rural and,3,5,3,D11,34,D11_P034_SEC_11_50_PAR001,,false,true,false
and management of,3,5,5,D11,35,D11_P035_SEC_11_52_PAR001,,false,true,false
and social media,3,5,5,D11,40,D11_P040_SEC_11_62_PAR001,,false,true,false
and exposure to,3,5,5,D11,41,D11_P041_SEC_11_63_PAR001,,false,true,false
to have an,3,5,5,D11,42,D11_P042_SEC_11_65_PAR002,,true,true,false
the scope of,3,5,5,D11,48,D11_P048_SEC_11_77_PAR001,,false,true,false
( in lakh,3,5,4,D11,15,D11_T003,,false,true,false
in lakh ),3,5,4,D11,15,D11_T003,,false,true,false
2 ( 35,3,5,2,D12,25,D12_BOX009,,false,true,false
( 35 ),3,5,2,D12,25,D12_BOX009,,false,true,false
a more inclusive,3,5,5,D12,1,D12_P001_SEC_12_1_PAR001,,false,true,false
is essential .,3,5,5,D12,1,D12_P001_UNKNOWN_PAR003,,false,true,false
the state can,3,5,5,D12,2,D12_P002_SEC_12_4_PAR001,,false,true,false
"past year ,",3,5,5,D12,3,D12_P003_SEC_12_6_PAR001,,false,true,false
years and above,3,5,4,D12,3,D12_P003_SEC_12_8_PAR001,,false,true,false
the largest share,3,5,5,D12,5,D12_P005_SEC_12_9_PAR001,,false,true,false
the organised manufacturing,3,5,5,D12,12,D12_P012_SEC_12_19_PAR002,,false,true,false
a study by,3,5,5,D12,22,D12_P022_SEC_12_33_PAR001,,false,true,false
gig workers .,3,5,5,D12,22,D12_P022_SEC_12_33_PAR003,,false,true,false
", and how",3,5,5,D12,24,D12_P024_SEC_12_36_PAR001,,false,true,false
the sale of,3,5,5,D12,37,D12_P037_SEC_12_54_PAR001,,false,true,false
transparency and accountability,3,5,5,D13,11,D13_P011_SEC_13_26_PAR006,,false,true,false
to the extent,3,5,4,D13,13,D13_P013_SEC_13_32_PAR001,,false,true,false
and maintenance of,3,5,5,D13,15,D13_P015_SEC_13_41_PAR001,,false,true,false
. to enhance,3,5,4,D13,19,D13_P019_SEC_13_55_PAR001,,false,true,false
. it provides,3,5,5,D13,28,D13_P028_SEC_13_77_PAR004,,false,true,false
", a framework",3,5,5,D13,35,D13_P035_SEC_13_96_PAR001,,false,true,false
", even if",3,5,5,D14,12,D14_BOX003,,false,true,false
is responsible for,3,5,5,D14,26,D14_BOX009,,false,true,false
the ai era,3,5,5,D14,31,D14_BOX011,,false,true,false
regulatory oversight and,3,5,5,D14,31,D14_BOX011,regulatory,false,true,false
. when the,3,5,5,D14,1,D14_P001_SEC_14_1_PAR001,,false,true,false
this does not,3,5,5,D14,3,D14_P003_SEC_14_6_PAR001,,true,true,false
", but how",3,5,5,D14,4,D14_P004_SEC_14_6_PAR002,,false,true,false
. the united,3,5,5,D14,4,D14_P004_SEC_14_6_PAR003,,false,true,false
the pbis sector,3,5,5,D14,4,D14_P004_SEC_14_6_PAR006,sector,false,true,false
the global ai,3,5,5,D14,6,D14_P006_SEC_14_7_PAR001,,false,true,false
india 's own,3,5,5,D14,7,D14_P007_SEC_14_10_PAR001,,false,true,false
approach to ai,3,5,5,D14,7,D14_P007_SEC_14_8_PAR001,,false,true,false
under conditions of,3,5,5,D14,17,D14_P017_SEC_14_34_PAR001,,false,true,false
india has the,3,5,5,D14,21,D14_P021_SEC_14_46_PAR001,,false,true,false
", and where",3,5,5,D14,24,D14_P024_SEC_14_52_PAR001,,false,true,false
of the provisions,3,5,5,D14,29,D14_P029_SEC_14_68_PAR001,,false,true,false
for the purpose,3,5,5,D14,30,D14_P030_SEC_14_74_PAR003,,false,true,false
", but of",3,5,5,D15,1,D15_P001_UNKNOWN_PAR002,,false,true,false
. the task,3,5,5,D15,1,D15_P001_UNKNOWN_PAR003,,false,true,false
", falling to",3,5,5,D15,13,D15_P013_UNKNOWN_PAR001,,false,true,false
as much as,3,5,5,D15,16,D15_P016_SEC_15_27_PAR001,,false,true,false
circular water economy,3,5,5,D15,24,D15_P024_SEC_15_43_PAR001,,false,true,false
an environment where,3,5,5,D15,28,D15_P028_SEC_15_51_PAR001,,false,true,false
part of its,3,5,5,D15,28,D15_P028_SEC_15_53_PAR001,,false,true,false
", and execution",3,5,5,D15,34,D15_P034_SEC_15_68_PAR001,,false,true,false
whether the state,3,5,5,D16,1,D16_P001_UNKNOWN_PAR003,,false,true,false
. state capacity,3,5,4,D16,1,D16_P001_UNKNOWN_PAR004,,false,true,false
"risk aversion ,",3,5,5,D16,1,D16_P001_UNKNOWN_PAR004,,false,true,false
and deregulation initiative,3,5,5,D16,2,D16_P002_UNKNOWN_PAR001,,false,true,false
"under uncertainty ,",3,5,5,D16,2,D16_P002_UNKNOWN_PAR002,,false,true,false
", in this",3,5,3,D16,2,D16_P002_UNKNOWN_PAR002,,false,true,false
"the same ,",3,5,5,D16,3,D16_P003_SEC_16_2_PAR001,,false,true,false
in ways that,3,5,5,D16,10,D16_P010_SEC_16_27_PAR001,,false,true,false
to comply with,3,5,5,D17,4,D17_P004_SEC_16_91_PAR001,,false,true,false
capacity building and,3,5,5,D17,12,D17_P012_UNKNOWN_PAR004,,false,true,false
compliance reduction and,3,5,5,D17,28,D17_P028_UNKNOWN_PAR005,,false,true,false
reduction and deregulation,3,5,5,D17,28,D17_P028_UNKNOWN_PAR005,,false,true,false
- ai ui,3,5,5,D17,36,D17_P036_UNKNOWN_PAR001,,false,true,false
at a glance,3,5,5,D18,1,D18_P001_UNKNOWN_PAR005,,false,true,false
the rbi notes,3,5,5,D18,2,D18_P002_II_PAR001,,false,true,false
rbi notes that,3,5,5,D18,2,D18_P002_II_PAR001,,false,true,false
oil prices and,3,5,5,D18,2,D18_P002_I_PAR002,oil,false,true,false
standing committee on,3,5,2,D19,2,D19_P002_UNKNOWN_PAR005,,false,true,false
will be established,3,5,4,D19,2,D19_P002_UNKNOWN_PAR005,,false,true,false
"2026-27 , an",3,5,4,D19,3,D19_P003_UNKNOWN_PAR006,,false,true,false
2025-26 . this,3,5,5,D19,4,D19_P004_UNKNOWN_PAR003,,false,true,false
2025-26 . in,3,5,5,D19,4,D19_P004_UNKNOWN_PAR005,,false,true,false
2026-27 is estimated,3,5,5,D19,4,D19_P004_UNKNOWN_PAR007,,false,true,false
the 15 th,3,5,4,D19,9,D19_P009_UNKNOWN_PAR004,,false,true,false
th fc has,3,5,4,D19,9,D19_P009_UNKNOWN_PAR005,,false,true,false
15 th fc,3,5,3,D19,9,D19_P009_UNKNOWN_PAR005,,false,true,false
re to 2026-27,3,5,5,D19,3,D19_T001,,false,true,false
of which :,3,5,3,D19,3,D19_T001,,false,true,false
of the middle,3,5,5,D20,4,D20_P004_II_PAR001,,false,true,false
period of one,3,5,5,D21,2,D21_BOX001,,false,true,false
of the companies,3,5,5,D21,5,D21_BOX003,,false,true,false
the total funds,3,5,4,D21,11,D21_BOX005,,false,true,false
given below :,3,5,5,D21,13,D21_BOX009,,false,true,false
measures taken by,3,5,5,D21,1,D21_P001_SEC_3_1_PAR003,,false,true,false
sebi during 2025-26,3,5,5,D21,1,D21_P001_SEC_3_1_PAR003,,false,true,false
to streamline the,3,5,5,D21,3,D21_P003_SEC_3_1_1_PAR009,,false,true,false
", sebi (",3,5,4,D21,3,D21_P003_SEC_3_1_1_PAR009,,false,true,false
and sebi (,3,5,5,D21,3,D21_P003_SEC_3_1_1_PAR009,,false,true,false
( issue of,3,5,5,D21,3,D21_P003_SEC_3_1_1_PAR009,,false,true,false
issue of capital,3,5,5,D21,3,D21_P003_SEC_3_1_1_PAR009,capital,false,true,false
capital and disclosure,3,5,5,D21,3,D21_P003_SEC_3_1_1_PAR009,capital,false,true,false
were required to,3,5,5,D21,4,D21_P004_SEC_3_1_2_PAR003,,false,true,false
lodr ) regulations,3,5,5,D21,9,D21_P009_SEC_3_2_1_PAR007,,false,true,false
the stakeholders to,3,5,5,D21,12,D21_P012_UNKNOWN_PAR003,,false,true,false
2024-25 . the,3,5,5,D21,14,D21_P014_SEC_3_3_2_PAR001,,false,true,false
that sebi 's,3,5,5,D21,16,D21_P016_SEC_3_4_1_PAR002,,false,true,false
to issue and,3,5,5,D21,16,D21_P016_SEC_3_4_2_PAR002,,false,true,false
share transfer agents,3,5,5,D21,16,D21_P016_SEC_3_4_2_PAR003,,false,true,false
bankers to an,3,5,5,D21,16,D21_P016_SEC_3_4_2_PAR003,,false,true,false
market integrity and,3,5,5,D21,16,D21_P016_SEC_3_4_PAR002,market,false,true,false
working days ),3,5,5,D21,8,D21_T006,,false,true,false
0 0 0.0,3,5,3,D21,11,D21_T008,,false,true,false
year no .,3,5,5,D21,11,D21_T009,,false,true,false
letters of offer,3,5,2,D21,14,D21_T010,,false,true,false
issued by sebi,3,5,5,D21,14,D21_T011,,false,true,false
", 2015 .",3,5,5,D21,15,D21_T014,,false,true,false
type of intermediary,3,5,5,D21,17,D21_T016,,false,true,false
registered as on,3,5,3,D21,17,D21_T017,,false,true,false
ease of investing,3,5,5,D22,6,D22_P006_SEC_4_1_1_PAR007,,false,true,false
depositories and participants,3,5,5,D22,7,D22_P007_SEC_4_1_3_PAR001,,false,true,false
and participants ),3,5,5,D22,7,D22_P007_SEC_4_1_3_PAR001,,false,true,false
", aifs ,",3,5,5,D22,8,D22_P008_SEC_4_1_3_PAR002,,false,true,false
venture capital funds,3,5,5,D22,8,D22_P008_SEC_4_1_3_PAR002,capital,false,true,false
", the platform",3,5,4,D22,10,D22_P010_SEC_4_2_1_PAR003,,false,true,false
of trades settled,3,5,2,D22,10,D22_P010_SEC_4_2_PAR002,,false,true,false
"during 2025- 26 ,",3,5,5,D22,11,D22_P011_SEC_4_2_2_PAR001,,false,true,false
. of trades,3,5,2,D22,11,D22_P011_SEC_4_2_2_PAR003,,false,true,false
", the turnover",3,5,4,D22,11,D22_P011_SEC_4_2_2_PAR005,,false,true,false
clearing members (,3,5,4,D22,16,D22_P016_SEC_4_3_3_PAR002,,false,true,false
provisions relating to,3,5,5,D22,17,D22_P017_SEC_4_4_PAR001,,false,true,false
the commodity derivatives,3,5,5,D22,17,D22_P017_SEC_4_4_PAR001,,false,true,false
"segment , the",3,5,4,D22,21,D22_P021_UNKNOWN_PAR002,,false,true,false
in 2025-26 from,3,5,5,D22,21,D22_P021_UNKNOWN_PAR002,,false,true,false
2025-26 ( table,3,5,5,D22,22,D22_P022_UNKNOWN_PAR006,,false,true,false
the currency derivatives,3,5,5,D22,25,D22_P025_SEC_4_5_3_PAR003,currency,false,true,false
currency derivatives segment,3,5,5,D22,25,D22_P025_SEC_4_5_3_PAR003,currency,false,true,false
"depository participants ,",3,5,5,D22,31,D22_P031_SEC_4_7_2_PAR001,,false,true,false
at one place,3,5,5,D22,32,D22_P032_SEC_4_7_5_PAR001,,false,true,false
"one place ,",3,5,5,D22,32,D22_P032_SEC_4_7_5_PAR001,,false,true,false
order to enhance,3,5,5,D22,32,D22_P032_SEC_4_7_5_PAR003,,false,true,false
"02 , 2025",3,5,5,D22,32,D22_P032_SEC_4_7_5_PAR003,,false,true,false
registrars to an,3,5,5,D22,33,D22_P033_SEC_4_7_5_PAR003,,false,true,false
notified on january,3,5,4,D22,33,D22_P033_SEC_4_7_5_PAR004,,false,true,false
the revised framework,3,5,4,D22,33,D22_P033_SEC_4_7_5_PAR006,,false,true,false
"30 , 2026",3,5,5,D22,34,D22_P034_SEC_4_7_5_PAR002,,false,true,false
amendments were made,3,5,5,D22,34,D22_P034_SEC_4_7_5_PAR004,,false,true,false
were made to,3,5,5,D22,34,D22_P034_SEC_4_7_5_PAR004,,false,true,false
exchanges and clearing,3,5,4,D22,36,D22_P036_SEC_4_8_PAR004,,false,true,false
and clearing corporations,3,5,4,D22,36,D22_P036_SEC_4_8_PAR004,,false,true,false
"bse , nse",3,5,5,D22,37,D22_P037_SEC_4_8_2_PAR001,,false,true,false
", nse ,",3,5,5,D22,37,D22_P037_SEC_4_8_2_PAR001,,false,true,false
0 0 1,3,5,4,D22,8,D22_T008,,false,true,false
stock 0.0 0.0,3,5,1,D22,14,D22_T016,,false,true,false
sebi act .,3,5,5,D22,28,D22_T031,,false,true,false
- mar -25,3,5,1,D22,37,D22_T039,,false,true,false
mar -25 31,3,5,1,D22,37,D22_T039,,false,true,false
-25 31 -,3,5,1,D22,37,D22_T039,,false,true,false
- mar -26,3,5,1,D22,37,D22_T039,,false,true,false
funds ) regulations,3,5,5,D23,2,D23_BOX001,,false,true,false
for mutual fund,3,5,4,D23,2,D23_BOX001,,false,true,false
category ii aifs,3,5,2,D23,10,D23_BOX003,,false,true,false
for angel funds,3,5,2,D23,11,D23_BOX005,,false,true,false
investments made in,3,5,2,D23,11,D23_BOX005,investments,false,true,false
to enhance investor,3,5,4,D23,19,D23_P019_SEC_5_3_2_PAR001,investor,false,true,false
i. income/debt oriented,3,5,2,D23,4,D23_T001,,false,true,false
income/debt oriented schemes,3,5,2,D23,4,D23_T001,,false,true,false
ii . growth/equity,3,5,2,D23,4,D23_T001,,false,true,false
. growth/equity oriented,3,5,2,D23,4,D23_T001,,false,true,false
growth/equity oriented schemes,3,5,2,D23,4,D23_T001,,false,true,false
", 2025 to",3,5,4,D23,6,D23_T004,,false,true,false
year . during,3,5,5,D23,13,D23_T015,,false,true,false
2025 as on,3,5,5,D23,13,D23_T016,,false,true,false
1 0 1,3,5,3,D23,19,D23_T023,,false,true,false
portfolio investors and,3,5,5,D24,1,D24_P001_UNKNOWN_PAR001,investors,false,true,false
investors and foreign,3,5,5,D24,1,D24_P001_UNKNOWN_PAR001,foreign;investors,false,true,false
and foreign venture,3,5,5,D24,1,D24_P001_UNKNOWN_PAR001,foreign,false,true,false
notional value of,3,5,1,D24,7,D24_T006,,false,true,false
value of odis,3,5,1,D24,7,D24_T006,,false,true,false
. the campaign,3,5,4,D26,7,D26_BOX001,,false,true,false
social media platforms,3,5,5,D26,7,D26_BOX001,,false,true,false
"and amfi ,",3,5,5,D26,7,D26_BOX001,,false,true,false
the sebi check,3,5,4,D26,11,D26_BOX003,,false,true,false
) ( b,3,5,4,D26,11,D26_BOX003,,false,true,false
b ) of,3,5,4,D26,11,D26_BOX003,,false,true,false
in co-ordination with,3,5,5,D26,1,D26_P001_SEC_8_1_1_PAR004,,false,true,false
. these programs,3,5,5,D26,1,D26_P001_SEC_8_1_1_PAR012,,false,true,false
", miis and",3,5,5,D26,2,D26_P002_SEC_8_1_PAR048,,false,true,false
awareness and education,3,5,5,D26,3,D26_P003_SEC_8_1_PAR020,,false,true,false
is provided in,3,5,5,D26,3,D26_P003_SEC_8_1_PAR023,,false,true,false
on the sebi,3,5,5,D26,12,D26_P012_SEC_8_3_PAR013,,false,true,false
partici- pants no,3,5,1,D26,4,D26_T001,,false,true,false
pants no .,3,5,1,D26,4,D26_T001,,false,true,false
sebi is also,3,5,5,D27,4,D27_P004_SEC_9_1_4_PAR005,,false,true,false
dated july 31,3,5,5,D27,4,D27_P004_SEC_9_1_4_PAR010,,false,true,false
price sensitive information,3,5,4,D28,2,D28_P002_SEC_10_1_1_PAR007,,false,true,false
"further , sebi",3,5,5,D28,3,D28_P003_SEC_10_1_2_PAR003,,false,true,false
under section 11,3,5,4,D28,6,D28_P006_SEC_10_1_4_PAR004,,false,true,false
an adjudicating officer,3,5,5,D28,8,D28_P008_SEC_10_1_4_PAR001,,false,true,false
of all the,3,5,5,D28,15,D28_P015_SEC_10_2_2_PAR007,,true,true,false
prosecution cases filed,3,5,3,D28,19,D28_P019_UNKNOWN_PAR006,,false,true,false
", 2025 -",3,5,5,D28,19,D28_P019_UNKNOWN_PAR010,,false,true,false
the order dated,3,5,5,D28,19,D28_P019_UNKNOWN_PAR015,,false,true,false
filed by parties,3,5,5,D28,19,D28_P019_UNKNOWN_PAR018,,false,true,false
further observed that,3,5,5,D28,21,D28_P021_UNKNOWN_PAR009,,false,true,false
the violation of,3,5,5,D28,22,D28_P022_UNKNOWN_PAR005,,false,true,false
", held that",3,5,5,D28,23,D28_P023_UNKNOWN_PAR002,,false,true,false
to be paid,3,5,5,D28,23,D28_P023_UNKNOWN_PAR009,,false,true,false
on the same,3,5,5,D28,23,D28_P023_UNKNOWN_PAR010,,false,true,false
in the scrip,3,5,5,D28,23,D28_P023_UNKNOWN_PAR014,,false,true,false
of pit regulations,3,5,5,D28,24,D28_P024_UNKNOWN_PAR001,,false,true,false
under section 15,3,5,4,D28,24,D28_P024_UNKNOWN_PAR003,,false,true,false
", 2026 in",3,5,5,D28,25,D28_P025_UNKNOWN_PAR007,,false,true,false
held that the,3,5,4,D28,26,D28_P026_UNKNOWN_PAR007,,false,true,false
court held that,3,5,5,D28,27,D28_P027_UNKNOWN_PAR007,,false,true,false
case no .,3,5,5,D28,32,D28_P032_UNKNOWN_PAR006,,false,true,false
", 1992 for",3,5,5,D28,33,D28_P033_UNKNOWN_PAR002,,false,true,false
1 ) r/w,3,5,5,D28,33,D28_P033_UNKNOWN_PAR003,,false,true,false
r/w section 27,3,5,5,D28,33,D28_P033_UNKNOWN_PAR004,,false,true,false
the hon'ble sat,3,5,2,D28,33,D28_P033_UNKNOWN_PAR004,,false,true,false
payment of fine,3,5,3,D28,33,D28_P033_UNKNOWN_PAR006,,false,true,false
"19 , 2025",3,5,5,D28,33,D28_P033_UNKNOWN_PAR009,,false,true,false
"3 , 2025",3,5,5,D28,35,D28_P035_UNKNOWN_PAR016,,false,true,false
"05 , 2025",3,5,5,D28,36,D28_P036_UNKNOWN_PAR009,,false,true,false
2026 sebi (,3,5,5,D28,36,D28_P036_UNKNOWN_PAR017,,false,true,false
scrips moved to,3,5,1,D28,3,D28_T001,,false,true,false
scrips moved out,3,5,1,D28,3,D28_T001,,false,true,false
moved out of,3,5,1,D28,3,D28_T001,,false,true,false
cases added during,3,5,5,D28,7,D28_T007,,false,true,false
added during the,3,5,5,D28,7,D28_T007,,false,true,false
break-up of pending,3,5,5,D28,7,D28_T007,,false,true,false
of pending cases,3,5,5,D28,7,D28_T007,,false,true,false
pending cases at,3,5,5,D28,7,D28_T007,,false,true,false
the period cases,3,5,5,D28,7,D28_T007,,false,true,false
period cases older,3,5,5,D28,7,D28_T007,,false,true,false
older than 2,3,5,5,D28,7,D28_T007,,false,true,false
older than 1,3,5,5,D28,7,D28_T007,,false,true,false
less than 2,3,5,5,D28,7,D28_T007,,false,true,false
cases less than,3,5,5,D28,7,D28_T007,,false,true,false
nature of violation,3,5,5,D28,9,D28_T013,,false,true,false
"scra , 1956",3,5,4,D28,11,D28_T019,,false,true,false
sebi is a,3,5,5,D29,1,D29_P001_III_PAR001,,false,true,false
. ( image,3,5,5,D29,2,D29_P002_III_PAR005,,false,true,false
mutual interest and,3,5,5,D29,3,D29_P003_III_PAR001,,false,true,false
", chairman ,",3,5,5,D29,3,D29_P003_III_PAR002,,false,true,false
minister of finance,3,5,5,D29,3,D29_P003_III_PAR006,finance,false,true,false
use of hindi,3,5,5,D31,10,D31_P010_SEC_13_6_PAR001,,false,true,false
the vigilance department,3,5,5,D31,11,D31_P011_SEC_13_8_PAR001,,false,true,false
of the rti,3,5,3,D31,14,D31_P014_SEC_13_9_PAR002,,false,true,false
. of appeals,3,5,2,D31,14,D31_T009,,false,true,false
defined as the,3,4,4,D01,5,D01_BOX001,,false,true,false
has witnessed a,3,4,4,D01,5,D01_BOX001,,false,true,false
economic activity and,3,4,4,D01,18,D01_BOX003,,false,true,false
refers to the,3,4,4,D01,18,D01_BOX003,,false,true,false
", these efforts",3,4,4,D01,21,D01_BOX005,,false,true,false
. expanding the,3,4,4,D01,21,D01_BOX005,,false,true,false
the annual survey,3,4,4,D01,21,D01_BOX005,,false,true,false
of unincorporated sector,3,4,4,D01,21,D01_BOX005,sector,false,true,false
unincorporated sector enterprises,3,4,4,D01,21,D01_BOX005,sector,false,true,false
segment of the,3,4,4,D01,21,D01_BOX005,,false,true,false
in 2026 .,3,4,4,D01,21,D01_BOX005,,false,true,false
"india , a",3,4,4,D01,21,D01_BOX005,,false,true,false
structural reforms .,3,4,4,D01,31,D01_BOX007,,false,true,false
reforms . the,3,4,4,D01,31,D01_BOX007,,false,true,false
reforms in the,3,4,4,D01,31,D01_BOX007,,false,true,false
has begun to,3,4,4,D01,31,D01_BOX007,,false,true,false
the first advance,3,4,4,D01,1,D01_P001_UNKNOWN_PAR003,,false,true,false
on the supply,3,4,4,D01,1,D01_P001_UNKNOWN_PAR003,supply,false,true,false
the supply side,3,4,4,D01,1,D01_P001_UNKNOWN_PAR003,supply,false,true,false
", and agriculture",3,4,4,D01,1,D01_P001_UNKNOWN_PAR003,,false,true,false
indicators for the,3,4,4,D01,1,D01_P001_UNKNOWN_PAR004,,false,true,false
for the third,3,4,4,D01,1,D01_P001_UNKNOWN_PAR004,,false,true,false
the third quarter,3,4,4,D01,1,D01_P001_UNKNOWN_PAR004,,false,true,false
"macroeconomic fundamentals ,",3,4,4,D01,1,D01_P001_UNKNOWN_PAR005,macroeconomic,false,true,false
inflation has moderated,3,4,4,D01,1,D01_P001_UNKNOWN_PAR005,inflation,false,true,false
", and fiscal",3,4,4,D01,1,D01_P001_UNKNOWN_PAR005,fiscal,false,true,false
to strike a,3,4,4,D01,1,D01_P001_UNKNOWN_PAR005,,false,true,false
the external sector,3,4,4,D01,1,D01_P001_UNKNOWN_PAR005,sector,false,true,false
is shaped by,3,4,4,D01,1,D01_P001_UNKNOWN_PAR006,,false,true,false
the chapter concludes,3,4,4,D01,1,D01_P001_UNKNOWN_PAR006,,false,true,false
global uncertainty .,3,4,4,D01,1,D01_P001_UNKNOWN_PAR006,,false,true,false
the imposition of,3,4,4,D01,2,D01_P002_SEC_1_1_PAR001,,false,true,false
", announced in",3,4,3,D01,2,D01_P002_SEC_1_1_PAR001,,false,true,false
inflation in the,3,4,4,D01,2,D01_P002_SEC_1_1_PAR001,inflation,false,true,false
the short run,3,4,4,D01,2,D01_P002_SEC_1_1_PAR001,,false,true,false
the us 's,3,4,4,D01,2,D01_P002_SEC_1_1_PAR001,,false,true,false
this is reflected,3,4,4,D01,2,D01_P002_SEC_1_1_PAR001,,false,true,false
advanced economies (,3,4,4,D01,2,D01_P002_SEC_1_1_PAR001,,false,true,false
economies ( aes,3,4,4,D01,2,D01_P002_SEC_1_1_PAR001,,false,true,false
( aes ),3,4,4,D01,2,D01_P002_SEC_1_1_PAR001,,false,true,false
emerging market and,3,4,4,D01,2,D01_P002_SEC_1_1_PAR001,market,false,true,false
market and developing,3,4,4,D01,2,D01_P002_SEC_1_1_PAR001,market,false,true,false
developing economies (,3,4,4,D01,2,D01_P002_SEC_1_1_PAR001,,false,true,false
. growth in,3,4,3,D01,2,D01_P002_SEC_1_1_PAR001,growth,false,true,false
the year 2025,3,4,3,D01,2,D01_P002_SEC_1_1_PAR001,,false,true,false
the us .,3,4,4,D01,2,D01_P002_SEC_1_1_PAR001,,false,true,false
has been accompanied,3,4,4,D01,3,D01_P003_SEC_1_2_PAR002,,false,true,false
in the region,3,4,4,D01,3,D01_P003_SEC_1_2_PAR002,,false,true,false
"in asia ,",3,4,3,D01,3,D01_P003_SEC_1_2_PAR002,,false,true,false
", except in",3,4,4,D01,4,D01_P004_SEC_1_3_PAR001,,false,true,false
in the uk,3,4,4,D01,4,D01_P004_SEC_1_3_PAR001,,false,true,false
"5 ) ,",3,4,4,D01,4,D01_P004_SEC_1_5_PAR001,,false,true,false
investment ( fdi,3,4,4,D01,4,D01_P004_SEC_1_5_PAR001,fdi;investment,false,true,false
( fdi ),3,4,4,D01,4,D01_P004_SEC_1_5_PAR001,fdi,false,true,false
shaped by the,3,4,4,D01,4,D01_P004_SEC_1_5_PAR001,,false,true,false
"context , box",3,4,4,D01,5,D01_P005_SEC_1_6_PAR001,,false,true,false
development strategy .,3,4,4,D01,5,D01_P005_SEC_1_6_PAR001,,false,true,false
"raw materials ,",3,4,4,D01,6,D01_P006_SEC_1_6_PAR002,,false,true,false
", but are",3,4,4,D01,6,D01_P006_SEC_1_6_PAR003,,false,true,false
for the global,3,4,4,D01,6,D01_P006_SEC_1_6_PAR005,,false,true,false
global economic landscape,3,4,4,D01,6,D01_P006_SEC_1_6_PAR005,,false,true,false
", which led",3,4,4,D01,6,D01_P006_SEC_1_6_PAR006,,false,true,false
as a tool,3,4,4,D01,6,D01_P006_SEC_1_6_PAR007,,false,true,false
and in the,3,4,4,D01,7,D01_P007_SEC_1_6_PAR005,,true,true,false
"-19 pandemic ,",3,4,4,D01,7,D01_P007_SEC_1_6_PAR005,,false,true,false
in strategic sectors,3,4,4,D01,7,D01_P007_SEC_1_6_PAR005,sectors,false,true,false
", and ai",3,4,4,D01,7,D01_P007_SEC_1_6_PAR006,,false,true,false
' or ',3,4,4,D01,7,D01_P007_SEC_1_6_PAR007,,false,true,false
", depending on",3,4,4,D01,7,D01_P007_SEC_1_6_PAR007,,false,true,false
", capital and",3,4,4,D01,7,D01_P007_SEC_1_6_PAR007,capital,false,true,false
's access to,3,4,4,D01,7,D01_P007_SEC_1_6_PAR008,,false,true,false
measures aim to,3,4,4,D01,7,D01_P007_SEC_1_6_PAR008,,false,true,false
in 2023 and,3,4,4,D01,8,D01_P008_SEC_1_6_PAR001,,false,true,false
a form of,3,4,4,D01,8,D01_P008_SEC_1_6_PAR002,,false,true,false
to enhance its,3,4,4,D01,8,D01_P008_SEC_1_6_PAR002,,false,true,false
"backdrop , india",3,4,4,D01,8,D01_P008_SEC_1_6_PAR003,,false,true,false
"and resilient ,",3,4,4,D01,8,D01_P008_SEC_1_6_PAR003,,false,true,false
. strategic indispensability,3,4,4,D01,8,D01_P008_SEC_1_6_PAR003,,false,true,false
"diversity , and",3,4,4,D01,8,D01_P008_SEC_1_6_PAR003,,false,true,false
such as digital,3,4,4,D01,8,D01_P008_SEC_1_6_PAR003,,false,true,false
"backdrop , this",3,4,4,D01,8,D01_P008_SEC_1_7_PAR001,,false,true,false
for the economy,3,4,4,D01,8,D01_P008_SEC_1_7_PAR001,,false,true,false
india continues to,3,4,4,D01,8,D01_P008_SEC_1_8_PAR001,,false,true,false
released by the,3,4,4,D01,9,D01_P009_SEC_1_8_PAR002,,false,true,false
"transport , and",3,4,4,D01,9,D01_P009_SEC_1_8_PAR002,,false,true,false
professional services .,3,4,4,D01,9,D01_P009_SEC_1_8_PAR002,,false,true,false
economic growth in,3,4,4,D01,10,D01_P010_SEC_1_9_PAR001,growth,false,true,false
expenditure ( pfce,3,4,4,D01,10,D01_P010_SEC_1_9_PAR001,expenditure,false,true,false
( pfce ),3,4,4,D01,10,D01_P010_SEC_1_9_PAR001,,false,true,false
the highest level,3,4,4,D01,10,D01_P010_SEC_1_9_PAR001,,false,true,false
share in gdp,3,4,4,D01,10,D01_P010_SEC_1_9_PAR001,gdp,false,true,false
in gdp rising,3,4,4,D01,10,D01_P010_SEC_1_9_PAR001,gdp,false,true,false
gdp rising to,3,4,4,D01,10,D01_P010_SEC_1_9_PAR001,gdp,false,true,false
. it may,3,4,4,D01,11,D01_P011_SEC_1_10_PAR001,,false,true,false
are based on,3,4,4,D01,11,D01_P011_SEC_1_10_PAR001,,false,true,false
q3 of fy26,3,4,4,D01,11,D01_P011_SEC_1_10_PAR001,,false,true,false
likely to remain,3,4,4,D01,11,D01_P011_SEC_1_10_PAR001,,false,true,false
to remain resilient,3,4,4,D01,11,D01_P011_SEC_1_10_PAR001,,false,true,false
"tractor sales ,",3,4,4,D01,11,D01_P011_SEC_1_11_PAR001,,false,true,false
) . furthermore,3,4,4,D01,11,D01_P011_SEC_1_11_PAR001,,false,true,false
"furthermore , in",3,4,4,D01,11,D01_P011_SEC_1_11_PAR001,,false,true,false
"last year ,",3,4,4,D01,11,D01_P011_SEC_1_11_PAR001,,false,true,false
with the share,3,4,4,D01,11,D01_P011_SEC_1_11_PAR001,,false,true,false
", improving the",3,4,4,D01,11,D01_P011_SEC_1_11_PAR001,,false,true,false
gross fixed capital,3,4,4,D01,12,D01_P012_SEC_1_12_PAR001,capital,false,true,false
fixed capital formation,3,4,4,D01,12,D01_P012_SEC_1_12_PAR001,capital,false,true,false
formation ( gfcf,3,4,4,D01,12,D01_P012_SEC_1_12_PAR001,,false,true,false
( gfcf ),3,4,4,D01,12,D01_P012_SEC_1_12_PAR001,,false,true,false
10 ) .,3,4,4,D01,12,D01_P012_SEC_1_12_PAR001,,false,true,false
", the index",3,4,4,D01,13,D01_P013_SEC_1_13_PAR001,,false,true,false
. ( table,3,4,4,D01,13,D01_P013_SEC_1_13_PAR001,,false,true,false
of goods and,3,4,4,D01,13,D01_P013_SEC_1_14_PAR001,,false,true,false
11 ) .,3,4,4,D01,13,D01_P013_SEC_1_14_PAR001,,false,true,false
. the broader,3,4,4,D01,13,D01_P013_SEC_1_14_PAR001,,false,true,false
", on a",3,4,4,D01,14,D01_P014_SEC_1_15_PAR001,,false,true,false
expected to strengthen,3,4,4,D01,14,D01_P014_SEC_1_15_PAR001,,false,true,false
"economies , and",3,4,4,D01,14,D01_P014_SEC_1_15_PAR001,,false,true,false
industry and services,3,4,4,D01,14,D01_P014_SEC_1_15_PAR002,industry,false,true,false
supported by sustained,3,4,4,D01,14,D01_P014_SEC_1_16_PAR001,,false,true,false
", higher than",3,4,4,D01,14,D01_P014_SEC_1_17_PAR001,,false,true,false
", which accounts",3,4,4,D01,14,D01_P014_SEC_1_17_PAR001,,false,true,false
) . by,3,4,4,D01,15,D01_P015_SEC_1_17_PAR002,,false,true,false
have grown at,3,4,4,D01,15,D01_P015_SEC_1_17_PAR002,,false,true,false
their share in,3,4,4,D01,15,D01_P015_SEC_1_17_PAR002,,false,true,false
this is expected,3,4,4,D01,15,D01_P015_SEC_1_18_PAR001,,false,true,false
second half of,3,4,4,D01,15,D01_P015_SEC_1_18_PAR001,,false,true,false
the industrial sector,3,4,4,D01,15,D01_P015_SEC_1_19_PAR001,sector,false,true,false
", growing at",3,4,4,D01,15,D01_P015_SEC_1_19_PAR001,,false,true,false
capital expenditure and,3,4,4,D01,16,D01_P016_SEC_1_21_PAR001,capital;expenditure,false,true,false
"bill generation ,",3,4,4,D01,16,D01_P016_SEC_1_22_PAR001,,false,true,false
"indicators , such",3,4,4,D01,16,D01_P016_SEC_1_22_PAR001,,false,true,false
rationalisation of gst,3,4,4,D01,16,D01_P016_SEC_1_22_PAR001,gst,false,true,false
with its share,3,4,4,D01,17,D01_P017_SEC_1_24_PAR001,,false,true,false
"service sector ,",3,4,4,D01,18,D01_P018_SEC_1_25_PAR001,sector,false,true,false
"hospitality , transport",3,4,4,D01,18,D01_P018_SEC_1_25_PAR001,,false,true,false
"transport , communication",3,4,4,D01,18,D01_P018_SEC_1_25_PAR001,,false,true,false
", capacity constraints",3,4,4,D01,18,D01_P018_SEC_1_26_PAR001,,false,true,false
"constraints , and",3,4,4,D01,18,D01_P018_SEC_1_26_PAR001,,false,true,false
× 1 vector,3,4,2,D01,19,D01_P019_UNKNOWN_PAR003,,false,true,false
these initiatives are,3,4,4,D01,21,D01_P021_SEC_1_28_PAR001,,false,true,false
been introduced to,3,4,4,D01,22,D01_P022_SEC_1_28_PAR003,,false,true,false
integrated with the,3,4,4,D01,22,D01_P022_SEC_1_28_PAR006,,false,true,false
"parallel , the",3,4,4,D01,22,D01_P022_SEC_1_28_PAR007,,false,true,false
of the informal,3,4,3,D01,22,D01_P022_SEC_1_28_PAR009,,false,true,false
private final consumption,3,4,4,D01,22,D01_P022_SEC_1_28_PAR014,consumption,false,true,false
sources such as,3,4,4,D01,22,D01_P022_SEC_1_28_PAR014,,false,true,false
to ensure a,3,4,4,D01,23,D01_P023_SEC_1_28_PAR005,,false,true,false
• introduction of,3,4,3,D01,23,D01_P023_SEC_1_28_PAR006,,false,true,false
consumer price index,3,4,4,D01,23,D01_P023_SEC_1_28_PAR008,,false,true,false
( cpi ),3,4,4,D01,23,D01_P023_SEC_1_28_PAR008,cpi,false,true,false
", aligned with",3,4,4,D01,23,D01_P023_SEC_1_28_PAR010,,false,true,false
", these reforms",3,4,4,D01,23,D01_P023_SEC_1_28_PAR013,,false,true,false
", strengthening the",3,4,4,D01,23,D01_P023_SEC_1_28_PAR013,,false,true,false
the foundations of,3,4,4,D01,23,D01_P023_SEC_1_28_PAR013,,false,true,false
fy26 ( april-december,3,4,4,D01,24,D01_P024_SEC_1_29_PAR001,,false,true,false
"price pressures ,",3,4,4,D01,24,D01_P024_SEC_1_29_PAR001,,false,true,false
in food prices,3,4,4,D01,24,D01_P024_SEC_1_29_PAR001,,false,true,false
", driven primarily",3,4,4,D01,24,D01_P024_SEC_1_29_PAR001,,false,true,false
of core inflation,3,4,4,D01,24,D01_P024_SEC_1_29_PAR001,inflation,false,true,false
has been underpinned,3,4,4,D01,24,D01_P024_SEC_1_30_PAR001,,false,true,false
been underpinned by,3,4,4,D01,24,D01_P024_SEC_1_30_PAR001,,false,true,false
"policy reforms ,",3,4,4,D01,25,D01_P025_SEC_1_30_PAR002,policy,false,true,false
"reforms , including",3,4,4,D01,25,D01_P025_SEC_1_30_PAR002,,false,true,false
", have supported",3,4,3,D01,25,D01_P025_SEC_1_30_PAR002,,false,true,false
on the expenditure,3,4,4,D01,25,D01_P025_SEC_1_30_PAR002,expenditure,false,true,false
recorded a strong,3,4,4,D01,25,D01_P025_SEC_1_30_PAR002,,false,true,false
60 per cent of the,3,4,3,D01,25,D01_P025_SEC_1_30_PAR002,,false,true,false
", reinforcing the",3,4,4,D01,25,D01_P025_SEC_1_30_PAR002,,false,true,false
sustained public investment,3,4,4,D01,25,D01_P025_SEC_1_31_PAR001,investment,false,true,false
"government , through",3,4,4,D01,25,D01_P025_SEC_1_31_PAR001,,false,true,false
special assistance to,3,4,4,D01,25,D01_P025_SEC_1_31_PAR001,,false,true,false
. the expansion,3,4,4,D01,25,D01_P025_SEC_1_31_PAR001,,false,true,false
"year , the",3,4,4,D01,25,D01_P025_SEC_1_31_PAR001,,false,true,false
on track to,3,4,4,D01,25,D01_P025_SEC_1_31_PAR001,,false,true,false
to achieve its,3,4,4,D01,25,D01_P025_SEC_1_31_PAR001,,false,true,false
a fiscal deficit,3,4,4,D01,25,D01_P025_SEC_1_31_PAR001,deficit;fiscal,false,true,false
", the union",3,4,4,D01,25,D01_P025_SEC_1_31_PAR001,,false,true,false
of the budget,3,4,4,D01,25,D01_P025_SEC_1_31_PAR001,budget,false,true,false
the budget estimates,3,4,4,D01,25,D01_P025_SEC_1_31_PAR001,budget,false,true,false
commitment to fiscal,3,4,4,D01,25,D01_P025_SEC_1_32_PAR001,fiscal,false,true,false
"bond yields ,",3,4,4,D01,25,D01_P025_SEC_1_32_PAR001,bond;yields,false,true,false
", s &",3,4,4,D01,26,D01_P026_SEC_1_32_PAR001,,false,true,false
"concurrently , the",3,4,4,D01,26,D01_P026_SEC_1_33_PAR001,,false,true,false
gross non-performing asset,3,4,4,D01,26,D01_P026_SEC_1_33_PAR001,,false,true,false
net interest margins,3,4,4,D01,26,D01_P026_SEC_1_33_PAR001,,false,true,false
stands at a,3,4,4,D01,27,D01_P027_SEC_1_34_PAR001,,false,true,false
") , india",3,4,4,D01,27,D01_P027_SEC_1_34_PAR001,,false,true,false
to serve as,3,4,4,D01,27,D01_P027_SEC_1_34_PAR001,,false,true,false
the profitability of,3,4,4,D01,27,D01_P027_SEC_1_34_PAR001,,false,true,false
on bank credit,3,4,4,D01,27,D01_P027_SEC_1_34_PAR001,bank;credit,false,true,false
significant increase in,3,4,4,D01,27,D01_P027_SEC_1_34_PAR001,,false,true,false
in the flow,3,4,4,D01,27,D01_P027_SEC_1_34_PAR001,,false,true,false
from non-bank sources,3,4,4,D01,27,D01_P027_SEC_1_34_PAR001,,false,true,false
"non-bank sources ,",3,4,4,D01,27,D01_P027_SEC_1_34_PAR001,,false,true,false
against a backdrop,3,4,4,D01,27,D01_P027_SEC_1_35_PAR001,,false,true,false
a backdrop of,3,4,4,D01,27,D01_P027_SEC_1_35_PAR001,,false,true,false
merchandise and services,3,4,4,D01,27,D01_P027_SEC_1_35_PAR001,,false,true,false
imposed by the,3,4,4,D01,27,D01_P027_SEC_1_35_PAR001,,false,true,false
by the united,3,4,4,D01,27,D01_P027_SEC_1_35_PAR001,,false,true,false
services trade surplus,3,4,4,D01,27,D01_P027_SEC_1_35_PAR001,surplus;trade,false,true,false
april to december 2025,3,4,4,D01,28,D01_P028_SEC_1_36_PAR001,,false,true,false
as of december 2025,3,4,4,D01,28,D01_P028_SEC_1_36_PAR001,,false,true,false
balance of payments,3,4,4,D01,28,D01_P028_SEC_1_36_PAR001,balance;payments,false,true,false
on the indian,3,4,4,D01,28,D01_P028_SEC_1_37_PAR001,,false,true,false
the medium to,3,4,4,D01,28,D01_P028_SEC_1_37_PAR001,,false,true,false
to long term,3,4,4,D01,28,D01_P028_SEC_1_37_PAR001,,false,true,false
of the external,3,4,4,D01,28,D01_P028_SEC_1_38_PAR001,,false,true,false
as of the,3,4,4,D01,28,D01_P028_SEC_1_38_PAR001,,true,true,false
of the end,3,4,4,D01,28,D01_P028_SEC_1_38_PAR001,,false,true,false
evidenced by the,3,4,4,D01,28,D01_P028_SEC_1_38_PAR001,,false,true,false
increasingly influenced by,3,4,4,D01,28,D01_P028_SEC_1_38_PAR001,,false,true,false
which in turn,3,4,4,D01,28,D01_P028_SEC_1_38_PAR001,,false,true,false
"therefore , it",3,4,4,D01,28,D01_P028_SEC_1_38_PAR001,,false,true,false
it becomes imperative,3,4,4,D01,28,D01_P028_SEC_1_38_PAR001,,false,true,false
must be to,3,4,4,D01,28,D01_P028_SEC_1_38_PAR001,,true,true,false
by a combination,3,4,4,D01,28,D01_P028_SEC_1_39_PAR001,,false,true,false
the labour codes,3,4,4,D01,29,D01_P029_SEC_1_40_PAR001,,false,true,false
recognition of the,3,4,4,D01,29,D01_P029_SEC_1_40_PAR001,,false,true,false
the requirements of,3,4,4,D01,29,D01_P029_SEC_1_40_PAR001,,false,true,false
per day (,3,4,4,D01,29,D01_P029_SEC_1_41_PAR001,,false,true,false
"health outcomes ,",3,4,4,D01,30,D01_P030_SEC_1_41_PAR001,,false,true,false
formation . the,3,4,4,D01,30,D01_P030_SEC_1_41_PAR001,,false,true,false
", with domestic",3,4,4,D01,30,D01_P030_SEC_1_42_PAR001,,false,true,false
growth is expected,3,4,4,D01,30,D01_P030_SEC_1_43_PAR001,growth,false,true,false
of growth .,3,4,4,D01,30,D01_P030_SEC_1_43_PAR001,growth,false,true,false
", it could",3,4,4,D01,30,D01_P030_SEC_1_43_PAR001,,false,true,false
investor sentiment .,3,4,4,D01,30,D01_P030_SEC_1_44_PAR001,investor,false,true,false
the domestic economy,3,4,4,D01,30,D01_P030_SEC_1_45_PAR001,,false,true,false
"resilient , and",3,4,4,D01,31,D01_P031_SEC_1_45_PAR002,,false,true,false
over recent years,3,4,4,D01,31,D01_P031_SEC_1_46_PAR001,,false,true,false
", but not",3,4,4,D01,31,D01_P031_SEC_1_46_PAR001,,false,true,false
production-linked incentive (,3,4,4,D01,31,D01_P031_SEC_1_46_PAR002,,false,true,false
", and logistics",3,4,4,D01,31,D01_P031_SEC_1_46_PAR002,,false,true,false
public investment in,3,4,4,D01,31,D01_P031_SEC_1_46_PAR002,investment,false,true,false
and digital infrastructure,3,4,4,D01,31,D01_P031_SEC_1_46_PAR002,,false,true,false
india 's potential,3,4,4,D01,31,D01_P031_SEC_1_46_PAR003,,false,true,false
and labour .,3,4,4,D01,32,D01_P032_SEC_1_46_PAR001,,false,true,false
along with an,3,4,4,D01,32,D01_P032_SEC_1_46_PAR004,,false,true,false
capital stock growth,3,4,4,D01,32,D01_P032_SEC_1_46_PAR004,capital;growth,false,true,false
labour input growth,3,4,4,D01,32,D01_P032_SEC_1_46_PAR004,growth,false,true,false
growth moderated to,3,4,4,D01,32,D01_P032_SEC_1_PAR001,growth,false,true,false
fy13 - fy20,3,4,4,D01,32,D01_P032_SEC_1_PAR001,,false,true,false
followed by a,3,4,4,D01,32,D01_P032_SEC_1_PAR001,,false,true,false
years after the,3,4,4,D01,32,D01_P032_SEC_1_PAR001,,false,true,false
after the pandemic,3,4,4,D01,32,D01_P032_SEC_1_PAR001,,false,true,false
the pandemic .,3,4,4,D01,32,D01_P032_SEC_1_PAR001,,false,true,false
", the recent",3,4,4,D01,32,D01_P032_SEC_1_PAR002,,false,true,false
"first , it",3,4,4,D01,32,D01_P032_SEC_1_PAR002,,false,true,false
"world bank ,",3,4,4,D01,32,D01_P032_SEC_1_PAR003,bank,false,true,false
with the average,3,4,4,D01,33,D01_P033_SEC_1_PAR003,,false,true,false
"however , since",3,4,4,D01,33,D01_P033_SEC_1_PAR006,,false,true,false
", since the",3,4,4,D01,33,D01_P033_SEC_1_PAR006,,false,true,false
since the pandemic,3,4,4,D01,33,D01_P033_SEC_1_PAR006,,false,true,false
"education , skilling",3,4,4,D01,33,D01_P033_SEC_1_PAR007,,false,true,false
growth over the,3,4,4,D01,33,D01_P033_SEC_1_PAR007,growth,false,true,false
", the estimated",3,4,3,D01,33,D01_P033_SEC_3_PAR001,,false,true,false
"infrastructure , including",3,4,4,D01,33,D01_P033_SEC_3_PAR002,,false,true,false
has improved .,3,4,4,D01,33,D01_P033_SEC_3_PAR002,,false,true,false
"physical infrastructure ,",3,4,4,D01,34,D01_P034_SEC_3_PAR001,,false,true,false
lower the cost,3,4,4,D01,34,D01_P034_SEC_3_PAR001,,false,true,false
and coordination across,3,4,4,D01,35,D01_P035_SEC_3_PAR002,,false,true,false
be critical for,3,4,4,D01,35,D01_P035_SEC_3_PAR002,,false,true,false
( percent ),3,4,1,D01,2,D01_T001,,false,true,false
' 25 oct ',3,4,1,D01,2,D01_T001,,false,true,false
25 oct ' 25 jan,3,4,1,D01,2,D01_T001,,false,true,false
", real estate",3,4,4,D01,9,D01_T002,,false,true,false
as % of,3,4,4,D01,10,D01_T003,,false,true,false
monthly avg yoy,3,4,4,D01,12,D01_T004,,false,true,false
avg yoy growth,3,4,4,D01,12,D01_T004,growth,false,true,false
growth ( fy16,3,4,4,D01,12,D01_T004,growth,false,true,false
growth ( %,3,4,1,D01,34,D01_T008,growth,false,true,false
", and data-driven",3,4,4,D02,5,D02_BOX001,,false,true,false
at its core,3,4,4,D02,5,D02_BOX001,,false,true,false
"economic activity ,",3,4,4,D02,15,D02_BOX005,,false,true,false
to the centre,3,4,3,D02,16,D02_BOX007,,false,true,false
institution for transformation,3,4,2,D02,22,D02_BOX011,,false,true,false
a larger share,3,4,4,D02,22,D02_BOX011,,false,true,false
public investment .,3,4,4,D02,22,D02_BOX011,investment,false,true,false
the magnitude of,3,4,4,D02,22,D02_BOX011,,false,true,false
"states , the",3,4,4,D02,26,D02_BOX013,,false,true,false
fy26 ( till,3,4,3,D02,26,D02_BOX013,,false,true,false
growing share of,3,4,4,D02,28,D02_BOX015,,false,true,false
tamil nadu and,3,4,4,D02,28,D02_BOX015,,false,true,false
fiscal deficit of,3,4,3,D02,34,D02_BOX017,deficit;fiscal,false,true,false
practices in the,3,4,4,D02,34,D02_BOX017,,false,true,false
fiscal deficit ratio,3,4,3,D02,34,D02_BOX017,deficit;fiscal,false,true,false
fiscal response function,3,4,3,D02,39,D02_BOX019,fiscal,false,true,false
( 2013 ),3,4,3,D02,39,D02_BOX019,,false,true,false
the concept of,3,4,4,D02,39,D02_BOX019,,false,true,false
at a time,3,4,4,D02,1,D02_P001_UNKNOWN_PAR002,,false,true,false
a time when,3,4,4,D02,1,D02_P001_UNKNOWN_PAR002,,false,true,false
"capital formation ,",3,4,4,D02,1,D02_P001_UNKNOWN_PAR002,capital,false,true,false
period ( fy16,3,4,4,D02,1,D02_P001_UNKNOWN_PAR003,,false,true,false
was driven primarily,3,4,4,D02,1,D02_P001_UNKNOWN_PAR003,,false,true,false
. capital expenditure,3,4,4,D02,1,D02_P001_UNKNOWN_PAR004,capital;expenditure,false,true,false
"transfers , and",3,4,4,D02,1,D02_P001_UNKNOWN_PAR004,,false,true,false
a clear shift,3,4,4,D02,2,D02_P002_SEC_2_1_PAR001,,false,true,false
the states .,3,4,4,D02,2,D02_P002_SEC_2_2_PAR001,,false,true,false
the rapid expansion,3,4,4,D02,2,D02_P002_UNKNOWN_PAR001,,false,true,false
"finally , the",3,4,4,D02,2,D02_P002_UNKNOWN_PAR002,,false,true,false
the general government,3,4,3,D02,2,D02_P002_UNKNOWN_PAR002,,false,true,false
periods of uncertainty,3,4,4,D02,3,D02_P003_SEC_2_3_PAR001,,false,true,false
union budget for,3,4,4,D02,3,D02_P003_SEC_2_3_PAR001,budget,false,true,false
ii. 1 ),3,4,3,D02,3,D02_P003_SEC_2_4_PAR001,,false,true,false
", the revenue",3,4,4,D02,3,D02_P003_SEC_2_4_PAR001,revenue,false,true,false
as a proportion,3,4,4,D02,3,D02_P003_SEC_2_4_PAR001,,false,true,false
a proportion of,3,4,4,D02,3,D02_P003_SEC_2_4_PAR001,,false,true,false
expenditure . the,3,4,4,D02,3,D02_P003_SEC_2_4_PAR001,expenditure,false,true,false
the decline in,3,4,4,D02,3,D02_P003_SEC_2_4_PAR001,,false,true,false
being used to,3,4,4,D02,3,D02_P003_SEC_2_4_PAR001,,false,true,false
the sources of,3,4,4,D02,4,D02_P004_SEC_2_5_PAR001,,false,true,false
of gdp over,3,4,4,D02,4,D02_P004_SEC_2_6_PAR001,gdp,false,true,false
"period , and",3,4,3,D02,4,D02_P004_SEC_2_7_PAR002,,false,true,false
improvement has been,3,4,4,D02,5,D02_P005_SEC_2_8_PAR001,,false,true,false
the tax base,3,4,4,D02,5,D02_P005_SEC_2_8_PAR001,tax,false,true,false
use of technology,3,4,4,D02,5,D02_P005_SEC_2_8_PAR001,,false,true,false
and enhancing the,3,4,4,D02,5,D02_P005_SEC_2_8_PAR001,,false,true,false
in india (,3,4,4,D02,5,D02_P005_SEC_2_8_PAR001,,false,true,false
"instance , the",3,4,4,D02,5,D02_P005_SEC_2_8_PAR002,,false,true,false
which focuses on,3,4,4,D02,6,D02_P006_SEC_2_10_PAR001,,false,true,false
", and transparent",3,4,4,D02,6,D02_P006_SEC_2_8_PAR002,,false,true,false
during fy23 -,3,4,4,D02,6,D02_P006_SEC_2_9_PAR001,,false,true,false
of listed companies,3,4,4,D02,6,D02_P006_SEC_2_9_PAR001,,false,true,false
further reinforced by,3,4,4,D02,7,D02_P007_SEC_2_12_PAR001,,false,true,false
global commodity prices,3,4,3,D02,7,D02_P007_SEC_2_12_PAR001,,false,true,false
end of november 2025,3,4,4,D02,7,D02_P007_SEC_2_13_PAR001,,false,true,false
", during the",3,4,4,D02,7,D02_P007_SEC_2_13_PAR001,,false,true,false
inflation ( chart,3,4,4,D02,7,D02_P007_SEC_2_14_PAR001,inflation,false,true,false
"at present ,",3,4,4,D02,8,D02_P008_SEC_2_15_PAR001,,false,true,false
b ) .,3,4,3,D02,8,D02_P008_SEC_2_15_PAR001,,false,true,false
in box ii.,3,4,4,D02,8,D02_P008_SEC_2_16_PAR001,,false,true,false
• gst on,3,4,4,D02,9,D02_P009_UNKNOWN_PAR002,gst,false,true,false
to 5 per cent from,3,4,4,D02,9,D02_P009_UNKNOWN_PAR002,,false,true,false
5 per cent from 12 per cent,3,4,4,D02,9,D02_P009_UNKNOWN_PAR002,,false,true,false
from 12 per cent to,3,4,4,D02,9,D02_P009_UNKNOWN_PAR009,,false,true,false
and health insurance,3,4,4,D02,10,D02_P010_UNKNOWN_PAR006,,false,true,false
well as to,3,4,4,D02,10,D02_P010_UNKNOWN_PAR006,,false,true,false
the reduction in,3,4,4,D02,10,D02_P010_UNKNOWN_PAR007,,false,true,false
"affordability , and",3,4,3,D02,10,D02_P010_UNKNOWN_PAR007,,false,true,false
", thereby supporting",3,4,4,D02,10,D02_P010_UNKNOWN_PAR007,,false,true,false
real estate and,3,4,4,D02,10,D02_P010_UNKNOWN_PAR008,,false,true,false
the shift to,3,4,4,D02,10,D02_P010_UNKNOWN_PAR008,,false,true,false
is a major,3,4,4,D02,10,D02_P010_UNKNOWN_PAR008,,false,true,false
", waste management",3,4,4,D02,10,D02_P010_UNKNOWN_PAR008,,false,true,false
", and green",3,4,4,D02,10,D02_P010_UNKNOWN_PAR008,,false,true,false
", under which",3,4,4,D02,11,D02_P011_SEC_2_18_PAR001,,false,true,false
. state governments,3,4,4,D02,11,D02_P011_SEC_2_18_PAR001,,false,true,false
be central to,3,4,4,D02,11,D02_P011_SEC_2_18_PAR001,,false,true,false
these sectors .,3,4,4,D02,11,D02_P011_UNKNOWN_PAR001,sectors,false,true,false
") , thereby",3,4,4,D02,11,D02_P011_UNKNOWN_PAR001,,false,true,false
", and increased",3,4,4,D02,11,D02_P011_UNKNOWN_PAR002,,false,true,false
dividends and profits,3,4,4,D02,12,D02_P012_SEC_2_18_PAR001,profits,false,true,false
revenue receipts .,3,4,4,D02,12,D02_P012_SEC_2_19_PAR001,revenue,false,true,false
banks and financial,3,4,4,D02,12,D02_P012_SEC_2_19_PAR001,banks;financial,false,true,false
and financial institutions,3,4,4,D02,12,D02_P012_SEC_2_19_PAR001,financial,false,true,false
. during fy26,3,4,4,D02,12,D02_P012_SEC_2_19_PAR001,,false,true,false
to the central,3,4,4,D02,12,D02_P012_SEC_2_19_PAR001,,false,true,false
registered a growth,3,4,4,D02,12,D02_P012_SEC_2_19_PAR001,growth,false,true,false
to the growth,3,4,4,D02,12,D02_P012_SEC_2_20_PAR001,growth,false,true,false
the interests of,3,4,4,D02,12,D02_P012_SEC_2_20_PAR001,,false,true,false
with a minimum,3,4,3,D02,13,D02_P013_SEC_2_23_PAR001,,false,true,false
as the national,3,4,4,D02,13,D02_P013_SEC_2_23_PAR001,,false,true,false
revenue expenditure .,3,4,4,D02,14,D02_P014_SEC_2_24_PAR001,expenditure;revenue,false,true,false
is lower than,3,4,4,D02,14,D02_P014_SEC_2_24_PAR001,,false,true,false
large share of,3,4,4,D02,14,D02_P014_SEC_2_25_PAR001,,false,true,false
. expenditure on,3,4,4,D02,14,D02_P014_SEC_2_25_PAR001,expenditure,false,true,false
as of october 2025,3,4,4,D02,14,D02_P014_SEC_2_25_PAR001,,false,true,false
have been made,3,4,4,D02,15,D02_P015_SEC_2_26_PAR001,,false,true,false
"power sector ,",3,4,4,D02,15,D02_P015_SEC_2_26_PAR002,sector,false,true,false
average cost of,3,4,4,D02,15,D02_P015_SEC_2_26_PAR002,,false,true,false
so as to,3,4,4,D02,15,D02_P015_SEC_2_26_PAR002,,true,true,false
", was introduced",3,4,4,D02,16,D02_P016_SEC_2_26_PAR001,,false,true,false
", and enabling",3,4,4,D02,16,D02_P016_SEC_2_26_PAR001,,false,true,false
flows in the,3,4,4,D02,16,D02_P016_SEC_2_27_PAR001,,false,true,false
has been implemented,3,4,4,D02,17,D02_P017_UNKNOWN_PAR001,,false,true,false
( css ),3,4,3,D02,17,D02_P017_UNKNOWN_PAR002,,false,true,false
", and high",3,4,4,D02,17,D02_P017_UNKNOWN_PAR003,,false,true,false
launched in 2023,3,4,4,D02,17,D02_P017_UNKNOWN_PAR003,,false,true,false
") , state",3,4,4,D02,17,D02_P017_UNKNOWN_PAR003,,false,true,false
distribution system (,3,4,4,D02,17,D02_P017_UNKNOWN_PAR005,,false,true,false
"time , and",3,4,4,D02,17,D02_P017_UNKNOWN_PAR006,,false,true,false
and further to,3,4,4,D02,18,D02_P018_SEC_2_29_PAR001,,true,true,false
"areas , including",3,4,4,D02,18,D02_P018_SEC_2_29_PAR001,,false,true,false
the jal jeevan,3,4,4,D02,18,D02_P018_SEC_2_29_PAR001,,false,true,false
"mission , and",3,4,4,D02,18,D02_P018_SEC_2_29_PAR001,,false,true,false
and rural development,3,4,4,D02,18,D02_P018_SEC_2_29_PAR001,,false,true,false
have been provided,3,4,4,D02,18,D02_P018_UNKNOWN_PAR002,,false,true,false
the composition of,3,4,4,D02,19,D02_P019_SEC_2_30_PAR001,,false,true,false
road transport and,3,4,4,D02,19,D02_P019_SEC_2_30_PAR001,,false,true,false
transport and highways,3,4,4,D02,19,D02_P019_SEC_2_30_PAR001,,false,true,false
a higher share,3,4,4,D02,19,D02_P019_SEC_2_30_PAR001,,false,true,false
the first eight,3,4,4,D02,19,D02_P019_SEC_2_31_PAR001,,false,true,false
first eight months,3,4,4,D02,19,D02_P019_SEC_2_31_PAR001,,false,true,false
eight months of,3,4,4,D02,19,D02_P019_SEC_2_31_PAR001,,false,true,false
months of the,3,4,4,D02,19,D02_P019_SEC_2_31_PAR001,,false,true,false
same period in,3,4,4,D02,19,D02_P019_SEC_2_31_PAR001,,false,true,false
share of states,3,4,3,D02,21,D02_P021_SEC_2_33_PAR001,,false,true,false
of states in,3,4,3,D02,21,D02_P021_SEC_2_33_PAR001,,false,true,false
finance commission grants,3,4,4,D02,21,D02_P021_SEC_2_33_PAR001,finance,false,true,false
. the total,3,4,4,D02,21,D02_P021_SEC_2_33_PAR001,,false,true,false
", it does",3,4,4,D02,22,D02_P022_SEC_2_33_PAR001,,false,true,false
it does not,3,4,4,D02,22,D02_P022_SEC_2_33_PAR001,,true,true,false
. the findings,3,4,4,D02,22,D02_P022_SEC_2_33_PAR001,,false,true,false
are permitted to,3,4,4,D02,22,D02_P022_SEC_2_36_PAR001,,false,true,false
states as a,3,4,4,D02,24,D02_P024_SEC_2_38_PAR001,,false,true,false
"gdp growth ,",3,4,4,D02,24,D02_P024_SEC_2_38_PAR001,gdp;growth,false,true,false
", compounded by",3,4,4,D02,24,D02_P024_SEC_2_38_PAR001,,false,true,false
", himachal pradesh",3,4,4,D02,24,D02_P024_SEC_2_39_PAR002,,false,true,false
"growth , the",3,4,4,D02,25,D02_P025_SEC_2_40_PAR001,growth,false,true,false
is calculated as,3,4,4,D02,25,D02_P025_UNKNOWN_PAR004,,false,true,false
. in fy26,3,4,4,D02,26,D02_P026_SEC_2_40_PAR001,,false,true,false
pressures on the,3,4,4,D02,26,D02_P026_SEC_2_40_PAR002,,false,true,false
the scope for,3,4,4,D02,27,D02_P027_SEC_2_41_PAR001,,false,true,false
female labour force,3,4,4,D02,29,D02_P029_UNKNOWN_PAR002,,false,true,false
in the overall,3,4,4,D02,29,D02_P029_UNKNOWN_PAR003,,false,true,false
", underscoring that",3,4,4,D02,29,D02_P029_UNKNOWN_PAR004,,false,true,false
grown at a,3,4,4,D02,30,D02_P030_SEC_2_42_PAR001,,false,true,false
at a rate,3,4,4,D02,30,D02_P030_SEC_2_42_PAR001,rate,false,true,false
the moderation in,3,4,4,D02,32,D02_P032_SEC_2_43_PAR001,,false,true,false
20 ) .,3,4,4,D02,32,D02_P032_SEC_2_43_PAR001,,false,true,false
) . further,3,4,4,D02,32,D02_P032_SEC_2_43_PAR001,,false,true,false
cost of borrowing,3,4,4,D02,33,D02_P033_UNKNOWN_PAR001,,false,true,false
and supporting the,3,4,4,D02,33,D02_P033_UNKNOWN_PAR001,,false,true,false
securities markets .,3,4,4,D02,33,D02_P033_UNKNOWN_PAR001,markets;securities,false,true,false
provides a detailed,3,4,4,D02,33,D02_P033_UNKNOWN_PAR001,,false,true,false
"act , and",3,4,4,D02,34,D02_P034_UNKNOWN_PAR001,,false,true,false
india 's fiscal,3,4,4,D02,34,D02_P034_UNKNOWN_PAR001,fiscal,false,true,false
financial markets and,3,4,4,D02,34,D02_P034_UNKNOWN_PAR001,financial;markets,false,true,false
"regard , the",3,4,4,D02,34,D02_P034_UNKNOWN_PAR002,,false,true,false
) has declined,3,4,4,D02,35,D02_P035_SEC_2_46_PAR001,,false,true,false
in fy20 to,3,4,4,D02,35,D02_P035_SEC_2_46_PAR001,,false,true,false
domestic institutional investors,3,4,4,D02,35,D02_P035_SEC_2_47_PAR001,investors,false,true,false
"conditions , the",3,4,4,D02,35,D02_P035_SEC_2_47_PAR001,,false,true,false
"liquidity management ,",3,4,4,D02,35,D02_P035_SEC_2_47_PAR001,liquidity,false,true,false
last decade .,3,4,4,D02,36,D02_P036_SEC_2_49_PAR001,,false,true,false
to a wider,3,4,4,D02,36,D02_P036_SEC_2_50_PAR001,,false,true,false
wider range of,3,4,4,D02,36,D02_P036_SEC_2_50_PAR001,,false,true,false
overview of the,3,4,4,D02,37,D02_P037_SEC_2_51_PAR001,,false,true,false
", general government",3,4,4,D02,37,D02_P037_SEC_2_51_PAR001,,false,true,false
as the central,3,4,4,D02,37,D02_P037_SEC_2_51_PAR001,,false,true,false
government is also,3,4,4,D02,37,D02_P037_SEC_2_51_PAR001,,false,true,false
emerging economies .,3,4,4,D02,37,D02_P037_SEC_2_52_PAR001,,false,true,false
the investor base,3,4,4,D02,37,D02_P037_UNKNOWN_PAR001,investor,false,true,false
secondary market liquidity,3,4,4,D02,37,D02_P037_UNKNOWN_PAR001,liquidity;market,false,true,false
survey of india,3,4,4,D02,38,D02_P038_SEC_2_53_PAR001,,false,true,false
by increasing the,3,4,4,D02,39,D02_P039_UNKNOWN_PAR001,,false,true,false
capital . in,3,4,4,D02,39,D02_P039_UNKNOWN_PAR001,capital,false,true,false
rather than through,3,4,4,D02,40,D02_P040_UNKNOWN_PAR001,,false,true,false
shows that the,3,4,4,D02,40,D02_P040_UNKNOWN_PAR001,,false,true,false
. the centre,3,4,4,D02,41,D02_P041_SEC_2_55_PAR001,,false,true,false
a transparent and,3,4,4,D02,41,D02_P041_SEC_2_55_PAR001,,false,true,false
governments have also,3,4,4,D02,41,D02_P041_SEC_2_56_PAR001,,false,true,false
general government investment,3,4,3,D02,41,D02_P041_SEC_2_56_PAR002,investment,false,true,false
//tinyurl . com/,3,4,4,D02,41,D02_P041_SEC_2_56_PAR003,,false,true,false
and world bank,3,4,3,D02,41,D02_P041_SEC_2_56_PAR003,bank,false,true,false
s ( per,3,4,1,D02,41,D02_P041_SEC_2_56_PAR003,,false,true,false
and composition of,3,4,3,D02,42,D02_P042_SEC_2_56_PAR001,,false,true,false
"review , and",3,4,4,D02,42,D02_P042_SEC_2_56_PAR001,,false,true,false
", are expected",3,4,4,D02,42,D02_P042_SEC_2_58_PAR001,,false,true,false
turnover ( ₹,3,4,2,D02,12,D02_T003,,false,true,false
feature of the,3,4,4,D03,5,D03_BOX001,,false,true,false
formal credit access,3,4,4,D03,27,D03_BOX009,credit,false,true,false
"this approach ,",3,4,4,D03,27,D03_BOX009,,false,true,false
research shows that,3,4,4,D03,29,D03_BOX011,,false,true,false
with the ministry,3,4,4,D03,29,D03_BOX011,,false,true,false
ministry of housing,3,4,4,D03,29,D03_BOX011,,false,true,false
of housing and,3,4,4,D03,29,D03_BOX011,,false,true,false
india 's securities,3,4,4,D03,36,D03_BOX013,securities,false,true,false
of household financial,3,4,4,D03,39,D03_BOX015,financial,false,true,false
. this transition,3,4,4,D03,39,D03_BOX015,,false,true,false
the financial system,3,4,4,D03,39,D03_BOX015,financial,false,true,false
financial system and,3,4,4,D03,39,D03_BOX015,financial,false,true,false
", and enhancing",3,4,4,D03,42,D03_BOX017,,false,true,false
past three decades,3,4,4,D03,46,D03_BOX019,,false,true,false
"three decades ,",3,4,4,D03,46,D03_BOX019,,false,true,false
") , mexico",3,4,4,D03,46,D03_BOX019,,false,true,false
", mexico (",3,4,4,D03,46,D03_BOX019,,false,true,false
"bond markets ,",3,4,4,D03,46,D03_BOX019,bond;markets,false,true,false
"2025 , december",3,4,2,D03,46,D03_BOX019,,false,true,false
to the private,3,4,4,D03,46,D03_BOX019,,false,true,false
of the insurance,3,4,3,D03,60,D03_BOX021,,false,true,false
", and insurance",3,4,4,D03,60,D03_BOX021,,false,true,false
and development of,3,4,4,D03,60,D03_BOX021,,false,true,false
a viksit bharat,3,4,4,D03,64,D03_BOX023,,false,true,false
viksit bharat by,3,4,4,D03,64,D03_BOX023,,false,true,false
", not merely",3,4,4,D03,64,D03_BOX023,,false,true,false
not merely as,3,4,4,D03,64,D03_BOX023,,false,true,false
"energy transition ,",3,4,4,D03,64,D03_BOX023,energy,false,true,false
", and large",3,4,4,D03,64,D03_BOX023,,false,true,false
financial inclusion .,3,4,4,D03,1,D03_P001_SEC_3_1_PAR001,financial,false,true,false
by the reserve,3,4,4,D03,1,D03_P001_SEC_3_1_PAR001,reserve,false,true,false
", underpinned by",3,4,4,D03,1,D03_P001_UNKNOWN_PAR002,,false,true,false
the repo rate,3,4,3,D03,1,D03_P001_UNKNOWN_PAR002,rate;repo,false,true,false
india 's first,3,4,4,D03,1,D03_P001_UNKNOWN_PAR004,,false,true,false
been made in,3,4,4,D03,1,D03_P001_UNKNOWN_PAR004,,false,true,false
pension and insurance,3,4,4,D03,1,D03_P001_UNKNOWN_PAR004,,false,true,false
"diversified , and",3,4,4,D03,1,D03_P001_UNKNOWN_PAR005,,false,true,false
", and scale",3,4,4,D03,1,D03_P001_UNKNOWN_PAR005,,false,true,false
global and domestic,3,4,4,D03,2,D03_P002_SEC_3_1_PAR001,,false,true,false
"geopolitical fragmentation ,",3,4,4,D03,2,D03_P002_SEC_3_2_PAR001,,false,true,false
global shocks .,3,4,4,D03,2,D03_P002_SEC_3_2_PAR001,,false,true,false
", and accountability",3,4,4,D03,2,D03_P002_SEC_3_2_PAR001,,false,true,false
can serve as,3,4,4,D03,2,D03_P002_SEC_3_2_PAR001,,false,true,false
the goals of,3,4,4,D03,2,D03_P002_SEC_3_2_PAR001,,false,true,false
provides a comprehensive,3,4,4,D03,2,D03_P002_SEC_3_3_PAR001,,false,true,false
", which had",3,4,4,D03,3,D03_P003_SEC_3_4_PAR002,,false,true,false
financial markets .,3,4,4,D03,3,D03_P003_SEC_3_4_PAR002,financial;markets,false,true,false
global equity markets,3,4,4,D03,3,D03_P003_SEC_3_5_PAR001,equity;markets,false,true,false
across asset classes,3,4,4,D03,3,D03_P003_SEC_3_5_PAR001,,false,true,false
of the us,3,4,4,D03,3,D03_P003_SEC_3_5_PAR001,,true,true,false
is not just,3,4,4,D03,3,D03_P003_SEC_3_6_PAR001,,false,true,false
to a rise,3,4,4,D03,3,D03_P003_SEC_3_6_PAR001,,false,true,false
"3 , 4",3,4,4,D03,4,D03_P004_SEC_3_6_PAR001,,false,true,false
technologies such as,3,4,4,D03,4,D03_P004_SEC_3_7_PAR001,,false,true,false
compared to previous,3,4,4,D03,4,D03_P004_SEC_3_7_PAR001,,false,true,false
investment in the,3,4,4,D03,5,D03_P005_SEC_3_8_PAR002,investment,false,true,false
to factors such,3,4,4,D03,5,D03_P005_SEC_3_8_PAR002,,false,true,false
a wide variety,3,4,4,D03,5,D03_P005_SEC_3_8_PAR003,,false,true,false
wide variety of,3,4,4,D03,5,D03_P005_SEC_3_8_PAR003,,false,true,false
"in fact ,",3,4,4,D03,5,D03_P005_SEC_3_8_PAR003,,false,true,false
", for example",3,4,4,D03,5,D03_P005_SEC_3_8_PAR003,,false,true,false
", r. ,",3,4,4,D03,5,D03_P005_SEC_3_8_PAR005,,false,true,false
"r. , &",3,4,4,D03,5,D03_P005_SEC_3_8_PAR005,,false,true,false
"2013 ) ,",3,4,3,D03,6,D03_P006_SEC_3_8_PAR001,,false,true,false
the change in,3,4,4,D03,6,D03_P006_SEC_3_8_PAR005,,false,true,false
share of total,3,4,4,D03,6,D03_P006_SEC_3_8_PAR005,,false,true,false
following an uncertainty,3,4,3,D03,6,D03_P006_SEC_3_8_PAR006,,false,true,false
as of 2024,3,4,4,D03,6,D03_P006_SEC_3_8_PAR008,,false,true,false
firms to undertake,3,4,4,D03,6,D03_P006_SEC_3_8_PAR009,,false,true,false
between 2010 and,3,4,4,D03,7,D03_P007_SEC_3_8_PAR007,,false,true,false
"nevertheless , the",3,4,4,D03,8,D03_P008_UNKNOWN_PAR001,,false,true,false
more vulnerable to,3,4,4,D03,8,D03_P008_UNKNOWN_PAR001,,false,true,false
. this may,3,4,4,D03,8,D03_P008_UNKNOWN_PAR001,,false,true,false
", the model",3,4,4,D03,8,D03_P008_UNKNOWN_PAR002,,false,true,false
. the services,3,4,4,D03,8,D03_P008_UNKNOWN_PAR003,,false,true,false
"services sector ,",3,4,4,D03,8,D03_P008_UNKNOWN_PAR003,sector,false,true,false
were designed to,3,4,4,D03,9,D03_P009_SEC_3_10_PAR001,,false,true,false
", allowing the",3,4,4,D03,9,D03_P009_SEC_3_10_PAR001,,false,true,false
in the cash,3,4,3,D03,9,D03_P009_SEC_3_11_PAR001,,false,true,false
economy . as,3,4,4,D03,9,D03_P009_SEC_3_12_PAR001,,false,true,false
"financial stability ,",3,4,4,D03,9,D03_P009_SEC_3_9_PAR001,financial;stability,false,true,false
the central bank,3,4,4,D03,10,D03_P010_SEC_3_14_PAR001,bank,false,true,false
deployment of funds,3,4,3,D03,11,D03_P011_SEC_3_15_PAR001,,false,true,false
in november 2025 .,3,4,4,D03,12,D03_P012_SEC_3_17_PAR001,,false,true,false
and financial stability,3,4,4,D03,12,D03_P012_SEC_3_18_PAR001,financial;stability,false,true,false
", non-banking financial",3,4,4,D03,12,D03_P012_SEC_3_19_PAR001,financial,false,true,false
non-banking financial companies,3,4,4,D03,12,D03_P012_SEC_3_19_PAR001,financial,false,true,false
companies ( nbfcs,3,4,4,D03,12,D03_P012_SEC_3_19_PAR001,,false,true,false
( nbfcs ),3,4,4,D03,12,D03_P012_SEC_3_19_PAR001,,false,true,false
"digital transformation ,",3,4,4,D03,12,D03_P012_SEC_3_19_PAR001,,false,true,false
"financial services ,",3,4,4,D03,13,D03_P013_SEC_3_19_PAR002,financial,false,true,false
section discusses the,3,4,4,D03,13,D03_P013_SEC_3_19_PAR002,,false,true,false
observed in the,3,4,4,D03,13,D03_P013_SEC_3_20_PAR001,,false,true,false
of september 2025 .,3,4,3,D03,13,D03_P013_SEC_3_20_PAR001,,false,true,false
the gnpa ratio,3,4,2,D03,13,D03_P013_SEC_3_21_PAR001,gnpa,false,true,false
"services , the",3,4,4,D03,13,D03_P013_SEC_3_21_PAR001,,false,true,false
in fy18 to,3,4,3,D03,14,D03_P014_SEC_3_22_PAR001,,false,true,false
has also improved,3,4,4,D03,14,D03_P014_SEC_3_22_PAR001,,false,true,false
) in fy25,3,4,4,D03,14,D03_P014_SEC_3_23_PAR001,,false,true,false
the return on,3,4,3,D03,14,D03_P014_SEC_3_23_PAR001,,false,true,false
has experienced a,3,4,4,D03,14,D03_P014_SEC_3_23_PAR001,,false,true,false
and allied activities,3,4,3,D03,15,D03_P015_SEC_3_25_PAR001,,false,true,false
this growth is,3,4,4,D03,15,D03_P015_SEC_3_25_PAR001,growth,false,true,false
"and others ,",3,4,4,D03,16,D03_P016_SEC_3_27_PAR001,,false,true,false
in april- december 2025,3,4,4,D03,16,D03_P016_SEC_3_28_PAR001,,false,true,false
"april- december 2025 ,",3,4,4,D03,16,D03_P016_SEC_3_28_PAR001,,false,true,false
financial resources to,3,4,4,D03,16,D03_P016_SEC_3_29_PAR001,financial,false,true,false
experienced a growth,3,4,3,D03,16,D03_P016_SEC_3_29_PAR001,growth,false,true,false
to the domestic,3,4,4,D03,17,D03_P017_SEC_3_30_PAR001,,false,true,false
and resilience .,3,4,4,D03,17,D03_P017_SEC_3_30_PAR001,,false,true,false
"areas , the",3,4,4,D03,18,D03_P018_SEC_3_32_PAR001,,false,true,false
regional rural banks,3,4,4,D03,18,D03_P018_SEC_3_32_PAR001,banks,false,true,false
of the core,3,4,3,D03,18,D03_P018_SEC_3_33_PAR001,,false,true,false
in the agricultural,3,4,4,D03,18,D03_P018_SEC_3_34_PAR001,,false,true,false
to an increase,3,4,4,D03,19,D03_P019_SEC_3_35_PAR001,,false,true,false
time . in,3,4,4,D03,19,D03_P019_SEC_3_36_PAR001,,false,true,false
measures aimed at,3,4,4,D03,19,D03_P019_SEC_3_36_PAR001,,false,true,false
"of regulations ,",3,4,4,D03,19,D03_P019_SEC_3_37_PAR001,,false,true,false
into account the,3,4,4,D03,19,D03_P019_SEC_3_37_PAR001,account,false,true,false
", the relevance",3,4,4,D03,19,D03_P019_SEC_3_37_PAR001,,false,true,false
the public sector,3,4,4,D03,19,D03_P019_SEC_3_38_PAR001,sector,false,true,false
"cooperative banks ,",3,4,3,D03,20,D03_P020_SEC_3_39_PAR001,banks,false,true,false
"banks , and",3,4,4,D03,20,D03_P020_SEC_3_39_PAR001,banks,false,true,false
part of this,3,4,4,D03,20,D03_P020_SEC_3_39_PAR001,,false,true,false
"regulated entities ,",3,4,4,D03,20,D03_P020_SEC_3_39_PAR001,,false,true,false
institutional mechanism for,3,4,4,D03,20,D03_P020_SEC_3_40_PAR001,,false,true,false
engagement in the,3,4,4,D03,20,D03_P020_SEC_3_40_PAR001,,false,true,false
has introduced a,3,4,4,D03,20,D03_P020_SEC_3_41_PAR001,,false,true,false
innovation while ensuring,3,4,4,D03,20,D03_P020_SEC_3_41_PAR001,,false,true,false
details of the,3,4,4,D03,20,D03_P020_SEC_3_41_PAR001,,false,true,false
by central banks,3,4,4,D03,20,D03_P020_SEC_3_41_PAR001,banks,false,true,false
of ai and,3,4,4,D03,21,D03_P021_SEC_3_41_PAR003,,false,true,false
the demand for,3,4,4,D03,21,D03_P021_SEC_3_41_PAR003,demand,false,true,false
in key sectors,3,4,4,D03,21,D03_P021_SEC_3_41_PAR003,sectors,false,true,false
ensure that ai,3,4,4,D03,22,D03_P022_SEC_3_41_PAR002,,false,true,false
with the broader,3,4,4,D03,22,D03_P022_SEC_3_41_PAR004,,false,true,false
economic development .,3,4,4,D03,22,D03_P022_SEC_3_41_PAR004,,false,true,false
"capabilities , and",3,4,4,D03,22,D03_P022_SEC_3_41_PAR006,,false,true,false
as the ',3,4,4,D03,22,D03_P022_SEC_3_41_PAR007,,false,true,false
( v ),3,4,4,D03,22,D03_P022_SEC_3_41_PAR007,,false,true,false
to leverage the,3,4,4,D03,23,D03_P023_SEC_3_41_PAR003,,false,true,false
for emerging economies,3,4,4,D03,23,D03_P023_SEC_3_41_PAR003,,false,true,false
"emerging economies ,",3,4,4,D03,23,D03_P023_SEC_3_41_PAR003,,false,true,false
. during this,3,4,4,D03,23,D03_P023_SEC_3_44_PAR001,,false,true,false
"in response ,",3,4,4,D03,23,D03_P023_SEC_3_45_PAR001,,false,true,false
when combined with,3,4,4,D03,25,D03_P025_SEC_3_47_PAR003,,false,true,false
credit appraisal and,3,4,4,D03,25,D03_P025_SEC_3_47_PAR007,credit,false,true,false
", but its",3,4,4,D03,26,D03_P026_SEC_3_47_PAR001,,false,true,false
but also on,3,4,4,D03,26,D03_P026_SEC_3_47_PAR003,,true,true,false
of financial inclusion,3,4,4,D03,26,D03_P026_SEC_3_47_PAR004,financial,false,true,false
. this could,3,4,4,D03,26,D03_P026_SEC_3_47_PAR005,,false,true,false
important role in,3,4,4,D03,26,D03_P026_SEC_3_47_PAR006,,false,true,false
role in expanding,3,4,4,D03,26,D03_P026_SEC_3_47_PAR006,,false,true,false
of a more,3,4,4,D03,27,D03_P027_SEC_3_47_PAR002,,true,true,false
has introduced several,3,4,4,D03,27,D03_P027_SEC_3_49_PAR001,,false,true,false
pradhan mantri jan,3,4,4,D03,27,D03_P027_SEC_3_49_PAR001,,false,true,false
building on this,3,4,4,D03,27,D03_P027_SEC_3_49_PAR001,,false,true,false
segments . the,3,4,4,D03,27,D03_P027_SEC_3_49_PAR001,,false,true,false
", underscoring its",3,4,4,D03,28,D03_P028_SEC_3_49_PAR001,,false,true,false
resilience . the,3,4,4,D03,28,D03_P028_SEC_3_49_PAR004,,false,true,false
. the primary,3,4,4,D03,29,D03_P029_SEC_3_49_PAR003,,false,true,false
"financial system ,",3,4,4,D03,29,D03_P029_SEC_3_49_PAR005,financial,false,true,false
to formal credit,3,4,4,D03,30,D03_P030_SEC_3_50_PAR001,credit,false,true,false
", with at",3,4,3,D03,30,D03_P030_SEC_3_50_PAR003,,false,true,false
with at least,3,4,3,D03,30,D03_P030_SEC_3_50_PAR003,,false,true,false
best understood as,3,4,4,D03,30,D03_P030_SEC_3_50_PAR004,,false,true,false
"in infrastructure ,",3,4,4,D03,30,D03_P030_SEC_3_50_PAR006,,false,true,false
", reliability ,",3,4,4,D03,30,D03_P030_SEC_3_50_PAR006,,false,true,false
a cornerstone of,3,4,4,D03,31,D03_P031_SEC_3_50_PAR003,,false,true,false
for inclusive growth,3,4,4,D03,31,D03_P031_SEC_3_50_PAR003,growth,false,true,false
are reflected in,3,4,4,D03,31,D03_P031_SEC_3_51_PAR001,,false,true,false
", and quality",3,4,4,D03,31,D03_P031_SEC_3_51_PAR001,,false,true,false
", viz. ,",3,4,4,D03,31,D03_P031_SEC_3_51_PAR001,,false,true,false
", in particular",3,4,4,D03,32,D03_P032_SEC_3_53_PAR001,,false,true,false
resulted in a,3,4,4,D03,32,D03_P032_SEC_3_55_PAR001,,false,true,false
with an estimated,3,4,4,D03,34,D03_P034_SEC_3_60_PAR001,,false,true,false
the level of,3,4,3,D03,34,D03_P034_SEC_3_61_PAR001,,false,true,false
level of the,3,4,3,D03,34,D03_P034_SEC_3_61_PAR001,,false,true,false
nifty 50 and,3,4,4,D03,35,D03_P035_SEC_3_65_PAR001,,false,true,false
south korea (,3,4,3,D03,35,D03_P035_SEC_3_66_PAR001,,false,true,false
", capital goods",3,4,4,D03,35,D03_P035_SEC_3_66_PAR001,capital,false,true,false
"goods , and",3,4,4,D03,35,D03_P035_SEC_3_66_PAR001,,false,true,false
the strength of,3,4,4,D03,35,D03_P035_SEC_3_67_PAR001,,false,true,false
domestic and international,3,4,4,D03,35,D03_P035_SEC_3_67_PAR001,,false,true,false
of global capital,3,4,4,D03,35,D03_P035_SEC_3_67_PAR001,capital,false,true,false
bse and nse,3,4,4,D03,36,D03_P036_SEC_3_70_PAR001,,false,true,false
"and nse ,",3,4,4,D03,36,D03_P036_SEC_3_70_PAR001,,false,true,false
capital markets .,3,4,4,D03,36,D03_P036_SEC_3_71_PAR001,capital;markets,false,true,false
", the quality",3,4,4,D03,36,D03_P036_SEC_3_71_PAR001,,false,true,false
"quasi-legislative , executive",3,4,4,D03,37,D03_P037_SEC_3_71_PAR003,,false,true,false
", and quasi-judicial",3,4,4,D03,37,D03_P037_SEC_3_71_PAR003,,false,true,false
and quasi-judicial powers,3,4,4,D03,37,D03_P037_SEC_3_71_PAR003,,false,true,false
the governing board,3,4,4,D03,37,D03_P037_SEC_3_71_PAR004,,false,true,false
approval from sebi,3,4,4,D03,37,D03_P037_SEC_3_71_PAR005,,false,true,false
at the centre,3,4,4,D03,37,D03_P037_UNKNOWN_PAR001,,false,true,false
appointed by the,3,4,4,D03,37,D03_P037_UNKNOWN_PAR002,,false,true,false
", serving as",3,4,4,D03,38,D03_P038_UNKNOWN_PAR004,,false,true,false
investors . the,3,4,4,D03,38,D03_P038_UNKNOWN_PAR005,investors,false,true,false
india 's regulatory,3,4,4,D03,38,D03_P038_UNKNOWN_PAR005,regulatory,false,true,false
are aware of,3,4,2,D03,39,D03_P039_SEC_3_72_PAR002,,false,true,false
"absolute terms ,",3,4,4,D03,39,D03_P039_SEC_3_73_PAR002,,false,true,false
"perspective , the",3,4,4,D03,40,D03_P040_SEC_3_73_PAR003,,false,true,false
the size of,3,4,4,D03,40,D03_P040_SEC_3_73_PAR003,,false,true,false
a broad range,3,4,4,D03,41,D03_P041_SEC_3_73_PAR002,,false,true,false
broad range of,3,4,4,D03,41,D03_P041_SEC_3_73_PAR002,,false,true,false
mechanisms such as,3,4,4,D03,42,D03_P042_SEC_3_73_PAR001,,false,true,false
". equally ,",3,4,4,D03,42,D03_P042_SEC_3_73_PAR001,,false,true,false
"capital costs ,",3,4,4,D03,42,D03_P042_SEC_3_73_PAR001,capital,false,true,false
's capital market,3,4,4,D03,42,D03_P042_SEC_3_74_PAR001,capital;market,false,true,false
"capital market ,",3,4,4,D03,42,D03_P042_SEC_3_74_PAR001,capital;market,false,true,false
sebi has undertaken,3,4,4,D03,42,D03_P042_SEC_3_74_PAR001,,false,true,false
sebi has mandated,3,4,4,D03,42,D03_P042_SEC_3_74_PAR002,,false,true,false
the ' sebi,3,4,4,D03,42,D03_P042_SEC_3_74_PAR002,,false,true,false
' sebi check,3,4,4,D03,42,D03_P042_SEC_3_74_PAR002,,false,true,false
sebi check ',3,4,4,D03,42,D03_P042_SEC_3_74_PAR002,,false,true,false
ministry of panchayati,3,4,4,D03,42,D03_P042_SEC_3_74_PAR002,,false,true,false
of panchayati raj,3,4,4,D03,42,D03_P042_SEC_3_74_PAR002,,false,true,false
introduced a new,3,4,4,D03,43,D03_P043_SEC_3_74_PAR003,,false,true,false
"requirements , and",3,4,4,D03,43,D03_P043_SEC_3_74_PAR003,,false,true,false
to extend the,3,4,4,D03,43,D03_P043_SEC_3_74_PAR003,,false,true,false
issue and listing,3,4,4,D03,43,D03_P043_SEC_3_74_PAR003,,false,true,false
and listing of,3,4,4,D03,43,D03_P043_SEC_3_74_PAR003,,false,true,false
", the requirement",3,4,4,D03,43,D03_P043_SEC_3_74_PAR005,,false,true,false
of the risk,3,4,4,D03,43,D03_P043_SEC_3_74_PAR007,,false,true,false
"at nse ,",3,4,4,D03,43,D03_P043_SEC_3_74_PAR007,,false,true,false
sebi and the,3,4,4,D03,43,D03_P043_SEC_3_74_PAR007,,false,true,false
the central electricity,3,4,4,D03,43,D03_P043_SEC_3_74_PAR007,,false,true,false
eligibility criteria for,3,4,4,D03,43,D03_P043_SEC_3_74_PAR009,,false,true,false
. such a,3,4,4,D03,44,D03_P044_SEC_3_75_PAR001,,false,true,false
such as credit,3,4,4,D03,44,D03_P044_SEC_3_75_PAR001,credit,false,true,false
", the corporate",3,4,4,D03,44,D03_P044_SEC_3_75_PAR001,,false,true,false
gradual shift towards,3,4,4,D03,44,D03_P044_SEC_3_76_PAR001,,false,true,false
"bond market ,",3,4,4,D03,44,D03_P044_SEC_3_77_PAR001,bond;market,false,true,false
compared to global,3,4,4,D03,44,D03_P044_SEC_3_78_PAR001,,false,true,false
corporate debt market,3,4,4,D03,44,D03_P044_SEC_3_78_PAR001,debt;market,false,true,false
the dominance of,3,4,4,D03,45,D03_P045_SEC_3_78_PAR002,,false,true,false
the secondary market,3,4,4,D03,45,D03_P045_SEC_3_78_PAR002,market,false,true,false
and china (,3,4,4,D03,45,D03_P045_SEC_3_78_PAR002,,false,true,false
public sector undertakings,3,4,4,D03,45,D03_P045_SEC_3_79_PAR001,sector,false,true,false
small group of,3,4,4,D03,45,D03_P045_SEC_3_79_PAR001,,false,true,false
participate in the,3,4,4,D03,45,D03_P045_SEC_3_79_PAR001,,false,true,false
ministry of corporate,3,4,4,D03,45,D03_P045_SEC_3_81_PAR001,,false,true,false
of corporate affairs,3,4,4,D03,45,D03_P045_SEC_3_81_PAR001,,false,true,false
sebi introduced the,3,4,4,D03,45,D03_P045_SEC_3_82_PAR001,,false,true,false
and insurance companies,3,4,4,D03,46,D03_P046_SEC_3_83_PAR001,,false,true,false
as the market,3,4,4,D03,46,D03_P046_SEC_3_84_PAR001,market,false,true,false
"by 2030 ,",3,4,4,D03,46,D03_P046_SEC_3_84_PAR001,,false,true,false
current account balance,3,4,4,D03,47,D03_P047_SEC_3_85_PAR004,account;balance;current,false,true,false
majority of the,3,4,4,D03,47,D03_P047_SEC_3_85_PAR004,,false,true,false
"gdp ) ,",3,4,2,D03,47,D03_P047_SEC_3_85_PAR006,gdp,false,true,false
in a country,3,4,4,D03,48,D03_P048_SEC_3_85_PAR001,,false,true,false
"long run ,",3,4,4,D03,48,D03_P048_SEC_3_85_PAR001,,false,true,false
", while a",3,4,4,D03,48,D03_P048_SEC_3_85_PAR001,,false,true,false
the capacity to,3,4,4,D03,48,D03_P048_SEC_3_85_PAR003,,false,true,false
", raising the",3,4,4,D03,48,D03_P048_SEC_3_85_PAR003,,false,true,false
has not been,3,4,4,D03,48,D03_P048_SEC_3_85_PAR004,,true,true,false
growth and the,3,4,4,D03,48,D03_P048_SEC_3_85_PAR005,growth,false,true,false
", inflationary pressures",3,4,4,D03,48,D03_P048_SEC_3_85_PAR005,,false,true,false
not only to,3,4,4,D03,49,D03_P049_SEC_3_85_PAR005,,false,true,false
", exports ,",3,4,4,D03,49,D03_P049_SEC_3_85_PAR005,exports,false,true,false
in manufacturing .,3,4,4,D03,49,D03_P049_SEC_3_85_PAR005,,false,true,false
( fpi ),3,4,4,D03,49,D03_P049_SEC_3_86_PAR001,fpi,false,true,false
of indian equities,3,4,3,D03,49,D03_P049_SEC_3_86_PAR001,equities,false,true,false
of indian securities,3,4,4,D03,50,D03_P050_SEC_3_87_PAR001,securities,false,true,false
into india 's,3,4,4,D03,51,D03_P051_SEC_3_88_PAR001,,false,true,false
domestic market .,3,4,4,D03,52,D03_P052_SEC_3_91_PAR001,market,false,true,false
share of diis,3,4,3,D03,52,D03_P052_SEC_3_91_PAR001,,false,true,false
( by value,3,4,2,D03,52,D03_P052_SEC_3_91_PAR001,,false,true,false
by value of,3,4,2,D03,52,D03_P052_SEC_3_91_PAR001,,false,true,false
value of holdings,3,4,2,D03,52,D03_P052_SEC_3_91_PAR001,,false,true,false
of holdings ),3,4,2,D03,52,D03_P052_SEC_3_91_PAR001,,false,true,false
", with both",3,4,4,D03,53,D03_P053_SEC_3_93_PAR001,,false,true,false
by india 's,3,4,4,D03,53,D03_P053_SEC_3_93_PAR001,,false,true,false
", and institutions",3,4,4,D03,53,D03_P053_SEC_3_94_PAR001,,false,true,false
", largely due",3,4,4,D03,53,D03_P053_SEC_3_95_PAR001,,false,true,false
largely due to,3,4,4,D03,53,D03_P053_SEC_3_95_PAR001,,false,true,false
regulatory frameworks .,3,4,4,D03,53,D03_P053_SEC_3_95_PAR001,regulatory,false,true,false
financial institutions to,3,4,4,D03,53,D03_P053_SEC_3_95_PAR001,financial,false,true,false
", and reduce",3,4,4,D03,53,D03_P053_SEC_3_95_PAR001,,false,true,false
as of 30 november 2025,3,4,4,D03,53,D03_P053_SEC_3_96_PAR001,,false,true,false
proportion of the,3,4,3,D03,55,D03_P055_SEC_3_99_PAR001,,false,true,false
in the total,3,4,4,D03,55,D03_P055_SEC_3_99_PAR001,,false,true,false
is essential that,3,4,4,D03,55,D03_P055_SEC_3_99_PAR001,,false,true,false
", private sector",3,4,4,D03,55,D03_P055_SEC_3_99_PAR003,sector,false,true,false
assets under management,3,4,4,D03,55,D03_P055_SEC_3_99_PAR003,assets,false,true,false
vide notification dated,3,4,4,D03,56,D03_P056_SEC_3_99_PAR002,,false,true,false
from an early,3,4,4,D03,56,D03_P056_SEC_3_99_PAR003,,false,true,false
( fpos ),3,4,4,D03,56,D03_P056_SEC_3_99_PAR005,,false,true,false
workers in the,3,4,4,D03,56,D03_P056_SEC_3_99_PAR005,,false,true,false
"workers , and",3,4,4,D03,56,D03_P056_SEC_3_99_PAR006,,false,true,false
the inclusion of,3,4,4,D03,57,D03_P057_SEC_3_99_PAR002,,false,true,false
the way forward,3,4,4,D03,57,D03_P057_SEC_3_99_PAR005,,false,true,false
. engagement with,3,4,4,D03,57,D03_P057_SEC_3_99_PAR005,,false,true,false
with state governments,3,4,4,D03,57,D03_P057_SEC_3_99_PAR005,,false,true,false
will be crucial,3,4,4,D03,58,D03_P058_SEC_3_99_PAR001,,false,true,false
all of which,3,4,4,D03,58,D03_P058_SEC_3_99_PAR001,,true,true,false
is well-positioned to,3,4,4,D03,58,D03_P058_SEC_3_99_PAR002,,false,true,false
and supported by,3,4,4,D03,58,D03_P058_SEC_3_99_PAR005,,false,true,false
sections of society,3,4,4,D03,59,D03_P059_SEC_3_99_PAR003,,false,true,false
has been driven,3,4,4,D03,59,D03_P059_SEC_3_99_PAR004,,false,true,false
in a significant,3,4,4,D03,59,D03_P059_SEC_3_99_PAR005,,false,true,false
continue to remain,3,4,4,D03,59,D03_P059_SEC_3_99_PAR005,,false,true,false
for ease of,3,4,4,D03,60,D03_P060_SEC_3_99_PAR003,,false,true,false
promote ease of,3,4,3,D03,60,D03_P060_SEC_3_99_PAR004,,false,true,false
: to ensure,3,4,4,D03,60,D03_P060_SEC_3_99_PAR004,,false,true,false
companies . the,3,4,4,D03,60,D03_P060_SEC_3_99_PAR004,,false,true,false
with the necessary,3,4,4,D03,61,D03_P061_SEC_3_99_PAR005,,false,true,false
to keep pace,3,4,4,D03,62,D03_P062_SEC_3_99_PAR001,,false,true,false
keep pace with,3,4,4,D03,62,D03_P062_SEC_3_99_PAR001,,false,true,false
and rapid technological,3,4,4,D03,62,D03_P062_UNKNOWN_PAR001,,false,true,false
financial sector assessment,3,4,3,D03,63,D03_P063_UNKNOWN_PAR004,financial;sector,false,true,false
in today 's,3,4,4,D03,63,D03_P063_UNKNOWN_PAR005,,false,true,false
. they must,3,4,4,D03,63,D03_P063_UNKNOWN_PAR005,,false,true,false
balance between openness,3,4,4,D03,63,D03_P063_UNKNOWN_PAR005,balance,false,true,false
focusing on the,3,4,4,D03,64,D03_P064_UNKNOWN_PAR001,,false,true,false
part of a,3,4,4,D03,65,D03_P065_UNKNOWN_PAR012,,false,true,false
's emergence as,3,4,4,D03,54,D03_T002,,false,true,false
emergence as a,3,4,4,D03,54,D03_T002,,false,true,false
"engineering , and",3,4,4,D04,21,D04_BOX001,,false,true,false
", and developing",3,4,4,D04,21,D04_BOX001,,false,true,false
developing countries .,3,4,4,D04,21,D04_BOX001,,false,true,false
", when the",3,4,4,D04,34,D04_BOX003,,false,true,false
the rate of,3,4,4,D04,34,D04_BOX003,rate,false,true,false
of investments in,3,4,4,D04,34,D04_BOX003,investments,false,true,false
higher than that,3,4,3,D04,34,D04_BOX003,,false,true,false
") , brazil",3,4,4,D04,34,D04_BOX003,,false,true,false
", brazil (",3,4,4,D04,34,D04_BOX003,,false,true,false
the us (,3,4,4,D04,34,D04_BOX003,,false,true,false
and the uk,3,4,4,D04,34,D04_BOX003,,false,true,false
of the exchange,3,4,4,D04,47,D04_BOX009,exchange,false,true,false
in global markets,3,4,4,D04,50,D04_BOX011,markets,false,true,false
landscape is undergoing,3,4,4,D04,1,D04_P001_SEC_4_1_PAR001,,false,true,false
on the trade,3,4,4,D04,1,D04_P001_UNKNOWN_PAR003,trade,false,true,false
in services exports,3,4,3,D04,1,D04_P001_UNKNOWN_PAR003,exports,false,true,false
"non-petroleum , non-gems",3,4,4,D04,1,D04_P001_UNKNOWN_PAR003,,false,true,false
the services trade,3,4,4,D04,1,D04_P001_UNKNOWN_PAR003,trade,false,true,false
portion of the,3,4,4,D04,1,D04_P001_UNKNOWN_PAR003,,false,true,false
global capability centres,3,4,4,D04,1,D04_P001_UNKNOWN_PAR003,,false,true,false
the contours of,3,4,4,D04,2,D04_P002_SEC_4_3_PAR001,,false,true,false
", capital flows",3,4,4,D04,2,D04_P002_SEC_4_4_PAR001,capital,false,true,false
"debt , and",3,4,4,D04,2,D04_P002_SEC_4_4_PAR001,debt,false,true,false
plays a vital,3,4,4,D04,2,D04_P002_SEC_4_4_PAR001,,false,true,false
the diversification of,3,4,4,D04,2,D04_P002_SEC_4_5_PAR001,,false,true,false
country 's export,3,4,4,D04,2,D04_P002_SEC_4_5_PAR001,export,false,true,false
", s. ,",3,4,4,D04,3,D04_P003_SEC_4_8_PAR002,,false,true,false
foreign policy similarity,3,4,1,D04,3,D04_P003_SEC_4_8_PAR005,foreign;policy,false,true,false
"2017 ) ,",3,4,3,D04,3,D04_P003_SEC_4_8_PAR005,,false,true,false
the global trade,3,4,4,D04,4,D04_P004_SEC_4_8_PAR003,trade,false,true,false
in a small,3,4,4,D04,4,D04_P004_SEC_4_8_PAR003,,false,true,false
a small set,3,4,4,D04,4,D04_P004_SEC_4_8_PAR003,,false,true,false
this trend is,3,4,4,D04,4,D04_P004_SEC_4_9_PAR001,,false,true,false
to the global,3,4,3,D04,5,D04_P005_SEC_4_9_PAR001,,false,true,false
indicated by the,3,4,3,D04,5,D04_P005_SEC_4_9_PAR001,,false,true,false
. the gdp,3,4,4,D04,6,D04_P006_SEC_4_13_PAR003,gdp,false,true,false
of global output,3,4,2,D04,6,D04_P006_SEC_4_13_PAR003,output,false,true,false
trade performance .,3,4,4,D04,7,D04_P007_SEC_4_14_PAR001,trade,false,true,false
"challenges , including",3,4,4,D04,7,D04_P007_SEC_4_16_PAR001,,false,true,false
for the country,3,4,4,D04,7,D04_P007_SEC_4_16_PAR001,,false,true,false
india 's share,3,4,4,D04,8,D04_P008_SEC_4_18_PAR001,,false,true,false
services exports has,3,4,3,D04,8,D04_P008_SEC_4_18_PAR001,exports,false,true,false
"report 2025 ,",3,4,4,D04,8,D04_P008_SEC_4_19_PAR001,,false,true,false
products . the,3,4,4,D04,8,D04_P008_SEC_4_20_PAR003,,false,true,false
the european union,3,4,4,D04,8,D04_P008_SEC_4_20_PAR003,,false,true,false
yoy ) increase,3,4,4,D04,9,D04_P009_SEC_4_20_PAR001,,false,true,false
also increased by,3,4,4,D04,9,D04_P009_SEC_4_20_PAR001,,false,true,false
yoy ) and,3,4,4,D04,9,D04_P009_SEC_4_20_PAR001,,false,true,false
its position as,3,4,4,D04,9,D04_P009_SEC_4_22_PAR001,,false,true,false
"fy25 , india",3,4,4,D04,9,D04_P009_SEC_4_22_PAR001,,false,true,false
non-gems and jewellery,3,4,4,D04,10,D04_P010_SEC_4_22_PAR001,,false,true,false
"oil prices ,",3,4,4,D04,10,D04_P010_SEC_4_23_PAR001,oil,false,true,false
"prices , which",3,4,4,D04,10,D04_P010_SEC_4_23_PAR001,,false,true,false
as india 's,3,4,4,D04,10,D04_P010_SEC_4_26_PAR001,,false,true,false
's exports of,3,4,4,D04,10,D04_P010_SEC_4_26_PAR001,exports,false,true,false
consumption and production,3,4,4,D04,11,D04_P011_SEC_4_28_PAR001,consumption,false,true,false
this increase is,3,4,4,D04,11,D04_P011_SEC_4_28_PAR001,,false,true,false
"factors , including",3,4,4,D04,13,D04_P013_SEC_4_31_PAR001,,false,true,false
", and various",3,4,4,D04,13,D04_P013_SEC_4_31_PAR001,,false,true,false
", india will",3,4,4,D04,13,D04_P013_SEC_4_34_PAR001,,false,true,false
. that is,3,4,4,D04,13,D04_P013_SEC_4_34_PAR001,,false,true,false
", must be",3,4,4,D04,13,D04_P013_SEC_4_34_PAR001,,false,true,false
average annual growth,3,4,4,D04,13,D04_P013_SEC_4_36_PAR001,growth,false,true,false
. a few,3,4,4,D04,14,D04_P014_SEC_4_37_PAR001,,false,true,false
scaling up of,3,4,4,D04,14,D04_P014_SEC_4_37_PAR001,,false,true,false
"value chains ,",3,4,4,D04,14,D04_P014_SEC_4_37_PAR001,,false,true,false
and technology .,3,4,4,D04,14,D04_P014_SEC_4_38_PAR001,,false,true,false
success of the,3,4,4,D04,15,D04_P015_SEC_4_39_PAR001,,false,true,false
export growth .,3,4,4,D04,15,D04_P015_SEC_4_39_PAR001,export;growth,false,true,false
india 's export,3,4,3,D04,15,D04_P015_SEC_4_39_PAR002,export,false,true,false
of the trade,3,4,4,D04,15,D04_P015_SEC_4_40_PAR001,trade,false,true,false
to the world,3,4,4,D04,15,D04_P015_SEC_4_40_PAR002,,false,true,false
presented in table,3,4,4,D04,15,D04_P015_SEC_4_40_PAR002,,false,true,false
: as per,3,4,4,D04,15,D04_P015_SEC_4_40_PAR003,,false,true,false
share in india,3,4,4,D04,17,D04_P017_SEC_4_40_PAR002,,false,true,false
period . ),3,4,3,D04,17,D04_P017_SEC_4_40_PAR002,,false,true,false
fabrics and made-ups,3,4,2,D04,17,D04_P017_UNKNOWN_PAR001,,false,true,false
: uae (,3,4,4,D04,17,D04_P017_UNKNOWN_PAR001,,false,true,false
", readymade garments",3,4,1,D04,17,D04_P017_UNKNOWN_PAR005,,false,true,false
", the netherlands",3,4,4,D04,18,D04_P018_UNKNOWN_PAR014,,false,true,false
share increased to,3,4,1,D04,19,D04_P019_SEC_4_42_PAR001,,false,true,false
the economic complexity,3,4,4,D04,19,D04_P019_SEC_4_44_PAR001,,false,true,false
th position in,3,4,4,D04,19,D04_P019_SEC_4_44_PAR001,,false,true,false
", which remains",3,4,4,D04,19,D04_P019_SEC_4_44_PAR001,,false,true,false
of a country,3,4,4,D04,19,D04_P019_SEC_4_44_PAR003,,false,true,false
to produce a,3,4,3,D04,19,D04_P019_SEC_4_44_PAR003,,false,true,false
"categories , including",3,4,4,D04,20,D04_P020_SEC_4_44_PAR001,,false,true,false
the anusandhan national,3,4,4,D04,20,D04_P020_SEC_4_46_PAR001,,false,true,false
anusandhan national research,3,4,4,D04,20,D04_P020_SEC_4_46_PAR001,,false,true,false
make in india,3,4,4,D04,20,D04_P020_SEC_4_46_PAR001,,false,true,false
", these initiatives",3,4,4,D04,20,D04_P020_SEC_4_46_PAR001,,false,true,false
towards a more,3,4,4,D04,20,D04_P020_SEC_4_47_PAR002,,false,true,false
that only a,3,4,4,D04,20,D04_P020_SEC_4_47_PAR005,,false,true,false
and the world,3,4,4,D04,21,D04_P021_SEC_4_47_PAR001,,false,true,false
", and coordinated",3,4,4,D04,21,D04_P021_SEC_4_49_PAR001,,false,true,false
", and improve",3,4,4,D04,21,D04_P021_SEC_4_49_PAR001,,false,true,false
in the present,3,4,4,D04,21,D04_P021_SEC_4_50_PAR001,,false,true,false
"documentation , and",3,4,4,D04,22,D04_P022_SEC_4_50_PAR003,,false,true,false
in 2019 .,3,4,4,D04,23,D04_P023_UNKNOWN_PAR002,,false,true,false
in the middle,3,4,4,D04,24,D04_P024_SEC_4_51_PAR001,,false,true,false
across a wide,3,4,4,D04,24,D04_P024_SEC_4_51_PAR001,,false,true,false
"professional services ,",3,4,4,D04,24,D04_P024_SEC_4_51_PAR001,,false,true,false
chemicals and petrochemicals,3,4,3,D04,24,D04_P024_SEC_4_51_PAR002,,false,true,false
to capitalise on,3,4,4,D04,24,D04_P024_UNKNOWN_PAR002,,false,true,false
reduce dependence on,3,4,4,D04,24,D04_P024_UNKNOWN_PAR002,,false,true,false
play a vital,3,4,4,D04,25,D04_P025_SEC_4_52_PAR001,,false,true,false
evolving needs of,3,4,4,D04,25,D04_P025_SEC_4_53_PAR001,,false,true,false
credit guarantee scheme,3,4,4,D04,25,D04_P025_SEC_4_53_PAR001,credit,false,true,false
", and creating",3,4,4,D04,25,D04_P025_SEC_4_53_PAR001,,false,true,false
", business ,",3,4,4,D04,26,D04_P026_SEC_4_57_PAR001,,false,true,false
"business , and",3,4,4,D04,26,D04_P026_SEC_4_57_PAR001,,false,true,false
( chart iv.,3,4,4,D04,26,D04_P026_SEC_4_58_PAR001,,false,true,false
is due to,3,4,4,D04,26,D04_P026_SEC_4_58_PAR001,,false,true,false
fy20 to fy25,3,4,4,D04,26,D04_P026_SEC_4_58_PAR001,,false,true,false
to fy25 .,3,4,4,D04,26,D04_P026_SEC_4_58_PAR001,,false,true,false
the rest of,3,4,4,D04,28,D04_P028_SEC_4_60_PAR001,,false,true,false
", the uk",3,4,4,D04,29,D04_P029_SEC_4_62_PAR001,,false,true,false
position as the,3,4,4,D04,29,D04_P029_SEC_4_64_PAR001,,false,true,false
of the survey,3,4,4,D04,30,D04_P030_SEC_4_65_PAR001,,false,true,false
more stable and,3,4,4,D04,30,D04_P030_SEC_4_66_PAR001,stable,false,true,false
"geopolitical uncertainty ,",3,4,4,D04,31,D04_P031_SEC_4_68_PAR001,,false,true,false
h 1 2025,3,4,2,D04,31,D04_P031_SEC_4_69_PAR001,,false,true,false
the total value,3,4,4,D04,31,D04_P031_SEC_4_69_PAR001,,false,true,false
in the digital,3,4,4,D04,31,D04_P031_SEC_4_69_PAR001,,false,true,false
2023 and 2024,3,4,4,D04,31,D04_P031_SEC_4_69_PAR002,,false,true,false
renewable energy and,3,4,4,D04,32,D04_P032_SEC_4_70_PAR001,energy,false,true,false
the h 1,3,4,4,D04,32,D04_P032_SEC_4_71_PAR001,,false,true,false
of 2025 .,3,4,4,D04,32,D04_P032_SEC_4_71_PAR001,,false,true,false
as the largest,3,4,4,D04,32,D04_P032_SEC_4_74_PAR001,,false,true,false
"digital economy ,",3,4,4,D04,33,D04_P033_SEC_4_76_PAR001,,false,true,false
along with a,3,4,4,D04,34,D04_P034_SEC_4_77_PAR001,,false,true,false
to examine the,3,4,4,D04,34,D04_P034_SEC_4_78_PAR001,,false,true,false
the 10 -year,3,4,3,D04,34,D04_P034_SEC_4_78_PAR002,,false,true,false
that india is,3,4,4,D04,35,D04_P035_SEC_4_79_PAR001,,false,true,false
india is not,3,4,4,D04,35,D04_P035_SEC_4_79_PAR001,,false,true,false
the challenge is,3,4,4,D04,35,D04_P035_SEC_4_80_PAR001,,false,true,false
underscores the need,3,4,4,D04,35,D04_P035_SEC_4_80_PAR001,,false,true,false
contribute to the,3,4,4,D04,36,D04_P036_SEC_4_80_PAR003,,false,true,false
to attract fdi,3,4,4,D04,36,D04_P036_SEC_4_80_PAR005,fdi,false,true,false
", given that",3,4,4,D04,37,D04_P037_SEC_4_80_PAR015,,false,true,false
in place .,3,4,4,D04,37,D04_P037_SEC_4_80_PAR015,,false,true,false
. despite a,3,4,4,D04,37,D04_P037_SEC_4_80_PAR017,,false,true,false
are essential to,3,4,4,D04,37,D04_P037_SEC_4_80_PAR017,,false,true,false
"a single ,",3,4,4,D04,38,D04_P038_SEC_4_80_PAR001,,false,true,false
", and reduced",3,4,4,D04,38,D04_P038_SEC_4_80_PAR005,,false,true,false
thereby enhancing the,3,4,4,D04,38,D04_P038_SEC_4_80_PAR005,,false,true,false
", and scaling",3,4,4,D04,38,D04_P038_SEC_4_80_PAR007,,false,true,false
"quality standards ,",3,4,4,D04,40,D04_P040_SEC_4_81_PAR002,,false,true,false
", institutions ,",3,4,4,D04,40,D04_P040_SEC_4_81_PAR003,,false,true,false
human capital and,3,4,4,D04,41,D04_P041_SEC_4_81_PAR002,capital,false,true,false
access to global,3,4,4,D04,41,D04_P041_SEC_4_81_PAR004,,false,true,false
and a more,3,4,4,D04,41,D04_P041_SEC_4_81_PAR005,,true,true,false
( 5 ),3,4,4,D04,41,D04_P041_SEC_4_81_PAR009,,false,true,false
. the policy,3,4,4,D04,42,D04_P042_UNKNOWN_PAR002,policy,false,true,false
"firms , and",3,4,4,D04,42,D04_P042_UNKNOWN_PAR002,,false,true,false
( far ),3,4,4,D04,43,D04_P043_SEC_4_83_PAR001,,false,true,false
. as shown,3,4,4,D04,47,D04_P047_SEC_4_92_PAR001,,false,true,false
capital inflows .,3,4,4,D04,47,D04_P047_SEC_4_92_PAR001,capital,false,true,false
due to a,3,4,4,D04,47,D04_P047_SEC_4_93_PAR002,,false,true,false
"trade , net",3,4,2,D04,47,D04_P047_SEC_4_93_PAR004,trade,false,true,false
net services trade,3,4,4,D04,47,D04_P047_SEC_4_93_PAR004,trade,false,true,false
and energy .,3,4,4,D04,49,D04_P049_SEC_4_94_PAR001,energy,false,true,false
are necessary to,3,4,4,D04,49,D04_P049_SEC_4_94_PAR001,,false,true,false
"into gvcs ,",3,4,4,D04,49,D04_P049_SEC_4_94_PAR001,,false,true,false
. this suggests,3,4,4,D04,50,D04_P050_SEC_4_96_PAR001,,false,true,false
this suggests that,3,4,4,D04,50,D04_P050_SEC_4_96_PAR001,,false,true,false
part of their,3,4,4,D04,50,D04_P050_SEC_4_97_PAR002,,false,true,false
. firms that,3,4,4,D04,51,D04_P051_SEC_4_97_PAR002,,false,true,false
experience suggests that,3,4,4,D04,51,D04_P051_SEC_4_97_PAR003,,false,true,false
"that , in",3,4,4,D04,51,D04_P051_SEC_4_97_PAR003,,false,true,false
as important as,3,4,4,D04,51,D04_P051_SEC_4_97_PAR003,,false,true,false
"information technology ,",3,4,4,D04,51,D04_P051_SEC_4_97_PAR006,,false,true,false
"india , this",3,4,4,D04,52,D04_P052_SEC_4_98_PAR001,,false,true,false
"however , india",3,4,4,D04,53,D04_P053_SEC_4_99_PAR003,,false,true,false
with the private,3,4,4,D04,53,D04_P053_SEC_4_99_PAR009,,false,true,false
and integration into,3,4,4,D04,53,D04_P053_SEC_4_99_PAR012,,false,true,false
will require a,3,4,4,D04,53,D04_P053_SEC_4_99_PAR012,,false,true,false
state governments .,3,4,4,D04,53,D04_P053_SEC_4_99_PAR012,,false,true,false
"2025 , with",3,4,4,D04,54,D04_P054_UNKNOWN_PAR001,,false,true,false
"expansion , with",3,4,4,D04,55,D04_P055_UNKNOWN_PAR002,,false,true,false
depends on the,3,4,4,D04,56,D04_P056_UNKNOWN_PAR004,,false,true,false
competitiveness . this,3,4,4,D04,57,D04_P057_UNKNOWN_PAR003,,false,true,false
". simultaneously ,",3,4,4,D04,57,D04_P057_UNKNOWN_PAR003,,false,true,false
", innovation ,",3,4,4,D04,57,D04_P057_UNKNOWN_PAR004,,false,true,false
to benefit from,3,4,4,D04,16,D04_T001,,false,true,false
focus on the,3,4,4,D05,1,D05_P001_UNKNOWN_PAR002,,false,true,false
in headline inflation,3,4,4,D05,1,D05_P001_UNKNOWN_PAR002,inflation,false,true,false
"headline inflation ,",3,4,4,D05,1,D05_P001_UNKNOWN_PAR002,inflation,false,true,false
", reflecting strong",3,4,4,D05,1,D05_P001_UNKNOWN_PAR002,,false,true,false
macroeconomic fundamentals and,3,4,4,D05,1,D05_P001_UNKNOWN_PAR002,macroeconomic,false,true,false
due to higher,3,4,4,D05,1,D05_P001_UNKNOWN_PAR004,,false,true,false
"agricultural output ,",3,4,4,D05,1,D05_P001_UNKNOWN_PAR005,output,false,true,false
", headline inflation",3,4,3,D05,2,D05_P002_SEC_5_2_PAR001,inflation,false,true,false
in 2024 to,3,4,3,D05,2,D05_P002_SEC_5_2_PAR001,,false,true,false
". recently ,",3,4,4,D05,3,D05_P003_SEC_5_5_PAR001,,false,true,false
a majority of,3,4,4,D05,4,D05_P004_SEC_5_6_PAR001,,false,true,false
( h 1,3,4,4,D05,6,D05_P006_SEC_5_9_PAR001,,false,true,false
the prices of,3,4,3,D05,7,D05_P007_SEC_5_9_PAR002,,false,true,false
. when these,3,4,4,D05,7,D05_P007_SEC_5_9_PAR002,,false,true,false
", core inflation",3,4,3,D05,7,D05_P007_SEC_5_9_PAR002,inflation,false,true,false
the base effect,3,4,2,D05,8,D05_P008_SEC_5_11_PAR001,,false,true,false
"year , while",3,4,4,D05,8,D05_P008_SEC_5_11_PAR001,,false,true,false
in the domestic,3,4,4,D05,9,D05_P009_SEC_5_15_PAR001,,false,true,false
"; instead ,",3,4,4,D05,10,D05_P010_SEC_5_17_PAR001,,false,true,false
", wheat ,",3,4,4,D05,12,D05_P012_SEC_5_19_PAR001,,false,true,false
", the first",3,4,4,D05,12,D05_P012_SEC_5_19_PAR001,,false,true,false
") , supported",3,4,4,D05,12,D05_P012_SEC_5_20_PAR001,,false,true,false
") , led",3,4,4,D05,12,D05_P012_SEC_5_20_PAR001,,false,true,false
account for nearly,3,4,4,D05,12,D05_P012_SEC_5_21_PAR001,account,false,true,false
faster than the,3,4,4,D05,14,D05_P014_SEC_5_26_PAR001,,false,true,false
it is at,3,4,4,D05,14,D05_P014_SEC_5_26_PAR001,,true,true,false
respect to the,3,4,4,D05,14,D05_P014_SEC_5_27_PAR001,,false,true,false
the prevalence of,3,4,4,D05,14,D05_P014_SEC_5_27_PAR001,,false,true,false
"rise , and",3,4,4,D05,15,D05_P015_SEC_5_29_PAR001,,false,true,false
if it is,3,4,4,D05,15,D05_P015_SEC_5_29_PAR001,,true,true,false
in the urban,3,4,4,D05,15,D05_P015_SEC_5_30_PAR001,,false,true,false
"national average ,",3,4,2,D05,18,D05_P018_SEC_5_33_PAR001,,false,true,false
and himachal pradesh,3,4,4,D05,18,D05_P018_SEC_5_34_PAR001,,false,true,false
be viewed as,3,4,4,D05,19,D05_P019_SEC_5_35_PAR001,,false,true,false
's efforts to,3,4,4,D05,20,D05_P020_SEC_5_37_PAR001,,false,true,false
andaman and nicobar,3,4,4,D05,17,D05_T001,,false,true,false
and nicobar islands,3,4,4,D05,17,D05_T001,,false,true,false
dadra and nagar,3,4,4,D05,17,D05_T001,,false,true,false
and nagar haveli,3,4,4,D05,17,D05_T001,,false,true,false
daman and diu,3,4,4,D05,17,D05_T001,,false,true,false
/strategies-and-pathways-for-accelerating-growth-in- pulses-towards-the-goal-of-atmanirbharta.pdf .,3,4,1,D06,7,D06_BOX001,,false,true,false
the programme has,3,4,3,D06,10,D06_BOX003,,false,true,false
", the programme",3,4,4,D06,10,D06_BOX003,,false,true,false
scheme aims to,3,4,4,D06,13,D06_BOX005,,false,true,false
"agricultural practices ,",3,4,4,D06,13,D06_BOX005,,false,true,false
( 4 ),3,4,4,D06,13,D06_BOX005,,false,true,false
j . (,3,4,4,D06,14,D06_BOX007,,false,true,false
", dairy ,",3,4,4,D06,30,D06_BOX011,,false,true,false
and public distribution,3,4,4,D06,30,D06_BOX011,,false,true,false
( aif ),3,4,4,D06,1,D06_P001_UNKNOWN_PAR002,,false,true,false
farm incomes .,3,4,4,D06,1,D06_P001_UNKNOWN_PAR002,,false,true,false
access to quality,3,4,4,D06,1,D06_P001_UNKNOWN_PAR003,,false,true,false
"quality inputs ,",3,4,4,D06,1,D06_P001_UNKNOWN_PAR003,,false,true,false
market linkages .,3,4,4,D06,1,D06_P001_UNKNOWN_PAR004,market,false,true,false
growth trajectory .,3,4,4,D06,2,D06_P002_SEC_6_1_PAR001,growth,false,true,false
"sectors , such",3,4,4,D06,2,D06_P002_SEC_6_2_PAR001,sectors,false,true,false
") , national",3,4,2,D06,2,D06_P002_SEC_6_3_PAR001,,false,true,false
mission on edible,3,4,2,D06,2,D06_P002_SEC_6_3_PAR001,,false,true,false
to promote the,3,4,4,D06,2,D06_P002_SEC_6_3_PAR001,,false,true,false
pradhan mantri kisan,3,4,4,D06,2,D06_P002_SEC_6_4_PAR001,,false,true,false
", and productivity",3,4,4,D06,3,D06_P003_SEC_6_5_PAR001,productivity,false,true,false
a compound annual,3,4,4,D06,4,D06_P004_SEC_6_7_PAR001,,false,true,false
the fisheries sector,3,4,3,D06,4,D06_P004_SEC_6_7_PAR001,sector,false,true,false
driven by higher,3,4,4,D06,4,D06_P004_SEC_6_8_PAR001,,false,true,false
and the government,3,4,4,D06,4,D06_P004_SEC_6_9_PAR001,,false,true,false
continued to expand,3,4,4,D06,4,D06_P004_SEC_6_9_PAR001,,false,true,false
agricultural productivity .,3,4,4,D06,5,D06_P005_SEC_6_10_PAR001,productivity,false,true,false
states . the,3,4,4,D06,6,D06_P006_SEC_6_11_PAR001,,false,true,false
", the presence",3,4,4,D06,6,D06_P006_SEC_6_11_PAR001,,false,true,false
"west bengal ,",3,4,4,D06,6,D06_P006_SEC_6_12_PAR001,,false,true,false
( 2020 ),3,4,4,D06,8,D06_P008_SEC_6_12_PAR003,,false,true,false
have been undertaken,3,4,4,D06,9,D06_P009_SEC_6_14_PAR001,,false,true,false
discussed in the,3,4,4,D06,9,D06_P009_SEC_6_14_PAR001,,false,true,false
been implementing the,3,4,4,D06,9,D06_P009_SEC_6_15_PAR001,,false,true,false
the national food,3,4,3,D06,9,D06_P009_SEC_6_15_PAR001,,false,true,false
being implemented to,3,4,4,D06,9,D06_P009_SEC_6_15_PAR001,,false,true,false
"incomes , and",3,4,4,D06,9,D06_P009_SEC_6_15_PAR001,,false,true,false
"and 2024-25 ,",3,4,4,D06,9,D06_P009_SEC_6_16_PAR001,,false,true,false
has risen from,3,4,4,D06,10,D06_P010_SEC_6_16_PAR001,,false,true,false
in 2015-16 to,3,4,3,D06,10,D06_P010_SEC_6_16_PAR001,,false,true,false
show that the,3,4,4,D06,10,D06_P010_SEC_6_16_PAR002,,false,true,false
increased from approximately,3,4,4,D06,10,D06_P010_SEC_6_16_PAR002,,false,true,false
tonnes per hectare,3,4,2,D06,10,D06_P010_SEC_6_16_PAR002,,false,true,false
growing at a,3,4,4,D06,11,D06_P011_SEC_6_16_PAR003,,false,true,false
"water , and",3,4,4,D06,11,D06_P011_SEC_6_16_PAR003,,false,true,false
", yet they",3,4,4,D06,11,D06_P011_SEC_6_16_PAR004,,false,true,false
developing a comprehensive,3,4,4,D06,11,D06_P011_SEC_6_16_PAR006,,false,true,false
energy security and,3,4,4,D06,11,D06_P011_SEC_6_16_PAR006,energy,false,true,false
while ensuring that,3,4,4,D06,11,D06_P011_SEC_6_16_PAR006,,false,true,false
interventions such as,3,4,4,D06,12,D06_P012_SEC_6_17_PAR001,,false,true,false
the promotion of,3,4,4,D06,12,D06_P012_SEC_6_17_PAR001,,false,true,false
sector 's role,3,4,4,D06,12,D06_P012_SEC_6_17_PAR001,sector,false,true,false
and improving the,3,4,4,D06,12,D06_P012_SEC_6_19_PAR001,,false,true,false
across states and,3,4,4,D06,12,D06_P012_SEC_6_20_PAR001,,false,true,false
to rely on,3,4,4,D06,12,D06_P012_SEC_6_20_PAR001,,false,true,false
private investment in,3,4,4,D06,13,D06_P013_SEC_6_21_PAR001,investment,false,true,false
. despite the,3,4,4,D06,14,D06_P014_SEC_6_22_PAR001,,false,true,false
as long as,3,4,4,D06,15,D06_P015_SEC_6_22_PAR005,,false,true,false
: as a,3,4,4,D06,16,D06_P016_UNKNOWN_PAR002,,false,true,false
for small and,3,4,4,D06,17,D06_P017_SEC_6_23_PAR001,,false,true,false
under a single,3,4,4,D06,17,D06_P017_SEC_6_24_PAR001,,false,true,false
"this way ,",3,4,4,D06,17,D06_P017_UNKNOWN_PAR003,,false,true,false
north eastern region,3,4,4,D06,18,D06_P018_SEC_6_24_PAR002,,false,true,false
highlighting the need,3,4,4,D06,18,D06_P018_SEC_6_25_PAR001,,false,true,false
", represents a",3,4,4,D06,19,D06_P019_SEC_6_27_PAR001,,false,true,false
major step towards,3,4,4,D06,19,D06_P019_SEC_6_27_PAR001,,false,true,false
of the cost,3,4,3,D06,19,D06_P019_SEC_6_28_PAR001,,false,true,false
under pradhan mantri,3,4,4,D06,19,D06_P019_SEC_6_29_PAR001,,false,true,false
and quality of,3,4,4,D06,20,D06_P020_SEC_6_29_PAR001,,false,true,false
projects have been,3,4,4,D06,20,D06_P020_SEC_6_30_PAR001,,false,true,false
. to further,3,4,4,D06,20,D06_P020_SEC_6_30_PAR001,,false,true,false
to further strengthen,3,4,4,D06,20,D06_P020_SEC_6_30_PAR001,,false,true,false
", and related",3,4,4,D06,20,D06_P020_SEC_6_31_PAR001,,false,true,false
public infrastructure (,3,4,4,D06,20,D06_P020_SEC_6_31_PAR001,,false,true,false
infrastructure ( dpi,3,4,4,D06,20,D06_P020_SEC_6_31_PAR001,,false,true,false
( dpi ),3,4,4,D06,20,D06_P020_SEC_6_31_PAR001,,false,true,false
infrastructure development fund,3,4,4,D06,21,D06_P021_SEC_6_32_PAR001,,false,true,false
and related activities,3,4,2,D06,21,D06_P021_SEC_6_32_PAR001,,false,true,false
it can be,3,4,4,D06,21,D06_P021_SEC_6_33_PAR001,,true,true,false
", credit access",3,4,4,D06,21,D06_P021_SEC_6_33_PAR001,credit,false,true,false
launched in 2024,3,4,4,D06,21,D06_P021_SEC_6_33_PAR001,,false,true,false
enhancing productivity and,3,4,4,D06,22,D06_P022_SEC_6_35_PAR001,productivity,false,true,false
social security for,3,4,4,D06,23,D06_P023_SEC_6_38_PAR002,,false,true,false
of 31 december 2025 .,3,4,4,D06,23,D06_P023_SEC_6_38_PAR003,,false,true,false
enhanced transparency and,3,4,4,D06,26,D06_P026_SEC_6_41_PAR001,,false,true,false
a pivotal role,3,4,4,D06,26,D06_P026_SEC_6_42_PAR001,,false,true,false
pivotal role in,3,4,4,D06,26,D06_P026_SEC_6_42_PAR001,,false,true,false
", and participation",3,4,4,D06,26,D06_P026_SEC_6_42_PAR001,,false,true,false
"inclusion , and",3,4,4,D06,26,D06_P026_SEC_6_43_PAR001,,false,true,false
"activities , including",3,4,4,D06,26,D06_P026_SEC_6_43_PAR001,,false,true,false
to enhance their,3,4,4,D06,26,D06_P026_SEC_6_43_PAR001,,false,true,false
and efficiency .,3,4,4,D06,26,D06_P026_SEC_6_43_PAR001,,false,true,false
. the project,3,4,4,D06,26,D06_P026_SEC_6_43_PAR001,,false,true,false
", challenges remain",3,4,4,D06,28,D06_P028_SEC_6_48_PAR001,,false,true,false
aims to build,3,4,4,D06,28,D06_P028_SEC_6_50_PAR001,,false,true,false
"management , the",3,4,4,D06,29,D06_P029_SEC_6_52_PAR001,,false,true,false
free of cost,3,4,4,D06,29,D06_P029_SEC_6_52_PAR001,,false,true,false
"initiatives , including",3,4,4,D06,29,D06_P029_SEC_6_53_PAR001,,false,true,false
", and leveraging",3,4,4,D06,29,D06_P029_SEC_6_53_PAR001,,false,true,false
poverty line (,3,4,3,D06,29,D06_P029_SEC_6_54_PAR001,poverty,false,true,false
", significantly reducing",3,4,4,D06,31,D06_P031_SEC_6_54_PAR002,,false,true,false
beneficiaries have been,3,4,2,D06,31,D06_P031_SEC_6_54_PAR003,,false,true,false
", poultry ,",3,4,4,D06,31,D06_P031_SEC_6_56_PAR001,,false,true,false
of digital technologies,3,4,4,D06,31,D06_P031_SEC_6_56_PAR001,,false,true,false
and productivity .,3,4,4,D06,32,D06_P032_SEC_6_57_PAR001,productivity,false,true,false
", will be",3,4,4,D06,32,D06_P032_SEC_6_58_PAR001,,false,true,false
challenges such as,3,4,4,D06,32,D06_P032_SEC_6_59_PAR001,,false,true,false
rural communities .,3,4,4,D06,32,D06_P032_SEC_6_60_PAR001,,false,true,false
capacity to absorb,3,4,4,D07,7,D07_BOX001,,false,true,false
the part of,3,4,4,D07,30,D07_BOX013,,false,true,false
across various sectors,3,4,4,D07,30,D07_BOX013,sectors,false,true,false
"various sectors ,",3,4,4,D07,30,D07_BOX013,sectors,false,true,false
global economy is,3,4,4,D07,1,D07_P001_SEC_7_1_PAR001,,false,true,false
"growth , resilience",3,4,4,D07,1,D07_P001_SEC_7_1_PAR001,growth,false,true,false
sector has emerged,3,4,4,D07,1,D07_P001_SEC_7_1_PAR001,sector,false,true,false
and structural transformation,3,4,4,D07,1,D07_P001_UNKNOWN_PAR002,,false,true,false
structural transformation .,3,4,4,D07,1,D07_P001_UNKNOWN_PAR002,,false,true,false
gross value added,3,4,4,D07,1,D07_P001_UNKNOWN_PAR002,,false,true,false
it and it-enabled,3,4,4,D07,1,D07_P001_UNKNOWN_PAR003,,false,true,false
"of services ,",3,4,4,D07,2,D07_P002_SEC_7_3_PAR001,,false,true,false
the promise of,3,4,4,D07,2,D07_P002_SEC_7_4_PAR001,,false,true,false
recent developments in,3,4,4,D07,2,D07_P002_SEC_7_5_PAR001,,false,true,false
dynamics of the,3,4,4,D07,3,D07_P003_SEC_7_6_PAR002,,false,true,false
vii. 1 ),3,4,4,D07,3,D07_P003_SEC_7_6_PAR002,,false,true,false
growing role of,3,4,4,D07,5,D07_P005_SEC_7_10_PAR001,,false,true,false
role of services,3,4,4,D07,5,D07_P005_SEC_7_10_PAR001,,false,true,false
"years , with",3,4,4,D07,7,D07_P007_SEC_7_13_PAR002,,false,true,false
age point increase,3,4,3,D07,8,D07_P008_SEC_7_13_PAR001,,false,true,false
"per day ,",3,4,4,D07,8,D07_P008_SEC_7_13_PAR004,,false,true,false
demand from the,3,4,4,D07,10,D07_P010_SEC_7_16_PAR001,demand,false,true,false
"overall , these",3,4,4,D07,10,D07_P010_SEC_7_16_PAR001,,false,true,false
central pillar of,3,4,4,D07,11,D07_P011_SEC_7_17_PAR001,,false,true,false
as the second-largest,3,4,4,D07,12,D07_P012_SEC_7_18_PAR001,,false,true,false
of ai adoption,3,4,4,D07,12,D07_P012_SEC_7_18_PAR001,,false,true,false
reason is that,3,4,4,D07,15,D07_P015_SEC_7_21_PAR002,,false,true,false
is that services,3,4,4,D07,15,D07_P015_SEC_7_21_PAR002,,false,true,false
a globally competitive,3,4,4,D07,15,D07_P015_SEC_7_21_PAR002,,false,true,false
depend on the,3,4,4,D07,15,D07_P015_SEC_7_21_PAR003,,false,true,false
", they have",3,4,3,D07,15,D07_P015_SEC_7_21_PAR003,,false,true,false
"ports , power",3,4,4,D07,15,D07_P015_SEC_7_21_PAR004,,false,true,false
", the most",3,4,4,D07,16,D07_P016_SEC_7_21_PAR001,,false,true,false
is not that,3,4,4,D07,16,D07_P016_SEC_7_21_PAR006,,true,true,false
. international experience,3,4,4,D07,17,D07_P017_SEC_7_22_PAR002,,false,true,false
"in 2020 ,",3,4,4,D07,17,D07_P017_SEC_7_22_PAR005,,false,true,false
move up the,3,4,4,D07,17,D07_P017_UNKNOWN_PAR002,,false,true,false
the world economy,3,4,4,D07,17,D07_P017_UNKNOWN_PAR003,,false,true,false
chart vii. 11,3,4,1,D07,18,D07_P018_SEC_7_24_PAR001,,false,true,false
foreign tourist arrivals,3,4,3,D07,18,D07_P018_SEC_7_24_PAR001,foreign,false,true,false
", sanitation ,",3,4,4,D07,20,D07_P020_SEC_7_27_PAR001,,false,true,false
such as ',3,4,4,D07,20,D07_P020_SEC_7_28_PAR001,,false,true,false
2 and tier,3,4,4,D07,20,D07_P020_SEC_7_28_PAR001,,false,true,false
. the development,3,4,4,D07,20,D07_P020_SEC_7_30_PAR001,,false,true,false
first step towards,3,4,4,D07,21,D07_P021_SEC_7_31_PAR001,,false,true,false
the it-ites sector,3,4,4,D07,21,D07_P021_SEC_7_33_PAR001,sector,false,true,false
into global value,3,4,4,D07,22,D07_P022_SEC_7_34_PAR001,,false,true,false
. driven by,3,4,4,D07,22,D07_P022_SEC_7_35_PAR001,,false,true,false
", and deep",3,4,4,D07,22,D07_P022_SEC_7_35_PAR001,,false,true,false
"japan , and",3,4,4,D07,22,D07_P022_SEC_7_35_PAR001,,false,true,false
"improved , with",3,4,4,D07,25,D07_P025_SEC_7_42_PAR001,,false,true,false
continue to play,3,4,4,D07,26,D07_P026_SEC_7_45_PAR001,,false,true,false
dedicated freight corridors,3,4,4,D07,27,D07_P027_SEC_7_46_PAR001,,false,true,false
and operational efficiency,3,4,4,D07,27,D07_P027_SEC_7_46_PAR001,,false,true,false
of the digital,3,4,4,D07,27,D07_P027_SEC_7_47_PAR001,,false,true,false
this regard .,3,4,4,D07,30,D07_P030_SEC_7_52_PAR001,,false,true,false
been strengthened through,3,4,4,D07,31,D07_P031_SEC_7_54_PAR001,,false,true,false
's economic growth,3,4,4,D07,32,D07_P032_SEC_7_56_PAR001,growth,false,true,false
"mobility , and",3,4,4,D07,32,D07_P032_SEC_7_57_PAR001,,false,true,false
with evolving market,3,4,4,D07,32,D07_P032_SEC_7_57_PAR001,market,false,true,false
such as data,3,4,4,D07,32,D07_P032_SEC_7_58_PAR001,,false,true,false
of these initiatives,3,4,4,D07,13,D07_T002,,false,true,false
yoy growth %,3,4,1,D07,26,D07_T003,growth,false,true,false
• pli scheme,3,4,2,D08,13,D08_BOX001,,false,true,false
: launched in,3,4,3,D08,13,D08_BOX001,,false,true,false
the scheme is,3,4,4,D08,13,D08_BOX001,,false,true,false
", ( b",3,4,4,D08,15,D08_BOX003,,false,true,false
scheme for promotion,3,4,3,D08,15,D08_BOX003,,false,true,false
approved with a,3,4,4,D08,15,D08_BOX003,,false,true,false
with global standards,3,4,4,D08,17,D08_BOX005,,false,true,false
", and andhra",3,4,4,D08,17,D08_BOX005,,false,true,false
and andhra pradesh,3,4,4,D08,17,D08_BOX005,,false,true,false
", capacity building",3,4,4,D08,17,D08_BOX005,,false,true,false
"building , and",3,4,4,D08,17,D08_BOX005,,false,true,false
into gvcs .,3,4,4,D08,20,D08_BOX007,,false,true,false
parameters such as,3,4,4,D08,20,D08_BOX007,,false,true,false
pib release available,3,4,3,D08,20,D08_BOX007,,false,true,false
release available at,3,4,3,D08,20,D08_BOX007,,false,true,false
4 th in,3,4,2,D08,24,D08_BOX011,,false,true,false
• 2 nd,3,4,1,D08,24,D08_BOX011,,false,true,false
2 nd in,3,4,1,D08,24,D08_BOX011,,false,true,false
on r &,3,4,4,D08,24,D08_BOX011,,false,true,false
) as a,3,4,4,D08,24,D08_BOX011,,false,true,false
//tinyurl.com/ 5 n,3,4,4,D08,34,D08_BOX019,,false,true,false
the portal is,3,4,3,D08,36,D08_BOX021,,false,true,false
"discipline , and",3,4,4,D08,36,D08_BOX021,,false,true,false
in the manufacturing,3,4,4,D08,36,D08_BOX021,,false,true,false
manufacturing sector .,3,4,4,D08,36,D08_BOX021,sector,false,true,false
. in order,3,4,4,D08,36,D08_BOX021,,false,true,false
"in 2023-24 ,",3,4,4,D08,37,D08_BOX023,,false,true,false
and ( ii,3,4,4,D08,40,D08_BOX025,,false,true,false
a driver of,3,4,4,D08,42,D08_BOX027,,false,true,false
such as india,3,4,4,D08,42,D08_BOX027,,false,true,false
", the ability",3,4,4,D08,43,D08_BOX029,,false,true,false
national manufacturing mission,3,4,4,D08,1,D08_P001_UNKNOWN_PAR003,,false,true,false
and scaling up,3,4,4,D08,1,D08_P001_UNKNOWN_PAR003,,false,true,false
scaling up the,3,4,4,D08,1,D08_P001_UNKNOWN_PAR003,,false,true,false
"a whole ,",3,4,4,D08,2,D08_P002_SEC_8_2_PAR001,,false,true,false
quality control orders,3,4,4,D08,7,D08_P007_SEC_8_15_PAR001,,false,true,false
the cement industry,3,4,3,D08,7,D08_P007_SEC_8_16_PAR001,industry,false,true,false
concentrated in the,3,4,4,D08,7,D08_P007_SEC_8_16_PAR001,,false,true,false
. the industry,3,4,4,D08,7,D08_P007_SEC_8_16_PAR001,industry,false,true,false
sector has undergone,3,4,4,D08,8,D08_P008_SEC_8_18_PAR001,sector,false,true,false
the fiscal year,3,4,4,D08,8,D08_P008_SEC_8_19_PAR001,fiscal,false,true,false
"year 2025-26 ,",3,4,4,D08,8,D08_P008_SEC_8_19_PAR001,,false,true,false
"2025-26 , with",3,4,4,D08,8,D08_P008_SEC_8_19_PAR001,,false,true,false
) scheme for,3,4,4,D08,9,D08_P009_SEC_8_20_PAR001,,false,true,false
india 's energy,3,4,4,D08,10,D08_P010_SEC_8_22_PAR001,energy,false,true,false
closely aligned with,3,4,4,D08,11,D08_P011_SEC_8_25_PAR001,,false,true,false
ii of the,3,4,3,D08,12,D08_P012_SEC_8_26_PAR001,,false,true,false
highlighted in box,3,4,4,D08,13,D08_P013_SEC_8_28_PAR002,,false,true,false
world 's third-largest,3,4,4,D08,15,D08_P015_SEC_8_32_PAR001,,false,true,false
"market development ,",3,4,4,D08,18,D08_P018_SEC_8_38_PAR001,market,false,true,false
's vision of,3,4,4,D08,19,D08_P019_SEC_8_39_PAR001,,false,true,false
to india .,3,4,4,D08,19,D08_P019_SEC_8_40_PAR001,,false,true,false
the first three,3,4,4,D08,19,D08_P019_SEC_8_40_PAR001,,false,true,false
technologies . the,3,4,4,D08,23,D08_P023_SEC_8_46_PAR004,,false,true,false
complemented by a,3,4,4,D08,25,D08_P025_SEC_8_50_PAR001,,false,true,false
the indiaai mission,3,4,4,D08,25,D08_P025_SEC_8_50_PAR001,,false,true,false
development and innovation,3,4,4,D08,25,D08_P025_SEC_8_51_PAR001,,false,true,false
and the broader,3,4,4,D08,25,D08_P025_SEC_8_51_PAR001,,false,true,false
is to ensure,3,4,4,D08,27,D08_P027_SEC_8_52_PAR001,,false,true,false
are essential for,3,4,4,D08,29,D08_P029_SEC_8_52_PAR002,,false,true,false
is to be,3,4,4,D08,29,D08_P029_SEC_8_52_PAR002,,true,true,false
the design and,3,4,4,D08,29,D08_P029_SEC_8_52_PAR003,,false,true,false
", small ,",3,4,4,D08,29,D08_P029_SEC_8_52_PAR003,,false,true,false
"small , and",3,4,4,D08,29,D08_P029_SEC_8_52_PAR003,,false,true,false
", and medium",3,4,4,D08,29,D08_P029_SEC_8_52_PAR003,,false,true,false
industrial competitiveness .,3,4,4,D08,31,D08_P031_SEC_8_56_PAR001,,false,true,false
in the infrastructure,3,4,3,D08,31,D08_P031_SEC_8_57_PAR001,,false,true,false
"norms , and",3,4,4,D08,32,D08_P032_SEC_8_57_PAR001,,false,true,false
engines of growth,3,4,4,D08,32,D08_P032_SEC_8_57_PAR002,growth,false,true,false
economic growth and,3,4,4,D08,32,D08_P032_SEC_8_57_PAR002,growth,false,true,false
tier -2 and,3,4,4,D08,32,D08_P032_SEC_8_58_PAR001,,false,true,false
-2 and tier,3,4,4,D08,32,D08_P032_SEC_8_58_PAR001,,false,true,false
"further , to",3,4,4,D08,35,D08_P035_SEC_8_65_PAR001,,false,true,false
address these challenges,3,4,4,D08,36,D08_P036_SEC_8_66_PAR001,,false,true,false
", showing a",3,4,4,D08,37,D08_P037_SEC_8_66_PAR003,,false,true,false
. initiatives such,3,4,4,D08,37,D08_P037_SEC_8_66_PAR003,,false,true,false
", available at",3,4,4,D08,39,D08_P039_SEC_8_66_PAR004,,false,true,false
per unit of,3,4,3,D08,41,D08_P041_SEC_8_70_PAR004,,false,true,false
in the initial,3,4,4,D08,41,D08_P041_SEC_8_70_PAR004,,false,true,false
"digital governance ,",3,4,4,D08,42,D08_P042_SEC_8_70_PAR002,,false,true,false
india 's journey,3,4,4,D08,44,D08_P044_SEC_8_72_PAR001,,false,true,false
the developed world,3,4,4,D08,44,D08_P044_SEC_8_72_PAR004,,false,true,false
", the role",3,4,4,D08,45,D08_P045_SEC_8_74_PAR002,,false,true,false
role of the,3,4,4,D08,45,D08_P045_SEC_8_74_PAR002,,false,true,false
and create a,3,4,4,D08,45,D08_P045_SEC_8_75_PAR001,,false,true,false
of niti aayog,3,4,3,D09,6,D09_BOX003,,false,true,false
"sanctioned , and",3,4,4,D09,13,D09_BOX009,,false,true,false
per annum .,3,4,4,D09,15,D09_BOX011,,false,true,false
enhance operational efficiency,3,4,4,D09,17,D09_BOX013,,false,true,false
is rooted in,3,4,4,D09,23,D09_BOX021,,false,true,false
"digital , and",3,4,4,D09,24,D09_BOX023,,false,true,false
", and participatory",3,4,4,D09,24,D09_BOX023,,false,true,false
skill development and,3,4,4,D09,30,D09_BOX027,,false,true,false
"use , and",3,4,4,D09,34,D09_BOX029,,false,true,false
role in the,3,4,4,D09,36,D09_BOX031,,false,true,false
but also by,3,4,4,D09,1,D09_P001_SEC_9_2_PAR001,,true,true,false
renewable energy .,3,4,4,D09,1,D09_P001_SEC_9_2_PAR001,energy,false,true,false
public-private partnership (,3,4,4,D09,1,D09_P001_UNKNOWN_PAR003,,false,true,false
partnership ( ppp,3,4,4,D09,1,D09_P001_UNKNOWN_PAR003,,false,true,false
will continue to,3,4,4,D09,1,D09_P001_UNKNOWN_PAR003,,false,true,false
"project preparation ,",3,4,3,D09,3,D09_P003_SEC_9_9_PAR001,,false,true,false
", standardised contracts",3,4,4,D09,3,D09_P003_SEC_9_9_PAR001,,false,true,false
to participate in,3,4,4,D09,4,D09_P004_SEC_9_12_PAR001,,false,true,false
the date of,3,4,4,D09,5,D09_P005_SEC_9_13_PAR001,,false,true,false
financial ecosystem .,3,4,4,D09,5,D09_P005_SEC_9_13_PAR001,financial,false,true,false
investment funds (,3,4,4,D09,5,D09_P005_SEC_9_15_PAR001,investment,false,true,false
) . out,3,4,4,D09,7,D09_P007_SEC_9_17_PAR006,,false,true,false
", and water",3,4,4,D09,7,D09_P007_SEC_9_17_PAR014,,false,true,false
and renewable energy,3,4,4,D09,8,D09_P008_SEC_9_17_PAR001,energy,false,true,false
"contracts , and",3,4,4,D09,8,D09_P008_SEC_9_17_PAR001,,false,true,false
outcomes . in,3,4,4,D09,8,D09_P008_SEC_9_17_PAR004,,false,true,false
and investor confidence,3,4,4,D09,9,D09_P009_SEC_9_17_PAR003,investor,false,true,false
equally important is,3,4,4,D09,9,D09_P009_SEC_9_17_PAR004,,false,true,false
should be treated,3,4,4,D09,9,D09_P009_SEC_9_17_PAR004,,false,true,false
be encouraged to,3,4,4,D09,9,D09_P009_SEC_9_17_PAR005,,false,true,false
and policy reforms,3,4,4,D09,10,D09_P010_SEC_9_20_PAR001,policy,false,true,false
pradhan mantri janjati,3,4,4,D09,12,D09_P012_SEC_9_20_PAR001,,false,true,false
nyaya maha abhiyan,3,4,4,D09,12,D09_P012_SEC_9_20_PAR001,,false,true,false
", expansion of",3,4,4,D09,12,D09_P012_SEC_9_23_PAR001,,false,true,false
and multimodal integration,3,4,4,D09,14,D09_P014_SEC_9_24_PAR002,,false,true,false
and the same,3,4,4,D09,14,D09_P014_SEC_9_28_PAR001,,false,true,false
key policy initiatives,3,4,4,D09,14,D09_P014_SEC_9_28_PAR001,policy,false,true,false
to increase the,3,4,4,D09,20,D09_P020_SEC_9_35_PAR001,,false,true,false
"water bodies ,",3,4,4,D09,20,D09_P020_UNKNOWN_PAR003,,false,true,false
", kolkata ,",3,4,4,D09,20,D09_P020_UNKNOWN_PAR003,,false,true,false
deen dayal upadhyaya,3,4,4,D09,22,D09_P022_SEC_9_38_PAR001,,false,true,false
", introduced in",3,4,3,D09,22,D09_P022_SEC_9_38_PAR001,,false,true,false
linked to the,3,4,4,D09,24,D09_P024_SEC_9_40_PAR007,,false,true,false
( pat ),3,4,4,D09,24,D09_P024_SEC_9_40_PAR008,,false,true,false
ies will enable,3,4,4,D09,26,D09_P026_SEC_1_PAR001,,false,true,false
p 2 p,3,4,3,D09,26,D09_P026_SEC_2_PAR001,,false,true,false
. these firms,3,4,4,D09,26,D09_P026_SEC_2_PAR001,,false,true,false
", and leadership",3,4,4,D09,27,D09_P027_SEC_4_PAR002,,false,true,false
"execution , and",3,4,4,D09,27,D09_P027_SEC_9_41_PAR001,,false,true,false
india 's renewable,3,4,4,D09,28,D09_P028_SEC_9_43_PAR001,,false,true,false
's renewable energy,3,4,4,D09,28,D09_P028_SEC_9_43_PAR001,energy,false,true,false
jeevan mission (,3,4,4,D09,32,D09_P032_SEC_9_50_PAR001,,false,true,false
", the mission",3,4,4,D09,33,D09_P033_SEC_9_50_PAR002,,false,true,false
sewage treatment plants,3,4,4,D09,34,D09_P034_SEC_9_52_PAR001,,false,true,false
since its launch,3,4,4,D09,35,D09_P035_SEC_9_55_PAR001,,false,true,false
; and the,3,4,4,D09,37,D09_P037_SEC_9_59_PAR001,,false,true,false
a decisive shift,3,4,4,D09,37,D09_P037_SEC_9_60_PAR001,,false,true,false
", the project",3,4,4,D10,9,D10_BOX001,,false,true,false
solar and wind,3,4,4,D10,16,D10_BOX003,,false,true,false
to the grid,3,4,3,D10,18,D10_BOX005,,false,true,false
. development and,3,4,2,D10,18,D10_BOX005,,false,true,false
and deployment of,3,4,2,D10,18,D10_BOX005,,false,true,false
and utilization of,3,4,4,D10,18,D10_BOX005,,false,true,false
be required to,3,4,4,D10,19,D10_BOX007,,false,true,false
'' . the,3,4,4,D10,25,D10_BOX011,,false,true,false
"28 , 2025",3,4,4,D10,38,D10_BOX019,,false,true,false
", and economic",3,4,4,D10,1,D10_P001_UNKNOWN_PAR003,,false,true,false
. the challenge,3,4,4,D10,2,D10_P002_SEC_10_2_PAR001,,false,true,false
of renewable energy,3,4,3,D10,2,D10_P002_SEC_10_3_PAR001,energy,false,true,false
"paris agreement ,",3,4,4,D10,3,D10_P003_SEC_10_6_PAR001,,false,true,false
renewable energy capacity,3,4,3,D10,3,D10_P003_SEC_10_6_PAR001,energy,false,true,false
"recently , the",3,4,4,D10,3,D10_P003_SEC_10_7_PAR001,,false,true,false
of climate change,3,4,4,D10,5,D10_P005_SEC_10_14_PAR001,,false,true,false
access to advanced,3,4,4,D10,5,D10_P005_SEC_10_15_PAR001,,false,true,false
sustainable development goals,3,4,4,D10,6,D10_P006_SEC_10_16_PAR001,,false,true,false
"credit ratings ,",3,4,4,D10,6,D10_P006_SEC_10_17_PAR001,credit,false,true,false
environmental regulation in,3,4,3,D10,6,D10_P006_SEC_10_17_PAR001,regulation,false,true,false
regulation in india,3,4,3,D10,6,D10_P006_SEC_10_17_PAR001,regulation,false,true,false
taken by the,3,4,3,D10,6,D10_P006_SEC_10_19_PAR001,,false,true,false
local needs .,3,4,4,D10,6,D10_P006_SEC_10_19_PAR001,,false,true,false
scheme . the,3,4,4,D10,6,D10_P006_SEC_10_19_PAR001,,false,true,false
", whereas the",3,4,4,D10,7,D10_P007_SEC_10_21_PAR001,,false,true,false
swachh bharat mission,3,4,4,D10,8,D10_P008_SEC_10_23_PAR001,,false,true,false
"programmes , and",3,4,4,D10,9,D10_P009_SEC_10_25_PAR001,,false,true,false
infrastructure . the,3,4,4,D10,9,D10_P009_SEC_10_25_PAR001,,false,true,false
play a crucial,3,4,4,D10,9,D10_P009_SEC_10_26_PAR001,,false,true,false
"address this ,",3,4,4,D10,10,D10_P010_SEC_10_28_PAR001,,false,true,false
in the state,3,4,3,D10,11,D10_P011_SEC_10_28_PAR002,,false,true,false
goals . the,3,4,4,D10,13,D10_P013_SEC_10_34_PAR002,,false,true,false
"land use ,",3,4,4,D10,13,D10_P013_SEC_10_34_PAR002,,false,true,false
ensuring that the,3,4,4,D10,13,D10_P013_SEC_10_34_PAR002,,false,true,false
some of these,3,4,4,D10,14,D10_P014_SEC_10_37_PAR001,,true,true,false
", the usa",3,4,4,D10,14,D10_P014_SEC_10_39_PAR001,,false,true,false
is used in,3,4,4,D10,17,D10_P017_SEC_10_41_PAR002,,false,true,false
government has launched,3,4,4,D10,18,D10_P018_SEC_10_44_PAR001,,false,true,false
of ai data,3,4,3,D10,20,D10_P020_SEC_10_46_PAR001,,false,true,false
the country for,3,4,4,D10,22,D10_P022_SEC_10_56_PAR001,,false,true,false
", cement ,",3,4,4,D10,22,D10_P022_SEC_10_57_PAR001,,false,true,false
", is a",3,4,4,D10,23,D10_P023_SEC_10_58_PAR003,,false,true,false
for up to,3,4,4,D10,23,D10_P023_SEC_10_58_PAR003,,true,true,false
", and domestic",3,4,4,D10,26,D10_P026_SEC_10_64_PAR001,,false,true,false
in the international,3,4,4,D10,26,D10_P026_SEC_10_65_PAR001,,false,true,false
climate finance .,3,4,4,D10,26,D10_P026_SEC_10_66_PAR001,finance,false,true,false
. although the,3,4,4,D10,26,D10_P026_SEC_10_66_PAR001,,false,true,false
has also introduced,3,4,4,D10,27,D10_P027_SEC_10_68_PAR001,,false,true,false
is discussed in,3,4,4,D10,31,D10_P031_SEC_10_74_PAR001,,false,true,false
"insurance , and",3,4,4,D10,32,D10_P032_SEC_10_76_PAR002,,false,true,false
a mechanism to,3,4,4,D10,33,D10_P033_SEC_10_76_PAR002,,false,true,false
it is to,3,4,4,D10,33,D10_P033_SEC_10_79_PAR001,,true,true,false
. this led,3,4,4,D10,34,D10_P034_SEC_10_82_PAR001,,false,true,false
this led to,3,4,4,D10,34,D10_P034_SEC_10_82_PAR001,,false,true,false
( prevention and,3,4,2,D10,34,D10_P034_SEC_10_82_PAR001,,false,true,false
control of pollution,3,4,2,D10,34,D10_P034_SEC_10_82_PAR001,,false,true,false
of pollution ),3,4,2,D10,34,D10_P034_SEC_10_82_PAR001,,false,true,false
"act , the",3,4,4,D10,34,D10_P034_SEC_10_83_PAR001,,false,true,false
command and control,3,4,3,D10,35,D10_P035_SEC_10_83_PAR002,,false,true,false
at the national,3,4,4,D10,35,D10_P035_SEC_10_84_PAR001,,false,true,false
the national level,3,4,4,D10,35,D10_P035_SEC_10_84_PAR001,,false,true,false
act and the,3,4,4,D10,36,D10_P036_SEC_10_88_PAR001,,false,true,false
1 ) of,3,4,4,D10,38,D10_P038_SEC_10_94_PAR001,,false,true,false
"monitoring , and",3,4,4,D10,38,D10_P038_SEC_10_96_PAR001,,false,true,false
from the global,3,4,4,D10,39,D10_P039_SEC_10_97_PAR001,,false,true,false
in learning outcomes,3,4,4,D11,12,D11_BOX005,,false,true,false
are complemented by,3,4,4,D11,12,D11_BOX005,,false,true,false
", australia ,",3,4,4,D11,21,D11_BOX011,,false,true,false
education system .,3,4,4,D11,21,D11_BOX011,,false,true,false
and lactating mothers,3,4,4,D11,35,D11_BOX015,,false,true,false
is based on,3,4,4,D11,1,D11_P001_UNKNOWN_PAR002,,false,true,false
education and healthcare,3,4,4,D11,1,D11_P001_UNKNOWN_PAR002,,false,true,false
in the education,3,4,4,D11,1,D11_P001_UNKNOWN_PAR003,,false,true,false
and higher education,3,4,4,D11,1,D11_P001_UNKNOWN_PAR003,,false,true,false
"higher education ,",3,4,4,D11,1,D11_P001_UNKNOWN_PAR003,,false,true,false
", accountable ,",3,4,4,D11,1,D11_P001_UNKNOWN_PAR003,,false,true,false
"accountable , and",3,4,4,D11,1,D11_P001_UNKNOWN_PAR003,,false,true,false
the right to,3,4,4,D11,2,D11_P002_SEC_11_2_PAR001,,false,true,false
higher education .,3,4,4,D11,2,D11_P002_SEC_11_4_PAR001,,false,true,false
the foundation of,3,4,4,D11,2,D11_P002_SEC_11_5_PAR001,,false,true,false
this age group,3,4,3,D11,2,D11_P002_SEC_11_6_PAR001,,false,true,false
at the secondary,3,4,4,D11,4,D11_P004_SEC_11_10_PAR001,,false,true,false
( chart xi.,3,4,3,D11,5,D11_P005_SEC_11_11_PAR001,,false,true,false
and facilitate the,3,4,4,D11,8,D11_P008_SEC_11_14_PAR002,,false,true,false
"learning outcomes ,",3,4,4,D11,9,D11_P009_SEC_11_15_PAR001,,false,true,false
based on these,3,4,4,D11,13,D11_P013_SEC_11_18_PAR001,,false,true,false
to bridge the,3,4,4,D11,13,D11_P013_SEC_11_18_PAR003,,false,true,false
to focus on,3,4,4,D11,13,D11_P013_SEC_11_18_PAR003,,false,true,false
plays a critical,3,4,4,D11,13,D11_P013_SEC_11_19_PAR001,,false,true,false
india 's demographic,3,4,4,D11,14,D11_P014_SEC_11_21_PAR001,,false,true,false
's demographic dividend,3,4,4,D11,14,D11_P014_SEC_11_21_PAR001,,false,true,false
. the section,3,4,4,D11,15,D11_P015_SEC_11_21_PAR002,,false,true,false
of higher education,3,4,4,D11,15,D11_P015_SEC_11_22_PAR001,,false,true,false
education and research,3,4,4,D11,17,D11_P017_SEC_11_25_PAR001,,false,true,false
within the country,3,4,4,D11,17,D11_P017_SEC_11_26_PAR001,,false,true,false
. given their,3,4,4,D11,17,D11_P017_SEC_11_27_PAR001,,false,true,false
as a national,3,4,4,D11,20,D11_P020_SEC_11_30_PAR002,,false,true,false
", 2023 ,",3,4,4,D11,21,D11_P021_SEC_11_33_PAR001,,false,true,false
india 's policy,3,4,4,D11,23,D11_P023_SEC_11_34_PAR003,policy,false,true,false
can be considered,3,4,4,D11,23,D11_P023_SEC_11_34_PAR004,,false,true,false
recognition of prior,3,4,4,D11,23,D11_P023_SEC_11_34_PAR004,,false,true,false
of prior learning,3,4,4,D11,23,D11_P023_SEC_11_34_PAR004,,false,true,false
management information system,3,4,4,D11,25,D11_P025_SEC_11_38_PAR001,,false,true,false
", efficiency ,",3,4,4,D11,26,D11_P026_SEC_11_39_PAR001,,false,true,false
", diabetes ,",3,4,4,D11,28,D11_P028_SEC_11_40_PAR001,,false,true,false
of the policy,3,4,4,D11,32,D11_P032_SEC_11_47_PAR002,policy,false,true,false
to raise awareness,3,4,4,D11,33,D11_P033_SEC_11_47_PAR002,,false,true,false
pregnant and lactating,3,4,4,D11,33,D11_P033_SEC_11_49_PAR001,,false,true,false
in both rural,3,4,3,D11,34,D11_P034_SEC_11_50_PAR001,,false,true,false
the prevention of,3,4,4,D11,36,D11_P036_SEC_11_52_PAR003,,false,true,false
of social media,3,4,3,D11,37,D11_P037_SEC_11_52_PAR001,,false,true,false
. considering the,3,4,4,D11,37,D11_P037_SEC_11_53_PAR001,,false,true,false
both public and,3,4,4,D11,37,D11_P037_SEC_11_54_PAR001,,false,true,false
understanding of the,3,4,4,D11,39,D11_P039_SEC_11_57_PAR002,,false,true,false
no longer the,3,4,4,D11,40,D11_P040_SEC_11_61_PAR001,,false,true,false
. digital addiction,3,4,4,D11,40,D11_P040_SEC_11_62_PAR001,,false,true,false
the findings of,3,4,4,D11,41,D11_P041_SEC_11_65_PAR001,,false,true,false
it is in,3,4,4,D11,42,D11_P042_SEC_11_65_PAR002,,true,true,false
2020 ) .,3,4,4,D11,42,D11_P042_SEC_11_65_PAR008,,false,true,false
", i.e .",3,4,4,D11,43,D11_P043_SEC_11_65_PAR004,,false,true,false
on social media,3,4,4,D11,45,D11_P045_SEC_11_67_PAR001,,false,true,false
"in 2011 ,",3,4,4,D11,45,D11_P045_SEC_11_67_PAR001,,false,true,false
and integration of,3,4,4,D11,46,D11_P046_SEC_11_71_PAR001,,false,true,false
of school education,3,4,2,D11,4,D11_T002,,false,true,false
also observed that,3,4,4,D12,8,D12_BOX003,,false,true,false
of affordable housing,3,4,2,D12,8,D12_BOX003,,false,true,false
code on social,3,4,3,D12,25,D12_BOX009,,false,true,false
on social security,3,4,3,D12,25,D12_BOX009,,false,true,false
"global standards ,",3,4,4,D12,35,D12_BOX015,,false,true,false
as seen in,3,4,3,D12,41,D12_BOX019,,false,true,false
the quantity of,3,4,4,D12,1,D12_P001_SEC_12_1_PAR001,,false,true,false
( in the,3,4,3,D12,1,D12_P001_SEC_12_2_PAR001,,false,true,false
at all levels,3,4,4,D12,1,D12_P001_UNKNOWN_PAR003,,false,true,false
15 -59 years,3,4,3,D12,2,D12_P002_SEC_12_2_PAR001,,false,true,false
in chapter 11,3,4,4,D12,2,D12_P002_SEC_12_3_PAR001,,false,true,false
chapter 11 of,3,4,4,D12,2,D12_P002_SEC_12_3_PAR001,,false,true,false
the workforce .,3,4,4,D12,2,D12_P002_SEC_12_4_PAR001,,false,true,false
. the second,3,4,4,D12,3,D12_P003_SEC_12_5_PAR002,,false,true,false
"and entrepreneurship ,",3,4,4,D12,5,D12_P005_SEC_12_11_PAR001,,false,true,false
. in case,3,4,4,D12,6,D12_P006_SEC_12_11_PAR006,,false,true,false
restrictions on women,3,4,3,D12,7,D12_P007_SEC_12_11_PAR002,,false,true,false
on women 's,3,4,3,D12,7,D12_P007_SEC_12_11_PAR002,,false,true,false
"industry needs ,",3,4,4,D12,7,D12_P007_SEC_12_11_PAR002,industry,false,true,false
. box xii.,3,4,4,D12,7,D12_P007_SEC_12_12_PAR001,,false,true,false
their access to,3,4,4,D12,8,D12_P008_SEC_12_12_PAR001,,false,true,false
from that of,3,4,4,D12,8,D12_P008_SEC_12_12_PAR002,,true,true,false
and mobility .,3,4,4,D12,9,D12_P009_SEC_12_12_PAR004,,false,true,false
labour market is,3,4,4,D12,10,D12_P010_SEC_12_12_PAR005,market,false,true,false
", the portal",3,4,4,D12,11,D12_P011_SEC_12_14_PAR001,,false,true,false
", in terms",3,4,4,D12,14,D12_P014_SEC_12_24_PAR001,,false,true,false
", haryana ,",3,4,4,D12,15,D12_P015_SEC_12_25_PAR001,,false,true,false
"national priorities ,",3,4,4,D12,19,D12_P019_SEC_12_28_PAR004,,false,true,false
code on wages,3,4,4,D12,19,D12_P019_SEC_12_29_PAR001,wages,false,true,false
for gig workers,3,4,4,D12,19,D12_P019_SEC_12_30_PAR001,,false,true,false
", 2020 )",3,4,4,D12,19,D12_P019_SEC_12_30_PAR001,,false,true,false
", 2019 )",3,4,4,D12,20,D12_P020_SEC_12_30_PAR001,,false,true,false
women to work,3,4,3,D12,20,D12_P020_SEC_12_31_PAR001,,false,true,false
in box xii.,3,4,4,D12,20,D12_P020_SEC_12_33_PAR001,,false,true,false
india 's labour,3,4,4,D12,23,D12_P023_SEC_12_34_PAR001,,false,true,false
of gig workers,3,4,4,D12,24,D12_P024_SEC_12_37_PAR001,,false,true,false
. they have,3,4,4,D12,24,D12_P024_SEC_12_38_PAR001,,false,true,false
", and industry",3,4,3,D12,27,D12_P027_SEC_12_40_PAR001,industry,false,true,false
"and industry ,",3,4,3,D12,27,D12_P027_SEC_12_40_PAR001,industry,false,true,false
"earnings , and",3,4,4,D12,29,D12_P029_SEC_12_45_PAR001,,false,true,false
. where these,3,4,4,D12,30,D12_P030_SEC_12_45_PAR005,,false,true,false
an early stage,3,4,4,D12,31,D12_P031_SEC_12_46_PAR001,,false,true,false
the interface between,3,4,4,D12,37,D12_P037_SEC_12_52_PAR001,,false,true,false
access to all,3,4,4,D12,37,D12_P037_SEC_12_54_PAR001,,false,true,false
an amount of,3,4,3,D12,40,D12_P040_SEC_12_57_PAR001,,false,true,false
. this ensures,3,4,4,D12,42,D12_P042_SEC_12_61_PAR001,,false,true,false
and improve the,3,4,4,D12,42,D12_P042_SEC_12_61_PAR001,,false,true,false
and accountability .,3,4,4,D13,9,D13_BOX001,,false,true,false
financial year .,3,4,4,D13,9,D13_BOX001,financial,false,true,false
central role in,3,4,4,D13,1,D13_P001_UNKNOWN_PAR002,,false,true,false
. the ministry,3,4,4,D13,5,D13_P005_SEC_13_15_PAR001,,false,true,false
", provides a",3,4,4,D13,6,D13_P006_SEC_13_15_PAR001,,false,true,false
importance of the,3,4,3,D13,6,D13_P006_SEC_13_17_PAR001,,false,true,false
rural local bodies,3,4,3,D13,7,D13_P007_SEC_13_18_PAR001,,false,true,false
vb g-ram g,3,4,4,D13,9,D13_P009_SEC_13_26_PAR001,,false,true,false
