ngram,n,frequency,document_frequency,example_document,example_page,example_unit_id,contains_domain_term,is_function_word_phrase,has_content_token,is_repeated_token
",",1,20645,4121,D01,5,D01_BOX001,,false,false,false
the,1,13238,3650,D01,5,D01_BOX001,,true,true,false
.,1,12536,4196,D01,5,D01_BOX001,,false,false,false
and,1,11254,3985,D01,5,D01_BOX001,,true,true,false
of,1,8837,3439,D01,5,D01_BOX001,,true,true,false
to,1,6798,3021,D01,5,D01_BOX001,,true,true,false
in,1,6419,2806,D01,5,D01_BOX001,,true,true,false
a,1,4350,2313,D01,5,D01_BOX001,,true,true,false
),1,3805,1823,D01,21,D01_BOX005,,false,false,false
(,1,3781,1819,D01,18,D01_BOX003,,false,false,false
for,1,3158,1976,D01,18,D01_BOX003,,true,true,false
as,1,2390,1570,D01,5,D01_BOX001,,true,true,false
by,1,2209,1525,D01,5,D01_BOX001,,true,true,false
is,1,2106,1352,D01,21,D01_BOX005,,true,true,false
with,1,2085,1494,D01,5,D01_BOX001,,true,true,false
on,1,1772,1261,D01,21,D01_BOX005,,true,true,false
from,1,1523,1147,D01,5,D01_BOX001,,true,true,false
that,1,1511,1043,D01,18,D01_BOX003,,true,true,false
:,1,1469,1096,D01,1,D01_P001_UNKNOWN_PAR001,,false,false,false
's,1,1446,1043,D01,31,D01_BOX007,,false,true,false
india,1,1413,1039,D01,18,D01_BOX003,,false,true,false
this,1,1327,1076,D01,5,D01_BOX001,,true,true,false
has,1,1256,913,D01,5,D01_BOX001,,true,true,false
are,1,1236,906,D01,18,D01_BOX003,,true,true,false
ai,1,971,232,D01,3,D01_P003_SEC_1_2_PAR002,,false,true,false
at,1,947,741,D01,31,D01_BOX007,,true,true,false
sebi,1,898,600,D03,36,D03_BOX013,,false,true,false
have,1,818,620,D01,21,D01_BOX005,,true,true,false
an,1,803,665,D01,18,D01_BOX003,,true,true,false
-,1,770,302,D01,32,D01_P032_SEC_1_46_PAR001,,false,false,false
these,1,752,656,D01,21,D01_BOX005,,true,true,false
be,1,745,554,D01,21,D01_BOX005,,true,true,false
through,1,728,604,D01,21,D01_BOX005,,true,true,false
global,1,727,534,D01,5,D01_BOX001,,false,true,false
growth,1,727,519,D01,5,D01_BOX001,growth,false,true,false
such,1,708,602,D01,5,D01_BOX001,,true,true,false
it,1,699,540,D01,18,D01_BOX003,,true,true,false
',1,687,306,D01,5,D01_BOX001,,false,false,false
or,1,672,498,D01,5,D01_BOX001,,true,true,false
financial,1,662,478,D01,1,D01_P001_UNKNOWN_PAR005,financial,false,true,false
market,1,660,501,D01,1,D01_P001_UNKNOWN_PAR005,market,false,true,false
during,1,636,505,D01,1,D01_P001_UNKNOWN_PAR004,,true,true,false
while,1,631,584,D01,18,D01_BOX003,,true,true,false
also,1,613,561,D01,1,D01_P001_UNKNOWN_PAR004,,true,true,false
was,1,604,472,D01,18,D01_BOX003,,true,true,false
been,1,603,474,D01,21,D01_BOX005,,true,true,false
not,1,599,475,D01,21,D01_BOX005,,true,true,false
2025-26,1,593,428,D02,6,D02_P006_SEC_2_10_PAR001,,false,true,false
sector,1,570,429,D01,21,D01_BOX005,sector,false,true,false
services,1,570,350,D01,21,D01_BOX005,,false,true,false
can,1,567,447,D01,6,D01_P006_SEC_1_6_PAR007,,true,true,false
which,1,564,492,D01,21,D01_BOX005,,true,true,false
capital,1,544,418,D01,1,D01_P001_UNKNOWN_PAR003,capital,false,true,false
across,1,541,481,D01,21,D01_BOX005,,false,true,false
its,1,538,452,D01,5,D01_BOX001,,true,true,false
over,1,527,452,D01,5,D01_BOX001,,true,true,false
than,1,509,433,D01,2,D01_P002_SEC_1_1_PAR001,,true,true,false
investment,1,504,376,D01,21,D01_BOX005,investment,false,true,false
their,1,504,414,D01,2,D01_P002_SEC_1_1_PAR001,,true,true,false
were,1,502,361,D01,4,D01_P004_SEC_1_5_PAR001,,true,true,false
development,1,496,412,D01,4,D01_P004_SEC_1_5_PAR001,,false,true,false
2025,1,492,351,D01,2,D01_P002_SEC_1_1_PAR001,,false,true,false
more,1,468,421,D01,18,D01_BOX003,,true,true,false
under,1,467,397,D01,6,D01_P006_SEC_1_6_PAR002,,true,true,false
infrastructure,1,457,371,D01,8,D01_P008_SEC_1_6_PAR002,,false,true,false
policy,1,449,374,D01,5,D01_BOX001,policy,false,true,false
economic,1,448,357,D01,5,D01_BOX001,,false,true,false
total,1,421,338,D01,3,D01_P003_SEC_1_2_PAR002,,false,true,false
into,1,418,372,D01,7,D01_P007_SEC_1_6_PAR006,,true,true,false
government,1,410,315,D01,21,D01_BOX005,,false,true,false
regulatory,1,395,316,D01,28,D01_P028_SEC_1_39_PAR001,regulatory,false,true,false
1,1,390,250,D01,21,D01_BOX005,,false,true,false
year,1,387,300,D01,2,D01_P002_SEC_1_1_PAR001,,false,true,false
public,1,383,332,D01,21,D01_BOX005,,false,true,false
but,1,371,323,D01,6,D01_P006_SEC_1_6_PAR003,,true,true,false
digital,1,363,267,D01,21,D01_BOX005,,false,true,false
trade,1,360,220,D01,5,D01_BOX001,trade,false,true,false
national,1,358,279,D01,5,D01_BOX001,,false,true,false
data,1,353,245,D01,21,D01_BOX005,,false,true,false
capacity,1,341,295,D01,31,D01_BOX007,,false,true,false
including,1,328,303,D01,5,D01_BOX001,,false,true,false
state,1,327,250,D01,1,D01_P001_UNKNOWN_PAR001,,false,true,false
;,1,326,204,D01,24,D01_P024_SEC_1_29_PAR001,,false,false,false
regulations,1,321,222,D03,1,D03_P001_UNKNOWN_PAR005,,false,true,false
education,1,320,216,D01,22,D01_P022_SEC_1_28_PAR004,,false,true,false
domestic,1,316,262,D01,1,D01_P001_UNKNOWN_PAR003,,false,true,false
framework,1,316,250,D01,1,D01_P001_UNKNOWN_PAR004,,false,true,false
2,1,312,219,D01,31,D01_BOX007,,false,true,false
states,1,311,225,D01,7,D01_P007_SEC_1_6_PAR008,,false,true,false
will,1,300,234,D01,21,D01_BOX005,,true,true,false
no,1,300,192,D02,8,D02_BOX003,,true,true,false
urban,1,299,178,D01,21,D01_BOX005,,false,true,false
support,1,299,264,D01,1,D01_P001_UNKNOWN_PAR003,,false,true,false
indian,1,298,249,D01,1,D01_P001_UNKNOWN_PAR003,,false,true,false
other,1,296,262,D01,7,D01_P007_SEC_1_6_PAR007,,true,true,false
social,1,296,220,D01,8,D01_P008_SEC_1_6_PAR002,,false,true,false
credit,1,293,201,D01,21,D01_BOX005,credit,false,true,false
•,1,289,197,D01,6,D01_P006_SEC_1_6_PAR004,,false,false,false
share,1,288,215,D01,10,D01_P010_SEC_1_9_PAR001,,false,true,false
markets,1,285,243,D01,5,D01_BOX001,markets,false,true,false
manufacturing,1,285,208,D01,1,D01_P001_UNKNOWN_PAR003,,false,true,false
management,1,284,244,D02,16,D02_BOX007,,false,true,false
&,1,282,206,D01,18,D01_BOX003,,false,false,false
access,1,282,251,D01,21,D01_BOX005,,false,true,false
between,1,281,255,D01,1,D01_P001_UNKNOWN_PAR005,,true,true,false
higher,1,280,236,D01,2,D01_P002_SEC_1_1_PAR001,,false,true,false
further,1,277,264,D01,5,D01_BOX001,,true,true,false
all,1,272,237,D01,18,D01_BOX003,,true,true,false
system,1,271,232,D01,21,D01_BOX005,,false,true,false
3,1,269,198,D01,4,D01_P004_SEC_1_3_PAR001,,false,true,false
time,1,268,243,D01,21,D01_BOX005,,false,true,false
key,1,268,252,D01,1,D01_P001_UNKNOWN_PAR003,,false,true,false
period,1,267,211,D01,31,D01_BOX007,,false,true,false
scheme,1,266,179,D01,22,D01_P022_SEC_1_28_PAR007,,false,true,false
securities,1,265,195,D02,33,D02_P033_UNKNOWN_PAR001,securities,false,true,false
investor,1,263,217,D01,30,D01_P030_SEC_1_44_PAR001,investor,false,true,false
energy,1,262,171,D01,6,D01_P006_SEC_1_6_PAR002,energy,false,true,false
2024-25,1,257,187,D01,9,D01_P009_SEC_1_8_PAR002,,false,true,false
strategic,1,254,188,D01,5,D01_BOX001,,false,true,false
rural,1,254,162,D01,21,D01_BOX005,,false,true,false
participation,1,253,223,D01,29,D01_P029_SEC_1_39_PAR002,,false,true,false
economy,1,251,222,D01,21,D01_BOX005,,false,true,false
act,1,249,173,D01,26,D01_P026_SEC_1_32_PAR001,,false,true,false
new,1,248,226,D01,21,D01_BOX005,,false,true,false
they,1,241,205,D01,18,D01_BOX003,,true,true,false
increased,1,240,202,D01,1,D01_P001_UNKNOWN_PAR002,,false,true,false
where,1,239,208,D01,6,D01_P006_SEC_1_6_PAR005,,true,true,false
institutional,1,237,220,D01,7,D01_P007_SEC_1_6_PAR002,,false,true,false
funds,1,237,140,D02,17,D02_P017_UNKNOWN_PAR001,,false,true,false
employment,1,236,181,D01,10,D01_P010_SEC_1_9_PAR001,employment,false,true,false
increase,1,236,208,D01,25,D01_P025_SEC_1_30_PAR002,,false,true,false
risk,1,233,192,D01,7,D01_P007_SEC_1_6_PAR005,,false,true,false
within,1,232,212,D01,3,D01_P003_SEC_1_2_PAR002,,false,true,false
central,1,231,211,D01,3,D01_P003_SEC_1_2_PAR002,,false,true,false
up,1,231,210,D01,7,D01_P007_SEC_1_6_PAR003,,true,true,false
years,1,230,202,D01,5,D01_BOX001,,false,true,false
value,1,230,193,D01,5,D01_BOX001,,false,true,false
investors,1,230,179,D01,4,D01_P004_SEC_1_3_PAR001,investors,false,true,false
rather,1,229,208,D01,8,D01_P008_SEC_1_6_PAR003,,false,true,false
significant,1,228,218,D01,14,D01_P014_SEC_1_17_PAR001,,false,true,false
only,1,228,203,D02,11,D02_P011_SEC_2_18_PAR001,,false,true,false
fiscal,1,226,128,D01,5,D01_BOX001,fiscal,false,true,false
when,1,226,186,D01,4,D01_P004_SEC_1_3_PAR001,,true,true,false
health,1,226,144,D01,29,D01_P029_SEC_1_41_PAR001,,false,true,false
gdp,1,225,142,D01,18,D01_BOX003,gdp,false,true,false
systems,1,225,192,D01,22,D01_P022_SEC_1_28_PAR005,,false,true,false
firms,1,223,168,D01,7,D01_P007_SEC_1_6_PAR010,,false,true,false
strengthening,1,218,206,D01,21,D01_BOX005,,false,true,false
costs,1,217,188,D01,4,D01_P004_SEC_1_3_PAR001,,false,true,false
about,1,216,174,D01,2,D01_P002_SEC_1_1_PAR001,,true,true,false
both,1,215,199,D01,4,D01_P004_SEC_1_3_PAR001,,true,true,false
industry,1,214,177,D01,8,D01_P008_SEC_1_6_PAR001,industry,false,true,false
must,1,214,165,D01,8,D01_P008_SEC_1_6_PAR003,,true,true,false
demand,1,213,183,D01,1,D01_P001_UNKNOWN_PAR003,demand,false,true,false
initiatives,1,213,198,D01,8,D01_P008_SEC_1_6_PAR002,,false,true,false
resilience,1,209,195,D01,5,D01_BOX001,,false,true,false
31,1,209,134,D01,32,D01_P032_SEC_1_PAR002,,false,true,false
private,1,208,174,D01,1,D01_P001_UNKNOWN_PAR003,,false,true,false
fund,1,208,134,D01,3,D01_P003_SEC_1_3_PAR001,,false,true,false
2026,1,207,158,D01,21,D01_BOX005,,false,true,false
0,1,207,51,D01,21,D01_BOX005,,false,true,false
one,1,207,189,D01,6,D01_P006_SEC_1_6_PAR007,,true,true,false
cities,1,207,117,D03,39,D03_P039_SEC_3_73_PAR001,,false,true,false
exports,1,206,125,D01,1,D01_P001_UNKNOWN_PAR005,exports,false,true,false
4,1,204,149,D01,4,D01_P004_SEC_1_3_PAR001,,false,true,false
expenditure,1,204,128,D01,10,D01_P010_SEC_1_9_PAR001,expenditure,false,true,false
fy25,1,203,156,D01,11,D01_P011_SEC_1_10_PAR001,,false,true,false
measures,1,202,185,D01,7,D01_P007_SEC_1_6_PAR008,,false,true,false
towards,1,200,188,D01,3,D01_P003_SEC_1_2_PAR002,,false,true,false
per,1,200,150,D01,4,D01_P004_SEC_1_5_PAR001,,false,true,false
governance,1,199,175,D01,6,D01_P006_SEC_1_6_PAR001,,false,true,false
enhance,1,199,178,D01,8,D01_P008_SEC_1_6_PAR002,,false,true,false
debt,1,198,139,D01,21,D01_BOX005,debt,false,true,false
institutions,1,198,175,D01,6,D01_P006_SEC_1_6_PAR005,,false,true,false
use,1,197,176,D01,5,D01_BOX001,,false,true,false
inflation,1,197,88,D01,5,D01_BOX001,inflation,false,true,false
technology,1,197,176,D01,21,D01_BOX005,,false,true,false
sectors,1,197,172,D01,6,D01_P006_SEC_1_6_PAR002,sectors,false,true,false
however,1,196,194,D01,2,D01_P002_SEC_1_2_PAR001,,false,true,false
labour,1,195,133,D01,1,D01_P001_UNKNOWN_PAR005,,false,true,false
schemes,1,192,131,D01,21,D01_BOX005,,false,true,false
world,1,189,166,D01,2,D01_P002_SEC_1_1_PAR001,,false,true,false
compliance,1,189,165,D01,29,D01_P029_SEC_1_40_PAR001,,false,true,false
quality,1,187,167,D01,23,D01_P023_SEC_1_28_PAR012,,false,true,false
role,1,186,181,D01,1,D01_P001_UNKNOWN_PAR004,,false,true,false
table,1,186,162,D01,2,D01_P002_SEC_1_1_PAR001,,false,true,false
``,1,186,134,D01,7,D01_P007_SEC_1_6_PAR010,,false,false,false
how,1,184,152,D01,5,D01_BOX001,,true,true,false
productivity,1,184,154,D01,14,D01_P014_SEC_1_17_PAR001,productivity,false,true,false
outcomes,1,183,165,D01,1,D01_P001_UNKNOWN_PAR002,,false,true,false
same,1,183,167,D01,13,D01_P013_SEC_1_14_PAR001,,false,true,false
climate,1,182,117,D01,8,D01_P008_SEC_1_6_PAR001,,false,true,false
may,1,182,160,D01,11,D01_P011_SEC_1_10_PAR001,,true,true,false
*,1,181,85,D01,32,D01_P032_SEC_1_46_PAR002,,false,false,false
performance,1,180,154,D01,18,D01_BOX003,,false,true,false
net,1,180,122,D01,15,D01_P015_SEC_1_19_PAR001,,false,true,false
food,1,179,119,D01,24,D01_P024_SEC_1_29_PAR001,,false,true,false
security,1,178,146,D01,5,D01_BOX001,,false,true,false
major,1,178,169,D01,21,D01_BOX005,,false,true,false
critical,1,178,161,D01,21,D01_BOX005,,false,true,false
'',1,178,131,D01,7,D01_P007_SEC_1_6_PAR010,,false,false,false
training,1,178,129,D01,29,D01_P029_SEC_1_40_PAR001,,false,true,false
export,1,175,134,D01,6,D01_P006_SEC_1_6_PAR002,export,false,true,false
revenue,1,175,113,D01,24,D01_P024_SEC_1_30_PAR001,revenue,false,true,false
foreign,1,174,138,D01,5,D01_BOX001,foreign,false,true,false
5,1,174,145,D01,5,D01_BOX001,,false,true,false
supply,1,174,154,D01,1,D01_P001_UNKNOWN_PAR002,supply,false,true,false
fy26,1,174,141,D01,1,D01_P001_UNKNOWN_PAR003,,false,true,false
finance,1,174,133,D01,6,D01_P006_SEC_1_6_PAR002,finance,false,true,false
average,1,174,138,D01,12,D01_P012_SEC_1_12_PAR001,,false,true,false
rate,1,173,135,D01,2,D01_P002_SEC_1_1_PAR001,rate,false,true,false
approach,1,173,163,D01,9,D01_T002,,false,true,false
country,1,172,157,D01,5,D01_BOX001,,false,true,false
supported,1,172,158,D01,1,D01_P001_UNKNOWN_PAR004,,false,true,false
ecosystem,1,172,162,D01,23,D01_P023_SEC_1_28_PAR009,,false,true,false
chapter,1,171,151,D01,31,D01_BOX007,,false,true,false
various,1,171,164,D01,2,D01_P002_SEC_1_1_PAR001,,false,true,false
tax,1,171,102,D01,11,D01_P011_SEC_1_10_PAR001,tax,false,true,false
areas,1,169,141,D01,21,D01_BOX005,,false,true,false
production,1,169,137,D01,21,D01_BOX005,,false,true,false
around,1,169,153,D01,31,D01_BOX007,,false,true,false
chart,1,169,144,D01,4,D01_P004_SEC_1_3_PAR001,,false,true,false
0.0,1,169,32,D01,12,D01_T004,,false,true,false
industrial,1,168,143,D01,5,D01_P005_SEC_1_5_PAR002,,false,true,false
protection,1,168,152,D01,28,D01_P028_SEC_1_39_PAR001,,false,true,false
among,1,167,150,D01,4,D01_P004_SEC_1_5_PAR001,,false,true,false
price,1,167,109,D01,15,D01_P015_SEC_1_19_PAR001,,false,true,false
expansion,1,166,149,D01,1,D01_P001_UNKNOWN_PAR003,,false,true,false
ensure,1,166,152,D01,8,D01_P008_SEC_1_6_PAR002,,false,true,false
high,1,165,144,D01,14,D01_P014_SEC_1_15_PAR001,,false,true,false
structural,1,164,159,D01,31,D01_BOX007,,false,true,false
strong,1,164,154,D01,1,D01_P001_UNKNOWN_PAR003,,false,true,false
10,1,164,141,D01,4,D01_P004_SEC_1_5_PAR001,,false,true,false
cases,1,163,72,D03,4,D03_P004_SEC_3_6_PAR001,,false,true,false
information,1,162,127,D01,21,D01_BOX005,,false,true,false
work,1,162,129,D02,39,D02_P039_UNKNOWN_PAR003,,false,true,false
water,1,161,100,D01,16,D01_P016_SEC_1_20_PAR001,,false,true,false
sustained,1,160,156,D01,31,D01_BOX007,,false,true,false
equity,1,160,129,D01,7,D01_P007_SEC_1_6_PAR006,equity,false,true,false
workers,1,160,104,D01,29,D01_P029_SEC_1_40_PAR001,,false,true,false
innovation,1,160,138,D03,64,D03_BOX023,,false,true,false
remains,1,159,154,D01,1,D01_P001_UNKNOWN_PAR002,,false,true,false
integration,1,159,148,D01,6,D01_P006_SEC_1_6_PAR002,,false,true,false
investments,1,159,139,D01,7,D01_P007_SEC_1_6_PAR006,investments,false,true,false
stock,1,159,121,D01,19,D01_P019_UNKNOWN_PAR002,,false,true,false
against,1,158,142,D01,18,D01_BOX003,,false,true,false
external,1,158,118,D01,1,D01_P001_UNKNOWN_PAR004,,false,true,false
uncertainty,1,158,114,D01,1,D01_P001_UNKNOWN_PAR006,,false,true,false
countries,1,158,123,D01,3,D01_P003_SEC_1_2_PAR002,,false,true,false
learning,1,158,131,D03,21,D03_P021_SEC_3_41_PAR005,,false,true,false
international,1,157,141,D01,7,D01_P007_SEC_1_6_PAR002,,false,true,false
stability,1,156,139,D01,1,D01_P001_UNKNOWN_PAR003,stability,false,true,false
scale,1,156,146,D01,8,D01_P008_SEC_1_6_PAR003,,false,true,false
improved,1,156,142,D01,14,D01_P014_SEC_1_16_PAR001,,false,true,false
prices,1,155,105,D01,2,D01_P002_SEC_1_1_PAR001,,false,true,false
business,1,155,137,D01,27,D01_P027_SEC_1_34_PAR001,,false,true,false
local,1,154,125,D01,7,D01_P007_SEC_1_6_PAR005,,false,true,false
based,1,154,146,D01,7,D01_P007_SEC_1_6_PAR008,,false,true,false
being,1,153,148,D01,21,D01_BOX005,,true,true,false
interest,1,153,120,D01,19,D01_P019_SEC_1_27_PAR002,,false,true,false
risks,1,153,135,D01,30,D01_P030_SEC_1_43_PAR001,,false,true,false
recent,1,151,145,D01,18,D01_BOX003,,false,true,false
reforms,1,151,139,D01,31,D01_BOX007,,false,true,false
economies,1,151,133,D01,1,D01_P001_UNKNOWN_PAR002,,false,true,false
order,1,151,132,D01,6,D01_P006_SEC_1_6_PAR005,,false,true,false
research,1,151,125,D02,17,D02_P017_UNKNOWN_PAR006,,false,true,false
rising,1,150,143,D01,5,D01_BOX001,,false,true,false
driven,1,150,144,D01,1,D01_P001_UNKNOWN_PAR003,,false,true,false
ii,1,150,130,D01,25,D01_P025_SEC_1_31_PAR001,,false,true,false
march,1,150,100,D03,51,D03_P051_SEC_3_89_PAR001,,false,true,false
cost,1,148,134,D01,34,D01_P034_SEC_3_PAR001,,false,true,false
bank,1,147,124,D01,3,D01_P003_SEC_1_2_PAR002,bank,false,true,false
building,1,147,136,D01,8,D01_P008_SEC_1_6_PAR003,,false,true,false
corporate,1,147,113,D01,12,D01_P012_SEC_1_12_PAR001,,false,true,false
power,1,146,115,D01,8,D01_P008_SEC_1_6_PAR002,,false,true,false
index,1,146,98,D01,13,D01_P013_SEC_1_13_PAR001,,false,true,false
mission,1,146,104,D02,18,D02_P018_SEC_2_29_PAR001,,false,true,false
7,1,145,117,D01,31,D01_BOX007,,false,true,false
overall,1,145,136,D01,6,D01_P006_SEC_1_6_PAR004,,false,true,false
entities,1,145,107,D01,7,D01_P007_SEC_1_6_PAR010,,false,true,false
conditions,1,144,132,D01,1,D01_P001_UNKNOWN_PAR004,,false,true,false
need,1,144,132,D01,24,D01_P024_SEC_1_29_PAR001,,false,true,false
https,1,144,101,D01,35,D01_P035_SEC_3_PAR003,,false,true,false
shift,1,143,140,D01,5,D01_BOX001,,false,true,false
first,1,143,131,D01,21,D01_BOX005,,false,true,false
mutual,1,143,100,D01,6,D01_P006_SEC_1_6_PAR002,,false,true,false
level,1,143,131,D01,10,D01_P010_SEC_1_9_PAR001,,false,true,false
should,1,143,110,D02,34,D02_P034_UNKNOWN_PAR001,,true,true,false
service,1,142,124,D01,21,D01_BOX005,,false,true,false
particularly,1,141,139,D01,4,D01_P004_SEC_1_3_PAR001,,false,true,false
skill,1,141,110,D01,29,D01_P029_SEC_1_39_PAR002,,false,true,false
improve,1,140,129,D01,21,D01_BOX005,,false,true,false
provide,1,140,131,D01,21,D01_BOX005,,false,true,false
trading,1,140,103,D01,2,D01_P002_SEC_1_1_PAR001,,false,true,false
compared,1,140,124,D01,2,D01_P002_SEC_1_1_PAR001,,false,true,false
number,1,140,116,D01,6,D01_P006_SEC_1_6_PAR005,,false,true,false
6,1,139,112,D01,4,D01_P004_SEC_1_5_PAR001,,false,true,false
without,1,138,124,D01,8,D01_P008_SEC_1_6_PAR003,,false,true,false
income,1,137,102,D01,21,D01_BOX005,income,false,true,false
impact,1,137,121,D01,4,D01_P004_SEC_1_3_PAR001,,false,true,false
most,1,136,124,D01,2,D01_P002_SEC_1_1_PAR001,,true,true,false
activities,1,136,109,D01,14,D01_P014_SEC_1_16_PAR001,,false,true,false
competitiveness,1,136,125,D01,28,D01_P028_SEC_1_38_PAR001,,false,true,false
environment,1,135,129,D01,1,D01_P001_UNKNOWN_PAR002,,false,true,false
agriculture,1,135,105,D01,1,D01_P001_UNKNOWN_PAR003,,false,true,false
strengthen,1,134,127,D01,31,D01_BOX007,,false,true,false
improving,1,134,126,D01,11,D01_P011_SEC_1_11_PAR001,,false,true,false
change,1,133,119,D03,6,D03_P006_SEC_3_8_PAR005,,false,true,false
2024,1,132,111,D01,4,D01_P004_SEC_1_5_PAR001,,false,true,false
even,1,131,120,D01,18,D01_BOX003,,false,true,false
account,1,131,115,D01,4,D01_P004_SEC_1_5_PAR001,account,false,true,false
projects,1,131,102,D01,4,D01_P004_SEC_1_5_PAR001,,false,true,false
banks,1,131,104,D01,26,D01_P026_SEC_1_33_PAR001,banks,false,true,false
women,1,131,83,D01,33,D01_P033_SEC_1_PAR006,,false,true,false
remain,1,130,123,D01,1,D01_P001_UNKNOWN_PAR003,,false,true,false
i,1,129,114,D01,21,D01_BOX005,,false,true,false
due,1,129,121,D01,2,D01_P002_SEC_1_1_PAR001,,false,true,false
efficiency,1,129,122,D01,33,D01_P033_SEC_1_PAR002,,false,true,false
assets,1,129,108,D02,5,D02_P005_SEC_2_8_PAR002,assets,false,true,false
process,1,128,114,D01,21,D01_BOX005,,false,true,false
include,1,128,121,D01,6,D01_P006_SEC_1_6_PAR001,,false,true,false
companies,1,128,109,D01,7,D01_P007_SEC_1_6_PAR005,,false,true,false
survey,1,127,98,D01,21,D01_BOX005,,false,true,false
emerging,1,127,121,D01,2,D01_P002_SEC_1_1_PAR001,,false,true,false
ensuring,1,127,123,D01,20,D01_P020_UNKNOWN_PAR003,,false,true,false
report,1,126,106,D01,4,D01_P004_SEC_1_5_PAR001,,false,true,false
enhancing,1,126,123,D01,29,D01_P029_SEC_1_40_PAR001,,false,true,false
reduce,1,126,123,D01,30,D01_P030_SEC_1_44_PAR001,,false,true,false
several,1,125,124,D01,21,D01_BOX005,,false,true,false
agricultural,1,125,98,D01,21,D01_BOX005,,false,true,false
advanced,1,125,108,D01,2,D01_P002_SEC_1_1_PAR001,,false,true,false
amount,1,125,74,D02,11,D02_P011_SEC_2_18_PAR001,,false,true,false
two,1,123,117,D01,18,D01_BOX003,,true,true,false
model,1,123,102,D01,18,D01_BOX003,,false,true,false
long-term,1,123,118,D01,4,D01_P004_SEC_1_3_PAR001,,false,true,false
large,1,123,113,D01,6,D01_P006_SEC_1_6_PAR005,,false,true,false
increasing,1,123,117,D01,21,D01_P021_SEC_1_28_PAR001,,false,true,false
launched,1,123,111,D02,26,D02_BOX013,,false,true,false
since,1,122,117,D01,31,D01_BOX007,,false,true,false
lower,1,122,114,D01,2,D01_P002_SEC_1_1_PAR001,,false,true,false
limited,1,122,107,D01,6,D01_P006_SEC_1_6_PAR003,,false,true,false
progress,1,121,112,D01,30,D01_P030_SEC_1_42_PAR001,,false,true,false
15,1,120,103,D01,13,D01_P013_SEC_1_14_PAR001,,false,true,false
awareness,1,120,98,D03,30,D03_P030_SEC_3_50_PAR005,,false,true,false
potential,1,119,114,D01,31,D01_BOX007,,false,true,false
8,1,119,107,D01,7,D01_P007_SEC_1_6_PAR008,,false,true,false
action,1,119,110,D03,24,D03_P024_SEC_3_45_PAR001,,false,true,false
segment,1,118,92,D01,21,D01_BOX005,,false,true,false
continued,1,118,115,D01,31,D01_BOX007,,false,true,false
well,1,118,112,D01,5,D01_P005_SEC_1_6_PAR001,,false,true,false
would,1,118,99,D01,7,D01_P007_SEC_1_6_PAR006,,true,true,false
100,1,118,67,D03,8,D03_P008_SEC_3_8_PAR001,,false,true,false
activity,1,117,108,D01,18,D01_BOX003,,false,true,false
growing,1,117,109,D01,5,D01_P005_SEC_1_5_PAR002,,false,true,false
initiative,1,117,104,D01,8,D01_P008_SEC_1_6_PAR002,,false,true,false
standards,1,117,106,D01,8,D01_P008_SEC_1_6_PAR003,,false,true,false
exchange,1,116,94,D01,1,D01_P001_UNKNOWN_PAR005,exchange,false,true,false
made,1,116,108,D01,2,D01_P002_SEC_1_1_PAR001,,false,true,false
enabling,1,116,114,D01,15,D01_P015_SEC_1_18_PAR001,,false,true,false
section,1,116,77,D01,15,D01_P015_SEC_1_19_PAR001,,false,true,false
there,1,116,106,D01,27,D01_P027_SEC_1_34_PAR001,,true,true,false
insurance,1,115,79,D01,8,D01_P008_SEC_1_6_PAR003,,false,true,false
revised,1,115,84,D01,22,D01_P022_SEC_1_28_PAR003,,false,true,false
box,1,114,110,D01,31,D01_BOX007,,false,true,false
reflecting,1,114,113,D01,12,D01_P012_SEC_1_12_PAR001,,false,true,false
platform,1,114,87,D01,22,D01_P022_SEC_1_28_PAR006,,false,true,false
effective,1,113,105,D01,18,D01_BOX003,,false,true,false
expected,1,113,93,D01,21,D01_BOX005,,false,true,false
resources,1,113,100,D01,7,D01_P007_SEC_1_6_PAR004,,false,true,false
11,1,113,97,D01,11,D01_P011_SEC_1_11_PAR001,,false,true,false
products,1,113,88,D01,23,D01_P023_SEC_1_28_PAR004,,false,true,false
sustainable,1,113,103,D01,32,D01_P032_SEC_1_46_PAR004,,false,true,false
programmes,1,113,102,D02,28,D02_P028_UNKNOWN_PAR005,,false,true,false
us,1,112,86,D01,2,D01_P002_SEC_1_1_PAR001,,true,true,false
significantly,1,112,108,D01,4,D01_P004_SEC_1_3_PAR001,,false,true,false
like,1,112,99,D01,7,D01_P007_SEC_1_6_PAR003,,false,true,false
core,1,112,96,D01,14,D01_P014_SEC_1_15_PAR001,,false,true,false
gains,1,112,107,D01,14,D01_P014_SEC_1_17_PAR001,,false,true,false
small,1,112,107,D01,20,D01_P020_UNKNOWN_PAR003,,false,true,false
trends,1,111,105,D01,1,D01_P001_UNKNOWN_PAR004,,false,true,false
before,1,111,89,D01,6,D01_P006_SEC_1_6_PAR007,,true,true,false
b,1,111,101,D02,8,D02_P008_SEC_2_15_PAR001,,false,true,false
out,1,110,105,D01,8,D01_P008_SEC_1_6_PAR001,,true,true,false
estimates,1,109,89,D01,18,D01_BOX003,,false,true,false
three,1,108,103,D01,5,D01_P005_SEC_1_5_PAR002,,false,true,false
robust,1,108,106,D01,11,D01_P011_SEC_1_11_PAR001,,false,true,false
despite,1,108,106,D01,16,D01_P016_SEC_1_21_PAR001,,false,true,false
design,1,108,96,D01,22,D01_P022_SEC_1_28_PAR003,,false,true,false
interventions,1,108,92,D01,24,D01_P024_SEC_1_29_PAR001,,false,true,false
after,1,107,101,D01,18,D01_BOX003,,true,true,false
efforts,1,107,104,D01,21,D01_BOX005,,false,true,false
introduced,1,107,96,D01,21,D01_BOX005,,false,true,false
provides,1,107,104,D01,1,D01_P001_UNKNOWN_PAR004,,false,true,false
levels,1,107,98,D01,2,D01_P002_SEC_1_1_PAR001,,false,true,false
often,1,107,99,D01,6,D01_P006_SEC_1_6_PAR002,,false,true,false
following,1,107,103,D01,6,D01_P006_SEC_1_6_PAR003,,false,true,false
greater,1,107,105,D01,13,D01_P013_SEC_1_14_PAR001,,false,true,false
reducing,1,106,103,D01,5,D01_BOX001,,false,true,false
approximately,1,106,102,D01,23,D01_P023_SEC_1_28_PAR009,,false,true,false
ease,1,106,95,D01,31,D01_P031_SEC_1_46_PAR002,,false,true,false
registered,1,106,89,D02,8,D02_P008_SEC_2_15_PAR001,,false,true,false
increasingly,1,105,103,D01,4,D01_P004_SEC_1_5_PAR001,,false,true,false
goods,1,105,89,D01,8,D01_P008_SEC_1_6_PAR003,,false,true,false
current,1,105,97,D01,27,D01_P027_SEC_1_35_PAR001,current,false,true,false
comprehensive,1,104,99,D01,21,D01_BOX005,,false,true,false
consumption,1,104,82,D01,1,D01_P001_UNKNOWN_PAR003,consumption,false,true,false
remained,1,104,91,D01,2,D01_P002_SEC_1_1_PAR001,,false,true,false
them,1,104,101,D01,5,D01_P005_SEC_1_5_PAR002,,false,true,false
land,1,104,67,D01,6,D01_P006_SEC_1_6_PAR007,,false,true,false
focus,1,104,101,D01,8,D01_P008_SEC_1_6_PAR003,,false,true,false
operational,1,104,94,D02,12,D02_P012_SEC_2_20_PAR001,,false,true,false
challenges,1,104,94,D03,1,D03_P001_UNKNOWN_PAR005,,false,true,false
planning,1,104,84,D03,58,D03_P058_SEC_3_99_PAR001,,false,true,false
rates,1,103,80,D01,3,D01_P003_SEC_1_2_PAR002,rates,false,true,false
models,1,103,84,D01,6,D01_P006_SEC_1_6_PAR006,,false,true,false
project,1,103,80,D01,32,D01_P032_SEC_1_PAR003,,false,true,false
enforcement,1,103,90,D02,5,D02_BOX001,,false,true,false
applications,1,103,70,D03,20,D03_P020_SEC_3_38_PAR001,,false,true,false
strategy,1,102,95,D01,5,D01_P005_SEC_1_6_PAR001,,false,true,false
therefore,1,102,101,D01,6,D01_P006_SEC_1_6_PAR002,,false,true,false
could,1,102,90,D01,30,D01_P030_SEC_1_43_PAR001,,true,true,false
needs,1,102,100,D02,4,D02_P004_SEC_2_5_PAR001,,false,true,false
using,1,101,88,D01,11,D01_P011_SEC_1_10_PAR001,,false,true,false
requirements,1,101,94,D01,22,D01_P022_SEC_1_28_PAR004,,false,true,false
issue,1,101,83,D02,15,D02_P015_SEC_2_26_PAR001,,false,true,false
estimated,1,100,83,D01,12,D01_P012_SEC_1_12_PAR001,,false,true,false
flows,1,99,83,D01,3,D01_P003_SEC_1_3_PAR001,,false,true,false
centre,1,99,84,D01,5,D01_P005_SEC_1_5_PAR002,,false,true,false
now,1,99,98,D01,6,D01_P006_SEC_1_6_PAR002,,false,true,false
given,1,99,95,D01,7,D01_P007_SEC_1_6_PAR005,,false,true,false
previous,1,99,91,D01,8,D01_P008_SEC_1_6_PAR003,,false,true,false
thereby,1,99,96,D01,8,D01_P008_SEC_1_6_PAR003,,false,true,false
received,1,99,76,D02,18,D02_P018_UNKNOWN_PAR002,,false,true,false
regulation,1,99,84,D03,36,D03_BOX013,regulation,false,true,false
court,1,99,65,D03,19,D03_P019_SEC_3_37_PAR001,,false,true,false
technological,1,98,95,D01,5,D01_BOX001,,false,true,false
expanding,1,98,94,D01,21,D01_BOX005,,false,true,false
those,1,98,92,D01,4,D01_P004_SEC_1_3_PAR001,,true,true,false
essential,1,98,94,D01,7,D01_P007_SEC_1_6_PAR009,,false,true,false
promote,1,98,92,D01,8,D01_P008_SEC_1_6_PAR002,,false,true,false
ratio,1,98,67,D01,8,D01_P008_SEC_1_6_PAR002,,false,true,false
terms,1,98,86,D01,15,D01_P015_SEC_1_19_PAR001,,false,true,false
enable,1,98,94,D01,22,D01_P022_SEC_1_28_PAR003,,false,true,false
rbi,1,98,84,D01,23,D01_P023_SEC_1_28_PAR009,,false,true,false
nearly,1,97,91,D01,3,D01_P003_SEC_1_2_PAR002,,false,true,false
deficit,1,97,65,D01,6,D01_P006_SEC_1_6_PAR005,deficit,false,true,false
any,1,97,79,D01,27,D01_P027_SEC_1_34_PAR001,,true,true,false
skills,1,97,82,D02,29,D02_P029_UNKNOWN_PAR002,,false,true,false
iii,1,97,86,D03,7,D03_P007_SEC_3_8_PAR007,,false,true,false
derivatives,1,97,62,D03,43,D03_P043_SEC_3_74_PAR007,,false,true,false
▪,1,97,91,D18,2,D18_P002_III_PAR001,,false,false,false
regional,1,96,76,D01,6,D01_P006_SEC_1_6_PAR007,,false,true,false
transition,1,96,90,D01,19,D01_P019_UNKNOWN_PAR005,,false,true,false
practices,1,96,91,D01,22,D01_P022_SEC_1_28_PAR001,,false,true,false
monitoring,1,96,84,D01,22,D01_P022_SEC_1_28_PAR006,,false,true,false
if,1,96,79,D01,30,D01_P030_SEC_1_43_PAR001,,true,true,false
logistics,1,96,72,D01,31,D01_P031_SEC_1_46_PAR002,,false,true,false
evidence,1,96,86,D01,32,D01_P032_SEC_1_PAR003,,false,true,false
transformation,1,96,94,D02,22,D02_BOX011,,false,true,false
opportunities,1,96,88,D02,22,D02_P022_SEC_2_33_PAR001,,false,true,false
address,1,95,91,D01,21,D01_BOX005,,false,true,false
assessment,1,95,77,D01,21,D01_BOX005,,false,true,false
above,1,95,84,D01,3,D01_P003_SEC_1_2_PAR002,,true,true,false
technologies,1,95,83,D01,6,D01_P006_SEC_1_6_PAR002,,false,true,false
along,1,95,92,D01,11,D01_P011_SEC_1_10_PAR001,,false,true,false
centres,1,95,78,D02,10,D02_P010_UNKNOWN_PAR005,,false,true,false
exchanges,1,95,80,D03,36,D03_P036_SEC_3_70_PAR001,,false,true,false
chains,1,94,89,D01,5,D01_BOX001,,false,true,false
important,1,94,89,D01,18,D01_BOX003,,false,true,false
annual,1,94,86,D01,21,D01_BOX005,,false,true,false
provided,1,94,92,D01,1,D01_P001_UNKNOWN_PAR003,,false,true,false
early,1,94,84,D01,7,D01_P007_SEC_1_6_PAR009,,false,true,false
9,1,94,82,D01,7,D01_P007_SEC_1_6_PAR009,,false,true,false
programme,1,94,75,D01,9,D01_P009_SEC_1_8_PAR002,,false,true,false
broader,1,94,93,D01,13,D01_P013_SEC_1_14_PAR001,,false,true,false
geopolitical,1,93,87,D01,5,D01_BOX001,,false,true,false
end,1,93,78,D01,18,D01_BOX003,,false,true,false
platforms,1,93,87,D01,23,D01_P023_SEC_1_28_PAR010,,false,true,false
financing,1,93,81,D01,27,D01_P027_SEC_1_34_PAR001,,false,true,false
existing,1,92,90,D01,21,D01_BOX005,,false,true,false
better,1,92,87,D01,2,D01_P002_SEC_1_1_PAR001,,false,true,false
dated,1,92,85,D01,4,D01_P004_SEC_1_3_PAR001,,false,true,false
fdi,1,92,58,D01,4,D01_P004_SEC_1_5_PAR001,fdi,false,true,false
primary,1,92,76,D01,13,D01_P013_SEC_1_14_PAR001,,false,true,false
accountability,1,92,77,D03,2,D03_P002_SEC_3_2_PAR001,,false,true,false
community,1,92,73,D06,20,D06_P020_SEC_6_30_PAR001,,false,true,false
conducted,1,91,82,D01,21,D01_BOX005,,false,true,false
12,1,91,79,D01,12,D01_P012_SEC_1_12_PAR001,,false,true,false
beyond,1,91,87,D01,20,D01_P020_UNKNOWN_PAR003,,false,true,false
pending,1,91,56,D08,36,D08_P036_SEC_8_66_PAR002,,false,true,false
2026-27,1,90,53,D01,21,D01_BOX005,,false,true,false
rules,1,90,84,D01,8,D01_P008_SEC_1_6_PAR003,,false,true,false
become,1,90,88,D01,27,D01_P027_SEC_1_34_PAR001,,false,true,false
had,1,90,76,D02,19,D02_P019_SEC_2_31_PAR001,,true,true,false
stable,1,89,84,D01,2,D01_P002_SEC_1_1_PAR001,stable,false,true,false
experience,1,89,82,D01,6,D01_P006_SEC_1_6_PAR002,,false,true,false
space,1,89,68,D01,6,D01_P006_SEC_1_6_PAR004,,false,true,false
capabilities,1,89,84,D01,7,D01_P007_SEC_1_6_PAR008,,false,true,false
make,1,89,76,D01,31,D01_P031_SEC_1_46_PAR003,,false,true,false
nse,1,89,68,D03,36,D03_P036_SEC_3_70_PAR001,,false,true,false
students,1,89,62,D11,12,D11_BOX005,,false,true,false
instruments,1,88,79,D01,5,D01_BOX001,,false,true,false
developed,1,88,83,D01,18,D01_BOX003,,false,true,false
together,1,88,86,D01,21,D01_BOX005,,false,true,false
distribution,1,88,70,D01,21,D01_BOX005,,false,true,false
balance,1,88,78,D01,1,D01_P001_UNKNOWN_PAR005,balance,false,true,false
some,1,88,82,D01,2,D01_P002_SEC_1_1_PAR001,,true,true,false
implementation,1,88,78,D01,2,D01_P002_SEC_1_1_PAR001,,false,true,false
rise,1,88,78,D01,27,D01_P027_SEC_1_35_PAR001,,false,true,false
listed,1,88,56,D02,6,D02_P006_SEC_2_9_PAR001,,false,true,false
category,1,88,59,D02,15,D02_P015_SEC_2_26_PAR002,,false,true,false
taken,1,87,81,D01,18,D01_P018_SEC_1_27_PAR001,,false,true,false
implemented,1,87,80,D02,4,D02_P004_SEC_2_6_PAR001,,false,true,false
people,1,87,73,D03,22,D03_P022_SEC_3_41_PAR007,,false,true,false
members,1,87,62,D03,37,D03_P037_SEC_3_71_PAR004,,false,true,false
asset,1,86,78,D01,21,D01_BOX005,,false,true,false
d,1,86,74,D01,21,D01_BOX005,,false,true,false
real,1,86,74,D01,1,D01_P001_UNKNOWN_PAR003,,false,true,false
30,1,86,80,D01,4,D01_P004_SEC_1_3_PAR001,,false,true,false
yoy,1,86,50,D01,4,D01_P004_SEC_1_5_PAR001,,false,true,false
expanded,1,86,85,D01,8,D01_P008_SEC_1_6_PAR002,,false,true,false
integrated,1,86,82,D01,21,D01_P021_UNKNOWN_PAR002,,false,true,false
transparency,1,86,84,D01,23,D01_P023_SEC_1_28_PAR012,,false,true,false
targeted,1,86,81,D01,28,D01_P028_SEC_1_39_PAR001,,false,true,false
settlement,1,86,53,D01,33,D01_P033_SEC_3_PAR002,,false,true,false
incentives,1,86,78,D02,30,D02_P030_UNKNOWN_PAR003,,false,true,false
participants,1,86,77,D03,2,D03_P002_SEC_3_4_PAR001,,false,true,false
enterprises,1,85,70,D01,21,D01_BOX005,,false,true,false
available,1,85,80,D01,11,D01_P011_SEC_1_10_PAR001,,false,true,false
observed,1,85,78,D01,11,D01_P011_SEC_1_10_PAR001,,false,true,false
gross,1,85,72,D01,12,D01_P012_SEC_1_12_PAR001,,false,true,false
sources,1,85,75,D01,22,D01_P022_SEC_1_28_PAR009,,false,true,false
adoption,1,85,82,D01,23,D01_P023_SEC_1_28_PAR007,,false,true,false
reduced,1,85,81,D01,33,D01_P033_SEC_1_PAR007,,false,true,false
issues,1,85,66,D02,11,D02_P011_UNKNOWN_PAR001,,false,true,false
turnover,1,85,57,D02,12,D02_P012_SEC_2_20_PAR001,,false,true,false
monetary,1,84,75,D01,5,D01_BOX001,monetary,false,true,false
recorded,1,84,80,D01,12,D01_P012_SEC_1_12_PAR001,,false,true,false
decline,1,84,73,D01,15,D01_P015_SEC_1_19_PAR001,,false,true,false
households,1,83,66,D01,21,D01_BOX005,,false,true,false
who,1,83,71,D01,6,D01_P006_SEC_1_6_PAR005,,true,true,false
20,1,83,73,D01,19,D01_P019_UNKNOWN_PAR002,,false,true,false
analysis,1,83,75,D01,21,D01_P021_UNKNOWN_PAR002,,false,true,false
providing,1,83,83,D01,22,D01_P022_SEC_1_28_PAR001,,false,true,false
required,1,83,80,D02,2,D02_P002_SEC_2_2_PAR001,,false,true,false
designed,1,83,77,D02,30,D02_P030_UNKNOWN_PAR002,,false,true,false
currency,1,83,60,D02,33,D02_P033_UNKNOWN_PAR001,currency,false,true,false
farmers,1,83,62,D03,18,D03_P018_SEC_3_32_PAR001,,false,true,false
capability,1,83,73,D03,31,D03_P031_SEC_3_50_PAR003,,false,true,false
declined,1,82,77,D01,2,D01_P002_SEC_1_1_PAR001,,false,true,false
led,1,82,80,D01,3,D01_P003_SEC_1_3_PAR001,,false,true,false
related,1,82,77,D01,13,D01_P013_SEC_1_14_PAR001,,false,true,false
making,1,82,82,D02,10,D02_P010_UNKNOWN_PAR008,,false,true,false
working,1,82,72,D02,11,D02_P011_UNKNOWN_PAR001,,false,true,false
evolving,1,81,80,D01,1,D01_P001_UNKNOWN_PAR006,,false,true,false
policies,1,81,76,D01,5,D01_P005_SEC_1_5_PAR002,,false,true,false
low,1,81,74,D01,10,D01_P010_SEC_1_9_PAR001,,false,true,false
factors,1,81,72,D01,19,D01_P019_UNKNOWN_PAR002,,false,true,false
inclusive,1,81,77,D01,30,D01_P030_SEC_1_41_PAR001,,false,true,false
less,1,81,74,D02,22,D02_BOX011,,false,true,false
part,1,81,80,D02,7,D02_P007_SEC_2_14_PAR001,,false,true,false
alongside,1,80,80,D01,21,D01_BOX005,,false,true,false
offer,1,80,66,D01,21,D01_BOX005,,false,true,false
momentum,1,80,73,D01,1,D01_P001_UNKNOWN_PAR003,,false,true,false
resilient,1,80,79,D01,8,D01_P008_SEC_1_6_PAR003,,false,true,false
14,1,80,72,D01,15,D01_P015_SEC_1_17_PAR002,,false,true,false
inclusion,1,80,72,D01,23,D01_P023_SEC_1_28_PAR008,,false,true,false
commercial,1,80,70,D01,26,D01_P026_SEC_1_33_PAR001,,false,true,false
skilling,1,80,62,D01,29,D01_P029_SEC_1_40_PAR001,,false,true,false
formal,1,80,69,D02,10,D02_P010_UNKNOWN_PAR007,,false,true,false
authority,1,80,70,D02,23,D02_P023_UNKNOWN_PAR001,,false,true,false
bond,1,79,56,D01,4,D01_P004_SEC_1_3_PAR001,bond,false,true,false
context,1,79,76,D01,5,D01_P005_SEC_1_6_PAR001,,false,true,false
many,1,79,78,D01,20,D01_P020_UNKNOWN_PAR003,,false,true,false
portfolio,1,79,67,D01,28,D01_P028_SEC_1_36_PAR001,,false,true,false
help,1,79,77,D01,30,D01_P030_SEC_1_44_PAR001,,false,true,false
etc,1,79,70,D02,9,D02_P009_UNKNOWN_PAR002,,false,true,false
transfer,1,79,67,D02,12,D02_P012_SEC_2_19_PAR001,,false,true,false
requires,1,79,78,D02,13,D02_P013_SEC_2_23_PAR001,,false,true,false
school,1,79,53,D02,30,D02_P030_UNKNOWN_PAR001,,false,true,false
review,1,79,66,D02,30,D02_P030_UNKNOWN_PAR002,,false,true,false
committee,1,79,52,D03,36,D03_BOX013,,false,true,false
basis,1,78,66,D01,2,D01_P002_SEC_1_1_PAR001,,false,true,false
addition,1,78,74,D01,14,D01_P014_SEC_1_16_PAR001,,false,true,false
followed,1,78,72,D01,32,D01_P032_SEC_1_PAR001,,false,true,false
bharat,1,78,73,D02,10,D02_P010_UNKNOWN_PAR009,,false,true,false
issued,1,78,68,D02,17,D02_P017_UNKNOWN_PAR003,,false,true,false
indicators,1,77,67,D01,18,D01_BOX003,,false,true,false
household,1,77,65,D01,21,D01_BOX005,,false,true,false
developing,1,77,65,D01,2,D01_P002_SEC_1_1_PAR001,,false,true,false
each,1,77,71,D01,19,D01_P019_UNKNOWN_PAR006,,true,true,false
processing,1,77,69,D01,22,D01_P022_SEC_1_28_PAR006,,false,true,false
24,1,77,67,D01,23,D01_P023_SEC_1_28_PAR010,,false,true,false
loans,1,77,58,D01,26,D01_P026_SEC_1_33_PAR001,loans,false,true,false
payments,1,77,69,D01,28,D01_P028_SEC_1_36_PAR001,payments,false,true,false
delivery,1,77,70,D01,34,D01_P034_SEC_3_PAR002,,false,true,false
filed,1,77,46,D02,5,D02_P005_SEC_2_8_PAR001,,false,true,false
housing,1,77,50,D02,18,D02_P018_SEC_2_29_PAR001,,false,true,false
multiple,1,76,71,D01,18,D01_BOX003,,false,true,false
developments,1,76,74,D01,1,D01_P001_UNKNOWN_PAR004,,false,true,false
budget,1,76,59,D01,4,D01_P004_SEC_1_3_PAR001,budget,false,true,false
output,1,76,60,D01,14,D01_P014_SEC_1_16_PAR001,output,false,true,false
import,1,76,65,D01,24,D01_P024_SEC_1_30_PAR001,import,false,true,false
physical,1,76,65,D01,31,D01_P031_SEC_1_46_PAR002,,false,true,false
position,1,76,72,D02,2,D02_P002_SEC_2_2_PAR001,,false,true,false
doing,1,76,68,D03,60,D03_BOX021,,false,true,false
benefits,1,75,72,D01,7,D01_P007_SEC_1_6_PAR006,,false,true,false
green,1,75,55,D01,8,D01_P008_SEC_1_6_PAR002,,false,true,false
16,1,75,69,D01,8,D01_P008_SEC_1_6_PAR003,,false,true,false
base,1,75,68,D01,14,D01_P014_SEC_1_15_PAR001,,false,true,false
below,1,75,73,D01,14,D01_P014_SEC_1_17_PAR001,,true,true,false
second,1,75,71,D01,15,D01_P015_SEC_1_18_PAR001,,false,true,false
pradesh,1,75,41,D02,24,D02_P024_SEC_2_39_PAR002,,false,true,false
citizens,1,75,58,D03,60,D03_BOX021,,false,true,false
miis,1,75,54,D03,37,D03_P037_SEC_3_71_PAR002,,false,true,false
schools,1,75,48,D06,22,D06_P022_SEC_6_35_PAR001,,false,true,false
reflects,1,74,72,D01,5,D01_BOX001,,false,true,false
strengthened,1,74,74,D01,1,D01_P001_UNKNOWN_PAR003,,false,true,false
reform,1,74,70,D01,1,D01_P001_UNKNOWN_PAR006,,false,true,false
creation,1,74,70,D01,6,D01_P006_SEC_1_6_PAR005,,false,true,false
administrative,1,74,67,D01,22,D01_P022_SEC_1_28_PAR009,,false,true,false
cash,1,74,61,D01,25,D01_P025_SEC_1_31_PAR001,,false,true,false
inflows,1,74,54,D01,27,D01_P027_SEC_1_35_PAR001,,false,true,false
next,1,74,72,D02,11,D02_P011_SEC_2_18_PAR001,,false,true,false
amendment,1,74,72,D02,16,D02_P016_SEC_2_26_PAR001,,false,true,false
continue,1,73,72,D01,1,D01_P001_UNKNOWN_PAR003,,false,true,false
toward,1,73,71,D01,6,D01_P006_SEC_1_6_PAR004,,false,true,false
13,1,73,60,D01,12,D01_P012_SEC_1_12_PAR001,,false,true,false
reduction,1,73,65,D01,26,D01_P026_SEC_1_33_PAR001,,false,true,false
pm,1,73,56,D02,17,D02_P017_UNKNOWN_PAR007,,false,true,false
promoting,1,72,72,D01,5,D01_BOX001,,false,true,false
gap,1,72,63,D01,21,D01_BOX005,,false,true,false
relatively,1,72,69,D01,2,D01_P002_SEC_1_1_PAR001,,false,true,false
transport,1,72,66,D01,9,D01_P009_SEC_1_8_PAR002,,false,true,false
improvement,1,72,68,D01,10,D01_P010_SEC_1_9_PAR001,,false,true,false
single,1,72,64,D01,22,D01_P022_SEC_1_28_PAR015,,false,true,false
resource,1,72,67,D01,30,D01_P030_SEC_1_41_PAR001,,false,true,false
so,1,72,70,D02,15,D02_P015_SEC_2_26_PAR002,,true,true,false
savings,1,72,58,D02,17,D02_P017_UNKNOWN_PAR003,savings,false,true,false
what,1,72,57,D02,22,D02_P022_SEC_2_33_PAR001,,false,true,false
intermediaries,1,72,66,D03,12,D03_P012_SEC_3_18_PAR001,,false,true,false
bse,1,72,58,D03,35,D03_P035_SEC_3_65_PAR001,,false,true,false
connectivity,1,72,63,D04,3,D04_P003_SEC_4_7_PAR001,,false,true,false
storage,1,72,49,D05,12,D05_P012_SEC_5_20_PAR001,,false,true,false
ui,1,72,16,D17,36,D17_P036_UNKNOWN_PAR001,,false,true,false
past,1,71,64,D01,5,D01_BOX001,,false,true,false
rapid,1,71,70,D01,5,D01_BOX001,,false,true,false
does,1,71,68,D01,5,D01_BOX001,,true,true,false
constraints,1,71,67,D01,1,D01_P001_UNKNOWN_PAR003,,false,true,false
25,1,71,67,D01,2,D01_P002_SEC_1_1_PAR002,,false,true,false
substantial,1,71,70,D01,4,D01_P004_SEC_1_3_PAR001,,false,true,false
gst,1,71,55,D01,11,D01_P011_SEC_1_11_PAR001,gst,false,true,false
waste,1,71,46,D02,10,D02_P010_UNKNOWN_PAR008,,false,true,false
control,1,71,60,D02,11,D02_P011_SEC_2_18_PAR001,,false,true,false
programs,1,71,59,D03,54,D03_T002,,false,true,false
source,1,70,68,D01,6,D01_P006_SEC_1_6_PAR002,,false,true,false
offers,1,70,60,D01,6,D01_P006_SEC_1_6_PAR005,,false,true,false
city,1,70,53,D01,6,D01_P006_SEC_1_6_PAR007,,false,true,false
mechanism,1,70,64,D01,8,D01_P008_SEC_1_6_PAR001,,false,true,false
respectively,1,70,63,D01,14,D01_P014_SEC_1_15_PAR001,,false,true,false
segments,1,70,62,D01,16,D01_P016_SEC_1_21_PAR001,,false,true,false
portal,1,70,51,D01,23,D01_P023_SEC_1_28_PAR009,,false,true,false
frameworks,1,70,70,D01,34,D01_P034_SEC_3_PAR001,,false,true,false
options,1,70,51,D02,11,D02_P011_UNKNOWN_PAR001,,false,true,false
held,1,70,64,D02,13,D02_P013_SEC_2_23_PAR001,,false,true,false
future,1,69,64,D01,18,D01_BOX003,,false,true,false
used,1,69,65,D01,4,D01_P004_SEC_1_3_PAR001,,false,true,false
direct,1,69,63,D01,4,D01_P004_SEC_1_5_PAR001,,false,true,false
group,1,69,55,D01,22,D01_P022_SEC_1_28_PAR001,,false,true,false
coordination,1,69,62,D01,22,D01_P022_SEC_1_28_PAR007,,false,true,false
additionally,1,69,69,D01,27,D01_P027_SEC_1_34_PAR001,,false,true,false
safety,1,69,57,D01,29,D01_P029_SEC_1_40_PAR001,,false,true,false
provisions,1,69,58,D01,29,D01_P029_SEC_1_40_PAR001,,false,true,false
shocks,1,69,61,D01,31,D01_P031_SEC_1_45_PAR002,,false,true,false
population,1,69,48,D03,1,D03_P001_UNKNOWN_PAR005,,false,true,false
case,1,68,64,D01,31,D01_BOX007,,false,true,false
supporting,1,68,68,D01,1,D01_P001_UNKNOWN_PAR005,,false,true,false
imports,1,68,51,D01,2,D01_P002_SEC_1_1_PAR001,imports,false,true,false
mobility,1,68,59,D01,6,D01_P006_SEC_1_6_PAR004,,false,true,false
china,1,68,54,D01,7,D01_P007_SEC_1_6_PAR008,,false,true,false
shared,1,68,60,D01,19,D01_P019_UNKNOWN_PAR002,,false,true,false
open,1,68,57,D01,26,D01_P026_SEC_1_33_PAR001,,false,true,false
online,1,68,60,D02,11,D02_P011_SEC_2_17_PAR001,,false,true,false
company,1,68,40,D02,13,D02_P013_SEC_2_23_PAR001,,false,true,false
environmental,1,68,51,D02,17,D02_P017_UNKNOWN_PAR008,,false,true,false
hon'ble,1,68,48,D08,43,D08_P043_SEC_8_72_PAR003,,false,true,false
nism,1,68,50,D22,36,D22_P036_SEC_4_8_PAR005,,false,true,false
tools,1,67,64,D01,5,D01_BOX001,,false,true,false
bonds,1,67,44,D01,4,D01_P004_SEC_1_3_PAR001,bonds,false,true,false
response,1,67,65,D01,7,D01_P007_SEC_1_6_PAR009,,false,true,false
h,1,67,44,D01,9,D01_P009_SEC_1_8_PAR002,,false,true,false
inputs,1,67,61,D01,15,D01_P015_SEC_1_18_PAR001,,false,true,false
common,1,67,62,D01,20,D01_P020_UNKNOWN_PAR003,,false,true,false
disclosure,1,67,52,D02,36,D02_P036_SEC_2_50_PAR001,,false,true,false
additional,1,66,59,D01,11,D01_P011_SEC_1_10_PAR001,,false,true,false
operations,1,66,60,D01,22,D01_P022_SEC_1_28_PAR006,,false,true,false
workforce,1,66,60,D01,29,D01_P029_SEC_1_40_PAR001,,false,true,false
human,1,66,56,D01,30,D01_P030_SEC_1_41_PAR001,,false,true,false
general,1,66,49,D02,2,D02_P002_SEC_2_2_PAR001,,false,true,false
engagement,1,66,63,D03,20,D03_P020_SEC_3_40_PAR001,,false,true,false
knowledge,1,66,60,D04,13,D04_P013_SEC_4_33_PAR001,,false,true,false
23,1,65,57,D01,21,D01_BOX005,,false,true,false
associated,1,65,59,D01,7,D01_P007_SEC_1_6_PAR008,,false,true,false
trend,1,65,55,D01,10,D01_P010_SEC_1_9_PAR001,,false,true,false
diversification,1,65,59,D01,13,D01_P013_SEC_1_14_PAR001,,false,true,false
welfare,1,65,54,D01,29,D01_P029_SEC_1_41_PAR001,,false,true,false
commodity,1,65,48,D01,30,D01_P030_SEC_1_43_PAR001,,false,true,false
expand,1,65,65,D02,22,D02_BOX011,,false,true,false
c.,1,65,64,D04,23,D04_P023_UNKNOWN_PAR006,,false,true,false
form,1,64,60,D01,18,D01_BOX003,,false,true,false
undertaken,1,64,62,D01,21,D01_BOX005,,false,true,false
pressures,1,64,58,D01,1,D01_P001_UNKNOWN_PAR002,,false,true,false
primarily,1,64,64,D01,2,D01_P002_SEC_1_1_PAR001,,false,true,false
facilitate,1,64,64,D01,3,D01_P003_SEC_1_2_PAR002,,false,true,false
globally,1,64,63,D01,3,D01_P003_SEC_1_3_PAR001,,false,true,false
norms,1,64,54,D01,6,D01_P006_SEC_1_6_PAR006,,false,true,false
relative,1,64,56,D01,7,D01_P007_SEC_1_6_PAR003,,false,true,false
enhanced,1,64,63,D01,8,D01_P008_SEC_1_6_PAR002,,false,true,false
furthermore,1,64,63,D01,11,D01_P011_SEC_1_11_PAR001,,false,true,false
contrast,1,64,62,D01,15,D01_P015_SEC_1_17_PAR002,,false,true,false
life,1,64,57,D01,30,D01_P030_SEC_1_41_PAR001,,false,true,false
do,1,64,62,D02,22,D02_BOX011,,true,true,false
r,1,64,55,D02,2,D02_P002_SEC_2_1_PAR001,,false,true,false
individual,1,64,57,D02,4,D02_P004_SEC_2_6_PAR001,,false,true,false
mechanisms,1,64,63,D02,30,D02_P030_UNKNOWN_PAR002,,false,true,false
specific,1,64,60,D02,34,D02_P034_UNKNOWN_PAR002,,false,true,false
collaboration,1,64,60,D03,29,D03_BOX011,,false,true,false
media,1,64,52,D03,4,D03_P004_SEC_3_7_PAR001,,false,true,false
retail,1,64,59,D03,5,D03_P005_SEC_3_8_PAR004,,false,true,false
yojana,1,64,46,D03,27,D03_P027_SEC_3_49_PAR001,,false,true,false
application,1,64,54,D03,37,D03_P037_SEC_3_71_PAR007,,false,true,false
macroeconomic,1,63,60,D01,21,D01_BOX005,macroeconomic,false,true,false
result,1,63,61,D01,2,D01_P002_SEC_1_1_PAR001,,false,true,false
ministry,1,63,60,D01,9,D01_P009_SEC_1_8_PAR002,,false,true,false
17,1,63,62,D01,14,D01_P014_SEC_1_17_PAR001,,false,true,false
special,1,63,53,D01,25,D01_P025_SEC_1_31_PAR001,,false,true,false
liquidity,1,63,52,D01,26,D01_P026_SEC_1_33_PAR001,liquidity,false,true,false
28,1,63,60,D01,28,D01_P028_SEC_1_36_PAR001,,false,true,false
flexibility,1,63,58,D01,29,D01_P029_SEC_1_40_PAR001,,false,true,false
range,1,63,61,D01,31,D01_P031_SEC_1_46_PAR001,,false,true,false
recovery,1,63,46,D01,32,D01_P032_SEC_1_PAR001,,false,true,false
already,1,63,59,D02,11,D02_P011_UNKNOWN_PAR001,,false,true,false
suggests,1,62,60,D01,11,D01_P011_SEC_1_10_PAR001,,false,true,false
volatility,1,62,56,D01,13,D01_P013_SEC_1_14_PAR001,,false,true,false
structure,1,62,60,D01,23,D01_P023_SEC_1_28_PAR012,,false,true,false
board,1,62,53,D01,33,D01_P033_SEC_3_PAR001,,false,true,false
receipts,1,62,43,D02,15,D02_BOX005,,false,true,false
clear,1,62,60,D02,2,D02_P002_SEC_2_1_PAR001,,false,true,false
sustainability,1,62,52,D02,3,D02_P003_SEC_2_3_PAR001,,false,true,false
similar,1,62,60,D02,23,D02_P023_SEC_2_37_PAR001,,false,true,false
yet,1,62,58,D02,34,D02_P034_UNKNOWN_PAR002,,false,true,false
others,1,62,59,D03,16,D03_P016_SEC_3_27_PAR001,,false,true,false
₹crore,1,62,29,D10,29,D10_T001,,false,true,false
18,1,61,54,D01,18,D01_BOX003,,false,true,false
half,1,61,54,D01,1,D01_P001_UNKNOWN_PAR004,,false,true,false
highlights,1,61,61,D01,1,D01_P001_UNKNOWN_PAR004,,false,true,false
becomes,1,61,52,D01,11,D01_P011_SEC_1_10_PAR001,,false,true,false
accounts,1,61,49,D01,14,D01_P014_SEC_1_17_PAR001,,false,true,false
19,1,61,53,D01,19,D01_P019_SEC_1_27_PAR002,,false,true,false
days,1,61,40,D01,22,D01_P022_SEC_1_28_PAR006,,false,true,false
aligned,1,61,60,D01,23,D01_P023_SEC_1_28_PAR010,,false,true,false
27,1,61,56,D01,26,D01_P026_SEC_1_33_PAR001,,false,true,false
experienced,1,61,57,D01,28,D01_P028_SEC_1_36_PAR001,,false,true,false
set,1,61,61,D01,34,D01_P034_SEC_3_PAR002,,false,true,false
oil,1,61,46,D02,7,D02_P007_SEC_2_12_PAR001,oil,false,true,false
minimum,1,61,51,D02,13,D02_P013_SEC_2_21_PAR001,,false,true,false
study,1,61,55,D02,28,D02_P028_UNKNOWN_PAR005,,false,true,false
cy,1,61,26,D03,3,D03_P003_SEC_3_5_PAR001,,false,true,false
vocational,1,61,36,D11,19,D11_BOX009,,false,true,false
traditional,1,60,53,D01,5,D01_BOX001,,false,true,false
technical,1,60,51,D01,21,D01_BOX005,,false,true,false
whether,1,60,50,D01,31,D01_BOX007,,false,true,false
s,1,60,44,D01,5,D01_P005_SEC_1_6_PAR001,,false,true,false
objective,1,60,59,D01,7,D01_P007_SEC_1_6_PAR007,,false,true,false
allocation,1,60,50,D01,8,D01_P008_SEC_1_6_PAR002,,false,true,false
22,1,60,56,D01,20,D01_P020_UNKNOWN_PAR001,,false,true,false
fpi,1,60,44,D01,28,D01_P028_SEC_1_36_PAR001,fpi,false,true,false
behaviour,1,60,51,D02,5,D02_BOX001,,false,true,false
children,1,60,45,D02,30,D02_P030_UNKNOWN_PAR001,,false,true,false
effectively,1,59,59,D01,6,D01_P006_SEC_1_6_PAR007,,false,true,false
bodies,1,59,51,D01,7,D01_P007_SEC_1_6_PAR002,,false,true,false
challenge,1,59,56,D01,8,D01_P008_SEC_1_6_PAR002,,false,true,false
electricity,1,59,37,D01,16,D01_P016_SEC_1_20_PAR001,,false,true,false
union,1,59,54,D01,22,D01_P022_SEC_1_28_PAR007,,false,true,false
funding,1,59,54,D01,27,D01_P027_SEC_1_34_PAR001,,false,true,false
align,1,59,59,D01,29,D01_P029_SEC_1_40_PAR001,,false,true,false
trust,1,59,49,D02,2,D02_P002_UNKNOWN_PAR003,,false,true,false
brokers,1,59,39,D03,43,D03_P043_SEC_3_74_PAR005,,false,true,false
indispensability,1,58,52,D01,5,D01_BOX001,,false,true,false
objectives,1,58,55,D01,5,D01_BOX001,,false,true,false
steady,1,58,57,D01,1,D01_P001_UNKNOWN_PAR006,,false,true,false
i.,1,58,49,D01,2,D01_P002_SEC_1_1_PAR001,,false,true,false
strength,1,58,54,D01,10,D01_P010_SEC_1_9_PAR001,,false,true,false
changes,1,58,53,D01,22,D01_P022_SEC_1_28_PAR010,,false,true,false
trajectory,1,58,58,D01,24,D01_P024_SEC_1_29_PAR001,,false,true,false
aims,1,58,56,D01,29,D01_P029_SEC_1_40_PAR001,,false,true,false
job,1,58,45,D01,29,D01_P029_SEC_1_40_PAR001,,false,true,false
th,1,58,37,D02,8,D02_BOX003,,false,true,false
necessary,1,58,58,D02,16,D02_P016_SEC_2_28_PAR001,,false,true,false
pension,1,58,37,D02,22,D02_P022_SEC_2_36_PAR001,,false,true,false
v.,1,58,54,D05,2,D05_P002_SEC_5_1_PAR001,,false,true,false
reached,1,57,56,D01,4,D01_P004_SEC_1_3_PAR001,,false,true,false
landscape,1,57,56,D01,6,D01_P006_SEC_1_6_PAR005,,false,true,false
just,1,57,55,D01,6,D01_P006_SEC_1_6_PAR007,,false,true,false
shifts,1,57,54,D01,11,D01_P011_SEC_1_9_PAR002,,false,true,false
availability,1,57,52,D01,15,D01_P015_SEC_1_18_PAR001,,false,true,false
directly,1,57,56,D01,29,D01_P029_SEC_1_41_PAR001,,false,true,false
input,1,57,50,D01,32,D01_P032_SEC_1_46_PAR001,,false,true,false
five,1,57,56,D02,34,D02_BOX017,,false,true,false
categories,1,57,48,D02,15,D02_P015_SEC_2_26_PAR002,,false,true,false
especially,1,57,56,D02,27,D02_P027_SEC_2_41_PAR001,,false,true,false
competition,1,56,50,D01,5,D01_BOX001,,false,true,false
amid,1,56,56,D01,1,D01_P001_UNKNOWN_PAR004,,false,true,false
continues,1,56,53,D01,1,D01_P001_UNKNOWN_PAR005,,false,true,false
ongoing,1,56,54,D01,1,D01_P001_UNKNOWN_PAR006,,false,true,false
last,1,56,54,D01,2,D01_P002_SEC_1_1_PAR001,,false,true,false
indicating,1,56,53,D01,3,D01_P003_SEC_1_2_PAR002,,false,true,false
four,1,56,53,D01,4,D01_P004_SEC_1_5_PAR001,,false,true,false
2023,1,56,50,D01,8,D01_P008_SEC_1_6_PAR001,,false,true,false
importance,1,56,55,D01,21,D01_P021_SEC_1_28_PAR001,,false,true,false
improvements,1,56,52,D01,22,D01_P022_SEC_1_28_PAR009,,false,true,false
registration,1,56,45,D01,29,D01_P029_SEC_1_40_PAR001,,false,true,false
oversight,1,56,51,D02,11,D02_P011_SEC_2_18_PAR001,,false,true,false
network,1,56,45,D02,16,D02_P016_SEC_2_26_PAR001,,false,true,false
contracts,1,56,43,D03,36,D03_BOX013,,false,true,false
1992,1,56,40,D03,36,D03_BOX013,,false,true,false
largest,1,56,50,D03,10,D03_P010_SEC_3_13_PAR001,,false,true,false
certification,1,56,44,D06,12,D06_P012_SEC_6_19_PAR001,,false,true,false
internal,1,55,46,D01,18,D01_BOX003,,false,true,false
dynamics,1,55,54,D01,3,D01_P003_SEC_1_3_PAR001,,false,true,false
rose,1,55,54,D01,4,D01_P004_SEC_1_5_PAR001,,false,true,false
different,1,55,53,D01,6,D01_P006_SEC_1_6_PAR006,,false,true,false
industries,1,55,52,D01,7,D01_P007_SEC_1_6_PAR006,industries,false,true,false
communication,1,55,52,D01,18,D01_P018_SEC_1_25_PAR001,,false,true,false
december 2025,1,55,47,D01,21,D01_P021_UNKNOWN_PAR002,,false,true,false
gig,1,55,30,D01,29,D01_P029_SEC_1_40_PAR001,,false,true,false
accounting,1,55,53,D01,31,D01_P031_SEC_1_46_PAR003,,false,true,false
nature,1,55,52,D02,14,D02_P014_SEC_2_25_PAR001,,false,true,false
livelihoods,1,55,46,D03,27,D03_BOX009,,false,true,false
require,1,55,53,D03,64,D03_BOX023,,false,true,false
clearing,1,55,28,D03,38,D03_P038_UNKNOWN_PAR003,,false,true,false
area,1,55,44,D03,57,D03_P057_SEC_3_99_PAR004,,false,true,false
21,1,54,46,D01,21,D01_BOX005,,false,true,false
productive,1,54,53,D01,31,D01_BOX007,,false,true,false
largely,1,54,53,D01,1,D01_P001_UNKNOWN_PAR003,,false,true,false
2020,1,54,48,D01,4,D01_P004_SEC_1_3_PAR001,,false,true,false
our,1,54,44,D01,5,D01_P005_SEC_1_6_PAR001,,false,true,false
stress,1,54,49,D01,6,D01_P006_SEC_1_6_PAR005,,false,true,false
november 2025,1,54,48,D01,11,D01_P011_SEC_1_11_PAR001,,false,true,false
shows,1,54,52,D01,13,D01_P013_SEC_1_13_PAR001,,false,true,false
29,1,54,48,D01,29,D01_P029_SEC_1_40_PAR001,,false,true,false
day,1,54,39,D01,29,D01_P029_SEC_1_41_PAR001,,false,true,false
msmes,1,54,44,D01,31,D01_P031_SEC_1_46_PAR002,,false,true,false
allowing,1,54,53,D01,33,D01_P033_SEC_3_PAR002,,false,true,false
age,1,54,40,D02,2,D02_P002_UNKNOWN_PAR002,,false,true,false
create,1,54,51,D02,14,D02_P014_SEC_2_25_PAR001,,false,true,false
established,1,54,51,D03,20,D03_P020_SEC_3_40_PAR001,,false,true,false
competitive,1,54,53,D03,44,D03_P044_SEC_3_75_PAR001,,false,true,false
communities,1,54,49,D06,32,D06_P032_SEC_6_60_PAR001,,false,true,false
coverage,1,53,46,D01,21,D01_BOX005,,false,true,false
formation,1,53,50,D01,1,D01_P001_UNKNOWN_PAR003,,false,true,false
exposure,1,53,51,D01,6,D01_P006_SEC_1_6_PAR002,,false,true,false
meet,1,53,50,D01,22,D01_P022_SEC_1_28_PAR004,,false,true,false
transfers,1,53,40,D01,25,D01_P025_SEC_1_31_PAR001,,false,true,false
26,1,53,50,D01,26,D01_P026_SEC_1_33_PAR001,,false,true,false
individuals,1,53,49,D02,5,D02_P005_SEC_2_8_PAR001,,false,true,false
crore,1,53,39,D02,26,D02_P026_SEC_2_40_PAR001,,false,true,false
sat,1,53,32,D22,8,D22_P008_SEC_4_1_3_PAR001,,false,true,false
certain,1,52,50,D01,2,D01_P002_SEC_1_1_PAR001,,false,true,false
united,1,52,43,D01,4,D01_P004_SEC_1_5_PAR001,,false,true,false
details,1,52,51,D01,15,D01_P015_SEC_1_17_PAR002,,false,true,false
faster,1,52,50,D01,22,D01_P022_SEC_1_28_PAR006,,false,true,false
reports,1,52,45,D01,22,D01_P022_SEC_1_28_PAR006,,false,true,false
informal,1,52,39,D01,22,D01_P022_SEC_1_28_PAR009,,false,true,false
rating,1,52,34,D01,25,D01_P025_SEC_1_31_PAR001,,false,true,false
forward,1,52,49,D01,28,D01_P028_SEC_1_38_PAR001,,false,true,false
efficient,1,52,51,D02,6,D02_P006_SEC_2_8_PAR002,,false,true,false
play,1,52,50,D02,11,D02_P011_SEC_2_18_PAR001,,false,true,false
proceedings,1,52,41,D03,32,D03_P032_SEC_3_54_PAR001,,false,true,false
units,1,52,38,D03,43,D03_P043_SEC_3_74_PAR005,,false,true,false
staff,1,52,35,D06,22,D06_P022_SEC_6_35_PAR001,,false,true,false
incomes,1,51,46,D01,21,D01_BOX005,,false,true,false
chain,1,51,49,D01,4,D01_P004_SEC_1_5_PAR001,,false,true,false
limits,1,51,45,D01,6,D01_P006_SEC_1_6_PAR002,,false,true,false
strategies,1,51,49,D01,6,D01_P006_SEC_1_6_PAR004,,false,true,false
renewable,1,51,36,D01,7,D01_P007_SEC_1_6_PAR006,,false,true,false
decade,1,51,47,D01,8,D01_P008_SEC_1_6_PAR003,,false,true,false
aimed,1,51,51,D01,22,D01_P022_SEC_1_28_PAR006,,false,true,false
fy24,1,51,44,D01,24,D01_P024_SEC_1_29_PAR003,,false,true,false
line,1,51,42,D01,29,D01_P029_SEC_1_41_PAR001,,false,true,false
deployment,1,51,42,D02,22,D02_BOX011,,false,true,false
code,1,51,42,D02,9,D02_P009_UNKNOWN_PAR005,,false,true,false
fees,1,51,26,D02,12,D02_P012_SEC_2_19_PAR002,,false,true,false
actions,1,51,39,D02,13,D02_P013_SEC_2_22_PAR001,,false,true,false
yield,1,51,37,D02,16,D02_P016_SEC_2_27_PAR001,yield,false,true,false
g,1,51,32,D02,39,D02_P039_UNKNOWN_PAR002,,false,true,false
processes,1,51,48,D03,64,D03_BOX023,,false,true,false
generation,1,50,49,D01,21,D01_BOX005,,false,true,false
according,1,50,50,D01,2,D01_P002_SEC_1_1_PAR001,,false,true,false
governments,1,50,48,D01,4,D01_P004_SEC_1_3_PAR001,,false,true,false
highest,1,50,47,D01,4,D01_P004_SEC_1_3_PAR001,,false,true,false
phase,1,50,46,D01,5,D01_P005_SEC_1_6_PAR001,,false,true,false
networks,1,50,45,D01,8,D01_P008_SEC_1_6_PAR003,,false,true,false
agencies,1,50,43,D01,9,D01_P009_SEC_1_8_PAR002,,false,true,false
50,1,50,45,D01,18,D01_P018_SEC_1_25_PAR001,,false,true,false
best,1,50,48,D01,22,D01_P022_SEC_1_28_PAR001,,false,true,false
discipline,1,50,48,D01,25,D01_P025_SEC_1_32_PAR001,,false,true,false
active,1,50,45,D01,28,D01_P028_SEC_1_38_PAR001,,false,true,false
poverty,1,50,25,D01,29,D01_P029_SEC_1_41_PAR001,poverty,false,true,false
decisions,1,50,47,D02,34,D02_BOX017,,false,true,false
secure,1,50,47,D02,11,D02_P011_SEC_2_18_PAR001,,false,true,false
linked,1,50,50,D02,22,D02_P022_SEC_2_35_PAR001,,false,true,false
south,1,50,39,D03,46,D03_BOX019,,false,true,false
fpis,1,50,38,D03,49,D03_P049_SEC_3_86_PAR001,,false,true,false
jobs,1,50,39,D03,53,D03_P053_SEC_3_95_PAR001,,false,true,false
institute,1,50,46,D06,19,D06_P019_SEC_6_28_PAR001,,false,true,false
concerns,1,49,46,D01,5,D01_BOX001,,false,true,false
gaps,1,49,44,D01,21,D01_BOX005,,false,true,false
term,1,49,47,D01,1,D01_P001_UNKNOWN_PAR002,,false,true,false
reflected,1,49,49,D01,2,D01_P002_SEC_1_1_PAR001,,false,true,false
merchandise,1,49,33,D01,3,D01_P003_SEC_1_2_PAR002,,false,true,false
concentrated,1,49,48,D01,6,D01_P006_SEC_1_6_PAR002,,false,true,false
highlighting,1,49,48,D01,6,D01_P006_SEC_1_6_PAR007,,false,true,false
crucial,1,49,47,D01,7,D01_P007_SEC_1_6_PAR009,,false,true,false
personal,1,49,44,D01,22,D01_P022_SEC_1_28_PAR006,,false,true,false
lending,1,49,44,D01,26,D01_P026_SEC_1_33_PAR001,lending,false,true,false
affordable,1,49,42,D02,10,D02_P010_UNKNOWN_PAR008,,false,true,false
beneficiaries,1,49,35,D02,14,D02_P014_SEC_2_25_PAR001,,false,true,false
employees,1,49,36,D02,23,D02_P023_UNKNOWN_PAR001,,false,true,false
nutrition,1,49,33,D02,29,D02_P029_UNKNOWN_PAR004,,false,true,false
every,1,49,44,D03,20,D03_P020_SEC_3_40_PAR001,,false,true,false
complex,1,49,43,D03,22,D03_P022_SEC_3_41_PAR005,,false,true,false
persons,1,49,39,D03,42,D03_P042_SEC_3_74_PAR002,,false,true,false
build,1,49,47,D03,60,D03_P060_SEC_3_99_PAR004,,false,true,false
witnessed,1,48,45,D01,5,D01_BOX001,,false,true,false
third,1,48,48,D01,5,D01_BOX001,,false,true,false
estimate,1,48,34,D01,18,D01_BOX003,,false,true,false
months,1,48,39,D01,18,D01_BOX003,,false,true,false
ownership,1,48,43,D01,21,D01_BOX005,,false,true,false
long,1,48,46,D01,2,D01_P002_SEC_1_1_PAR001,,false,true,false
face,1,48,47,D01,3,D01_P003_SEC_1_2_PAR002,,false,true,false
top,1,48,38,D01,4,D01_P004_SEC_1_5_PAR001,,false,true,false
regions,1,48,42,D01,6,D01_P006_SEC_1_6_PAR004,,false,true,false
because,1,48,39,D01,6,D01_P006_SEC_1_6_PAR005,,false,true,false
professional,1,48,48,D01,9,D01_P009_SEC_1_8_PAR002,,false,true,false
indicates,1,48,44,D01,13,D01_P013_SEC_1_13_PAR001,,false,true,false
point,1,48,41,D01,20,D01_P020_UNKNOWN_PAR003,,false,true,false
deeper,1,48,47,D01,28,D01_P028_SEC_1_37_PAR001,,false,true,false
department,1,48,39,D02,5,D02_BOX001,,false,true,false
healthcare,1,48,43,D02,10,D02_P010_UNKNOWN_PAR008,,false,true,false
merely,1,48,48,D02,22,D02_P022_SEC_2_33_PAR001,,false,true,false
size,1,48,43,D03,5,D03_P005_SEC_3_8_PAR002,,false,true,false
groups,1,48,48,D03,18,D03_P018_SEC_3_32_PAR001,,false,true,false
municipal,1,48,36,D03,43,D03_P043_SEC_3_74_PAR003,,false,true,false
futures,1,48,34,D03,43,D03_P043_SEC_3_74_PAR007,,false,true,false
adaptation,1,48,36,D07,2,D07_P002_SEC_7_4_PAR001,,false,true,false
contributed,1,47,45,D01,18,D01_BOX003,,false,true,false
40,1,47,43,D01,2,D01_P002_SEC_1_1_PAR001,,false,true,false
seen,1,47,46,D01,4,D01_P004_SEC_1_3_PAR001,,false,true,false
priorities,1,47,46,D01,6,D01_P006_SEC_1_6_PAR004,,false,true,false
iv,1,47,46,D01,7,D01_P007_SEC_1_6_PAR005,,false,true,false
final,1,47,41,D01,10,D01_P010_SEC_1_9_PAR001,,false,true,false
cent,1,47,40,D01,12,D01_P012_SEC_1_11_PAR001,,false,true,false
enables,1,47,47,D01,22,D01_P022_SEC_1_28_PAR006,,false,true,false
alignment,1,47,46,D01,22,D01_P022_SEC_1_28_PAR016,,false,true,false
2.0,1,47,35,D01,23,D01_P023_SEC_1_28_PAR012,,false,true,false
gold,1,47,32,D01,24,D01_P024_SEC_6_7_PAR002,,false,true,false
way,1,47,47,D01,28,D01_P028_SEC_1_38_PAR001,,false,true,false
focused,1,47,45,D01,29,D01_P029_SEC_1_40_PAR001,,false,true,false
unified,1,47,43,D01,31,D01_P031_SEC_1_46_PAR002,,false,true,false
achieved,1,47,45,D02,1,D02_P001_UNKNOWN_PAR004,,false,true,false
similarly,1,47,46,D02,5,D02_P005_SEC_2_8_PAR002,,false,true,false
view,1,47,45,D02,11,D02_P011_UNKNOWN_PAR001,,false,true,false
rights,1,47,41,D02,13,D02_P013_SEC_2_23_PAR001,,false,true,false
extended,1,47,45,D02,22,D02_P022_SEC_2_35_PAR001,,false,true,false
far,1,47,47,D02,35,D02_P035_SEC_2_46_PAR001,,false,true,false
regulators,1,47,37,D03,64,D03_BOX023,,false,true,false
intermediation,1,47,46,D03,1,D03_P001_SEC_3_1_PAR001,,false,true,false
independent,1,47,38,D03,20,D03_P020_SEC_3_40_PAR001,,false,true,false
documents,1,47,39,D03,32,D03_P032_SEC_3_56_PAR001,,false,true,false
facilitating,1,47,44,D03,45,D03_P045_SEC_3_82_PAR001,,false,true,false
pandemic,1,46,43,D01,18,D01_BOX003,,false,true,false
sectoral,1,46,46,D01,18,D01_BOX003,,false,true,false
path,1,46,46,D01,1,D01_P001_UNKNOWN_PAR006,,false,true,false
ability,1,46,43,D01,4,D01_P004_SEC_1_3_PAR001,,false,true,false
much,1,46,45,D01,5,D01_P005_SEC_1_6_PAR001,,false,true,false
modern,1,46,44,D01,6,D01_P006_SEC_1_6_PAR002,,false,true,false
move,1,46,45,D01,8,D01_P008_SEC_1_6_PAR003,,false,true,false
own,1,46,44,D01,9,D01_P009_SEC_1_8_PAR002,,false,true,false
raised,1,46,42,D01,15,D01_P015_SEC_1_19_PAR001,,false,true,false
components,1,46,42,D01,20,D01_P020_UNKNOWN_PAR003,,false,true,false
structured,1,46,45,D01,23,D01_P023_SEC_1_28_PAR010,,false,true,false
persistent,1,46,46,D01,34,D01_P034_SEC_3_PAR004,,false,true,false
//tinyurl.com/,1,46,36,D02,16,D02_BOX007,,false,true,false
delhi,1,46,37,D02,17,D02_P017_UNKNOWN_PAR006,,false,true,false
highly,1,46,46,D02,34,D02_P034_UNKNOWN_PAR001,,false,true,false
guidelines,1,46,42,D03,16,D03_P016_SEC_3_27_PAR001,,false,true,false
regulated,1,46,40,D03,20,D03_P020_SEC_3_39_PAR001,,false,true,false
shares,1,46,36,D03,36,D03_P036_SEC_3_69_PAR001,,false,true,false
audit,1,46,32,D03,43,D03_P043_SEC_3_74_PAR005,,false,true,false
office,1,46,30,D10,38,D10_BOX019,,false,true,false
achieve,1,45,42,D01,5,D01_BOX001,,false,true,false
covering,1,45,45,D01,21,D01_BOX005,,false,true,false
outlook,1,45,42,D01,1,D01_P001_UNKNOWN_PAR006,,false,true,false
positive,1,45,40,D01,11,D01_P011_SEC_1_11_PAR001,,false,true,false
revenues,1,45,35,D01,19,D01_P019_UNKNOWN_PAR001,,false,true,false
discussed,1,45,45,D01,21,D01_P021_SEC_1_28_PAR001,,false,true,false
periods,1,45,43,D01,21,D01_P021_UNKNOWN_PAR002,,false,true,false
combined,1,45,43,D01,23,D01_P023_SEC_1_28_PAR002,,false,true,false
consumer,1,45,41,D01,23,D01_P023_SEC_1_28_PAR008,,false,true,false
laws,1,45,42,D01,29,D01_P029_SEC_1_40_PAR001,,false,true,false
confidence,1,45,45,D01,30,D01_P030_SEC_1_42_PAR001,,false,true,false
36,1,45,41,D01,33,D01_P033_SEC_1_PAR006,,false,true,false
times,1,45,42,D01,35,D01_P035_SEC_3_PAR002,,false,true,false
architecture,1,45,43,D02,22,D02_BOX011,,false,true,false
kerala,1,45,36,D02,24,D02_P024_SEC_2_39_PAR002,,false,true,false
structures,1,45,40,D02,42,D02_P042_SEC_2_58_PAR001,,false,true,false
orders,1,45,39,D03,19,D03_P019_SEC_3_37_PAR001,,false,true,false
academic,1,45,38,D03,53,D03_P053_SEC_3_96_PAR001,,false,true,false
d.,1,45,44,D04,23,D04_P023_UNKNOWN_PAR006,,false,true,false
partnership,1,45,45,D04,24,D04_P024_SEC_4_51_PAR001,,false,true,false
aim,1,44,42,D01,21,D01_BOX005,,false,true,false
place,1,44,44,D01,1,D01_P001_UNKNOWN_PAR003,,false,true,false
tariff,1,44,35,D01,2,D01_P002_SEC_1_1_PAR001,,false,true,false
includes,1,44,41,D01,3,D01_P003_SEC_1_2_PAR002,,false,true,false
indicate,1,44,42,D01,3,D01_P003_SEC_1_2_PAR002,,false,true,false
resulting,1,44,43,D01,6,D01_P006_SEC_1_6_PAR005,,false,true,false
electronics,1,44,39,D01,7,D01_P007_SEC_1_6_PAR009,,false,true,false
status,1,44,43,D01,9,D01_P009_SEC_1_8_PAR002,,false,true,false
subject,1,44,42,D01,11,D01_P011_SEC_1_10_PAR001,,false,true,false
series,1,44,43,D01,19,D01_P019_UNKNOWN_PAR002,,false,true,false
patterns,1,44,41,D01,23,D01_P023_SEC_1_28_PAR008,,false,true,false
upi,1,44,31,D01,33,D01_P033_SEC_3_PAR002,,false,true,false
transaction,1,44,40,D01,33,D01_P033_SEC_3_PAR002,,false,true,false
effort,1,44,41,D02,2,D02_P002_SEC_2_2_PAR001,,false,true,false
natural,1,44,42,D02,2,D02_P002_SEC_2_2_PAR001,,false,true,false
limit,1,44,39,D02,15,D02_P015_SEC_2_26_PAR002,,false,true,false
secondary,1,44,34,D02,36,D02_P036_SEC_2_50_PAR001,,false,true,false
systemic,1,44,38,D03,10,D03_P010_SEC_3_14_PAR001,,false,true,false
dependence,1,44,44,D03,26,D03_P026_SEC_3_47_PAR004,,false,true,false
pradhan,1,44,38,D03,27,D03_P027_SEC_3_49_PAR001,,false,true,false
appeal,1,44,36,D03,51,D03_P051_SEC_3_88_PAR001,,false,true,false
tribal,1,44,22,D09,12,D09_P012_UNKNOWN_PAR001,,false,true,false
officials,1,44,40,D13,15,D13_P015_SEC_13_40_PAR001,,false,true,false
elevated,1,43,39,D01,1,D01_P001_UNKNOWN_PAR002,,false,true,false
effects,1,43,43,D01,3,D01_P003_SEC_1_2_PAR002,,false,true,false
target,1,43,33,D01,3,D01_P003_SEC_1_2_PAR002,,false,true,false
japan,1,43,37,D01,3,D01_P003_SEC_1_2_PAR002,,false,true,false
2021,1,43,41,D01,4,D01_P004_SEC_1_3_PAR001,,false,true,false
traffic,1,43,30,D01,11,D01_P011_SEC_1_11_PAR001,,false,true,false
monthly,1,43,38,D01,11,D01_P011_SEC_1_11_PAR001,,false,true,false
soil,1,43,27,D01,15,D01_P015_SEC_1_18_PAR001,,false,true,false
effect,1,43,38,D01,24,D01_P024_SEC_1_29_PAR001,,false,true,false
budgeted,1,43,30,D01,24,D01_P024_SEC_1_30_PAR001,,false,true,false
outstanding,1,43,36,D01,26,D01_P026_SEC_1_33_PAR001,,false,true,false
burden,1,43,39,D02,8,D02_BOX003,,false,true,false
2019,1,43,38,D02,8,D02_BOX003,,false,true,false
creating,1,43,41,D02,1,D02_P001_UNKNOWN_PAR004,,false,true,false
2022,1,43,37,D02,6,D02_P006_SEC_2_10_PAR002,,false,true,false
reporting,1,43,29,D02,6,D02_P006_SEC_2_8_PAR001,,false,true,false
approved,1,43,38,D02,12,D02_P012_SEC_2_19_PAR001,,false,true,false
surveillance,1,43,31,D03,42,D03_BOX017,,false,true,false
fair,1,43,38,D03,64,D03_BOX023,,false,true,false
mandated,1,43,38,D03,23,D03_P023_SEC_3_45_PAR001,,false,true,false
tourism,1,43,27,D07,30,D07_BOX013,,false,true,false
tariffs,1,42,32,D01,2,D01_P002_SEC_1_1_PAR001,,false,true,false
intelligence,1,42,39,D01,3,D01_P003_SEC_1_2_PAR002,,false,true,false
tool,1,42,40,D01,6,D01_P006_SEC_1_6_PAR007,,false,true,false
added,1,42,40,D01,7,D01_P007_SEC_1_6_PAR010,,false,true,false
currently,1,42,42,D01,8,D01_P008_SEC_1_6_PAR002,,false,true,false
grew,1,42,39,D01,13,D01_P013_SEC_1_14_PAR001,,false,true,false
crop,1,42,35,D01,15,D01_P015_SEC_1_17_PAR002,,false,true,false
declining,1,42,38,D01,15,D01_P015_SEC_1_19_PAR001,,false,true,false
basic,1,42,41,D01,19,D01_P019_SEC_1_27_PAR002,,false,true,false
enabled,1,42,40,D01,27,D01_P027_SEC_1_34_PAR001,,false,true,false
stage,1,42,32,D01,28,D01_P028_SEC_1_38_PAR001,,false,true,false
created,1,42,42,D01,30,D01_P030_SEC_1_42_PAR001,,false,true,false
incentive,1,42,33,D01,31,D01_P031_SEC_1_46_PAR002,,false,true,false
consistent,1,42,42,D01,32,D01_P032_SEC_1_PAR003,,false,true,false
east,1,42,38,D01,34,D01_P034_SEC_3_PAR004,,false,true,false
returns,1,42,37,D02,5,D02_P005_SEC_2_8_PAR001,returns,false,true,false
well-being,1,42,33,D02,10,D02_P010_UNKNOWN_PAR005,,false,true,false
encourage,1,42,42,D02,10,D02_P010_UNKNOWN_PAR007,,false,true,false
regime,1,42,36,D02,10,D02_P010_UNKNOWN_PAR008,,false,true,false
execution,1,42,41,D02,22,D02_P022_SEC_2_33_PAR001,,false,true,false
payment,1,42,36,D03,29,D03_BOX011,,false,true,false
december,1,42,33,D03,46,D03_BOX019,,false,true,false
concentration,1,42,39,D03,5,D03_P005_SEC_3_8_PAR002,,false,true,false
vulnerable,1,42,40,D03,8,D03_P008_UNKNOWN_PAR001,,false,true,false
statutory,1,42,36,D03,33,D03_P033_SEC_3_59_PAR001,,false,true,false
mandatory,1,42,40,D03,37,D03_P037_SEC_3_71_PAR004,,false,true,false
mt,1,42,14,D06,4,D06_P004_SEC_6_9_PAR001,,false,true,false
few,1,41,39,D01,5,D01_BOX001,,true,true,false
defined,1,41,41,D01,5,D01_BOX001,,false,true,false
official,1,41,33,D01,18,D01_BOX003,,false,true,false
credible,1,41,40,D01,21,D01_BOX005,,false,true,false
dedicated,1,41,39,D01,21,D01_BOX005,,false,true,false
underlying,1,41,40,D01,1,D01_P001_UNKNOWN_PAR002,,false,true,false
points,1,41,33,D01,2,D01_P002_SEC_1_1_PAR001,,false,true,false
commission,1,41,36,D01,3,D01_P003_SEC_1_2_PAR002,,false,true,false
borrowing,1,41,34,D01,4,D01_P004_SEC_1_3_PAR001,,false,true,false
legal,1,41,41,D01,6,D01_P006_SEC_1_6_PAR007,,false,true,false
sales,1,41,26,D01,11,D01_P011_SEC_1_11_PAR001,,false,true,false
force,1,41,37,D01,14,D01_P014_SEC_1_16_PAR001,,false,true,false
contribution,1,41,38,D01,15,D01_P015_SEC_1_18_PAR001,,false,true,false
component,1,41,38,D01,17,D01_P017_SEC_1_23_PAR001,,false,true,false
substitution,1,41,37,D01,23,D01_P023_SEC_1_28_PAR005,,false,true,false
underscoring,1,41,41,D01,26,D01_P026_SEC_1_32_PAR001,,false,true,false
cumulative,1,41,38,D01,26,D01_P026_SEC_1_33_PAR001,,false,true,false
september 2025,1,41,32,D01,28,D01_P028_SEC_1_38_PAR001,,false,true,false
offering,1,41,41,D01,28,D01_P028_SEC_1_38_PAR001,,false,true,false
#,1,41,26,D01,34,D01_T008,,false,false,false
transparent,1,41,41,D02,6,D02_P006_SEC_2_8_PAR002,,false,true,false
percentage,1,41,34,D02,7,D02_P007_SEC_2_14_PAR001,,false,true,false
33,1,41,33,D02,29,D02_P029_UNKNOWN_PAR002,,false,true,false
care,1,41,35,D02,30,D02_P030_UNKNOWN_PAR001,,false,true,false
43,1,41,33,D02,35,D02_P035_UNKNOWN_PAR001,,false,true,false
vital,1,41,41,D03,17,D03_P017_SEC_3_31_PAR001,,false,true,false
districts,1,41,35,D03,23,D03_P023_SEC_3_43_PAR001,,false,true,false
mantri,1,41,35,D03,27,D03_P027_SEC_3_49_PAR001,,false,true,false
tonnes,1,41,22,D03,54,D03_T002,,false,true,false
km,1,41,20,D04,4,D04_P004_SEC_4_8_PAR002,,false,true,false
eligible,1,41,32,D04,25,D04_P025_SEC_4_53_PAR001,,false,true,false
tier,1,41,25,D07,20,D07_P020_SEC_7_28_PAR001,,false,true,false
cyber,1,41,29,D07,27,D07_P027_SEC_7_48_PAR001,,false,true,false
appeals,1,41,21,D10,2,D10_P002_SEC_10_2_PAR001,,false,true,false
achieving,1,40,39,D01,5,D01_BOX001,,false,true,false
step,1,40,39,D01,5,D01_BOX001,,false,true,false
reliance,1,40,39,D01,1,D01_P001_UNKNOWN_PAR002,,false,true,false
consolidation,1,40,34,D01,1,D01_P001_UNKNOWN_PAR005,,false,true,false
drivers,1,40,36,D01,1,D01_P001_UNKNOWN_PAR006,,false,true,false
yields,1,40,33,D01,3,D01_P003_SEC_1_3_PAR001,yields,false,true,false
earlier,1,40,40,D01,4,D01_P004_SEC_1_3_PAR001,,false,true,false
materials,1,40,32,D01,6,D01_P006_SEC_1_6_PAR002,,false,true,false
likely,1,40,37,D01,11,D01_P011_SEC_1_10_PAR001,,false,true,false
utilisation,1,40,37,D01,13,D01_P013_SEC_1_13_PAR001,,false,true,false
lead,1,40,39,D01,14,D01_P014_SEC_1_15_PAR002,,false,true,false
marked,1,40,40,D01,14,D01_P014_SEC_1_17_PAR001,,false,true,false
banking,1,40,37,D01,26,D01_P026_SEC_1_33_PAR001,banking,false,true,false
alternative,1,40,38,D01,27,D01_P027_SEC_1_34_PAR001,,false,true,false
show,1,40,40,D01,29,D01_P029_SEC_1_39_PAR002,,false,true,false
represents,1,40,40,D01,32,D01_P032_SEC_1_46_PAR003,,false,true,false
earnings,1,40,36,D02,15,D02_BOX005,,false,true,false
pa,1,40,36,D02,3,D02_P003_SEC_2_4_PAR001,,false,true,false
notable,1,40,40,D02,4,D02_P004_SEC_2_6_PAR001,,false,true,false
viksit,1,40,37,D02,10,D02_P010_UNKNOWN_PAR009,,false,true,false
completed,1,40,34,D02,13,D02_P013_SEC_2_22_PAR001,,false,true,false
depth,1,40,39,D03,46,D03_BOX019,,false,true,false
addressing,1,40,39,D03,2,D03_P002_SEC_3_2_PAR001,,false,true,false
circular,1,40,29,D03,23,D03_P023_SEC_3_45_PAR001,,false,true,false
wage,1,40,30,D05,19,D05_P019_SEC_5_35_PAR001,wage,false,true,false
reits,1,40,25,D09,4,D09_P004_SEC_9_12_PAR001,,false,true,false
timely,1,39,39,D01,21,D01_BOX005,,false,true,false
shown,1,39,36,D01,1,D01_P001_UNKNOWN_PAR002,,false,true,false
pre-pandemic,1,39,33,D01,4,D01_P004_SEC_1_3_PAR001,,false,true,false
vehicles,1,39,32,D01,7,D01_P007_SEC_1_6_PAR006,,false,true,false
embedded,1,39,39,D01,8,D01_P008_SEC_1_6_PAR001,,false,true,false
relevant,1,39,39,D01,8,D01_P008_SEC_1_6_PAR003,,false,true,false
we,1,39,32,D01,8,D01_P008_SEC_1_6_PAR003,,true,true,false
detailed,1,39,39,D01,8,D01_P008_SEC_1_6_PAR003,,false,true,false
reflect,1,39,38,D01,8,D01_P008_UNKNOWN_PAR001,,false,true,false
construction,1,39,32,D01,16,D01_P016_SEC_1_21_PAR001,,false,true,false
results,1,39,37,D01,18,D01_P018_SEC_1_27_PAR001,,false,true,false
evolution,1,39,39,D01,19,D01_P019_UNKNOWN_PAR004,,false,true,false
larger,1,39,38,D01,22,D01_P022_SEC_1_28_PAR003,,false,true,false
reach,1,39,38,D01,23,D01_P023_SEC_1_28_PAR010,,false,true,false
via,1,39,37,D01,26,D01_P026_SEC_1_33_PAR001,,false,true,false
flow,1,39,33,D01,27,D01_P027_SEC_1_34_PAR001,,false,true,false
success,1,39,38,D01,28,D01_P028_SEC_1_38_PAR001,,false,true,false
least,1,39,34,D01,33,D01_P033_SEC_1_PAR002,,false,true,false
scaling,1,39,39,D01,34,D01_P034_SEC_3_PAR001,,false,true,false
visible,1,39,39,D01,34,D01_P034_SEC_3_PAR002,,false,true,false
roads,1,39,27,D02,15,D02_BOX005,,false,true,false
reliable,1,39,37,D02,34,D02_BOX017,,false,true,false
benefit,1,39,37,D02,1,D02_P001_UNKNOWN_PAR004,,false,true,false
instead,1,39,38,D02,3,D02_P003_SEC_2_3_PAR001,,false,true,false
educational,1,39,34,D02,29,D02_P029_UNKNOWN_PAR004,,false,true,false
longer,1,39,38,D02,35,D02_P035_SEC_2_46_PAR001,,false,true,false
highlight,1,39,38,D02,36,D02_P036_SEC_2_50_PAR001,,false,true,false
weak,1,39,38,D02,36,D02_P036_SEC_2_50_PAR001,,false,true,false
post,1,39,31,D02,39,D02_P039_UNKNOWN_PAR005,,false,true,false
functions,1,39,36,D03,6,D03_P006_SEC_3_8_PAR006,,false,true,false
outreach,1,39,37,D03,25,D03_P025_SEC_3_47_PAR002,,false,true,false
promotion,1,39,30,D03,45,D03_P045_SEC_3_82_PAR001,,false,true,false
vide,1,39,37,D03,56,D03_P056_SEC_3_99_PAR002,,false,true,false
pathways,1,39,36,D04,22,D04_P022_SEC_4_50_PAR003,,false,true,false
matter,1,39,37,D06,15,D06_P015_SEC_6_22_PAR004,,false,true,false
aifs,1,39,18,D09,9,D09_P009_SEC_9_17_PAR004,,false,true,false
hindi,1,39,20,D26,1,D26_P001_SEC_8_1_1_PAR016,,false,true,false
moderated,1,38,35,D01,1,D01_P001_UNKNOWN_PAR005,,false,true,false
spending,1,38,34,D01,2,D01_P002_SEC_1_1_PAR001,,false,true,false
still,1,38,38,D01,3,D01_P003_SEC_1_3_PAR001,,false,true,false
free,1,38,37,D01,6,D01_P006_SEC_1_6_PAR005,,false,true,false
depends,1,38,37,D01,6,D01_P006_SEC_1_6_PAR005,,false,true,false
goals,1,38,37,D01,8,D01_P008_SEC_1_6_PAR001,,false,true,false
maintaining,1,38,38,D01,8,D01_P008_SEC_1_6_PAR003,,false,true,false
short-term,1,38,38,D01,14,D01_P014_SEC_1_17_PAR001,,false,true,false
easing,1,38,34,D01,18,D01_P018_SEC_1_26_PAR001,,false,true,false
sharp,1,38,38,D01,20,D01_P020_UNKNOWN_PAR003,,false,true,false
wider,1,38,38,D01,22,D01_P022_SEC_1_28_PAR009,,false,true,false
foundation,1,38,33,D01,23,D01_P023_SEC_1_28_PAR012,,false,true,false
credibility,1,38,35,D01,26,D01_P026_SEC_1_32_PAR001,,false,true,false
medium,1,38,38,D01,28,D01_P028_SEC_1_37_PAR001,,false,true,false
resolution,1,38,30,D01,34,D01_P034_SEC_3_PAR001,,false,true,false
grants,1,38,23,D02,22,D02_BOX011,,false,true,false
worth,1,38,30,D02,5,D02_P005_SEC_2_8_PAR002,,false,true,false
barriers,1,38,37,D02,11,D02_P011_SEC_2_17_PAR001,,false,true,false
another,1,38,38,D02,16,D02_P016_SEC_2_27_PAR001,,false,true,false
foundational,1,38,37,D03,19,D03_P019_SEC_3_35_PAR001,,false,true,false
2018,1,38,30,D03,32,D03_P032_SEC_3_56_PAR001,,false,true,false
treatment,1,38,30,D03,64,D03_P064_UNKNOWN_PAR001,,false,true,false
member,1,38,31,D12,6,D12_P006_SEC_12_11_PAR006,,false,true,false
leading,1,37,37,D01,31,D01_BOX007,,false,true,false
shaped,1,37,37,D01,1,D01_P001_UNKNOWN_PAR002,,false,true,false
lack,1,37,36,D01,6,D01_P006_SEC_1_6_PAR006,,false,true,false
manage,1,37,37,D01,7,D01_P007_SEC_1_6_PAR005,,false,true,false
emissions,1,37,26,D01,8,D01_P008_SEC_1_6_PAR001,,false,true,false
movement,1,37,33,D01,18,D01_P018_SEC_1_26_PAR001,,false,true,false
insights,1,37,37,D01,22,D01_P022_SEC_1_28_PAR004,,false,true,false
introduction,1,37,34,D01,23,D01_P023_SEC_1_28_PAR006,,false,true,false
ensures,1,37,36,D01,23,D01_P023_SEC_1_28_PAR010,,false,true,false
agency,1,37,33,D01,26,D01_P026_SEC_1_32_PAR001,,false,true,false
outflows,1,37,32,D01,28,D01_P028_SEC_1_36_PAR001,,false,true,false
korea,1,37,29,D01,28,D01_P028_SEC_1_36_PAR001,,false,true,false
opportunity,1,37,35,D01,30,D01_P030_SEC_1_42_PAR001,,false,true,false
entry,1,37,34,D01,33,D01_P033_SEC_3_PAR002,,false,true,false
accordingly,1,37,37,D01,34,D01_P034_SEC_3_PAR002,,false,true,false
attract,1,37,33,D02,9,D02_P009_UNKNOWN_PAR007,,false,true,false
covered,1,37,32,D02,17,D02_P017_UNKNOWN_PAR004,,false,true,false
priority,1,37,32,D02,26,D02_P026_SEC_2_40_PAR002,,false,true,false
notified,1,37,35,D02,35,D02_P035_SEC_2_46_PAR001,,false,true,false
leverage,1,37,37,D02,38,D02_P038_SEC_2_53_PAR001,,false,true,false
singapore,1,37,32,D03,22,D03_P022_SEC_3_41_PAR001,,false,true,false
expectations,1,37,35,D03,25,D03_P025_SEC_3_47_PAR003,,false,true,false
facilities,1,37,31,D03,28,D03_P028_SEC_3_49_PAR001,,false,true,false
clusters,1,37,25,D03,37,D03_P037_SEC_3_71_PAR002,,false,true,false
alone,1,37,37,D03,37,D03_P037_SEC_3_71_PAR004,,false,true,false
aif,1,37,24,D06,1,D06_P001_UNKNOWN_PAR002,,false,true,false
complaints,1,37,28,D13,11,D13_P011_SEC_13_26_PAR006,,false,true,false
october 2025,1,36,32,D01,2,D01_P002_SEC_1_1_PAR001,,false,true,false
region,1,36,27,D01,3,D01_P003_SEC_1_2_PAR002,,false,true,false
influence,1,36,30,D01,5,D01_P005_SEC_1_6_PAR001,,false,true,false
assessments,1,36,32,D01,5,D01_P005_SEC_1_6_PAR001,,false,true,false
manner,1,36,36,D01,7,D01_P007_SEC_1_6_PAR004,,false,true,false
develop,1,36,36,D01,7,D01_P007_SEC_1_6_PAR005,,false,true,false
targets,1,36,30,D01,8,D01_P008_SEC_1_6_PAR002,,false,true,false
modest,1,36,35,D01,16,D01_P016_SEC_1_20_PAR001,,false,true,false
function,1,36,36,D01,19,D01_P019_UNKNOWN_PAR002,,false,true,false
2023-24,1,36,28,D01,23,D01_P023_SEC_1_28_PAR008,,false,true,false
records,1,36,28,D01,23,D01_P023_SEC_1_28_PAR009,,false,true,false
continuous,1,36,36,D01,23,D01_P023_SEC_1_28_PAR013,,false,true,false
itself,1,36,35,D01,26,D01_P026_SEC_1_32_PAR001,,false,true,false
pli,1,36,23,D01,31,D01_P031_SEC_1_46_PAR002,,false,true,false
administration,1,36,32,D01,31,D01_P031_SEC_1_46_PAR003,,false,true,false
0.1,1,36,18,D01,12,D01_T004,,false,true,false
thus,1,36,35,D02,34,D02_BOX017,,false,true,false
transactions,1,36,32,D02,1,D02_P001_UNKNOWN_PAR003,,false,true,false
corporation,1,36,28,D02,6,D02_P006_SEC_2_10_PAR001,,false,true,false
crude,1,36,29,D02,7,D02_P007_SEC_2_12_PAR001,,false,true,false
solar,1,36,29,D02,10,D02_P010_UNKNOWN_PAR008,,false,true,false
marketing,1,36,25,D02,18,D02_P018_UNKNOWN_PAR002,,false,true,false
saw,1,36,35,D02,23,D02_P023_SEC_2_38_PAR001,,false,true,false
raise,1,36,36,D02,29,D02_P029_UNKNOWN_PAR002,,false,true,false
loan,1,36,27,D02,36,D02_P036_SEC_2_50_PAR001,loan,false,true,false
borrowers,1,36,27,D03,24,D03_BOX007,borrowers,false,true,false
depositories,1,36,30,D03,36,D03_BOX013,,false,true,false
verification,1,36,26,D03,42,D03_BOX017,,false,true,false
operate,1,36,34,D03,64,D03_BOX023,,false,true,false
presence,1,36,34,D03,2,D03_P002_SEC_3_2_PAR001,,false,true,false
reliability,1,36,33,D03,23,D03_P023_SEC_3_41_PAR002,,false,true,false
purpose,1,36,34,D03,26,D03_P026_SEC_3_47_PAR002,,false,true,false
inspections,1,36,31,D03,37,D03_P037_SEC_3_71_PAR007,,false,true,false
trades,1,36,28,D03,54,D03_T002,,false,true,false
linkages,1,36,34,D04,52,D04_P052_SEC_4_97_PAR001,,false,true,false
invits,1,36,29,D09,11,D09_BOX007,,false,true,false
broadly,1,35,35,D01,5,D01_BOX001,,false,true,false
recognising,1,35,35,D01,21,D01_BOX005,,false,true,false
raising,1,35,34,D01,2,D01_P002_SEC_1_1_PAR001,,false,true,false
artificial,1,35,33,D01,3,D01_P003_SEC_1_2_PAR002,,false,true,false
once,1,35,34,D01,6,D01_P006_SEC_1_6_PAR002,,false,true,false
generate,1,35,32,D01,6,D01_P006_SEC_1_6_PAR005,,false,true,false
contributing,1,35,35,D01,6,D01_P006_SEC_1_6_PAR007,,false,true,false
product,1,35,26,D01,7,D01_P007_SEC_1_6_PAR008,,false,true,false
taxes,1,35,28,D01,10,D01_P010_SEC_1_9_PAR001,taxes,false,true,false
emerged,1,35,35,D01,18,D01_P018_SEC_1_26_PAR001,,false,true,false
exercise,1,35,33,D01,18,D01_P018_SEC_1_27_PAR001,,false,true,false
excluding,1,35,30,D01,24,D01_P024_SEC_6_7_PAR002,,false,true,false
fy20,1,35,32,D01,25,D01_P025_SEC_1_31_PAR001,,false,true,false
premium,1,35,31,D01,25,D01_P025_SEC_1_31_PAR002,,false,true,false
serve,1,35,33,D01,26,D01_P026_SEC_1_32_PAR001,,false,true,false
heightened,1,35,35,D01,27,D01_P027_SEC_1_35_PAR001,,false,true,false
return,1,35,29,D01,33,D01_P033_SEC_1_PAR002,,false,true,false
state-level,1,35,27,D01,33,D01_P033_SEC_1_PAR007,,false,true,false
%,1,35,19,D01,10,D01_T003,,false,false,false
behavioural,1,35,31,D02,5,D02_BOX001,,false,true,false
outlay,1,35,29,D02,22,D02_BOX011,,false,true,false
fy22,1,35,34,D02,26,D02_BOX013,,false,true,false
down,1,35,35,D02,34,D02_BOX017,,true,true,false
goal,1,35,34,D02,2,D02_P002_UNKNOWN_PAR002,,false,true,false
steadily,1,35,35,D02,3,D02_P003_SEC_2_4_PAR001,,false,true,false
obligations,1,35,32,D02,3,D02_P003_SEC_2_4_PAR001,,false,true,false
note,1,35,33,D02,5,D02_P005_UNKNOWN_PAR001,,false,true,false
managers,1,35,27,D02,11,D02_P011_UNKNOWN_PAR002,,false,true,false
interests,1,35,35,D02,12,D02_P012_SEC_2_20_PAR001,,false,true,false
allow,1,35,35,D02,13,D02_P013_SEC_2_23_PAR001,,false,true,false
plans,1,35,34,D02,18,D02_P018_UNKNOWN_PAR002,,false,true,false
permitted,1,35,33,D02,22,D02_P022_SEC_2_36_PAR001,,false,true,false
designated,1,35,29,D02,23,D02_P023_UNKNOWN_PAR001,,false,true,false
odisha,1,35,25,D02,24,D02_P024_SEC_2_39_PAR002,,false,true,false
flexible,1,35,34,D02,26,D02_P026_SEC_2_40_PAR002,,false,true,false
lakh,1,35,25,D02,12,D02_T003,,false,true,false
investing,1,35,33,D03,24,D03_BOX007,,false,true,false
venture,1,35,30,D03,24,D03_BOX007,,false,true,false
60,1,35,29,D03,32,D03_P032_SEC_3_56_PAR001,,false,true,false
complexity,1,35,24,D03,34,D03_P034_SEC_3_62_PAR001,,false,true,false
organised,1,35,34,D03,43,D03_P043_SEC_3_74_PAR003,,false,true,false
traded,1,35,27,D03,45,D03_P045_SEC_3_79_PAR001,,false,true,false
42,1,35,33,D04,20,D04_P020_SEC_4_45_PAR001,,false,true,false
hours,1,35,29,D07,25,D07_P025_SEC_7_42_PAR001,,false,true,false
website,1,35,31,D21,9,D21_P009_SEC_3_2_1_PAR010,,false,true,false
=,1,34,22,D01,21,D01_BOX005,,false,false,false
minerals,1,34,24,D01,7,D01_P007_SEC_1_6_PAR004,,false,true,false
road,1,34,27,D01,8,D01_P008_SEC_1_6_PAR002,,false,true,false
gva,1,34,27,D01,9,D01_P009_SEC_1_8_PAR002,gva,false,true,false
aggregate,1,34,32,D01,15,D01_P015_SEC_1_17_PAR002,,false,true,false
pricing,1,34,27,D01,15,D01_P015_SEC_1_19_PAR001,,false,true,false
underscores,1,34,34,D01,21,D01_P021_SEC_1_28_PAR001,,false,true,false
stands,1,34,33,D01,21,D01_P021_UNKNOWN_PAR002,,false,true,false
reaching,1,34,34,D01,24,D01_P024_SEC_1_30_PAR001,,false,true,false
april,1,34,32,D01,28,D01_P028_SEC_1_36_PAR001,,false,true,false
pressure,1,34,32,D01,28,D01_P028_SEC_1_37_PAR001,,false,true,false
predictable,1,34,33,D02,3,D02_P003_SEC_2_3_PAR001,,false,true,false
channels,1,34,32,D02,8,D02_P008_SEC_2_16_PAR001,,false,true,false
charges,1,34,24,D02,12,D02_P012_SEC_2_19_PAR002,,false,true,false
integrating,1,34,34,D02,17,D02_P017_UNKNOWN_PAR007,,false,true,false
tamil,1,34,29,D02,24,D02_P024_SEC_2_39_PAR002,,false,true,false
coordinated,1,34,34,D02,42,D02_P042_SEC_2_57_PAR001,,false,true,false
integrity,1,34,32,D03,42,D03_BOX017,,false,true,false
example,1,34,34,D03,5,D03_P005_SEC_3_8_PAR002,,false,true,false
supervision,1,34,32,D03,19,D03_P019_SEC_3_37_PAR001,supervision,false,true,false
language,1,34,28,D03,21,D03_P021_SEC_3_41_PAR004,,false,true,false
practice,1,34,32,D03,25,D03_P025_SEC_3_47_PAR005,,false,true,false
requirement,1,34,30,D03,43,D03_P043_SEC_3_74_PAR005,,false,true,false
contract,1,34,27,D03,43,D03_P043_SEC_3_74_PAR007,,false,true,false
disclosures,1,34,26,D03,65,D03_P065_UNKNOWN_PAR006,,false,true,false
respect,1,34,31,D04,21,D04_P021_SEC_4_47_PAR001,,false,true,false
states/uts,1,34,30,D05,12,D05_P012_SEC_5_19_PAR001,,false,true,false
urbanisation,1,34,26,D07,7,D07_BOX001,,false,true,false
sanitation,1,34,30,D07,20,D07_P020_SEC_7_27_PAR001,,false,true,false
spaces,1,34,24,D10,12,D10_P012_SEC_10_33_PAR001,,false,true,false
mcx,1,34,24,D22,17,D22_P017_SEC_4_4_1_PAR002,,false,true,false
farm,1,33,31,D01,21,D01_BOX005,,false,true,false
medium-term,1,33,33,D01,31,D01_BOX007,,false,true,false
sustaining,1,33,32,D01,1,D01_P001_UNKNOWN_PAR004,,false,true,false
adequate,1,33,32,D01,1,D01_P001_UNKNOWN_PAR005,,false,true,false
uncertainties,1,33,32,D01,1,D01_P001_UNKNOWN_PAR006,,false,true,false
germany,1,33,27,D01,3,D01_P003_SEC_1_2_PAR002,,false,true,false
although,1,33,33,D01,6,D01_P006_SEC_1_6_PAR007,,false,true,false
measure,1,33,33,D01,6,D01_P006_SEC_1_6_PAR007,,false,true,false
defence,1,33,29,D01,7,D01_P007_SEC_1_6_PAR003,,false,true,false
diversity,1,33,28,D01,8,D01_P008_SEC_1_6_PAR003,,false,true,false
operating,1,33,33,D01,18,D01_P018_SEC_1_26_PAR001,,false,true,false
factor,1,33,28,D01,19,D01_P019_UNKNOWN_PAR002,,false,true,false
+,1,33,21,D01,19,D01_P019_UNKNOWN_PAR004,,false,false,false
38,1,33,32,D01,35,D01_P035_SEC_3_PAR003,,false,true,false
39,1,33,28,D01,35,D01_P035_SEC_3_PAR004,,false,true,false
5 per cent,1,33,29,D02,8,D02_BOX003,,false,true,false
44,1,33,29,D02,8,D02_BOX003,,false,true,false
ii.,1,33,25,D02,3,D02_P003_SEC_2_4_PAR001,,false,true,false
campaign,1,33,22,D02,5,D02_P005_SEC_2_8_PAR002,,false,true,false
close,1,33,32,D02,6,D02_P006_SEC_2_9_PAR001,,false,true,false
deepening,1,33,33,D02,7,D02_P007_SEC_2_14_PAR001,,false,true,false
approval,1,33,28,D02,13,D02_P013_SEC_2_22_PAR001,,false,true,false
master,1,33,27,D02,17,D02_P017_UNKNOWN_PAR007,,false,true,false
findings,1,33,29,D02,22,D02_P022_SEC_2_33_PAR001,,false,true,false
serves,1,33,33,D03,11,D03_P011_SEC_3_16_PAR001,,false,true,false
initiated,1,33,31,D03,20,D03_P020_SEC_3_39_PAR001,,false,true,false
talent,1,33,30,D03,22,D03_P022_SEC_3_41_PAR005,,false,true,false
demonstrate,1,33,32,D03,28,D03_P028_SEC_3_49_PAR003,,false,true,false
issuers,1,33,21,D03,43,D03_P043_SEC_3_74_PAR003,,false,true,false
partnerships,1,33,32,D03,53,D03_P053_SEC_3_96_PAR001,,false,true,false
features,1,33,30,D03,55,D03_P055_SEC_3_99_PAR002,,false,true,false
material,1,33,27,D04,11,D04_P011_SEC_4_28_PAR001,,false,true,false
irrigation,1,33,20,D06,13,D06_BOX005,,false,true,false
identified,1,33,27,D06,13,D06_BOX005,,false,true,false
prevention,1,33,30,D09,18,D09_P018_SEC_9_33_PAR003,,false,true,false
deficits,1,32,27,D01,5,D01_BOX001,,false,true,false
advance,1,32,31,D01,1,D01_P001_UNKNOWN_PAR003,,false,true,false
healthy,1,32,29,D01,1,D01_P001_UNKNOWN_PAR005,,false,true,false
ahead,1,32,32,D01,1,D01_P001_UNKNOWN_PAR006,,false,true,false
announced,1,32,29,D01,2,D01_P002_SEC_1_1_PAR001,,false,true,false
software,1,32,22,D01,3,D01_P003_SEC_1_2_PAR002,,false,true,false
implications,1,32,32,D01,3,D01_P003_SEC_1_3_PAR001,,false,true,false
record,1,32,31,D01,4,D01_P004_SEC_1_3_PAR001,,false,true,false
pace,1,32,32,D01,6,D01_P006_SEC_1_6_PAR005,,false,true,false
conflict,1,32,29,D01,7,D01_P007_SEC_1_6_PAR003,,false,true,false
decades,1,32,30,D01,7,D01_P007_SEC_1_6_PAR003,,false,true,false
see,1,32,32,D01,7,D01_P007_SEC_1_6_PAR005,,false,true,false
cement,1,32,19,D01,8,D01_P008_SEC_1_6_PAR001,,false,true,false
broad-based,1,32,30,D01,10,D01_P010_SEC_1_9_PAR001,,false,true,false
corresponding,1,32,32,D01,12,D01_P012_SEC_1_12_PAR001,,false,true,false
presented,1,32,32,D01,18,D01_P018_SEC_1_27_PAR001,,false,true,false
studies,1,32,29,D01,22,D01_P022_SEC_1_28_PAR009,,false,true,false
sovereign,1,32,25,D01,25,D01_P025_SEC_1_31_PAR001,,false,true,false
maintain,1,32,32,D01,25,D01_P025_SEC_1_31_PAR001,,false,true,false
commitment,1,32,32,D01,25,D01_P025_SEC_1_32_PAR001,,false,true,false
fresh,1,32,24,D01,26,D01_P026_SEC_1_33_PAR001,,false,true,false
turn,1,32,31,D01,28,D01_P028_SEC_1_38_PAR001,,false,true,false
34,1,32,27,D01,32,D01_P032_SEC_1_PAR003,,false,true,false
exit,1,32,27,D01,33,D01_P033_SEC_3_PAR002,,false,true,false
na,1,32,3,D01,12,D01_T004,,false,true,false
volume,1,32,30,D02,22,D02_BOX011,,false,true,false
encouraging,1,32,32,D02,2,D02_P002_SEC_2_2_PAR001,,false,true,false
paid,1,32,26,D02,12,D02_P012_SEC_2_19_PAR001,,false,true,false
contribute,1,32,32,D02,17,D02_P017_UNKNOWN_PAR008,,false,true,false
affairs,1,32,28,D02,18,D02_P018_SEC_2_29_PAR001,,false,true,false
collective,1,32,30,D02,24,D02_P024_SEC_2_38_PAR001,,false,true,false
consistently,1,32,30,D02,29,D02_P029_UNKNOWN_PAR004,,false,true,false
recommendations,1,32,26,D02,42,D02_P042_SEC_2_56_PAR001,,false,true,false
diverse,1,32,32,D03,5,D03_P005_SEC_3_8_PAR004,,false,true,false
march 2025,1,32,28,D03,13,D03_P013_SEC_3_21_PAR001,,false,true,false
professionals,1,32,30,D03,34,D03_P034_SEC_3_61_PAR001,,false,true,false
investigation,1,32,24,D03,37,D03_P037_SEC_3_71_PAR007,,false,true,false
treated,1,32,30,D03,38,D03_P038_UNKNOWN_PAR003,,false,true,false
leadership,1,32,32,D03,38,D03_P038_UNKNOWN_PAR005,,false,true,false
monitor,1,32,30,D03,44,D03_P044_SEC_3_74_PAR001,,false,true,false
vigilance,1,32,21,D05,1,D05_P001_UNKNOWN_PAR005,,false,true,false
content,1,32,25,D07,29,D07_P029_SEC_7_51_PAR001,,false,true,false
certificates,1,32,21,D10,22,D10_P022_SEC_10_57_PAR001,,false,true,false
grade,1,32,18,D11,12,D11_BOX005,,false,true,false
shri,1,32,12,D11,4,D11_T002,,false,true,false
violation,1,32,26,D17,19,D17_P019_UNKNOWN_PAR004,,false,true,false
present,1,31,29,D01,18,D01_BOX003,,false,true,false
regular,1,31,31,D01,21,D01_BOX005,,false,true,false
fragmented,1,31,31,D01,1,D01_P001_UNKNOWN_PAR002,,false,true,false
short,1,31,30,D01,2,D01_P002_SEC_1_1_PAR001,,false,true,false
accounted,1,31,31,D01,3,D01_P003_SEC_1_2_PAR002,,false,true,false
uk,1,31,29,D01,4,D01_P004_SEC_1_3_PAR001,,false,true,false
claims,1,31,25,D01,6,D01_P006_SEC_1_6_PAR004,,false,true,false
shaping,1,31,31,D01,6,D01_P006_SEC_1_6_PAR004,,false,true,false
surplus,1,31,24,D01,6,D01_P006_SEC_1_6_PAR005,surplus,false,true,false
fostering,1,31,31,D01,7,D01_P007_SEC_1_6_PAR002,,false,true,false
authorities,1,31,28,D01,7,D01_P007_SEC_1_6_PAR010,,false,true,false
fully,1,31,31,D01,8,D01_P008_SEC_1_6_PAR001,,false,true,false
effectiveness,1,31,29,D01,8,D01_P008_SEC_1_6_PAR003,,false,true,false
rationalisation,1,31,29,D01,10,D01_P010_SEC_1_9_PAR001,,false,true,false
reported,1,31,29,D01,11,D01_P011_SEC_1_11_PAR001,,false,true,false
crops,1,31,29,D01,15,D01_P015_SEC_1_18_PAR001,,false,true,false
moving,1,31,30,D01,21,D01_P021_UNKNOWN_PAR002,,false,true,false
proposed,1,31,28,D01,23,D01_P023_SEC_1_28_PAR003,,false,true,false
stood,1,31,29,D01,25,D01_P025_SEC_1_31_PAR001,,false,true,false
upgrading,1,31,29,D01,26,D01_P026_SEC_1_32_PAR001,,false,true,false
reserve,1,31,30,D01,26,D01_P026_SEC_1_33_PAR001,reserve,false,true,false
february,1,31,28,D01,26,D01_P026_SEC_1_33_PAR001,,false,true,false
diversified,1,31,30,D01,28,D01_P028_SEC_1_38_PAR001,,false,true,false
enrolment,1,31,21,D01,30,D01_P030_SEC_1_41_PAR001,,false,true,false
post-pandemic,1,31,28,D01,32,D01_P032_SEC_1_46_PAR004,,false,true,false
pattern,1,31,31,D01,33,D01_P033_SEC_3_PAR001,,false,true,false
course,1,31,30,D02,34,D02_BOX017,,false,true,false
32,1,31,31,D02,9,D02_P009_UNKNOWN_PAR007,,false,true,false
vision,1,31,30,D02,10,D02_P010_UNKNOWN_PAR009,,false,true,false
mandates,1,31,29,D02,16,D02_P016_SEC_2_26_PAR001,,false,true,false
sharply,1,31,30,D02,17,D02_P017_UNKNOWN_PAR003,,false,true,false
route,1,31,30,D02,17,D02_P017_UNKNOWN_PAR006,,false,true,false
agreement,1,31,20,D02,18,D02_P018_UNKNOWN_PAR001,,false,true,false
50 per cent,1,31,30,D02,18,D02_P018_UNKNOWN_PAR001,,false,true,false
aligning,1,31,31,D02,22,D02_P022_SEC_2_33_PAR001,,false,true,false
nadu,1,31,26,D02,24,D02_P024_SEC_2_39_PAR002,,false,true,false
driving,1,31,31,D03,1,D03_P001_SEC_3_1_PAR001,,false,true,false
engineering,1,31,30,D03,7,D03_P007_SEC_3_8_PAR009,,false,true,false
verified,1,31,27,D03,27,D03_P027_SEC_3_47_PAR002,,false,true,false
creates,1,31,31,D03,29,D03_P029_SEC_3_49_PAR004,,false,true,false
lies,1,31,30,D03,31,D03_P031_SEC_3_50_PAR003,,false,true,false
providers,1,31,29,D03,43,D03_P043_SEC_3_74_PAR007,,false,true,false
culture,1,31,30,D03,56,D03_P056_SEC_3_99_PAR003,,false,true,false
smart,1,31,26,D03,54,D03_T002,,false,true,false
commodities,1,31,23,D04,10,D04_P010_SEC_4_23_PAR001,commodities,false,true,false
-25,1,31,24,D10,29,D10_T001,,false,true,false
supreme,1,31,25,D13,33,D13_P033_SEC_13_86_PAR001,,false,true,false
side,1,30,26,D01,1,D01_P001_UNKNOWN_PAR003,,false,true,false
accompanied,1,30,30,D01,3,D01_P003_SEC_1_2_PAR002,,false,true,false
asia,1,30,26,D01,3,D01_P003_SEC_1_2_PAR002,,false,true,false
property,1,30,26,D01,3,D01_P003_SEC_1_2_PAR002,,false,true,false
choices,1,30,29,D01,6,D01_P006_SEC_1_6_PAR004,,false,true,false
becoming,1,30,30,D01,6,D01_P006_SEC_1_6_PAR005,,false,true,false
instance,1,30,30,D01,8,D01_P008_SEC_1_6_PAR002,,false,true,false
examines,1,30,27,D01,8,D01_P008_SEC_1_7_PAR001,,false,true,false
gradual,1,30,30,D01,10,D01_P010_SEC_1_9_PAR001,,false,true,false
fixed,1,30,27,D01,12,D01_P012_SEC_1_12_PAR001,,false,true,false
dynamic,1,30,28,D01,19,D01_P019_UNKNOWN_PAR002,,false,true,false
indices,1,30,26,D01,23,D01_P023_SEC_1_28_PAR007,,false,true,false
mobile,1,30,28,D01,23,D01_P023_SEC_1_28_PAR010,,false,true,false
unique,1,30,26,D01,23,D01_P023_SEC_1_28_PAR012,,false,true,false
complementing,1,30,29,D01,29,D01_P029_SEC_1_40_PAR001,,false,true,false
convergence,1,30,29,D01,30,D01_P030_SEC_1_41_PAR001,,false,true,false
complementary,1,30,30,D01,34,D01_P034_SEC_3_PAR001,,false,true,false
shifting,1,30,30,D02,16,D02_BOX007,,false,true,false
maharashtra,1,30,29,D02,22,D02_BOX011,,false,true,false
borrowings,1,30,24,D02,3,D02_P003_SEC_2_4_PAR001,,false,true,false
daily,1,30,28,D02,11,D02_P011_UNKNOWN_PAR001,,false,true,false
procurement,1,30,28,D02,16,D02_P016_SEC_2_26_PAR001,,false,true,false
invest,1,30,24,D02,16,D02_P016_SEC_2_28_PAR001,,false,true,false
implementing,1,30,30,D02,17,D02_P017_UNKNOWN_PAR003,,false,true,false
intervention,1,30,28,D02,18,D02_P018_UNKNOWN_PAR002,,false,true,false
cagr,1,30,21,D02,24,D02_P024_SEC_2_39_PAR001,,false,true,false
female,1,30,23,D02,28,D02_P028_UNKNOWN_PAR005,,false,true,false
depend,1,30,30,D02,29,D02_P029_UNKNOWN_PAR004,,false,true,false
program,1,30,20,D02,30,D02_P030_UNKNOWN_PAR002,,false,true,false
appropriate,1,30,29,D02,34,D02_P034_UNKNOWN_PAR001,,false,true,false
leveraging,1,30,29,D03,2,D03_P002_SEC_3_2_PAR001,,false,true,false
innovative,1,30,30,D03,2,D03_P002_SEC_3_2_PAR001,,false,true,false
civil,1,30,28,D03,7,D03_P007_SEC_3_8_PAR009,,false,true,false
msme,1,30,24,D03,16,D03_P016_SEC_3_26_PAR001,,false,true,false
establishing,1,30,28,D03,23,D03_P023_SEC_3_41_PAR002,,false,true,false
shape,1,30,29,D03,37,D03_P037_SEC_3_71_PAR004,,false,true,false
adjudication,1,30,23,D03,37,D03_P037_SEC_3_71_PAR006,,false,true,false
responsibilities,1,30,26,D03,38,D03_P038_UNKNOWN_PAR003,,false,true,false
literacy,1,30,29,D03,42,D03_P042_SEC_3_74_PAR002,,false,true,false
specialised,1,30,29,D03,58,D03_P058_SEC_3_99_PAR005,,false,true,false
senior,1,30,27,D04,37,D04_P037_SEC_4_80_PAR014,,false,true,false
failure,1,30,27,D07,15,D07_BOX007,,false,true,false
launch,1,30,28,D07,31,D07_P031_SEC_7_53_PAR001,,false,true,false
upon,1,30,30,D08,14,D08_P014_SEC_8_28_PAR001,,false,true,false
addiction,1,30,23,D11,41,D11_BOX019,,false,true,false
mental,1,30,18,D11,30,D11_P030_SEC_11_47_PAR001,,false,true,false
depository,1,30,22,D22,8,D22_P008_SEC_4_1_3_PAR002,,false,true,false
angel,1,30,5,D23,11,D23_BOX005,,false,true,false
disruptions,1,29,28,D01,1,D01_P001_UNKNOWN_PAR002,,false,true,false
allowed,1,29,28,D01,2,D01_P002_SEC_1_1_PAR001,,false,true,false
cover,1,29,27,D01,4,D01_P004_SEC_1_3_PAR001,,false,true,false
semiconductor,1,29,17,D01,5,D01_P005_SEC_1_5_PAR002,,false,true,false
disruption,1,29,29,D01,8,D01_P008_SEC_1_6_PAR003,,false,true,false
actively,1,29,29,D01,8,D01_P008_SEC_1_6_PAR003,,false,true,false
1.7,1,29,19,D01,8,D01_P008_SEC_1_7_PAR001,,false,true,false
1.8,1,29,18,D01,8,D01_P008_SEC_1_8_PAR001,,false,true,false
characterised,1,29,29,D01,10,D01_P010_SEC_1_9_PAR001,,false,true,false
allied,1,29,25,D01,14,D01_P014_SEC_1_16_PAR001,,false,true,false
gram,1,29,28,D01,15,D01_P015_SEC_1_18_PAR001,,false,true,false
rely,1,29,29,D01,20,D01_P020_UNKNOWN_PAR003,,false,true,false
test,1,29,28,D01,21,D01_P021_UNKNOWN_PAR002,,false,true,false
real-time,1,29,26,D01,22,D01_P022_SEC_1_28_PAR006,,false,true,false
assistance,1,29,27,D01,22,D01_P022_SEC_1_28_PAR007,,false,true,false
metals,1,29,22,D01,24,D01_P024_SEC_1_29_PAR001,,false,true,false
successfully,1,29,29,D01,25,D01_P025_SEC_1_31_PAR001,,false,true,false
april-,1,29,26,D01,27,D01_P027_SEC_1_34_PAR001,,false,true,false
deregulation,1,29,21,D01,30,D01_P030_SEC_1_42_PAR001,,false,true,false
collectively,1,29,29,D01,30,D01_P030_SEC_1_43_PAR001,,false,true,false
establishment,1,29,28,D01,31,D01_P031_SEC_1_46_PAR002,,false,true,false
law,1,29,28,D01,33,D01_P033_SEC_1_PAR007,,false,true,false
2015,1,29,26,D01,35,D01_P035_SEC_3_PAR004,,false,true,false
large-scale,1,29,28,D02,5,D02_BOX001,,false,true,false
medical,1,29,17,D02,10,D02_P010_UNKNOWN_PAR003,,false,true,false
users,1,29,25,D02,15,D02_P015_SEC_2_26_PAR002,,false,true,false
manager,1,29,16,D02,16,D02_P016_SEC_2_28_PAR001,,false,true,false
plan,1,29,26,D02,17,D02_P017_UNKNOWN_PAR007,,false,true,false
increases,1,29,28,D02,18,D02_P018_UNKNOWN_PAR002,,false,true,false
nationwide,1,29,29,D02,18,D02_P018_UNKNOWN_PAR002,,false,true,false
responsibility,1,29,28,D02,34,D02_P034_UNKNOWN_PAR001,,false,true,false
51,1,29,26,D02,39,D02_P039_UNKNOWN_PAR002,,false,true,false
constraint,1,29,28,D03,46,D03_BOX019,,false,true,false
sections,1,29,24,D03,2,D03_P002_SEC_3_3_PAR001,,false,true,false
demonstrated,1,29,29,D03,2,D03_P002_SEC_3_3_PAR001,,false,true,false
pharmaceutical,1,29,22,D03,7,D03_P007_SEC_3_8_PAR008,,false,true,false
provision,1,29,26,D03,22,D03_P022_SEC_3_41_PAR002,,false,true,false
mitigation,1,29,24,D03,23,D03_P023_SEC_3_41_PAR002,,false,true,false
directors,1,29,24,D03,33,D03_P033_SEC_3_57_PAR001,,false,true,false
entrepreneurial,1,29,25,D03,36,D03_P036_SEC_3_70_PAR001,,false,true,false
penalty,1,29,23,D03,61,D03_P061_SEC_3_99_PAR002,,false,true,false
villages,1,29,26,D06,8,D06_P008_SEC_6_12_PAR001,,false,true,false
congestion,1,29,20,D06,8,D06_P008_SEC_6_12_PAR002,,false,true,false
mumbai,1,29,23,D08,21,D08_P021_SEC_8_44_PAR001,,false,true,false
settlements,1,29,20,D15,2,D15_P002_SEC_15_1_PAR001,,false,true,false
disposed,1,29,21,D21,15,D21_T014,,false,true,false
quarterly,1,28,25,D01,18,D01_BOX003,,false,true,false
understanding,1,28,27,D01,21,D01_BOX005,,false,true,false
allows,1,28,28,D01,31,D01_BOX007,,false,true,false
cycle,1,28,24,D01,31,D01_BOX007,,false,true,false
sustain,1,28,28,D01,1,D01_P001_UNKNOWN_PAR006,,false,true,false
published,1,28,25,D01,2,D01_P002_SEC_1_1_PAR001,,false,true,false
run,1,28,27,D01,2,D01_P002_SEC_1_1_PAR001,,false,true,false
projected,1,28,26,D01,2,D01_P002_SEC_1_1_PAR001,,false,true,false
initial,1,28,28,D01,2,D01_P002_SEC_1_1_PAR001,,false,true,false
remaining,1,28,27,D01,3,D01_P003_SEC_1_2_PAR002,,false,true,false
stronger,1,28,27,D01,5,D01_P005_SEC_1_6_PAR001,,false,true,false
imposed,1,28,27,D01,6,D01_P006_SEC_1_6_PAR001,,false,true,false
political,1,28,26,D01,6,D01_P006_SEC_1_6_PAR001,,false,true,false
ports,1,28,20,D01,6,D01_P006_SEC_1_6_PAR007,,false,true,false
roles,1,28,25,D01,8,D01_P008_SEC_1_6_PAR003,,false,true,false
weighted,1,28,21,D01,15,D01_P015_SEC_1_17_PAR002,,false,true,false
freight,1,28,16,D01,18,D01_P018_SEC_1_26_PAR001,,false,true,false
standardised,1,28,27,D01,19,D01_P019_UNKNOWN_PAR006,,false,true,false
telecom,1,28,21,D01,22,D01_P022_SEC_1_28_PAR004,,false,true,false
app,1,28,19,D01,23,D01_P023_SEC_1_28_PAR010,,false,true,false
standard,1,28,28,D01,23,D01_P023_SEC_1_28_PAR012,,false,true,false
collection,1,28,24,D01,23,D01_P023_SEC_1_28_PAR013,,false,true,false
mobilisation,1,28,27,D01,24,D01_P024_SEC_1_30_PAR001,,false,true,false
durable,1,28,27,D01,26,D01_P026_SEC_1_33_PAR001,,false,true,false
six,1,28,28,D01,28,D01_P028_SEC_1_36_PAR001,,false,true,false
ppp,1,28,21,D01,29,D01_P029_SEC_1_41_PAR001,,false,true,false
historically,1,28,28,D01,30,D01_P030_SEC_1_45_PAR001,,false,true,false
adopted,1,28,28,D02,5,D02_BOX001,,false,true,false
council,1,28,21,D02,8,D02_BOX003,,false,true,false
losses,1,28,26,D02,15,D02_BOX005,losses,false,true,false
till,1,28,26,D02,26,D02_BOX013,,false,true,false
emphasis,1,28,27,D02,34,D02_BOX017,,false,true,false
binding,1,28,27,D02,3,D02_P003_SEC_2_3_PAR001,,false,true,false
middle,1,28,25,D02,6,D02_P006_SEC_2_10_PAR001,,false,true,false
stakeholders,1,28,27,D02,12,D02_P012_SEC_2_20_PAR001,,false,true,false
20 per cent,1,28,28,D02,15,D02_P015_SEC_2_26_PAR002,,false,true,false
principles,1,28,27,D02,17,D02_P017_UNKNOWN_PAR004,,false,true,false
scope,1,28,27,D02,27,D02_P027_SEC_2_41_PAR001,,false,true,false
date,1,28,24,D02,34,D02_P034_UNKNOWN_PAR002,,false,true,false
2013,1,28,27,D02,39,D02_P039_UNKNOWN_PAR002,,false,true,false
oriented,1,28,18,D02,42,D02_P042_SEC_2_57_PAR001,,false,true,false
foster,1,28,28,D03,27,D03_BOX009,,false,true,false
equities,1,28,21,D03,39,D03_BOX015,equities,false,true,false
task,1,28,26,D03,2,D03_P002_SEC_3_2_PAR001,,false,true,false
shock,1,28,22,D03,2,D03_P002_SEC_3_4_PAR001,,false,true,false
2014,1,28,25,D03,4,D03_P004_SEC_3_6_PAR001,,false,true,false
marking,1,28,28,D03,4,D03_P004_SEC_3_7_PAR001,,false,true,false
guarantee,1,28,19,D03,16,D03_P016_SEC_3_27_PAR001,,false,true,false
integrate,1,28,28,D03,25,D03_P025_SEC_3_47_PAR002,,false,true,false
timelines,1,28,24,D03,31,D03_P031_SEC_3_52_PAR001,,false,true,false
procedural,1,28,27,D03,34,D03_P034_SEC_3_62_PAR001,,false,true,false
separate,1,28,26,D03,43,D03_P043_SEC_3_74_PAR005,,false,true,false
cybersecurity,1,28,25,D03,54,D03_T002,,false,true,false
ltd.,1,28,24,D10,22,D10_P022_SEC_10_54_PAR001,,false,true,false
prosecution,1,28,19,D17,8,D17_P008_SEC_16_99_PAR001,,false,true,false
very,1,27,26,D01,18,D01_BOX003,,false,true,false
changing,1,27,27,D01,21,D01_BOX005,,false,true,false
p,1,27,21,D01,21,D01_BOX005,,false,true,false
maintained,1,27,27,D01,1,D01_P001_UNKNOWN_PAR003,,false,true,false
fundamentals,1,27,26,D01,1,D01_P001_UNKNOWN_PAR005,,false,true,false
agreements,1,27,22,D01,2,D01_P002_SEC_1_1_PAR001,,false,true,false
negative,1,27,25,D01,3,D01_P003_SEC_1_2_PAR002,,false,true,false
channel,1,27,23,D01,6,D01_P006_SEC_1_6_PAR002,,false,true,false
subsidies,1,27,23,D01,6,D01_P006_SEC_1_6_PAR006,,false,true,false
restrictions,1,27,23,D01,6,D01_P006_SEC_1_6_PAR007,,false,true,false
adjustment,1,27,27,D01,8,D01_P008_SEC_1_6_PAR001,,false,true,false
steel,1,27,20,D01,8,D01_P008_SEC_1_6_PAR001,,false,true,false
composition,1,27,23,D01,9,D01_P009_SEC_1_8_PAR002,,false,true,false
fy23,1,27,26,D01,10,D01_P010_SEC_1_9_PAR001,,false,true,false
-1,1,27,16,D01,19,D01_P019_UNKNOWN_PAR005,,false,true,false
identify,1,27,27,D01,20,D01_P020_UNKNOWN_PAR003,,false,true,false
included,1,27,26,D01,21,D01_P021_UNKNOWN_PAR002,,false,true,false
immediate,1,27,27,D01,22,D01_P022_SEC_1_28_PAR004,,false,true,false
parallel,1,27,27,D01,22,D01_P022_SEC_1_28_PAR007,,false,true,false
accessibility,1,27,24,D01,23,D01_P023_SEC_1_28_PAR009,,false,true,false
60 per cent,1,27,25,D01,25,D01_P025_SEC_1_30_PAR002,,false,true,false
reinforcing,1,27,27,D01,25,D01_P025_SEC_1_30_PAR002,,false,true,false
rupee,1,27,20,D01,26,D01_P026_SEC_1_33_PAR001,rupee,false,true,false
recognition,1,27,26,D01,29,D01_P029_SEC_1_40_PAR001,,false,true,false
said,1,27,25,D01,30,D01_P030_SEC_1_42_PAR001,,false,true,false
35,1,27,24,D01,33,D01_P033_SEC_1_PAR005,,false,true,false
firm,1,27,21,D01,33,D01_P033_SEC_3_PAR002,,false,true,false
generated,1,27,27,D01,34,D01_P034_SEC_3_PAR002,,false,true,false
estate,1,27,24,D01,9,D01_T002,,false,true,false
subsidy,1,27,16,D02,1,D02_P001_UNKNOWN_PAR004,,false,true,false
clearly,1,27,26,D02,3,D02_P003_SEC_2_3_PAR001,,false,true,false
sale,1,27,20,D02,6,D02_P006_SEC_2_8_PAR001,,false,true,false
living,1,27,23,D02,10,D02_P010_UNKNOWN_PAR007,,false,true,false
matters,1,27,25,D02,22,D02_P022_SEC_2_33_PAR001,,false,true,false
gujarat,1,27,24,D02,24,D02_P024_SEC_2_39_PAR002,,false,true,false
48,1,27,27,D02,38,D02_P038_SEC_2_53_PAR001,,false,true,false
testing,1,27,25,D02,39,D02_P039_UNKNOWN_PAR002,,false,true,false
sense,1,27,26,D02,39,D02_P039_UNKNOWN_PAR006,,false,true,false
simultaneously,1,27,26,D03,1,D03_P001_UNKNOWN_PAR002,,false,true,false
built,1,27,27,D03,2,D03_P002_SEC_3_2_PAR001,,false,true,false
good,1,27,25,D03,7,D03_P007_SEC_3_8_PAR010,,false,true,false
notably,1,27,27,D03,10,D03_P010_SEC_3_13_PAR001,,false,true,false
having,1,27,25,D03,13,D03_P013_SEC_3_20_PAR001,,false,true,false
streamline,1,27,27,D03,18,D03_P018_SEC_3_32_PAR001,,false,true,false
establish,1,27,26,D03,18,D03_P018_SEC_3_33_PAR001,,false,true,false
skilled,1,27,26,D03,22,D03_P022_SEC_3_41_PAR005,,false,true,false
simple,1,27,24,D03,22,D03_P022_SEC_3_41_PAR005,,false,true,false
prioritise,1,27,27,D03,26,D03_P026_SEC_3_47_PAR001,,false,true,false
evolve,1,27,25,D03,31,D03_P031_SEC_3_50_PAR003,,false,true,false
sme,1,27,18,D03,36,D03_P036_SEC_3_70_PAR001,,false,true,false
criteria,1,27,25,D03,43,D03_P043_SEC_3_74_PAR009,,false,true,false
society,1,27,24,D03,59,D03_P059_SEC_3_99_PAR003,,false,true,false
corridors,1,27,24,D04,3,D04_P003_SEC_4_7_PAR001,,false,true,false
e.,1,27,27,D04,23,D04_P023_UNKNOWN_PAR006,,false,true,false
f,1,27,22,D04,42,D04_P042_SEC_4_81_PAR002,,false,true,false
pulses,1,27,20,D05,1,D05_P001_UNKNOWN_PAR003,,false,true,false
trained,1,27,26,D06,27,D06_P027_SEC_6_47_PAR001,,false,true,false
village,1,27,18,D09,27,D09_P027_SEC_4_PAR002,,false,true,false
youth,1,27,25,D11,2,D11_P002_SEC_11_4_PAR001,,false,true,false
sessions,1,27,22,D11,27,D11_P027_UNKNOWN_PAR012,,false,true,false
officers,1,27,18,D11,35,D11_P035_SEC_11_52_PAR001,,false,true,false
officer,1,27,27,D11,26,D11_T005,,false,true,false
●,1,27,7,D13,31,D13_P031_SEC_13_80_PAR005,,false,false,false
msei,1,27,19,D21,8,D21_T005,,false,true,false
prevent,1,26,25,D01,18,D01_BOX003,,false,true,false
rapidly,1,26,26,D01,21,D01_BOX005,,false,true,false
scheduled,1,26,23,D01,21,D01_BOX005,,false,true,false
-year,1,26,24,D01,4,D01_P004_SEC_1_3_PAR001,,false,true,false
did,1,26,20,D01,5,D01_P005_SEC_1_6_PAR001,,true,true,false
focusing,1,26,26,D01,7,D01_P007_SEC_1_6_PAR006,,false,true,false
involved,1,26,26,D01,7,D01_P007_SEC_1_6_PAR007,,false,true,false
carbon,1,26,20,D01,8,D01_P008_SEC_1_6_PAR001,,false,true,false
protect,1,26,25,D01,8,D01_P008_SEC_1_6_PAR001,,false,true,false
attributed,1,26,26,D01,11,D01_P011_SEC_1_11_PAR001,,false,true,false
evident,1,26,26,D01,12,D01_P012_SEC_1_12_PAR001,,false,true,false
regarding,1,26,24,D01,15,D01_P015_SEC_1_19_PAR001,,false,true,false
principle,1,26,25,D01,19,D01_P019_SEC_1_27_PAR002,,false,true,false
employed,1,26,25,D01,19,D01_P019_UNKNOWN_PAR002,,false,true,false
closely,1,26,26,D01,24,D01_P024_SEC_1_29_PAR001,,false,true,false
collections,1,26,15,D01,24,D01_P024_SEC_1_30_PAR001,,false,true,false
delivered,1,26,25,D01,26,D01_P026_SEC_1_33_PAR001,,false,true,false
codes,1,26,22,D01,29,D01_P029_SEC_1_40_PAR001,,false,true,false
going,1,26,26,D01,30,D01_P030_SEC_1_45_PAR001,,false,true,false
apprenticeship,1,26,16,D01,33,D01_P033_SEC_1_PAR007,,false,true,false
37,1,26,24,D01,33,D01_P033_SEC_3_PAR001,,false,true,false
functioning,1,26,22,D01,34,D01_P034_SEC_3_PAR001,,false,true,false
ofs,1,26,7,D02,6,D02_P006_SEC_2_8_PAR001,,false,true,false
fertiliser,1,26,20,D02,9,D02_P009_UNKNOWN_PAR003,,false,true,false
2047,1,26,26,D02,10,D02_P010_UNKNOWN_PAR009,,false,true,false
approvals,1,26,23,D02,13,D02_P013_SEC_2_22_PAR001,,false,true,false
prior,1,26,26,D02,17,D02_P017_UNKNOWN_PAR003,,false,true,false
solutions,1,26,26,D02,17,D02_P017_UNKNOWN_PAR005,,false,true,false
approaches,1,26,26,D02,22,D02_P022_SEC_2_33_PAR001,,false,true,false
₹,1,26,18,D02,26,D02_P026_SEC_2_40_PAR001,,false,false,false
constrained,1,26,25,D02,26,D02_P026_SEC_2_40_PAR003,,false,true,false
enhances,1,26,26,D02,27,D02_P027_UNKNOWN_PAR001,,false,true,false
discussion,1,26,25,D02,33,D02_P033_UNKNOWN_PAR001,,false,true,false
responsible,1,26,26,D03,24,D03_BOX005,,false,true,false
signalling,1,26,26,D03,1,D03_P001_UNKNOWN_PAR002,,false,true,false
sensitive,1,26,23,D03,4,D03_P004_SEC_3_7_PAR001,,false,true,false
conduct,1,26,25,D03,12,D03_P012_SEC_3_18_PAR001,,false,true,false
discusses,1,26,24,D03,13,D03_P013_SEC_3_19_PAR002,,false,true,false
seven,1,26,22,D03,22,D03_P022_SEC_3_41_PAR007,,false,true,false
41,1,26,26,D03,23,D03_P023_SEC_3_43_PAR001,,false,true,false
right,1,26,22,D03,38,D03_P038_UNKNOWN_PAR003,,false,true,false
~,1,26,18,D03,39,D03_P039_SEC_3_73_PAR002,,false,false,false
mode,1,26,21,D03,44,D03_P044_SEC_3_77_PAR001,,false,true,false
scores,1,26,20,D04,8,D04_P008_SEC_4_19_PAR001,,false,true,false
departments,1,26,25,D04,38,D04_P038_SEC_4_80_PAR006,,false,true,false
window,1,26,22,D04,39,D04_P039_SEC_4_80_PAR001,,false,true,false
pollution,1,26,19,D09,18,D09_P018_SEC_9_33_PAR003,,false,true,false
grid,1,26,17,D09,26,D09_P026_SEC_2_PAR003,,false,true,false
civic,1,26,22,D11,40,D11_P040_SEC_11_61_PAR001,,false,true,false
notional,1,26,14,D22,13,D22_P013_SEC_4_3_2_PAR004,,false,true,false
amfi,1,26,25,D26,7,D26_BOX001,,false,true,false
appellants,1,26,20,D28,20,D28_P020_UNKNOWN_PAR001,,false,true,false
released,1,25,23,D01,18,D01_BOX003,,false,true,false
businesses,1,25,23,D01,2,D01_P002_SEC_1_1_PAR001,,false,true,false
delays,1,25,24,D01,2,D01_P002_SEC_1_1_PAR001,,false,true,false
moderate,1,25,23,D01,3,D01_P003_SEC_1_2_PAR002,,false,true,false
driver,1,25,25,D01,3,D01_P003_SEC_1_2_PAR002,,false,true,false
generally,1,25,23,D01,4,D01_P004_SEC_1_3_PAR001,,false,true,false
smaller,1,25,24,D01,4,D01_P004_SEC_1_3_PAR001,,false,true,false
surge,1,25,25,D01,4,D01_P004_SEC_1_5_PAR001,,false,true,false
consequently,1,25,24,D01,7,D01_P007_SEC_1_6_PAR003,,false,true,false
deployed,1,25,24,D01,7,D01_P007_SEC_1_6_PAR007,,false,true,false
anchor,1,25,23,D01,8,D01_P008_SEC_1_6_PAR003,,false,true,false
subsequent,1,25,24,D01,11,D01_P011_SEC_1_10_PAR001,,false,true,false
outcome,1,25,24,D01,15,D01_P015_SEC_1_17_PAR002,,false,true,false
sufficient,1,25,25,D01,15,D01_P015_SEC_1_18_PAR001,,false,true,false
cargo,1,25,18,D01,18,D01_P018_SEC_1_26_PAR001,,false,true,false
actual,1,25,24,D01,25,D01_P025_SEC_1_31_PAR001,,false,true,false
profitability,1,25,23,D01,26,D01_P026_SEC_1_33_PAR001,,false,true,false
corporations,1,25,21,D01,27,D01_P027_SEC_1_34_PAR001,,false,true,false
dollar,1,25,20,D01,28,D01_P028_SEC_1_37_PAR001,,false,true,false
vietnam,1,25,19,D01,28,D01_P028_SEC_1_38_PAR001,,false,true,false
reinforce,1,25,24,D01,30,D01_P030_SEC_1_44_PAR001,,false,true,false
clarity,1,25,23,D01,31,D01_P031_SEC_1_46_PAR002,,false,true,false
52,1,25,22,D02,16,D02_BOX007,,false,true,false
choice,1,25,23,D02,34,D02_BOX017,,false,true,false
considered,1,25,25,D02,34,D02_BOX017,,false,true,false
demonstrates,1,25,25,D02,2,D02_P002_UNKNOWN_PAR002,,false,true,false
proportion,1,25,22,D02,3,D02_P003_SEC_2_4_PAR001,,false,true,false
supports,1,25,25,D02,4,D02_P004_SEC_2_4_PAR001,,false,true,false
granted,1,25,22,D02,6,D02_P006_SEC_2_10_PAR001,,false,true,false
duty,1,25,18,D02,6,D02_P006_SEC_2_10_PAR002,,false,true,false
voluntary,1,25,23,D02,6,D02_P006_SEC_2_8_PAR002,,false,true,false
valuation,1,25,19,D02,13,D02_P013_SEC_2_21_PAR001,,false,true,false
full,1,25,25,D02,13,D02_P013_SEC_2_23_PAR001,,false,true,false
ultimately,1,25,24,D02,22,D02_P022_SEC_2_33_PAR001,,false,true,false
intended,1,25,25,D02,23,D02_P023_UNKNOWN_PAR001,,false,true,false
safeguard,1,25,25,D02,25,D02_P025_SEC_2_40_PAR001,,false,true,false
advances,1,25,25,D02,28,D02_P028_UNKNOWN_PAR001,,false,true,false
issuances,1,25,19,D02,35,D02_P035_SEC_2_46_PAR001,,false,true,false
predictability,1,25,24,D02,36,D02_P036_SEC_2_48_PAR001,,false,true,false
wide,1,25,25,D02,36,D02_P036_SEC_2_50_PAR001,,false,true,false
marginal,1,25,24,D02,39,D02_P039_UNKNOWN_PAR001,,false,true,false
49,1,25,25,D02,39,D02_P039_UNKNOWN_PAR002,,false,true,false
today,1,25,24,D02,40,D02_T009,,false,true,false
though,1,25,24,D02,40,D02_T009,,false,true,false
accelerate,1,25,23,D03,60,D03_BOX021,,false,true,false
nation,1,25,24,D03,64,D03_BOX023,,false,true,false
identifying,1,25,25,D03,2,D03_P002_SEC_3_3_PAR001,,false,true,false
facility,1,25,22,D03,10,D03_P010_SEC_3_14_PAR001,,false,true,false
metrics,1,25,23,D03,14,D03_P014_SEC_3_23_PAR001,,false,true,false
mandate,1,25,25,D03,20,D03_P020_SEC_3_40_PAR001,,false,true,false
safe,1,25,23,D03,22,D03_P022_SEC_3_41_PAR002,,false,true,false
presents,1,25,23,D03,23,D03_P023_SEC_3_41_PAR003,,false,true,false
organisations,1,25,23,D03,24,D03_P024_SEC_3_45_PAR001,,false,true,false
pathway,1,25,25,D03,28,D03_P028_SEC_3_49_PAR001,,false,true,false
default,1,25,20,D03,30,D03_P030_SEC_3_50_PAR002,,false,true,false
supervisory,1,25,23,D03,38,D03_P038_UNKNOWN_PAR003,,false,true,false
fraud,1,25,22,D03,42,D03_P042_SEC_3_74_PAR002,,false,true,false
panchayat,1,25,16,D03,42,D03_P042_SEC_3_74_PAR002,,false,true,false
streamlined,1,25,25,D03,43,D03_P043_SEC_3_74_PAR005,,false,true,false
majority,1,25,22,D03,47,D03_P047_SEC_3_85_PAR004,,false,true,false
demographic,1,25,24,D03,47,D03_P047_SEC_3_85_PAR006,,false,true,false
acquisition,1,25,23,D03,61,D03_P061_SEC_3_99_PAR007,,false,true,false
hub,1,25,25,D03,54,D03_T002,,false,true,false
september,1,25,24,D04,20,D04_P020_SEC_4_47_PAR002,,false,true,false
compute,1,25,20,D04,34,D04_P034_SEC_4_78_PAR002,,false,true,false
languages,1,25,23,D06,22,D06_P022_SEC_6_36_PAR001,,false,true,false
vii.,1,25,20,D07,3,D07_P003_SEC_7_6_PAR002,,false,true,false
student,1,25,24,D11,12,D11_BOX005,,false,true,false
accused,1,25,9,D28,33,D28_P033_UNKNOWN_PAR004,,false,true,false
covid,1,24,21,D01,18,D01_BOX003,,false,true,false
backdrop,1,24,24,D01,18,D01_BOX003,,false,true,false
readiness,1,24,23,D01,21,D01_BOX005,,false,true,false
surveys,1,24,20,D01,21,D01_BOX005,,false,true,false
then,1,24,24,D01,31,D01_BOX007,,true,true,false
upward,1,24,23,D01,31,D01_BOX007,,false,true,false
partners,1,24,23,D01,2,D01_P002_SEC_1_1_PAR001,,false,true,false
imf,1,24,20,D01,2,D01_P002_SEC_1_1_PAR001,,false,true,false
absorb,1,24,24,D01,6,D01_P006_SEC_1_6_PAR005,,false,true,false
targeting,1,24,24,D01,8,D01_P008_SEC_1_6_PAR001,,false,true,false
works,1,24,20,D01,8,D01_P008_SEC_1_6_PAR003,,false,true,false
moderation,1,24,24,D01,11,D01_P011_SEC_1_10_PAR001,,false,true,false
passenger,1,24,15,D01,11,D01_P011_SEC_1_11_PAR001,,false,true,false
volatile,1,24,22,D01,15,D01_P015_SEC_1_17_PAR002,,false,true,false
bill,1,24,20,D01,16,D01_P016_SEC_1_22_PAR001,,false,true,false
variable,1,24,18,D01,19,D01_P019_SEC_1_27_PAR002,,false,true,false
movements,1,24,24,D01,19,D01_P019_UNKNOWN_PAR001,,false,true,false
capture,1,24,22,D01,19,D01_P019_UNKNOWN_PAR002,,false,true,false
comprising,1,24,24,D01,19,D01_P019_UNKNOWN_PAR003,,false,true,false
typically,1,24,24,D01,19,D01_P019_UNKNOWN_PAR005,,false,true,false
margins,1,24,22,D01,26,D01_P026_SEC_1_33_PAR001,,false,true,false
gvcs,1,24,23,D01,28,D01_P028_SEC_1_37_PAR001,,false,true,false
attracting,1,24,23,D01,28,D01_P028_SEC_1_38_PAR001,,false,true,false
wages,1,24,24,D01,29,D01_P029_SEC_1_40_PAR001,wages,false,true,false
employability,1,24,21,D01,29,D01_P029_SEC_1_40_PAR001,,false,true,false
translate,1,24,23,D01,30,D01_P030_SEC_1_44_PAR001,,false,true,false
anchored,1,24,24,D01,31,D01_P031_SEC_1_46_PAR001,,false,true,false
formalisation,1,24,23,D01,31,D01_P031_SEC_1_46_PAR003,,false,true,false
usage,1,24,24,D02,5,D02_BOX001,,false,true,false
feature,1,24,23,D02,22,D02_BOX011,,false,true,false
highlighted,1,24,23,D02,2,D02_P002_SEC_2_1_PAR001,,false,true,false
moved,1,24,14,D02,9,D02_P009_UNKNOWN_PAR006,,false,true,false
issuance,1,24,20,D02,16,D02_P016_SEC_2_27_PAR001,,false,true,false
hybrid,1,24,21,D02,17,D02_P017_UNKNOWN_PAR002,,false,true,false
back,1,24,21,D02,23,D02_P023_SEC_2_37_PAR001,,false,true,false
liabilities,1,24,18,D02,23,D02_P023_UNKNOWN_PAR001,liabilities,false,true,false
uttar,1,24,22,D02,24,D02_P024_SEC_2_39_PAR002,,false,true,false
avoid,1,24,24,D02,26,D02_P026_SEC_2_40_PAR003,,false,true,false
evaluation,1,24,21,D02,30,D02_P030_UNKNOWN_PAR002,,false,true,false
47,1,24,23,D02,38,D02_P038_SEC_2_53_PAR001,,false,true,false
seed,1,24,13,D03,27,D03_BOX009,,false,true,false
nbfcs,1,24,24,D03,64,D03_BOX023,,false,true,false
digitally,1,24,22,D03,20,D03_P020_SEC_3_38_PAR001,,false,true,false
advisory,1,24,22,D03,20,D03_P020_SEC_3_40_PAR001,,false,true,false
encouraged,1,24,24,D03,26,D03_P026_SEC_3_47_PAR006,,false,true,false
hold,1,24,23,D03,29,D03_P029_SEC_3_49_PAR002,,false,true,false
55,1,24,21,D03,31,D03_P031_SEC_3_51_PAR001,,false,true,false
functional,1,24,21,D03,38,D03_P038_UNKNOWN_PAR001,,false,true,false
pertaining,1,24,22,D03,43,D03_P043_SEC_3_74_PAR005,,false,true,false
aum,1,24,19,D03,55,D03_P055_SEC_3_99_PAR003,,false,true,false
computing,1,24,22,D03,54,D03_T002,,false,true,false
hardware,1,24,18,D04,10,D04_P010_SEC_4_25_PAR001,,false,true,false
recently,1,24,24,D04,24,D04_P024_SEC_4_51_PAR001,,false,true,false
retention,1,24,23,D04,43,D04_P043_SEC_4_83_PAR001,,false,true,false
leap,1,24,24,D08,1,D08_P001_UNKNOWN_PAR001,,false,true,false
participatory,1,24,20,D09,24,D09_BOX023,,false,true,false
heis,1,24,17,D11,19,D11_BOX009,,false,true,false
learn,1,24,21,D11,1,D11_P001_UNKNOWN_PAR003,,false,true,false
worker,1,24,20,D12,17,D12_BOX005,,false,true,false
pit,1,24,21,D27,8,D27_P008_SEC_9_3_1_PAR002,,false,true,false
chairman,1,24,20,D27,10,D27_P010_UNKNOWN_PAR002,,false,true,false
mr.,1,24,19,D28,22,D28_P022_UNKNOWN_PAR004,,false,true,false
makes,1,23,23,D01,18,D01_BOX003,,false,true,false
frontier,1,23,21,D01,21,D01_BOX005,,false,true,false
2022-23,1,23,19,D01,31,D01_BOX007,,false,true,false
assess,1,23,23,D01,1,D01_P001_UNKNOWN_PAR004,,false,true,false
brazil,1,23,21,D01,4,D01_P004_SEC_1_3_PAR001,,false,true,false
capable,1,23,23,D01,8,D01_P008_SEC_1_6_PAR003,,false,true,false
air,1,23,19,D01,11,D01_P011_SEC_1_11_PAR001,,false,true,false
gas,1,23,20,D01,16,D01_P016_SEC_1_20_PAR001,,false,true,false
periodic,1,23,22,D01,22,D01_P022_SEC_1_28_PAR003,,false,true,false
ministries,1,23,18,D01,23,D01_P023_SEC_1_28_PAR009,,false,true,false
calibrated,1,23,23,D01,24,D01_P024_SEC_1_30_PAR001,,false,true,false
benchmarks,1,23,23,D01,26,D01_P026_SEC_1_32_PAR001,,false,true,false
ratings,1,23,20,D01,26,D01_P026_SEC_1_32_PAR001,,false,true,false
decreased,1,23,20,D01,27,D01_P027_SEC_1_34_PAR001,,false,true,false
january,1,23,21,D01,28,D01_P028_SEC_1_37_PAR001,,false,true,false
deliver,1,23,23,D01,30,D01_P030_SEC_1_43_PAR001,,false,true,false
certainty,1,23,22,D01,31,D01_P031_SEC_1_46_PAR002,,false,true,false
notes,1,23,21,D01,33,D01_P033_SEC_3_PAR001,,false,true,false
46,1,23,20,D01,35,D01_P035_SEC_3_PAR003,,false,true,false
/,1,23,20,D01,35,D01_P035_SEC_3_PAR004,,false,false,false
nominal,1,23,23,D01,10,D01_T003,,false,true,false
select,1,23,23,D02,8,D02_BOX003,,false,true,false
steps,1,23,23,D02,15,D02_BOX005,,false,true,false
take,1,23,22,D02,6,D02_P006_SEC_2_10_PAR001,,false,true,false
unit,1,23,22,D02,10,D02_P010_UNKNOWN_PAR004,,false,true,false
strengthens,1,23,23,D02,10,D02_P010_UNKNOWN_PAR009,,false,true,false
dividend,1,23,22,D02,12,D02_P012_SEC_2_19_PAR001,,false,true,false
31 december 2025,1,23,22,D02,13,D02_P013_SEC_2_21_PAR001,,false,true,false
overseas,1,23,20,D02,13,D02_P013_SEC_2_21_PAR001,,false,true,false
metro,1,23,14,D02,16,D02_P016_SEC_2_26_PAR001,,false,true,false
balanced,1,23,22,D02,16,D02_P016_SEC_2_26_PAR001,,false,true,false
engage,1,23,23,D02,16,D02_P016_SEC_2_28_PAR001,,false,true,false
managing,1,23,23,D02,35,D02_P035_SEC_2_46_PAR001,,false,true,false
quantum,1,23,15,D02,42,D02_P042_SEC_2_56_PAR001,,false,true,false
othe,1,23,21,D02,5,D02_T001,,false,true,false
money,1,23,21,D03,1,D03_P001_SEC_3_1_PAR001,money,false,true,false
achievements,1,23,23,D03,2,D03_P002_SEC_3_3_PAR001,,false,true,false
stocks,1,23,19,D03,4,D03_P004_SEC_3_7_PAR001,,false,true,false
check,1,23,19,D03,7,D03_P007_SEC_3_8_PAR010,,false,true,false
distinct,1,23,22,D03,20,D03_P020_SEC_3_39_PAR001,,false,true,false
found,1,23,22,D03,22,D03_P022_SEC_3_41_PAR005,,false,true,false
intensity,1,23,22,D03,25,D03_P025_SEC_3_47_PAR007,,false,true,false
54,1,23,21,D03,30,D03_P030_SEC_3_50_PAR003,,false,true,false
c,1,23,22,D03,32,D03_P032_SEC_3_53_PAR001,,false,true,false
courts,1,23,18,D03,34,D03_P034_SEC_3_61_PAR001,,false,true,false
cross-border,1,23,22,D03,34,D03_P034_SEC_3_63_PAR001,,false,true,false
autonomy,1,23,23,D03,37,D03_P037_UNKNOWN_PAR003,,false,true,false
successful,1,23,23,D03,61,D03_P061_SEC_3_99_PAR009,,false,true,false
lessons,1,23,23,D04,21,D04_BOX001,,false,true,false
conversely,1,23,23,D04,17,D04_P017_UNKNOWN_PAR004,,false,true,false
extension,1,23,18,D04,25,D04_P025_SEC_4_54_PAR001,,false,true,false
district,1,23,20,D06,13,D06_BOX005,,false,true,false
employers,1,23,20,D06,28,D06_P028_SEC_6_49_PAR001,,false,true,false
travel,1,23,20,D07,12,D07_BOX003,,false,true,false
july,1,23,21,D07,9,D07_P009_SEC_7_14_PAR002,,false,true,false
gw,1,23,11,D07,22,D07_P022_SEC_7_35_PAR001,,false,true,false
shall,1,23,18,D08,44,D08_P044_SEC_8_72_PAR004,,true,true,false
sharing,1,23,22,D09,11,D09_BOX007,,false,true,false
courses,1,23,23,D11,19,D11_BOX009,,false,true,false
a.,1,23,23,D11,27,D11_P027_SEC_11_40_PAR001,,false,true,false
commons,1,23,15,D13,14,D13_P014_SEC_13_35_PAR001,,false,true,false
-19,1,22,22,D01,18,D01_BOX003,,false,true,false
helped,1,22,20,D01,18,D01_BOX003,,false,true,false
direction,1,22,21,D01,18,D01_BOX003,,false,true,false
decision-making,1,22,22,D01,21,D01_BOX005,,false,true,false
tensions,1,22,19,D01,1,D01_P001_UNKNOWN_PAR002,,false,true,false
question,1,22,22,D01,4,D01_P004_SEC_1_3_PAR001,,false,true,false
peak,1,22,19,D01,4,D01_P004_SEC_1_3_PAR001,,false,true,false
historical,1,22,22,D01,4,D01_P004_SEC_1_5_PAR001,,false,true,false
continuity,1,22,22,D01,4,D01_P004_SEC_1_5_PAR001,,false,true,false
recognised,1,22,21,D01,6,D01_P006_SEC_1_6_PAR001,,false,true,false
vulnerability,1,22,22,D01,6,D01_P006_SEC_1_6_PAR002,,false,true,false
cooperation,1,22,20,D01,6,D01_P006_SEC_1_6_PAR004,,false,true,false
updated,1,22,21,D01,6,D01_P006_SEC_1_6_PAR006,,false,true,false
widely,1,22,22,D01,6,D01_P006_SEC_1_6_PAR007,,false,true,false
domains,1,22,20,D01,7,D01_P007_SEC_1_6_PAR007,,false,true,false
fourth,1,22,22,D01,9,D01_P009_SEC_1_8_PAR002,,false,true,false
exceeding,1,22,22,D01,12,D01_P012_SEC_1_12_PAR001,,false,true,false
suggest,1,22,22,D01,13,D01_P013_SEC_1_13_PAR001,,false,true,false
favourable,1,22,21,D01,14,D01_P014_SEC_1_16_PAR001,,false,true,false
utilities,1,22,20,D01,16,D01_P016_SEC_1_20_PAR001,,false,true,false
away,1,22,22,D01,18,D01_P018_SEC_1_25_PAR001,,false,true,false
follows,1,22,22,D01,19,D01_P019_UNKNOWN_PAR003,,false,true,false
taking,1,22,22,D01,20,D01_P020_UNKNOWN_PAR001,,false,true,false
guidance,1,22,21,D01,22,D01_P022_SEC_1_28_PAR001,,false,true,false
cpi,1,22,17,D01,23,D01_P023_SEC_1_28_PAR008,cpi,false,true,false
headline,1,22,16,D01,24,D01_P024_SEC_1_29_PAR001,,false,true,false
metal,1,22,16,D01,24,D01_P024_SEC_1_29_PAR001,,false,true,false
broad,1,22,21,D01,25,D01_P025_SEC_1_31_PAR001,,false,true,false
profit,1,22,19,D01,26,D01_P026_SEC_1_33_PAR001,profit,false,true,false
placed,1,22,22,D01,28,D01_P028_SEC_1_38_PAR001,,false,true,false
aligns,1,22,22,D01,33,D01_P033_SEC_1_PAR003,,false,true,false
respective,1,22,20,D01,34,D01_P034_SEC_3_PAR003,,false,true,false
focuses,1,22,22,D02,5,D02_BOX001,,false,true,false
capita,1,22,14,D02,22,D02_BOX011,,false,true,false
association,1,22,19,D02,22,D02_BOX011,,false,true,false
weaker,1,22,17,D02,22,D02_BOX011,,false,true,false
trade-offs,1,22,20,D02,2,D02_P002_UNKNOWN_PAR001,,false,true,false
customs,1,22,16,D02,6,D02_P006_SEC_2_10_PAR002,,false,true,false
intent,1,22,22,D02,7,D02_P007_SEC_2_14_PAR001,,false,true,false
volumes,1,22,20,D02,8,D02_P008_SEC_2_15_PAR001,,false,true,false
joint,1,22,22,D02,13,D02_P013_SEC_2_22_PAR001,,false,true,false
possible,1,22,22,D02,15,D02_P015_SEC_2_26_PAR001,,false,true,false
specified,1,22,21,D02,15,D02_P015_SEC_2_26_PAR002,,false,true,false
uts,1,22,20,D02,17,D02_P017_UNKNOWN_PAR003,,false,true,false
commitments,1,22,18,D02,18,D02_P018_UNKNOWN_PAR001,,false,true,false
protecting,1,22,22,D02,22,D02_P022_SEC_2_33_PAR001,,false,true,false
nsdl,1,22,18,D02,23,D02_P023_UNKNOWN_PAR001,,false,true,false
whereas,1,22,22,D02,23,D02_P023_UNKNOWN_PAR001,,false,true,false
karnataka,1,22,21,D02,24,D02_P024_SEC_2_39_PAR002,,false,true,false
72,1,22,21,D02,29,D02_P029_UNKNOWN_PAR004,,false,true,false
maturity,1,22,20,D02,33,D02_P033_UNKNOWN_PAR001,,false,true,false
profile,1,22,22,D02,35,D02_P035_SEC_2_47_PAR001,,false,true,false
meaningful,1,22,22,D02,36,D02_P036_SEC_2_50_PAR001,,false,true,false
policymakers,1,22,22,D02,40,D02_P040_UNKNOWN_PAR001,,false,true,false
underscore,1,22,22,D02,42,D02_P042_SEC_2_56_PAR001,,false,true,false
64,1,22,20,D03,36,D03_BOX013,,false,true,false
measured,1,22,22,D03,46,D03_BOX019,,false,true,false
fintech,1,22,20,D03,1,D03_P001_UNKNOWN_PAR004,,false,true,false
carried,1,22,22,D03,12,D03_P012_SEC_3_19_PAR001,,false,true,false
micro,1,22,19,D03,16,D03_P016_SEC_3_26_PAR001,,false,true,false
expertise,1,22,21,D03,20,D03_P020_SEC_3_40_PAR001,,false,true,false
distributed,1,22,21,D03,30,D03_P030_SEC_3_50_PAR005,,false,true,false
62,1,22,21,D03,34,D03_P034_SEC_3_61_PAR001,,false,true,false
executive,1,22,21,D03,37,D03_P037_SEC_3_71_PAR003,,false,true,false
intermediary,1,22,22,D03,38,D03_P038_UNKNOWN_PAR003,,false,true,false
equally,1,22,22,D03,40,D03_P040_SEC_3_73_PAR003,,false,true,false
2030,1,22,19,D03,46,D03_P046_SEC_3_84_PAR001,,false,true,false
holding,1,22,16,D03,58,D03_P058_SEC_3_99_PAR005,,false,true,false
seeking,1,22,22,D03,60,D03_P060_SEC_3_99_PAR004,,false,true,false
density,1,22,17,D03,61,D03_P061_SEC_3_99_PAR009,,false,true,false
metropolitan,1,22,19,D03,63,D03_P063_UNKNOWN_PAR005,,false,true,false
universities,1,22,19,D03,54,D03_T002,,false,true,false
baseline,1,22,15,D04,5,D04_P005_SEC_4_9_PAR001,,false,true,false
produce,1,22,16,D04,19,D04_P019_SEC_4_44_PAR002,,false,true,false
ecosystems,1,22,21,D04,22,D04_P022_SEC_4_50_PAR003,,false,true,false
res,1,22,21,D04,25,D04_P025_SEC_4_54_PAR001,,false,true,false
practical,1,22,22,D04,51,D04_P051_SEC_4_97_PAR002,,false,true,false
engaged,1,22,21,D04,51,D04_P051_SEC_4_97_PAR003,,false,true,false
cluster,1,22,18,D06,11,D06_P011_SEC_6_17_PAR001,,false,true,false
clean,1,22,21,D06,11,D06_P011_SEC_6_17_PAR001,,false,true,false
farming,1,22,13,D06,20,D06_P020_SEC_6_30_PAR001,,false,true,false
census,1,22,14,D06,29,D06_P029_SEC_6_54_PAR001,,false,true,false
march 2026,1,22,21,D06,31,D06_P031_SEC_6_54_PAR004,,false,true,false
nuclear,1,22,16,D08,24,D08_BOX011,,false,true,false
informed,1,22,21,D09,8,D09_BOX005,,false,true,false
obesity,1,22,14,D11,1,D11_P001_UNKNOWN_PAR003,,false,true,false
lodr,1,22,17,D21,13,D21_BOX009,,false,true,false
?,1,21,19,D01,5,D01_BOX001,,false,false,false
persist,1,21,21,D01,1,D01_P001_UNKNOWN_PAR002,,false,true,false
statistics,1,21,19,D01,2,D01_P002_SEC_1_2_PAR001,,false,true,false
mitigate,1,21,21,D01,3,D01_P003_SEC_1_2_PAR002,,false,true,false
european,1,21,19,D01,3,D01_P003_SEC_1_2_PAR002,,false,true,false
france,1,21,20,D01,3,D01_P003_SEC_1_2_PAR002,,false,true,false
greenfield,1,21,16,D01,4,D01_P004_SEC_1_5_PAR001,,false,true,false
perspective,1,21,20,D01,5,D01_P005_SEC_1_6_PAR001,,false,true,false
examples,1,21,20,D01,6,D01_P006_SEC_1_6_PAR001,,false,true,false
zones,1,21,19,D01,6,D01_P006_SEC_1_6_PAR005,,false,true,false
e.g.,1,21,16,D01,8,D01_P008_SEC_1_6_PAR001,,false,true,false
grow,1,21,21,D01,14,D01_P014_SEC_1_17_PAR001,,false,true,false
weather,1,21,20,D01,14,D01_P014_SEC_1_17_PAR001,,false,true,false
follow,1,21,21,D01,19,D01_P019_UNKNOWN_PAR005,,false,true,false
determined,1,21,16,D01,19,D01_P019_UNKNOWN_PAR006,,false,true,false
procedures,1,21,18,D01,23,D01_P023_SEC_1_28_PAR012,,false,true,false
precious,1,21,10,D01,24,D01_P024_SEC_1_29_PAR001,,false,true,false
transmission,1,21,20,D01,26,D01_P026_SEC_1_32_PAR002,,false,true,false
complemented,1,21,21,D01,26,D01_P026_SEC_1_33_PAR001,,false,true,false
viable,1,21,20,D01,27,D01_P027_SEC_1_34_PAR001,,false,true,false
database,1,21,19,D01,32,D01_P032_SEC_1_46_PAR004,,false,true,false
@,1,21,19,D01,34,D01_T008,,false,false,false
differences,1,21,18,D02,22,D02_BOX011,,false,true,false
feedback,1,21,21,D02,26,D02_BOX013,,false,true,false
lowering,1,21,20,D02,1,D02_P001_UNKNOWN_PAR003,,false,true,false
definition,1,21,19,D02,2,D02_P002_UNKNOWN_PAR003,,false,true,false
machinery,1,21,19,D02,9,D02_P009_UNKNOWN_PAR002,,false,true,false
devices,1,21,18,D02,10,D02_P010_UNKNOWN_PAR003,,false,true,false
tracking,1,21,20,D02,11,D02_P011_SEC_2_17_PAR001,,false,true,false
transform,1,21,21,D02,16,D02_P016_SEC_2_26_PAR001,,false,true,false
needed,1,21,21,D02,22,D02_P022_SEC_2_33_PAR001,,false,true,false
applicable,1,21,19,D02,22,D02_P022_SEC_2_35_PAR001,,false,true,false
explicitly,1,21,21,D02,23,D02_P023_UNKNOWN_PAR001,,false,true,false
andhra,1,21,19,D02,24,D02_P024_SEC_2_39_PAR002,,false,true,false
eligibility,1,21,20,D02,30,D02_P030_UNKNOWN_PAR001,,false,true,false
time-bound,1,21,19,D02,30,D02_P030_UNKNOWN_PAR002,,false,true,false
experiences,1,21,21,D02,30,D02_P030_UNKNOWN_PAR002,,false,true,false
preserving,1,21,21,D02,30,D02_P030_UNKNOWN_PAR003,,false,true,false
positions,1,21,21,D02,36,D02_P036_SEC_2_50_PAR001,,false,true,false
microfinance,1,21,20,D03,24,D03_BOX005,,false,true,false
proactive,1,21,20,D03,11,D03_P011_SEC_3_16_PAR001,,false,true,false
circulars,1,21,18,D03,20,D03_P020_SEC_3_39_PAR001,,false,true,false
cooperative,1,21,14,D03,20,D03_P020_SEC_3_39_PAR001,,false,true,false
experimentation,1,21,21,D03,23,D03_P023_SEC_3_41_PAR002,,false,true,false
street,1,21,13,D03,27,D03_P027_SEC_3_49_PAR001,,false,true,false
58,1,21,21,D03,32,D03_P032_SEC_3_54_PAR001,,false,true,false
ipos,1,21,8,D03,35,D03_P035_SEC_3_67_PAR001,,false,true,false
powers,1,21,19,D03,37,D03_P037_SEC_3_71_PAR003,,false,true,false
inspection,1,21,17,D03,37,D03_P037_SEC_3_71_PAR007,,false,true,false
demat,1,21,12,D03,38,D03_P038_SEC_3_72_PAR001,,false,true,false
type,1,21,21,D03,45,D03_P045_SEC_3_79_PAR001,,false,true,false
non-,1,21,20,D03,62,D03_P062_SEC_3_99_PAR003,,false,true,false
boundaries,1,21,20,D03,64,D03_P064_UNKNOWN_PAR001,,false,true,false
indicator,1,21,20,D04,34,D04_BOX003,,false,true,false
events,1,21,19,D04,4,D04_P004_SEC_4_9_PAR004,,false,true,false
start-ups,1,21,14,D04,36,D04_P036_SEC_4_80_PAR003,,false,true,false
nutrient,1,21,18,D06,7,D06_P007_SEC_6_12_PAR002,,false,true,false
b.,1,21,21,D08,34,D08_BOX019,,false,true,false
person,1,21,17,D08,29,D08_P029_SEC_8_52_PAR005,,false,true,false
corporates,1,21,19,D08,36,D08_P036_SEC_8_66_PAR001,,false,true,false
ies,1,21,15,D09,24,D09_BOX023,,false,true,false
pursuant,1,21,20,D09,7,D09_P007_SEC_9_17_PAR011,,false,true,false
0.5,1,21,14,D10,20,D10_P020_SEC_10_46_PAR002,,false,true,false
xi.,1,21,19,D11,4,D11_P004_SEC_11_10_PAR001,,false,true,false
aged,1,21,17,D11,5,D11_P005_SEC_11_10_PAR002,,false,true,false
spatial,1,21,20,D15,9,D15_BOX001,,false,true,false
prs,1,21,17,D19,1,D19_P001_UNKNOWN_PAR018,,false,true,false
rtas,1,21,13,D22,31,D22_P031_SEC_4_7_5_PAR002,,false,true,false
iosco,1,21,15,D26,8,D26_P008_SEC_8_1_6_PAR007,,false,true,false
uncertain,1,20,20,D01,1,D01_P001_UNKNOWN_PAR002,,false,true,false
looking,1,20,20,D01,1,D01_P001_UNKNOWN_PAR006,,false,true,false
equipment,1,20,19,D01,3,D01_P003_SEC_1_2_PAR002,,false,true,false
nations,1,20,19,D01,4,D01_P004_SEC_1_5_PAR001,,false,true,false
illustrates,1,20,20,D01,6,D01_P006_SEC_1_6_PAR002,,false,true,false
controls,1,20,17,D01,6,D01_P006_SEC_1_6_PAR002,,false,true,false
surpluses,1,20,17,D01,6,D01_P006_SEC_1_6_PAR005,,false,true,false
setting,1,20,20,D01,7,D01_P007_SEC_1_6_PAR002,,false,true,false
iv.,1,20,19,D01,7,D01_P007_SEC_1_6_PAR005,,false,true,false
semiconductors,1,20,17,D01,7,D01_P007_SEC_1_6_PAR006,,false,true,false
either,1,20,20,D01,7,D01_P007_SEC_1_6_PAR007,,false,true,false
demands,1,20,20,D01,8,D01_P008_SEC_1_6_PAR002,,false,true,false
retain,1,20,19,D01,8,D01_P008_SEC_1_6_PAR002,,false,true,false
throughout,1,20,18,D01,11,D01_P011_SEC_1_10_PAR001,,false,true,false
stabilising,1,20,20,D01,14,D01_P014_SEC_1_16_PAR001,,false,true,false
port,1,20,15,D01,18,D01_P018_SEC_1_26_PAR001,,false,true,false
rail,1,20,19,D01,19,D01_P019_UNKNOWN_PAR001,,false,true,false
values,1,20,18,D01,20,D01_P020_UNKNOWN_PAR001,,false,true,false
capex,1,20,18,D01,22,D01_P022_SEC_1_28_PAR004,,false,true,false
benchmark,1,20,19,D01,22,D01_P022_SEC_1_28_PAR009,,false,true,false
items,1,20,18,D01,23,D01_P023_SEC_1_28_PAR004,,false,true,false
simplify,1,20,19,D01,29,D01_P029_SEC_1_40_PAR001,,false,true,false
forms,1,20,18,D01,29,D01_P029_SEC_1_40_PAR001,,false,true,false
adapt,1,20,20,D01,30,D01_P030_SEC_1_42_PAR001,,false,true,false
sentiment,1,20,18,D01,30,D01_P030_SEC_1_44_PAR001,,false,true,false
improves,1,20,20,D01,34,D01_P034_SEC_3_PAR001,,false,true,false
gradually,1,20,20,D01,34,D01_P034_SEC_3_PAR002,,false,true,false
parts,1,20,20,D01,34,D01_P034_SEC_3_PAR004,,false,true,false
2.2,1,20,13,D01,2,D01_T001,,false,true,false
boost,1,20,20,D02,26,D02_BOX013,,false,true,false
come,1,20,19,D02,26,D02_BOX013,,false,true,false
2017,1,20,17,D02,8,D02_P008_SEC_2_15_PAR001,,false,true,false
almost,1,20,19,D02,9,D02_P009_UNKNOWN_PAR013,,false,true,false
exemption,1,20,14,D02,10,D02_P010_UNKNOWN_PAR006,,false,true,false
automated,1,20,20,D02,11,D02_P011_UNKNOWN_PAR001,,false,true,false
preserve,1,20,19,D02,11,D02_P011_UNKNOWN_PAR001,,false,true,false
undertake,1,20,20,D02,13,D02_P013_SEC_2_22_PAR001,,false,true,false
managed,1,20,19,D02,13,D02_P013_SEC_2_23_PAR001,,false,true,false
indigenous,1,20,18,D02,17,D02_P017_UNKNOWN_PAR007,,false,true,false
hand,1,20,19,D02,19,D02_P019_SEC_2_31_PAR001,,false,true,false
eight,1,20,20,D02,19,D02_P019_SEC_2_31_PAR001,,false,true,false
shifted,1,20,20,D02,36,D02_P036_SEC_2_50_PAR001,,false,true,false
signals,1,20,19,D02,40,D02_P040_UNKNOWN_PAR001,,false,true,false
pay,1,20,20,D02,14,D02_T004,,false,true,false
penetration,1,20,18,D03,60,D03_BOX021,,false,true,false
substantially,1,20,20,D03,1,D03_P001_UNKNOWN_PAR004,,false,true,false
main,1,20,19,D03,6,D03_P006_SEC_3_8_PAR008,,false,true,false
uneven,1,20,20,D03,9,D03_P009_UNKNOWN_PAR002,,false,true,false
jewellery,1,20,10,D03,15,D03_P015_SEC_3_25_PAR001,,false,true,false
silver,1,20,16,D03,16,D03_P016_SEC_3_27_PAR001,,false,true,false
classification,1,20,19,D03,16,D03_P016_SEC_3_27_PAR001,,false,true,false
prescribed,1,20,19,D03,19,D03_P019_SEC_3_37_PAR001,,false,true,false
sanctioned,1,20,19,D03,20,D03_P020_SEC_3_38_PAR001,,false,true,false
nifty,1,20,10,D03,35,D03_P035_SEC_3_65_PAR001,,false,true,false
65,1,20,19,D03,39,D03_P039_SEC_3_72_PAR002,,false,true,false
<,1,20,10,D03,40,D03_P040_SEC_3_73_PAR003,,false,false,false
deep,1,20,20,D03,42,D03_P042_SEC_3_73_PAR001,,false,true,false
listing,1,20,19,D03,43,D03_P043_SEC_3_74_PAR003,,false,true,false
directed,1,20,19,D03,43,D03_P043_SEC_3_74_PAR009,,false,true,false
depreciation,1,20,18,D03,49,D03_P049_SEC_3_85_PAR002,,false,true,false
environments,1,20,19,D03,49,D03_P049_SEC_3_85_PAR004,,false,true,false
diis,1,20,12,D03,51,D03_P051_SEC_3_90_PAR001,,false,true,false
farmer,1,20,20,D03,56,D03_P056_SEC_3_99_PAR006,,false,true,false
offices,1,20,17,D03,59,D03_P059_SEC_3_99_PAR003,,false,true,false
-2,1,20,19,D04,34,D04_BOX003,,false,true,false
reference,1,20,16,D04,5,D04_P005_SEC_4_9_PAR001,,false,true,false
difficult,1,20,19,D04,20,D04_P020_SEC_4_47_PAR005,,false,true,false
f.,1,20,20,D04,23,D04_P023_UNKNOWN_PAR006,,false,true,false
interaction,1,20,18,D04,46,D04_P046_SEC_4_92_PAR001,,false,true,false
establishments,1,20,18,D07,9,D07_P009_SEC_7_14_PAR002,,false,true,false
maintenance,1,20,16,D07,21,D07_P021_SEC_7_31_PAR001,,false,true,false
speed,1,20,17,D08,32,D08_P032_SEC_8_57_PAR001,,false,true,false
violations,1,20,19,D10,34,D10_P034_SEC_10_82_PAR001,,false,true,false
clients,1,20,15,D12,24,D12_P024_SEC_12_36_PAR001,,false,true,false
delisting,1,20,7,D21,2,D21_BOX001,,false,true,false
cdsl,1,20,16,D22,7,D22_P007_SEC_4_1_1_PAR002,,false,true,false
vulnerabilities,1,19,19,D01,5,D01_BOX001,,false,true,false
high-frequency,1,19,17,D01,18,D01_BOX003,,false,true,false
near,1,19,19,D01,18,D01_BOX003,,false,true,false
holistic,1,19,19,D01,21,D01_BOX005,,false,true,false
parameters,1,19,17,D01,21,D01_BOX005,,false,true,false
reserves,1,19,17,D01,1,D01_P001_UNKNOWN_PAR005,,false,true,false
7 per cent,1,19,19,D01,1,D01_P001_UNKNOWN_PAR006,,false,true,false
usa,1,19,19,D01,2,D01_P002_SEC_1_1_PAR001,,false,true,false
aes,1,19,12,D01,2,D01_P002_SEC_1_1_PAR001,,false,true,false
selling,1,19,19,D01,4,D01_P004_SEC_1_3_PAR001,,false,true,false
fell,1,19,18,D01,4,D01_P004_SEC_1_5_PAR001,,false,true,false
cultural,1,19,19,D01,6,D01_P006_SEC_1_6_PAR004,,false,true,false
consumers,1,19,18,D01,6,D01_P006_SEC_1_6_PAR005,,false,true,false
eu,1,19,16,D01,8,D01_P008_SEC_1_6_PAR001,,false,true,false
grown,1,19,18,D01,15,D01_P015_SEC_1_17_PAR002,,false,true,false
mining,1,19,16,D01,16,D01_P016_SEC_1_20_PAR001,,false,true,false
combination,1,19,19,D01,18,D01_P018_SEC_1_26_PAR001,,false,true,false
relevance,1,19,19,D01,21,D01_P021_SEC_1_28_PAR001,,false,true,false
until,1,19,19,D01,21,D01_P021_UNKNOWN_PAR002,,false,true,false
applied,1,19,19,D01,22,D01_P022_SEC_1_28_PAR015,,false,true,false
factories,1,19,13,D01,23,D01_P023_SEC_1_28_PAR005,,false,true,false
documentation,1,19,19,D01,23,D01_P023_SEC_1_28_PAR010,,false,true,false
destination,1,19,16,D01,28,D01_P028_SEC_1_38_PAR001,,false,true,false
safeguards,1,19,18,D01,29,D01_P029_SEC_1_40_PAR001,,false,true,false
push,1,19,19,D01,30,D01_P030_SEC_1_42_PAR001,,false,true,false
interface,1,19,17,D01,31,D01_P031_SEC_1_46_PAR002,,false,true,false
accumulation,1,19,19,D01,34,D01_P034_SEC_3_PAR003,,false,true,false
3.3,1,19,15,D01,2,D01_T001,,false,true,false
2.5,1,19,16,D01,2,D01_T001,,false,true,false
fy16,1,19,17,D01,12,D01_T004,,false,true,false
vehicle,1,19,16,D01,12,D01_T004,,false,true,false
q2 fy26,1,19,16,D01,13,D01_T005,,false,true,false
0.2,1,19,11,D01,13,D01_T005,,false,true,false
analytics,1,19,19,D02,5,D02_BOX001,,false,true,false
56,1,19,19,D02,8,D02_BOX003,,false,true,false
recommended,1,19,16,D02,15,D02_BOX005,,false,true,false
fy21,1,19,19,D02,26,D02_BOX013,,false,true,false
unlike,1,19,18,D02,2,D02_P002_UNKNOWN_PAR002,,false,true,false
reveals,1,19,19,D02,4,D02_P004_SEC_2_6_PAR001,,false,true,false
80,1,19,16,D02,5,D02_P005_SEC_2_8_PAR002,,false,true,false
profits,1,19,18,D02,6,D02_P006_SEC_2_9_PAR001,profits,false,true,false
reinforced,1,19,19,D02,7,D02_P007_SEC_2_12_PAR001,,false,true,false
played,1,19,19,D02,7,D02_P007_SEC_2_14_PAR001,,false,true,false
electronic,1,19,18,D02,11,D02_P011_SEC_2_18_PAR001,,false,true,false
shareholding,1,19,13,D02,13,D02_P013_SEC_2_21_PAR001,,false,true,false
2016,1,19,18,D02,13,D02_P013_SEC_2_22_PAR001,,false,true,false
extends,1,19,19,D02,17,D02_P017_UNKNOWN_PAR004,,false,true,false
seeks,1,19,19,D02,18,D02_P018_UNKNOWN_PAR002,,false,true,false
employer,1,19,17,D02,22,D02_P022_SEC_2_36_PAR001,,false,true,false
nps,1,19,14,D02,23,D02_P023_UNKNOWN_PAR001,,false,true,false
young,1,19,19,D02,30,D02_P030_UNKNOWN_PAR001,,false,true,false
regard,1,19,19,D02,34,D02_P034_UNKNOWN_PAR002,,false,true,false
standing,1,19,15,D03,36,D03_BOX013,,false,true,false
amended,1,19,16,D03,60,D03_BOX021,,false,true,false
light,1,19,18,D03,9,D03_P009_SEC_3_10_PAR001,,false,true,false
decision,1,19,19,D03,9,D03_P009_SEC_3_11_PAR001,,false,true,false
m,1,19,12,D03,9,D03_P009_SEC_3_12_PAR001,,false,true,false
specifically,1,19,19,D03,9,D03_P009_UNKNOWN_PAR002,,false,true,false
nine,1,19,19,D03,11,D03_P011_SEC_3_15_PAR001,,false,true,false
innovations,1,19,18,D03,12,D03_P012_SEC_3_19_PAR001,,false,true,false
beginning,1,19,18,D03,14,D03_P014_SEC_3_22_PAR001,,false,true,false
10 per cent,1,19,18,D03,29,D03_P029_SEC_3_49_PAR003,,false,true,false
proceeds,1,19,17,D03,36,D03_P036_SEC_3_69_PAR001,,false,true,false
disciplined,1,19,19,D03,40,D03_P040_SEC_3_73_PAR002,,false,true,false
vs,1,19,17,D03,42,D03_P042_SEC_3_74_PAR002,,false,true,false
principal,1,19,19,D03,45,D03_P045_SEC_3_79_PAR001,,false,true,false
emerge,1,19,19,D03,46,D03_P046_SEC_3_84_PAR001,,false,true,false
amendments,1,19,17,D03,60,D03_P060_SEC_3_99_PAR003,,false,true,false
expenses,1,19,12,D03,61,D03_P061_SEC_3_99_PAR007,,false,true,false
promotes,1,19,18,D03,64,D03_P064_UNKNOWN_PAR001,,false,true,false
advantage,1,19,17,D04,21,D04_BOX001,,false,true,false
domain,1,19,19,D04,3,D04_P003_SEC_4_6_PAR001,,false,true,false
organisation,1,19,18,D04,21,D04_P021_SEC_4_47_PAR001,,false,true,false
submitted,1,19,19,D04,23,D04_P023_UNKNOWN_PAR006,,false,true,false
october,1,19,19,D04,44,D04_P044_SEC_4_85_PAR001,,false,true,false
copper,1,19,11,D05,3,D05_P003_SEC_5_5_PAR001,,false,true,false
maize,1,19,11,D06,4,D06_P004_SEC_6_8_PAR001,,false,true,false
live,1,19,15,D06,26,D06_P026_SEC_6_43_PAR001,,false,true,false
frontiers,1,19,19,D07,1,D07_P001_UNKNOWN_PAR001,,false,true,false
gatishakti,1,19,16,D08,1,D08_P001_UNKNOWN_PAR003,,false,true,false
surged,1,19,19,D08,10,D08_P010_SEC_8_22_PAR001,,false,true,false
multimodal,1,19,17,D08,30,D08_P030_SEC_8_55_PAR001,,false,true,false
list,1,19,19,D09,21,D09_BOX019,,false,true,false
nep,1,19,16,D11,12,D11_BOX005,,false,true,false
upfs,1,19,11,D11,30,D11_BOX013,,false,true,false
rti,1,19,10,D17,8,D17_BOX005,,false,true,false
ias,1,19,12,D22,35,D22_BOX007,,false,true,false
scrips,1,19,4,D22,7,D22_P007_SEC_4_1_3_PAR001,,false,true,false
purposes,1,18,17,D01,1,D01_P001_UNKNOWN_PAR002,,false,true,false
sheets,1,18,18,D01,1,D01_P001_UNKNOWN_PAR005,,false,true,false
1.5,1,18,16,D01,4,D01_P004_SEC_1_5_PAR001,,false,true,false
raw,1,18,16,D01,6,D01_P006_SEC_1_6_PAR002,,false,true,false
advancing,1,18,18,D01,7,D01_P007_SEC_1_6_PAR006,,false,true,false
extent,1,18,16,D01,8,D01_P008_SEC_1_6_PAR002,,false,true,false
supportive,1,18,18,D01,10,D01_P010_SEC_1_9_PAR001,,false,true,false
november,1,18,18,D01,11,D01_P011_SEC_1_10_PAR001,,false,true,false
particular,1,18,18,D01,13,D01_P013_SEC_1_13_PAR001,,false,true,false
comparable,1,18,18,D01,15,D01_P015_SEC_1_19_PAR001,,false,true,false
helps,1,18,18,D01,20,D01_P020_UNKNOWN_PAR003,,false,true,false
release,1,18,17,D01,22,D01_P022_SEC_1_28_PAR009,,false,true,false
datasets,1,18,18,D01,23,D01_P023_SEC_1_28_PAR012,,false,true,false
track,1,18,18,D01,25,D01_P025_SEC_1_31_PAR001,,false,true,false
marginally,1,18,18,D01,28,D01_P028_SEC_1_36_PAR001,,false,true,false
june 2025,1,18,18,D01,29,D01_P029_SEC_1_41_PAR001,,false,true,false
child,1,18,18,D01,30,D01_P030_SEC_1_41_PAR001,,false,true,false
buffers,1,18,18,D01,30,D01_P030_SEC_1_44_PAR001,,false,true,false
failures,1,18,16,D01,34,D01_P034_SEC_3_PAR001,,false,true,false
1.4,1,18,14,D01,2,D01_T001,,false,true,false
4.2,1,18,12,D01,2,D01_T001,,false,true,false
4.6,1,18,17,D01,2,D01_T001,,false,true,false
4.7,1,18,15,D01,2,D01_T001,,false,true,false
2.7,1,18,10,D01,9,D01_T002,,false,true,false
meeting,1,18,18,D02,8,D02_BOX003,,false,true,false
utilised,1,18,16,D02,15,D02_BOX005,,false,true,false
balances,1,18,17,D02,16,D02_BOX007,,false,true,false
committed,1,18,18,D02,34,D02_BOX017,,false,true,false
scaled,1,18,18,D02,1,D02_P001_UNKNOWN_PAR004,,false,true,false
consolidated,1,18,16,D02,2,D02_P002_SEC_2_2_PAR001,,false,true,false
[,1,18,17,D02,3,D02_P003_SEC_2_4_PAR001,,false,false,false
everyday,1,18,17,D02,9,D02_P009_UNKNOWN_PAR012,,false,true,false
simplified,1,18,18,D02,10,D02_P010_UNKNOWN_PAR007,,false,true,false
textiles,1,18,14,D02,11,D02_P011_UNKNOWN_PAR001,,false,true,false
contributions,1,18,18,D02,12,D02_P012_SEC_2_19_PAR001,,false,true,false
penalties,1,18,18,D02,12,D02_P012_SEC_2_19_PAR002,,false,true,false
empowered,1,18,17,D02,13,D02_P013_SEC_2_22_PAR001,,false,true,false
involves,1,18,18,D02,15,D02_P015_SEC_2_26_PAR002,,false,true,false
yea,1,18,13,D02,16,D02_P016_SEC_2_26_PAR001,,false,true,false
jal,1,18,13,D02,18,D02_P018_SEC_2_29_PAR001,,false,true,false
later,1,18,18,D02,22,D02_P022_SEC_2_35_PAR001,,false,true,false
constituted,1,18,16,D02,25,D02_P025_UNKNOWN_PAR001,,false,true,false
sector-specific,1,18,17,D02,26,D02_P026_SEC_2_40_PAR002,,false,true,false
automatic,1,18,17,D02,40,D02_P040_UNKNOWN_PAR001,,false,true,false
fall,1,18,18,D02,40,D02_P040_UNKNOWN_PAR001,,false,true,false
respond,1,18,18,D02,41,D02_P041_SEC_2_55_PAR001,,false,true,false
enterprise,1,18,16,D03,27,D03_BOX009,,false,true,false
niti,1,18,17,D03,46,D03_BOX019,,false,true,false
orientation,1,18,18,D03,7,D03_P007_SEC_3_8_PAR002,,false,true,false
degree,1,18,18,D03,7,D03_P007_SEC_3_8_PAR010,,false,true,false
meetings,1,18,14,D03,9,D03_P009_SEC_3_10_PAR001,,false,true,false
facilitated,1,18,18,D03,11,D03_P011_SEC_3_16_PAR001,,false,true,false
directions,1,18,17,D03,20,D03_P020_SEC_3_39_PAR001,,false,true,false
adopting,1,18,18,D03,22,D03_P022_SEC_3_41_PAR004,,false,true,false
vi,1,18,18,D03,22,D03_P022_SEC_3_41_PAR007,,false,true,false
intensive,1,18,18,D03,25,D03_P025_SEC_3_47_PAR005,,false,true,false
linking,1,18,18,D03,26,D03_P026_SEC_3_47_PAR002,,false,true,false
2011,1,18,18,D03,27,D03_P027_SEC_3_48_PAR001,,false,true,false
offered,1,18,18,D03,34,D03_P034_SEC_3_63_PAR001,,false,true,false
subdued,1,18,18,D03,35,D03_P035_SEC_3_66_PAR001,,false,true,false
passive,1,18,16,D03,42,D03_P042_SEC_3_73_PAR001,,false,true,false
invit,1,18,11,D03,43,D03_P043_SEC_3_74_PAR005,,false,true,false
trusts,1,18,16,D03,45,D03_P045_SEC_3_82_PAR001,,false,true,false
facilitation,1,18,18,D03,49,D03_P049_SEC_3_85_PAR005,,false,true,false
75,1,18,17,D03,51,D03_P051_SEC_3_90_PAR001,,false,true,false
perform,1,18,18,D03,64,D03_P064_UNKNOWN_PAR001,,false,true,false
migration,1,18,18,D04,3,D04_P003_SEC_4_6_PAR001,,false,true,false
science,1,18,18,D04,22,D04_P022_UNKNOWN_PAR001,,false,true,false
hubs,1,18,18,D04,42,D04_P042_SEC_4_81_PAR002,,false,true,false
e,1,18,16,D06,10,D06_P010_SEC_6_16_PAR002,,false,true,false
diseases,1,18,15,D06,25,D06_P025_SEC_6_40_PAR001,,false,true,false
foods,1,18,12,D06,28,D06_P028_SEC_6_49_PAR001,,false,true,false
empowering,1,18,18,D06,31,D06_P031_SEC_6_56_PAR001,,false,true,false
leave,1,18,15,D07,2,D07_P002_SEC_7_2_PAR001,,false,true,false
men,1,18,13,D07,8,D07_P008_SEC_7_13_PAR004,,false,true,false
coastal,1,18,8,D07,21,D07_P021_SEC_7_31_PAR001,,false,true,false
entrepreneurship,1,18,17,D07,32,D07_P032_SEC_7_57_PAR001,,false,true,false
workplace,1,18,17,D08,29,D08_P029_SEC_8_52_PAR002,,false,true,false
done,1,18,18,D08,31,D08_P031_SEC_8_57_PAR002,,false,true,false
fee,1,18,17,D08,35,D08_P035_SEC_8_64_PAR001,,false,true,false
merchant,1,18,15,D09,17,D09_BOX013,,false,true,false
ix.,1,18,12,D09,21,D09_BOX019,,false,true,false
participated,1,18,17,D09,9,D09_P009_SEC_9_17_PAR004,,false,true,false
fraudulent,1,18,10,D09,31,D09_P031_UNKNOWN_PAR007,,false,true,false
ltd,1,18,15,D10,27,D10_P027_SEC_10_68_PAR001,,false,true,false
faculty,1,18,14,D11,19,D11_BOX009,,false,true,false
career,1,18,15,D11,15,D11_P015_SEC_11_21_PAR002,,false,true,false
modules,1,18,14,D11,23,D11_P023_SEC_11_34_PAR004,,false,true,false
misleading,1,18,12,D11,31,D11_P031_SEC_11_47_PAR005,,false,true,false
draft,1,18,11,D12,20,D12_P020_SEC_12_31_PAR001,,false,true,false
insider,1,18,14,D17,5,D17_P005_SEC_16_93_PAR006,,false,true,false
relating,1,18,17,D17,8,D17_P008_SEC_16_99_PAR001,,false,true,false
session,1,18,9,D22,2,D22_BOX001,,false,true,false
amcs,1,18,17,D22,37,D22_P037_SEC_4_8_2_PAR003,,false,true,false
means,1,17,17,D01,5,D01_BOX001,,false,true,false
spread,1,17,16,D01,18,D01_BOX003,,false,true,false
became,1,17,17,D01,18,D01_BOX003,,false,true,false
i.e.,1,17,17,D01,21,D01_BOX005,,false,true,false
challenging,1,17,17,D01,1,D01_P001_UNKNOWN_PAR004,,false,true,false
uses,1,17,16,D01,1,D01_P001_UNKNOWN_PAR004,,false,true,false
reviews,1,17,17,D01,1,D01_P001_UNKNOWN_PAR005,,false,true,false
initially,1,17,16,D01,2,D01_P002_SEC_1_1_PAR001,,false,true,false
2 per cent,1,17,16,D01,3,D01_P003_SEC_1_2_PAR002,,false,true,false
europe,1,17,17,D01,3,D01_P003_SEC_1_2_PAR002,,false,true,false
1.3,1,17,11,D01,3,D01_P003_SEC_1_3_PAR001,,false,true,false
australia,1,17,15,D01,4,D01_P004_SEC_1_3_PAR001,,false,true,false
2010,1,17,17,D01,5,D01_P005_SEC_1_6_PAR001,,false,true,false
reduces,1,17,17,D01,7,D01_P007_SEC_1_6_PAR005,,false,true,false
permanent,1,17,16,D01,7,D01_P007_SEC_1_6_PAR009,,false,true,false
era,1,17,15,D01,8,D01_P008_SEC_1_6_PAR003,,false,true,false
revision,1,17,14,D01,11,D01_P011_SEC_1_10_PAR001,,false,true,false
intermediate,1,17,16,D01,15,D01_P015_SEC_1_19_PAR001,,false,true,false
capacities,1,17,13,D01,16,D01_P016_SEC_1_20_PAR001,,false,true,false
excessive,1,17,16,D01,16,D01_P016_SEC_1_20_PAR001,,false,true,false
underpinned,1,17,17,D01,16,D01_P016_SEC_1_21_PAR001,,false,true,false
plfs,1,17,16,D01,22,D01_P022_SEC_1_28_PAR003,,false,true,false
45,1,17,17,D01,22,D01_P022_SEC_1_28_PAR006,,false,true,false
basket,1,17,16,D01,23,D01_P023_SEC_1_28_PAR004,,false,true,false
influenced,1,17,17,D01,24,D01_P024_SEC_1_29_PAR001,,false,true,false
inflationary,1,17,16,D01,26,D01_P026_SEC_1_33_PAR001,,false,true,false
59,1,17,16,D01,26,D01_P026_SEC_1_33_PAR001,,false,true,false
ratios,1,17,17,D01,26,D01_P026_SEC_1_33_PAR001,,false,true,false
abroad,1,17,15,D01,28,D01_P028_SEC_1_36_PAR001,,false,true,false
extend,1,17,16,D01,29,D01_P029_SEC_1_40_PAR001,,false,true,false
risen,1,17,16,D01,31,D01_P031_SEC_1_46_PAR003,,false,true,false
cycles,1,17,17,D01,33,D01_P033_SEC_3_PAR002,,false,true,false
2.8,1,17,14,D01,2,D01_T001,,false,true,false
empower,1,17,17,D02,5,D02_BOX001,,false,true,false
railways,1,17,16,D02,15,D02_BOX005,,false,true,false
non-tax,1,17,10,D02,16,D02_BOX007,,false,true,false
bringing,1,17,17,D02,34,D02_BOX017,,false,true,false
3 per cent,1,17,16,D02,1,D02_P001_UNKNOWN_PAR004,,false,true,false
peer,1,17,15,D02,2,D02_P002_UNKNOWN_PAR002,,false,true,false
],1,17,16,D02,3,D02_P003_SEC_2_4_PAR001,,false,false,false
12 per cent,1,17,17,D02,9,D02_P009_UNKNOWN_PAR002,,false,true,false
outside,1,17,17,D02,9,D02_P009_UNKNOWN_PAR006,,false,true,false
stages,1,17,17,D02,13,D02_P013_SEC_2_22_PAR001,,false,true,false
streamlining,1,17,17,D02,15,D02_P015_SEC_2_26_PAR001,,false,true,false
bihar,1,17,16,D02,24,D02_P024_SEC_2_39_PAR002,,false,true,false
allocated,1,17,14,D02,26,D02_P026_SEC_2_40_PAR002,,false,true,false
affect,1,17,17,D02,29,D02_P029_UNKNOWN_PAR002,,false,true,false
re,1,17,14,D02,32,D02_P032_SEC_2_43_PAR002,,false,true,false
explicit,1,17,17,D02,40,D02_P040_UNKNOWN_PAR001,,false,true,false
53,1,17,17,D02,41,D02_P041_SEC_2_56_PAR002,,false,true,false
3.4,1,17,11,D02,21,D02_T006,,false,true,false
disaster,1,17,9,D02,21,D02_T007,,false,true,false
observations,1,17,12,D02,40,D02_T009,,false,true,false
76,1,17,16,D02,40,D02_T009,,false,true,false
svanidhi,1,17,12,D03,27,D03_BOX009,,false,true,false
governing,1,17,14,D03,36,D03_BOX013,,false,true,false
portfolios,1,17,17,D03,39,D03_BOX015,,false,true,false
aayog,1,17,16,D03,46,D03_BOX019,,false,true,false
aspects,1,17,16,D03,2,D03_P002_SEC_3_3_PAR001,,false,true,false
option,1,17,17,D03,5,D03_P005_SEC_3_8_PAR002,,false,true,false
ranging,1,17,17,D03,5,D03_P005_SEC_3_8_PAR004,,false,true,false
absence,1,17,16,D03,8,D03_P008_UNKNOWN_PAR001,,false,true,false
enhancement,1,17,17,D03,16,D03_P016_SEC_3_27_PAR001,,false,true,false
paper,1,17,16,D03,21,D03_P021_SEC_3_41_PAR002,,false,true,false
tasks,1,17,17,D03,21,D03_P021_SEC_3_41_PAR004,,false,true,false
poor,1,17,14,D03,27,D03_P027_SEC_3_48_PAR001,,false,true,false
previously,1,17,17,D03,27,D03_P027_SEC_3_49_PAR001,,false,true,false
internet,1,17,16,D03,30,D03_P030_SEC_3_50_PAR001,,false,true,false
gender,1,17,15,D03,30,D03_P030_SEC_3_50_PAR003,,false,true,false
openness,1,17,17,D03,30,D03_P030_SEC_3_50_PAR006,,false,true,false
57,1,17,17,D03,32,D03_P032_SEC_3_53_PAR001,,false,true,false
61,1,17,15,D03,33,D03_P033_SEC_3_59_PAR001,,false,true,false
appointed,1,17,16,D03,37,D03_P037_UNKNOWN_PAR002,,false,true,false
accessible,1,17,17,D03,38,D03_P038_UNKNOWN_PAR002,,false,true,false
diffusion,1,17,16,D03,39,D03_P039_SEC_3_73_PAR001,,false,true,false
holdings,1,17,14,D03,39,D03_P039_SEC_3_73_PAR002,,false,true,false
redressal,1,17,15,D03,42,D03_P042_SEC_3_74_PAR002,,false,true,false
71,1,17,17,D03,47,D03_P047_SEC_3_85_PAR003,,false,true,false
high-value,1,17,17,D03,53,D03_P053_SEC_3_95_PAR001,,false,true,false
insurers,1,17,10,D03,58,D03_P058_SEC_3_99_PAR005,,false,true,false
facilitates,1,17,17,D03,65,D03_P065_UNKNOWN_PAR012,,false,true,false
inward,1,17,10,D04,34,D04_BOX003,,false,true,false
corridor,1,17,16,D04,3,D04_P003_SEC_4_7_PAR001,,false,true,false
drug,1,17,9,D04,10,D04_P010_SEC_4_23_PAR001,,false,true,false
lesson,1,17,17,D04,23,D04_P023_UNKNOWN_PAR001,,false,true,false
home,1,17,17,D04,40,D04_P040_SEC_4_81_PAR003,,false,true,false
110,1,17,15,D04,48,D04_P048_SEC_4_93_PAR001,,false,true,false
delayed,1,17,12,D04,49,D04_P049_SEC_4_93_PAR001,,false,true,false
failed,1,17,13,D04,51,D04_P051_SEC_4_97_PAR002,,false,true,false
edible,1,17,10,D05,1,D05_P001_UNKNOWN_PAR003,,false,true,false
j,1,17,17,D06,14,D06_BOX007,,false,true,false
63,1,17,16,D06,14,D06_BOX007,,false,true,false
certified,1,17,15,D06,7,D06_P007_SEC_6_12_PAR002,,false,true,false
hectares,1,17,12,D06,8,D06_P008_SEC_6_12_PAR001,,false,true,false
livelihood,1,17,16,D06,21,D06_P021_SEC_6_33_PAR001,,false,true,false
decentralised,1,17,16,D06,26,D06_P026_SEC_6_43_PAR001,,false,true,false
discretion,1,17,16,D07,16,D07_P016_SEC_7_21_PAR004,,false,true,false
scalable,1,17,17,D07,25,D07_P025_SEC_7_40_PAR002,,false,true,false
connections,1,17,17,D07,27,D07_P027_SEC_7_47_PAR001,,false,true,false
arrangements,1,17,17,D08,20,D08_BOX007,,false,true,false
threshold,1,17,17,D08,4,D08_P004_SEC_8_10_PAR001,,false,true,false
registrations,1,17,15,D08,13,D08_P013_SEC_8_28_PAR002,,false,true,false
nor,1,17,17,D08,26,D08_P026_UNKNOWN_PAR002,,true,true,false
leaders,1,17,17,D08,26,D08_P026_UNKNOWN_PAR002,,false,true,false
minutes,1,17,8,D08,29,D08_P029_SEC_8_52_PAR005,,false,true,false
01,1,17,17,D08,39,D08_P039_SEC_8_67_PAR006,,false,true,false
journey,1,17,17,D08,43,D08_P043_SEC_8_72_PAR001,,false,true,false
ppps,1,17,10,D09,21,D09_BOX019,,false,true,false
settled,1,17,9,D09,26,D09_P026_SEC_3_PAR002,,false,true,false
grades,1,17,15,D11,5,D11_P005_SEC_11_10_PAR007,,false,true,false
cognitive,1,17,14,D11,40,D11_P040_SEC_11_58_PAR001,,false,true,false
proprietary,1,17,17,D12,8,D12_BOX003,,false,true,false
participatiom,1,17,17,D13,3,D13_P003_SEC_13_6_PAR001,,false,true,false
inter,1,17,17,D13,22,D13_P022_SEC_13_61_PAR001,,false,true,false
alia,1,17,17,D13,22,D13_P022_SEC_13_61_PAR001,,false,true,false
passed,1,17,13,D16,3,D16_P003_SEC_16_5_PAR001,,false,true,false
unlisted,1,17,12,D22,10,D22_P010_SEC_4_2_PAR002,,false,true,false
ncdex,1,17,14,D22,17,D22_P017_SEC_4_4_PAR002,,false,true,false
particula,1,17,17,D22,7,D22_T006,,false,true,false
rs 2024,1,17,17,D22,9,D22_T012,,false,true,false
ld,1,17,12,D28,19,D28_P019_UNKNOWN_PAR016,,false,true,false
bdmcl,1,17,4,D28,29,D28_P029_UNKNOWN_PAR011,,false,true,false
scal,1,17,5,D28,29,D28_P029_UNKNOWN_PAR011,,false,true,false
imperative,1,16,16,D01,18,D01_BOX003,,false,true,false
spanning,1,16,16,D01,21,D01_BOX005,,false,true,false
evidence-based,1,16,16,D01,21,D01_BOX005,,false,true,false
systematic,1,16,15,D01,21,D01_BOX005,,false,true,false
unincorporated,1,16,8,D01,21,D01_BOX005,,false,true,false
strengths,1,16,16,D01,1,D01_P001_UNKNOWN_PAR006,,false,true,false
projections,1,16,15,D01,2,D01_P002_SEC_1_1_PAR001,,false,true,false
jan,1,16,14,D01,2,D01_P002_SEC_1_1_PAR002,,false,true,false
relationships,1,16,16,D01,4,D01_P004_SEC_1_5_PAR001,,false,true,false
perceived,1,16,16,D01,6,D01_P006_SEC_1_6_PAR002,,false,true,false
powerful,1,16,15,D01,6,D01_P006_SEC_1_6_PAR005,,false,true,false
producers,1,16,15,D01,6,D01_P006_SEC_1_6_PAR005,,false,true,false
engaging,1,16,16,D01,7,D01_P007_SEC_1_6_PAR005,,false,true,false
transitions,1,16,15,D01,7,D01_P007_SEC_1_6_PAR009,,false,true,false
expenditures,1,16,16,D01,8,D01_P008_SEC_1_6_PAR002,,false,true,false
frequency,1,16,14,D01,11,D01_P011_SEC_1_10_PAR001,,false,true,false
spent,1,16,9,D01,11,D01_P011_SEC_1_11_PAR001,,false,true,false
gain,1,16,15,D01,15,D01_P015_SEC_1_19_PAR001,,false,true,false
heavily,1,16,16,D01,18,D01_P018_SEC_1_25_PAR001,,false,true,false
adjustments,1,16,16,D01,18,D01_P018_SEC_1_26_PAR001,,false,true,false
representing,1,16,16,D01,19,D01_P019_UNKNOWN_PAR002,,false,true,false
maximum,1,16,15,D01,20,D01_P020_UNKNOWN_PAR001,,false,true,false
analytical,1,16,15,D01,21,D01_P021_SEC_1_28_PAR001,,false,true,false
valuable,1,16,15,D01,22,D01_P022_SEC_1_28_PAR004,,false,true,false
prudent,1,16,15,D01,24,D01_P024_SEC_1_30_PAR001,,false,true,false
mix,1,16,16,D01,26,D01_P026_SEC_1_32_PAR002,,false,true,false
reductions,1,16,16,D01,26,D01_P026_SEC_1_33_PAR001,,false,true,false
correction,1,16,16,D01,30,D01_P030_SEC_1_43_PAR001,,false,true,false
requiring,1,16,16,D01,31,D01_P031_SEC_1_46_PAR001,,false,true,false
frictions,1,16,16,D01,33,D01_P033_SEC_1_PAR007,,false,true,false
captures,1,16,14,D01,33,D01_P033_SEC_3_PAR001,,false,true,false
4.3,1,16,14,D01,2,D01_T001,,false,true,false
4.5,1,16,15,D01,2,D01_T001,,false,true,false
utility,1,16,15,D01,9,D01_T002,,false,true,false
non-compliance,1,16,13,D02,5,D02_BOX001,,false,true,false
18 per cent,1,16,15,D02,8,D02_BOX003,,false,true,false
offset,1,16,15,D02,15,D02_BOX005,,false,true,false
loss,1,16,14,D02,15,D02_BOX005,loss,false,true,false
institution,1,16,13,D02,22,D02_BOX011,,false,true,false
themselves,1,16,15,D02,22,D02_BOX011,,false,true,false
progressively,1,16,16,D02,26,D02_BOX013,,false,true,false
allocations,1,16,14,D02,26,D02_BOX013,,false,true,false
minister,1,16,16,D02,34,D02_BOX017,,false,true,false
legislative,1,16,16,D02,34,D02_BOX017,,false,true,false
finally,1,16,16,D02,2,D02_P002_UNKNOWN_PAR002,,false,true,false
1 per cent,1,16,16,D02,2,D02_P002_UNKNOWN_PAR002,,false,true,false
pipeline,1,16,15,D02,2,D02_P002_UNKNOWN_PAR003,,false,true,false
resulted,1,16,16,D02,5,D02_P005_SEC_2_8_PAR002,,false,true,false
0.4,1,16,9,D02,7,D02_P007_SEC_2_12_PAR001,,false,true,false
equal,1,16,15,D02,10,D02_P010_UNKNOWN_PAR004,,false,true,false
routine,1,16,15,D02,11,D02_P011_SEC_2_18_PAR001,,false,true,false
addressed,1,16,16,D02,11,D02_P011_UNKNOWN_PAR001,,false,true,false
went,1,16,15,D02,12,D02_P012_SEC_2_20_PAR001,,false,true,false
bulk,1,16,13,D02,17,D02_P017_UNKNOWN_PAR001,,false,true,false
west,1,16,16,D02,24,D02_P024_SEC_2_39_PAR002,,false,true,false
considering,1,16,16,D02,34,D02_P034_SEC_2_45_PAR001,,false,true,false
overview,1,16,16,D02,37,D02_P037_SEC_2_51_PAR001,,false,true,false
carry,1,16,16,D02,37,D02_P037_SEC_2_52_PAR001,,false,true,false
raises,1,16,14,D02,39,D02_P039_UNKNOWN_PAR001,,false,true,false
responses,1,16,16,D02,39,D02_P039_UNKNOWN_PAR002,,false,true,false
grassroots,1,16,16,D02,42,D02_P042_SEC_2_57_PAR001,,false,true,false
extending,1,16,16,D03,27,D03_BOX009,,false,true,false
107,1,16,14,D03,29,D03_BOX011,,false,true,false
gift,1,16,8,D03,1,D03_P001_UNKNOWN_PAR004,,false,true,false
buffer,1,16,14,D03,2,D03_P002_SEC_3_2_PAR001,,false,true,false
agents,1,16,16,D03,2,D03_P002_SEC_3_4_PAR001,,false,true,false
25 per cent,1,16,16,D03,5,D03_P005_SEC_3_8_PAR004,,false,true,false
bankers,1,16,13,D03,10,D03_P010_SEC_3_12_PAR001,,false,true,false
mainly,1,16,16,D03,17,D03_P017_SEC_3_30_PAR001,,false,true,false
repayment,1,16,14,D03,25,D03_P025_SEC_3_47_PAR005,,false,true,false
document,1,16,13,D03,25,D03_P025_SEC_3_47_PAR007,,false,true,false
97,1,16,15,D03,31,D03_P031_SEC_3_51_PAR001,,false,true,false
ipo,1,16,9,D03,36,D03_P036_SEC_3_69_PAR001,,false,true,false
kyc,1,16,14,D03,39,D03_P039_SEC_3_72_PAR002,,false,true,false
esg,1,16,11,D03,43,D03_P043_SEC_3_74_PAR003,,false,true,false
downstream,1,16,15,D03,48,D03_P048_SEC_3_85_PAR004,,false,true,false
falling,1,16,16,D03,51,D03_P051_SEC_3_88_PAR001,,false,true,false
77,1,16,16,D03,52,D03_P052_SEC_3_91_PAR001,,false,true,false
ranking,1,16,14,D03,53,D03_P053_SEC_3_96_PAR001,,false,true,false
fpos,1,16,14,D03,56,D03_P056_SEC_3_99_PAR005,,false,true,false
protected,1,16,16,D03,61,D03_P061_SEC_3_99_PAR003,,false,true,false
universal,1,16,16,D03,61,D03_P061_SEC_3_99_PAR005,,false,true,false
trips,1,16,12,D04,21,D04_BOX001,,false,true,false
outward,1,16,14,D04,39,D04_BOX007,,false,true,false
gvc,1,16,15,D04,2,D04_P002_SEC_4_1_PAR001,,false,true,false
uae,1,16,13,D04,8,D04_P008_SEC_4_19_PAR001,,false,true,false
q2,1,16,13,D04,9,D04_P009_SEC_4_21_PAR001,,false,true,false
collaborative,1,16,15,D04,21,D04_P021_SEC_4_48_PAR001,,false,true,false
submission,1,16,15,D04,23,D04_P023_UNKNOWN_PAR006,,false,true,false
enhancements,1,16,15,D04,24,D04_P024_UNKNOWN_PAR001,,false,true,false
preparedness,1,16,14,D04,36,D04_P036_SEC_4_80_PAR007,,false,true,false
impacts,1,16,15,D04,40,D04_P040_SEC_4_81_PAR001,,false,true,false
year-on-year,1,16,16,D05,8,D05_P008_SEC_5_11_PAR001,,false,true,false
horticulture,1,16,10,D06,30,D06_BOX011,,false,true,false
managmement,1,16,16,D06,3,D06_P003_SEC_6_4_PAR001,,false,true,false
roadmap,1,16,15,D06,8,D06_P008_SEC_6_12_PAR005,,false,true,false
older,1,16,11,D06,12,D06_P012_SEC_6_20_PAR001,,false,true,false
mapping,1,16,15,D06,14,D06_P014_SEC_6_22_PAR001,,false,true,false
receive,1,16,16,D06,15,D06_P015_SEC_6_22_PAR008,,false,true,false
claim,1,16,9,D06,17,D06_P017_SEC_6_24_PAR001,,false,true,false
identification,1,16,15,D06,19,D06_P019_SEC_6_27_PAR001,,false,true,false
location,1,16,15,D06,31,D06_P031_SEC_6_54_PAR004,,false,true,false
event,1,16,15,D07,20,D07_P020_SEC_7_29_PAR001,,false,true,false
plants,1,16,10,D07,27,D07_P027_SEC_7_45_PAR002,,false,true,false
gaming,1,16,10,D07,29,D07_P029_SEC_7_51_PAR001,,false,true,false
clearances,1,16,14,D07,30,D07_P030_SEC_7_52_PAR002,,false,true,false
upgradation,1,16,16,D08,17,D08_BOX005,,false,true,false
organized,1,16,15,D08,7,D08_P007_SEC_8_15_PAR001,,false,true,false
maritime,1,16,9,D09,17,D09_BOX013,,false,true,false
towns,1,16,13,D09,36,D09_P036_SEC_9_58_PAR001,,false,true,false
theme,1,16,16,D10,4,D10_P004_SEC_10_9_PAR001,,false,true,false
ncds,1,16,11,D11,27,D11_P027_SEC_11_40_PAR001,,false,true,false
floor,1,16,10,D12,20,D12_P020_SEC_12_30_PAR001,,false,true,false
organisational,1,16,14,D12,22,D12_P022_SEC_12_33_PAR002,,false,true,false
certificate,1,16,10,D12,30,D12_P030_SEC_12_45_PAR003,,false,true,false
gps,1,16,13,D12,33,D12_P033_SEC_12_49_PAR003,,false,true,false
judgement,1,16,12,D14,23,D14_BOX007,,false,true,false
chief,1,16,15,D14,33,D14_P033_SEC_14_82_PAR001,,false,true,false
xvi.,1,16,14,D16,5,D16_P005_SEC_16_11_PAR001,,false,true,false
delegation,1,16,12,D17,18,D17_P018_UNKNOWN_PAR003,,false,true,false
trustees,1,16,14,D17,23,D17_P023_UNKNOWN_PAR003,,false,true,false
fc,1,16,6,D19,5,D19_P005_UNKNOWN_PAR006,,false,true,false
ncl,1,16,8,D22,6,D22_P006_SEC_4_1_1_PAR005,,false,true,false
iccl,1,16,8,D22,6,D22_P006_SEC_4_1_1_PAR005,,false,true,false
statecraft,1,15,10,D01,5,D01_BOX001,,false,true,false
quarter,1,15,14,D01,18,D01_BOX003,,false,true,false
modernisation,1,15,14,D01,21,D01_BOX005,,false,true,false
quarters,1,15,14,D01,3,D01_P003_SEC_1_2_PAR002,,false,true,false
fragmentation,1,15,15,D01,4,D01_P004_SEC_1_5_PAR001,,false,true,false
1.6,1,15,13,D01,5,D01_P005_SEC_1_6_PAR001,,false,true,false
considerations,1,15,15,D01,5,D01_P005_SEC_1_6_PAR001,,false,true,false
eastern,1,15,15,D01,7,D01_P007_SEC_1_6_PAR003,,false,true,false
adopt,1,15,15,D01,7,D01_P007_SEC_1_6_PAR005,,false,true,false
electric,1,15,14,D01,7,D01_P007_SEC_1_6_PAR006,,false,true,false
mineral,1,15,13,D01,7,D01_P007_SEC_1_6_PAR009,,false,true,false
elements,1,15,15,D01,7,D01_P007_SEC_1_6_PAR009,,false,true,false
classified,1,15,12,D01,8,D01_P008_SEC_1_6_PAR001,,false,true,false
methodology,1,15,12,D01,8,D01_P008_SEC_1_6_PAR001,,false,true,false
aiming,1,15,15,D01,8,D01_P008_SEC_1_6_PAR002,,false,true,false
drive,1,15,15,D01,9,D01_P009_SEC_1_8_PAR002,,false,true,false
signal,1,15,15,D01,11,D01_P011_SEC_1_11_PAR001,,false,true,false
examined,1,15,15,D01,13,D01_P013_SEC_1_14_PAR001,,false,true,false
concern,1,15,15,D01,15,D01_P015_SEC_1_19_PAR001,,false,true,false
temporary,1,15,14,D01,18,D01_P018_SEC_1_26_PAR001,,false,true,false
routes,1,15,15,D01,18,D01_P018_SEC_1_26_PAR001,,false,true,false
coal,1,15,8,D01,19,D01_P019_UNKNOWN_PAR001,,false,true,false
n,1,15,14,D01,19,D01_P019_UNKNOWN_PAR003,,false,true,false
90,1,15,15,D01,22,D01_P022_SEC_1_28_PAR006,,false,true,false
persistence,1,15,11,D01,24,D01_P024_SEC_1_29_PAR001,,false,true,false
6.1,1,15,8,D01,24,D01_P024_SEC_6_7_PAR001,,false,true,false
roughly,1,15,14,D01,25,D01_P025_SEC_1_31_PAR001,,false,true,false
u.s.,1,15,15,D01,25,D01_P025_SEC_1_32_PAR001,,false,true,false
bop,1,15,12,D01,28,D01_P028_SEC_1_36_PAR001,,false,true,false
importantly,1,15,15,D01,29,D01_P029_SEC_1_40_PAR001,,false,true,false
maternal,1,15,14,D01,30,D01_P030_SEC_1_41_PAR001,,false,true,false
forces,1,15,15,D01,30,D01_P030_SEC_1_43_PAR001,,false,true,false
dominant,1,15,14,D01,31,D01_P031_SEC_1_46_PAR001,,false,true,false
committees,1,15,15,D01,31,D01_P031_SEC_1_46_PAR002,,false,true,false
insolvency,1,15,13,D01,34,D01_P034_SEC_3_PAR001,,false,true,false
3.1,1,15,13,D01,2,D01_T001,,false,true,false
2.1,1,15,13,D01,2,D01_T001,,false,true,false
litigation,1,15,11,D02,5,D02_BOX001,,false,true,false
portion,1,15,15,D02,5,D02_P005_SEC_2_8_PAR002,,false,true,false
august,1,15,14,D02,6,D02_P006_SEC_2_10_PAR001,,false,true,false
friction,1,15,15,D02,6,D02_P006_SEC_2_8_PAR002,,false,true,false
wind,1,15,15,D02,10,D02_P010_UNKNOWN_PAR008,,false,true,false
transit,1,15,14,D02,11,D02_P011_SEC_2_17_PAR001,,false,true,false
fertilisers,1,15,13,D02,11,D02_P011_UNKNOWN_PAR001,,false,true,false
disinvestment,1,15,7,D02,13,D02_P013_SEC_2_21_PAR001,disinvestment,false,true,false
kisan,1,15,15,D02,15,D02_P015_SEC_2_26_PAR001,,false,true,false
generating,1,15,15,D02,17,D02_P017_UNKNOWN_PAR003,,false,true,false
fuel,1,15,15,D02,17,D02_P017_UNKNOWN_PAR008,,false,true,false
finances,1,15,15,D02,23,D02_P023_SEC_2_37_PAR001,,false,true,false
compounded,1,15,14,D02,24,D02_P024_SEC_2_38_PAR001,,false,true,false
goa,1,15,15,D02,24,D02_P024_SEC_2_39_PAR002,,false,true,false
madhya,1,15,15,D02,24,D02_P024_SEC_2_39_PAR002,,false,true,false
telangana,1,15,13,D02,24,D02_P024_SEC_2_39_PAR002,,false,true,false
undergone,1,15,15,D02,27,D02_P027_SEC_2_41_PAR001,,false,true,false
families,1,15,14,D02,30,D02_P030_UNKNOWN_PAR001,,false,true,false
places,1,15,14,D02,37,D02_P037_SEC_2_52_PAR001,,false,true,false
et,1,15,14,D02,39,D02_P039_UNKNOWN_PAR002,,false,true,false
late,1,15,14,D02,41,D02_P041_SEC_2_56_PAR002,,false,true,false
significance,1,15,15,D02,40,D02_T009,,false,true,false
independence,1,15,14,D03,36,D03_BOX013,,false,true,false
70,1,15,13,D03,46,D03_BOX019,,false,true,false
africa,1,15,13,D03,46,D03_BOX019,,false,true,false
sabka,1,15,6,D03,60,D03_BOX021,,false,true,false
deepen,1,15,15,D03,60,D03_BOX021,,false,true,false
aspirational,1,15,13,D03,1,D03_P001_UNKNOWN_PAR005,,false,true,false
iii.,1,15,15,D03,4,D03_P004_SEC_3_8_PAR001,,false,true,false
t,1,15,8,D03,6,D03_P006_SEC_3_8_PAR002,,false,true,false
boosting,1,15,15,D03,9,D03_P009_SEC_3_10_PAR001,,false,true,false
implement,1,15,15,D03,12,D03_P012_SEC_3_18_PAR001,,false,true,false
doubled,1,15,14,D03,14,D03_P014_SEC_3_22_PAR001,,false,true,false
solution,1,15,13,D03,18,D03_P018_SEC_3_33_PAR001,,false,true,false
consultation,1,15,15,D03,20,D03_P020_SEC_3_39_PAR001,,false,true,false
cell,1,15,11,D03,20,D03_P020_SEC_3_40_PAR001,,false,true,false
interactions,1,15,15,D03,22,D03_P022_SEC_3_41_PAR005,,false,true,false
fairness,1,15,15,D03,22,D03_P022_SEC_3_41_PAR007,,false,true,false
borrower,1,15,13,D03,24,D03_P024_SEC_3_45_PAR001,,false,true,false
story,1,15,15,D03,29,D03_P029_SEC_3_50_PAR001,,false,true,false
locations,1,15,14,D03,30,D03_P030_SEC_3_50_PAR003,,false,true,false
shareholders,1,15,11,D03,36,D03_P036_SEC_3_69_PAR001,,false,true,false
embedding,1,15,14,D03,37,D03_P037_SEC_3_71_PAR007,,false,true,false
66,1,15,14,D03,45,D03_P045_SEC_3_78_PAR002,,false,true,false
themes,1,15,13,D03,46,D03_P046_SEC_3_85_PAR001,,false,true,false
74,1,15,15,D03,51,D03_P051_SEC_3_89_PAR001,,false,true,false
78,1,15,15,D03,52,D03_P052_SEC_3_91_PAR001,,false,true,false
dominated,1,15,15,D03,55,D03_P055_SEC_3_99_PAR002,,false,true,false
unorganised,1,15,11,D03,55,D03_P055_SEC_3_99_PAR003,,false,true,false
notification,1,15,12,D03,56,D03_P056_SEC_3_99_PAR002,,false,true,false
campaigns,1,15,14,D03,56,D03_P056_SEC_3_99_PAR006,,false,true,false
86,1,15,13,D03,57,D03_P057_SEC_3_99_PAR002,,false,true,false
backed,1,15,14,D03,60,D03_P060_SEC_3_99_PAR002,,false,true,false
keep,1,15,13,D03,62,D03_P062_SEC_3_99_PAR001,,false,true,false
destinations,1,15,15,D04,1,D04_P001_UNKNOWN_PAR003,,false,true,false
i.e,1,15,14,D04,5,D04_P005_SEC_4_9_PAR001,,false,true,false
represent,1,15,14,D04,6,D04_P006_SEC_4_9_PAR002,,false,true,false
high-quality,1,15,15,D04,13,D04_P013_SEC_4_32_PAR001,,false,true,false
imported,1,15,13,D04,14,D04_P014_SEC_4_37_PAR001,,false,true,false
able,1,15,12,D04,19,D04_P019_SEC_4_44_PAR002,,false,true,false
engagements,1,15,13,D04,24,D04_P024_SEC_4_51_PAR001,,false,true,false
asian,1,15,15,D04,32,D04_P032_SEC_4_73_PAR001,,false,true,false
oilseeds,1,15,10,D05,12,D05_P012_SEC_5_19_PAR001,,false,true,false
logic,1,15,15,D05,14,D05_P014_SEC_5_25_PAR001,,false,true,false
assured,1,15,13,D06,14,D06_BOX007,,false,true,false
station,1,15,11,D06,8,D06_P008_SEC_6_12_PAR001,,false,true,false
agri,1,15,10,D06,8,D06_P008_SEC_6_12_PAR005,,false,true,false
ethanol,1,15,5,D06,10,D06_P010_SEC_6_16_PAR002,,false,true,false
viability,1,15,15,D06,13,D06_P013_SEC_6_21_PAR001,,false,true,false
panchayats,1,15,14,D06,26,D06_P026_SEC_6_44_PAR001,,false,true,false
ambition,1,15,15,D06,26,D06_P026_SEC_6_44_PAR001,,false,true,false
dual,1,15,13,D07,14,D07_P014_SEC_7_18_PAR001,,false,true,false
cloud,1,15,13,D07,14,D07_P014_SEC_7_18_PAR003,,false,true,false
creative,1,15,12,D07,30,D07_P030_SEC_7_52_PAR001,,false,true,false
g.,1,15,15,D07,31,D07_P031_SEC_7_52_PAR003,,false,true,false
bengaluru,1,15,13,D08,21,D08_P021_SEC_8_44_PAR001,,false,true,false
labs,1,15,15,D08,23,D08_P023_SEC_8_46_PAR005,,false,true,false
participant,1,15,13,D08,27,D08_P027_UNKNOWN_PAR005,,false,true,false
grievance,1,15,13,D10,38,D10_P038_SEC_10_92_PAR001,,false,true,false
placement,1,15,15,D11,19,D11_P019_SEC_11_30_PAR001,,false,true,false
letters,1,15,7,D12,19,D12_P019_SEC_12_30_PAR001,,false,true,false
itis,1,15,9,D12,30,D12_P030_SEC_12_45_PAR004,,false,true,false
why,1,15,13,D14,5,D14_P005_UNKNOWN_PAR002,,false,true,false
director,1,15,15,D14,9,D14_P009_SEC_14_20_PAR005,,false,true,false
swadeshi,1,15,13,D16,10,D16_P010_SEC_16_26_PAR002,,false,true,false
democratic,1,15,14,D16,24,D16_P024_SEC_16_79_PAR001,,false,true,false
entity,1,15,14,D17,12,D17_P012_UNKNOWN_PAR002,,false,true,false
head,1,15,14,D19,7,D19_T007,,false,true,false
parrva,1,15,3,D22,35,D22_BOX007,,false,true,false
wtm,1,15,13,D28,2,D28_P002_SEC_10_1_1_PAR007,,false,true,false
adjudicating,1,15,15,D28,8,D28_P008_SEC_10_1_4_PAR001,,false,true,false
rajbhasha,1,15,8,D31,10,D31_P010_SEC_13_6_PAR003,,false,true,false
deliberate,1,14,14,D01,5,D01_BOX001,,false,true,false
incremental,1,14,14,D01,1,D01_P001_UNKNOWN_PAR004,,false,true,false
near-term,1,14,14,D01,1,D01_P001_UNKNOWN_PAR004,,false,true,false
helping,1,14,14,D01,3,D01_P003_SEC_1_2_PAR002,,false,true,false
crisis,1,14,14,D01,3,D01_P003_SEC_1_2_PAR002,,false,true,false
except,1,14,14,D01,4,D01_P004_SEC_1_3_PAR001,,false,true,false
faced,1,14,14,D01,4,D01_P004_SEC_1_3_PAR001,,false,true,false
weakening,1,14,14,D01,7,D01_P007_SEC_1_6_PAR002,,false,true,false
gained,1,14,14,D01,9,D01_P009_SEC_1_8_PAR002,,false,true,false
high-,1,14,14,D01,11,D01_P011_SEC_1_10_PAR001,,false,true,false
detail,1,14,14,D01,13,D01_P013_SEC_1_14_PAR001,,false,true,false
bilateral,1,14,12,D01,14,D01_P014_SEC_1_15_PAR001,,false,true,false
livestock,1,14,12,D01,15,D01_P015_SEC_1_17_PAR002,,false,true,false
fisheries,1,14,10,D01,15,D01_P015_SEC_1_17_PAR002,,false,true,false
prospects,1,14,14,D01,15,D01_P015_SEC_1_18_PAR001,,false,true,false
constant,1,14,12,D01,15,D01_P015_SEC_1_19_PAR001,,false,true,false
variables,1,14,11,D01,19,D01_P019_UNKNOWN_PAR003,,false,true,false
expressed,1,14,14,D01,19,D01_P019_UNKNOWN_PAR003,,false,true,false
k,1,14,12,D01,19,D01_P019_UNKNOWN_PAR003,,false,true,false
extreme,1,14,14,D01,21,D01_P021_UNKNOWN_PAR002,,false,true,false
error,1,14,11,D01,21,D01_P021_UNKNOWN_PAR002,,false,true,false
sample,1,14,13,D01,22,D01_P022_SEC_1_28_PAR003,,false,true,false
feasible,1,14,14,D01,22,D01_P022_SEC_1_28_PAR015,,false,true,false
latest,1,14,13,D01,23,D01_P023_SEC_1_28_PAR008,,false,true,false
combining,1,14,14,D01,25,D01_P025_SEC_1_31_PAR001,,false,true,false
repo,1,14,11,D01,25,D01_P025_SEC_1_32_PAR001,repo,false,true,false
69,1,14,14,D01,26,D01_P026_SEC_1_33_PAR001,,false,true,false
market-based,1,14,13,D01,27,D01_P027_SEC_1_34_PAR001,,false,true,false
non-bank,1,14,13,D01,27,D01_P027_SEC_1_34_PAR001,,false,true,false
higher-value,1,14,14,D01,28,D01_P028_SEC_1_37_PAR001,,false,true,false
cap,1,14,12,D01,28,D01_P028_SEC_1_38_PAR001,,false,true,false
marks,1,14,13,D01,29,D01_P029_SEC_1_40_PAR001,,false,true,false
manufacturers,1,14,13,D01,30,D01_P030_SEC_1_42_PAR001,,false,true,false
simplification,1,14,14,D01,30,D01_P030_SEC_1_42_PAR001,,false,true,false
downward,1,14,12,D01,30,D01_P030_SEC_1_43_PAR001,,false,true,false
involving,1,14,13,D01,31,D01_P031_SEC_1_46_PAR002,,false,true,false
accelerated,1,14,14,D01,33,D01_P033_SEC_1_PAR006,,false,true,false
outlined,1,14,14,D01,33,D01_P033_SEC_3_PAR001,,false,true,false
tend,1,14,14,D01,34,D01_P034_SEC_3_PAR002,,false,true,false
3.9,1,14,12,D01,2,D01_T001,,false,true,false
4.1,1,14,12,D01,2,D01_T001,,false,true,false
2.4,1,14,10,D01,9,D01_T002,,false,true,false
9.2,1,14,11,D01,12,D01_T004,,false,true,false
transportation,1,14,13,D02,15,D02_BOX005,,false,true,false
bring,1,14,14,D02,34,D02_BOX017,,false,true,false
petroleum,1,14,10,D02,6,D02_P006_SEC_2_10_PAR002,,false,true,false
100 per cent,1,14,13,D02,6,D02_P006_SEC_2_9_PAR001,,false,true,false
uniform,1,14,14,D02,9,D02_P009_UNKNOWN_PAR005,,false,true,false
labour-intensive,1,14,14,D02,9,D02_P009_UNKNOWN_PAR009,,false,true,false
zero,1,14,10,D02,9,D02_P009_UNKNOWN_PAR011,,false,true,false
widening,1,14,13,D02,10,D02_P010_UNKNOWN_PAR007,,false,true,false
ids,1,14,12,D02,10,D02_P010_UNKNOWN_PAR009,,false,true,false
evolved,1,14,14,D02,11,D02_P011_SEC_2_17_PAR001,,false,true,false
risk-based,1,14,14,D02,11,D02_P011_SEC_2_18_PAR001,,false,true,false
alerts,1,14,13,D02,11,D02_P011_SEC_2_18_PAR001,,false,true,false
liquid,1,14,12,D02,16,D02_P016_SEC_2_28_PAR001,,false,true,false
css,1,14,10,D02,17,D02_P017_UNKNOWN_PAR002,,false,true,false
73,1,14,13,D02,17,D02_P017_UNKNOWN_PAR003,,false,true,false
optimisation,1,14,9,D02,17,D02_P017_UNKNOWN_PAR006,,false,true,false
haryana,1,14,12,D02,24,D02_P024_SEC_2_39_PAR002,,false,true,false
tripura,1,14,12,D02,24,D02_P024_SEC_2_39_PAR002,,false,true,false
calculated,1,14,11,D02,25,D02_P025_UNKNOWN_PAR004,,false,true,false
disbursed,1,14,14,D02,28,D02_P028_UNKNOWN_PAR001,,false,true,false
adverse,1,14,14,D02,29,D02_P029_UNKNOWN_PAR003,,false,true,false
scenario,1,14,11,D02,35,D02_P035_SEC_2_47_PAR001,,false,true,false
mature,1,14,14,D02,36,D02_P036_SEC_2_48_PAR001,,false,true,false
continuing,1,14,14,D02,37,D02_P037_SEC_2_52_PAR001,,false,true,false
burdens,1,14,14,D02,37,D02_P037_SEC_2_52_PAR001,,false,true,false
thresholds,1,14,14,D02,39,D02_P039_UNKNOWN_PAR002,,false,true,false
wherein,1,14,14,D02,40,D02_P040_UNKNOWN_PAR001,,false,true,false
oecd,1,14,12,D02,41,D02_P041_SEC_2_56_PAR002,,false,true,false
history,1,14,14,D02,41,D02_P041_SEC_2_56_PAR002,,false,true,false
simplifying,1,14,14,D02,42,D02_P042_SEC_2_58_PAR001,,false,true,false
instrument,1,14,12,D03,39,D03_BOX015,,false,true,false
dispute,1,14,12,D03,64,D03_BOX023,,false,true,false
subsequently,1,14,14,D03,2,D03_P002_SEC_3_3_PAR001,,false,true,false
prolonged,1,14,14,D03,3,D03_P003_SEC_3_6_PAR001,,false,true,false
75 per cent,1,14,14,D03,4,D03_P004_SEC_3_7_PAR001,,false,true,false
chemicals,1,14,12,D03,7,D03_P007_SEC_3_8_PAR008,,false,true,false
advertising,1,14,12,D03,7,D03_P007_SEC_3_8_PAR009,,false,true,false
leveraged,1,14,14,D03,10,D03_P010_SEC_3_13_PAR001,,false,true,false
cards,1,14,12,D03,16,D03_P016_SEC_3_27_PAR001,,false,true,false
tailored,1,14,13,D03,20,D03_P020_SEC_3_39_PAR001,,false,true,false
insufficient,1,14,14,D03,22,D03_P022_SEC_3_41_PAR005,,false,true,false
connected,1,14,14,D03,25,D03_P025_SEC_3_47_PAR005,,false,true,false
invested,1,14,12,D03,28,D03_P028_SEC_3_49_PAR002,,false,true,false
solely,1,14,14,D03,28,D03_P028_SEC_3_49_PAR002,,false,true,false
spectrum,1,14,7,D03,30,D03_P030_SEC_3_50_PAR001,,false,true,false
widespread,1,14,14,D03,30,D03_P030_SEC_3_50_PAR001,,false,true,false
link,1,14,14,D03,31,D03_P031_SEC_3_50_PAR003,,false,true,false
completion,1,14,14,D03,33,D03_P033_SEC_3_59_PAR001,,false,true,false
comparative,1,14,14,D03,35,D03_P035_SEC_3_66_PAR001,,false,true,false
peers,1,14,14,D03,35,D03_P035_SEC_3_66_PAR001,,false,true,false
vibrant,1,14,14,D03,35,D03_P035_SEC_3_67_PAR001,,false,true,false
accountable,1,14,14,D03,37,D03_P037_SEC_3_71_PAR004,,false,true,false
seamless,1,14,14,D03,38,D03_P038_SEC_3_72_PAR001,,false,true,false
letter,1,14,12,D03,38,D03_P038_UNKNOWN_PAR005,,false,true,false
representatives,1,14,14,D03,42,D03_P042_SEC_3_74_PAR002,,false,true,false
68,1,14,14,D03,45,D03_P045_SEC_3_80_PAR001,,false,true,false
dependent,1,14,14,D03,47,D03_P047_SEC_3_85_PAR003,,false,true,false
bridge,1,14,14,D03,49,D03_P049_SEC_3_85_PAR004,,false,true,false
recurring,1,14,11,D03,49,D03_P049_SEC_3_85_PAR006,,false,true,false
buyers,1,14,11,D03,49,D03_P049_SEC_3_86_PAR001,,false,true,false
transitioned,1,14,14,D03,49,D03_P049_SEC_3_86_PAR001,,false,true,false
79,1,14,13,D03,53,D03_P053_SEC_3_96_PAR001,,false,true,false
emphasises,1,14,14,D03,56,D03_P056_SEC_3_99_PAR003,,false,true,false
closing,1,14,10,D03,56,D03_P056_SEC_3_99_PAR006,,false,true,false
sophisticated,1,14,13,D03,63,D03_P063_UNKNOWN_PAR005,,false,true,false
calls,1,14,13,D03,64,D03_P064_UNKNOWN_PAR001,,false,true,false
aviation,1,14,12,D03,54,D03_T002,,false,true,false
bullion,1,14,11,D03,54,D03_T002,,false,true,false
june,1,14,12,D03,54,D03_T002,,false,true,false
pharmaceuticals,1,14,14,D04,21,D04_BOX001,,false,true,false
university,1,14,12,D04,21,D04_BOX001,,false,true,false
currencies,1,14,11,D04,50,D04_BOX011,,false,true,false
incorporate,1,14,14,D04,4,D04_P004_SEC_4_8_PAR001,,false,true,false
began,1,14,14,D04,4,D04_P004_SEC_4_9_PAR001,,false,true,false
russia,1,14,12,D04,18,D04_P018_UNKNOWN_PAR002,,false,true,false
transitioning,1,14,14,D04,22,D04_P022_UNKNOWN_PAR001,,false,true,false
scientific,1,14,13,D04,22,D04_P022_UNKNOWN_PAR002,,false,true,false
attractive,1,14,14,D04,34,D04_P034_SEC_4_78_PAR002,,false,true,false
inflow,1,14,11,D04,46,D04_P046_SEC_4_91_PAR001,,false,true,false
reveal,1,14,14,D05,1,D05_P001_UNKNOWN_PAR004,,false,true,false
frequently,1,14,13,D05,13,D05_P013_SEC_5_22_PAR001,,false,true,false
put,1,14,14,D05,15,D05_P015_SEC_5_29_PAR001,,false,true,false
nutritional,1,14,13,D06,30,D06_BOX011,,false,true,false
vikas,1,14,13,D06,1,D06_P001_UNKNOWN_PAR002,,false,true,false
disparities,1,14,12,D06,3,D06_P003_SEC_6_5_PAR001,,false,true,false
seeds,1,14,7,D06,7,D06_P007_SEC_6_12_PAR002,,false,true,false
unlock,1,14,13,D06,7,D06_P007_SEC_6_12_PAR002,,false,true,false
climate-resilient,1,14,13,D06,7,D06_P007_SEC_6_12_PAR002,,false,true,false
15 per cent,1,14,14,D06,14,D06_P014_SEC_6_21_PAR001,,false,true,false
consequences,1,14,13,D06,15,D06_P015_SEC_6_22_PAR004,,false,true,false
purchase,1,14,12,D06,15,D06_P015_SEC_6_22_PAR006,,false,true,false
stations,1,14,11,D06,26,D06_P026_SEC_6_41_PAR001,,false,true,false
actors,1,14,14,D07,16,D07_P016_SEC_7_21_PAR001,,false,true,false
150,1,14,12,D07,22,D07_P022_SEC_7_35_PAR001,,false,true,false
battery,1,14,10,D08,13,D08_BOX001,,false,true,false
qcos,1,14,9,D08,28,D08_BOX015,,false,true,false
installed,1,14,9,D08,7,D08_P007_SEC_8_16_PAR001,,false,true,false
consent,1,14,12,D09,27,D09_P027_SEC_4_PAR003,,false,true,false
format,1,14,10,D11,5,D11_P005_SEC_11_10_PAR007,,false,true,false
accredited,1,14,10,D11,11,D11_P011_SEC_11_17_PAR004,,false,true,false
family,1,14,14,D11,29,D11_P029_SEC_11_45_PAR001,,false,true,false
dietary,1,14,12,D11,30,D11_P030_SEC_11_46_PAR001,,false,true,false
advertisements,1,14,13,D11,31,D11_P031_SEC_11_47_PAR002,,false,true,false
namely,1,14,14,D11,33,D11_P033_SEC_11_47_PAR002,,false,true,false
validated,1,14,11,D11,38,D11_P038_SEC_11_55_PAR001,,false,true,false
employee,1,14,14,D12,17,D12_BOX005,,false,true,false
properties,1,14,9,D13,12,D13_P012_SEC_13_30_PAR001,,false,true,false
disclosed,1,14,12,D17,9,D17_P009_SEC_16_99_PAR006,,false,true,false
non-agri,1,14,11,D22,20,D22_P020_SEC_4_4_4_PAR005,,false,true,false
pfutp,1,14,12,D27,8,D27_P008_SEC_9_3_1_PAR002,,false,true,false
ao,1,14,10,D28,8,D28_P008_SEC_10_1_4_PAR001,,false,true,false
dominance,1,13,13,D01,5,D01_BOX001,,false,true,false
guide,1,13,12,D01,18,D01_BOX003,,false,true,false
refers,1,13,12,D01,18,D01_BOX003,,false,true,false
statistical,1,13,10,D01,21,D01_BOX005,,false,true,false
analyses,1,13,11,D01,1,D01_P001_UNKNOWN_PAR004,,false,true,false
appears,1,13,12,D01,1,D01_P001_UNKNOWN_PAR006,,false,true,false
april 2025,1,13,12,D01,2,D01_P002_SEC_1_1_PAR001,,false,true,false
showing,1,13,13,D01,4,D01_P004_SEC_1_3_PAR001,,false,true,false
tenure,1,13,12,D01,4,D01_P004_SEC_1_3_PAR001,,false,true,false
visibility,1,13,13,D01,4,D01_P004_SEC_1_5_PAR001,,false,true,false
multilateral,1,13,13,D01,6,D01_P006_SEC_1_6_PAR004,,false,true,false
fact,1,13,13,D01,6,D01_P006_SEC_1_6_PAR005,,false,true,false
parties,1,13,13,D01,7,D01_P007_SEC_1_6_PAR007,,false,true,false
licensing,1,13,13,D01,7,D01_P007_SEC_1_6_PAR009,,false,true,false
mospi,1,13,11,D01,9,D01_P009_SEC_1_8_PAR002,,false,true,false
indirect,1,13,11,D01,10,D01_P010_SEC_1_9_PAR001,,false,true,false
×,1,13,7,D01,19,D01_P019_UNKNOWN_PAR003,,false,false,false
here,1,13,13,D01,20,D01_P020_UNKNOWN_PAR001,,true,true,false
variation,1,13,13,D01,20,D01_P020_UNKNOWN_PAR003,,false,true,false
territories,1,13,12,D01,22,D01_P022_SEC_1_28_PAR007,,false,true,false
materially,1,13,13,D01,24,D01_P024_SEC_1_29_PAR001,,false,true,false
absolute,1,13,13,D01,24,D01_P024_SEC_1_30_PAR001,,false,true,false
all-time,1,13,12,D01,24,D01_P024_SEC_1_30_PAR001,,false,true,false
remittances,1,13,9,D01,27,D01_P027_SEC_1_35_PAR001,,false,true,false
fluctuations,1,13,13,D01,28,D01_P028_SEC_1_36_PAR001,,false,true,false
outlines,1,13,13,D01,28,D01_P028_SEC_1_38_PAR001,,false,true,false
coming,1,13,13,D01,31,D01_P031_SEC_1_45_PAR002,,false,true,false
closer,1,13,13,D01,31,D01_P031_SEC_1_46_PAR001,,false,true,false
easier,1,13,13,D01,33,D01_P033_SEC_3_PAR002,,false,true,false
4.4,1,13,13,D01,2,D01_T001,,false,true,false
3.2,1,13,12,D01,2,D01_T001,,false,true,false
3.5,1,13,11,D01,2,D01_T001,,false,true,false
9.4,1,13,12,D01,9,D01_T002,,false,true,false
2.3,1,13,11,D01,9,D01_T002,,false,true,false
data-driven,1,13,13,D02,5,D02_BOX001,,false,true,false
filings,1,13,9,D02,5,D02_BOX001,,false,true,false
40 per cent,1,13,13,D02,8,D02_BOX003,,false,true,false
suggesting,1,13,13,D02,22,D02_BOX011,,false,true,false
thinking,1,13,12,D02,34,D02_BOX017,,false,true,false
decisive,1,13,13,D02,1,D02_P001_UNKNOWN_PAR002,,false,true,false
rebalancing,1,13,11,D02,1,D02_P001_UNKNOWN_PAR004,,false,true,false
monetisation,1,13,11,D02,2,D02_P002_UNKNOWN_PAR003,,false,true,false
met,1,13,12,D02,4,D02_P004_SEC_2_5_PAR001,,false,true,false
class,1,13,12,D02,6,D02_P006_SEC_2_10_PAR001,,false,true,false
duties,1,13,13,D02,6,D02_P006_SEC_2_10_PAR002,,false,true,false
third-party,1,13,11,D02,6,D02_P006_SEC_2_8_PAR001,,false,true,false
tracks,1,13,13,D02,7,D02_P007_SEC_2_14_PAR002,,false,true,false
drugs,1,13,10,D02,10,D02_P010_UNKNOWN_PAR001,,false,true,false
affordability,1,13,10,D02,10,D02_P010_UNKNOWN_PAR007,,false,true,false
limiting,1,13,13,D02,11,D02_P011_SEC_2_18_PAR001,,false,true,false
discretionary,1,13,11,D02,11,D02_P011_SEC_2_18_PAR001,,false,true,false
structurally,1,13,13,D02,11,D02_P011_UNKNOWN_PAR001,,false,true,false
dividends,1,13,13,D02,12,D02_P012_SEC_2_18_PAR001,,false,true,false
user,1,13,11,D02,12,D02_P012_SEC_2_19_PAR002,,false,true,false
30 per cent,1,13,13,D02,13,D02_P013_SEC_2_23_PAR001,,false,true,false
phased,1,13,13,D02,13,D02_P013_SEC_2_23_PAR001,,false,true,false
preventing,1,13,13,D02,17,D02_P017_UNKNOWN_PAR003,,false,true,false
drawn,1,13,13,D02,17,D02_P017_UNKNOWN_PAR004,,false,true,false
highways,1,13,13,D02,19,D02_P019_SEC_2_30_PAR001,,false,true,false
rajasthan,1,13,12,D02,24,D02_P024_SEC_2_39_PAR002,,false,true,false
uttarakhand,1,13,10,D02,24,D02_P024_SEC_2_39_PAR002,,false,true,false
mitigating,1,13,13,D02,33,D02_P033_UNKNOWN_PAR001,,false,true,false
8.1,1,13,12,D02,19,D02_T005,,false,true,false
body,1,13,13,D02,21,D02_T007,,false,true,false
2021-22,1,13,11,D02,26,D02_T008,,false,true,false
defining,1,13,13,D03,5,D03_BOX001,,false,true,false
stem,1,13,9,D03,5,D03_BOX001,,false,true,false
understand,1,13,13,D03,5,D03_BOX001,,false,true,false
examination,1,13,12,D03,36,D03_BOX013,,false,true,false
compete,1,13,13,D03,64,D03_BOX023,,false,true,false
90 per cent,1,13,12,D03,4,D03_P004_SEC_3_7_PAR001,,false,true,false
choose,1,13,13,D03,5,D03_P005_SEC_3_8_PAR002,,false,true,false
selected,1,13,13,D03,6,D03_P006_SEC_3_8_PAR005,,false,true,false
acts,1,13,13,D03,9,D03_P009_SEC_3_9_PAR001,,false,true,false
scbs,1,13,6,D03,12,D03_P012_SEC_3_17_PAR001,,false,true,false
registering,1,13,13,D03,16,D03_P016_SEC_3_28_PAR001,,false,true,false
warning,1,13,12,D03,21,D03_P021_SEC_3_41_PAR004,,false,true,false
ethical,1,13,12,D03,21,D03_P021_SEC_3_41_PAR006,,false,true,false
consistency,1,13,13,D03,22,D03_P022_SEC_3_41_PAR006,,false,true,false
operates,1,13,13,D03,23,D03_P023_SEC_3_43_PAR001,,false,true,false
contexts,1,13,13,D03,25,D03_P025_SEC_3_47_PAR003,,false,true,false
replacing,1,13,13,D03,25,D03_P025_SEC_3_47_PAR006,,false,true,false
always,1,13,13,D03,26,D03_P026_SEC_3_47_PAR001,,false,true,false
measurable,1,13,13,D03,28,D03_P028_SEC_3_49_PAR002,,false,true,false
pillar,1,13,13,D03,29,D03_P029_SEC_3_50_PAR001,,false,true,false
composite,1,13,13,D03,31,D03_P031_SEC_3_51_PAR001,,false,true,false
ibc,1,13,8,D03,31,D03_P031_SEC_3_52_PAR001,,false,true,false
jurisdictions,1,13,12,D03,31,D03_P031_SEC_3_52_PAR001,,false,true,false
financially,1,13,13,D03,31,D03_P031_SEC_3_52_PAR001,,false,true,false
decrease,1,13,12,D03,32,D03_P032_SEC_3_56_PAR001,,false,true,false
94,1,13,13,D03,36,D03_P036_SEC_3_69_PAR001,,false,true,false
publication,1,13,12,D03,37,D03_P037_SEC_3_71_PAR004,,false,true,false
justice,1,13,13,D03,38,D03_P038_UNKNOWN_PAR003,,false,true,false
comply,1,13,12,D03,42,D03_P042_SEC_3_74_PAR002,,false,true,false
expiry,1,13,9,D03,43,D03_P043_SEC_3_74_PAR009,,false,true,false
fy15,1,13,11,D03,44,D03_P044_SEC_3_76_PAR001,,false,true,false
85,1,13,12,D03,44,D03_P044_SEC_3_78_PAR001,,false,true,false
favour,1,13,13,D03,45,D03_P045_SEC_3_80_PAR001,,false,true,false
asymmetries,1,13,10,D03,45,D03_P045_SEC_3_81_PAR001,,false,true,false
leads,1,13,13,D03,48,D03_P048_SEC_3_85_PAR001,,false,true,false
declines,1,13,12,D03,48,D03_P048_SEC_3_85_PAR005,,false,true,false
aversion,1,13,13,D03,51,D03_P051_SEC_3_89_PAR001,,false,true,false
pfrda,1,13,10,D03,53,D03_P053_SEC_3_94_PAR001,,false,true,false
82,1,13,11,D03,55,D03_P055_SEC_3_99_PAR003,,false,true,false
cooperatives,1,13,10,D03,57,D03_P057_SEC_3_99_PAR005,,false,true,false
last-mile,1,13,13,D03,57,D03_P057_SEC_3_99_PAR005,,false,true,false
labour-market,1,13,13,D03,57,D03_P057_SEC_3_99_PAR006,,false,true,false
89,1,13,12,D03,58,D03_P058_SEC_3_99_PAR001,,false,true,false
2005,1,13,13,D04,21,D04_BOX001,,false,true,false
ofdi,1,13,11,D04,39,D04_BOX007,,false,true,false
strategically,1,13,13,D04,2,D04_P002_SEC_4_1_PAR001,,false,true,false
plays,1,13,13,D04,2,D04_P002_SEC_4_4_PAR001,,false,true,false
comparison,1,13,13,D04,12,D04_P012_SEC_4_29_PAR001,,false,true,false
0.8,1,13,9,D04,18,D04_P018_UNKNOWN_PAR001,,false,true,false
0.6,1,13,8,D04,18,D04_P018_UNKNOWN_PAR013,,false,true,false
connectedness,1,13,7,D04,20,D04_P020_SEC_4_47_PAR005,,false,true,false
co-operation,1,13,11,D04,21,D04_P021_SEC_4_47_PAR001,,false,true,false
91,1,13,12,D04,38,D04_P038_SEC_4_80_PAR004,,false,true,false
potentially,1,13,13,D04,40,D04_P040_SEC_4_81_PAR002,,false,true,false
grounded,1,13,13,D04,52,D04_P052_SEC_4_98_PAR001,,false,true,false
display,1,13,13,D05,18,D05_P018_SEC_5_35_PAR001,,false,true,false
krishi,1,13,11,D06,13,D06_BOX005,,false,true,false
goi,1,13,11,D06,14,D06_BOX007,,false,true,false
organic,1,13,11,D06,2,D06_P002_SEC_6_3_PAR001,,false,true,false
tons,1,13,5,D06,4,D06_P004_SEC_6_7_PAR001,,false,true,false
pilot,1,13,13,D06,16,D06_P016_UNKNOWN_PAR002,,false,true,false
remote,1,13,12,D06,21,D06_P021_SEC_6_34_PAR001,,false,true,false
whole,1,13,13,D07,7,D07_P007_SEC_7_13_PAR002,,false,true,false
automation,1,13,12,D07,7,D07_P007_SEC_7_13_PAR003,,false,true,false
wellness,1,13,12,D07,19,D07_P019_SEC_7_26_PAR001,,false,true,false
viii.,1,13,12,D08,4,D08_P004_SEC_8_10_PAR001,,false,true,false
-26,1,13,6,D08,8,D08_P008_SEC_8_19_PAR001,,false,true,false
median,1,13,13,D08,32,D08_P032_SEC_8_57_PAR001,,false,true,false
indigenisation,1,13,11,D08,35,D08_P035_SEC_8_63_PAR003,,false,true,false
institutionalised,1,13,13,D08,36,D08_P036_SEC_8_65_PAR001,,false,true,false
x,1,13,12,D08,36,D08_P036_SEC_8_66_PAR004,,false,true,false
operators,1,13,13,D09,17,D09_BOX013,,false,true,false
sm,1,13,12,D09,5,D09_P005_SEC_9_14_PAR001,,false,true,false
participating,1,13,13,D10,35,D10_P035_SEC_10_84_PAR002,,false,true,false
apprentices,1,13,6,D12,35,D12_BOX015,,false,true,false
manual,1,13,11,D12,9,D12_P009_SEC_12_12_PAR003,,false,true,false
1.0,1,13,6,D12,22,D12_P022_SEC_12_33_PAR002,,false,true,false
agent,1,13,12,D14,12,D14_BOX003,,false,true,false
pbis,1,13,11,D14,4,D14_P004_SEC_14_6_PAR005,,false,true,false
reuse,1,13,6,D15,24,D15_BOX007,,false,true,false
fine,1,13,6,D15,9,D15_P009_UNKNOWN_PAR002,,false,true,false
≥,1,13,4,D15,9,D15_P009_UNKNOWN_PAR002,,false,false,false
mobilized,1,13,11,D21,5,D21_BOX003,,false,true,false
debenture,1,13,11,D21,13,D21_BOX009,,false,true,false
organizations,1,13,13,D21,3,D21_P003_SEC_3_1_1_PAR004,,false,true,false
smarts,1,13,13,D26,1,D26_P001_SEC_8_1_1_PAR022,,false,true,false
dismissed,1,13,12,D28,15,D28_P015_SEC_10_2_2_PAR005,,false,true,false
lives,1,12,12,D01,18,D01_BOX003,,false,true,false
complements,1,12,12,D01,21,D01_BOX005,,false,true,false
covers,1,12,12,D01,21,D01_BOX005,,false,true,false
emdes,1,12,8,D01,2,D01_P002_SEC_1_1_PAR001,,false,true,false
spain,1,12,12,D01,3,D01_P003_SEC_1_2_PAR002,,false,true,false
exceed,1,12,12,D01,3,D01_P003_SEC_1_2_PAR002,,false,true,false
neutral,1,12,11,D01,3,D01_P003_SEC_1_3_PAR001,,false,true,false
integrates,1,12,12,D01,6,D01_P006_SEC_1_6_PAR001,,false,true,false
behind,1,12,12,D01,6,D01_P006_SEC_1_6_PAR003,,false,true,false
earth,1,12,12,D01,6,D01_P006_SEC_1_6_PAR005,,false,true,false
war,1,12,11,D01,6,D01_P006_SEC_1_6_PAR007,,false,true,false
exporters,1,12,9,D01,8,D01_P008_SEC_1_6_PAR001,,false,true,false
substitute,1,12,12,D01,8,D01_P008_SEC_1_6_PAR003,,false,true,false
1.9,1,12,9,D01,10,D01_P010_SEC_1_9_PAR001,,false,true,false
moreover,1,12,12,D01,10,D01_P010_SEC_1_9_PAR001,,false,true,false
noted,1,12,12,D01,11,D01_P011_SEC_1_10_PAR001,,false,true,false
q3,1,12,12,D01,11,D01_P011_SEC_1_10_PAR001,,false,true,false
exhibited,1,12,11,D01,14,D01_P014_SEC_1_17_PAR001,,false,true,false
long-run,1,12,10,D01,16,D01_P016_SEC_1_20_PAR001,,false,true,false
affecting,1,12,12,D01,18,D01_P018_SEC_1_26_PAR001,,false,true,false
federal,1,12,11,D01,22,D01_P022_SEC_1_28_PAR007,,false,true,false
segregation,1,12,7,D01,22,D01_P022_SEC_1_28_PAR011,,false,true,false
foundations,1,12,12,D01,23,D01_P023_SEC_1_28_PAR013,,false,true,false
upgrades,1,12,11,D01,25,D01_P025_SEC_1_31_PAR001,,false,true,false
sasci,1,12,10,D01,25,D01_P025_SEC_1_31_PAR001,,false,true,false
too,1,12,12,D01,26,D01_P026_SEC_1_32_PAR001,,false,true,false
assigned,1,12,12,D01,26,D01_P026_SEC_1_32_PAR001,,false,true,false
125,1,12,12,D01,26,D01_P026_SEC_1_33_PAR001,,false,true,false
taiwan,1,12,12,D01,28,D01_P028_SEC_1_36_PAR001,,false,true,false
overarching,1,12,12,D01,28,D01_P028_SEC_1_38_PAR001,,false,true,false
front,1,12,12,D01,30,D01_P030_SEC_1_42_PAR001,,false,true,false
guarantees,1,12,12,D01,31,D01_P031_SEC_1_46_PAR002,,false,true,false
episodes,1,12,10,D01,32,D01_P032_SEC_1_PAR002,,false,true,false
3.7,1,12,9,D01,2,D01_T001,,false,true,false
red,1,12,11,D01,2,D01_T001,,false,true,false
5.9,1,12,10,D01,9,D01_T002,,false,true,false
7.6,1,12,10,D01,9,D01_T002,,false,true,false
2.6,1,12,11,D01,34,D01_T008,,false,true,false
economics,1,12,12,D02,5,D02_BOX001,,false,true,false
correct,1,12,12,D02,5,D02_BOX001,,false,true,false
update,1,12,12,D02,5,D02_BOX001,,false,true,false
brought,1,12,12,D02,8,D02_BOX003,,false,true,false
devolution,1,12,9,D02,22,D02_BOX011,,false,true,false
insight,1,12,12,D02,4,D02_P004_SEC_2_5_PAR001,,false,true,false
post-,1,12,12,D02,4,D02_P004_SEC_2_7_PAR002,,false,true,false
relief,1,12,11,D02,6,D02_P006_SEC_2_10_PAR001,,false,true,false
28 per cent,1,12,10,D02,9,D02_P009_UNKNOWN_PAR004,,false,true,false
bridges,1,12,8,D02,12,D02_P012_SEC_2_19_PAR001,,false,true,false
mobilised,1,12,12,D02,13,D02_P013_SEC_2_21_PAR001,,false,true,false
dispersed,1,12,12,D02,13,D02_P013_SEC_2_23_PAR001,,false,true,false
2003,1,12,9,D02,15,D02_P015_SEC_2_26_PAR002,,false,true,false
centrally,1,12,11,D02,17,D02_P017_UNKNOWN_PAR002,,false,true,false
sponsored,1,12,11,D02,17,D02_P017_UNKNOWN_PAR002,,false,true,false
addresses,1,12,11,D02,17,D02_P017_UNKNOWN_PAR004,,false,true,false
constitute,1,12,12,D02,21,D02_P021_SEC_2_33_PAR001,,false,true,false
assam,1,12,12,D02,24,D02_P024_SEC_2_39_PAR002,,false,true,false
unpaid,1,12,7,D02,29,D02_P029_UNKNOWN_PAR002,,false,true,false
unless,1,12,12,D02,29,D02_P029_UNKNOWN_PAR003,,false,true,false
st,1,12,11,D02,34,D02_P034_UNKNOWN_PAR002,,false,true,false
predominantly,1,12,12,D02,36,D02_P036_SEC_2_48_PAR001,,false,true,false
exists,1,12,12,D02,36,D02_P036_SEC_2_49_PAR001,,false,true,false
showed,1,12,12,D02,38,D02_P038_SEC_2_53_PAR001,,false,true,false
systematically,1,12,12,D02,39,D02_P039_UNKNOWN_PAR002,,false,true,false
panel,1,12,11,D02,39,D02_P039_UNKNOWN_PAR002,,false,true,false
coefficient,1,12,7,D02,40,D02_P040_UNKNOWN_PAR001,,false,true,false
understood,1,12,12,D02,40,D02_P040_UNKNOWN_PAR001,,false,true,false
114,1,12,11,D03,36,D03_BOX013,,false,true,false
undertook,1,12,12,D03,42,D03_BOX017,,false,true,false
empowerment,1,12,10,D03,42,D03_BOX017,,false,true,false
indonesia,1,12,11,D03,46,D03_BOX019,,false,true,false
builds,1,12,11,D03,64,D03_BOX023,,false,true,false
faces,1,12,11,D03,1,D03_P001_UNKNOWN_PAR005,,false,true,false
usd,1,12,10,D03,3,D03_P003_SEC_3_5_PAR001,,false,true,false
exhibit,1,12,12,D03,5,D03_P005_SEC_3_8_PAR004,,false,true,false
m.,1,12,12,D03,5,D03_P005_SEC_3_8_PAR005,,false,true,false
proved,1,12,11,D03,7,D03_P007_SEC_3_8_PAR004,,false,true,false
relationship,1,12,12,D03,8,D03_P008_UNKNOWN_PAR001,,false,true,false
ai-driven,1,12,12,D03,13,D03_P013_SEC_3_19_PAR002,,false,true,false
phases,1,12,12,D03,18,D03_P018_SEC_3_33_PAR001,,false,true,false
conducting,1,12,12,D03,19,D03_P019_SEC_3_37_PAR001,,false,true,false
forum,1,12,11,D03,21,D03_P021_SEC_3_41_PAR002,,false,true,false
vii,1,12,12,D03,22,D03_P022_SEC_3_41_PAR007,,false,true,false
fy14,1,12,7,D03,23,D03_P023_SEC_3_44_PAR001,,false,true,false
perceptions,1,12,12,D03,25,D03_P025_SEC_3_47_PAR006,,false,true,false
upgraded,1,12,12,D03,31,D03_P031_SEC_3_53_PAR001,,false,true,false
closed,1,12,11,D03,32,D03_P032_SEC_3_54_PAR001,,false,true,false
withdrawn,1,12,12,D03,32,D03_P032_SEC_3_54_PAR001,,false,true,false
6 per cent,1,12,11,D03,32,D03_P032_SEC_3_55_PAR001,,false,true,false
handle,1,12,11,D03,34,D03_P034_SEC_3_61_PAR001,,false,true,false
serving,1,12,12,D03,38,D03_P038_UNKNOWN_PAR004,,false,true,false
scams,1,12,5,D03,42,D03_P042_SEC_3_74_PAR002,,false,true,false
scam,1,12,9,D03,42,D03_P042_SEC_3_74_PAR002,,false,true,false
july 2025,1,12,12,D03,42,D03_P042_SEC_3_74_PAR002,,false,true,false
raj,1,12,11,D03,42,D03_P042_SEC_3_74_PAR002,,false,true,false
advisers,1,12,12,D03,43,D03_P043_SEC_3_74_PAR007,,false,true,false
discovery,1,12,12,D03,44,D03_P044_SEC_3_75_PAR001,,false,true,false
67,1,12,12,D03,45,D03_P045_SEC_3_79_PAR001,,false,true,false
single-window,1,12,11,D03,46,D03_P046_SEC_3_83_PAR001,,false,true,false
regimes,1,12,12,D03,47,D03_P047_SEC_3_85_PAR004,,false,true,false
pool,1,12,11,D03,48,D03_P048_SEC_3_85_PAR003,,false,true,false
narrow,1,12,12,D03,49,D03_P049_SEC_3_85_PAR004,,false,true,false
islands,1,12,12,D03,53,D03_P053_SEC_3_95_PAR001,,false,true,false
multinational,1,12,11,D03,53,D03_P053_SEC_3_95_PAR001,,false,true,false
adequacy,1,12,11,D03,57,D03_P057_SEC_3_99_PAR003,,false,true,false
88,1,12,11,D03,57,D03_P057_SEC_3_99_PAR004,,false,true,false
realities,1,12,12,D03,57,D03_P057_SEC_3_99_PAR006,,false,true,false
undergoing,1,12,12,D03,58,D03_P058_SEC_3_99_PAR004,,false,true,false
acting,1,12,12,D03,61,D03_P061_SEC_3_99_PAR002,,false,true,false
viz,1,12,10,D03,61,D03_P061_SEC_3_99_PAR005,,false,true,false
differentiated,1,12,11,D03,63,D03_P063_UNKNOWN_PAR005,,false,true,false
internationalisation,1,12,11,D04,39,D04_BOX007,,false,true,false
2000,1,12,12,D04,39,D04_BOX007,,false,true,false
attracted,1,12,12,D04,1,D04_P001_UNKNOWN_PAR004,,false,true,false
block,1,12,10,D04,5,D04_P005_SEC_4_9_PAR001,,false,true,false
pursue,1,12,12,D04,6,D04_P006_SEC_4_12_PAR001,,false,true,false
ranks,1,12,11,D04,8,D04_P008_SEC_4_19_PAR001,,false,true,false
ground,1,12,12,D04,9,D04_P009_SEC_4_22_PAR001,,false,true,false
processed,1,12,11,D04,11,D04_P011_SEC_4_27_PAR001,,false,true,false
producer,1,12,10,D04,12,D04_P012_SEC_4_30_PAR001,,false,true,false
books,1,12,10,D04,18,D04_P018_UNKNOWN_PAR009,,false,true,false
anrf,1,12,9,D04,20,D04_P020_SEC_4_46_PAR001,,false,true,false
export-oriented,1,12,12,D04,21,D04_P021_SEC_4_50_PAR001,,false,true,false
file,1,12,12,D04,23,D04_P023_UNKNOWN_PAR006,,false,true,false
concluded,1,12,10,D04,24,D04_P024_SEC_4_51_PAR001,,false,true,false
missions,1,12,12,D04,37,D04_P037_SEC_4_80_PAR002,,false,true,false
handling,1,12,12,D04,38,D04_P038_SEC_4_80_PAR001,,false,true,false
109,1,12,12,D04,47,D04_P047_SEC_4_93_PAR002,,false,true,false
sensitivity,1,12,12,D04,48,D04_P048_SEC_4_93_PAR005,,false,true,false
aluminium,1,12,10,D05,3,D05_P003_SEC_5_5_PAR001,,false,true,false
excess,1,12,12,D05,4,D05_P004_SEC_5_6_PAR001,,false,true,false
2012,1,12,11,D05,6,D05_P006_SEC_5_9_PAR001,,false,true,false
metric,1,12,11,D05,9,D05_P009_SEC_5_14_PAR001,,false,true,false
might,1,12,11,D05,15,D05_P015_SEC_5_27_PAR001,,true,true,false
varieties,1,12,10,D06,14,D06_BOX007,,false,true,false
transforming,1,12,12,D06,14,D06_BOX007,,false,true,false
pacs,1,12,6,D06,3,D06_P003_SEC_6_4_PAR002,,false,true,false
disease,1,12,11,D06,7,D06_P007_SEC_6_12_PAR002,,false,true,false
involvement,1,12,12,D06,13,D06_P013_SEC_6_20_PAR002,,false,true,false
apply,1,12,12,D06,15,D06_P015_SEC_6_22_PAR009,,false,true,false
public-private,1,12,11,D06,25,D06_P025_SEC_6_38_PAR004,,false,true,false
module,1,12,12,D06,25,D06_P025_SEC_6_40_PAR001,,false,true,false
distinction,1,12,11,D07,15,D07_BOX007,,false,true,false
low-cost,1,12,12,D07,14,D07_P014_SEC_7_18_PAR003,,false,true,false
fail,1,12,11,D07,15,D07_P015_SEC_7_21_PAR004,,false,true,false
numbers,1,12,12,D07,16,D07_P016_SEC_7_21_PAR002,,false,true,false
weaknesses,1,12,12,D07,16,D07_P016_SEC_7_21_PAR005,,false,true,false
excellence,1,12,11,D07,16,D07_P016_SEC_7_21_PAR006,,false,true,false
backbone,1,12,12,D07,18,D07_P018_SEC_7_24_PAR001,,false,true,false
river,1,12,8,D07,21,D07_P021_SEC_7_30_PAR002,,false,true,false
satellite,1,12,10,D07,31,D07_P031_SEC_7_53_PAR001,,false,true,false
legacy,1,12,11,D07,32,D07_P032_SEC_7_57_PAR001,,false,true,false
rd,1,12,5,D08,20,D08_BOX007,,false,true,false
organization,1,12,12,D08,20,D08_BOX007,,false,true,false
introduce,1,12,12,D08,19,D08_P019_SEC_8_39_PAR001,,false,true,false
preparation,1,12,11,D08,29,D08_P029_SEC_8_52_PAR003,,false,true,false
imposing,1,12,12,D08,29,D08_P029_SEC_8_52_PAR006,,false,true,false
drone,1,12,6,D09,11,D09_BOX007,,false,true,false
shipbuilding,1,12,3,D09,21,D09_BOX019,,false,true,false
radio,1,12,9,D09,30,D09_BOX027,,false,true,false
rfq,1,12,6,D09,5,D09_P005_SEC_9_16_PAR001,,false,true,false
abhiyan,1,12,12,D09,12,D09_P012_SEC_9_22_PAR001,,false,true,false
retrieved,1,12,6,D10,18,D10_BOX005,,false,true,false
ets,1,12,7,D10,23,D10_BOX009,,false,true,false
moral,1,12,12,D10,1,D10_P001_SEC_10_1_PAR001,,false,true,false
ahmedabad,1,12,11,D10,11,D10_P011_SEC_10_31_PAR001,,false,true,false
self-,1,12,8,D10,11,D10_P011_SEC_10_31_PAR001,,false,true,false
n.,1,12,12,D11,41,D11_BOX019,,false,true,false
developmental,1,12,12,D11,12,D11_P012_SEC_11_18_PAR003,,false,true,false
accreditation,1,12,6,D11,17,D11_P017_SEC_11_26_PAR001,,false,true,false
institutes,1,12,12,D11,19,D11_P019_SEC_11_30_PAR001,,false,true,false
counselling,1,12,10,D11,23,D11_P023_SEC_11_34_PAR004,,false,true,false
upf,1,12,10,D11,29,D11_P029_SEC_11_46_PAR001,,false,true,false
rule,1,12,10,D11,32,D11_P032_SEC_11_47_PAR001,,false,true,false
sdg,1,12,9,D11,34,D11_P034_SEC_11_50_PAR001,,false,true,false
habits,1,12,12,D11,36,D11_P036_SEC_11_52_PAR002,,false,true,false
h.,1,12,12,D11,42,D11_P042_SEC_11_65_PAR006,,false,true,false
collected,1,12,11,D12,6,D12_P006_SEC_12_11_PAR006,,false,true,false
image,1,12,12,D12,39,D12_P039_SEC_12_55_PAR002,,false,true,false
bottom-up,1,12,11,D13,10,D13_P010_SEC_13_26_PAR004,,false,true,false
statements,1,12,10,D13,29,D13_P029_SEC_13_77_PAR002,,false,true,false
accordance,1,12,11,D14,21,D14_P021_SEC_14_43_PAR001,,false,true,false
book,1,12,12,D15,3,D15_P003_UNKNOWN_PAR001,,false,true,false
requests,1,12,9,D17,10,D17_P010_UNKNOWN_PAR001,,false,true,false
reviewed,1,12,12,D19,1,D19_P001_UNKNOWN_PAR017,,false,true,false
particulars,1,12,12,D21,5,D21_T001,,false,true,false
week,1,12,12,D22,13,D22_P013_SEC_4_3_1_PAR013,,false,true,false
appellate,1,12,10,D22,39,D22_P039_SEC_4_8_2_PAR001,,false,true,false
-mar,1,12,3,D22,7,D22_T006,,false,true,false
mar,1,12,2,D22,37,D22_T039,,false,true,false
pacl,1,12,6,D27,10,D27_P010_UNKNOWN_PAR004,,false,true,false
litigations,1,12,4,D28,19,D28_P019_UNKNOWN_PAR003,,false,true,false
ms.,1,12,9,D28,24,D28_P024_UNKNOWN_PAR003,,false,true,false
compelling,1,11,11,D01,5,D01_BOX001,,false,true,false
sound,1,11,11,D01,21,D01_BOX005,,false,true,false
incorporated,1,11,10,D01,21,D01_BOX005,,false,true,false
planned,1,11,11,D01,21,D01_BOX005,,false,true,false
possibility,1,11,11,D01,31,D01_BOX007,,false,true,false
conditional,1,11,11,D01,31,D01_BOX007,,false,true,false
supply-side,1,11,11,D01,1,D01_P001_UNKNOWN_PAR004,,false,true,false
concludes,1,11,11,D01,1,D01_P001_UNKNOWN_PAR006,,false,true,false
1.1,1,11,7,D01,2,D01_P002_SEC_1_1_PAR001,,false,true,false
instances,1,11,10,D01,2,D01_P002_SEC_1_1_PAR001,,false,true,false
1.2,1,11,9,D01,2,D01_P002_SEC_1_2_PAR001,,false,true,false
headwinds,1,11,11,D01,3,D01_P003_SEC_1_2_PAR002,,false,true,false
coupled,1,11,11,D01,4,D01_P004_SEC_1_5_PAR001,,false,true,false
unctad,1,11,11,D01,4,D01_P004_SEC_1_5_PAR001,,false,true,false
11 per cent,1,11,10,D01,4,D01_P004_SEC_1_5_PAR001,,false,true,false
viewed,1,11,11,D01,6,D01_P006_SEC_1_6_PAR002,,false,true,false
extensive,1,11,11,D01,7,D01_P007_SEC_1_6_PAR008,,false,true,false
balancing,1,11,11,D01,8,D01_P008_SEC_1_6_PAR002,,false,true,false
debt-to-gdp,1,11,9,D01,8,D01_P008_SEC_1_6_PAR002,,false,true,false
derived,1,11,11,D01,11,D01_P011_SEC_1_10_PAR001,,false,true,false
2.4 per cent,1,11,11,D01,16,D01_P016_SEC_1_20_PAR001,,false,true,false
pmi,1,11,10,D01,16,D01_P016_SEC_1_22_PAR001,,false,true,false
e-way,1,11,9,D01,16,D01_P016_SEC_1_22_PAR001,,false,true,false
true,1,11,11,D01,17,D01_P017_SEC_1_23_PAR001,,false,true,false
dataset,1,11,8,D01,19,D01_P019_UNKNOWN_PAR001,,false,true,false
normal,1,11,10,D01,19,D01_P019_UNKNOWN_PAR005,,false,true,false
frequent,1,11,11,D01,22,D01_P022_SEC_1_28_PAR002,,false,true,false
double,1,11,11,D01,22,D01_P022_SEC_1_28_PAR015,,false,true,false
benchmarking,1,11,8,D01,22,D01_P022_SEC_1_28_PAR016,,false,true,false
bps,1,11,3,D01,26,D01_P026_SEC_1_33_PAR001,,false,true,false
weaken,1,11,11,D01,28,D01_P028_SEC_1_37_PAR001,,false,true,false
lines,1,11,11,D01,29,D01_P029_SEC_1_41_PAR001,,false,true,false
mortality,1,11,8,D01,30,D01_P030_SEC_1_41_PAR001,,false,true,false
ger,1,11,6,D01,30,D01_P030_SEC_1_41_PAR001,,false,true,false
valuations,1,11,10,D01,30,D01_P030_SEC_1_43_PAR001,,false,true,false
holds,1,11,11,D01,30,D01_P030_SEC_1_43_PAR001,,false,true,false
healthier,1,11,11,D01,30,D01_P030_SEC_1_45_PAR001,,false,true,false
caution,1,11,10,D01,31,D01_P031_SEC_1_46_PAR001,,false,true,false
sought,1,11,9,D01,31,D01_P031_SEC_1_46_PAR002,,false,true,false
2.3 per cent,1,11,11,D01,33,D01_P033_SEC_1_PAR005,,false,true,false
compounding,1,11,7,D01,34,D01_P034_SEC_3_PAR003,,false,true,false
5.3,1,11,9,D01,2,D01_T001,,false,true,false
prevailing,1,11,11,D02,22,D02_BOX011,,false,true,false
progression,1,11,10,D02,2,D02_P002_SEC_2_2_PAR001,,false,true,false
filing,1,11,11,D02,5,D02_P005_SEC_2_8_PAR002,,false,true,false
55 per cent,1,11,11,D02,7,D02_P007_SEC_2_13_PAR001,,false,true,false
buses,1,11,9,D02,9,D02_P009_UNKNOWN_PAR004,,false,true,false
end-to-end,1,11,11,D02,11,D02_P011_SEC_2_18_PAR001,,false,true,false
mass,1,11,11,D02,11,D02_P011_UNKNOWN_PAR001,,false,true,false
season,1,11,10,D02,11,D02_P011_UNKNOWN_PAR002,,false,true,false
70 per cent,1,11,10,D02,12,D02_P012_SEC_2_19_PAR001,,false,true,false
psus,1,11,5,D02,12,D02_P012_SEC_2_20_PAR001,,false,true,false
boards,1,11,9,D02,13,D02_P013_SEC_2_22_PAR001,,false,true,false
recycling,1,11,9,D02,14,D02_P014_SEC_2_23_PAR001,,false,true,false
introducing,1,11,11,D02,16,D02_P016_SEC_2_26_PAR001,,false,true,false
jeevan,1,11,9,D02,18,D02_P018_SEC_2_29_PAR001,,false,true,false
35 per cent,1,11,10,D02,18,D02_P018_UNKNOWN_PAR001,,false,true,false
comprises,1,11,11,D02,21,D02_P021_SEC_2_33_PAR001,,false,true,false
conversion,1,11,9,D02,22,D02_P022_SEC_2_33_PAR001,,false,true,false
fy,1,11,10,D02,23,D02_P023_SEC_2_38_PAR001,,false,true,false
divergence,1,11,10,D02,23,D02_P023_UNKNOWN_PAR001,,false,true,false
himachal,1,11,11,D02,24,D02_P024_SEC_2_39_PAR002,,false,true,false
sikkim,1,11,11,D02,24,D02_P024_SEC_2_39_PAR002,,false,true,false
bengal,1,11,11,D02,24,D02_P024_SEC_2_39_PAR002,,false,true,false
second-largest,1,11,10,D02,25,D02_P025_UNKNOWN_PAR001,,false,true,false
whose,1,11,11,D02,29,D02_P029_UNKNOWN_PAR003,,true,true,false
115,1,11,11,D02,29,D02_P029_UNKNOWN_PAR004,,false,true,false
ended,1,11,10,D02,30,D02_P030_UNKNOWN_PAR002,,false,true,false
guiding,1,11,11,D02,33,D02_P033_UNKNOWN_PAR001,,false,true,false
meaningfully,1,11,11,D02,34,D02_P034_UNKNOWN_PAR002,,false,true,false
calendar,1,11,10,D02,35,D02_P035_SEC_2_46_PAR001,,false,true,false
end-,1,11,8,D02,36,D02_P036_SEC_2_48_PAR001,,false,true,false
undertaking,1,11,11,D02,36,D02_P036_SEC_2_49_PAR001,,false,true,false
considerable,1,11,11,D02,36,D02_P036_SEC_2_49_PAR001,,false,true,false
preferences,1,11,11,D02,36,D02_P036_SEC_2_50_PAR001,,false,true,false
ones,1,11,11,D02,36,D02_P036_SEC_2_50_PAR001,,false,true,false
cyclical,1,11,11,D02,37,D02_P037_SEC_2_52_PAR001,,false,true,false
2020-21,1,11,10,D02,38,D02_P038_SEC_2_53_PAR001,,false,true,false
responsive,1,11,11,D02,40,D02_P040_UNKNOWN_PAR001,,false,true,false
consolidating,1,11,11,D02,41,D02_P041_SEC_2_55_PAR001,,false,true,false
amounting,1,11,11,D02,40,D02_T009,,false,true,false
canada,1,11,11,D03,46,D03_BOX019,,false,true,false
efficiently,1,11,10,D03,64,D03_BOX023,,false,true,false
lenders,1,11,11,D03,64,D03_BOX023,lenders,false,true,false
pillars,1,11,11,D03,1,D03_P001_SEC_3_1_PAR001,,false,true,false
navigate,1,11,11,D03,1,D03_P001_UNKNOWN_PAR005,,false,true,false
classes,1,11,11,D03,3,D03_P003_SEC_3_5_PAR001,,false,true,false
500,1,11,11,D03,4,D03_P004_SEC_3_7_PAR001,,false,true,false
80 per cent,1,11,10,D03,4,D03_P004_SEC_3_7_PAR001,,false,true,false
capitalisation,1,11,10,D03,4,D03_P004_SEC_3_7_PAR001,,false,true,false
firm-level,1,11,11,D03,6,D03_P006_SEC_3_8_PAR002,,false,true,false
problem,1,11,11,D03,7,D03_P007_SEC_3_8_PAR010,,false,true,false
high-tech,1,11,11,D03,8,D03_P008_UNKNOWN_PAR003,,false,true,false
cut,1,11,11,D03,8,D03_P008_UNKNOWN_PAR003,,false,true,false
consideration,1,11,11,D03,9,D03_P009_SEC_3_10_PAR001,,false,true,false
underserved,1,11,11,D03,13,D03_P013_SEC_3_19_PAR002,,false,true,false
rrbs,1,11,6,D03,18,D03_P018_SEC_3_32_PAR001,,false,true,false
recognises,1,11,11,D03,22,D03_P022_SEC_3_41_PAR007,,false,true,false
empirical,1,11,11,D03,25,D03_P025_SEC_3_47_PAR007,,false,true,false
appreciation,1,11,9,D03,26,D03_P026_SEC_3_47_PAR001,,false,true,false
populations,1,11,11,D03,27,D03_P027_SEC_3_49_PAR001,,false,true,false
99,1,11,11,D03,28,D03_P028_SEC_3_49_PAR002,,false,true,false
dpi,1,11,9,D03,29,D03_P029_SEC_3_50_PAR001,,false,true,false
quickly,1,11,11,D03,30,D03_P030_SEC_3_50_PAR003,,false,true,false
modes,1,11,11,D03,30,D03_P030_SEC_3_50_PAR004,,false,true,false
dimensions,1,11,10,D03,31,D03_P031_SEC_3_51_PAR001,,false,true,false
liquidation,1,11,9,D03,32,D03_P032_SEC_3_54_PAR001,,false,true,false
tribunal,1,11,10,D03,34,D03_P034_SEC_3_60_PAR001,,false,true,false
removal,1,11,10,D03,37,D03_P037_UNKNOWN_PAR003,,false,true,false
onboarding,1,11,9,D03,38,D03_P038_SEC_3_72_PAR001,,false,true,false
regulator,1,11,11,D03,38,D03_P038_UNKNOWN_PAR002,,false,true,false
deeply,1,11,11,D03,38,D03_P038_UNKNOWN_PAR005,,false,true,false
issuer,1,11,10,D03,43,D03_P043_SEC_3_74_PAR003,,false,true,false
analysts,1,11,11,D03,43,D03_P043_SEC_3_74_PAR007,,false,true,false
preferred,1,11,10,D03,44,D03_P044_SEC_3_77_PAR001,,false,true,false
0.3,1,11,9,D03,45,D03_P045_SEC_3_78_PAR002,,false,true,false
request,1,11,10,D03,45,D03_P045_SEC_3_82_PAR001,,false,true,false
margin,1,11,9,D03,48,D03_P048_SEC_3_85_PAR004,,false,true,false
weakness,1,11,11,D03,48,D03_P048_SEC_3_85_PAR004,,false,true,false
attention,1,11,11,D03,49,D03_P049_SEC_3_85_PAR005,,false,true,false
discussions,1,11,10,D03,51,D03_P051_SEC_3_88_PAR001,,false,true,false
ifsc,1,11,7,D03,53,D03_P053_SEC_3_93_PAR001,,false,true,false
120,1,11,11,D03,53,D03_P053_SEC_3_96_PAR001,,false,true,false
informality,1,11,9,D03,57,D03_P057_SEC_3_99_PAR002,,false,true,false
apps,1,11,10,D03,57,D03_P057_SEC_3_99_PAR002,,false,true,false
possess,1,11,11,D03,63,D03_P063_UNKNOWN_PAR004,,false,true,false
s.,1,11,8,D04,21,D04_BOX001,,false,true,false
pronounced,1,11,11,D04,7,D04_P007_SEC_4_15_PAR001,,false,true,false
north,1,11,9,D04,8,D04_P008_SEC_4_19_PAR001,,false,true,false
cotton,1,11,10,D04,10,D04_P010_SEC_4_23_PAR001,,false,true,false
lost,1,11,11,D04,13,D04_P013_SEC_4_31_PAR001,,false,true,false
convert,1,11,11,D04,13,D04_P013_SEC_4_32_PAR001,,false,true,false
rice,1,11,10,D04,19,D04_P019_SEC_4_44_PAR001,,false,true,false
revealed,1,11,10,D04,20,D04_P020_SEC_4_45_PAR001,,false,true,false
methods,1,11,11,D04,21,D04_P021_SEC_4_48_PAR001,,false,true,false
translated,1,11,11,D04,24,D04_P024_UNKNOWN_PAR001,,false,true,false
preferential,1,11,9,D04,25,D04_P025_SEC_4_53_PAR001,,false,true,false
necessity,1,11,11,D04,38,D04_P038_SEC_4_80_PAR003,,false,true,false
bureaucratic,1,11,10,D04,38,D04_P038_SEC_4_80_PAR005,,false,true,false
vs.,1,11,10,D04,41,D04_P041_SEC_4_81_PAR003,,false,true,false
fundamentally,1,11,11,D04,49,D04_P049_SEC_4_96_PAR001,,false,true,false
113,1,11,10,D04,51,D04_P051_SEC_4_97_PAR003,,false,true,false
zone,1,11,10,D05,3,D05_P003_SEC_5_4_PAR001,,false,true,false
cereals,1,11,10,D05,8,D05_P008_SEC_5_12_PAR001,,false,true,false
acreage,1,11,8,D05,9,D05_P009_SEC_5_14_PAR001,,false,true,false
cultivation,1,11,10,D05,12,D05_P012_SEC_5_20_PAR001,,false,true,false
2011-12,1,11,8,D05,14,D05_P014_SEC_5_26_PAR001,,false,true,false
mechanisation,1,11,9,D06,2,D06_P002_SEC_6_2_PAR001,,false,true,false
societies,1,11,10,D06,3,D06_P003_SEC_6_4_PAR002,,false,true,false
traders,1,11,11,D06,8,D06_P008_SEC_6_12_PAR002,,false,true,false
accelerating,1,11,11,D06,11,D06_P011_SEC_6_16_PAR006,,false,true,false
peri-urban,1,11,9,D06,13,D06_P013_SEC_6_21_PAR001,,false,true,false
quantity,1,11,10,D06,16,D06_P016_SEC_6_22_PAR004,,false,true,false
inform,1,11,10,D06,16,D06_P016_UNKNOWN_PAR003,,false,true,false
shortages,1,11,10,D06,19,D06_P019_SEC_6_26_PAR002,,false,true,false
95,1,11,10,D06,21,D06_P021_SEC_6_33_PAR001,,false,true,false
economically,1,11,11,D06,24,D06_P024_SEC_6_38_PAR004,,false,true,false
replaced,1,11,11,D06,29,D06_P029_SEC_6_54_PAR001,,false,true,false
etc.,1,11,11,D06,31,D06_P031_SEC_6_54_PAR003,,false,true,false
engine,1,11,11,D07,1,D07_P001_SEC_7_1_PAR001,,false,true,false
contributes,1,11,10,D07,2,D07_P002_SEC_7_3_PAR001,,false,true,false
teams,1,11,11,D07,15,D07_P015_SEC_7_21_PAR004,,false,true,false
impose,1,11,11,D07,16,D07_P016_SEC_7_21_PAR002,,false,true,false
client,1,11,9,D07,16,D07_P016_SEC_7_21_PAR003,,false,true,false
thematic,1,11,11,D07,20,D07_P020_SEC_7_28_PAR001,,false,true,false
airports,1,11,5,D07,20,D07_P020_SEC_7_29_PAR001,,false,true,false
forest,1,11,9,D07,21,D07_P021_SEC_7_30_PAR002,,false,true,false
communications,1,11,9,D07,27,D07_P027_SEC_7_48_PAR001,,false,true,false
formats,1,11,8,D07,29,D07_P029_SEC_7_52_PAR001,,false,true,false
permissions,1,11,9,D07,30,D07_P030_SEC_7_52_PAR002,,false,true,false
opening,1,11,11,D07,30,D07_P030_SEC_7_52_PAR002,,false,true,false
satellites,1,11,7,D07,31,D07_P031_SEC_7_53_PAR001,,false,true,false
industrialisation,1,11,11,D08,8,D08_P008_SEC_8_18_PAR001,,false,true,false
audience,1,11,10,D08,29,D08_P029_SEC_8_52_PAR005,,false,true,false
go,1,11,10,D08,29,D08_P029_SEC_8_52_PAR005,,false,true,false
locally,1,11,10,D08,31,D08_P031_SEC_8_57_PAR003,,false,true,false
team,1,11,9,D08,36,D08_P036_SEC_8_66_PAR001,,false,true,false
reit,1,11,9,D09,5,D09_P005_SEC_9_14_PAR001,,false,true,false
proposal,1,11,9,D09,5,D09_P005_SEC_9_16_PAR001,,false,true,false
workshops,1,11,11,D09,7,D09_P007_SEC_9_17_PAR015,,false,true,false
sequencing,1,11,11,D09,8,D09_P008_SEC_9_17_PAR001,,false,true,false
200,1,11,11,D09,20,D09_P020_SEC_9_35_PAR001,,false,true,false
kolkata,1,11,11,D09,20,D09_P020_UNKNOWN_PAR003,,false,true,false
restoration,1,11,8,D09,34,D09_P034_SEC_9_53_PAR001,,false,true,false
amenities,1,11,9,D09,35,D09_P035_SEC_9_54_PAR001,,false,true,false
utilization,1,11,11,D10,18,D10_BOX005,,false,true,false
waiting,1,11,11,D10,2,D10_P002_SEC_10_2_PAR001,,false,true,false
indore,1,11,10,D10,29,D10_P029_SEC_10_72_PAR002,,false,true,false
apart,1,11,11,D10,38,D10_P038_SEC_10_94_PAR001,,false,true,false
teaching,1,11,10,D11,19,D11_BOX009,,false,true,false
poshan,1,11,8,D11,35,D11_BOX015,,false,true,false
teacher,1,11,9,D11,3,D11_P003_SEC_11_8_PAR001,,false,true,false
residential,1,11,11,D11,5,D11_P005_SEC_11_10_PAR008,,false,true,false
learners,1,11,10,D11,5,D11_P005_SEC_3_1_PAR001,,false,true,false
examinations,1,11,9,D11,10,D11_P010_SEC_11_17_PAR001,,false,true,false
appointment,1,11,10,D11,19,D11_P019_SEC_11_30_PAR003,,false,true,false
english,1,11,9,D11,23,D11_P023_SEC_11_34_PAR003,,false,true,false
sbcc,1,11,10,D11,38,D11_P038_SEC_11_56_PAR001,,false,true,false
videos,1,11,10,D11,39,D11_P039_SEC_11_57_PAR003,,false,true,false
facebook,1,11,7,D11,39,D11_P039_SEC_11_57_PAR003,,false,true,false
email,1,11,8,D11,40,D11_P040_SEC_11_60_PAR001,,false,true,false
harm,1,11,11,D11,41,D11_P041_SEC_11_64_PAR001,,false,true,false
trainees,1,11,10,D12,41,D12_BOX019,,false,true,false
xii.,1,11,11,D12,5,D12_P005_SEC_12_11_PAR001,,false,true,false
chennai,1,11,11,D12,9,D12_P009_SEC_12_12_PAR003,,false,true,false
repository,1,11,9,D13,19,D13_P019_SEC_13_53_PAR001,,false,true,false
pai,1,11,8,D13,20,D13_P020_SEC_13_58_PAR001,,false,true,false
-2022,1,11,8,D14,4,D14_P004_SEC_14_6_PAR006,,false,true,false
gpu,1,11,9,D14,12,D14_P012_SEC_14_30_PAR002,,false,true,false
london,1,11,9,D15,20,D15_BOX005,,false,true,false
streets,1,11,6,D15,16,D15_P016_SEC_15_28_PAR001,,false,true,false
1.5%,1,11,4,D19,1,D19_P001_UNKNOWN_PAR004,,false,true,false
msci,1,11,6,D20,7,D20_P007_SEC_2_2_1_PAR001,,false,true,false
utilized,1,11,8,D21,13,D21_BOX009,,false,true,false
standardized,1,11,9,D21,4,D21_P004_SEC_3_1_1_PAR001,,false,true,false
0.9,1,11,8,D21,7,D21_T003,,false,true,false
o,1,11,8,D22,12,D22_BOX003,,false,true,false
specialized,1,11,9,D23,1,D23_P001_UNKNOWN_PAR001,,false,true,false
grievances,1,11,9,D24,3,D24_P003_SEC_6_1_1_PAR004,,false,true,false
appellant,1,11,6,D28,19,D28_P019_UNKNOWN_PAR014,,false,true,false
vcl,1,11,7,D28,22,D28_P022_UNKNOWN_PAR001,,false,true,false
guptas,1,11,7,D28,22,D28_P022_UNKNOWN_PAR004,,false,true,false
mous,1,11,5,D28,30,D28_P030_UNKNOWN_PAR001,,false,true,false
policymaking,1,10,10,D01,18,D01_BOX003,,false,true,false
nowcasting,1,10,8,D01,18,D01_BOX003,,false,true,false
granular,1,10,10,D01,21,D01_BOX005,,false,true,false
assessing,1,10,10,D01,21,D01_BOX005,,false,true,false
assessed,1,10,10,D01,31,D01_BOX007,,false,true,false
begun,1,10,10,D01,31,D01_BOX007,,false,true,false
positioning,1,10,10,D01,1,D01_P001_UNKNOWN_PAR006,,false,true,false
lowered,1,10,10,D01,2,D01_P002_SEC_1_1_PAR001,,false,true,false
unemployment,1,10,10,D01,3,D01_P003_SEC_1_2_PAR002,unemployment,false,true,false
underway,1,10,10,D01,3,D01_P003_SEC_1_3_PAR001,,false,true,false
houses,1,10,5,D01,3,D01_P003_SEC_1_3_PAR001,,false,true,false
1999,1,10,9,D01,4,D01_P004_SEC_1_3_PAR001,,false,true,false
conference,1,10,10,D01,4,D01_P004_SEC_1_5_PAR001,,false,true,false
entered,1,10,10,D01,5,D01_P005_SEC_1_6_PAR001,,false,true,false
conflicts,1,10,10,D01,6,D01_P006_SEC_1_6_PAR002,,false,true,false
rooted,1,10,10,D01,6,D01_P006_SEC_1_6_PAR004,,false,true,false
western,1,10,10,D01,7,D01_P007_SEC_1_6_PAR003,,false,true,false
minimise,1,10,10,D01,7,D01_P007_SEC_1_6_PAR005,,false,true,false
bottlenecks,1,10,10,D01,7,D01_P007_SEC_1_6_PAR005,,false,true,false
surpassing,1,10,10,D01,9,D01_P009_SEC_1_8_PAR002,,false,true,false
purchasing,1,10,10,D01,10,D01_P010_SEC_1_9_PAR001,,false,true,false
slight,1,10,9,D01,11,D01_P011_SEC_1_10_PAR001,,false,true,false
automobile,1,10,10,D01,11,D01_P011_SEC_1_11_PAR001,,false,true,false
continuation,1,10,10,D01,11,D01_P011_SEC_1_11_PAR001,,false,true,false
non-food,1,10,9,D01,13,D01_P013_SEC_1_13_PAR001,,false,true,false
wheat,1,10,9,D01,15,D01_P015_SEC_1_18_PAR001,,false,true,false
v,1,10,9,D01,15,D01_P015_SEC_1_19_PAR001,,false,true,false
hospitality,1,10,8,D01,18,D01_P018_SEC_1_25_PAR001,,false,true,false
railway,1,10,10,D01,18,D01_P018_SEC_1_26_PAR001,,false,true,false
assumed,1,10,10,D01,19,D01_P019_UNKNOWN_PAR004,,false,true,false
mean,1,10,9,D01,20,D01_P020_UNKNOWN_PAR001,,false,true,false
sizes,1,10,8,D01,22,D01_P022_SEC_1_28_PAR003,,false,true,false
forward-looking,1,10,10,D01,22,D01_P022_SEC_1_28_PAR004,,false,true,false
accepted,1,10,10,D01,23,D01_P023_SEC_1_28_PAR010,,false,true,false
1.7 per cent,1,10,10,D01,24,D01_P024_SEC_1_29_PAR001,,false,true,false
upto,1,10,8,D01,24,D01_P024_SEC_1_29_PAR003,,false,true,false
highs,1,10,10,D01,24,D01_P024_SEC_1_30_PAR001,,false,true,false
6.6,1,10,10,D01,24,D01_P024_SEC_6_7_PAR001,,false,true,false
contained,1,10,10,D01,25,D01_P025_SEC_1_30_PAR002,,false,true,false
funded,1,10,10,D01,28,D01_P028_SEC_1_36_PAR001,,false,true,false
deal,1,10,9,D01,28,D01_P028_SEC_1_37_PAR001,,false,true,false
orderly,1,10,9,D01,28,D01_P028_SEC_1_37_PAR001,,false,true,false
evidenced,1,10,9,D01,28,D01_P028_SEC_1_38_PAR001,,false,true,false
prominent,1,10,10,D01,30,D01_P030_SEC_1_43_PAR001,,false,true,false
careful,1,10,10,D01,31,D01_P031_SEC_1_45_PAR002,,false,true,false
playing,1,10,10,D01,31,D01_P031_SEC_1_46_PAR001,,false,true,false
tfp,1,10,8,D01,32,D01_P032_SEC_1_46_PAR001,,false,true,false
exhibits,1,10,10,D01,32,D01_P032_SEC_1_46_PAR004,,false,true,false
displayed,1,10,9,D01,33,D01_P033_SEC_1_PAR006,,false,true,false
4.8,1,10,10,D01,2,D01_T001,,false,true,false
3.6,1,10,8,D01,2,D01_T001,,false,true,false
8.4,1,10,10,D01,9,D01_T002,,false,true,false
7.0,1,10,6,D01,9,D01_T002,,false,true,false
6.5,1,10,9,D01,9,D01_T002,,false,true,false
9.3,1,10,8,D01,9,D01_T002,,false,true,false
13.2,1,10,6,D01,10,D01_T003,,false,true,false
taxpayers,1,10,8,D02,5,D02_BOX001,,false,true,false
audits,1,10,10,D02,5,D02_BOX001,,false,true,false
65 per cent,1,10,9,D02,15,D02_BOX005,,false,true,false
incentivise,1,10,10,D02,15,D02_BOX005,,false,true,false
finds,1,10,9,D02,22,D02_BOX011,,false,true,false
incidence,1,10,10,D02,1,D02_P001_UNKNOWN_PAR003,,false,true,false
retained,1,10,8,D02,3,D02_P003_SEC_2_3_PAR001,,false,true,false
implying,1,10,10,D02,4,D02_P004_SEC_2_7_PAR001,,false,true,false
cars,1,10,8,D02,9,D02_P009_UNKNOWN_PAR004,,false,true,false
350,1,10,10,D02,9,D02_P009_UNKNOWN_PAR004,,false,true,false
removed,1,10,9,D02,9,D02_P009_UNKNOWN_PAR006,,false,true,false
milk,1,10,7,D02,9,D02_P009_UNKNOWN_PAR011,,false,true,false
technology-driven,1,10,10,D02,11,D02_P011_SEC_2_18_PAR001,,false,true,false
placing,1,10,10,D02,11,D02_P011_UNKNOWN_PAR001,,false,true,false
keeping,1,10,10,D02,11,D02_P011_UNKNOWN_PAR001,,false,true,false
annually,1,10,10,D02,12,D02_P012_SEC_2_19_PAR001,,false,true,false
closure,1,10,9,D02,13,D02_P013_SEC_2_22_PAR001,,false,true,false
26 per cent,1,10,9,D02,13,D02_P013_SEC_2_23_PAR001,,false,true,false
charging,1,10,10,D02,15,D02_P015_SEC_2_26_PAR002,,false,true,false
latter,1,10,10,D02,15,D02_P015_SEC_2_26_PAR002,,false,true,false
shakti,1,10,10,D02,17,D02_P017_UNKNOWN_PAR007,,false,true,false
gsdp,1,10,7,D02,22,D02_P022_SEC_2_35_PAR001,,false,true,false
exclusively,1,10,9,D02,23,D02_P023_SEC_2_37_PAR001,,false,true,false
fy19,1,10,8,D02,23,D02_P023_SEC_2_38_PAR001,,false,true,false
chhattisgarh,1,10,9,D02,24,D02_P024_SEC_2_39_PAR002,,false,true,false
meghalaya,1,10,7,D02,24,D02_P024_SEC_2_39_PAR002,,false,true,false
mizoram,1,10,10,D02,24,D02_P024_SEC_2_39_PAR002,,false,true,false
relied,1,10,10,D02,26,D02_P026_SEC_2_40_PAR003,,false,true,false
excludes,1,10,10,D02,27,D02_P027_UNKNOWN_PAR004,,false,true,false
co-,1,10,9,D02,28,D02_P028_UNKNOWN_PAR003,,false,true,false
evaluations,1,10,8,D02,29,D02_P029_UNKNOWN_PAR004,,false,true,false
prosperity,1,10,10,D02,30,D02_P030_UNKNOWN_PAR003,,false,true,false
plus,1,10,10,D02,31,D02_P031_UNKNOWN_PAR001,,false,true,false
lagged,1,10,10,D02,39,D02_P039_UNKNOWN_PAR002,,false,true,false
corrective,1,10,10,D02,40,D02_P040_UNKNOWN_PAR001,,false,true,false
actuals,1,10,10,D02,26,D02_T008,,false,true,false
1956,1,10,8,D03,36,D03_BOX013,,false,true,false
1996,1,10,10,D03,36,D03_BOX013,,false,true,false
fundamental,1,10,10,D03,64,D03_BOX023,,false,true,false
earn,1,10,10,D03,64,D03_BOX023,,false,true,false
announcements,1,10,7,D03,3,D03_P003_SEC_3_5_PAR001,,false,true,false
entire,1,10,10,D03,4,D03_P004_SEC_3_6_PAR001,,false,true,false
fsr,1,10,9,D03,4,D03_P004_SEC_3_7_PAR001,,false,true,false
establishes,1,10,10,D03,5,D03_P005_SEC_3_8_PAR002,,false,true,false
variety,1,10,10,D03,5,D03_P005_SEC_3_8_PAR003,,false,true,false
104,1,10,10,D03,5,D03_P005_SEC_3_8_PAR005,,false,true,false
captured,1,10,9,D03,6,D03_P006_SEC_3_8_PAR005,,false,true,false
adjusted,1,10,9,D03,9,D03_P009_SEC_3_12_PAR001,,false,true,false
identity,1,10,10,D03,18,D03_P018_SEC_3_33_PAR001,,false,true,false
statement,1,10,8,D03,19,D03_P019_SEC_3_37_PAR001,,false,true,false
appraisal,1,10,10,D03,20,D03_P020_SEC_3_38_PAR001,,false,true,false
experts,1,10,10,D03,20,D03_P020_SEC_3_40_PAR001,,false,true,false
unprecedented,1,10,10,D03,22,D03_P022_SEC_3_41_PAR004,,false,true,false
pursued,1,10,10,D03,22,D03_P022_SEC_3_41_PAR006,,false,true,false
identifies,1,10,10,D03,22,D03_P022_SEC_3_41_PAR007,,false,true,false
southern,1,10,10,D03,23,D03_P023_SEC_3_43_PAR001,,false,true,false
useful,1,10,10,D03,25,D03_P025_SEC_3_47_PAR005,,false,true,false
achievement,1,10,10,D03,26,D03_P026_SEC_3_47_PAR001,,false,true,false
vendors,1,10,7,D03,27,D03_P027_SEC_3_49_PAR001,,false,true,false
17 per cent,1,10,10,D03,28,D03_P028_SEC_3_49_PAR002,,false,true,false
inclusivity,1,10,10,D03,28,D03_P028_SEC_3_49_PAR003,,false,true,false
layer,1,10,8,D03,30,D03_P030_SEC_3_50_PAR001,,false,true,false
convenience,1,10,10,D03,30,D03_P030_SEC_3_50_PAR004,,false,true,false
overlapping,1,10,10,D03,31,D03_P031_SEC_3_52_PAR001,,false,true,false
resolved,1,10,7,D03,32,D03_P032_SEC_3_55_PAR001,,false,true,false
supplier,1,10,10,D03,34,D03_P034_SEC_3_60_PAR001,,false,true,false
costly,1,10,10,D03,34,D03_P034_SEC_3_62_PAR001,,false,true,false
encompassing,1,10,10,D03,35,D03_P035_SEC_3_68_PAR001,,false,true,false
mobilising,1,10,10,D03,36,D03_P036_SEC_3_68_PAR001,,false,true,false
misuse,1,10,10,D03,37,D03_P037_SEC_3_71_PAR006,,false,true,false
cooling,1,10,5,D03,37,D03_P037_UNKNOWN_PAR003,,false,true,false
regulate,1,10,10,D03,38,D03_P038_UNKNOWN_PAR003,,false,true,false
prevalence,1,10,9,D03,40,D03_P040_SEC_3_73_PAR002,,false,true,false
titled,1,10,10,D03,42,D03_P042_SEC_3_74_PAR002,,false,true,false
panchayati,1,10,10,D03,42,D03_P042_SEC_3_74_PAR002,,false,true,false
equivalent,1,10,8,D03,43,D03_P043_SEC_3_74_PAR009,,false,true,false
placements,1,10,10,D03,44,D03_P044_SEC_3_77_PAR001,,false,true,false
malaysia,1,10,10,D03,44,D03_P044_SEC_3_78_PAR001,,false,true,false
participate,1,10,10,D03,45,D03_P045_SEC_3_79_PAR001,,false,true,false
appetite,1,10,8,D03,45,D03_P045_SEC_3_81_PAR001,,false,true,false
simply,1,10,10,D03,48,D03_P048_SEC_3_85_PAR004,,false,true,false
emergence,1,10,10,D03,48,D03_P048_SEC_3_85_PAR005,,false,true,false
83,1,10,10,D03,56,D03_P056_SEC_3_99_PAR004,,false,true,false
distributors,1,10,7,D03,58,D03_P058_SEC_3_99_PAR005,,false,true,false
jointly,1,10,10,D03,63,D03_P063_UNKNOWN_PAR004,,false,true,false
proportionate,1,10,10,D03,64,D03_P064_UNKNOWN_PAR001,,false,true,false
wto,1,10,8,D04,21,D04_BOX001,,false,true,false
implies,1,10,10,D04,34,D04_BOX003,,false,true,false
4.3 per cent,1,10,9,D04,34,D04_BOX003,,false,true,false
illustrate,1,10,10,D04,15,D04_P015_SEC_4_39_PAR001,,false,true,false
netherlands,1,10,9,D04,17,D04_P017_UNKNOWN_PAR001,,false,true,false
find,1,10,10,D04,20,D04_P020_SEC_4_47_PAR005,,false,true,false
intellectual,1,10,9,D04,21,D04_P021_SEC_4_50_PAR001,,false,true,false
contraction,1,10,9,D04,22,D04_P022_SEC_4_50_PAR004,,false,true,false
article,1,10,6,D04,22,D04_P022_UNKNOWN_PAR003,,false,true,false
w,1,10,8,D04,22,D04_P022_UNKNOWN_PAR003,,false,true,false
produced,1,10,10,D04,23,D04_P023_UNKNOWN_PAR006,,false,true,false
gccs,1,10,5,D04,26,D04_P026_SEC_4_58_PAR001,,false,true,false
examine,1,10,10,D04,34,D04_P034_SEC_4_78_PAR001,,false,true,false
reasonable,1,10,10,D04,34,D04_P034_SEC_4_78_PAR002,,false,true,false
determine,1,10,10,D04,35,D04_P035_SEC_4_80_PAR001,,false,true,false
exemptions,1,10,9,D04,36,D04_P036_SEC_4_80_PAR007,,false,true,false
grant,1,10,6,D04,37,D04_P037_SEC_4_80_PAR008,,false,true,false
takes,1,10,10,D04,37,D04_P037_SEC_4_80_PAR015,,false,true,false
92,1,10,9,D04,38,D04_P038_SEC_4_80_PAR006,,false,true,false
98,1,10,9,D04,41,D04_P041_SEC_4_81_PAR002,,false,true,false
upgrade,1,10,10,D04,41,D04_P041_SEC_4_81_PAR003,,false,true,false
august 2025,1,10,10,D04,42,D04_P042_SEC_4_81_PAR002,,false,true,false
kingdom,1,10,10,D04,42,D04_P042_SEC_4_81_PAR002,,false,true,false
preference,1,10,9,D04,45,D04_P045_SEC_4_87_PAR001,,false,true,false
conclusion,1,10,9,D04,49,D04_P049_SEC_4_93_PAR005,,false,true,false
internalise,1,10,10,D04,53,D04_P053_SEC_4_99_PAR010,,false,true,false
tolerance,1,10,8,D05,1,D05_P001_UNKNOWN_PAR004,,false,true,false
eased,1,10,10,D05,6,D05_P006_SEC_5_9_PAR001,,false,true,false
reading,1,10,8,D05,6,D05_P006_SEC_5_9_PAR001,,false,true,false
arrivals,1,10,5,D05,10,D05_P010_SEC_5_17_PAR001,,false,true,false
administered,1,10,8,D05,12,D05_P012_SEC_5_22_PAR001,,false,true,false
feel,1,10,8,D05,21,D05_P021_SEC_5_37_PAR001,,false,true,false
2025- 26,1,10,9,D05,17,D05_T001,,false,true,false
2014-15,1,10,8,D06,9,D06_P009_SEC_6_16_PAR001,,false,true,false
hiring,1,10,8,D06,18,D06_P018_SEC_6_26_PAR001,,false,true,false
fodder,1,10,3,D06,19,D06_P019_SEC_6_28_PAR001,,false,true,false
visits,1,10,10,D06,22,D06_P022_SEC_6_35_PAR001,,false,true,false
self-reliance,1,10,10,D06,23,D06_P023_SEC_6_38_PAR005,,false,true,false
erp,1,10,7,D06,26,D06_P026_SEC_6_43_PAR001,,false,true,false
curricula,1,10,9,D06,27,D06_P027_SEC_6_45_PAR001,,false,true,false
trainers,1,10,8,D06,28,D06_P028_SEC_6_51_PAR002,,false,true,false
genuine,1,10,10,D06,31,D06_P031_SEC_6_54_PAR002,,false,true,false
122,1,10,9,D06,31,D06_P031_SEC_6_56_PAR001,,false,true,false
entertainment,1,10,8,D07,1,D07_P001_UNKNOWN_PAR003,,false,true,false
geographical,1,10,9,D07,2,D07_P002_SEC_7_2_PAR001,,false,true,false
reason,1,10,10,D07,15,D07_P015_SEC_7_21_PAR002,,false,true,false
inside,1,10,8,D07,15,D07_P015_SEC_7_21_PAR002,,false,true,false
papers,1,10,10,D07,17,D07_P017_UNKNOWN_PAR001,,false,true,false
cleanliness,1,10,9,D07,20,D07_P020_SEC_7_29_PAR001,,false,true,false
passengers,1,10,8,D07,20,D07_P020_SEC_7_29_PAR001,,false,true,false
centralised,1,10,10,D07,24,D07_P024_SEC_7_39_PAR001,,false,true,false
waterways,1,10,8,D07,25,D07_P025_SEC_7_42_PAR001,,false,true,false
speeds,1,10,8,D07,27,D07_P027_SEC_7_46_PAR001,,false,true,false
terminals,1,10,10,D07,27,D07_P027_SEC_7_46_PAR001,,false,true,false
video,1,10,9,D07,29,D07_P029_SEC_7_52_PAR001,,false,true,false
-3,1,10,9,D08,13,D08_BOX001,,false,true,false
intermediates,1,10,9,D08,17,D08_BOX005,,false,true,false
revamped,1,10,9,D08,17,D08_BOX005,,false,true,false
non-agricultural,1,10,8,D08,37,D08_BOX023,,false,true,false
america,1,10,10,D08,2,D08_P002_SEC_8_2_PAR001,,false,true,false
crucially,1,10,10,D08,28,D08_P028_SEC_8_52_PAR001,,false,true,false
you,1,10,8,D08,29,D08_P029_SEC_8_52_PAR005,,true,true,false
dense,1,10,10,D08,31,D08_P031_SEC_8_57_PAR003,,false,true,false
certifications,1,10,9,D08,35,D08_P035_SEC_8_63_PAR003,,false,true,false
encourages,1,10,10,D08,36,D08_P036_SEC_8_66_PAR003,,false,true,false
plastic,1,10,6,D08,6,D08_T001,,false,true,false
start-up,1,10,4,D09,30,D09_BOX027,,false,true,false
solid,1,10,10,D09,7,D09_P007_SEC_9_17_PAR014,,false,true,false
conventional,1,10,8,D09,8,D09_P008_SEC_9_17_PAR002,,false,true,false
willing,1,10,10,D09,9,D09_P009_SEC_9_17_PAR003,,false,true,false
neither,1,10,10,D09,25,D09_P025_SEC_9_40_PAR003,,false,true,false
ai-enabled,1,10,10,D09,26,D09_P026_SEC_2_PAR004,,false,true,false
triggered,1,10,10,D10,2,D10_P002_SEC_10_3_PAR001,,false,true,false
ways,1,10,10,D10,7,D10_P007_SEC_10_21_PAR001,,false,true,false
emphasising,1,10,10,D10,20,D10_P020_SEC_10_47_PAR001,,false,true,false
arrangement,1,10,9,D10,33,D10_P033_SEC_10_76_PAR002,,false,true,false
interactive,1,10,10,D10,36,D10_P036_SEC_10_87_PAR001,,false,true,false
schooling,1,10,9,D11,14,D11_BOX007,,false,true,false
problem-solving,1,10,10,D11,19,D11_BOX009,,false,true,false
mothers,1,10,6,D11,35,D11_BOX015,,false,true,false
135,1,10,10,D11,41,D11_BOX019,,false,true,false
teachers,1,10,9,D11,4,D11_P004_SEC_11_10_PAR001,,false,true,false
parents,1,10,9,D11,7,D11_P007_SEC_11_14_PAR001,,false,true,false
anganwadi,1,10,9,D11,12,D11_P012_SEC_11_18_PAR002,,false,true,false
enrolments,1,10,7,D11,22,D11_P022_SEC_11_34_PAR002,,false,true,false
budgeting,1,10,10,D12,27,D12_P027_SEC_12_39_PAR002,,false,true,false
legitimacy,1,10,10,D12,44,D12_P044_SEC_12_66_PAR001,,false,true,false
mgnregs,1,10,6,D13,9,D13_BOX001,,false,true,false
pris,1,10,8,D13,12,D13_P012_SEC_13_27_PAR001,,false,true,false
parliament,1,10,6,D13,21,D13_P021_SEC_13_58_PAR007,,false,true,false
10%,1,10,10,D14,15,D14_P015_UNKNOWN_PAR002,,false,true,false
computation,1,10,8,D14,17,D14_P017_SEC_14_36_PAR001,,false,true,false
policing,1,10,10,D14,34,D14_P034_SEC_14_88_PAR001,,false,true,false
parliamentary,1,10,7,D17,10,D17_P010_UNKNOWN_PAR001,,false,true,false
opinion,1,10,8,D17,19,D17_P019_UNKNOWN_PAR005,,false,true,false
2  market,1,10,10,D21,4,D21_P004_SEC_3_1_2_PAR001,,false,true,false
submit,1,10,9,D21,9,D21_P009_SEC_3_2_1_PAR001,,false,true,false
unclaimed,1,10,5,D21,9,D21_P009_SEC_3_2_1_PAR007,,false,true,false
registrar,1,10,9,D21,16,D21_P016_SEC_3_4_2_PAR003,,false,true,false
ras,1,10,6,D22,35,D22_BOX007,,false,true,false
scrip,1,10,9,D22,7,D22_P007_SEC_4_1_3_PAR001,,false,true,false
scra,1,10,7,D22,36,D22_P036_SEC_4_8_2_PAR005,,false,true,false
auc,1,10,6,D24,5,D24_P005_SEC_6_1_1_PAR005,,false,true,false
enquiry,1,10,6,D28,6,D28_P006_UNKNOWN_PAR001,,false,true,false
refund,1,10,8,D28,14,D28_P014_SEC_10_2_2_PAR001,,false,true,false
amit,1,10,7,D28,27,D28_P027_UNKNOWN_PAR004,,false,true,false
crb,1,10,6,D28,28,D28_P028_UNKNOWN_PAR008,,false,true,false
flats,1,10,4,D28,29,D28_P029_UNKNOWN_PAR011,,false,true,false
cis,1,10,8,D28,34,D28_P034_UNKNOWN_PAR004,,false,true,false
exposed,1,9,9,D01,5,D01_BOX001,,false,true,false
employs,1,9,9,D01,5,D01_BOX001,,false,true,false
employing,1,9,8,D01,5,D01_BOX001,,false,true,false
party,1,9,8,D01,5,D01_BOX001,,false,true,false
ibid,1,9,8,D01,5,D01_BOX001,,false,true,false
situation,1,9,8,D01,21,D01_BOX005,,false,true,false
picture,1,9,9,D01,21,D01_BOX005,,false,true,false
6.5 per cent,1,9,9,D01,31,D01_BOX007,,false,true,false
reasons,1,9,9,D01,2,D01_P002_SEC_1_1_PAR001,,false,true,false
forecasts,1,9,6,D01,2,D01_P002_SEC_1_1_PAR002,,false,true,false
mixed,1,9,8,D01,3,D01_P003_SEC_1_2_PAR002,,false,true,false
deterioration,1,9,8,D01,4,D01_P004_SEC_1_5_PAR001,,false,true,false
interdependence,1,9,8,D01,6,D01_P006_SEC_1_6_PAR002,,false,true,false
rule-based,1,9,9,D01,6,D01_P006_SEC_1_6_PAR004,,false,true,false
continuously,1,9,9,D01,6,D01_P006_SEC_1_6_PAR005,,false,true,false
equilibrium,1,9,9,D01,6,D01_P006_SEC_1_6_PAR005,,false,true,false
off,1,9,9,D01,6,D01_P006_SEC_1_6_PAR007,,true,true,false
traditionally,1,9,9,D01,7,D01_P007_SEC_1_6_PAR003,,false,true,false
incentivising,1,9,9,D01,7,D01_P007_SEC_1_6_PAR005,,false,true,false
otherwise,1,9,9,D01,7,D01_P007_SEC_1_6_PAR006,,false,true,false
automotive,1,9,9,D01,7,D01_P007_SEC_1_6_PAR009,,false,true,false
restricting,1,9,8,D01,7,D01_P007_SEC_1_6_PAR010,,false,true,false
strict,1,9,9,D01,8,D01_P008_SEC_1_6_PAR002,,false,true,false
traction,1,9,9,D01,9,D01_P009_SEC_1_8_PAR002,,false,true,false
complete,1,9,9,D01,11,D01_P011_SEC_1_10_PAR001,,false,true,false
pre-,1,9,9,D01,12,D01_P012_SEC_1_12_PAR001,,false,true,false
iip,1,9,8,D01,13,D01_P013_SEC_1_13_PAR001,,false,true,false
3.5 per cent,1,9,8,D01,14,D01_P014_SEC_1_15_PAR001,,false,true,false
negotiations,1,9,8,D01,14,D01_P014_SEC_1_15_PAR001,,false,true,false
rabi,1,9,6,D01,15,D01_P015_SEC_1_18_PAR001,,false,true,false
9 per cent,1,9,9,D01,18,D01_P018_SEC_1_25_PAR001,,false,true,false
lag,1,9,8,D01,18,D01_P018_SEC_1_27_PAR001,,false,true,false
described,1,9,9,D01,19,D01_P019_UNKNOWN_PAR002,,false,true,false
links,1,9,9,D01,19,D01_P019_UNKNOWN_PAR003,,false,true,false
drop,1,9,9,D01,20,D01_P020_UNKNOWN_PAR003,,false,true,false
add,1,9,9,D01,20,D01_P020_UNKNOWN_PAR003,,false,true,false
dummy,1,9,7,D01,21,D01_P021_UNKNOWN_PAR002,,false,true,false
definitions,1,9,9,D01,22,D01_P022_SEC_1_28_PAR001,,false,true,false
decisively,1,9,9,D01,22,D01_P022_SEC_1_28_PAR003,,false,true,false
october 2024,1,9,8,D01,22,D01_P022_SEC_1_28_PAR004,,false,true,false
validation,1,9,9,D01,22,D01_P022_SEC_1_28_PAR006,,false,true,false
revisions,1,9,9,D01,22,D01_P022_SEC_1_28_PAR009,,false,true,false
smooth,1,9,9,D01,23,D01_P023_SEC_1_28_PAR006,,false,true,false
internationally,1,9,9,D01,23,D01_P023_SEC_1_28_PAR010,,false,true,false
technology-enabled,1,9,9,D01,23,D01_P023_SEC_1_28_PAR013,,false,true,false
disinflation,1,9,9,D01,24,D01_P024_SEC_1_29_PAR001,disinflation,false,true,false
recording,1,9,9,D01,24,D01_P024_SEC_1_30_PAR001,,false,true,false
incentivised,1,9,9,D01,25,D01_P025_SEC_1_31_PAR001,,false,true,false
unconditional,1,9,9,D01,25,D01_P025_SEC_1_31_PAR001,,false,true,false
outflow,1,9,6,D01,28,D01_P028_SEC_1_36_PAR001,,false,true,false
causing,1,9,9,D01,28,D01_P028_SEC_1_37_PAR001,,false,true,false
guided,1,9,9,D01,28,D01_P028_SEC_1_37_PAR001,,false,true,false
proliferation,1,9,9,D01,28,D01_P028_SEC_1_38_PAR001,,false,true,false
slower,1,9,9,D01,30,D01_P030_SEC_1_44_PAR001,,false,true,false
4 per cent,1,9,8,D01,31,D01_P031_SEC_1_46_PAR002,,false,true,false
episodic,1,9,8,D01,32,D01_P032_SEC_1_PAR002,,false,true,false
domestically,1,9,9,D01,35,D01_P035_SEC_3_PAR002,,false,true,false
2008,1,9,9,D01,35,D01_P035_SEC_3_PAR003,,false,true,false
4.0,1,9,8,D01,2,D01_T001,,false,true,false
5.6,1,9,9,D01,2,D01_T001,,false,true,false
5.2,1,9,9,D01,2,D01_T001,,false,true,false
6.3,1,9,8,D01,9,D01_T002,,false,true,false
15.0,1,9,7,D01,10,D01_T003,,false,true,false
13.4,1,9,9,D01,13,D01_T005,,false,true,false
5.7,1,9,7,D01,17,D01_T006,,false,true,false
leverages,1,9,9,D02,5,D02_BOX001,,false,true,false
compensation,1,9,9,D02,8,D02_BOX003,,false,true,false
hence,1,9,9,D02,8,D02_BOX003,,false,true,false
leaving,1,9,9,D02,15,D02_BOX005,,false,true,false
critically,1,9,9,D02,15,D02_BOX005,,false,true,false
diversifying,1,9,9,D02,15,D02_BOX005,,false,true,false
automatically,1,9,9,D02,22,D02_BOX011,,false,true,false
lowest,1,9,9,D02,3,D02_P003_SEC_2_4_PAR001,,false,true,false
broadening,1,9,9,D02,4,D02_P004_SEC_2_6_PAR002,,false,true,false
entering,1,9,9,D02,5,D02_P005_SEC_2_8_PAR001,,false,true,false
house,1,9,8,D02,5,D02_P005_SEC_2_8_PAR002,,false,true,false
earned,1,9,9,D02,6,D02_P006_SEC_2_8_PAR001,,false,true,false
preventive,1,9,9,D02,6,D02_P006_SEC_2_8_PAR002,,false,true,false
accommodation,1,9,8,D02,10,D02_P010_UNKNOWN_PAR004,,false,true,false
bills,1,9,8,D02,11,D02_P011_SEC_2_17_PAR001,,false,true,false
trusted,1,9,9,D02,11,D02_P011_SEC_2_18_PAR001,,false,true,false
minimal,1,9,9,D02,11,D02_P011_SEC_2_18_PAR001,,false,true,false
arising,1,9,9,D02,11,D02_P011_UNKNOWN_PAR001,,false,true,false
selectively,1,9,8,D02,13,D02_P013_SEC_2_23_PAR001,,false,true,false
pensions,1,9,9,D02,14,D02_P014_SEC_2_25_PAR001,,false,true,false
optimise,1,9,9,D02,16,D02_P016_SEC_2_26_PAR001,,false,true,false
nodal,1,9,9,D02,17,D02_P017_UNKNOWN_PAR002,,false,true,false
delivers,1,9,9,D02,17,D02_P017_UNKNOWN_PAR008,,false,true,false
kharif,1,9,7,D02,18,D02_P018_UNKNOWN_PAR002,,false,true,false
performance-linked,1,9,9,D02,22,D02_P022_SEC_2_35_PAR001,,false,true,false
trustee,1,9,9,D02,23,D02_P023_UNKNOWN_PAR001,,false,true,false
translates,1,9,9,D02,23,D02_P023_UNKNOWN_PAR001,,false,true,false
renewed,1,9,9,D02,24,D02_P024_SEC_2_38_PAR001,,false,true,false
ka,1,9,8,D02,24,D02_P024_SEC_2_39_PAR002,,false,true,false
punjab,1,9,8,D02,24,D02_P024_SEC_2_39_PAR002,,false,true,false
matching,1,9,9,D02,25,D02_P025_SEC_2_40_PAR001,,false,true,false
argued,1,9,9,D02,29,D02_P029_UNKNOWN_PAR002,,false,true,false
graduate,1,9,4,D02,30,D02_P030_UNKNOWN_PAR002,,false,true,false
starting,1,9,9,D02,37,D02_P037_SEC_2_52_PAR001,,false,true,false
rises,1,9,8,D02,39,D02_P039_UNKNOWN_PAR002,,false,true,false
al,1,9,8,D02,39,D02_P039_UNKNOWN_PAR002,,false,true,false
adjust,1,9,9,D02,40,D02_P040_UNKNOWN_PAR001,,false,true,false
stabilise,1,9,8,D02,40,D02_P040_UNKNOWN_PAR001,,false,true,false
strongly,1,9,9,D02,40,D02_P040_UNKNOWN_PAR001,,false,true,false
represented,1,9,8,D02,40,D02_P040_UNKNOWN_PAR001,,false,true,false
relations,1,9,8,D02,42,D02_P042_SEC_2_56_PAR001,,false,true,false
"10,000",1,9,8,D02,26,D02_T008,,false,true,false
pivotal,1,9,9,D03,27,D03_BOX009,,false,true,false
105,1,9,8,D03,27,D03_BOX009,,false,true,false
converting,1,9,9,D03,29,D03_BOX011,,false,true,false
smc,1,9,9,D03,36,D03_BOX013,,false,true,false
referred,1,9,9,D03,36,D03_BOX013,,false,true,false
wealth,1,9,8,D03,39,D03_BOX015,,false,true,false
rational,1,9,9,D03,64,D03_BOX023,,false,true,false
interconnected,1,9,9,D03,2,D03_P002_SEC_3_2_PAR001,,false,true,false
exploration,1,9,7,D03,2,D03_P002_SEC_3_3_PAR001,,false,true,false
register,1,9,8,D03,2,D03_P002_SEC_3_4_PAR001,,false,true,false
amidst,1,9,9,D03,4,D03_P004_SEC_3_8_PAR001,,false,true,false
l.,1,9,9,D03,5,D03_P005_SEC_3_8_PAR005,,false,true,false
j.,1,9,9,D03,5,D03_P005_SEC_3_8_PAR005,,false,true,false
advantages,1,9,9,D03,6,D03_P006_SEC_3_8_PAR002,,false,true,false
indicated,1,9,8,D03,8,D03_P008_UNKNOWN_PAR002,,false,true,false
deposits,1,9,7,D03,10,D03_P010_SEC_3_12_PAR001,deposits,false,true,false
reverse,1,9,9,D03,10,D03_P010_SEC_3_14_PAR001,reverse,false,true,false
bridging,1,9,9,D03,12,D03_P012_SEC_3_19_PAR001,,false,true,false
turning,1,9,9,D03,17,D03_P017_SEC_3_31_PAR001,,false,true,false
commerce,1,9,9,D03,18,D03_P018_SEC_3_32_PAR001,,false,true,false
formulation,1,9,8,D03,19,D03_P019_SEC_3_37_PAR001,,false,true,false
instructions,1,9,8,D03,20,D03_P020_SEC_3_39_PAR001,,false,true,false
inadequate,1,9,9,D03,22,D03_P022_SEC_3_41_PAR005,,false,true,false
weakened,1,9,8,D03,25,D03_P025_SEC_3_47_PAR003,,false,true,false
measurement,1,9,9,D03,26,D03_P026_SEC_3_47_PAR001,,false,true,false
summary,1,9,9,D03,26,D03_P026_SEC_3_47_PAR006,,false,true,false
entrepreneurs,1,9,9,D03,27,D03_P027_SEC_3_49_PAR001,,false,true,false
vendor,1,9,7,D03,27,D03_P027_SEC_3_49_PAR001,,false,true,false
accessing,1,9,9,D03,28,D03_P028_SEC_3_49_PAR001,,false,true,false
disproportionately,1,9,9,D03,28,D03_P028_SEC_3_49_PAR002,,false,true,false
flagship,1,9,9,D03,29,D03_P029_SEC_3_50_PAR001,,false,true,false
remarkable,1,9,9,D03,30,D03_P030_SEC_3_50_PAR005,,false,true,false
judicial,1,9,6,D03,32,D03_P032_SEC_3_53_PAR001,,false,true,false
recovered,1,9,9,D03,32,D03_P032_SEC_3_55_PAR001,,false,true,false
worldwide,1,9,9,D03,34,D03_P034_SEC_3_64_PAR001,,false,true,false
preceding,1,9,8,D03,35,D03_P035_SEC_3_65_PAR001,,false,true,false
undergo,1,9,9,D03,37,D03_P037_SEC_3_71_PAR004,,false,true,false
validity,1,9,9,D03,37,D03_P037_SEC_3_71_PAR006,,false,true,false
investigations,1,9,6,D03,37,D03_P037_SEC_3_71_PAR007,,false,true,false
brings,1,9,9,D03,38,D03_P038_UNKNOWN_PAR003,,false,true,false
positioned,1,9,9,D03,38,D03_P038_UNKNOWN_PAR003,,false,true,false
sip,1,9,7,D03,40,D03_P040_SEC_3_73_PAR001,,false,true,false
kept,1,9,9,D03,41,D03_P041_SEC_3_73_PAR002,,false,true,false
sponsor,1,9,7,D03,43,D03_P043_SEC_3_74_PAR005,,false,true,false
algorithmic,1,9,9,D03,43,D03_P043_SEC_3_74_PAR007,,false,true,false
month,1,9,7,D03,45,D03_P045_SEC_3_79_PAR001,,false,true,false
limitations,1,9,9,D03,45,D03_P045_SEC_3_81_PAR001,,false,true,false
realising,1,9,9,D03,46,D03_P046_SEC_3_84_PAR001,,false,true,false
cad,1,9,7,D03,47,D03_P047_SEC_3_85_PAR003,,false,true,false
performed,1,9,8,D03,47,D03_P047_SEC_3_85_PAR004,,false,true,false
tends,1,9,9,D03,49,D03_P049_SEC_3_85_PAR003,,false,true,false
messages,1,9,9,D03,49,D03_P049_SEC_3_85_PAR006,,false,true,false
irdai,1,9,6,D03,53,D03_P053_SEC_3_94_PAR001,,false,true,false
81,1,9,8,D03,55,D03_P055_SEC_3_99_PAR001,,false,true,false
laid,1,9,9,D03,55,D03_P055_SEC_3_99_PAR001,,false,true,false
partner,1,9,9,D03,56,D03_P056_SEC_3_99_PAR004,,false,true,false
84,1,9,9,D03,56,D03_P056_SEC_3_99_PAR006,,false,true,false
expands,1,9,9,D03,57,D03_P057_SEC_3_99_PAR003,,false,true,false
87,1,9,8,D03,57,D03_P057_SEC_3_99_PAR003,,false,true,false
adaptive,1,9,9,D03,57,D03_P057_SEC_3_99_PAR006,,false,true,false
policyholders,1,9,6,D03,58,D03_P058_SEC_3_99_PAR004,,false,true,false
₹10 crore,1,9,8,D03,61,D03_P061_SEC_3_99_PAR002,,false,true,false
escalating,1,9,9,D03,61,D03_P061_SEC_3_99_PAR007,,false,true,false
forcing,1,9,9,D03,62,D03_P062_SEC_3_99_PAR003,,false,true,false
digitisation,1,9,8,D03,62,D03_P062_SEC_3_99_PAR004,,false,true,false
equality,1,9,8,D03,64,D03_P064_UNKNOWN_PAR001,,false,true,false
took,1,9,9,D04,21,D04_BOX001,,false,true,false
background,1,9,9,D04,2,D04_P002_SEC_4_5_PAR001,,false,true,false
restructured,1,9,7,D04,3,D04_P003_SEC_4_6_PAR001,,false,true,false
screening,1,9,7,D04,3,D04_P003_SEC_4_6_PAR001,,false,true,false
sourcing,1,9,9,D04,4,D04_P004_SEC_4_8_PAR002,,false,true,false
types,1,9,9,D04,5,D04_P005_SEC_4_9_PAR001,,false,true,false
score,1,9,7,D04,8,D04_P008_SEC_4_19_PAR001,,false,true,false
q1,1,9,9,D04,9,D04_P009_SEC_4_21_PAR001,,false,true,false
historic,1,9,9,D04,10,D04_P010_SEC_4_22_PAR001,,false,true,false
aagr,1,9,6,D04,13,D04_P013_SEC_4_36_PAR001,,false,true,false
publications,1,9,8,D04,18,D04_P018_UNKNOWN_PAR009,,false,true,false
know-how,1,9,4,D04,19,D04_P019_SEC_4_44_PAR002,,false,true,false
hard,1,9,8,D04,20,D04_P020_SEC_4_47_PAR005,,false,true,false
acquire,1,9,9,D04,20,D04_P020_SEC_4_47_PAR005,,false,true,false
disputes,1,9,9,D04,21,D04_P021_SEC_4_49_PAR001,,false,true,false
producing,1,9,8,D04,22,D04_P022_UNKNOWN_PAR003,,false,true,false
valued,1,9,9,D04,23,D04_P023_UNKNOWN_PAR003,,false,true,false
numerous,1,9,9,D04,25,D04_P025_SEC_4_53_PAR001,,false,true,false
benefiting,1,9,9,D04,27,D04_P027_SEC_4_58_PAR001,,false,true,false
remittance,1,9,7,D04,28,D04_P028_SEC_4_61_PAR002,,false,true,false
tighter,1,9,9,D04,31,D04_P031_SEC_4_68_PAR001,,false,true,false
chaired,1,9,9,D04,37,D04_P037_SEC_4_80_PAR001,,false,true,false
running,1,9,9,D04,37,D04_P037_SEC_4_80_PAR014,,false,true,false
competing,1,9,9,D04,37,D04_P037_SEC_4_80_PAR014,,false,true,false
tangible,1,9,9,D04,40,D04_P040_SEC_4_81_PAR002,,false,true,false
spot,1,9,9,D04,46,D04_P046_SEC_4_90_PAR001,,false,true,false
111,1,9,9,D04,50,D04_P050_SEC_4_97_PAR002,,false,true,false
assembly,1,9,6,D04,50,D04_P050_SEC_4_97_PAR002,,false,true,false
residents,1,9,7,D04,54,D04_P054_UNKNOWN_PAR002,,false,true,false
117,1,9,9,D04,55,D04_P055_UNKNOWN_PAR001,,false,true,false
purely,1,9,9,D04,57,D04_P057_UNKNOWN_PAR004,,false,true,false
degrees,1,9,7,D05,18,D05_P018_SEC_5_34_PAR001,,false,true,false
associations,1,9,9,D05,19,D05_P019_SEC_5_35_PAR001,,false,true,false
andaman,1,9,9,D05,17,D05_T001,,false,true,false
nicobar,1,9,9,D05,17,D05_T001,,false,true,false
nitrogen,1,9,8,D06,14,D06_BOX007,,false,true,false
dairy,1,9,9,D06,30,D06_BOX011,,false,true,false
compound,1,9,9,D06,4,D06_P004_SEC_6_7_PAR001,,false,true,false
engines,1,9,9,D06,4,D06_P004_SEC_6_7_PAR001,,false,true,false
heat,1,9,6,D06,6,D06_P006_SEC_6_12_PAR001,,false,true,false
reshaping,1,9,9,D06,10,D06_P010_SEC_6_16_PAR002,,false,true,false
field,1,9,9,D06,13,D06_P013_SEC_6_20_PAR002,,false,true,false
shgs,1,9,7,D06,13,D06_P013_SEC_6_20_PAR002,,false,true,false
equitable,1,9,8,D06,18,D06_P018_SEC_6_25_PAR001,,false,true,false
126,1,9,8,D06,19,D06_P019_SEC_6_27_PAR001,,false,true,false
females,1,9,7,D06,19,D06_P019_SEC_6_27_PAR001,,false,true,false
vessel,1,9,9,D06,21,D06_P021_SEC_6_33_PAR001,,false,true,false
connects,1,9,9,D06,31,D06_P031_SEC_6_56_PAR001,,false,true,false
123,1,9,8,D06,31,D06_P031_SEC_6_56_PAR001,,false,true,false
india.,1,9,9,D07,8,D07_P008_SEC_7_13_PAR003,,false,true,false
additions,1,9,9,D07,9,D07_P009_SEC_7_14_PAR002,,false,true,false
real-world,1,9,9,D07,16,D07_P016_SEC_7_21_PAR004,,false,true,false
ict,1,9,8,D07,17,D07_P017_SEC_7_22_PAR002,,false,true,false
k.,1,9,9,D07,17,D07_P017_UNKNOWN_PAR003,,false,true,false
high-risk,1,9,8,D07,24,D07_P024_SEC_7_39_PAR001,,false,true,false
researchers,1,9,7,D07,24,D07_P024_SEC_7_39_PAR001,,false,true,false
rdi,1,9,8,D07,24,D07_P024_SEC_7_39_PAR001,,false,true,false
operation,1,9,9,D07,27,D07_P027_SEC_7_46_PAR001,,false,true,false
localisation,1,9,9,D07,29,D07_P029_SEC_7_51_PAR001,,false,true,false
₹500 crore,1,9,7,D08,17,D08_BOX005,,false,true,false
parks,1,9,7,D08,17,D08_BOX005,,false,true,false
sets,1,9,9,D08,20,D08_BOX007,,false,true,false
translating,1,9,9,D08,22,D08_BOX009,,false,true,false
hydrogen,1,9,9,D08,24,D08_BOX011,,false,true,false
generates,1,9,9,D08,40,D08_BOX025,,false,true,false
portals,1,9,8,D08,12,D08_P012_SEC_8_26_PAR001,,false,true,false
everyone,1,9,9,D08,26,D08_P026_UNKNOWN_PAR002,,false,true,false
desired,1,9,9,D08,27,D08_P027_SEC_8_52_PAR001,,false,true,false
rigorous,1,9,9,D08,29,D08_P029_SEC_8_52_PAR006,,false,true,false
renewables,1,9,8,D08,30,D08_P030_SEC_8_55_PAR001,,false,true,false
developers,1,9,9,D08,32,D08_P032_SEC_8_57_PAR002,,false,true,false
self-reliant,1,9,9,D08,35,D08_P035_SEC_8_65_PAR001,,false,true,false
mmt,1,9,4,D09,18,D09_BOX015,,false,true,false
command,1,9,8,D09,34,D09_BOX029,,false,true,false
mohua,1,9,9,D09,34,D09_BOX029,,false,true,false
problems,1,9,9,D09,9,D09_P009_SEC_9_17_PAR003,,false,true,false
island,1,9,5,D09,20,D09_P020_UNKNOWN_PAR001,,false,true,false
load,1,9,7,D09,27,D09_P027_SEC_4_PAR001,,false,true,false
operated,1,9,9,D09,32,D09_P032_SEC_9_47_PAR001,,false,true,false
known,1,9,9,D09,32,D09_P032_SEC_9_48_PAR001,,false,true,false
parking,1,9,7,D09,35,D09_P035_SEC_9_55_PAR001,,false,true,false
give,1,9,9,D10,19,D10_BOX007,,false,true,false
framed,1,9,9,D10,1,D10_P001_SEC_10_1_PAR001,,false,true,false
reality,1,9,9,D10,1,D10_P001_SEC_10_1_PAR001,,false,true,false
ram,1,9,7,D10,9,D10_P009_SEC_10_25_PAR001,,false,true,false
actionable,1,9,9,D10,9,D10_P009_SEC_10_26_PAR001,,false,true,false
treat,1,9,9,D10,11,D10_P011_SEC_10_28_PAR002,,false,true,false
liability,1,9,7,D10,16,D10_P016_SEC_10_40_PAR003,,false,true,false
upfront,1,9,8,D10,18,D10_P018_SEC_10_44_PAR001,,false,true,false
credits,1,9,8,D10,22,D10_P022_SEC_10_57_PAR001,,false,true,false
remove,1,9,9,D10,22,D10_P022_SEC_10_58_PAR001,,false,true,false
schedule,1,9,9,D10,26,D10_P026_SEC_10_66_PAR001,,false,true,false
prepared,1,9,9,D10,34,D10_P034_SEC_10_81_PAR001,,false,true,false
3.0,1,9,7,D10,36,D10_P036_SEC_10_87_PAR001,,false,true,false
imprisonment,1,9,6,D10,38,D10_P038_SEC_10_94_PAR001,,false,true,false
diets,1,9,9,D11,30,D11_BOX013,,false,true,false
emotional,1,9,9,D11,3,D11_P003_SEC_11_8_PAR001,,false,true,false
shiksha,1,9,8,D11,3,D11_P003_SEC_11_9_PAR001,,false,true,false
capacity-building,1,9,9,D11,18,D11_P018_SEC_11_29_PAR001,,false,true,false
registrars,1,9,9,D11,18,D11_P018_SEC_11_29_PAR001,,false,true,false
coordinate,1,9,9,D11,37,D11_P037_SEC_11_53_PAR001,,false,true,false
vending,1,9,7,D11,37,D11_P037_SEC_11_54_PAR001,,false,true,false
hygiene,1,9,7,D11,40,D11_P040_SEC_11_61_PAR001,,false,true,false
anxiety,1,9,7,D11,41,D11_P041_SEC_11_63_PAR001,,false,true,false
depression,1,9,7,D11,41,D11_P041_SEC_11_63_PAR001,,false,true,false
0.7,1,9,6,D11,44,D11_P044_SEC_11_65_PAR001,,false,true,false
defaults,1,9,7,D11,47,D11_P047_SEC_11_75_PAR001,,false,true,false
vouchers,1,9,6,D12,41,D12_BOX019,,false,true,false
ncs,1,9,8,D12,11,D12_P011_SEC_12_16_PAR001,,false,true,false
candidates,1,9,9,D12,12,D12_P012_SEC_12_18_PAR001,,false,true,false
competence,1,9,9,D12,29,D12_P029_SEC_12_45_PAR003,,false,true,false
ssws,1,9,5,D13,33,D13_P033_SEC_13_88_PAR001,,false,true,false
incident,1,9,6,D14,9,D14_P009_SEC_14_20_PAR004,,false,true,false
questions,1,9,6,D14,9,D14_P009_SEC_14_20_PAR006,,false,true,false
exercised,1,9,9,D14,29,D14_P029_SEC_14_71_PAR001,,false,true,false
peripheral,1,9,9,D15,9,D15_BOX001,,false,true,false
bus,1,9,7,D15,18,D15_P018_SEC_15_31_PAR001,,false,true,false
competitions,1,9,6,D15,23,D15_P023_SEC_15_40_PAR001,,false,true,false
alleged,1,9,8,D17,8,D17_P008_SEC_16_99_PAR002,,false,true,false
jain,1,9,6,D17,9,D17_P009_SEC_16_99_PAR007,,false,true,false
grand,1,9,9,D17,26,D17_P026_UNKNOWN_PAR004,,false,true,false
➢,1,9,9,D18,4,D18_P004_A_PAR001,,false,false,false
applicants,1,9,8,D21,17,D21_P017_SEC_3_4_2_PAR003,,false,true,false
03,1,9,7,D22,2,D22_BOX001,,false,true,false
pms,1,9,8,D22,8,D22_P008_SEC_4_1_3_PAR002,,false,true,false
bombay,1,9,8,D22,38,D22_T040,,false,true,false
folios,1,9,5,D23,8,D23_P008_SEC_5_1_2_PAR003,,false,true,false
news,1,9,7,D26,8,D26_P008_SEC_8_1_5_PAR003,,false,true,false
respondent,1,9,6,D28,20,D28_P020_UNKNOWN_PAR003,,false,true,false
vaw,1,9,7,D31,12,D31_P012_SEC_13_8_PAR001,,false,true,false
dissemination,1,8,8,D01,21,D01_BOX005,,false,true,false
regularly,1,8,8,D01,21,D01_BOX005,,false,true,false
inequality,1,8,7,D01,21,D01_BOX005,,false,true,false
contributor,1,8,8,D01,1,D01_P001_UNKNOWN_PAR003,,false,true,false
fy27,1,8,7,D01,1,D01_P001_UNKNOWN_PAR006,,false,true,false
amongst,1,8,8,D01,2,D01_P002_SEC_1_1_PAR001,,false,true,false
italy,1,8,7,D01,3,D01_P003_SEC_1_2_PAR002,,false,true,false
stance,1,8,7,D01,3,D01_P003_SEC_1_3_PAR001,,false,true,false
long-,1,8,8,D01,4,D01_P004_SEC_1_3_PAR001,,false,true,false
alignments,1,8,8,D01,5,D01_P005_SEC_1_6_PAR001,,false,true,false
necessitate,1,8,8,D01,5,D01_P005_SEC_1_6_PAR001,,false,true,false
grain,1,8,6,D01,6,D01_P006_SEC_1_6_PAR001,,false,true,false
imperatives,1,8,8,D01,6,D01_P006_SEC_1_6_PAR001,,false,true,false
outbreak,1,8,8,D01,6,D01_P006_SEC_1_6_PAR007,,false,true,false
sanctions,1,8,7,D01,6,D01_P006_SEC_1_6_PAR007,,false,true,false
depending,1,8,8,D01,7,D01_P007_SEC_1_6_PAR007,,false,true,false
constrain,1,8,8,D01,7,D01_P007_SEC_1_6_PAR008,,false,true,false
rare,1,8,8,D01,7,D01_P007_SEC_1_6_PAR009,,false,true,false
rolled,1,8,8,D01,8,D01_P008_SEC_1_6_PAR001,,false,true,false
stay,1,8,8,D01,8,D01_P008_SEC_1_6_PAR003,,false,true,false
deliberately,1,8,8,D01,8,D01_P008_SEC_1_6_PAR003,,false,true,false
sovereignty,1,8,8,D01,8,D01_P008_SEC_1_6_PAR003,,false,true,false
bolstered,1,8,8,D01,10,D01_P010_SEC_1_9_PAR001,,false,true,false
implicit,1,8,8,D01,11,D01_P011_SEC_1_10_PAR001,,false,true,false
incorporating,1,8,8,D01,11,D01_P011_SEC_1_10_PAR001,,false,true,false
inception,1,8,8,D01,11,D01_P011_SEC_1_11_PAR001,,false,true,false
buoyancy,1,8,8,D01,11,D01_P011_SEC_1_11_PAR001,,false,true,false
5.9 per cent,1,8,8,D01,13,D01_P013_SEC_1_14_PAR001,,false,true,false
offsetting,1,8,8,D01,13,D01_P013_SEC_1_14_PAR001,,false,true,false
1.4 per cent,1,8,8,D01,14,D01_P014_SEC_1_15_PAR001,,false,true,false
characteristics,1,8,8,D01,14,D01_P014_SEC_1_17_PAR001,,false,true,false
sowing,1,8,7,D01,15,D01_P015_SEC_1_18_PAR001,,false,true,false
period.,1,8,8,D01,16,D01_P016_SEC_1_20_PAR001,,false,true,false
acceleration,1,8,7,D01,17,D01_P017_SEC_1_23_PAR001,,false,true,false
aircraft,1,8,6,D01,19,D01_P019_UNKNOWN_PAR001,,false,true,false
observation,1,8,7,D01,19,D01_P019_UNKNOWN_PAR003,,false,true,false
errors,1,8,8,D01,19,D01_P019_UNKNOWN_PAR004,,false,true,false
explain,1,8,8,D01,20,D01_P020_UNKNOWN_PAR001,,false,true,false
avoiding,1,8,8,D01,20,D01_P020_UNKNOWN_PAR003,,false,true,false
designs,1,8,7,D01,22,D01_P022_SEC_1_28_PAR003,,false,true,false
modular,1,8,8,D01,22,D01_P022_SEC_1_28_PAR004,,false,true,false
milestone,1,8,8,D01,22,D01_P022_SEC_1_28_PAR009,,false,true,false
estimation,1,8,6,D01,22,D01_P022_SEC_1_28_PAR014,,false,true,false
seasonal,1,8,7,D01,23,D01_P023_SEC_1_28_PAR006,,false,true,false
apis,1,8,8,D01,23,D01_P023_SEC_1_28_PAR009,,false,true,false
monitored,1,8,8,D01,24,D01_P024_SEC_1_29_PAR001,,false,true,false
restructuring,1,8,8,D01,25,D01_P025_SEC_1_30_PAR002,,false,true,false
provisional,1,8,7,D01,25,D01_P025_SEC_1_31_PAR001,,false,true,false
acknowledged,1,8,8,D01,25,D01_P025_SEC_1_32_PAR001,,false,true,false
widened,1,8,8,D01,28,D01_P028_SEC_1_37_PAR001,,false,true,false
pursuit,1,8,8,D01,28,D01_P028_SEC_1_38_PAR001,,false,true,false
averages,1,8,8,D01,29,D01_P029_SEC_1_39_PAR002,,false,true,false
landmark,1,8,8,D01,29,D01_P029_SEC_1_40_PAR001,,false,true,false
penal,1,8,6,D01,30,D01_P030_SEC_1_42_PAR001,,false,true,false
affected,1,8,8,D01,30,D01_P030_SEC_1_42_PAR001,,false,true,false
fragile,1,8,8,D01,30,D01_P030_SEC_1_43_PAR001,,false,true,false
occur,1,8,8,D01,30,D01_P030_SEC_1_45_PAR001,,false,true,false
interpretation,1,8,8,D01,31,D01_P031_SEC_1_45_PAR002,,false,true,false
y,1,8,8,D01,31,D01_P031_SEC_1_46_PAR004,,false,true,false
δ,1,8,3,D01,32,D01_P032_SEC_1_46_PAR002,,false,true,false
assumptions,1,8,7,D01,32,D01_P032_SEC_1_46_PAR004,,false,true,false
conservative,1,8,6,D01,33,D01_P033_SEC_1_PAR002,,false,true,false
onwards,1,8,7,D01,33,D01_P033_SEC_1_PAR006,,false,true,false
documented,1,8,8,D01,33,D01_P033_SEC_3_PAR001,,false,true,false
economy-wide,1,8,8,D01,33,D01_P033_SEC_3_PAR002,,false,true,false
1990,1,8,8,D01,34,D01_P034_SEC_3_PAR004,,false,true,false
5.5,1,8,8,D01,2,D01_T001,,false,true,false
7.2,1,8,6,D01,9,D01_T002,,false,true,false
7.5,1,8,7,D01,9,D01_T002,,false,true,false
6.4,1,8,7,D01,9,D01_T002,,false,true,false
7.7,1,8,8,D01,10,D01_T003,,false,true,false
13.8,1,8,7,D01,10,D01_T003,,false,true,false
10.0,1,8,2,D01,10,D01_T003,,false,true,false
came,1,8,7,D02,8,D02_BOX003,,false,true,false
reliant,1,8,8,D02,15,D02_BOX005,,false,true,false
rationalised,1,8,8,D02,15,D02_BOX005,,false,true,false
rationalising,1,8,7,D02,15,D02_BOX005,,false,true,false
tied,1,8,8,D02,26,D02_BOX013,,false,true,false
begins,1,8,8,D02,2,D02_P002_SEC_2_2_PAR001,,false,true,false
±,1,8,7,D02,2,D02_P002_UNKNOWN_PAR002,,false,false,false
articulated,1,8,8,D02,3,D02_P003_SEC_2_3_PAR001,,false,true,false
3.3 per cent,1,8,8,D02,4,D02_P004_SEC_2_7_PAR001,,false,true,false
payable,1,8,7,D02,6,D02_P006_SEC_2_10_PAR001,,false,true,false
enacted,1,8,8,D02,6,D02_P006_SEC_2_10_PAR001,,false,true,false
auto,1,8,8,D02,9,D02_P009_UNKNOWN_PAR005,,false,true,false
machines,1,8,6,D02,9,D02_P009_UNKNOWN_PAR007,,false,true,false
leather,1,8,6,D02,9,D02_P009_UNKNOWN_PAR009,,false,true,false
articles,1,8,8,D02,9,D02_P009_UNKNOWN_PAR010,,false,true,false
toys,1,8,4,D02,10,D02_P010_UNKNOWN_PAR008,,false,true,false
nil,1,8,6,D02,11,D02_P011_UNKNOWN_PAR001,,false,true,false
permitting,1,8,8,D02,11,D02_P011_UNKNOWN_PAR001,,false,true,false
cpses,1,8,5,D02,12,D02_P012_SEC_2_20_PAR001,,false,true,false
minority,1,8,4,D02,12,D02_P012_SEC_2_20_PAR001,,false,true,false
stipulated,1,8,8,D02,13,D02_P013_SEC_2_23_PAR001,,false,true,false
grains,1,8,5,D02,14,D02_P014_SEC_2_25_PAR001,,false,true,false
dbt,1,8,8,D02,15,D02_P015_SEC_2_26_PAR001,,false,true,false
treasury,1,8,8,D02,16,D02_P016_SEC_2_28_PAR001,,false,true,false
incurred,1,8,7,D02,17,D02_P017_UNKNOWN_PAR001,,false,true,false
diversion,1,8,7,D02,17,D02_P017_UNKNOWN_PAR003,,false,true,false
93,1,8,8,D02,17,D02_P017_UNKNOWN_PAR004,,false,true,false
algorithms,1,8,6,D02,17,D02_P017_UNKNOWN_PAR006,,false,true,false
optimal,1,8,8,D02,17,D02_P017_UNKNOWN_PAR006,,false,true,false
distance,1,8,5,D02,17,D02_P017_UNKNOWN_PAR007,,false,true,false
2.9 per cent,1,8,8,D02,18,D02_P018_SEC_2_29_PAR001,,false,true,false
paris,1,8,7,D02,18,D02_P018_UNKNOWN_PAR001,,false,true,false
telecommunications,1,8,8,D02,19,D02_P019_SEC_2_30_PAR001,,false,true,false
amounted,1,8,8,D02,19,D02_P019_SEC_2_31_PAR001,,false,true,false
doubling,1,8,8,D02,21,D02_P021_SEC_2_33_PAR001,,false,true,false
2.8 per cent,1,8,7,D02,23,D02_P023_SEC_2_37_PAR001,,false,true,false
whereby,1,8,8,D02,23,D02_P023_UNKNOWN_PAR001,,false,true,false
jharkhand,1,8,8,D02,24,D02_P024_SEC_2_39_PAR002,,false,true,false
singh,1,8,8,D02,28,D02_P028_UNKNOWN_PAR005,,false,true,false
casual,1,8,8,D02,28,D02_P028_UNKNOWN_PAR005,,false,true,false
crowd,1,8,8,D02,29,D02_P029_UNKNOWN_PAR003,,false,true,false
low-,1,8,8,D02,29,D02_P029_UNKNOWN_PAR004,,false,true,false
mexico,1,8,8,D02,29,D02_P029_UNKNOWN_PAR005,,false,true,false
attendance,1,8,7,D02,30,D02_P030_UNKNOWN_PAR001,,false,true,false
absent,1,8,8,D02,30,D02_P030_UNKNOWN_PAR002,,false,true,false
freedom,1,8,7,D02,34,D02_P034_UNKNOWN_PAR001,,false,true,false
reward,1,8,8,D02,36,D02_P036_SEC_2_50_PAR001,,false,true,false
emphasised,1,8,8,D02,36,D02_P036_SEC_2_50_PAR001,,false,true,false
vice,1,8,8,D02,38,D02_P038_SEC_2_53_PAR001,,false,true,false
warranted,1,8,8,D02,38,D02_P038_SEC_2_53_PAR001,,false,true,false
regardless,1,8,8,D02,39,D02_P039_UNKNOWN_PAR002,,false,true,false
taxation,1,8,8,D02,40,D02_P040_UNKNOWN_PAR001,,false,true,false
prioritised,1,8,7,D02,41,D02_P041_SEC_2_55_PAR001,,false,true,false
u,1,8,8,D02,41,D02_P041_SEC_2_56_PAR002,,false,true,false
pmmy,1,8,6,D03,27,D03_BOX009,,false,true,false
1995,1,8,8,D03,46,D03_BOX019,,false,true,false
proportionality,1,8,8,D03,64,D03_BOX023,,false,true,false
citizen,1,8,8,D03,64,D03_BOX023,,false,true,false
horizons,1,8,8,D03,64,D03_BOX023,,false,true,false
globalisation,1,8,8,D03,2,D03_P002_SEC_3_2_PAR001,,false,true,false
safe-haven,1,8,8,D03,3,D03_P003_SEC_3_5_PAR001,,false,true,false
premiums,1,8,8,D03,3,D03_P003_SEC_3_5_PAR001,,false,true,false
sharper,1,8,8,D03,4,D03_P004_SEC_3_6_PAR001,,false,true,false
inflated,1,8,6,D03,4,D03_P004_SEC_3_7_PAR001,,false,true,false
spillovers,1,8,8,D03,4,D03_P004_SEC_3_7_PAR001,,false,true,false
mid-sized,1,8,6,D03,5,D03_P005_SEC_3_8_PAR004,,false,true,false
rich,1,8,8,D03,6,D03_P006_SEC_3_8_PAR002,,false,true,false
dimension,1,8,8,D03,6,D03_P006_SEC_3_8_PAR002,,false,true,false
categorisation,1,8,7,D03,7,D03_P007_SEC_3_8_PAR002,,false,true,false
electrical,1,8,8,D03,7,D03_P007_SEC_3_8_PAR008,,false,true,false
ago,1,8,8,D03,9,D03_P009_SEC_3_12_PAR001,,false,true,false
reviving,1,8,7,D03,9,D03_P009_UNKNOWN_PAR002,,false,true,false
gnpa,1,8,5,D03,13,D03_P013_SEC_3_20_PAR001,gnpa,false,true,false
march 2024,1,8,7,D03,14,D03_P014_SEC_3_23_PAR001,,false,true,false
collateral,1,8,8,D03,16,D03_P016_SEC_3_27_PAR001,,false,true,false
stakeholder,1,8,8,D03,20,D03_P020_SEC_3_40_PAR001,,false,true,false
2027,1,8,8,D03,21,D03_P021_SEC_3_41_PAR002,,false,true,false
difference,1,8,8,D03,21,D03_P021_SEC_3_41_PAR003,,false,true,false
relying,1,8,8,D03,22,D03_P022_SEC_3_41_PAR001,,false,true,false
emerges,1,8,8,D03,22,D03_P022_SEC_3_41_PAR002,,false,true,false
prompt,1,8,6,D03,24,D03_P024_SEC_3_45_PAR001,,false,true,false
geographic,1,8,8,D03,25,D03_P025_SEC_3_47_PAR005,,false,true,false
underwriting,1,8,8,D03,26,D03_P026_SEC_3_47_PAR003,,false,true,false
opened,1,8,8,D03,27,D03_P027_SEC_3_49_PAR001,,false,true,false
excluded,1,8,8,D03,28,D03_P028_SEC_3_49_PAR002,,false,true,false
value-added,1,8,8,D03,28,D03_P028_SEC_3_49_PAR002,,false,true,false
behaviours,1,8,8,D03,29,D03_P029_SEC_3_49_PAR005,,false,true,false
rural-urban,1,8,8,D03,30,D03_P030_SEC_3_50_PAR003,,false,true,false
realised,1,8,8,D03,32,D03_P032_SEC_3_55_PAR001,,false,true,false
amounts,1,8,8,D03,32,D03_P032_SEC_3_56_PAR001,,false,true,false
listings,1,8,7,D03,36,D03_P036_SEC_3_69_PAR001,,false,true,false
sell,1,8,8,D03,36,D03_P036_SEC_3_69_PAR001,,false,true,false
interim,1,8,4,D03,37,D03_P037_SEC_3_71_PAR006,,false,true,false
begin,1,8,8,D03,37,D03_P037_SEC_3_71_PAR007,,false,true,false
formally,1,8,8,D03,38,D03_P038_UNKNOWN_PAR003,,false,true,false
designing,1,8,8,D03,38,D03_P038_UNKNOWN_PAR005,,false,true,false
aware,1,8,6,D03,39,D03_P039_SEC_3_72_PAR002,,false,true,false
count,1,8,8,D03,39,D03_P039_SEC_3_73_PAR001,,false,true,false
april 2020,1,8,8,D03,39,D03_P039_SEC_3_73_PAR002,,false,true,false
blended,1,8,8,D03,42,D03_P042_SEC_3_73_PAR001,,false,true,false
truly,1,8,8,D03,42,D03_P042_SEC_3_73_PAR001,,false,true,false
protocols,1,8,8,D03,42,D03_P042_SEC_3_74_PAR002,,false,true,false
disabilities,1,8,5,D03,42,D03_P042_SEC_3_74_PAR002,,false,true,false
discuss,1,8,8,D03,43,D03_P043_SEC_3_74_PAR003,,false,true,false
hedging,1,8,8,D03,43,D03_P043_SEC_3_74_PAR007,,false,true,false
restricted,1,8,8,D03,45,D03_P045_SEC_3_81_PAR001,,false,true,false
entrenched,1,8,7,D03,48,D03_P048_SEC_3_85_PAR004,,false,true,false
ifsca,1,8,6,D03,53,D03_P053_SEC_3_94_PAR001,,false,true,false
offshore,1,8,7,D03,53,D03_P053_SEC_3_95_PAR001,,false,true,false
-59,1,8,6,D03,55,D03_P055_SEC_3_99_PAR001,,false,true,false
retirement,1,8,7,D03,55,D03_P055_SEC_3_99_PAR001,,false,true,false
apy,1,8,6,D03,55,D03_P055_SEC_3_99_PAR002,,false,true,false
replacement,1,8,8,D03,57,D03_P057_SEC_3_99_PAR003,,false,true,false
disgorgement,1,8,8,D03,61,D03_P061_SEC_3_99_PAR002,,false,true,false
rigid,1,8,8,D03,62,D03_P062_SEC_3_99_PAR001,,false,true,false
lever,1,8,8,D03,62,D03_P062_SEC_3_99_PAR002,,false,true,false
examining,1,8,8,D03,63,D03_P063_UNKNOWN_PAR002,,false,true,false
vast,1,8,8,D03,63,D03_P063_UNKNOWN_PAR003,,false,true,false
severe,1,8,8,D03,63,D03_P063_UNKNOWN_PAR004,,false,true,false
campuses,1,8,6,D03,54,D03_T002,,false,true,false
multi-year,1,8,8,D04,34,D04_BOX003,,false,true,false
host,1,8,7,D04,35,D04_BOX005,,false,true,false
non-petroleum,1,8,7,D04,1,D04_P001_UNKNOWN_PAR003,,false,true,false
brics,1,8,7,D04,3,D04_P003_SEC_4_7_PAR001,,false,true,false
//doi.org/,1,8,8,D04,3,D04_P003_SEC_4_8_PAR002,,false,true,false
proximity,1,8,8,D04,4,D04_P004_SEC_4_8_PAR002,,false,true,false
regression,1,8,5,D04,5,D04_P005_SEC_4_9_PAR001,,false,true,false
gems,1,8,3,D04,10,D04_P010_SEC_4_22_PAR001,,false,true,false
chemical,1,8,6,D04,11,D04_P011_SEC_4_28_PAR001,,false,true,false
harnessing,1,8,8,D04,13,D04_P013_SEC_4_33_PAR001,,false,true,false
drones,1,8,7,D04,14,D04_P014_SEC_4_38_PAR001,,false,true,false
hong,1,8,7,D04,17,D04_P017_UNKNOWN_PAR002,,false,true,false
kong,1,8,7,D04,17,D04_P017_UNKNOWN_PAR002,,false,true,false
template,1,8,8,D04,22,D04_P022_SEC_4_50_PAR001,,false,true,false
signed,1,8,8,D04,22,D04_P022_UNKNOWN_PAR003,,false,true,false
startup,1,8,7,D04,27,D04_P027_SEC_4_58_PAR001,,false,true,false
rest,1,8,8,D04,28,D04_P028_SEC_4_60_PAR001,,false,true,false
complement,1,8,8,D04,34,D04_P034_SEC_4_78_PAR001,,false,true,false
prime,1,8,8,D04,36,D04_P036_SEC_4_80_PAR008,,false,true,false
suppliers,1,8,8,D04,38,D04_P038_SEC_4_80_PAR001,,false,true,false
103,1,8,7,D04,42,D04_P042_SEC_4_81_PAR001,,false,true,false
106,1,8,8,D04,45,D04_P045_SEC_4_87_PAR001,,false,true,false
parameter,1,8,7,D04,48,D04_P048_SEC_4_93_PAR003,,false,true,false
affects,1,8,8,D04,49,D04_P049_SEC_4_93_PAR001,,false,true,false
translation,1,8,8,D04,53,D04_P053_SEC_4_99_PAR004,,false,true,false
118,1,8,7,D04,55,D04_P055_UNKNOWN_PAR003,,false,true,false
119,1,8,8,D04,56,D04_P056_UNKNOWN_PAR001,,false,true,false
trade-off,1,8,7,D05,4,D05_P004_SEC_5_5_PAR001,,false,true,false
thereafter,1,8,7,D05,12,D05_P012_SEC_5_22_PAR001,,false,true,false
chandigarh,1,8,8,D05,17,D05_T001,,false,true,false
augment,1,8,8,D06,13,D06_BOX005,,false,true,false
rashtriya,1,8,8,D06,1,D06_P001_UNKNOWN_PAR002,,false,true,false
fruits,1,8,7,D06,5,D06_P005_SEC_6_9_PAR002,,false,true,false
agronomic,1,8,8,D06,10,D06_P010_SEC_6_16_PAR003,,false,true,false
stories,1,8,8,D06,12,D06_P012_SEC_6_17_PAR001,,false,true,false
conservation,1,8,8,D06,13,D06_P013_SEC_6_21_PAR001,,false,true,false
wastewater,1,8,7,D06,13,D06_P013_SEC_6_21_PAR001,,false,true,false
urgent,1,8,8,D06,14,D06_P014_SEC_6_21_PAR001,,false,true,false
accelerates,1,8,8,D06,15,D06_P015_SEC_6_22_PAR004,,false,true,false
restoring,1,8,8,D06,16,D06_P016_SEC_6_22_PAR003,,false,true,false
130,1,8,8,D06,21,D06_P021_SEC_6_33_PAR001,,false,true,false
recover,1,8,8,D06,25,D06_P025_SEC_6_39_PAR001,,false,true,false
hands-on,1,8,8,D06,27,D06_P027_SEC_6_47_PAR001,,false,true,false
cutting-edge,1,8,8,D06,29,D06_P029_SEC_6_53_PAR001,,false,true,false
121,1,8,7,D06,31,D06_P031_SEC_6_54_PAR003,,false,true,false
millions,1,8,8,D06,31,D06_P031_SEC_6_56_PAR001,,false,true,false
sub-sectors,1,8,7,D07,7,D07_BOX001,,false,true,false
judgment,1,8,8,D07,15,D07_BOX007,,false,true,false
versus,1,8,8,D07,8,D07_P008_SEC_7_13_PAR004,,false,true,false
127,1,8,7,D07,14,D07_P014_SEC_7_18_PAR005,,false,true,false
personnel,1,8,8,D07,14,D07_P014_SEC_7_18_PAR008,,false,true,false
tourist,1,8,4,D07,18,D07_P018_SEC_7_24_PAR001,,false,true,false
prioritising,1,8,8,D07,20,D07_P020_SEC_7_28_PAR001,,false,true,false
blue,1,8,7,D07,21,D07_P021_SEC_7_31_PAR001,,false,true,false
shipping,1,8,5,D07,21,D07_P021_SEC_7_31_PAR001,,false,true,false
centric,1,8,8,D07,24,D07_P024_SEC_7_39_PAR001,,false,true,false
rankings,1,8,7,D07,24,D07_P024_SEC_7_39_PAR001,,false,true,false
hosted,1,8,8,D07,25,D07_P025_SEC_7_40_PAR002,,false,true,false
academia,1,8,8,D07,25,D07_P025_SEC_7_40_PAR002,,false,true,false
turnaround,1,8,8,D07,25,D07_P025_SEC_7_42_PAR001,,false,true,false
occurs,1,8,8,D08,40,D08_BOX025,,false,true,false
backward,1,8,7,D08,40,D08_BOX025,,false,true,false
early-stage,1,8,8,D08,40,D08_BOX025,,false,true,false
deficiency,1,8,8,D08,43,D08_BOX029,,false,true,false
8.3,1,8,6,D08,2,D08_P002_SEC_8_3_PAR001,,false,true,false
textile,1,8,6,D08,17,D08_P017_SEC_8_35_PAR001,,false,true,false
scarce,1,8,8,D08,29,D08_P029_SEC_8_52_PAR004,,false,true,false
he,1,8,5,D08,29,D08_P029_SEC_8_52_PAR005,,true,true,false
provider,1,8,7,D08,44,D08_P044_SEC_8_72_PAR004,,false,true,false
warrants,1,8,8,D08,44,D08_P044_SEC_8_73_PAR001,,false,true,false
12.5,1,8,8,D08,8,D08_T002,,false,true,false
habitations,1,8,6,D09,11,D09_BOX007,,false,true,false
connecting,1,8,8,D09,15,D09_BOX011,,false,true,false
emergency,1,8,8,D09,17,D09_BOX013,,false,true,false
nw,1,8,3,D09,18,D09_BOX015,,false,true,false
kochi,1,8,5,D09,19,D09_BOX017,,false,true,false
carries,1,8,8,D09,24,D09_BOX023,,false,true,false
cabinet,1,8,7,D09,36,D09_BOX031,,false,true,false
seminars,1,8,8,D09,7,D09_P007_SEC_9_17_PAR015,,false,true,false
sometimes,1,8,8,D09,9,D09_P009_SEC_9_17_PAR003,,false,true,false
wrong,1,8,8,D09,9,D09_P009_SEC_9_17_PAR003,,false,true,false
adopts,1,8,8,D09,12,D09_P012_SEC_9_22_PAR001,,false,true,false
train,1,8,8,D09,14,D09_P014_SEC_9_24_PAR004,,false,true,false
commissions,1,8,7,D09,24,D09_P024_SEC_9_40_PAR004,,false,true,false
portable,1,8,8,D09,25,D09_P025_SEC_1_PAR003,,false,true,false
maintains,1,8,8,D09,27,D09_P027_SEC_9_41_PAR001,,false,true,false
non-fossil,1,8,8,D09,28,D09_P028_SEC_9_42_PAR001,,false,true,false
drinking,1,8,8,D09,32,D09_P032_SEC_9_49_PAR001,,false,true,false
homes,1,8,7,D09,33,D09_P033_SEC_9_50_PAR002,,false,true,false
sewage,1,8,7,D09,34,D09_P034_SEC_9_52_PAR001,,false,true,false
05,1,8,8,D10,18,D10_BOX005,,false,true,false
greenium,1,8,1,D10,30,D10_BOX013,,false,true,false
lifestyle,1,8,8,D10,1,D10_P001_UNKNOWN_PAR002,,false,true,false
argument,1,8,7,D10,4,D10_P004_SEC_10_9_PAR001,,false,true,false
advancement,1,8,8,D10,16,D10_P016_SEC_10_40_PAR003,,false,true,false
rejected,1,8,8,D10,20,D10_P020_SEC_10_46_PAR003,,false,true,false
enforced,1,8,8,D10,20,D10_P020_SEC_10_49_PAR001,,false,true,false
discontinued,1,8,8,D10,24,D10_P024_SEC_10_58_PAR001,,false,true,false
project-based,1,8,8,D10,27,D10_P027_SEC_10_69_PAR001,,false,true,false
mismatch,1,8,7,D10,32,D10_P032_SEC_10_76_PAR003,,false,true,false
adolescents,1,8,8,D11,14,D11_BOX007,,false,true,false
girls,1,8,8,D11,35,D11_BOX015,,false,true,false
curriculum,1,8,8,D11,35,D11_BOX015,,false,true,false
intake,1,8,6,D11,35,D11_BOX015,,false,true,false
viii,1,8,8,D11,4,D11_P004_SEC_11_10_PAR001,,false,true,false
spend,1,8,8,D11,5,D11_P005_SEC_11_11_PAR001,,false,true,false
independently,1,8,8,D11,11,D11_P011_SEC_11_17_PAR003,,false,true,false
educated,1,8,8,D11,12,D11_P012_SEC_11_18_PAR002,,false,true,false
weekly,1,8,8,D11,12,D11_P012_SEC_11_18_PAR002,,false,true,false
apprenticeships,1,8,8,D11,15,D11_P015_SEC_11_21_PAR002,,false,true,false
colleges,1,8,8,D11,16,D11_P016_SEC_11_22_PAR001,,false,true,false
spus,1,8,3,D11,17,D11_P017_SEC_11_27_PAR001,,false,true,false
experiential,1,8,8,D11,19,D11_P019_SEC_11_30_PAR002,,false,true,false
northern,1,8,8,D11,20,D11_P020_SEC_11_31_PAR001,,false,true,false
hfss,1,8,5,D11,31,D11_P031_SEC_11_47_PAR004,,false,true,false
asha,1,8,5,D11,39,D11_P039_SEC_11_57_PAR002,,false,true,false
offline,1,8,7,D11,41,D11_P041_SEC_11_63_PAR001,,false,true,false
142,1,8,8,D11,42,D11_P042_SEC_11_65_PAR001,,false,true,false
sci,1,8,4,D11,42,D11_P042_SEC_11_65_PAR002,,false,true,false
helpline,1,8,6,D11,46,D11_P046_SEC_11_69_PAR001,,false,true,false
conducts,1,8,8,D11,46,D11_P046_SEC_11_69_PAR001,,false,true,false
visitors,1,8,8,D11,26,D11_T005,,false,true,false
caregiving,1,8,6,D12,8,D12_BOX003,,false,true,false
migrant,1,8,7,D12,17,D12_BOX005,,false,true,false
voucher,1,8,5,D12,41,D12_BOX019,,false,true,false
sidh,1,8,5,D12,12,D12_P012_SEC_12_18_PAR001,,false,true,false
trainee,1,8,6,D12,39,D12_P039_SEC_12_55_PAR004,,false,true,false
sse,1,8,5,D13,6,D13_P006_SEC_13_17_PAR001,,false,true,false
namo,1,8,7,D13,12,D13_P012_SEC_13_30_PAR001,,false,true,false
think,1,8,8,D13,19,D13_P019_SEC_13_53_PAR001,,false,true,false
grams,1,8,3,D13,22,D13_P022_SEC_13_61_PAR001,,false,true,false
rehabilitation,1,8,8,D13,30,D13_P030_SEC_13_79_PAR001,,false,true,false
assistant,1,8,6,D14,26,D14_BOX009,,false,true,false
read,1,8,7,D14,24,D14_P024_SEC_14_52_PAR002,,false,true,false
built-up,1,8,7,D15,5,D15_P005_SEC_15_10_PAR001,,false,true,false
fsi,1,8,4,D15,14,D15_P014_SEC_15_22_PAR001,,false,true,false
rrts,1,8,6,D15,17,D15_P017_SEC_15_30_PAR001,,false,true,false
charge,1,8,7,D15,20,D15_P020_UNKNOWN_PAR001,,false,true,false
awas,1,8,4,D15,27,D15_P027_SEC_15_50_PAR001,,false,true,false
valid,1,8,8,D15,28,D15_P028_SEC_15_53_PAR001,,false,true,false
subsidiary,1,8,7,D17,16,D17_BOX009,,false,true,false
✓,1,8,8,D18,4,D18_P004_A_PAR003,,false,false,false
advice,1,8,7,D18,6,D18_P006_UNKNOWN_PAR003,,false,true,false
7.2%,1,8,6,D19,1,D19_P001_UNKNOWN_PAR002,,false,true,false
4.4%,1,8,6,D19,1,D19_P001_UNKNOWN_PAR004,,false,true,false
barrel,1,8,4,D20,1,D20_P001_UNKNOWN_PAR003,,false,true,false
contd,1,8,8,D21,11,D21_BOX007,,false,true,false
recognized,1,8,5,D21,13,D21_BOX009,,false,true,false
320,1,8,7,D21,4,D21_P004_SEC_3_1_2_PAR002,,false,true,false
banker,1,8,7,D21,16,D21_P016_SEC_3_4_1_PAR003,,false,true,false
inter-alia,1,8,7,D22,13,D22_P013_SEC_4_3_1_PAR013,,false,true,false
icomdex,1,8,2,D22,18,D22_P018_SEC_4_4_3_PAR002,,false,true,false
w.r.t,1,8,8,D22,24,D22_P024_SEC_4_5_1_PAR001,,false,true,false
02,1,8,8,D22,32,D22_P032_SEC_4_7_5_PAR003,,false,true,false
07,1,8,7,D22,33,D22_P033_SEC_4_7_5_PAR006,,false,true,false
charter,1,8,4,D22,34,D22_P034_SEC_4_7_5_PAR007,,false,true,false
ia,1,8,5,D22,35,D22_P035_SEC_4_7_5_PAR002,,false,true,false
name,1,8,8,D22,23,D22_T023,,false,true,false
co-investment,1,8,3,D23,10,D23_BOX003,,false,true,false
pavilion,1,8,5,D26,8,D26_P008_SEC_8_1_5_PAR022,,false,true,false
scn,1,8,7,D27,7,D27_BOX007,,false,true,false
eoffice,1,8,2,D27,10,D27_P010_UNKNOWN_PAR011,,false,true,false
esm,1,8,2,D28,1,D28_P001_UNKNOWN_PAR006,,false,true,false
ors,1,8,8,D28,19,D28_P019_UNKNOWN_PAR011,,false,true,false
r/w,1,8,8,D28,33,D28_P033_UNKNOWN_PAR003,,false,true,false
horizon,1,7,7,D01,18,D01_BOX003,,false,true,false
forecasting,1,7,7,D01,18,D01_BOX003,,false,true,false
rests,1,7,7,D01,21,D01_BOX005,,false,true,false
april 2026,1,7,6,D01,21,D01_BOX005,,false,true,false
q,1,7,2,D01,21,D01_BOX005,,false,true,false
7.4 per cent,1,7,7,D01,1,D01_P001_UNKNOWN_PAR003,,false,true,false
notwithstanding,1,7,7,D01,1,D01_P001_UNKNOWN_PAR003,,false,true,false
in-house,1,7,7,D01,1,D01_P001_UNKNOWN_PAR004,,false,true,false
well-positioned,1,7,7,D01,1,D01_P001_UNKNOWN_PAR006,,false,true,false
imposition,1,7,7,D01,2,D01_P002_SEC_1_1_PAR001,,false,true,false
proven,1,7,7,D01,2,D01_P002_SEC_1_1_PAR001,,false,true,false
chinese,1,7,6,D01,3,D01_P003_SEC_1_2_PAR002,,false,true,false
tightening,1,7,7,D01,3,D01_P003_SEC_1_3_PAR001,,false,true,false
trajectories,1,7,7,D01,3,D01_P003_SEC_1_3_PAR001,,false,true,false
may 2025,1,7,7,D01,4,D01_P004_SEC_1_3_PAR001,,false,true,false
narrowing,1,7,7,D01,6,D01_P006_SEC_1_6_PAR004,,false,true,false
imbalances,1,7,6,D01,6,D01_P006_SEC_1_6_PAR005,,false,true,false
intensified,1,7,6,D01,7,D01_P007_SEC_1_6_PAR003,,false,true,false
players,1,7,7,D01,7,D01_P007_SEC_1_6_PAR006,,false,true,false
chip,1,7,4,D01,7,D01_P007_SEC_1_6_PAR008,,false,true,false
financed,1,7,7,D01,8,D01_P008_SEC_1_6_PAR002,,false,true,false
utilises,1,7,7,D01,8,D01_P008_SEC_1_6_PAR002,,false,true,false
disproportionate,1,7,7,D01,8,D01_P008_SEC_1_6_PAR003,,false,true,false
arises,1,7,7,D01,8,D01_P008_SEC_1_6_PAR003,,false,true,false
easily,1,7,7,D01,8,D01_P008_SEC_1_6_PAR003,,false,true,false
safeguarding,1,7,7,D01,8,D01_P008_SEC_1_6_PAR003,,false,true,false
fastest-growing,1,7,7,D01,9,D01_P009_SEC_1_8_PAR002,,false,true,false
round,1,7,7,D01,11,D01_P011_SEC_1_11_PAR001,,false,true,false
gfcf,1,7,5,D01,12,D01_P012_SEC_1_12_PAR001,,false,true,false
monsoon,1,7,7,D01,14,D01_P014_SEC_1_16_PAR001,,false,true,false
16 january 2026,1,7,5,D01,15,D01_P015_SEC_1_18_PAR001,,false,true,false
deflators,1,7,6,D01,15,D01_P015_SEC_1_19_PAR001,,false,true,false
reversal,1,7,7,D01,15,D01_P015_SEC_1_19_PAR001,,false,true,false
6.1 per cent,1,7,7,D01,16,D01_P016_SEC_1_20_PAR001,,false,true,false
partly,1,7,7,D01,16,D01_P016_SEC_1_20_PAR001,,false,true,false
caused,1,7,7,D01,16,D01_P016_SEC_1_20_PAR001,,false,true,false
buoyant,1,7,7,D01,16,D01_P016_SEC_1_22_PAR001,,false,true,false
services-led,1,7,7,D01,17,D01_P017_SEC_1_23_PAR001,,false,true,false
q3 fy26,1,7,7,D01,18,D01_P018_SEC_1_26_PAR001,,false,true,false
obtain,1,7,7,D01,19,D01_P019_SEC_1_27_PAR002,,false,true,false
figure,1,7,7,D01,19,D01_P019_SEC_1_27_PAR002,,false,true,false
correlation,1,7,7,D01,19,D01_P019_UNKNOWN_PAR001,,false,true,false
obtained,1,7,5,D01,21,D01_P021_UNKNOWN_PAR002,,false,true,false
white,1,7,6,D01,21,D01_P021_UNKNOWN_PAR002,,false,true,false
expert,1,7,7,D01,22,D01_P022_SEC_1_28_PAR001,,false,true,false
concepts,1,7,7,D01,22,D01_P022_SEC_1_28_PAR001,,false,true,false
sourced,1,7,7,D01,23,D01_P023_SEC_1_28_PAR009,,false,true,false
dashboards,1,7,7,D01,23,D01_P023_SEC_1_28_PAR009,,false,true,false
interoperability,1,7,7,D01,23,D01_P023_SEC_1_28_PAR012,,false,true,false
mark,1,7,7,D01,23,D01_P023_SEC_1_28_PAR013,,false,true,false
april-december,1,7,7,D01,24,D01_P024_SEC_1_29_PAR001,,false,true,false
pulse,1,7,4,D01,24,D01_P024_SEC_1_29_PAR001,,false,true,false
53 per cent,1,7,7,D01,24,D01_P024_SEC_1_30_PAR001,,false,true,false
outlays,1,7,7,D01,25,D01_P025_SEC_1_30_PAR002,,false,true,false
2.6 per cent,1,7,7,D01,25,D01_P025_SEC_1_31_PAR001,,false,true,false
envisaged,1,7,7,D01,25,D01_P025_SEC_1_31_PAR001,,false,true,false
4.4 per cent,1,7,7,D01,25,D01_P025_SEC_1_31_PAR001,,false,true,false
cuts,1,7,7,D01,26,D01_P026_SEC_1_33_PAR001,,false,true,false
transmitted,1,7,6,D01,26,D01_P026_SEC_1_33_PAR001,,false,true,false
2.2 per cent,1,7,7,D01,26,D01_P026_SEC_1_33_PAR001,,false,true,false
repatriation,1,7,6,D01,27,D01_P027_SEC_1_36_PAR001,,false,true,false
4.2 per cent,1,7,7,D01,28,D01_P028_SEC_1_36_PAR001,,false,true,false
zealand,1,7,7,D01,28,D01_P028_SEC_1_38_PAR001,,false,true,false
attractiveness,1,7,7,D01,28,D01_P028_SEC_1_38_PAR001,,false,true,false
boom,1,7,6,D01,30,D01_P030_SEC_1_43_PAR001,,false,true,false
fails,1,7,7,D01,30,D01_P030_SEC_1_43_PAR001,,false,true,false
trigger,1,7,7,D01,30,D01_P030_SEC_1_43_PAR001,,false,true,false
rollout,1,7,6,D01,31,D01_P031_SEC_1_46_PAR002,,false,true,false
ln,1,7,3,D01,32,D01_P032_SEC_1_46_PAR002,,false,true,false
signs,1,7,7,D01,32,D01_P032_SEC_1_PAR003,,false,true,false
aadhaar,1,7,7,D01,33,D01_P033_SEC_3_PAR002,,false,true,false
assumes,1,7,7,D01,34,D01_P034_SEC_3_PAR002,,false,true,false
headed,1,7,7,D01,35,D01_P035_SEC_3_PAR004,,false,true,false
percent,1,7,4,D01,2,D01_T001,,false,true,false
emde,1,7,3,D01,2,D01_T001,,false,true,false
6.2,1,7,6,D01,9,D01_T002,,false,true,false
7.4,1,7,6,D01,9,D01_T002,,false,true,false
9.1,1,7,7,D01,9,D01_T002,,false,true,false
6.9,1,7,7,D01,9,D01_T002,,false,true,false
9.9,1,7,5,D01,9,D01_T002,,false,true,false
7.3,1,7,6,D01,9,D01_T002,,false,true,false
7.1,1,7,7,D01,9,D01_T002,,false,true,false
7.8,1,7,6,D01,9,D01_T002,,false,true,false
12.7,1,7,6,D01,10,D01_T003,,false,true,false
12.6,1,7,7,D01,10,D01_T003,,false,true,false
14.3,1,7,7,D01,10,D01_T003,,false,true,false
q1 fy26,1,7,7,D01,13,D01_T005,,false,true,false
11.1,1,7,6,D01,17,D01_T006,,false,true,false
9.5,1,7,7,D01,17,D01_T006,,false,true,false
influencing,1,7,7,D02,5,D02_BOX001,,false,true,false
stimulate,1,7,7,D02,15,D02_BOX005,,false,true,false
isolation,1,7,7,D02,22,D02_BOX011,,false,true,false
uptake,1,7,6,D02,26,D02_BOX013,,false,true,false
things,1,7,6,D02,34,D02_BOX017,,false,true,false
anchoring,1,7,7,D02,1,D02_P001_UNKNOWN_PAR001,,false,true,false
leakages,1,7,6,D02,1,D02_P001_UNKNOWN_PAR004,,false,true,false
easy,1,7,7,D02,2,D02_P002_SEC_2_2_PAR001,,false,true,false
streams,1,7,7,D02,2,D02_P002_SEC_2_2_PAR001,,false,true,false
positively,1,7,7,D02,5,D02_P005_SEC_2_8_PAR002,,false,true,false
nudges,1,7,5,D02,5,D02_P005_SEC_2_8_PAR002,,false,true,false
accuracy,1,7,7,D02,6,D02_P006_SEC_2_8_PAR001,,false,true,false
adding,1,7,7,D02,6,D02_P006_SEC_2_8_PAR001,,false,true,false
promoters,1,7,6,D02,6,D02_P006_SEC_2_8_PAR001,,false,true,false
2.9,1,7,6,D02,6,D02_P006_SEC_2_9_PAR001,,false,true,false
temperature,1,7,7,D02,9,D02_P009_UNKNOWN_PAR011,,false,true,false
supplies,1,7,7,D02,10,D02_P010_UNKNOWN_PAR003,,false,true,false
yoga,1,7,7,D02,10,D02_P010_UNKNOWN_PAR005,,false,true,false
inverted,1,7,6,D02,10,D02_P010_UNKNOWN_PAR009,,false,true,false
checks,1,7,6,D02,11,D02_P011_SEC_2_17_PAR001,,false,true,false
totalled,1,7,7,D02,13,D02_P013_SEC_2_21_PAR001,,false,true,false
stake,1,7,5,D02,13,D02_P013_SEC_2_22_PAR001,,false,true,false
salaries,1,7,7,D02,14,D02_P014_SEC_2_25_PAR001,,false,true,false
exceeds,1,7,5,D02,15,D02_P015_SEC_2_26_PAR002,,false,true,false
supplying,1,7,7,D02,16,D02_P016_SEC_2_26_PAR001,,false,true,false
buyback,1,7,5,D02,16,D02_P016_SEC_2_27_PAR001,,false,true,false
averaging,1,7,7,D02,17,D02_P017_UNKNOWN_PAR003,,false,true,false
define,1,7,7,D02,17,D02_P017_UNKNOWN_PAR006,,false,true,false
3.9 per cent,1,7,7,D02,18,D02_P018_SEC_2_29_PAR001,,false,true,false
ceiling,1,7,5,D02,22,D02_P022_SEC_2_35_PAR001,,false,true,false
0.5 per cent,1,7,7,D02,22,D02_P022_SEC_2_35_PAR001,,false,true,false
deposit,1,7,7,D02,23,D02_P023_UNKNOWN_PAR001,deposit,false,true,false
wb,1,7,5,D02,24,D02_P024_SEC_2_39_PAR002,,false,true,false
adversely,1,7,7,D02,29,D02_P029_UNKNOWN_PAR002,,false,true,false
occurred,1,7,7,D02,29,D02_P029_UNKNOWN_PAR002,,false,true,false
middle-income,1,7,7,D02,29,D02_P029_UNKNOWN_PAR004,,false,true,false
exits,1,7,7,D02,29,D02_P029_UNKNOWN_PAR004,,false,true,false
open-ended,1,7,7,D02,29,D02_P029_UNKNOWN_PAR005,,false,true,false
visited,1,7,7,D02,30,D02_P030_UNKNOWN_PAR001,,false,true,false
ensured,1,7,7,D02,30,D02_P030_UNKNOWN_PAR001,,false,true,false
non,1,7,6,D02,31,D02_P031_UNKNOWN_PAR001,,false,true,false
carefully,1,7,7,D02,34,D02_P034_SEC_2_45_PAR001,,false,true,false
concrete,1,7,7,D02,34,D02_P034_UNKNOWN_PAR002,,false,true,false
maturing,1,7,7,D02,35,D02_P035_SEC_2_46_PAR001,,false,true,false
standardisation,1,7,7,D02,37,D02_P037_UNKNOWN_PAR001,,false,true,false
concept,1,7,7,D02,39,D02_P039_UNKNOWN_PAR002,,false,true,false
1970,1,7,5,D02,41,D02_P041_SEC_2_56_PAR002,,false,true,false
outcome-oriented,1,7,7,D02,42,D02_P042_SEC_2_56_PAR001,,false,true,false
allowances,1,7,7,D02,14,D02_T004,,false,true,false
graduation,1,7,7,D03,27,D03_BOX009,,false,true,false
interoperable,1,7,7,D03,29,D03_BOX011,,false,true,false
switzerland,1,7,7,D03,46,D03_BOX019,,false,true,false
124,1,7,6,D03,46,D03_BOX019,,false,true,false
bima,1,7,6,D03,60,D03_BOX021,,false,true,false
enabler,1,7,7,D03,64,D03_BOX023,,false,true,false
catalyst,1,7,7,D03,64,D03_BOX023,,false,true,false
simpler,1,7,7,D03,64,D03_BOX023,,false,true,false
equipped,1,7,7,D03,64,D03_BOX023,,false,true,false
moderating,1,7,7,D03,1,D03_P001_UNKNOWN_PAR002,,false,true,false
announcement,1,7,7,D03,3,D03_P003_SEC_3_5_PAR001,,false,true,false
seek,1,7,7,D03,3,D03_P003_SEC_3_5_PAR001,,false,true,false
year.,1,7,7,D03,4,D03_P004_SEC_3_7_PAR001,,false,true,false
literature,1,7,7,D03,5,D03_P005_SEC_3_8_PAR002,,false,true,false
delay,1,7,7,D03,5,D03_P005_SEC_3_8_PAR002,,false,true,false
63 per cent,1,7,7,D03,5,D03_P005_SEC_3_8_PAR004,,false,true,false
r.,1,7,7,D03,5,D03_P005_SEC_3_8_PAR005,,false,true,false
treats,1,7,7,D03,6,D03_P006_SEC_3_8_PAR006,,false,true,false
nfa,1,7,3,D03,6,D03_P006_SEC_3_8_PAR008,,false,true,false
mfis,1,7,7,D03,12,D03_P012_SEC_3_19_PAR001,,false,true,false
npas,1,7,6,D03,13,D03_P013_SEC_3_20_PAR001,,false,true,false
fulfil,1,7,7,D03,18,D03_P018_SEC_3_31_PAR001,,false,true,false
computer,1,7,6,D03,18,D03_P018_SEC_3_34_PAR001,,false,true,false
consultative,1,7,7,D03,19,D03_P019_SEC_3_37_PAR001,,false,true,false
utilising,1,7,7,D03,20,D03_P020_SEC_3_38_PAR001,,false,true,false
transformative,1,7,7,D03,20,D03_P020_SEC_3_39_PAR001,,false,true,false
deemed,1,7,7,D03,20,D03_P020_SEC_3_39_PAR001,,false,true,false
cross-country,1,7,7,D03,20,D03_P020_SEC_3_41_PAR001,,false,true,false
machine,1,7,7,D03,21,D03_P021_SEC_3_41_PAR005,,false,true,false
39 per cent,1,7,7,D03,23,D03_P023_SEC_3_43_PAR001,,false,true,false
16 per cent,1,7,7,D03,23,D03_P023_SEC_3_43_PAR001,,false,true,false
repeated,1,7,7,D03,25,D03_P025_SEC_3_47_PAR003,,false,true,false
original,1,7,7,D03,25,D03_P025_SEC_3_47_PAR003,,false,true,false
dominate,1,7,7,D03,25,D03_P025_SEC_3_47_PAR004,,false,true,false
male,1,7,6,D03,27,D03_P027_SEC_3_48_PAR001,,false,true,false
₹10 lakh,1,7,5,D03,27,D03_P027_SEC_3_49_PAR001,,false,true,false
atmanirbhar,1,7,7,D03,27,D03_P027_SEC_3_49_PAR001,,false,true,false
accessed,1,7,7,D03,28,D03_P028_SEC_3_49_PAR003,,false,true,false
multidimensional,1,7,6,D03,28,D03_P028_SEC_3_49_PAR004,,false,true,false
distinctive,1,7,7,D03,30,D03_P030_SEC_3_50_PAR001,,false,true,false
layered,1,7,7,D03,30,D03_P030_SEC_3_50_PAR001,,false,true,false
publicly,1,7,7,D03,30,D03_P030_SEC_3_50_PAR002,,false,true,false
respondents,1,7,7,D03,30,D03_P030_SEC_3_50_PAR003,,false,true,false
general-purpose,1,7,7,D03,30,D03_P030_SEC_3_50_PAR003,,false,true,false
store,1,7,6,D03,30,D03_P030_SEC_3_50_PAR003,,false,true,false
duration,1,7,6,D03,33,D03_P033_SEC_3_59_PAR001,,false,true,false
disposal,1,7,7,D03,34,D03_P034_SEC_3_60_PAR001,,false,true,false
49 per cent,1,7,7,D03,34,D03_P034_SEC_3_61_PAR001,,false,true,false
combine,1,7,7,D03,34,D03_P034_SEC_3_63_PAR001,,false,true,false
issuing,1,7,7,D03,36,D03_P036_SEC_3_69_PAR001,,false,true,false
sophistication,1,7,6,D03,36,D03_P036_SEC_3_71_PAR001,,false,true,false
quasi-judicial,1,7,6,D03,37,D03_P037_SEC_3_71_PAR003,,false,true,false
surrender,1,7,7,D03,37,D03_P037_SEC_3_71_PAR007,,false,true,false
protections,1,7,7,D03,37,D03_P037_UNKNOWN_PAR003,,false,true,false
permits,1,7,7,D03,38,D03_P038_UNKNOWN_PAR003,,false,true,false
restore,1,7,7,D03,38,D03_P038_UNKNOWN_PAR005,,false,true,false
8 per cent,1,7,7,D03,39,D03_P039_SEC_3_73_PAR002,,false,true,false
april-november,1,7,4,D03,40,D03_P040_SEC_3_73_PAR001,,false,true,false
mirrored,1,7,6,D03,41,D03_P041_SEC_3_73_PAR003,,false,true,false
partial,1,7,7,D03,42,D03_P042_SEC_3_73_PAR001,,false,true,false
sebi-registered,1,7,7,D03,42,D03_P042_SEC_3_74_PAR002,,false,true,false
mopr,1,7,7,D03,42,D03_P042_SEC_3_74_PAR002,,false,true,false
obtaining,1,7,6,D03,43,D03_P043_SEC_3_74_PAR005,,false,true,false
aadhaar-based,1,7,7,D03,43,D03_P043_SEC_3_74_PAR005,,false,true,false
operationalisation,1,7,6,D03,43,D03_P043_SEC_3_74_PAR007,,false,true,false
curb,1,7,7,D03,43,D03_P043_SEC_3_74_PAR009,,false,true,false
uniformity,1,7,7,D03,43,D03_P043_SEC_3_74_PAR009,,false,true,false
indispensable,1,7,7,D03,44,D03_P044_SEC_3_75_PAR001,,false,true,false
skewed,1,7,7,D03,44,D03_P044_SEC_3_78_PAR001,,false,true,false
profiles,1,7,7,D03,45,D03_P045_SEC_3_80_PAR001,,false,true,false
introduces,1,7,7,D03,47,D03_P047_SEC_3_85_PAR003,,false,true,false
self-help,1,7,7,D03,56,D03_P056_SEC_3_99_PAR005,,false,true,false
guaranteed,1,7,7,D03,56,D03_P056_SEC_3_99_PAR005,,false,true,false
coherence,1,7,6,D03,57,D03_P057_SEC_3_99_PAR004,,false,true,false
drives,1,7,7,D03,57,D03_P057_SEC_3_99_PAR005,,false,true,false
non-life,1,7,6,D03,58,D03_P058_SEC_3_99_PAR005,,false,true,false
standalone,1,7,6,D03,59,D03_P059_SEC_3_99_PAR004,,false,true,false
imply,1,7,7,D03,60,D03_P060_SEC_3_99_PAR003,,false,true,false
indians,1,7,7,D03,61,D03_P061_SEC_3_99_PAR005,,false,true,false
pan-india,1,7,7,D03,61,D03_P061_SEC_3_99_PAR005,,false,true,false
poses,1,7,7,D03,62,D03_P062_SEC_3_99_PAR003,,false,true,false
meanwhile,1,7,6,D03,63,D03_P063_UNKNOWN_PAR003,,false,true,false
encompass,1,7,7,D03,63,D03_P063_UNKNOWN_PAR003,,false,true,false
coexist,1,7,6,D03,63,D03_P063_UNKNOWN_PAR005,,false,true,false
arbitrage,1,7,7,D03,64,D03_P064_UNKNOWN_PAR001,,false,true,false
labels,1,7,5,D03,64,D03_P064_UNKNOWN_PAR001,,false,true,false
vessels,1,7,7,D03,54,D03_T002,,false,true,false
sri,1,7,6,D03,54,D03_T002,,false,true,false
press,1,7,5,D03,54,D03_T002,,false,true,false
cautious,1,7,7,D04,2,D04_P002_SEC_4_1_PAR001,,false,true,false
phenomenon,1,7,7,D04,3,D04_P003_SEC_4_7_PAR001,,false,true,false
dialogue,1,7,7,D04,3,D04_P003_SEC_4_7_PAR001,,false,true,false
evaluated,1,7,7,D04,3,D04_P003_SEC_4_7_PAR001,,false,true,false
defines,1,7,6,D04,4,D04_P004_SEC_4_8_PAR001,,false,true,false
4.9,1,7,7,D04,4,D04_P004_SEC_4_9_PAR001,,false,true,false
-2025,1,7,7,D04,4,D04_P004_SEC_4_9_PAR004,,false,true,false
adaptability,1,7,7,D04,8,D04_P008_SEC_4_17_PAR001,,false,true,false
knowledge-intensive,1,7,6,D04,8,D04_P008_SEC_4_17_PAR001,,false,true,false
disparity,1,7,7,D04,12,D04_P012_SEC_4_30_PAR002,,false,true,false
nigeria,1,7,6,D04,17,D04_P017_SEC_4_40_PAR003,,false,true,false
145,1,7,7,D04,19,D04_P019_SEC_4_44_PAR001,,false,true,false
precision,1,7,6,D04,20,D04_P020_SEC_4_44_PAR001,,false,true,false
//,1,7,7,D04,20,D04_P020_SEC_4_47_PAR002,,false,false,false
z,1,7,5,D04,20,D04_P020_SEC_4_47_PAR003,,false,true,false
duplication,1,7,7,D04,21,D04_P021_SEC_4_48_PAR001,,false,true,false
catalyse,1,7,7,D04,22,D04_P022_SEC_4_50_PAR001,,false,true,false
fields,1,7,7,D04,22,D04_P022_UNKNOWN_PAR003,,false,true,false
permit,1,7,7,D04,22,D04_P022_UNKNOWN_PAR003,,false,true,false
facing,1,7,7,D04,23,D04_P023_UNKNOWN_PAR001,,false,true,false
files,1,7,5,D04,23,D04_P023_UNKNOWN_PAR002,,false,true,false
moves,1,7,7,D04,23,D04_P023_UNKNOWN_PAR004,,false,true,false
recipient,1,7,7,D04,29,D04_P029_SEC_4_64_PAR001,,false,true,false
odi,1,7,5,D04,35,D04_P035_SEC_4_79_PAR001,,false,true,false
reputation,1,7,7,D04,35,D04_P035_SEC_4_79_PAR001,,false,true,false
well-,1,7,7,D04,36,D04_P036_SEC_4_80_PAR002,,false,true,false
tech,1,7,7,D04,36,D04_P036_SEC_4_80_PAR002,,false,true,false
pass,1,7,7,D04,36,D04_P036_SEC_4_80_PAR003,,false,true,false
visa,1,7,6,D04,36,D04_P036_SEC_4_80_PAR003,,false,true,false
empowers,1,7,7,D04,36,D04_P036_SEC_4_80_PAR003,,false,true,false
sum,1,7,7,D04,42,D04_P042_UNKNOWN_PAR001,,false,true,false
108,1,7,7,D04,46,D04_P046_SEC_4_91_PAR001,,false,true,false
elasticity,1,7,6,D04,48,D04_P048_SEC_4_93_PAR002,,false,true,false
deflator,1,7,5,D04,48,D04_P048_SEC_4_93_PAR002,,false,true,false
weakens,1,7,7,D04,48,D04_P048_SEC_4_93_PAR004,,false,true,false
selective,1,7,7,D04,51,D04_P051_SEC_4_97_PAR002,,false,true,false
contributors,1,7,7,D04,51,D04_P051_SEC_4_97_PAR006,,false,true,false
116,1,7,7,D04,54,D04_P054_UNKNOWN_PAR001,,false,true,false
constitutes,1,7,6,D04,56,D04_P056_UNKNOWN_PAR001,,false,true,false
160,1,7,6,D04,16,D04_T001,,false,true,false
vegetables,1,7,6,D05,1,D05_P001_UNKNOWN_PAR003,,false,true,false
5.1,1,7,7,D05,2,D05_P002_SEC_5_1_PAR001,,false,true,false
iron,1,7,6,D05,3,D05_P003_SEC_5_5_PAR001,,false,true,false
fewer,1,7,7,D05,15,D05_P015_SEC_5_29_PAR001,,false,true,false
all-india,1,7,7,D05,18,D05_P018_SEC_5_33_PAR001,,false,true,false
vertical,1,7,7,D05,18,D05_P018_SEC_5_33_PAR001,,false,true,false
undermine,1,7,7,D06,14,D06_BOX007,,false,true,false
254,1,7,6,D06,30,D06_BOX011,,false,true,false
msp,1,7,5,D06,2,D06_P002_SEC_6_3_PAR001,,false,true,false
aquaculture,1,7,7,D06,3,D06_P003_SEC_6_6_PAR001,,false,true,false
hectare,1,7,4,D06,6,D06_P006_SEC_6_12_PAR001,,false,true,false
rejuvenation,1,7,7,D06,7,D06_P007_SEC_6_12_PAR002,,false,true,false
kendras,1,7,7,D06,8,D06_P008_SEC_6_12_PAR002,,false,true,false
self-sufficiency,1,7,6,D06,9,D06_P009_SEC_6_15_PAR001,,false,true,false
witnessing,1,7,7,D06,11,D06_P011_SEC_6_16_PAR002,,false,true,false
owners,1,7,7,D06,16,D06_P016_UNKNOWN_PAR002,,false,true,false
modified,1,7,7,D06,17,D06_P017_SEC_6_24_PAR001,,false,true,false
subvention,1,7,7,D06,17,D06_P017_SEC_6_24_PAR001,,false,true,false
duplicate,1,7,5,D06,17,D06_P017_SEC_6_24_PAR001,,false,true,false
linkage,1,7,6,D06,18,D06_P018_SEC_6_25_PAR001,,false,true,false
animal,1,7,5,D06,19,D06_P019_SEC_6_27_PAR001,,false,true,false
inland,1,7,7,D06,21,D06_P021_SEC_6_34_PAR001,,false,true,false
carrying,1,7,7,D06,23,D06_P023_SEC_6_38_PAR004,,false,true,false
tested,1,7,7,D06,24,D06_P024_SEC_6_38_PAR004,,false,true,false
fit,1,7,6,D06,24,D06_P024_SEC_6_38_PAR006,,false,true,false
transitional,1,7,7,D06,24,D06_P024_SEC_6_38_PAR009,,false,true,false
nodes,1,7,7,D06,27,D06_P027_SEC_6_44_PAR002,,false,true,false
nd,1,7,4,D06,27,D06_P027_SEC_6_47_PAR001,,false,true,false
branding,1,7,7,D06,28,D06_P028_SEC_6_50_PAR001,,false,true,false
marginalised,1,7,7,D06,29,D06_P029_SEC_6_53_PAR001,,false,true,false
tests,1,7,7,D07,12,D07_BOX003,,false,true,false
niche,1,7,7,D07,1,D07_P001_UNKNOWN_PAR003,,false,true,false
ocean,1,7,6,D07,1,D07_P001_UNKNOWN_PAR003,,false,true,false
outpacing,1,7,7,D07,2,D07_P002_SEC_7_4_PAR001,,false,true,false
contractual,1,7,7,D07,14,D07_P014_SEC_7_18_PAR007,,false,true,false
ecological,1,7,6,D07,21,D07_P021_SEC_7_30_PAR002,,false,true,false
heritage,1,7,6,D07,21,D07_P021_SEC_7_30_PAR002,,false,true,false
navigation,1,7,7,D07,21,D07_P021_SEC_7_30_PAR002,,false,true,false
startups,1,7,4,D07,23,D07_P023_SEC_7_36_PAR001,,false,true,false
generative,1,7,7,D07,23,D07_P023_SEC_7_36_PAR001,,false,true,false
detection,1,7,7,D07,23,D07_P023_SEC_7_37_PAR001,,false,true,false
buildings,1,7,6,D07,24,D07_P024_SEC_7_40_PAR001,,false,true,false
handled,1,7,6,D07,25,D07_P025_SEC_7_42_PAR001,,false,true,false
138,1,7,7,D07,27,D07_P027_SEC_7_45_PAR002,,false,true,false
ideas,1,7,7,D07,30,D07_P030_SEC_7_52_PAR001,,false,true,false
gwh,1,7,3,D08,13,D08_BOX001,,false,true,false
ev,1,7,7,D08,13,D08_BOX001,,false,true,false
started,1,7,7,D08,17,D08_BOX005,,false,true,false
device,1,7,6,D08,17,D08_BOX005,,false,true,false
2035,1,7,7,D08,20,D08_BOX007,,false,true,false
csir,1,7,4,D08,22,D08_BOX009,,false,true,false
aerospace,1,7,6,D08,22,D08_BOX009,,false,true,false
dashboard,1,7,5,D08,22,D08_BOX009,,false,true,false
strictly,1,7,7,D08,42,D08_BOX027,,false,true,false
mega,1,7,6,D08,8,D08_P008_SEC_8_17_PAR001,,false,true,false
technologically,1,7,7,D08,11,D08_P011_SEC_8_25_PAR001,,false,true,false
₹50 crore,1,7,6,D08,18,D08_P018_SEC_8_37_PAR001,,false,true,false
buy,1,7,7,D08,29,D08_P029_SEC_8_52_PAR005,,false,true,false
willingness,1,7,7,D08,29,D08_P029_SEC_8_52_PAR006,,false,true,false
surrounding,1,7,7,D08,30,D08_P030_SEC_8_53_PAR001,,false,true,false
executed,1,7,6,D08,30,D08_P030_SEC_8_54_PAR001,,false,true,false
impacting,1,7,7,D08,36,D08_P036_SEC_8_66_PAR002,,false,true,false
dues,1,7,5,D08,36,D08_P036_SEC_8_66_PAR002,,false,true,false
odr,1,7,6,D08,36,D08_P036_SEC_8_66_PAR003,,false,true,false
-9,1,7,6,D08,43,D08_P043_SEC_8_72_PAR002,,false,true,false
diagnosis,1,7,7,D08,43,D08_P043_SEC_8_72_PAR003,,false,true,false
coherent,1,7,7,D08,44,D08_P044_SEC_8_72_PAR002,,false,true,false
secretary,1,7,6,D09,6,D09_BOX003,,false,true,false
memory,1,7,7,D09,8,D09_BOX005,,false,true,false
intelligent,1,7,7,D09,11,D09_BOX007,,false,true,false
inter-,1,7,5,D09,18,D09_BOX015,,false,true,false
isro,1,7,6,D09,36,D09_BOX031,,false,true,false
paired,1,7,7,D09,2,D09_P002_SEC_9_5_PAR001,,false,true,false
bharatnet,1,7,6,D09,3,D09_P003_SEC_9_7_PAR001,,false,true,false
decided,1,7,7,D09,5,D09_P005_SEC_9_15_PAR001,,false,true,false
bankable,1,7,5,D09,7,D09_P007_SEC_9_17_PAR008,,false,true,false
socially,1,7,6,D09,8,D09_P008_SEC_9_17_PAR002,,false,true,false
requisite,1,7,6,D09,9,D09_P009_SEC_9_19_PAR001,,false,true,false
nyaya,1,7,5,D09,12,D09_P012_UNKNOWN_PAR001,,false,true,false
throughput,1,7,7,D09,14,D09_P014_SEC_9_24_PAR004,,false,true,false
164,1,7,7,D09,14,D09_P014_SEC_9_28_PAR001,,false,true,false
replication,1,7,7,D09,20,D09_P020_UNKNOWN_PAR004,,false,true,false
consume,1,7,6,D09,23,D09_P023_SEC_9_40_PAR001,,false,true,false
inefficiency,1,7,7,D09,23,D09_P023_SEC_9_40_PAR002,,false,true,false
workflow,1,7,7,D09,26,D09_P026_SEC_1_PAR003,,false,true,false
136,1,7,6,D09,31,D09_P031_UNKNOWN_PAR006,,false,true,false
icdr,1,7,6,D09,31,D09_P031_UNKNOWN_PAR007,,false,true,false
minor,1,7,7,D09,35,D09_P035_SEC_9_53_PAR002,,false,true,false
amrut,1,7,5,D09,36,D09_P036_SEC_9_58_PAR001,,false,true,false
hazardous,1,7,7,D09,36,D09_P036_SEC_9_58_PAR001,,false,true,false
tackle,1,7,6,D10,25,D10_BOX011,,false,true,false
struggle,1,7,7,D10,35,D10_BOX017,,false,true,false
community-based,1,7,7,D10,1,D10_P001_UNKNOWN_PAR003,,false,true,false
felt,1,7,7,D10,2,D10_P002_SEC_10_2_PAR001,,false,true,false
low-carbon,1,7,7,D10,2,D10_P002_SEC_10_4_PAR001,,false,true,false
grids,1,7,4,D10,3,D10_P003_SEC_10_6_PAR001,,false,true,false
swachh,1,7,7,D10,8,D10_P008_SEC_10_23_PAR001,,false,true,false
liveability,1,7,7,D10,8,D10_P008_SEC_10_23_PAR001,,false,true,false
rozgar,1,7,7,D10,9,D10_P009_SEC_10_25_PAR001,,false,true,false
x.,1,7,7,D10,14,D10_P014_SEC_10_38_PAR001,,false,true,false
auction,1,7,5,D10,21,D10_P021_SEC_10_53_PAR001,,false,true,false
emission,1,7,4,D10,22,D10_P022_SEC_10_57_PAR001,,false,true,false
ambitions,1,7,6,D10,25,D10_P025_SEC_10_63_PAR001,,false,true,false
initiate,1,7,6,D10,34,D10_P034_SEC_10_82_PAR001,,false,true,false
subordinate,1,7,7,D10,34,D10_P034_SEC_10_83_PAR001,,false,true,false
stewardship,1,7,7,D10,41,D10_P041_SEC_10_99_PAR004,,false,true,false
parakh,1,7,7,D11,12,D11_BOX005,,false,true,false
aser,1,7,6,D11,12,D11_BOX005,,false,true,false
collaborations,1,7,5,D11,19,D11_BOX009,,false,true,false
ayushman,1,7,4,D11,1,D11_P001_SEC_11_1_PAR001,,false,true,false
classroom,1,7,7,D11,2,D11_P002_SEC_11_4_PAR001,,false,true,false
-18,1,7,5,D11,2,D11_P002_SEC_11_6_PAR001,,false,true,false
ix,1,7,6,D11,4,D11_P004_SEC_11_10_PAR001,,false,true,false
hostels,1,7,5,D11,5,D11_P005_SEC_11_10_PAR008,,false,true,false
younger,1,7,7,D11,12,D11_P012_SEC_11_18_PAR003,,false,true,false
pop,1,7,3,D11,19,D11_P019_SEC_11_30_PAR002,,false,true,false
campus,1,7,7,D11,23,D11_P023_SEC_11_34_PAR004,,false,true,false
diabetes,1,7,7,D11,28,D11_P028_SEC_11_40_PAR001,,false,true,false
advertisement,1,7,7,D11,31,D11_P031_SEC_11_47_PAR007,,false,true,false
proper,1,7,6,D11,39,D11_P039_SEC_11_57_PAR002,,false,true,false
compulsive,1,7,7,D11,40,D11_P040_SEC_11_61_PAR001,,false,true,false
sleep,1,7,5,D11,41,D11_P041_SEC_11_63_PAR001,,false,true,false
connection,1,7,7,D11,42,D11_P042_SEC_11_65_PAR002,,false,true,false
download,1,7,6,D11,42,D11_P042_SEC_11_65_PAR012,,false,true,false
bounded,1,7,6,D11,44,D11_P044_SEC_11_65_PAR001,,false,true,false
screen,1,7,5,D11,46,D11_P046_SEC_11_68_PAR001,,false,true,false
tus,1,7,5,D12,5,D12_BOX001,,false,true,false
mindset,1,7,6,D12,29,D12_BOX011,,false,true,false
police,1,7,5,D12,9,D12_P009_SEC_12_12_PAR003,,false,true,false
hyderabad,1,7,7,D12,9,D12_P009_SEC_12_12_PAR003,,false,true,false
newly,1,7,6,D12,10,D12_P010_SEC_12_12_PAR002,,false,true,false
e-shram,1,7,6,D12,11,D12_P011_SEC_12_14_PAR001,,false,true,false
finding,1,7,6,D12,27,D12_P027_SEC_12_39_PAR003,,false,true,false
dignity,1,7,7,D12,30,D12_P030_SEC_12_45_PAR006,,false,true,false
occupations,1,7,7,D12,37,D12_P037_SEC_12_54_PAR001,,false,true,false
idea,1,7,7,D12,38,D12_P038_SEC_12_55_PAR003,,false,true,false
vb,1,7,6,D13,9,D13_BOX001,,false,true,false
xiii.,1,7,7,D13,4,D13_P004_SEC_13_10_PAR001,,false,true,false
irregularities,1,7,6,D13,11,D13_P011_SEC_13_26_PAR006,,false,true,false
pride,1,7,7,D13,17,D13_P017_SEC_13_46_PAR001,,false,true,false
osr,1,7,3,D13,27,D13_P027_SEC_13_74_PAR001,,false,true,false
messaging,1,7,6,D13,28,D13_P028_SEC_13_77_PAR003,,false,true,false
"20,000",1,7,4,D13,31,D13_P031_SEC_13_80_PAR010,,false,true,false
ulbs,1,7,6,D13,34,D13_P034_SEC_13_89_PAR001,,false,true,false
ex,1,7,5,D14,26,D14_BOX009,,false,true,false
message,1,7,7,D14,1,D14_P001_UNKNOWN_PAR005,,false,true,false
look,1,7,6,D14,9,D14_P009_SEC_14_20_PAR002,,false,true,false
agglomerations,1,7,6,D15,2,D15_P002_SEC_15_1_PAR001,,false,true,false
urbanising,1,7,6,D15,9,D15_P009_UNKNOWN_PAR002,,false,true,false
compact,1,7,7,D15,14,D15_P014_SEC_15_23_PAR001,,false,true,false
tod,1,7,6,D15,14,D15_P014_SEC_15_23_PAR001,,false,true,false
neighbourhood,1,7,7,D15,23,D15_P023_SEC_15_41_PAR001,,false,true,false
unregistered,1,7,7,D15,26,D15_P026_SEC_15_47_PAR001,,false,true,false
bureaucracy,1,7,6,D16,17,D16_BOX001,,false,true,false
static,1,7,6,D16,17,D16_BOX001,,false,true,false
expense,1,7,6,D16,3,D16_P003_SEC_16_2_PAR001,,false,true,false
gratification,1,7,6,D17,27,D17_P027_UNKNOWN_PAR002,,false,true,false
relaxations,1,7,6,D19,1,D19_P001_UNKNOWN_PAR014,,false,true,false
37%,1,7,2,D19,8,D19_P008_UNKNOWN_PAR012,,false,true,false
dr.,1,7,7,D19,9,D19_P009_UNKNOWN_PAR003,,false,true,false
weightage,1,7,5,D19,9,D19_P009_UNKNOWN_PAR005,,false,true,false
8.7,1,7,5,D20,8,D20_T002,,false,true,false
promoter,1,7,5,D21,2,D21_BOX001,,false,true,false
erps,1,7,5,D21,13,D21_BOX009,,false,true,false
₹25 crore,1,7,7,D21,6,D21_P006_SEC_3_1_2_PAR011,,false,true,false
passing,1,7,6,D21,15,D21_T014,,false,true,false
cas,1,7,3,D22,2,D22_BOX001,,false,true,false
arcl,1,7,5,D22,11,D22_P011_SEC_4_2_2_PAR005,,false,true,false
cms,1,7,5,D22,17,D22_P017_SEC_4_4_PAR001,,false,true,false
broker,1,7,7,D22,28,D22_P028_SEC_4_6_3_PAR002,,false,true,false
rta,1,7,6,D22,34,D22_P034_SEC_4_7_5_PAR005,,false,true,false
thereunder,1,7,7,D22,36,D22_P036_SEC_4_8_2_PAR002,,false,true,false
analyst,1,7,7,D22,31,D22_T037,,false,true,false
sips,1,7,5,D23,2,D23_BOX001,,false,true,false
pro-,1,7,2,D23,11,D23_BOX005,,false,true,false
ais,1,7,6,D23,10,D23_P010_SEC_5_1_2_PAR003,,false,true,false
539,1,7,6,D23,7,D23_T007,,false,true,false
fvcis,1,7,3,D24,1,D24_P001_SEC_6_1_PAR003,,false,true,false
odis,1,7,2,D24,7,D24_T004,,false,true,false
cras,1,7,6,D25,1,D25_P001_UNKNOWN_PAR001,,false,true,false
unauthorized,1,7,6,D26,11,D26_BOX003,,false,true,false
co-ordination,1,7,7,D26,1,D26_P001_SEC_8_1_1_PAR004,,false,true,false
topics,1,7,7,D26,1,D26_P001_SEC_8_1_PAR011,,false,true,false
handles,1,7,6,D26,5,D26_P005_SEC_8_1_3_PAR003,,false,true,false
conferences,1,7,6,D26,9,D26_P009_SEC_8_1_6_PAR008,,false,true,false
sap,1,7,3,D27,10,D27_P010_UNKNOWN_PAR009,,false,true,false
gff,1,7,4,D27,11,D27_P011_SEC_9_4_1_PAR006,,false,true,false
confirmatory,1,7,5,D28,9,D28_P009_SEC_10_1_4_PAR005,,false,true,false
cvc,1,7,6,D31,11,D31_P011_SEC_13_8_PAR001,,false,true,false
vid,1,7,2,D31,18,D31_P018_SEC_13_12_PAR001,,false,true,false
controlling,1,6,6,D01,5,D01_BOX001,,false,true,false
stop,1,6,5,D01,5,D01_BOX001,,false,true,false
division,1,6,6,D01,18,D01_BOX003,,false,true,false
asuse,1,6,5,D01,21,D01_BOX005,,false,true,false
indebtedness,1,6,5,D01,21,D01_BOX005,,false,true,false
aid,1,6,6,D01,21,D01_BOX005,,false,true,false
reassessment,1,6,6,D01,31,D01_BOX007,,false,true,false
strike,1,6,6,D01,1,D01_P001_UNKNOWN_PAR005,,false,true,false
manageable,1,6,6,D01,1,D01_P001_UNKNOWN_PAR005,,false,true,false
reciprocal,1,6,6,D01,2,D01_P002_SEC_1_1_PAR001,,false,true,false
january 2026,1,6,6,D01,2,D01_P002_SEC_1_1_PAR001,,false,true,false
aggregated,1,6,6,D01,2,D01_P002_SEC_1_2_PAR001,,false,true,false
stemming,1,6,6,D01,3,D01_P003_SEC_1_2_PAR002,,false,true,false
japanese,1,6,5,D01,3,D01_P003_SEC_1_2_PAR002,,false,true,false
search,1,6,5,D01,3,D01_P003_SEC_1_3_PAR001,,false,true,false
stimulus,1,6,6,D01,4,D01_P004_SEC_1_3_PAR001,,false,true,false
2007,1,6,6,D01,4,D01_P004_SEC_1_3_PAR001,,false,true,false
exceeded,1,6,6,D01,4,D01_P004_SEC_1_3_PAR001,,false,true,false
located,1,6,6,D01,5,D01_P005_SEC_1_5_PAR002,,false,true,false
alike,1,6,6,D01,6,D01_P006_SEC_1_6_PAR002,,false,true,false
borders,1,6,6,D01,6,D01_P006_SEC_1_6_PAR004,,false,true,false
constraining,1,6,6,D01,6,D01_P006_SEC_1_6_PAR004,,false,true,false
old,1,6,6,D01,6,D01_P006_SEC_1_6_PAR005,,false,true,false
controlled,1,6,6,D01,6,D01_P006_SEC_1_6_PAR007,,false,true,false
onset,1,6,6,D01,6,D01_P006_SEC_1_6_PAR007,,false,true,false
episode,1,6,5,D01,6,D01_P006_SEC_1_6_PAR007,,false,true,false
cited,1,6,6,D01,6,D01_P006_SEC_1_6_PAR007,,false,true,false
aftermath,1,6,6,D01,7,D01_P007_SEC_1_6_PAR005,,false,true,false
chances,1,6,5,D01,7,D01_P007_SEC_1_6_PAR005,,false,true,false
border,1,6,6,D01,8,D01_P008_SEC_1_6_PAR001,,false,true,false
inherently,1,6,6,D01,8,D01_P008_SEC_1_6_PAR002,,false,true,false
hinges,1,6,6,D01,8,D01_P008_SEC_1_6_PAR002,,false,true,false
adherence,1,6,6,D01,8,D01_P008_SEC_1_6_PAR002,,false,true,false
fae,1,6,5,D01,9,D01_P009_SEC_1_8_PAR002,,false,true,false
7.3 per cent,1,6,6,D01,9,D01_P009_SEC_1_8_PAR002,,false,true,false
underpin,1,6,6,D01,10,D01_P010_SEC_1_9_PAR001,,false,true,false
fy12,1,6,6,D01,10,D01_P010_SEC_1_9_PAR001,,false,true,false
7.5 per cent,1,6,6,D01,10,D01_P010_SEC_1_9_PAR001,,false,true,false
nabard,1,6,5,D01,11,D01_P011_SEC_1_11_PAR001,,false,true,false
7.1 per cent,1,6,6,D01,12,D01_P012_SEC_1_12_PAR001,,false,true,false
diversify,1,6,6,D01,14,D01_P014_SEC_1_15_PAR001,,false,true,false
2.7 per cent,1,6,5,D01,14,D01_P014_SEC_1_17_PAR001,,false,true,false
variability,1,6,6,D01,14,D01_P014_SEC_1_17_PAR001,,false,true,false
5.1 per cent,1,6,6,D01,15,D01_P015_SEC_1_18_PAR001,,false,true,false
38 per cent,1,6,6,D01,15,D01_P015_SEC_1_19_PAR001,,false,true,false
7.0 per cent,1,6,6,D01,16,D01_P016_SEC_1_20_PAR001,,false,true,false
1.8 per cent,1,6,6,D01,16,D01_P016_SEC_1_20_PAR001,,false,true,false
rainfall,1,6,6,D01,16,D01_P016_SEC_1_20_PAR001,,false,true,false
performing,1,6,6,D01,16,D01_P016_SEC_1_21_PAR001,,false,true,false
spans,1,6,5,D01,19,D01_P019_UNKNOWN_PAR001,,false,true,false
equation,1,6,4,D01,19,D01_P019_UNKNOWN_PAR003,,false,true,false
vector,1,6,5,D01,19,D01_P019_UNKNOWN_PAR003,,false,true,false
transformed,1,6,6,D01,20,D01_P020_UNKNOWN_PAR001,,false,true,false
district-level,1,6,6,D01,22,D01_P022_SEC_1_28_PAR003,,false,true,false
digitalisation,1,6,6,D01,22,D01_P022_SEC_1_28_PAR006,,false,true,false
incorporates,1,6,6,D01,22,D01_P022_SEC_1_28_PAR009,,false,true,false
dynamism,1,6,6,D01,22,D01_P022_SEC_1_28_PAR013,,false,true,false
measuring,1,6,6,D01,22,D01_P022_SEC_1_28_PAR013,,false,true,false
elsewhere,1,6,6,D01,23,D01_P023_SEC_1_28_PAR008,,false,true,false
state-specific,1,6,5,D01,23,D01_P023_SEC_1_28_PAR008,,false,true,false
demand-side,1,6,6,D01,24,D01_P024_SEC_1_29_PAR001,,false,true,false
glide,1,6,6,D01,26,D01_P026_SEC_1_32_PAR001,,false,true,false
february 2025,1,6,5,D01,26,D01_P026_SEC_1_33_PAR001,,false,true,false
ai-related,1,6,6,D01,28,D01_P028_SEC_1_36_PAR001,,false,true,false
depreciated,1,6,5,D01,28,D01_P028_SEC_1_37_PAR001,,false,true,false
comfortable,1,6,6,D01,28,D01_P028_SEC_1_38_PAR001,,false,true,false
oman,1,6,5,D01,28,D01_P028_SEC_1_38_PAR001,,false,true,false
explores,1,6,6,D01,28,D01_P028_SEC_1_38_PAR001,,false,true,false
government-led,1,6,6,D01,29,D01_P029_SEC_1_40_PAR001,,false,true,false
noting,1,6,6,D01,29,D01_P029_SEC_1_41_PAR001,,false,true,false
infant,1,6,6,D01,30,D01_P030_SEC_1_41_PAR001,,false,true,false
shapes,1,6,6,D01,30,D01_P030_SEC_1_42_PAR001,,false,true,false
6.8,1,6,5,D01,31,D01_P031_SEC_1_46_PAR001,,false,true,false
high-level,1,6,6,D01,31,D01_P031_SEC_1_46_PAR002,,false,true,false
denotes,1,6,4,D01,32,D01_P032_SEC_1_46_PAR001,,false,true,false
α,1,6,4,D01,32,D01_P032_SEC_1_46_PAR001,,false,true,false
slowdown,1,6,6,D01,32,D01_P032_SEC_1_PAR001,,false,true,false
2017-18,1,6,5,D01,33,D01_P033_SEC_1_PAR006,,false,true,false
averaged,1,6,6,D01,33,D01_P033_SEC_3_PAR001,,false,true,false
perspectives,1,6,6,D01,35,D01_P035_SEC_3_PAR004,,false,true,false
25 jan,1,6,1,D01,2,D01_T001,,false,true,false
fishing,1,6,4,D01,9,D01_T002,,false,true,false
8.9,1,6,4,D01,9,D01_T002,,false,true,false
7.9,1,6,6,D01,9,D01_T002,,false,true,false
14.0,1,6,6,D01,10,D01_T003,,false,true,false
15.1,1,6,6,D01,10,D01_T003,,false,true,false
13.7,1,6,6,D01,10,D01_T003,,false,true,false
10.2,1,6,5,D01,13,D01_T005,,false,true,false
8.5,1,6,5,D01,17,D01_T006,,false,true,false
jit,1,6,4,D02,16,D02_BOX007,,false,true,false
statistically,1,6,5,D02,22,D02_BOX011,,false,true,false
multiplier,1,6,5,D02,26,D02_BOX013,,false,true,false
noteworthy,1,6,6,D02,34,D02_BOX017,,false,true,false
strain,1,6,6,D02,1,D02_P001_UNKNOWN_PAR002,,false,true,false
reorientation,1,6,6,D02,1,D02_P001_UNKNOWN_PAR002,,false,true,false
growth-enhancing,1,6,6,D02,2,D02_P002_SEC_2_1_PAR001,,false,true,false
3.7 per cent,1,6,6,D02,4,D02_P004_SEC_2_7_PAR001,,false,true,false
responding,1,6,6,D02,5,D02_P005_SEC_2_8_PAR002,,false,true,false
"₹1,000 crore",1,6,6,D02,5,D02_P005_SEC_2_8_PAR002,,false,true,false
deductions,1,6,5,D02,5,D02_P005_SEC_2_8_PAR002,,false,true,false
excise,1,6,3,D02,6,D02_P006_SEC_2_10_PAR002,,false,true,false
6.7 per cent,1,6,6,D02,7,D02_P007_SEC_2_14_PAR001,,false,true,false
monitors,1,6,6,D02,9,D02_P009_UNKNOWN_PAR007,,false,true,false
man-made,1,6,5,D02,9,D02_P009_UNKNOWN_PAR008,,false,true,false
fibres,1,6,5,D02,9,D02_P009_UNKNOWN_PAR008,,false,true,false
instant,1,6,6,D02,9,D02_P009_UNKNOWN_PAR013,,false,true,false
enter,1,6,6,D02,10,D02_P010_UNKNOWN_PAR007,,false,true,false
corrected,1,6,5,D02,11,D02_P011_UNKNOWN_PAR001,,false,true,false
27 per cent,1,6,6,D02,12,D02_P012_SEC_2_19_PAR001,,false,true,false
fines,1,6,5,D02,12,D02_P012_SEC_2_19_PAR002,,false,true,false
32 per cent,1,6,6,D02,12,D02_P012_SEC_2_20_PAR001,,false,true,false
dilution,1,6,6,D02,13,D02_P013_SEC_2_22_PAR001,,false,true,false
ventures,1,6,6,D02,13,D02_P013_SEC_2_22_PAR001,,false,true,false
retaining,1,6,6,D02,13,D02_P013_SEC_2_23_PAR001,,false,true,false
pds,1,6,6,D02,15,D02_P015_SEC_2_26_PAR001,,false,true,false
mgnrega,1,6,6,D02,15,D02_P015_SEC_2_26_PAR001,,false,true,false
subsidised,1,6,6,D02,15,D02_P015_SEC_2_26_PAR002,,false,true,false
curve,1,6,6,D02,16,D02_P016_SEC_2_27_PAR001,,false,true,false
replaces,1,6,6,D02,17,D02_P017_UNKNOWN_PAR001,,false,true,false
tsa,1,6,2,D02,17,D02_P017_UNKNOWN_PAR002,,false,true,false
annum,1,6,5,D02,17,D02_P017_UNKNOWN_PAR003,,false,true,false
eliminating,1,6,6,D02,17,D02_P017_UNKNOWN_PAR003,,false,true,false
₹250 crore,1,6,3,D02,17,D02_P017_UNKNOWN_PAR007,,false,true,false
anna,1,6,6,D02,18,D02_P018_UNKNOWN_PAR002,,false,true,false
lasting,1,6,6,D02,22,D02_P022_SEC_2_33_PAR001,,false,true,false
spike,1,6,6,D02,23,D02_P023_SEC_2_37_PAR001,,false,true,false
again,1,6,6,D02,23,D02_P023_SEC_2_37_PAR001,,true,true,false
nagaland,1,6,6,D02,24,D02_P024_SEC_2_39_PAR002,,false,true,false
self-employed,1,6,5,D02,28,D02_P028_UNKNOWN_PAR005,,false,true,false
scale-up,1,6,6,D02,29,D02_P029_UNKNOWN_PAR002,,false,true,false
involve,1,6,6,D02,29,D02_P029_UNKNOWN_PAR003,,false,true,false
widen,1,6,5,D02,29,D02_P029_UNKNOWN_PAR003,,false,true,false
clauses,1,6,6,D02,29,D02_P029_UNKNOWN_PAR003,,false,true,false
substitutes,1,6,6,D02,29,D02_P029_UNKNOWN_PAR004,,false,true,false
childcare,1,6,5,D02,29,D02_P029_UNKNOWN_PAR004,,false,true,false
experiment,1,6,6,D02,30,D02_P030_UNKNOWN_PAR002,,false,true,false
budgets,1,6,6,D02,30,D02_P030_UNKNOWN_PAR003,,false,true,false
erode,1,6,6,D02,30,D02_P030_UNKNOWN_PAR003,,false,true,false
lags,1,6,6,D02,32,D02_P032_SEC_2_43_PAR001,,false,true,false
g-sec,1,6,5,D02,33,D02_P033_UNKNOWN_PAR001,,false,true,false
perception,1,6,5,D02,34,D02_P034_UNKNOWN_PAR001,,false,true,false
post-covid,1,6,6,D02,34,D02_P034_UNKNOWN_PAR001,,false,true,false
and/or,1,6,6,D02,34,D02_P034_UNKNOWN_PAR002,,false,true,false
fallen,1,6,6,D02,35,D02_P035_SEC_2_46_PAR001,,false,true,false
contingent,1,6,6,D02,37,D02_P037_UNKNOWN_PAR001,,false,true,false
permanently,1,6,6,D02,39,D02_P039_UNKNOWN_PAR001,,false,true,false
altered,1,6,6,D02,39,D02_P039_UNKNOWN_PAR002,,false,true,false
dt,1,6,6,D02,39,D02_P039_UNKNOWN_PAR004,,false,true,false
//tinyurl,1,6,6,D02,41,D02_P041_SEC_2_56_PAR002,,false,true,false
0.03,1,6,5,D02,5,D02_T001,,false,true,false
0.01,1,6,3,D02,12,D02_T002,,false,true,false
creditworthiness,1,6,6,D03,24,D03_BOX005,,false,true,false
sabha,1,6,6,D03,29,D03_BOX011,,false,true,false
shallow,1,6,6,D03,46,D03_BOX019,,false,true,false
non-financial,1,6,5,D03,46,D03_BOX019,,false,true,false
offences,1,6,5,D03,64,D03_BOX023,,false,true,false
aspirations,1,6,6,D03,64,D03_BOX023,,false,true,false
fintechs,1,6,5,D03,64,D03_BOX023,,false,true,false
necessitates,1,6,6,D03,1,D03_P001_UNKNOWN_PAR005,,false,true,false
agile,1,6,6,D03,2,D03_P002_SEC_3_3_PAR001,,false,true,false
lie,1,6,5,D03,2,D03_P002_SEC_3_3_PAR001,,false,true,false
1994,1,6,4,D03,3,D03_P003_SEC_3_6_PAR001,,false,true,false
scenarios,1,6,6,D03,5,D03_P005_SEC_3_8_PAR002,,false,true,false
responds,1,6,6,D03,5,D03_P005_SEC_3_8_PAR002,,false,true,false
epu,1,6,4,D03,5,D03_P005_SEC_3_8_PAR003,,false,true,false
heterogeneous,1,6,6,D03,5,D03_P005_SEC_3_8_PAR004,,false,true,false
american,1,6,5,D03,5,D03_P005_SEC_3_8_PAR005,,false,true,false
t.,1,6,4,D03,6,D03_P006_SEC_3_8_PAR002,,false,true,false
consultancy,1,6,5,D03,7,D03_P007_SEC_3_8_PAR009,,false,true,false
robustness,1,6,6,D03,7,D03_P007_SEC_3_8_PAR010,,false,true,false
nevertheless,1,6,6,D03,8,D03_P008_UNKNOWN_PAR001,,false,true,false
exporter,1,6,6,D03,8,D03_P008_UNKNOWN_PAR002,,false,true,false
purchases,1,6,5,D03,11,D03_P011_SEC_3_15_PAR001,,false,true,false
₹1 lakh crore,1,6,6,D03,11,D03_P011_SEC_3_15_PAR001,,false,true,false
mobilise,1,6,6,D03,12,D03_P012_SEC_3_19_PAR001,,false,true,false
capital-,1,6,6,D03,13,D03_P013_SEC_3_20_PAR001,,false,true,false
fy18,1,6,5,D03,14,D03_P014_SEC_3_22_PAR001,,false,true,false
december 2024,1,6,6,D03,14,D03_P014_SEC_3_24_PAR001,,false,true,false
13 per cent,1,6,5,D03,16,D03_P016_SEC_3_26_PAR001,,false,true,false
beneficial,1,6,6,D03,16,D03_P016_SEC_3_27_PAR001,,false,true,false
forecast,1,6,6,D03,21,D03_P021_SEC_3_41_PAR005,,false,true,false
customer,1,6,6,D03,22,D03_P022_SEC_3_41_PAR005,,false,true,false
autonomous,1,6,6,D03,22,D03_P022_SEC_3_41_PAR005,,false,true,false
enablement,1,6,6,D03,22,D03_P022_SEC_3_41_PAR008,,false,true,false
