token_id,token,is_special
0,otes,false
1,impact,false
2,impli,false
3,Ġcoefficient,false
4,Ġcoex,false
5,Ġaluminium,false
6,Ġ125,false
7,ĠIndore,false
8,odder,false
9,ĠRights,false
10,ĠPBIS,false
11,ĠPollution,false
12,ĠPass,false
13,Ġ2027,false
14,ĠMag,false
15,ĠMD,false
16,Ġenvis,false
17,ĠFutures,false
18,ĠFiscal,false
19,ĠFact,false
20,ĠCRB,false
21,ĠCIS,false
22,ĠCy,false
23,Ġconcluded,false
24,Ġconcept,false
25,Ġexist,false
26,Ġexec,false
27,âĢĳ,false
28,âĢĥ,false
29,Ġprohib,false
30,Ġproven,false
31,Ġlatter,false
32,Ġstar,false
33,that,false
34,ima,false
35,ulses,false
36,2014,false
37,ĠTaiwan,false
38,ĠTask,false
39,ĠArea,false
40,ĠAmit,false
41,ĠAir,false
42,ĠAO,false
43,raisal,false
44,Ġthri,false
45,ĠSikkim,false
46,ĠSDG,false
47,ĠSAP,false
48,Ġhapp,false
49,ĠIS,false
50,lose,false
51,lout,false
52,loom,false
53,leb,false
54,ils,false
55,Ġeased,false
56,Ġtot,false
57,Ġrehabilit,false
58,Ġreasons,false
59,Ġrejected,false
60,Ġretire,false
61,Ġreverse,false
62,Ġrever,false
63,Ġmortality,false
64,Ġwrong,false
65,Ġwarning,false
66,Ġways,false
67,Ġwast,false
68,Ġbps,false
69,Ġdair,false
70,aring,false
71,Ġfurn,false
72,Ġfile,false
73,isal,false
74,atri,false
75,ingdom,false
76,Ġpetition,false
77,Ġpion,false
78,Ġpure,false
79,Ġpun,false
80,Ġinequ,false
81,Ġinv,false
82,aligned,false
83,alysis,false
84,alog,false
85,Ġsizes,false
86,Ġsever,false
87,oram,false
88,Ġcirc,false
89,Ġcod,false
90,Ġcas,false
91,heav,false
92,estions,false
93,esh,false
94,tile,false
95,reced,false
96,Ġtakes,false
97,Ġtack,false
98,Ġamp,false
99,Ġiv,false
100,Ġvers,false
101,Ġ@,false
102,Ġ#,false
103,xi,false
104,world,false
105,uthern,false
106,uk,false
107,technology,false
108,trade,false
109,take,false
110,tri,false
111,tation,false
112,person,false
113,position,false
114,oss,false
115,main,false
116,mic,false
117,lective,false
118,greg,false
119,ground,false
120,front,false
121,eve,false
122,break,false
123,bor,false
124,author,false
125,WG,false
126,Vi,false
127,Urban,false
128,UR,false
129,UK,false
130,Tech,false
131,TA,false
132,Scrips,false
133,Sec,false
134,Rev,false
135,RPs,false
136,Ret,false
137,Part,false
138,Port,false
139,Pr,false
140,NF,false
141,NC,false
142,MY,false
143,Im,false
144,IB,false
145,HP,false
146,Govern,false
147,Go,false
148,February,false
149,ET,false
150,Credit,false
151,Bank,false
152,.âĢĿ,false
153,%),false
154,Ġpronounced,false
155,Ġuseful,false
156,Ġintermitt,false
157,Ġprolifer,false
158,ĠIndonesia,false
159,Ġacreage,false
160,Private,false
161,Ġinterpret,false
162,ĠBodies,false
163,ĠReduction,false
164,Ġrecalib,false
165,focused,false
166,ĠTribunal,false
167,Ġsegregation,false
168,Ġpreparation,false
169,Ġcooling,false
170,ĠRenewable,false
171,ĠPayments,false
172,ĠSemiconductor,false
173,Ġpanchayat,false
174,Ġquickly,false
175,Ġprevailing,false
176,ĠGuptas,false
177,ĠFollowing,false
178,ĠCivil,false
179,Ġderived,false
180,plaints,false
181,Ġmonetisation,false
182,Ġdismissed,false
183,Ġappointment,false
184,Ġlearners,false
185,Ġonboarding,false
186,ĠIslands,false
187,Ġfamily,false
188,Ġhorizon,false
189,Ġremittances,false
190,Ġunincorporated,false
191,Ġannually,false
192,Ġprompt,false
193,Ġdimensions,false
194,Issue,false
195,Expenditure,false
196,ĠReflecting,false
197,ĠMegh,false
198,Ġsensitivity,false
199,Ġweaknesses,false
200,ĠLegislative,false
201,Ġasymmetries,false
202,Ġethical,false
203,Ġnavigate,false
204,Ġaspirational,false
205,manirbhar,false
206,after,false
207,Ġcultivation,false
208,Ġscores,false
209,ĠEnvironmental,false
210,Ġsatellites,false
211,Ġconnectedness,false
212,Ġsystematically,false
213,ikkim,false
214,Ġconvenience,false
215,Depository,false
216,Ġdataset,false
217,ĠUniversity,false
218,ĠInstruments,false
219,Ġrevealed,false
220,ĠEnglish,false
221,Ġharvest,false
222,Ġbiod,false
223,Ġcollected,false
224,ĠDirector,false
225,Ġpreferences,false
226,Ġpreference,false
227,ĠPhase,false
228,Ġprosper,false
229,According,false
230,Union,false
231,Ġguarantees,false
232,Ġsettled,false
233,Ġcounselling,false
234,Ġclasses,false
235,Ġmethods,false
236,Ġpreventing,false
237,Ġholds,false
238,Ġcomprises,false
239,ĠModern,false
240,Ġneighbour,false
241,Ġfundamentally,false
242,ĠConsumption,false
243,Ġclosed,false
244,Ġconsiderable,false
245,Ġheadwinds,false
246,Ġrepresentatives,false
247,ĠGoI,false
248,Entities,false
249,Ġredressal,false
250,Ġbenchmarking,false
251,Ġaffecting,false
252,CTAD,false
253,Exchange,false
254,looking,false
255,Ġaccelerating,false
256,Ġteam,false
257,Ġsimplifying,false
258,ĠCommittees,false
259,Ġlock,false
260,Ġveget,false
261,IDH,false
262,Ġviewed,false
263,Ġ2003,false
264,Ġgranular,false
265,Ġmobilized,false
266,Regulatory,false
267,Registered,false
268,ĠSCBs,false
269,Ġhandling,false
270,Ġhandle,false
271,Ġaudience,false
272,ĠCorrid,false
273,shoring,false
274,Ġcaregi,false
275,Ġconversion,false
276,Ġconvert,false
277,Ġpopulations,false
278,Ġconsidering,false
279,Ġexaminations,false
280,Ġcombining,false
281,ĠAssets,false
282,Ġdownload,false
283,Ġnecessity,false
284,rective,false
285,Ġfeel,false
286,itigations,false
287,appro,false
288,ĠMarketing,false
289,Ġintermediary,false
290,Ġ1999,false
291,Ġunderserved,false
292,ĠPMGSY,false
293,Ġindirect,false
294,Ġcyclical,false
295,Ġshowc,false
296,ĠSoil,false
297,Ġleads,false
298,Ġcontributes,false
299,erential,false
300,Ġintroducing,false
301,Ġfoodg,false
302,ĠAgent,false
303,Ġattend,false
304,ĠBoth,false
305,Ġdivergence,false
306,Ġindustrialisation,false
307,management,false
308,amped,false
309,Ġscrip,false
310,ĠForce,false
311,ĠExchanges,false
312,Ġefficiently,false
313,performance,false
314,ĠFinally,false
315,ĠConst,false
316,ĠUnified,false
317,Ġphased,false
318,Ġcollateral,false
319,ganwad,false
320,Ġtrainees,false
321,atiya,false
322,ĠDeficit,false
323,Ġissuer,false
324,Ġ97,false
325,Ġ07,false
326,Ġpromo,false
327,Ġvariation,false
328,Ġhealthier,false
329,Ġcreative,false
330,Ġpronoun,false
331,International,false
332,ĠChennai,false
333,Ġ78,false
334,Ġ76,false
335,Ġdiscon,false
336,Ġweight,false
337,support,false
338,There,false
339,Ġemail,false
340,Ġvaluations,false
341,Ġbooks,false
342,Ġmothers,false
343,Ġperipher,false
344,tilised,false
345,ians,false
346,ĠJeevan,false
347,ĠKYC,false
348,128,false
349,123,false
350,Ġlivestock,false
351,154,false
352,143,false
353,ondon,false
354,Ġusef,false
355,Ġinstitute,false
356,ticipants,false
357,Ġreput,false
358,Ġmodes,false
359,ellect,false
360,ficiencies,false
361,direct,false
362,exp,false
363,Ġremark,false
364,Ġ47,false
365,Ġsought,false
366,Ġsof,false
367,Ġlost,false
368,102,false
369,Ġspillo,false
370,Ġspectrum,false
371,Ġspot,false
372,Ġagents,false
373,Ġagr,false
374,Ġplanned,false
375,ĠLab,false
376,Ġintermit,false
377,ĠHead,false
378,ept,false
379,Ġoverarching,false
380,Ġoverview,false
381,ught,false
382,Ġapps,false
383,Ġappe,false
384,001,false
385,Ġinvested,false
386,Ġcontem,false
387,Ġattention,false
388,Ġregression,false
389,umed,false
390,early,false
391,ĠBul,false
392,Ġadoles,false
393,ĠNA,false
394,ĠEstabl,false
395,ĠEach,false
396,ĠEqu,false
397,endar,false
398,ustrial,false
399,Ġwhose,false
400,Ġimpose,false
401,ĠDem,false
402,Ġcompelling,false
403,Ġcompul,false
404,ĠGap,false
405,ĠGen,false
406,Ġvirt,false
407,Ġvigilance,false
408,Ġventure,false
409,Ġvast,false
410,Ġcoinc,false
411,Ġexperts,false
412,Ġexplain,false
413,quiry,false
414,Ġrice,false
415,ĠRussia,false
416,ĠRF,false
417,ĠMSCI,false
418,ĠMembers,false
419,ĠMost,false
420,apid,false
421,Ġacting,false
422,Ġenforce,false
423,ĠFacebook,false
424,ortality,false
425,ĠChief,false
426,ĠCSS,false
427,Ġconcludes,false
428,Ġconclusion,false
429,Ġexcept,false
430,Ġexecutive,false
431,Ġexcluding,false
432,Ġexcess,false
433,sidi,false
434,Ġperceptions,false
435,Ġproli,false
436,Ġnumbers,false
437,Ġnumer,false
438,Ġnit,false
439,Ġlenders,false
440,Ġlines,false
441,olkata,false
442,third,false
443,thing,false
444,imension,false
445,etter,false
446,ĠSession,false
447,ĠSe,false
448,ĠIBC,false
449,stage,false
450,veillance,false
451,Ġtoler,false
452,Ġreuse,false
453,Ġrevers,false
454,Ġmismatch,false
455,Ġmic,false
456,Ġbuses,false
457,Ġduties,false
458,iche,false
459,aran,false
460,Ġfederal,false
461,Ġfab,false
462,ancies,false
463,Ġpetroleum,false
464,Ġpanel,false
465,Ġinherent,false
466,Ġsit,false
467,Ġcards,false
468,estern,false
469,erred,false
470,enities,false
471,enal,false
472,tified,false
473,tious,false
474,onoun,false
475,reliance,false
476,Ġtextiles,false
477,Ġtons,false
478,Ġtech,false
479,Ġauc,false
480,ins,false
481,Ġri,false
482,uates,false
483,tered,false
484,sites,false
485,sha,false
486,rors,false
487,po,false
488,national,false
489,net,false
490,non,false
491,kata,false
492,kew,false
493,kim,false
494,how,false
495,hand,false
496,hy,false
497,growth,false
498,fting,false
499,fts,false
500,cons,false
501,cas,false
502,ause,false
503,Val,false
504,Vs,false
505,UL,false
506,TI,false
507,Source,false
508,Sur,false
509,Post,false
510,Listed,false
511,Lo,false
512,LL,false
513,However,false
514,Filed,false
515,FIs,false
516,FP,false
517,DA,false
518,CB,false
519,CA,false
520,All,false
521,120,false
522,.âĢĻ,false
523,ĠFoundation,false
524,juven,false
525,ĠTribal,false
526,Office,false
527,Actual,false
528,Ġdispersed,false
529,ĠAbhiyan,false
530,Ġaccordance,false
531,uminium,false
532,Ġnamely,false
533,cellence,false
534,Ġpredominantly,false
535,Ġradio,false
536,Ġscenario,false
537,Ġdrugs,false
538,Ġannouncements,false
539,Ġlicensing,false
540,onthly,false
541,Ġdistinction,false
542,Ġsemi,false
543,government,false
544,Ġdispute,false
545,Ġletters,false
546,Ġacknowled,false
547,Ġupgrades,false
548,crips,false
549,manirbharta,false
550,ĠRetrieved,false
551,Ġfastest,false
552,Ġcataly,false
553,ĠOFDI,false
554,ĠFarmers,false
555,Ġpillars,false
556,Ġhabits,false
557,Ġargu,false
558,ĠSchools,false
559,ĠSabka,false
560,Ġtenure,false
561,Ġepisodes,false
562,Ġdiscretionary,false
563,ĠNCDEX,false
564,ĠPACL,false
565,Ġclient,false
566,Ġdifferentiated,false
567,Ġadvertising,false
568,ĠMoreover,false
569,ĠCertificates,false
570,investors,false
571,ĠStandard,false
572,Ġharness,false
573,Ġbridges,false
574,ĠDirectors,false
575,Ġunpaid,false
576,ĠInitiative,false
577,ĠReli,false
578,Ġseeds,false
579,ĠObserved,false
580,ĠUttarakhand,false
581,Ġdecrease,false
582,Performance,false
583,Ġbuyers,false
584,Ġrelationship,false
585,Ġclassroom,false
586,ĠDistrict,false
587,ĠPanchayats,false
588,Ġexhibited,false
589,Ġexhibit,false
590,Ġhorticulture,false
591,ĠProducts,false
592,MDEs,false
593,ĠRajasthan,false
594,ĠFirms,false
595,Ġproperties,false
596,Ġforest,false
597,Ġempowerment,false
598,Ġtemper,false
599,Ġtempl,false
600,Ġsubstitute,false
601,ĠPriority,false
602,iminal,false
603,Ġimposing,false
604,Ġcooperatives,false
605,Ġconstitute,false
606,Ġoptimisation,false
607,ĠArtificial,false
608,Ġdrawn,false
609,Ġconsistency,false
610,Ġpossibility,false
611,Ġclosing,false
612,Ġcloser,false
613,Ġzone,false
614,Ġvehicle,false
615,Ġconsideration,false
616,ĠSpace,false
617,ĠParticipants,false
618,ĠLooking,false
619,Ġupgraded,false
620,Ġdominance,false
621,Ġembedding,false
622,Ġindependence,false
623,Ġaccelerated,false
624,Ġtracks,false
625,Ġmitigating,false
626,unications,false
627,Ġbody,false
628,Ġaffordability,false
629,Ġbuilds,false
630,ĠProgrammes,false
631,Ġmobilised,false
632,Ġchoose,false
633,Registr,false
634,Regulation,false
635,Ġattracted,false
636,Ġinvolvement,false
637,ĠSCN,false
638,Ġcomplements,false
639,shops,false
640,Ġintegrates,false
641,Ġcareer,false
642,Third,false
643,Ġimbal,false
644,cont,false
645,Ġbackbone,false
646,Ġlegacy,false
647,Ġwhole,false
648,Ġreviewed,false
649,ARTs,false
650,Ġfoundations,false
651,utrition,false
652,Ġsevere,false
653,Ġrelief,false
654,Ġguide,false
655,Ġshowed,false
656,Ġpursue,false
657,Ġconducting,false
658,ĠQCOs,false
659,Ġviability,false
660,Ġaddresses,false
661,Ġattemp,false
662,Ġlocally,false
663,Ġinclusi,false
664,ĠBoP,false
665,ĠYear,false
666,Ġconstant,false
667,roduction,false
668,Ġphases,false
669,lexity,false
670,Ġexporters,false
671,Ġcommunic,false
672,haring,false
673,Ġequally,false
674,Ġartic,false
675,Ġinstitutionalised,false
676,Ġpromin,false
677,ĠAcross,false
678,arching,false
679,Ġstanding,false
680,Ġcontinuing,false
681,Ġdrive,false
682,Ġcurrencies,false
683,Ġcurb,false
684,Ġ88,false
685,Ġfaces,false
686,Ġformat,false
687,Ġ79,false
688,Ġ74,false
689,Ġoperates,false
690,ĠProper,false
691,angible,false
692,anged,false
693,Ġpublication,false
694,Ġdevelopmental,false
695,Ġquan,false
696,ĠKisan,false
697,acebook,false
698,135,false
699,Ġlives,false
700,Ġassemb,false
701,Ġassigned,false
702,Ġrepo,false
703,Ġrepe,false
704,ĠVish,false
705,117,false
706,Ġsample,false
707,ditions,false
708,tainment,false
709,Ġdeclines,false
710,Ġopin,false
711,106,false
712,Ġagro,false
713,Ġplan,false
714,ksha,false
715,Ġregulator,false
716,ructured,false
717,Ġnoted,false
718,Ġinterconnected,false
719,Ġinterdepend,false
720,ĠHuman,false
721,Ġinsight,false
722,sored,false
723,Ġundertook,false
724,Ġunderstood,false
725,Ġundergoing,false
726,Ġundergo,false
727,Ġdisinflation,false
728,Ġdisinvestment,false
729,Ġapply,false
730,Ġoriented,false
731,overing,false
732,ĠThird,false
733,ĠThat,false
734,ĠUPF,false
735,ervation,false
736,earning,false
737,ĠNorth,false
738,ĠNor,false
739,ĠEase,false
740,Ġintroduce,false
741,ignific,false
742,liant,false
743,chase,false
744,Ġcott,false
745,Ġcoal,false
746,Ġexpiry,false
747,Ġalways,false
748,ĠIndones,false
749,Ġranks,false
750,Ġrich,false
751,ĠRather,false
752,ĠRest,false
753,ĠPension,false
754,ĠPrac,false
755,undant,false
756,ĠMSEI,false
757,ĠMajor,false
758,ĠMand,false
759,ĠMed,false
760,gered,false
761,Ġacquire,false
762,Ġacre,false
763,ĠFound,false
764,ĠFour,false
765,ĠFac,false
766,Ġones,false
767,using,false
768,ĠCircul,false
769,ĠCritical,false
770,ĠCase,false
771,ĠCell,false
772,Ġexists,false
773,Ġextensive,false
774,unication,false
775,Ġproprietary,false
776,Ġproved,false
777,Ġlitigation,false
778,Ġstory,false
779,Ġstem,false
780,2018,false
781,etails,false
782,ĠTripura,false
783,rame,false
784,Ġthinking,false
785,ĠSecret,false
786,ĠSegment,false
787,ĠSeveral,false
788,ĠSar,false
789,ĠSc,false
790,ĠIRD,false
791,ĠIC,false
792,celer,false
793,omb,false
794,illo,false
795,urred,false
796,Ġtoo,false
797,Ġreass,false
798,Ġmultinational,false
799,Ġmight,false
800,Ġmot,false
801,Ġbrought,false
802,Ġband,false
803,Ġbr,false
804,Ġdup,false
805,Ġdum,false
806,Ġdr,false
807,Ġfrequency,false
808,Ġfig,false
809,isan,false
810,Ġparen,false
811,Ġpic,false
812,Ġped,false
813,Ġinsider,false
814,Ġinef,false
815,alaya,false
816,Ġserving,false
817,ennai,false
818,entity,false
819,Ġaviation,false
820,ĠâĹı,false
821,zed,false
822,yaya,false
823,window,false
824,uine,false
825,uating,false
826,trad,false
827,school,false
828,system,false
829,sol,false
830,rally,false
831,rd,false
832,nown,false
833,na,false
834,mu,false
835,lakh,false
836,ju,false
837,iented,false
838,ike,false
839,iver,false
840,harta,false
841,high,false
842,dom,false
843,dec,false
844,des,false
845,bone,false
846,With,false
847,VY,false
848,UA,false
849,RAs,false
850,PLI,false
851,Public,false
852,Pri,false
853,Off,false
854,Listing,false
855,Growth,false
856,GR,false
857,FPI,false
858,Def,false
859,DF,false
860,300,false
861,ĠKrishi,false
862,Ġbolst,false
863,Ġinadequ,false
864,herence,false
865,ĠSafety,false
866,Ġjurisdictions,false
867,ĠESG,false
868,enhancing,false
869,Ġfluctuations,false
870,Ġoilseeds,false
871,habilit,false
872,Ġsmooth,false
873,Ġmanufacturers,false
874,ĠStatistics,false
875,Ġprospects,false
876,Ġmoral,false
877,Ġbehind,false
878,Ġdelegation,false
879,Ġlatest,false
880,Ġpipeline,false
881,Ġcalls,false
882,Ġsophisticated,false
883,Ġcalculated,false
884,Ġregistering,false
885,Ġgaming,false
886,Ġauthentic,false
887,ĠAutom,false
888,Ġbulk,false
889,Ġedible,false
890,Ġpreparedness,false
891,Ġappears,false
892,Ġfrequently,false
893,Ġsatellite,false
894,Ġcompounded,false
895,ĠPFRDA,false
896,Ġpillar,false
897,Ġfloor,false
898,ĠAdjudicating,false
899,Ġmilest,false
900,Ġadvertisements,false
901,ĠPromotion,false
902,Ġscientific,false
903,Research,false
904,ĠIndustries,false
905,Ġcolle,false
906,ĠAnalysis,false
907,ĠEmploy,false
908,ĠPerformance,false
909,While,false
910,Ġdeliberate,false
911,Ġaversion,false
912,GSY,false
913,Ġfertilisers,false
914,Ġengagements,false
915,Ġagreement,false
916,Ġhybrid,false
917,sectors,false
918,Ġboosting,false
919,ĠRajbhasha,false
920,Ġgrounded,false
921,Ġtemporary,false
922,Ġreplacing,false
923,Ġreplace,false
924,Ġcooperative,false
925,elecomm,false
926,Ġdefining,false
927,Ġgeographic,false
928,Ġcompete,false
929,Ġentrepreneurship,false
930,Ġcomputer,false
931,ĠSpain,false
932,ĠGoing,false
933,ĠIssu,false
934,Ġfairness,false
935,reciated,false
936,Ġselected,false
937,ĠContracts,false
938,prietary,false
939,Ġpassed,false
940,Ġlimiting,false
941,Ġpeers,false
942,Ġtransportation,false
943,Ġhistory,false
944,Ġcaution,false
945,ĠGuid,false
946,Ġplacement,false
947,Ġeasier,false
948,erchant,false
949,Ġ2005,false
950,Ġinvolving,false
951,ĠSystems,false
952,Ġcomplete,false
953,Ġcompletion,false
954,Ġstreamlining,false
955,ĠImplement,false
956,Ġnutritional,false
957,Ġwidening,false
958,Ġuniversal,false
959,ĠShri,false
960,Ġallocations,false
961,Ġbacked,false
962,Ġdownward,false
963,Ġcrisis,false
964,Ġgoing,false
965,aiwan,false
966,Ġsuggesting,false
967,Ġfilings,false
968,ĠRecognising,false
969,Ġutility,false
970,Ġmaterially,false
971,ĠGlobally,false
972,Ġseamless,false
973,Ġidentification,false
974,Ġvisibility,false
975,ĠCommon,false
976,ATE,false
977,Ġtransitioning,false
978,Ġshowing,false
979,Ġmatch,false
980,Ġmature,false
981,Ġdependent,false
982,Ġpotentially,false
983,Ġstructurally,false
984,ecurities,false
985,visions,false
986,Ġconfirm,false
987,Ġrealities,false
988,âĢĿ.,false
989,ismatch,false
990,Ġscre,false
991,Ġestate,false
992,Ġstrategically,false
993,Ġdeteri,false
994,ĠRespond,false
995,took,false
996,mitting,false
997,ĠUnlike,false
998,erging,false
999,ruments,false
1000,ĠEntities,false
1001,Ġmining,false
1002,Ġenhancements,false
1003,Ġenhancement,false
1004,overed,false
1005,Ġentren,false
1006,Ġarticul,false
1007,Ġvarieties,false
1008,Ġvariables,false
1009,Ġmeasurable,false
1010,Ġdistingu,false
1011,Ġ89,false
1012,Ġ86,false
1013,Ġfaced,false
1014,Intermedi,false
1015,Ġrelax,false
1016,Ġoperators,false
1017,IIP,false
1018,suant,false
1019,Ġaccountable,false
1020,Ġsignificance,false
1021,eevan,false
1022,angal,false
1023,Ġrefers,false
1024,Ġqual,false
1025,akhand,false
1026,ĠKris,false
1027,ĠKo,false
1028,Ġparticipating,false
1029,127,false
1030,Ġliberal,false
1031,Ġsubmission,false
1032,ĠVehic,false
1033,ĠVol,false
1034,116,false
1035,115,false
1036,113,false
1037,Ġremote,false
1038,Ġempir,false
1039,Ġ57,false
1040,Ġfinancially,false
1041,101,false
1042,Ġrecon,false
1043,Ġplants,false
1044,Ġplays,false
1045,Ġprec,false
1046,Ġ2000,false
1047,ĠLarge,false
1048,Ġinterp,false
1049,Ġheter,false
1050,Ġhed,false
1051,ĠWTM,false
1052,ĠWest,false
1053,Ġoutlines,false
1054,ĠHaryana,false
1055,ĠHar,false
1056,Ġmanual,false
1057,ĠStorage,false
1058,ĠStat,false
1059,rought,false
1060,velopment,false
1061,Ġaccording,false
1062,Ġaccur,false
1063,ĠODI,false
1064,ĠOil,false
1065,Ġleave,false
1066,Ġcontexts,false
1067,Ġregimes,false
1068,ranted,false
1069,umbers,false
1070,ĠBod,false
1071,ĠNag,false
1072,Ġcomply,false
1073,istant,false
1074,Ġvibrant,false
1075,Ġcovers,false
1076,ighbour,false
1077,ighter,false
1078,Ġexpenses,false
1079,Ġexpressed,false
1080,ficit,false
1081,Ġincremental,false
1082,Ġalerts,false
1083,Ġrupee,false
1084,ĠReduc,false
1085,ĠPaRRVA,false
1086,ĠPAR,false
1087,ĠMonitoring,false
1088,esty,false
1089,Ġcoming,false
1090,apers,false
1091,Ġenact,false
1092,ĠFPOs,false
1093,ĠFT,false
1094,2021,false
1095,ĠCan,false
1096,Ġexemption,false
1097,Ġprolonged,false
1098,Ġprox,false
1099,Ġnuclear,false
1100,2020,false
1101,Ġgrades,false
1102,Ġgen,false
1103,ĠTRIPS,false
1104,ĠTurnover,false
1105,ĠTime,false
1106,ĠTri,false
1107,racy,false
1108,ray,false
1109,ĠService,false
1110,ĠSci,false
1111,ĠSO,false
1112,ĠIts,false
1113,logical,false
1114,stabl,false
1115,asthan,false
1116,asons,false
1117,Ġrecal,false
1118,Ġmapping,false
1119,Ġmiddle,false
1120,Ġmixed,false
1121,Ġmissions,false
1122,Ġmass,false
1123,Ġmem,false
1124,Ġmir,false
1125,Ġbreak,false
1126,Ġblock,false
1127,Ġbol,false
1128,Ġdense,false
1129,Ġdrop,false
1130,Ġfamilies,false
1131,isis,false
1132,roduce,false
1133,Ġinade,false
1134,Ġsew,false
1135,org,false
1136,Ġcode,false
1137,health,false
1138,heren,false
1139,erce,false
1140,entic,false
1141,rea,false
1142,Ġ*,false
1143,Ġ%,false
1144,winds,false
1145,where,false
1146,were,false
1147,wa,false
1148,vas,false
1149,uties,false
1150,uous,false
1151,uity,false
1152,source,false
1153,riting,false
1154,ritories,false
1155,pdf,false
1156,pher,false
1157,ptions,false
1158,otional,false
1159,lish,false
1160,growing,false
1161,friendly,false
1162,focus,false
1163,fe,false
1164,ehic,false
1165,dy,false
1166,cut,false
1167,bi,false
1168,awareness,false
1169,Type,false
1170,Tier,false
1171,See,false
1172,Offic,false
1173,NISM,false
1174,National,false
1175,MAN,false
1176,LO,false
1177,IX,false
1178,GF,false
1179,EPF,false
1180,Comp,false
1181,CG,false
1182,Act,false
1183,Ass,false
1184,600,false
1185,125,false
1186,126,false
1187,Ġwidespread,false
1188,Ġthousand,false
1189,Ġstimul,false
1190,hmedabad,false
1191,ĠGuarantee,false
1192,Ġdiagnos,false
1193,ĠPPPs,false
1194,ĠMadhya,false
1195,ĠTelangana,false
1196,âī¥,false
1197,ĠEstimates,false
1198,ĠVikas,false
1199,Ġsolely,false
1200,Ġtowns,false
1201,Received,false
1202,ĠCommodity,false
1203,ĠOfficial,false
1204,Ġcoastal,false
1205,Ġfeasible,false
1206,Ġdispers,false
1207,Ġappointed,false
1208,Ġanalyses,false
1209,ĠTribun,false
1210,ĠAudit,false
1211,Ġtailored,false
1212,Capital,false
1213,Ġmethodology,false
1214,Ġdisparities,false
1215,ĠCollectively,false
1216,Ġconsequences,false
1217,Ġattractive,false
1218,Ġdisbursed,false
1219,Ġrigid,false
1220,Schemes,false
1221,Ġvouch,false
1222,Ġdelayed,false
1223,ĠWorking,false
1224,Ġpilot,false
1225,ĠOrganisation,false
1226,Ġdemocratic,false
1227,Ġhabit,false
1228,ĠHousing,false
1229,ĠNCDs,false
1230,ĠInstead,false
1231,Ġslight,false
1232,hemicals,false
1233,Ġcorporates,false
1234,Ġthresholds,false
1235,Ġbridge,false
1236,ĠAnalyst,false
1237,attery,false
1238,UTP,false
1239,Ġweakening,false
1240,ripura,false
1241,Ġgained,false
1242,Ġcutting,false
1243,Ġcorridor,false
1244,ĠDistribution,false
1245,ĠPanchayat,false
1246,gnos,false
1247,Ġclassified,false
1248,RDA,false
1249,Ġincorporate,false
1250,ĠSmart,false
1251,ĠElectron,false
1252,Ġcampaigns,false
1253,Ġempowering,false
1254,ological,false
1255,Agri,false
1256,Ġdraft,false
1257,ĠGoa,false
1258,Ġcomparative,false
1259,Ġfragmentation,false
1260,Ġleveraged,false
1261,Ġsimplification,false
1262,INR,false
1263,Ġagglomer,false
1264,Ġemphasises,false
1265,ype,false
1266,Ġhands,false
1267,Ġassociation,false
1268,Ġactors,false
1269,Ġwidesp,false
1270,Ġabsolute,false
1271,Ġcitizen,false
1272,RIPS,false
1273,Ġuniversities,false
1274,Ġdisclosed,false
1275,ĠExport,false
1276,Ġstatecraft,false
1277,Ġinstrument,false
1278,Ġintermediation,false
1279,tinued,false
1280,onstruction,false
1281,Ġhelping,false
1282,Ġtransitioned,false
1283,ĠAlong,false
1284,Ġevolved,false
1285,Ġmainly,false
1286,Ġmetal,false
1287,Ġscreen,false
1288,Ġscar,false
1289,Ġtermin,false
1290,Ġmultil,false
1291,Ġsegreg,false
1292,ructuring,false
1293,ĠUncertainty,false
1294,Ġinternet,false
1295,Ġinstalled,false
1296,Ġcollectively,false
1297,Ġequal,false
1298,Ġwherein,false
1299,ĠAdminist,false
1300,Ġ98,false
1301,Ġ94,false
1302,ITY,false
1303,ĠAccess,false
1304,claim,false
1305,cling,false
1306,Ġ85,false
1307,Ġfaculty,false
1308,Ġrelating,false
1309,Ġscheduled,false
1310,etition,false
1311,Ġresponses,false
1312,Ġmoved,false
1313,Ġ69,false
1314,Ġ67,false
1315,Ġ63,false
1316,Ġdepository,false
1317,porates,false
1318,121,false
1319,Ġinitially,false
1320,outs,false
1321,ultinational,false
1322,Ġassured,false
1323,lecting,false
1324,entific,false
1325,ibrant,false
1326,Ġmodules,false
1327,arta,false
1328,exts,false
1329,Ġload,false
1330,Ġspons,false
1331,Ġrecy,false
1332,Ġprepar,false
1333,Ġpreced,false
1334,ifth,false
1335,Ġdirections,false
1336,Ġinteroper,false
1337,ĠWomen,false
1338,Ġoutlined,false
1339,ewable,false
1340,Ġinsufficient,false
1341,Ġunorganised,false
1342,Ġunlisted,false
1343,Ġunlock,false
1344,hief,false
1345,aryana,false
1346,Ġoverl,false
1347,Ġdisaster,false
1348,Ġaccredit,false
1349,ĠOpen,false
1350,ĠOff,false
1351,Ġfinances,false
1352,ĠUAE,false
1353,ĠUse,false
1354,Ġcapacities,false
1355,rowing,false
1356,Ġadverse,false
1357,ĠEar,false
1358,ĠEM,false
1359,orest,false
1360,ignment,false
1361,enders,false
1362,vestock,false
1363,Ġship,false
1364,ĠDrug,false
1365,ĠGPs,false
1366,ĠGS,false
1367,rencies,false
1368,ĠInput,false
1369,Ġcool,false
1370,Ġexpl,false
1371,irc,false
1372,ĠTheir,false
1373,Ġbegan,false
1374,ĠRupee,false
1375,ĠRail,false
1376,ĠRen,false
1377,ĠPLFS,false
1378,ĠPRI,false
1379,ĠPay,false
1380,ĠMGNRE,false
1381,ĠMetro,false
1382,ĠMechan,false
1383,ĠMul,false
1384,Ġenfor,false
1385,ectrum,false
1386,ĠCurrently,false
1387,ĠCP,false
1388,ĠCE,false
1389,Ġexclusive,false
1390,unity,false
1391,âĢĺ,false
1392,Ġprojections,false
1393,Ġlin,false
1394,olute,false
1395,Ġforces,false
1396,Ġstations,false
1397,2015,false
1398,Ġgra,false
1399,Ġgl,false
1400,eter,false
1401,ett,false
1402,ĠTechnical,false
1403,ĠTe,false
1404,ĠAsian,false
1405,ĠAreas,false
1406,Ġthous,false
1407,ĠSemiconduct,false
1408,ĠIES,false
1409,Ġbilateral,false
1410,Ġdron,false
1411,Ġdign,false
1412,Ġfel,false
1413,ison,false
1414,itch,false
1415,room,false
1416,Ġportion,false
1417,Ġpanchay,false
1418,edge,false
1419,Ġstip,false
1420,Ġstim,false
1421,Ġsour,false
1422,Ġcere,false
1423,remental,false
1424,Ġtur,false
1425,Ġtw,false
1426,inars,false
1427,inational,false
1428,Ġiii,false
1429,"Ġ""",false
1430,ÃĹ,false
1431,wad,false
1432,vity,false
1433,uy,false
1434,selling,false
1435,period,false
1436,ports,false
1437,mile,false
1438,ious,false
1439,hmed,false
1440,hor,false
1441,ger,false
1442,food,false
1443,def,false
1444,bour,false
1445,Trade,false
1446,RL,false
1447,Out,false
1448,MP,false
1449,IV,false
1450,Gross,false
1451,FE,false
1452,DU,false
1453,Com,false
1454,Cent,false
1455,Based,false
1456,BP,false
1457,AU,false
1458,)/,false
1459,Ġroughly,false
1460,aRRVA,false
1461,ĠLogistics,false
1462,ĠAfrica,false
1463,ĠRequirements,false
1464,Ġundergone,false
1465,Ġdecentralised,false
1466,ĠSwadeshi,false
1467,Ġministries,false
1468,Ġmaternal,false
1469,ĠAustralia,false
1470,inflation,false
1471,Budgeted,false
1472,ĠBihar,false
1473,Ġsyn,false
1474,Ġpermanent,false
1475,Ġimperative,false
1476,ĠAMCs,false
1477,Infrastructure,false
1478,Ġmaximum,false
1479,Ġprudent,false
1480,longed,false
1481,Ġcorporations,false
1482,Ġbeginning,false
1483,ĠBengaluru,false
1484,Ġbottlenec,false
1485,ĥĠâĢĥĠâĢĥĠâĢĥĠâĢ,false
1486,Ġdetermined,false
1487,ĠInitiatives,false
1488,Ġguarantee,false
1489,Ġconsultation,false
1490,Ġorganisational,false
1491,Ġambition,false
1492,ĠAbhi,false
1493,Ġanalytics,false
1494,Ġanalytical,false
1495,ĠAfter,false
1496,Ġclassification,false
1497,Ġaccessible,false
1498,udicating,false
1499,Ġdoubled,false
1500,Ġneutral,false
1501,Ġelimin,false
1502,Ġpersistence,false
1503,Ġconsiderations,false
1504,ĠSaf,false
1505,Ġmicrofinance,false
1506,Ġelectronic,false
1507,Ġaspects,false
1508,ĠManagers,false
1509,amilies,false
1510,Ġdominant,false
1511,Ġdominated,false
1512,Ġmisleading,false
1513,Ġflag,false
1514,Ġburdens,false
1515,Ġsimplified,false
1516,Ġlocations,false
1517,Ġlocation,false
1518,ĠGuarant,false
1519,Ġfourth,false
1520,Ġautomated,false
1521,Ġfulf,false
1522,ĠImpact,false
1523,ĠITIs,false
1524,Ġmeetings,false
1525,Ġexamined,false
1526,Ġdocument,false
1527,employ,false
1528,RES,false
1529,ĠExpanding,false
1530,Ġcollaborative,false
1531,Ġmarks,false
1532,Ġutilised,false
1533,Ġpreviously,false
1534,Ġborrower,false
1535,Ġdeepen,false
1536,Ġadopting,false
1537,Ġadopt,false
1538,ĠRev,false
1539,Ġfacilitation,false
1540,Ġextending,false
1541,Indian,false
1542,Ġaiming,false
1543,Ġmetro,false
1544,inked,false
1545,Ġengaging,false
1546,Ġnotional,false
1547,ront,false
1548,ĠConf,false
1549,ĠMany,false
1550,Ġgenerating,false
1551,Ġprotected,false
1552,Ġimported,false
1553,Int,false
1554,Ġshareholding,false
1555,Ġshareholders,false
1556,Ġjurisd,false
1557,Ġjewellery,false
1558,Ġcorrection,false
1559,Ġescal,false
1560,Ġquasi,false
1561,Ġquick,false
1562,izations,false
1563,Ġparticipated,false
1564,Ġ62,false
1565,ĠRegistration,false
1566,122,false
1567,cessing,false
1568,Ġdemat,false
1569,arious,false
1570,149,false
1571,lected,false
1572,Ġstrengths,false
1573,111,false
1574,Ġmode,false
1575,Ġable,false
1576,tained,false
1577,achal,false
1578,Ġoption,false
1579,Ġgoverning,false
1580,Ġ44,false
1581,Ġlogic,false
1582,109,false
1583,108,false
1584,Ġspanning,false
1585,Ġproducers,false
1586,Ġplaces,false
1587,Ġprevail,false
1588,Ġprevention,false
1589,ĠLODR,false
1590,ĠListed,false
1591,ions,false
1592,Ġinteractions,false
1593,amless,false
1594,Ġoutward,false
1595,Ġoutp,false
1596,ĠHim,false
1597,beral,false
1598,Ġunderstand,false
1599,ĠStud,false
1600,Ġaccord,false
1601,ĠOriented,false
1602,Ġcrores,false
1603,osite,false
1604,Ġcontributions,false
1605,Ġreserve,false
1606,ĠBen,false
1607,ĠBE,false
1608,ĠNITI,false
1609,ĠES,false
1610,owards,false
1611,ĠDerivatives,false
1612,Ġcompens,false
1613,ĠGupt,false
1614,ĠGVC,false
1615,Ġviz,false
1616,Ġvess,false
1617,Ġalthough,false
1618,irt,false
1619,ĠRational,false
1620,ĠPS,false
1621,unds,false
1622,ĠMember,false
1623,ĠMar,false
1624,Ġcomfort,false
1625,ĠFair,false
1626,ĠFol,false
1627,ĠFC,false
1628,ustice,false
1629,ĠCiv,false
1630,Ġconcession,false
1631,Ġconc,false
1632,olution,false
1633,Ġstagn,false
1634,Ġstay,false
1635,Ġstri,false
1636,Ġgriev,false
1637,Ġgas,false
1638,ĠAEs,false
1639,ĠSha,false
1640,Ġhospital,false
1641,stood,false
1642,Ġelements,false
1643,ury,false
1644,Ġrecip,false
1645,Ġmix,false
1646,Ġweek,false
1647,Ġwind,false
1648,ecraft,false
1649,Ġbrand,false
1650,Ġderi,false
1651,Ġdia,false
1652,Ġfalling,false
1653,Ġthemselves,false
1654,Ġthemes,false
1655,Ġtheme,false
1656,ingu,false
1657,Ġpiv,false
1658,Ġpark,false
1659,enh,false
1660,ony,false
1661,Ġtight,false
1662,Ġurg,false
1663,Ġqui,false
1664,Ġrough,false
1665,Ġ/,false
1666,pe,false
1667,nai,false
1668,my,false
1669,ired,false
1670,https,false
1671,fold,false
1672,eff,false
1673,co,false
1674,bhasha,false
1675,aRR,false
1676,around,false
1677,az,false
1678,RP,false
1679,Pur,false
1680,MSEI,false
1681,MCX,false
1682,Market,false
1683,Jan,false
1684,IL,false
1685,IA,false
1686,Foreign,false
1687,Further,false
1688,FA,false
1689,Domestic,false
1690,COs,false
1691,By,false
1692,)(,false
1693,ĠLanguage,false
1694,Ġexpenditures,false
1695,ĠCDSL,false
1696,Ġethanol,false
1697,onitoring,false
1698,clical,false
1699,Ġdisproportion,false
1700,Ġcognitive,false
1701,lenec,false
1702,Ġdissem,false
1703,Ġcandid,false
1704,ĠFrontiers,false
1705,Ġprogressively,false
1706,Ġgrassroots,false
1707,connected,false
1708,Ġheavily,false
1709,Ġstreet,false
1710,Ġolder,false
1711,country,false
1712,Ġjudgement,false
1713,Ġclients,false
1714,Ġunderpinned,false
1715,ersonal,false
1716,Ġbottom,false
1717,Ġranking,false
1718,Ġfrictions,false
1719,www,false
1720,Ġmigration,false
1721,Ġbuffer,false
1722,Ġdestinations,false
1723,Ġfraudulent,false
1724,Ġrequiring,false
1725,ĠRTI,false
1726,ĠVIII,false
1727,ĠModel,false
1728,Ġviolations,false
1729,Ġrelease,false
1730,Ġgeograph,false
1731,Ġcaptures,false
1732,Ġrepresenting,false
1733,Ġdatabase,false
1734,ĠSubstitution,false
1735,ĠManagmement,false
1736,ĠTrusts,false
1737,ĠIPO,false
1738,Ġratings,false
1739,Ġpenalties,false
1740,Ġfluct,false
1741,Ġaffect,false
1742,ceptions,false
1743,Shri,false
1744,Ġlivelihood,false
1745,Ġconsolidated,false
1746,ĠDesign,false
1747,ĠSCAL,false
1748,Ġoilseed,false
1749,ĠREIT,false
1750,Ġmarginally,false
1751,Ġallocated,false
1752,ĠAssessment,false
1753,Ġdownstream,false
1754,Ġenterprise,false
1755,anned,false
1756,Ġreviews,false
1757,ĠInflation,false
1758,ĠRecovery,false
1759,hasha,false
1760,Ġcommitted,false
1761,Ġclearances,false
1762,ĠMinister,false
1763,Ġintermediate,false
1764,Ġcategor,false
1765,ĠAmeric,false
1766,ĠAmount,false
1767,Ġlessons,false
1768,served,false
1769,Ġchallenging,false
1770,ĠAlthough,false
1771,Ġorganized,false
1772,Ġfactories,false
1773,Ġpowerful,false
1774,Ġreceive,false
1775,Ġregistrations,false
1776,Ġportfolios,false
1777,Ġparticular,false
1778,Ġaddressed,false
1779,Ġfacilitates,false
1780,ĠGovernance,false
1781,Ġprofits,false
1782,Ġprofile,false
1783,ĠRespon,false
1784,Ġinflationary,false
1785,Ġknow,false
1786,valent,false
1787,plain,false
1788,certainty,false
1789,ticulture,false
1790,Ġscalable,false
1791,Ġadvis,false
1792,assroots,false
1793,Ġsurpass,false
1794,onses,false
1795,Ġreductions,false
1796,Ġmoneti,false
1797,Ġvaluable,false
1798,Ġboard,false
1799,angana,false
1800,jected,false
1801,Ġquarters,false
1802,izes,false
1803,Ġraises,false
1804,ordin,false
1805,Ġsignal,false
1806,onds,false
1807,Ġuser,false
1808,Ġrepayment,false
1809,ĠVenture,false
1810,114,false
1811,aterial,false
1812,Ġ500,false
1813,Ġspatial,false
1814,Ġspent,false
1815,Ġagency,false
1816,Ġroutes,false
1817,Ġprefer,false
1818,mselves,false
1819,ĠLangu,false
1820,ĠLog,false
1821,Ġnote,false
1822,Ġhere,false
1823,Ġoutside,false
1824,Ġinsurers,false
1825,Ġunit,false
1826,Ġthroughout,false
1827,Ġdismis,false
1828,Ġappoint,false
1829,balancing,false
1830,Ġlear,false
1831,mple,false
1832,upt,false
1833,BIS,false
1834,Ġcapex,false
1835,umin,false
1836,Ġresulted,false
1837,ĠBDMCL,false
1838,ĠBrokers,false
1839,ĠBut,false
1840,ĠBal,false
1841,ĠBe,false
1842,ĠEstate,false
1843,mement,false
1844,Ġimpacts,false
1845,ĠDE,false
1846,ĠGrants,false
1847,istr,false
1848,Ġvend,false
1849,Ġcoup,false
1850,Ġexpendit,false
1851,ficate,false
1852,Ġranging,false
1853,ĠPP,false
1854,ĠMadh,false
1855,ĠMedium,false
1856,ested,false
1857,itime,false
1858,Ġentire,false
1859,Ġentity,false
1860,Ġonboard,false
1861,Ġdeb,false
1862,ĠCensus,false
1863,ĠCDS,false
1864,ĠCost,false
1865,rieved,false
1866,riented,false
1867,Ġperceived,false
1868,Ġname,false
1869,Ġnations,false
1870,olvency,false
1871,ols,false
1872,Ġstrict,false
1873,ulted,false
1874,ĠTHE,false
1875,ĠTel,false
1876,ĠAnother,false
1877,ĠSettlement,false
1878,cell,false
1879,Ġethan,false
1880,urisd,false
1881,Ġwindow,false
1882,Ġwent,false
1883,Ġwa,false
1884,ictions,false
1885,ara,false
1886,Ġfee,false
1887,isd,false
1888,itors,false
1889,roots,false
1890,Ġpassive,false
1891,Ġpack,false
1892,ederal,false
1893,alay,false
1894,Ġsell,false
1895,Ġcargo,false
1896,erit,false
1897,ern,false
1898,onitor,false
1899,Ġaug,false
1900,Ġrain,false
1901,Ġ<,false
1902,âī,false
1903,worth,false
1904,wan,false
1905,uated,false
1906,trans,false
1907,sub,false
1908,rum,false
1909,pay,false
1910,lomer,false
1911,ls,false
1912,ker,false
1913,jections,false
1914,ives,false
1915,hab,false
1916,hat,false
1917,gener,false
1918,clic,false
1919,Ws,false
1920,Second,false
1921,SO,false
1922,SB,false
1923,NCL,false
1924,NM,false
1925,Man,false
1926,Gs,false
1927,Comm,false
1928,Co,false
1929,06,false
1930,Ġjourney,false
1931,ĠEstim,false
1932,ĠCountries,false
1933,ĠXVI,false
1934,ĠSVANidhi,false
1935,GNRE,false
1936,DMCL,false
1937,Ġhectares,false
1938,Ġinspection,false
1939,Ġpassenger,false
1940,Ġdiseases,false
1941,ĠIndustrial,false
1942,Ġbringing,false
1943,organised,false
1944,Ġfriction,false
1945,Ġsemiconductors,false
1946,Ġsemiconductor,false
1947,ospital,false
1948,Ġcustoms,false
1949,Ġrelationships,false
1950,Ġdestination,false
1951,ĠProduction,false
1952,ĠAfric,false
1953,Ġholdings,false
1954,Ġdouble,false
1955,ĠTherefore,false
1956,Ġtasks,false
1957,ĠOutlook,false
1958,Ġcomputing,false
1959,ĠParticipatiom,false
1960,ĠPortfolio,false
1961,ĠAccused,false
1962,Ġrecommended,false
1963,Ġoffice,false
1964,Ġadjustments,false
1965,Ġbecame,false
1966,Ġera,false
1967,ICCL,false
1968,ĠHigher,false
1969,Ġinfluenced,false
1970,Ġinvolves,false
1971,Ġcloud,false
1972,Ġeveryday,false
1973,Ġcareful,false
1974,Ġfailed,false
1975,book,false
1976,Ġmeeting,false
1977,Ġabsence,false
1978,Ġgreenfield,false
1979,Ġopenness,false
1980,ĠVik,false
1981,operation,false
1982,Ġcertificates,false
1983,Ġcertified,false
1984,Ġpredomin,false
1985,aired,false
1986,folios,false
1987,ĠAppeal,false
1988,ANidhi,false
1989,Ġratios,false
1990,ĠCourts,false
1991,Ġconnections,false
1992,Ġlinking,false
1993,ĠCommercial,false
1994,Ġlesson,false
1995,ognising,false
1996,ĠIntelligence,false
1997,Ġcycles,false
1998,Ġdiffusion,false
1999,inds,false
2000,corporated,false
2001,Ġbasket,false
2002,registered,false
2003,Ġtrig,false
2004,ĠRequire,false
2005,Ġapplicable,false
2006,Ġmetropolitan,false
2007,Ġsmo,false
2008,ĠForm,false
2009,ĠReserve,false
2010,ĠResource,false
2011,Ġminutes,false
2012,atiom,false
2013,ĠWhat,false
2014,Ġarri,false
2015,Ġcurricul,false
2016,Ġdistrict,false
2017,ogen,false
2018,Invest,false
2019,Ġindicator,false
2020,holder,false
2021,Ġreduces,false
2022,Ġoffered,false
2023,ĠUSA,false
2024,ralia,false
2025,ufficient,false
2026,enses,false
2027,ĠJal,false
2028,Ġquantum,false
2029,Ġamendments,false
2030,Ġpolicymakers,false
2031,Ġmeans,false
2032,ressal,false
2033,Ġuses,false
2034,Ġabroad,false
2035,Ġsole,false
2036,Ġempowered,false
2037,Ġ52,false
2038,Ġrol,false
2039,ĠLd,false
2040,Ġrisen,false
2041,Ġinteraction,false
2042,aman,false
2043,Ġmanufacture,false
2044,Ġuns,false
2045,Ġunderg,false
2046,ĠStatis,false
2047,tite,false
2048,Ġtransitions,false
2049,Ġdisposed,false
2050,Ġdispro,false
2051,Ġsupportive,false
2052,resilient,false
2053,Ġfintech,false
2054,umption,false
2055,ĠBeyond,false
2056,ĠBill,false
2057,ĠNSDL,false
2058,ĠNPS,false
2059,Ġanother,false
2060,ĠDIIs,false
2061,ticals,false
2062,ĠGoods,false
2063,Ġcopper,false
2064,Ġcogn,false
2065,âĢĻ.,false
2066,elves,false
2067,Ġalgorith,false
2068,Ġalia,false
2069,anding,false
2070,ĠREs,false
2071,ĠPersons,false
2072,Ġwithdra,false
2073,ussia,false
2074,utral,false
2075,Ġnine,false
2076,Ġlater,false
2077,Ġforms,false
2078,Ġstages,false
2079,ĠAadhaar,false
2080,ĠSingle,false
2081,ĠSome,false
2082,ĠSen,false
2083,omet,false
2084,omer,false
2085,iled,false
2086,urg,false
2087,ura,false
2088,Ġtown,false
2089,Ġbio,false
2090,Ġfield,false
2091,Ġpollution,false
2092,Ġput,false
2093,Ġinward,false
2094,Ġsusp,false
2095,ortion,false
2096,esp,false
2097,eric,false
2098,Ġtaking,false
2099,Ġrad,false
2100,Ġ[,false
2101,uable,false
2102,ras,false
2103,ror,false
2104,pond,false
2105,mine,false
2106,map,false
2107,ming,false
2108,len,false
2109,hood,false
2110,fund,false
2111,fort,false
2112,USD,false
2113,URE,false
2114,Trans,false
2115,TR,false
2116,TO,false
2117,So,false
2118,Rs,false
2119,Pre,false
2120,Note,false
2121,LFS,false
2122,Equity,false
2123,Di,false
2124,At,false
2125,AB,false
2126,);,false
2127,Ġsubdued,false
2128,Ġroutine,false
2129,ĠAgreement,false
2130,Ġsilver,false
2131,ĠIncentive,false
2132,Ġdecentral,false
2133,Ġdifficult,false
2134,Ġadvantage,false
2135,Ġarrangements,false
2136,Ġfuel,false
2137,gorith,false
2138,Ġdatasets,false
2139,Ġdegree,false
2140,ĠNotably,false
2141,Rece,false
2142,Percentage,false
2143,Debt,false
2144,Ġbuffers,false
2145,Ġsheets,false
2146,ĠRoad,false
2147,udicial,false
2148,Ġhubs,false
2149,Ġlanguage,false
2150,Ġcooperation,false
2151,Ġconstituted,false
2152,ĠSwades,false
2153,Ġsafeguards,false
2154,ĠInvIT,false
2155,Ġcomparable,false
2156,***,false
2157,ĠIntegrated,false
2158,Ġrelevance,false
2159,Ġoffices,false
2160,Ġtrack,false
2161,ING,false
2162,Share,false
2163,Ġprincipal,false
2164,ĠImpro,false
2165,Ġdisciplined,false
2166,Ġfailures,false
2167,Ġspecifically,false
2168,Ġdocumentation,false
2169,Ġcombination,false
2170,ĠAssoci,false
2171,Ġbuoy,false
2172,Ġrecognising,false
2173,Ġlegitim,false
2174,Ġnecessit,false
2175,Ġestablishments,false
2176,Ġseason,false
2177,ĠAmong,false
2178,posal,false
2179,ĠCommod,false
2180,Ġpurposes,false
2181,Ġbalances,false
2182,ropri,false
2183,Ġhelps,false
2184,Ġfarming,false
2185,ĠAgainst,false
2186,Ġmaintenance,false
2187,Ġfacilitated,false
2188,Ġextends,false
2189,Ġextent,false
2190,Ġscenari,false
2191,Ġpromotes,false
2192,Ġinnovations,false
2193,Ġexperiences,false
2194,Ġminist,false
2195,Ġartificial,false
2196,ĠActivity,false
2197,Ġadvancing,false
2198,urnover,false
2199,ishing,false
2200,ĠChand,false
2201,Ġjourn,false
2202,Ġlowering,false
2203,Ġemerge,false
2204,ĠProvid,false
2205,raction,false
2206,ensing,false
2207,sider,false
2208,Ġ61,false
2209,Ġdepositories,false
2210,Ġraw,false
2211,Ġinstitution,false
2212,Ġsubdu,false
2213,Ġassistance,false
2214,ĠVigilance,false
2215,elled,false
2216,extiles,false
2217,Ġ42,false
2218,Ġworkplace,false
2219,Ġagri,false
2220,ĠWe,false
2221,Ġmanaging,false
2222,Ġuntil,false
2223,Ġdiss,false
2224,thern,false
2225,Ġaccumulation,false
2226,Ġaccommod,false
2227,ĠOffici,false
2228,ĠOf,false
2229,ĠUPFs,false
2230,ĠUN,false
2231,ricul,false
2232,lowing,false
2233,ĠEff,false
2234,ĠEs,false
2235,ĠEm,false
2236,Ġintensive,false
2237,changes,false
2238,tically,false
2239,ĠGross,false
2240,Ġcoast,false
2241,fications,false
2242,emia,false
2243,ĠMet,false
2244,pply,false
2245,ests,false
2246,itim,false
2247,gements,false
2248,ĠCases,false
2249,Ġexcessive,false
2250,Ġextension,false
2251,actions,false
2252,Ġprosp,false
2253,imes,false
2254,uct,false
2255,ĠTer,false
2256,ĠAayog,false
2257,ĠSH,false
2258,ĠIOSCO,false
2259,ĠIAs,false
2260,ĠIs,false
2261,ĠID,false
2262,lot,false
2263,vement,false
2264,ilateral,false
2265,iling,false
2266,uru,false
2267,astern,false
2268,ask,false
2269,Ġmaize,false
2270,Ġmor,false
2271,ecret,false
2272,Ġdrug,false
2273,Ġdone,false
2274,icals,false
2275,Ġfell,false
2276,Ġfam,false
2277,itable,false
2278,Ġpaper,false
2279,Ġselling,false
2280,Ġsal,false
2281,ortive,false
2282,Ġcrow,false
2283,Ġcand,false
2284,herent,false
2285,tiers,false
2286,reat,false
2287,Ġ+,false
2288,yan,false
2289,tees,false
2290,tax,false
2291,pur,false
2292,pre,false
2293,oth,false
2294,eved,false
2295,df,false
2296,VE,false
2297,SPI,false
2298,PE,false
2299,Mo,false
2300,CCs,false
2301,April,false
2302,Ġorientation,false
2303,liament,false
2304,Ġmultimodal,false
2305,ĠGatiShakti,false
2306,adhaar,false
2307,Ġnominal,false
2308,Ġequipment,false
2309,Ġparameters,false
2310,ĠReceipts,false
2311,riendly,false
2312,ĠAUM,false
2313,Ġdigiti,false
2314,Ġdevices,false
2315,ĠAndhra,false
2316,Ġsessions,false
2317,Ġprosecution,false
2318,ĠAdvanced,false
2319,house,false
2320,Ġhoriz,false
2321,ĠAppellants,false
2322,Ġsupervisory,false
2323,ĠMeasures,false
2324,Ġdefinition,false
2325,Ġdifferences,false
2326,Ġheadline,false
2327,Ġstabilising,false
2328,Ġhistorical,false
2329,Ġreveals,false
2330,Ġannounce,false
2331,ĠIPOs,false
2332,Ġoccup,false
2333,Ġreinforced,false
2334,Ġofficers,false
2335,Ġcirculars,false
2336,Ġproceeds,false
2337,Ġexerc,false
2338,Ġsimplify,false
2339,Ġtracking,false
2340,Ġpeer,false
2341,Ġseeks,false
2342,Shakti,false
2343,Ġcontrols,false
2344,Ġguidance,false
2345,Ġvulnerabilities,false
2346,Ġcarried,false
2347,Ġcarbon,false
2348,Ġactual,false
2349,Ġplayed,false
2350,employment,false
2351,Ġfeas,false
2352,Ġsequ,false
2353,Ġelectric,false
2354,ATION,false
2355,Ġbalanced,false
2356,ceedings,false
2357,Ġevolution,false
2358,Ġdirected,false
2359,Ġextend,false
2360,obile,false
2361,location,false
2362,perform,false
2363,Ġpreserve,false
2364,Ġmind,false
2365,Ġscaled,false
2366,Ġshifted,false
2367,Ġvariable,false
2368,Ġsurged,false
2369,Ġcorrect,false
2370,Ġwilling,false
2371,Ġvalues,false
2372,Ġrespective,false
2373,ilient,false
2374,Ġpossess,false
2375,Ġreference,false
2376,tiles,false
2377,ĠKarnataka,false
2378,ĠKa,false
2379,cession,false
2380,Ġ65,false
2381,Ġ64,false
2382,Ġdepreciation,false
2383,Ġamended,false
2384,150,false
2385,Ġsubmitted,false
2386,Ġremitt,false
2387,Ġ43,false
2388,Ġ41,false
2389,ails,false
2390,107,false
2391,103,false
2392,Ġrout,false
2393,Ġprecious,false
2394,Ġtransmission,false
2395,Ġtransit,false
2396,Ġ2047,false
2397,Ġunin,false
2398,Ġoverseas,false
2399,Ġdisp,false
2400,ĠOECD,false
2401,Ġgrown,false
2402,Ġappoin,false
2403,Ġapplied,false
2404,Ġfine,false
2405,Ġitems,false
2406,Ġorigin,false
2407,Ġorient,false
2408,ĠUp,false
2409,vency,false
2410,umulation,false
2411,Ġreshap,false
2412,Ġreserves,false
2413,ĠNEP,false
2414,ĠEquity,false
2415,egment,false
2416,Ġann,false
2417,endments,false
2418,chi,false
2419,ĠDef,false
2420,ĠGIFT,false
2421,ĠGram,false
2422,oted,false
2423,Ġvac,false
2424,Ġbeh,false
2425,ĠRed,false
2426,ĠRR,false
2427,ĠPower,false
2428,ĠPIT,false
2429,Ġcome,false
2430,ided,false
2431,ĠFrance,false
2432,ĠFees,false
2433,ĠFron,false
2434,Ġdeleg,false
2435,ĠCheck,false
2436,ĠCount,false
2437,ĠCities,false
2438,unched,false
2439,acities,false
2440,Ġproduce,false
2441,Ġpromp,false
2442,Ġlic,false
2443,Ġlat,false
2444,olation,false
2445,oles,false
2446,Ġ(-,false
2447,ĠTrends,false
2448,Ġhome,false
2449,ĠIFSC,false
2450,Ġwages,false
2451,Ġbureauc,false
2452,Ġbill,false
2453,Ġdensity,false
2454,Ġdim,false
2455,Ġden,false
2456,att,false
2457,rogen,false
2458,Ġpip,false
2459,Ġcall,false
2460,tip,false
2461,onth,false
2462,Ġtit,false
2463,Ġide,false
2464,Ġ~,false
2465,water,false
2466,vail,false
2467,produc,false
2468,lia,false
2469,fies,false
2470,Other,false
2471,Over,false
2472,Imp,false
2473,Iss,false
2474,FSC,false
2475,FI,false
2476,Evolution,false
2477,ECD,false
2478,DG,false
2479,Al,false
2480,Ġenvironments,false
2481,Ġsophistic,false
2482,Ġultimately,false
2483,islative,false
2484,ĠCompetitiveness,false
2485,Ġintensi,false
2486,ĠNBFCs,false
2487,Ġsanctioned,false
2488,Ġupdated,false
2489,ĠTrading,false
2490,while,false
2491,party,false
2492,Ġexplicitly,false
2493,Ġillustrates,false
2494,ĠCOVID,false
2495,Ġfeedback,false
2496,ĠElectricity,false
2497,ĠRTAs,false
2498,Ġfront,false
2499,Ġzones,false
2500,Environment,false
2501,ĠManager,false
2502,Ġevaluation,false
2503,Ġsurpluses,false
2504,Ġsocio,false
2505,Ġexamples,false
2506,Ġselect,false
2507,Ġeligibility,false
2508,Exp,false
2509,Ġcomplemented,false
2510,Ġcluster,false
2511,income,false
2512,Ġaccelerate,false
2513,Ġcalcul,false
2514,Ġachievements,false
2515,Ġgradually,false
2516,ĠPlatform,false
2517,ĠPlan,false
2518,compliance,false
2519,Ġsubstantially,false
2520,Ġundertake,false
2521,Ġcommitments,false
2522,Ġutilities,false
2523,Ġmatern,false
2524,Ġnormal,false
2525,cluded,false
2526,Ġanalys,false
2527,ĠAgency,false
2528,Ġbaseline,false
2529,Ġconsumers,false
2530,Ġdirectors,false
2531,Ġextreme,false
2532,stitution,false
2533,Ġspecified,false
2534,ĠCompliance,false
2535,ĠEnh,false
2536,Ġexperimentation,false
2537,Ġpreserving,false
2538,Ġprotecting,false
2539,Ġissuance,false
2540,Ġperspective,false
2541,comm,false
2542,Ġadvances,false
2543,Ġmeasured,false
2544,Ġdistinc,false
2545,PIs,false
2546,Ġ70,false
2547,tenance,false
2548,Ġwhereas,false
2549,Ġperiodic,false
2550,Ġpositions,false
2551,ufacture,false
2552,Ġparticipatory,false
2553,Ġsignals,false
2554,ributions,false
2555,entially,false
2556,rains,false
2557,Ġimproves,false
2558,105,false
2559,Ġrecently,false
2560,Ġaged,false
2561,Ġ2017,false
2562,Ġ2010,false
2563,Ġmanaged,false
2564,Ġuneven,false
2565,seed,false
2566,see,false
2567,Ġparts,false
2568,ĠOFS,false
2569,Ġ37,false
2570,Ġ33,false
2571,Ġfind,false
2572,Ġindispensability,false
2573,ĠUTs,false
2574,Ġregister,false
2575,erved,false
2576,ĠBrazil,false
2577,ĠNifty,false
2578,ĠEven,false
2579,ĠEU,false
2580,ĠDo,false
2581,ada,false
2582,Ġalmost,false
2583,emand,false
2584,emb,false
2585,ĠRef,false
2586,ĠPRS,false
2587,ĠPur,false
2588,ĠMeg,false
2589,Ġacquisition,false
2590,Ġenviron,false
2591,Ġderegulation,false
2592,acture,false
2593,sian,false
2594,utures,false
2595,ulatory,false
2596,Ġgender,false
2597,Ġgam,false
2598,ĠTraining,false
2599,ĠTaken,false
2600,ĠTrib,false
2601,ĠAwareness,false
2602,ĠAust,false
2603,ĠAud,false
2604,Ġholistic,false
2605,leading,false
2606,iles,false
2607,Ġeither,false
2608,Ġeight,false
2609,urring,false
2610,Ġdollar,false
2611,Ġdual,false
2612,arbon,false
2613,Ġfoods,false
2614,Ġpowers,false
2615,Ġinvestigation,false
2616,Ġsoph,false
2617,Ġsem,false
2618,Ġsw,false
2619,hel,false
2620,tification,false
2621,tial,false
2622,Ġtensions,false
2623,Ġtail,false
2624,Ġtill,false
2625,Ġtend,false
2626,Ġauth,false
2627,inf,false
2628,Ġii,false
2629,ws,false
2630,run,false
2631,made,false
2632,govern,false
2633,frequency,false
2634,depend,false
2635,come,false
2636,aize,false
2637,YC,false
2638,Settlement,false
2639,NG,false
2640,MT,false
2641,MS,false
2642,HE,false
2643,Global,false
2644,FC,false
2645,Cap,false
2646,Budget,false
2647,BC,false
2648,AY,false
2649,ewellery,false
2650,Ġsentiment,false
2651,ĠEnterprises,false
2652,Ġvoluntary,false
2653,ĠInsurance,false
2654,Ġfreight,false
2655,casting,false
2656,ĠChairman,false
2657,urrently,false
2658,ĠGeneral,false
2659,Ġdecreased,false
2660,Ġorganisations,false
2661,IFT,false
2662,Ġmethodolo,false
2663,ĠEuropean,false
2664,Ġboundaries,false
2665,Ġmachinery,false
2666,Ġcomprising,false
2667,Ġproperty,false
2668,Ġcivil,false
2669,Ġcivic,false
2670,Agriculture,false
2671,ĠRegional,false
2672,Ġprofitability,false
2673,Ġdomains,false
2674,Ġfrontier,false
2675,Ġexceeding,false
2676,ENT,false
2677,Ġhistorically,false
2678,ĠLocal,false
2679,Ġwidely,false
2680,Ġvillage,false
2681,Ġprocedures,false
2682,Ġreadiness,false
2683,ĠAccount,false
2684,Ġmitigate,false
2685,Ġseeking,false
2686,Ġgranted,false
2687,Ġpenetration,false
2688,Ġadjudication,false
2689,Ġnutrient,false
2690,Ġuniform,false
2691,ĠInstitutions,false
2692,ĠInstitutional,false
2693,Ġsenior,false
2694,Ġsensi,false
2695,ĠSecurity,false
2696,Ġmedical,false
2697,Ġweakness,false
2698,Ġsharing,false
2699,ĠRecent,false
2700,ĠTransport,false
2701,ĠTransfer,false
2702,poses,false
2703,Ġcybersecurity,false
2704,Ġprogressive,false
2705,Ġpractical,false
2706,Ġfarmer,false
2707,Ġviable,false
2708,ĠAgricultural,false
2709,ĠAgree,false
2710,Ġresponsibility,false
2711,Ġdefault,false
2712,Ġmultim,false
2713,ĠConversely,false
2714,ĠConsequently,false
2715,Ġaligns,false
2716,Ġprescribed,false
2717,ĠDebt,false
2718,Ġdemands,false
2719,Ġdistributed,false
2720,Ġneeded,false
2721,Ġfacility,false
2722,Ġobesity,false
2723,porary,false
2724,viation,false
2725,ĠLeg,false
2726,ifty,false
2727,Ġnotes,false
2728,Ġunderstanding,false
2729,Ġdispar,false
2730,Ġdisput,false
2731,nother,false
2732,Ġlet,false
2733,ĠBi,false
2734,Ġanchored,false
2735,ĠDomestic,false
2736,ĠGrade,false
2737,ssess,false
2738,Ġexplo,false
2739,ĠRules,false
2740,ĠMicro,false
2741,ersons,false
2742,Ġack,false
2743,urers,false
2744,2023,false
2745,ĠCAGR,false
2746,ĠCodes,false
2747,ĠColl,false
2748,Ġconsequ,false
2749,acts,false
2750,Ġlist,false
2751,Ġlate,false
2752,through,false
2753,imary,false
2754,ulent,false
2755,Ġgr,false
2756,ĠAut,false
2757,ĠIV,false
2758,ception,false
2759,Ġevents,false
2760,Ġtoday,false
2761,Ġreward,false
2762,Ġbul,false
2763,arters,false
2764,Ġpush,false
2765,Ġsale,false
2766,Ġsy,false
2767,Ġcultural,false
2768,enari,false
2769,tis,false
2770,inery,false
2771,Ġed,false
2772,van,false
2773,oci,false
2774,hap,false
2775,hra,false
2776,fall,false
2777,flow,false
2778,bit,false
2779,Re,false
2780,POs,false
2781,OSCO,false
2782,Mutual,false
2783,CI,false
2784,arnataka,false
2785,Ġexpertise,false
2786,Ġmaturity,false
2787,Ġprepared,false
2788,ĠRisk,false
2789,versities,false
2790,Ġsettlements,false
2791,Ġcorridors,false
2792,Ġquarterly,false
2793,ĠLeap,false
2794,Ġfavourable,false
2795,Ġsubstitution,false
2796,Ġapprenticeship,false
2797,etroleum,false
2798,Ġviolation,false
2799,Ġpossible,false
2800,ĠPortal,false
2801,Ġsurveys,false
2802,risk,false
2803,finance,false
2804,Ġadjustment,false
2805,ĠDisclosure,false
2806,Ġcourses,false
2807,ĠCorporate,false
2808,Ġvulnerability,false
2809,Ġaccep,false
2810,Ġimm,false
2811,arnatak,false
2812,conn,false
2813,ĠVietnam,false
2814,Ġrecognised,false
2815,ĠXV,false
2816,Ġinformed,false
2817,itigation,false
2818,Ġmovements,false
2819,eyond,false
2820,Ġautonomy,false
2821,Ġhelped,false
2822,ropolitan,false
2823,Ġtargeting,false
2824,Ġattrac,false
2825,Ġvolumes,false
2826,Ġdelivered,false
2827,Ġecosystems,false
2828,Ġengaged,false
2829,Ġdefence,false
2830,Ġfocuses,false
2831,Ġgenerally,false
2832,Ġdesignated,false
2833,Ġfollows,false
2834,Ġ90,false
2835,centage,false
2836,Ġcontinuity,false
2837,Ġweather,false
2838,prise,false
2839,Ġmoney,false
2840,izing,false
2841,bank,false
2842,Ġupg,false
2843,Ġliabilities,false
2844,ulty,false
2845,excluding,false
2846,Ġdecisive,false
2847,Ġ54,false
2848,Ġspread,false
2849,Ġspeed,false
2850,Ġsections,false
2851,Ġcommons,false
2852,Ġplaced,false
2853,Ġdirection,false
2854,ops,false
2855,Ġheav,false
2856,ĠHy,false
2857,ewell,false
2858,Ġdisbur,false
2859,Ġdisplay,false
2860,Ġappear,false
2861,Ġcontain,false
2862,ĠThrough,false
2863,Ġcapita,false
2864,ĠBh,false
2865,ĠEvidence,false
2866,Ġintent,false
2867,Ġshall,false
2868,ĠGati,false
2869,ĠGW,false
2870,ĠGP,false
2871,Ġexperti,false
2872,Ġalle,false
2873,Ġrig,false
2874,ĠPre,false
2875,ĠMCX,false
2876,Ġdeal,false
2877,Ġasymmet,false
2878,ĠCPI,false
2879,Ġexemp,false
2880,Ġpertaining,false
2881,Ġperman,false
2882,Ġliteracy,false
2883,olitan,false
2884,olistic,false
2885,uclear,false
2886,igin,false
2887,ĠSecond,false
2888,Ġhaving,false
2889,leum,false
2890,Ġeth,false
2891,urrency,false
2892,Ġmakes,false
2893,Ġmember,false
2894,Ġfoot,false
2895,isive,false
2896,anel,false
2897,Ġsenti,false
2898,ording,false
2899,erge,false
2900,Ġaway,false
2901,Ġul,false
2902,ĠÎ,false
2903,skill,false
2904,rit,false
2905,ph,false
2906,oks,false
2907,ned,false
2908,makers,false
2909,down,false
2910,during,false
2911,cri,false
2912,Sche,false
2913,SR,false
2914,110,false
2915,ĠHEIs,false
2916,Ġcalibrated,false
2917,Ġnavig,false
2918,ðĿĳ,false
2919,ureauc,false
2920,Ġproblem,false
2921,Ġindigenous,false
2922,Ġdeployed,false
2923,Ġanchor,false
2924,Ġcounter,false
2925,Ġpulses,false
2926,Ġfertiliser,false
2927,Ġagreements,false
2928,Ġsteel,false
2929,Ġsimultaneously,false
2930,Ġaccessibility,false
2931,ĠSmall,false
2932,Ġtypically,false
2933,ĠPrivate,false
2934,Ġreleased,false
2935,Ġaspir,false
2936,Ġtranslate,false
2937,Ġbenchmarks,false
2938,ĠSME,false
2939,ĠOfficer,false
2940,ĠSupervision,false
2941,ograph,false
2942,Ġsteps,false
2943,Ġcertainty,false
2944,Ġattracting,false
2945,Ġautomatic,false
2946,Ġcarry,false
2947,Ġsensitive,false
2948,Ġcriteria,false
2949,rections,false
2950,Ġweaker,false
2951,Ġcommittee,false
2952,Ġformalisation,false
2953,Ġconduct,false
2954,Ġfunctional,false
2955,Ġmandate,false
2956,ĠReal,false
2957,Ġmobile,false
2958,Ġbusinesses,false
2959,manirb,false
2960,ĠYet,false
2961,Ġmajority,false
2962,ĠComplementing,false
2963,Ġ99,false
2964,Ġ01,false
2965,clusive,false
2966,cles,false
2967,Ġ80,false
2968,Ġoffset,false
2969,Ġvaluation,false
2970,Ġpoor,false
2971,cessive,false
2972,Ġemployability,false
2973,Ġstrengthens,false
2974,eriod,false
2975,Ġdemographic,false
2976,Ġusage,false
2977,Ġsubsequent,false
2978,Ġsubs,false
2979,ficiency,false
2980,Ġ2016,false
2981,sements,false
2982,seas,false
2983,ervice,false
2984,Ġcapable,false
2985,ĠBusiness,false
2986,Ġintensity,false
2987,ĠGVCs,false
2988,Ġvo,false
2989,adha,false
2990,Ġincid,false
2991,Ġalternative,false
2992,Ġright,false
2993,irb,false
2994,ĠRating,false
2995,ĠRet,false
2996,ĠPPP,false
2997,under,false
2998,pped,false
2999,idhi,false
3000,Ġproactive,false
3001,Ġnomin,false
3002,abase,false
3003,Ġstatis,false
3004,Ġstocks,false
3005,Ġstre,false
3006,Ġthen,false
3007,ĠShi,false
3008,ĠSV,false
3009,ĠSE,false
3010,ĠIMF,false
3011,Ġevent,false
3012,Ġearn,false
3013,uration,false
3014,assive,false
3015,Ġretention,false
3016,Ġrevision,false
3017,Ġmar,false
3018,Ġduty,false
3019,Ġdate,false
3020,Ġdil,false
3021,Ġfish,false
3022,Ġfast,false
3023,itan,false
3024,Ġold,false
3025,Ġsil,false
3026,ority,false
3027,Ġtelecom,false
3028,ĠZ,false
3029,was,false
3030,war,false
3031,rating,false
3032,rations,false
3033,rance,false
3034,oy,false
3035,most,false
3036,listed,false
3037,ire,false
3038,gen,false
3039,gi,false
3040,even,false
3041,dep,false
3042,do,false
3043,border,false
3044,af,false
3045,SP,false
3046,RB,false
3047,PFs,false
3048,November,false
3049,Net,false
3050,GN,false
3051,Cor,false
3052,07,false
3053,Ġencompass,false
3054,ĠInnovation,false
3055,duled,false
3056,Employment,false
3057,rends,false
3058,Ġcultiv,false
3059,Ġpharmaceutical,false
3060,Ġengineering,false
3061,Ġmanagers,false
3062,Ġhardware,false
3063,Ġclarity,false
3064,Ġdividend,false
3065,Ġtask,false
3066,Ġfundamentals,false
3067,Ġdomain,false
3068,Ġoccur,false
3069,offs,false
3070,Ġdelay,false
3071,Ġnegoti,false
3072,ĠIncen,false
3073,Ġfunctioning,false
3074,Ġstreamlined,false
3075,Ġverified,false
3076,SDL,false
3077,These,false
3078,Ġmargins,false
3079,Ġconsidered,false
3080,Ġbackdrop,false
3081,ĠWithin,false
3082,ĠXII,false
3083,Ġfeature,false
3084,ĠOverall,false
3085,Ġestablishment,false
3086,Ġclearing,false
3087,Ġencouraged,false
3088,Ġsmaller,false
3089,regulation,false
3090,Ġtravel,false
3091,Ġmoderation,false
3092,ĠEcosystem,false
3093,Ġvolatile,false
3094,Ġscore,false
3095,Ġhighlighted,false
3096,ĠAnnual,false
3097,Ġstudent,false
3098,Ġinstead,false
3099,ĠEnforcement,false
3100,ĠEnvironment,false
3101,Ġissuers,false
3102,Ġkeep,false
3103,Ġdriver,false
3104,Ġdistinct,false
3105,Ġpool,false
3106,Ġdigitally,false
3107,eek,false
3108,Ġquestion,false
3109,Ġemployers,false
3110,Ġemployed,false
3111,Ġemployer,false
3112,Ġdepartments,false
3113,Ġdecent,false
3114,Ġ49,false
3115,Ġ58,false
3116,Ġ51,false
3117,Ġworker,false
3118,Ġworks,false
3119,Ġdiffic,false
3120,ĠWork,false
3121,ĠStock,false
3122,vidence,false
3123,Ġyoung,false
3124,Ġ34,false
3125,ourn,false
3126,Ġintelligence,false
3127,ayog,false
3128,Ġimper,false
3129,Ġcompute,false
3130,Ġsumm,false
3131,ĠPrice,false
3132,ĠMiddle,false
3133,Ġencomp,false
3134,ĠClearing,false
3135,uting,false
3136,Ġlight,false
3137,ulations,false
3138,etration,false
3139,ĠAMFI,false
3140,ĠAM,false
3141,ĠSam,false
3142,ĠSB,false
3143,ĠIf,false
3144,ĠIX,false
3145,ceived,false
3146,stream,false
3147,asures,false
3148,astic,false
3149,Ġmess,false
3150,Ġdid,false
3151,Ġfixed,false
3152,Ġfrequ,false
3153,isl,false
3154,atak,false
3155,rokers,false
3156,Ġports,false
3157,Ġpil,false
3158,Ġsatell,false
3159,Ġcatal,false
3160,usive,false
3161,pass,false
3162,missions,false
3163,ket,false
3164,count,false
3165,VCs,false
3166,US,false
3167,SS,false
3168,Number,false
3169,Mar,false
3170,EM,false
3171,DM,false
3172,Building,false
3173,An,false
3174,04,false
3175,ymmet,false
3176,razil,false
3177,largest,false
3178,ĠConnectivity,false
3179,Ġsufficient,false
3180,Ġmetrics,false
3181,Ġlanguages,false
3182,Ġequip,false
3183,Financial,false
3184,Ġentrepreneurial,false
3185,Ġregarding,false
3186,lands,false
3187,financial,false
3188,Ġbudgeted,false
3189,Ġcomplementary,false
3190,Ġpredictability,false
3191,Ġpeak,false
3192,Ġrationalisation,false
3193,Ġdelays,false
3194,ĠGujarat,false
3195,ĠIncome,false
3196,Ġcommodities,false
3197,Ġchoice,false
3198,MFI,false
3199,Ġprinciple,false
3200,Ġinvolved,false
3201,ĠImport,false
3202,Ġfailure,false
3203,Ġdynamic,false
3204,Ġrapidly,false
3205,Ġrecognition,false
3206,Ġreinforce,false
3207,Ġdemonstrates,false
3208,Ġidentifying,false
3209,Ġpathway,false
3210,ommod,false
3211,Ġconnected,false
3212,Ġmatters,false
3213,erences,false
3214,oking,false
3215,Ġresponsible,false
3216,Ġmoderate,false
3217,Ġpartners,false
3218,Ġinterests,false
3219,Ġsmart,false
3220,inking,false
3221,Ġstudies,false
3222,Ġpresents,false
3223,chored,false
3224,Ġgenerated,false
3225,atile,false
3226,Ġprotect,false
3227,Ġissuances,false
3228,Inf,false
3229,Ġ75,false
3230,efficient,false
3231,Ġobligations,false
3232,eties,false
3233,Ġmoving,false
3234,ensus,false
3235,Ġinitial,false
3236,timately,false
3237,Ġupward,false
3238,ressed,false
3239,Ġliving,false
3240,Ġproviders,false
3241,Ġsystematic,false
3242,Ġsupports,false
3243,Ġ56,false
3244,Ġtrades,false
3245,Ġroute,false
3246,Ġ2030,false
3247,ify,false
3248,oph,false
3249,Ġhect,false
3250,Ġinsp,false
3251,Ġparamet,false
3252,ĠOper,false
3253,ĠOF,false
3254,Ġappeals,false
3255,Ġmarketing,false
3256,ĠBetween,false
3257,ĠBased,false
3258,Ġintended,false
3259,akers,false
3260,Ġcompound,false
3261,ĠGiven,false
3262,istration,false
3263,quality,false
3264,Ġallied,false
3265,ĠPLI,false
3266,ĠPF,false
3267,ĠMaster,false
3268,ĠMr,false
3269,essment,false
3270,cious,false
3271,ĠFarm,false
3272,usp,false
3273,ĠCategory,false
3274,ĠCity,false
3275,atell,false
3276,etnam,false
3277,Ġthough,false
3278,Ġthus,false
3279,ĠSP,false
3280,Ġharm,false
3281,Ġmental,false
3282,Ġpill,false
3283,Ġsales,false
3284,esity,false
3285,inct,false
3286,à¤,false
3287,ymm,false
3288,vents,false
3289,uate,false
3290,such,false
3291,pen,false
3292,field,false
3293,free,false
3294,drop,false
3295,brid,false
3296,ODR,false
3297,03,false
3298,quisition,false
3299,Ġauthorities,false
3300,ĠSupport,false
3301,Ġseparate,false
3302,Ġirrigation,false
3303,Ġvillages,false
3304,Ġpenalty,false
3305,Ġprocedural,false
3306,Ġsociety,false
3307,Ġnationwide,false
3308,Ġclosely,false
3309,Ġsubsidies,false
3310,ĠCompany,false
3311,Ġmitigation,false
3312,ĠAccordingly,false
3313,Ġtesting,false
3314,Ġspecialised,false
3315,Ġgrants,false
3316,Ġmobilisation,false
3317,ĠOrgan,false
3318,Ġunique,false
3319,Ġsense,false
3320,ĠXI,false
3321,ĠOne,false
3322,Ġestablishing,false
3323,ĠRece,false
3324,Ġfoundation,false
3325,Ġsimple,false
3326,Ġadministration,false
3327,Ġseven,false
3328,Ġidentify,false
3329,Ġdiscusses,false
3330,oung,false
3331,cludes,false
3332,Ġcurrently,false
3333,Ġevident,false
3334,Ġutiliz,false
3335,Ġconstrained,false
3336,Ġpractice,false
3337,Ġintroduction,false
3338,Ġpriority,false
3339,Ġattributed,false
3340,Ġmetals,false
3341,Ġclearly,false
3342,Ġsetting,false
3343,ĠExchange,false
3344,Ġconstruction,false
3345,Ġfocusing,false
3346,versal,false
3347,ĠCompeti,false
3348,Ġcollection,false
3349,Ġpromotion,false
3350,clusion,false
3351,Ġsurge,false
3352,Ġweighted,false
3353,Ġskilled,false
3354,Ġjud,false
3355,Ġenhances,false
3356,Ġdemoc,false
3357,Ġapprovals,false
3358,Ġsignalling,false
3359,argo,false
3360,ĠHE,false
3361,Ġparallel,false
3362,Ġ32,false
3363,Ġchanging,false
3364,ump,false
3365,ĠBanks,false
3366,ĠNext,false
3367,lies,false
3368,ĠDec,false
3369,ĠGreen,false
3370,iry,false
3371,ĠPr,false
3372,ĠMutual,false
3373,ried,false
3374,Ġlab,false
3375,ĠTier,false
3376,rand,false
3377,raz,false
3378,Ġhab,false
3379,Ġmaxim,false
3380,Ġpublished,false
3381,Ġslow,false
3382,ero,false
3383,tire,false
3384,gar,false
3385,dra,false
3386,cost,false
3387,bur,false
3388,RS,false
3389,Ms,false
3390,GDP,false
3391,08,false
3392,ultaneously,false
3393,Ġsoftware,false
3394,Ġimmediate,false
3395,Ġyouth,false
3396,ĠFirst,false
3397,Ġstakeholders,false
3398,Ġcharges,false
3399,Ġcement,false
3400,Ġrestrictions,false
3401,ĠIssue,false
3402,Ġprioritise,false
3403,Ġreinforcing,false
3404,ĠControl,false
3405,ĠOffice,false
3406,Ġsubsidy,false
3407,Ġpasseng,false
3408,Ġemphasis,false
3409,Ġdisruption,false
3410,Ġprinciples,false
3411,Ġstreamline,false
3412,Ġstandardised,false
3413,Ġsolutions,false
3414,Ġmarking,false
3415,Ġdemonstrated,false
3416,Ġmaintained,false
3417,gov,false
3418,ĠQu,false
3419,Ġmatur,false
3420,Ġevolve,false
3421,ĠReview,false
3422,Industry,false
3423,Ġscope,false
3424,Ġinnovative,false
3425,Ġapproaches,false
3426,Ġcollections,false
3427,ĠEnter,false
3428,atial,false
3429,ĠAdvis,false
3430,Ġarg,false
3431,centric,false
3432,Ġprojected,false
3433,Ġadvant,false
3434,Ġprud,false
3435,Ġurbanisation,false
3436,SEI,false
3437,ĠProgress,false
3438,ĠProject,false
3439,ĠProf,false
3440,porated,false
3441,Ġupon,false
3442,raining,false
3443,Ġsaid,false
3444,Ġincluded,false
3445,Ġ48,false
3446,Ġ53,false
3447,Ġtraded,false
3448,Ġregular,false
3449,ĠLabour,false
3450,ĠStructural,false
3451,Ġdise,false
3452,agn,false
3453,Ġ35,false
3454,upee,false
3455,ĠNon,false
3456,Ġinten,false
3457,Ġonce,false
3458,riend,false
3459,Ġlag,false
3460,abad,false
3461,ĠAU,false
3462,ĠSustain,false
3463,ĠSchool,false
3464,ĠSab,false
3465,asi,false
3466,Ġmen,false
3467,Ġbinding,false
3468,Ġdurable,false
3469,Ġofficial,false
3470,Ġfees,false
3471,Ġflo,false
3472,Ġside,false
3473,ene,false
3474,Ġten,false
3475,Ġvery,false
3476,Ġ=,false
3477,long,false
3478,jarat,false
3479,ience,false
3480,ik,false
3481,Rural,false
3482,RF,false
3483,PR,false
3484,ION,false
3485,December,false
3486,CE,false
3487,93,false
3488,Ġcongestion,false
3489,ĠAffairs,false
3490,Ġepis,false
3491,âĹı,false
3492,Ġappropriate,false
3493,Ġlosses,false
3494,Ġimposed,false
3495,Ġaggregate,false
3496,ĠMaharashtra,false
3497,Ġrecommendations,false
3498,cept,false
3499,Ġfoster,false
3500,Ġcalib,false
3501,Ġdisruptions,false
3502,Ġprofessionals,false
3503,Ġactively,false
3504,ĠCorporation,false
3505,iteria,false
3506,Ġcomplexity,false
3507,sequent,false
3508,Ġfutures,false
3509,Ġshape,false
3510,Ġborrowings,false
3511,Ġcycle,false
3512,Ġdeepening,false
3513,bersecurity,false
3514,Ġadopted,false
3515,Ġvolunt,false
3516,ĠAngel,false
3517,Ġstronger,false
3518,Ġimplementing,false
3519,Ġcollective,false
3520,Ġaligning,false
3521,Ġminerals,false
3522,Ġtrained,false
3523,Ġequities,false
3524,ĠAdj,false
3525,Ġarran,false
3526,Ġshifting,false
3527,Ġindices,false
3528,Ġoperating,false
3529,Ġdiscretion,false
3530,tension,false
3531,axim,false
3532,Ġintegrate,false
3533,ollution,false
3534,Ġtimelines,false
3535,Ġremaining,false
3536,Ġremo,false
3537,Ġplans,false
3538,Ġroles,false
3539,Ġ2013,false
3540,Ġ2011,false
3541,ĠLa,false
3542,alled,false
3543,Ġoutlook,false
3544,ĠHous,false
3545,Ġappeal,false
3546,Ġlearn,false
3547,antum,false
3548,ĠUK,false
3549,ervisory,false
3550,ĠBuilding,false
3551,ĠNCD,false
3552,akti,false
3553,Ġshock,false
3554,Ġcomposition,false
3555,ĠInnov,false
3556,Ġvision,false
3557,adh,false
3558,Ġallows,false
3559,emption,false
3560,ĠIndustry,false
3561,irman,false
3562,ĠPA,false
3563,ĠMumbai,false
3564,pping,false
3565,itive,false
3566,Ġconges,false
3567,Ġconven,false
3568,riev,false
3569,Ġexit,false
3570,ulated,false
3571,Ġhost,false
3572,Ġrely,false
3573,Ġmil,false
3574,Ġdaily,false
3575,Ġdig,false
3576,Ġfall,false
3577,Ġfu,false
3578,atform,false
3579,ita,false
3580,Ġsanitation,false
3581,Ġcli,false
3582,including,false
3583,pective,false
3584,mis,false
3585,larg,false
3586,itions,false
3587,gor,false
3588,face,false
3589,dul,false
3590,TM,false
3591,SA,false
3592,Emp,false
3593,Dep,false
3594,Category,false
3595,AE,false
3596,Particulars,false
3597,closure,false
3598,ĠValue,false
3599,elecom,false
3600,Ġcharacterised,false
3601,Ġpartnerships,false
3602,Ġdifferenti,false
3603,Ġsuccessfully,false
3604,Ġdatas,false
3605,Ġfragmented,false
3606,Ġleveraging,false
3607,ĠSupreme,false
3608,Ġfostering,false
3609,versely,false
3610,Ġchoices,false
3611,Ġfully,false
3612,Ġintegrating,false
3613,Amendment,false
3614,ĠCouncil,false
3615,apping,false
3616,Ġdiversified,false
3617,ĠMarkets,false
3618,Ġencouraging,false
3619,Ġallowed,false
3620,Ġpurch,false
3621,SCI,false
3622,Ġconstraint,false
3623,Ġmandates,false
3624,Ġintervention,false
3625,Ġvolume,false
3626,Ġtaxes,false
3627,ĠConn,false
3628,ĠUni,false
3629,Ġtreated,false
3630,Ġbecoming,false
3631,Ġdriving,false
3632,ĠChange,false
3633,Ġjoint,false
3634,Ġsustaining,false
3635,quire,false
3636,Ġusers,false
3637,Ġprep,false
3638,amet,false
3639,Ġincreases,false
3640,Ġunderpin,false
3641,ĠStability,false
3642,Ġ38,false
3643,Ġ36,false
3644,Ġadverti,false
3645,ĠNBF,false
3646,Ġimplications,false
3647,ists,false
3648,ĠInst,false
3649,ĠIns,false
3650,Ġvs,false
3651,ading,false
3652,Ġsuffici,false
3653,Ġrule,false
3654,irm,false
3655,ĠRis,false
3656,ĠProm,false
3657,ĠMore,false
3658,Ġdeg,false
3659,ĠCerti,false
3660,raft,false
3661,mental,false
3662,asing,false
3663,Ġreason,false
3664,Ġresid,false
3665,Ġmid,false
3666,ecutive,false
3667,Ġsci,false
3668,Ġsl,false
3669,oration,false
3670,hem,false
3671,erts,false
3672,reak,false
3673,invest,false
3674,holding,false
3675,Year,false
3676,Res,false
3677,On,false
3678,harashtra,false
3679,Ġinspections,false
3680,Ġaccompanied,false
3681,allel,false
3682,Ġresponsibilities,false
3683,ĠGermany,false
3684,Ġcomplaints,false
3685,Ġfindings,false
3686,Ġfemale,false
3687,heck,false
3688,Ġclaims,false
3689,Ġwebsite,false
3690,Ġreveal,false
3691,Ġexercise,false
3692,Ġteach,false
3693,Ġnegative,false
3694,Ġgradual,false
3695,ĠOrder,false
3696,iteracy,false
3697,Ġconvergence,false
3698,Ġexamines,false
3699,ĠTransformation,false
3700,Ġdeficits,false
3701,ĠInterest,false
3702,Ġconsumer,false
3703,ĠEconomy,false
3704,Ġdiverse,false
3705,Ġinstance,false
3706,ĠEng,false
3707,Ġpresented,false
3708,harash,false
3709,Ġaddiction,false
3710,ĠChart,false
3711,Ġaccounted,false
3712,Ġcorpor,false
3713,Ġrail,false
3714,ultaneous,false
3715,aily,false
3716,ĠLi,false
3717,ams,false
3718,Ġinspec,false
3719,ĠStand,false
3720,Ġaccompan,false
3721,Ġcrops,false
3722,like,false
3723,ĠInter,false
3724,quis,false
3725,ĠIndust,false
3726,odal,false
3727,gel,false
3728,ĠForeign,false
3729,Ġprocurement,false
3730,Ġproposed,false
3731,Ġnav,false
3732,Ġlay,false
3733,Ġforce,false
3734,Ġstood,false
3735,etween,false
3736,ĠAff,false
3737,Ġhar,false
3738,Ġep,false
3739,Ġbring,false
3740,Ġfre,false
3741,road,false
3742,alle,false
3743,Ġsanc,false
3744,estion,false
3745,tier,false
3746,rend,false
3747,Ġtake,false
3748,ðĿ,false
3749,utive,false
3750,oot,false
3751,gress,false
3752,cast,false
3753,VID,false
3754,Pending,false
3755,From,false
3756,Ġthreshold,false
3757,Ġmeaningful,false
3758,ĠAugust,false
3759,Ġbegin,false
3760,ĠPartnership,false
3761,Ġabsorb,false
3762,Ġadequate,false
3763,Ġresolution,false
3764,Ġannounced,false
3765,reciation,false
3766,Ġenrolment,false
3767,ĠIntegration,false
3768,Ġupgrading,false
3769,Particul,false
3770,Ġcourse,false
3771,Ġsharply,false
3772,Ġdisclosures,false
3773,Ġmonthly,false
3774,Ġshaping,false
3775,Ġmaterials,false
3776,ĠAll,false
3777,Ġlaunch,false
3778,Ġfactor,false
3779,Ġincentive,false
3780,Ġresponsib,false
3781,ĠRevenue,false
3782,ĠCentres,false
3783,ITI,false
3784,Ġmeasure,false
3785,Ġhealthy,false
3786,Ġcreates,false
3787,Ġeducational,false
3788,ĠRegulation,false
3789,Ġrespond,false
3790,Ġpricing,false
3791,Ġraising,false
3792,Ġinitiated,false
3793,Ġeffectiveness,false
3794,Ġapproval,false
3795,artments,false
3796,Ġdiversity,false
3797,ope,false
3798,Ġinvesting,false
3799,rant,false
3800,ĠBengal,false
3801,ĠNadu,false
3802,ĠNot,false
3803,owered,false
3804,owers,false
3805,ĠGVA,false
3806,ems,false
3807,ĠMay,false
3808,erson,false
3809,Ġdev,false
3810,ither,false
3811,Ġlies,false
3812,ĠAnd,false
3813,ratic,false
3814,Ġthres,false
3815,Ġretain,false
3816,Ġwar,false
3817,Ġbott,false
3818,Ġbrid,false
3819,Ġbi,false
3820,ick,false
3821,itt,false
3822,Ġpaid,false
3823,Ġsession,false
3824,organ,false
3825,Ġculture,false
3826,Ġcol,false
3827,encing,false
3828,inations,false
3829,ining,false
3830,pin,false
3831,RA,false
3832,Others,false
3833,EP,false
3834,Dis,false
3835,Con,false
3836,82,false
3837,02,false
3838,.),false
3839,igilance,false
3840,ĥĠâĢĥĠâĢ,false
3841,ublished,false
3842,Ġnarrow,false
3843,Ġoutlay,false
3844,ĠLimited,false
3845,Ġtreatment,false
3846,Ġconflict,false
3847,Ġconsistently,false
3848,ĠIntermediation,false
3849,Ġleadership,false
3850,vestigation,false
3851,Ġsafeguard,false
3852,ĠInvITs,false
3853,umbai,false
3854,Ġsurplus,false
3855,Ġsurveillance,false
3856,cribed,false
3857,Ġcircular,false
3858,learing,false
3859,ĠDirect,false
3860,ĠMSME,false
3861,Ġmarginal,false
3862,Ġcommitment,false
3863,ĠYoY,false
3864,Ġidentified,false
3865,State,false
3866,Ġpurpose,false
3867,Ġpursu,false
3868,Ġsafe,false
3869,Ġcontribute,false
3870,ĠAgriculture,false
3871,ĠAnal,false
3872,Ġrequirement,false
3873,lock,false
3874,lementing,false
3875,Ġdecades,false
3876,Ġsoft,false
3877,Ġ55,false
3878,Ġpref,false
3879,ĠWhere,false
3880,ĠOdisha,false
3881,Ġ39,false
3882,Ġ29,false
3883,antly,false
3884,Ġcontent,false
3885,ĠAIF,false
3886,umes,false
3887,umer,false
3888,ĠNet,false
3889,ĠEmp,false
3890,endations,false
3891,ĠGroup,false
3892,ots,false
3893,"âĢĻ,",false
3894,ficates,false
3895,Ġrank,false
3896,iring,false
3897,ĠPer,false
3898,ĠPh,false
3899,pper,false
3900,ĠCha,false
3901,Ġpros,false
3902,ĠTamil,false
3903,oming,false
3904,urrent,false
3905,ental,false
3906,atch,false
3907,atter,false
3908,Ġpolitical,false
3909,Ġpace,false
3910,Ġahead,false
3911,âĹ,false
3912,ored,false
3913,ient,false
3914,curement,false
3915,Wh,false
3916,SI,false
3917,Ac,false
3918,ĠSingapore,false
3919,Ġcoordinated,false
3920,Ġdetermin,false
3921,Ġtribal,false
3922,Ġproceedings,false
3923,Ġclusters,false
3924,Ġchannel,false
3925,Ġreaching,false
3926,Ġverification,false
3927,Ġimmedi,false
3928,ĠShare,false
3929,Ġfeatures,false
3930,Ġgoal,false
3931,Ġflexible,false
3932,Ġdemonstrate,false
3933,Ġbehavioural,false
3934,Ġincentiv,false
3935,Ġassessments,false
3936,Ġuncertainties,false
3937,play,false
3938,Ġpresent,false
3939,Ġpersons,false
3940,ĠAdv,false
3941,Ġoperate,false
3942,ollar,false
3943,Ġemissions,false
3944,Ġvalid,false
3945,Ġupd,false
3946,Ġappropri,false
3947,Ġspaces,false
3948,Ġunp,false
3949,ressive,false
3950,Ġfinal,false
3951,ricultural,false
3952,rice,false
3953,ayment,false
3954,udication,false
3955,ĠGener,false
3956,ĠIniti,false
3957,ĠIndispensability,false
3958,ĠRel,false
3959,aper,false
3960,urea,false
3961,2022,false
3962,Ġpermitted,false
3963,Ġproble,false
3964,versi,false
3965,ĠTogether,false
3966,ĠTotal,false
3967,ĠTrad,false
3968,ĠAsia,false
3969,Ġhours,false
3970,Ġfresh,false
3971,Ġfric,false
3972,Ġserves,false
3973,Ġseed,false
3974,Ġcul,false
3975,tiliz,false
3976,Ġair,false
3977,inding,false
3978,oin,false
3979,ka,false
3980,hous,false
3981,from,false
3982,Un,false
3983,UT,false
3984,Services,false
3985,Non,false
3986,For,false
3987,EX,false
3988,05,false
3989,Ġtalent,false
3990,Ġmeaning,false
3991,ĠAND,false
3992,Box,false
3993,Ġelectronics,false
3994,Ġnotified,false
3995,Ġpremium,false
3996,Ġexample,false
3997,Ġunderscores,false
3998,Ġpredictable,false
3999,Ġchannels,false
4000,Ġfull,false
4001,Ġconcentration,false
4002,Ġcrude,false
4003,Ġguarant,false
4004,Ġorganised,false
4005,Ġleading,false
4006,Ġcontributing,false
4007,Ġpayment,false
4008,Ġachieving,false
4009,ĠSchemes,false
4010,Ġdeliber,false
4011,Ġdeliver,false
4012,uncil,false
4013,Ġbroadly,false
4014,Ġpharmaceu,false
4015,engal,false
4016,Ġscaling,false
4017,Ġadvance,false
4018,Ġstands,false
4019,Ġweaken,false
4020,Ġcorresponding,false
4021,Ġrespect,false
4022,ĠKey,false
4023,Ġconsult,false
4024,Ġsaw,false
4025,Ġsoil,false
4026,Ġproduct,false
4027,Ġheightened,false
4028,Ġoutstanding,false
4029,Ġyo,false
4030,ĠOther,false
4031,ĠOb,false
4032,Ġindigen,false
4033,ĠUttar,false
4034,ervision,false
4035,aya,false
4036,liz,false
4037,ĠGerman,false
4038,Ġrun,false
4039,2026,false
4040,uty,false
4041,though,false
4042,igil,false
4043,ĠSince,false
4044,leg,false
4045,state,false
4046,Ġreliance,false
4047,ectiveness,false
4048,Ġsemiconduct,false
4049,Ġserve,false
4050,erals,false
4051,Ġaver,false
4052,ĥĠâĢ,false
4053,Ġ',false
4054,ww,false
4055,uations,false
4056,port,false
4057,de,false
4058,clos,false
4059,ame,false
4060,Rec,false
4061,OR,false
4062,IP,false
4063,Ad,false
4064,09,false
4065,Ġearlier,false
4066,Ġpercentage,false
4067,disha,false
4068,Ġguidelines,false
4069,Ġintegrity,false
4070,This,false
4071,ĠExpenditure,false
4072,Ġstatus,false
4073,Ġsteadily,false
4074,Ġmaintaining,false
4075,Ġpressure,false
4076,ligations,false
4077,Ġelectricity,false
4078,Ġreliability,false
4079,Ġreliable,false
4080,Ġdiscussion,false
4081,Ġborrowers,false
4082,Stock,false
4083,Ġbanking,false
4084,Ġmandatory,false
4085,Ġreported,false
4086,Ġregistration,false
4087,Ġrecords,false
4088,Ġbasic,false
4089,Ġaddressing,false
4090,Ġemerged,false
4091,Ġengine,false
4092,Ġsett,false
4093,Ġtargets,false
4094,ĠInvestors,false
4095,Ġpresence,false
4096,Ġgenerate,false
4097,volution,false
4098,Ġdeploy,false
4099,Ġdecreas,false
4100,Ġloan,false
4101,ĠHindi,false
4102,Ġunified,false
4103,Ġleverage,false
4104,osp,false
4105,Ġorders,false
4106,erving,false
4107,Ġanch,false
4108,Ġshares,false
4109,Ġcomplain,false
4110,istered,false
4111,Ġcovered,false
4112,Ġcoun,false
4113,ĠRural,false
4114,ĠMT,false
4115,Ġcentre,false
4116,ĠCode,false
4117,rip,false
4118,Ġgood,false
4119,Ġgain,false
4120,ĠIII,false
4121,load,false
4122,Ġmig,false
4123,Ġbl,false
4124,Ġdedicated,false
4125,arat,false
4126,ites,false
4127,tioned,false
4128,Ġpul,false
4129,Ġsix,false
4130,Ġcut,false
4131,enabled,false
4132,tificial,false
4133,Ġauthor,false
4134,wh,false
4135,we,false
4136,te,false
4137,sation,false
4138,part,false
4139,other,false
4140,ios,false
4141,ior,false
4142,Per,false
4143,Monetary,false
4144,GS,false
4145,De,false
4146,BSE,false
4147,ĠKorea,false
4148,ĠSimilarly,false
4149,Ġfertilis,false
4150,Ġcustom,false
4151,Ġvehicles,false
4152,responding,false
4153,ompan,false
4154,Ġeligible,false
4155,ĠCompanies,false
4156,Ġroads,false
4157,Ġtransactions,false
4158,Ġtransaction,false
4159,Ġcompleted,false
4160,Ġcomponent,false
4161,Ġsolar,false
4162,Ġlarger,false
4163,Ġbuff,false
4164,Ġbuy,false
4165,Ġlegal,false
4166,Ġdetailed,false
4167,Ġgoals,false
4168,Ġutilisation,false
4169,ĠAmendment,false
4170,Ġorganis,false
4171,Ġmetric,false
4172,Ġengage,false
4173,Ġfacilities,false
4174,Ġrelations,false
4175,Ġcorrid,false
4176,Ġensures,false
4177,Ġraise,false
4178,Ġamb,false
4179,Ġclass,false
4180,Ġitself,false
4181,Ġagree,false
4182,Ġoutflows,false
4183,Ġmanner,false
4184,Ġfinding,false
4185,Ġcontribution,false
4186,ĠAIFs,false
4187,ĠData,false
4188,ĠDist,false
4189,Ġvia,false
4190,ĠPanchay,false
4191,gement,false
4192,Ġexhib,false
4193,action,false
4194,acing,false
4195,Ġnatural,false
4196,Ġgrid,false
4197,ettlement,false
4198,ĠAb,false
4199,ĠSuch,false
4200,Ġhor,false
4201,Ġhy,false
4202,Ġdest,false
4203,Ġfem,false
4204,atal,false
4205,anitation,false
4206,Ġshe,false
4207,ued,false
4208,rigation,false
4209,oti,false
4210,mal,false
4211,bound,false
4212,UTs,false
4213,IF,false
4214,CO,false
4215,AD,false
4216,87,false
4217,Ġsovereign,false
4218,Ġbarriers,false
4219,ĠFramework,false
4220,Ġexpectations,false
4221,Ġlaws,false
4222,requency,false
4223,Ġeasing,false
4224,Ġconsolidation,false
4225,Ġinfluence,false
4226,Ġvulnerable,false
4227,ĠREITs,false
4228,Ġcredibility,false
4229,ĠInstitute,false
4230,Ġstatutory,false
4231,Ġshaped,false
4232,Ġmovement,false
4233,Ġlinkages,false
4234,Ġopportunity,false
4235,ĠCapacity,false
4236,Ġanaly,false
4237,Ġmatter,false
4238,ensions,false
4239,SCO,false
4240,ecurity,false
4241,Ġmethod,false
4242,Ġclean,false
4243,Chapter,false
4244,ttar,false
4245,Ġoutcome,false
4246,Ġdrivers,false
4247,Ġdistricts,false
4248,hips,false
4249,ĠProduc,false
4250,Ġquarter,false
4251,Ġraised,false
4252,Ġconsistent,false
4253,Ġsovere,false
4254,Ġspending,false
4255,Ġprevent,false
4256,Ġ2015,false
4257,Ġ2014,false
4258,ĠLe,false
4259,Ġoutreach,false
4260,Ġmanag,false
4261,Ġinsights,false
4262,Ġleast,false
4263,ups,false
4264,Ġresults,false
4265,formance,false
4266,ender,false
4267,ott,false
4268,Ġexplicit,false
4269,quity,false
4270,Ġalone,false
4271,Ġrights,false
4272,ĠRo,false
4273,apore,false
4274,Ġste,false
4275,ĠAug,false
4276,ĠAf,false
4277,ĠSu,false
4278,Ġholding,false
4279,Ġmunicipal,false
4280,isory,false
4281,Ġsepar,false
4282,Ġstill,false
4283,Ġsim,false
4284,retion,false
4285,Ġtal,false
4286,vals,false
4287,med,false
4288,gn,false
4289,ault,false
4290,RR,false
4291,RO,false
4292,MD,false
4293,CX,false
4294,BF,false
4295,AS,false
4296,95,false
4297,83,false
4298,500,false
4299,01,false
4300,ĠEurope,false
4301,Ġembedded,false
4302,Ġrelevant,false
4303,Ġindependent,false
4304,Ġrenewable,false
4305,Ġwider,false
4306,Ġtariffs,false
4307,Ġfoundational,false
4308,Ġmaterial,false
4309,ĠAppell,false
4310,Ġbenefit,false
4311,Ġdepends,false
4312,indow,false
4313,Ġtraffic,false
4314,Ġmoderated,false
4315,Ġbuilt,false
4316,place,false
4317,Ġadded,false
4318,Ġtimely,false
4319,ĠProtection,false
4320,Ġbound,false
4321,Ġdepth,false
4322,Ġclassi,false
4323,ightened,false
4324,ables,false
4325,ubl,false
4326,Ġmanage,false
4327,Ġunderlying,false
4328,Ġacces,false
4329,Ġyet,false
4330,Ġcrop,false
4331,ositories,false
4332,rants,false
4333,igned,false
4334,udic,false
4335,que,false
4336,adu,false
4337,ĠPradhan,false
4338,ĠFood,false
4339,sitions,false
4340,uted,false
4341,Ġnar,false
4342,ĠAuthority,false
4343,ĠST,false
4344,Ġhold,false
4345,Ġmach,false
4346,iction,false
4347,Ġfavour,false
4348,Ġcumulative,false
4349,investment,false
4350,sector,false
4351,rs,false
4352,building,false
4353,Us,false
4354,RD,false
4355,Ġofficials,false
4356,ographic,false
4357,board,false
4358,Ġcredible,false
4359,ĠViksit,false
4360,sequently,false
4361,Ġyields,false
4362,rection,false
4363,Ġrepresents,false
4364,Ġpathways,false
4365,Ġvisible,false
4366,Ġborrowing,false
4367,Ġreporting,false
4368,Ġentry,false
4369,Ġcreating,false
4370,Investment,false
4371,Ġmonetary,false
4372,poration,false
4373,Ġfraud,false
4374,Ġincludes,false
4375,Ġsystemic,false
4376,Ġoutl,false
4377,tity,false
4378,lication,false
4379,Ġshown,false
4380,istance,false
4381,Ġincor,false
4382,Ġsup,false
4383,used,false
4384,Ġlack,false
4385,igen,false
4386,ĠSm,false
4387,Ġelevated,false
4388,Ġrequ,false
4389,aneous,false
4390,hec,false
4391,Ġtonnes,false
4392,la,false
4393,hod,false
4394,TS,false
4395,App,false
4396,ĠResilience,false
4397,edicated,false
4398,Ġillust,false
4399,Ġtourism,false
4400,AGR,false
4401,ĠProgramme,false
4402,Ġunderscoring,false
4403,ĠCommission,false
4404,Ġlikely,false
4405,Ġdefined,false
4406,Ġgrew,false
4407,Ġoffering,false
4408,Ġemployees,false
4409,Ġapproved,false
4410,Ġreports,false
4411,abled,false
4412,taining,false
4413,ksit,false
4414,ĠLim,false
4415,Ġnotable,false
4416,Ġcompr,false
4417,ĠCredit,false
4418,ĠCO,false
4419,Ġhard,false
4420,Ġearnings,false
4421,Ġoffici,false
4422,Ġfeed,false
4423,atures,false
4424,Ġseries,false
4425,ense,false
4426,tra,false
4427,otion,false
4428,ials,false
4429,back,false
4430,bon,false
4431,aving,false
4432,DR,false
4433,ĠMantri,false
4434,ĠClimate,false
4435,Ġcovering,false
4436,Ġpersonal,false
4437,Ġcomponents,false
4438,Ġgroups,false
4439,Ġdetails,false
4440,Ġsecondary,false
4441,Ġlinked,false
4442,rope,false
4443,Ġfunctions,false
4444,Ġreceipts,false
4445,coring,false
4446,Ġphase,false
4447,Ġenabled,false
4448,ĠManufacturing,false
4449,Ġtreat,false
4450,ĠAction,false
4451,Ġdoub,false
4452,Ġcontinuous,false
4453,Ġpoints,false
4454,Ġboost,false
4455,ĠJune,false
4456,ĠKore,false
4457,Ġtimes,false
4458,Ġeffects,false
4459,ĠVal,false
4460,Ġmodest,false
4461,Ġdeclining,false
4462,Ġsecure,false
4463,Ġregulators,false
4464,Ġunits,false
4465,epar,false
4466,ancy,false
4467,ĠUPI,false
4468,Ġregime,false
4469,ĠElect,false
4470,ĠEu,false
4471,change,false
4472,ĠThere,false
4473,Ġbeg,false
4474,ĠRaj,false
4475,ĠFir,false
4476,urement,false
4477,Ġexecution,false
4478,active,false
4479,Ġproper,false
4480,Ġlending,false
4481,Ġstage,false
4482,Ġground,false
4483,Ġgold,false
4484,ĠSing,false
4485,urable,false
4486,Ġworth,false
4487,Ġwage,false
4488,Ġfree,false
4489,Ġfore,false
4490,Ġauthority,false
4491,site,false
4492,VC,false
4493,NSE,false
4494,NA,false
4495,Ġacademic,false
4496,Ġcampaign,false
4497,Ġprofessional,false
4498,ĠDepartment,false
4499,Ġcombined,false
4500,Ġdisclosure,false
4501,ĠFPIs,false
4502,Ġdependence,false
4503,Ġmandated,false
4504,Ġconflic,false
4505,Ġalignment,false
4506,Ġhealthcare,false
4507,Ġcreated,false
4508,ogether,false
4509,ĠKerala,false
4510,Ġclar,false
4511,Ġeffect,false
4512,Ġgovernments,false
4513,Ġempower,false
4514,Ġloss,false
4515,Ġtransform,false
4516,Ġ2018,false
4517,lines,false
4518,ĠâĢĶ,false
4519,resh,false
4520,Ġcontracts,false
4521,Ġcontract,false
4522,venue,false
4523,Ġvital,false
4524,ĠRT,false
4525,ĠPart,false
4526,Ġactions,false
4527,ĠFebruary,false
4528,ush,false
4529,utory,false
4530,Ġstake,false
4531,ular,false
4532,Ġhub,false
4533,Ġmission,false
4534,Ġciv,false
4535,erman,false
4536,Ġtyp,false
4537,Ġtem,false
4538,scale,false
4539,olo,false
4540,mission,false
4541,flows,false
4542,To,false
4543,Ag,false
4544,onnes,false
4545,elligence,false
4546,Ġburden,false
4547,Ġbarri,false
4548,Ġadaptation,false
4549,Ġreturns,false
4550,Ġaudit,false
4551,Amount,false
4552,Ġdocuments,false
4553,Ġresulting,false
4554,Ġencourage,false
4555,ĠSouth,false
4556,avour,false
4557,Ġtransparent,false
4558,Ġavoid,false
4559,Ġkm,false
4560,tention,false
4561,Ġpoint,false
4562,tilis,false
4563,ĠJuly,false
4564,ĠRegion,false
4565,Ġindustries,false
4566,ternative,false
4567,Ġeffort,false
4568,Ġsubstit,false
4569,ĠVII,false
4570,ficient,false
4571,Ġrecovery,false
4572,Ġregulated,false
4573,Ġdivid,false
4574,ĠWater,false
4575,Ġapprentices,false
4576,illance,false
4577,Ġcharg,false
4578,ricts,false
4579,ĠBSE,false
4580,ustain,false
4581,ĠGrowth,false
4582,ĠPri,false
4583,ĠMant,false
4584,ĠMod,false
4585,ĠMe,false
4586,iddle,false
4587,Ġne,false
4588,Ġlangu,false
4589,than,false
4590,imin,false
4591,igation,false
4592,ĠSimil,false
4593,ĠIN,false
4594,Ġel,false
4595,econd,false
4596,itation,false
4597,Ġpoverty,false
4598,oring,false
4599,reen,false
4600,Ġtechnical,false
4601,Ġtas,false
4602,Ġć,false
4603,wise,false
4604,eals,false
4605,PP,false
4606,81,false
4607,Ġarchitecture,false
4608,umulative,false
4609,ository,false
4610,Ġbecause,false
4611,Ġpatterns,false
4612,Ġnutrition,false
4613,Ġcertification,false
4614,Ġmarked,false
4615,levated,false
4616,Ġdiscussed,false
4617,Ġcategory,false
4618,airs,false
4619,Ġfacilitating,false
4620,Ġrevenues,false
4621,ĠResili,false
4622,ĠFinance,false
4623,Ġpersistent,false
4624,Ġindicate,false
4625,armaceu,false
4626,ĠJapan,false
4627,Ġdeployment,false
4628,aceu,false
4629,Ġclaim,false
4630,Ġrepl,false
4631,ateral,false
4632,Ġagencies,false
4633,Ġsectoral,false
4634,radhan,false
4635,Ġimpos,false
4636,Ġcooper,false
4637,elec,false
4638,Ġproportion,false
4639,etro,false
4640,Ġmuch,false
4641,Ġway,false
4642,Ġbest,false
4643,Ġflow,false
4644,ister,false
4645,head,false
4646,rug,false
4647,cle,false
4648,AP,false
4649,97,false
4650,85,false
4651,84,false
4652,):,false
4653,Ġcharacter,false
4654,Ġmerchandise,false
4655,Ġaffordable,false
4656,Ġaggreg,false
4657,ĠDespite,false
4658,Ġcommodity,false
4659,Ġabsor,false
4660,Ġconnectivity,false
4661,Ġdeeper,false
4662,Ġcompany,false
4663,Ġviol,false
4664,Ġprofit,false
4665,ĠEnergy,false
4666,Ġestimate,false
4667,Ġlonger,false
4668,Ġbrokers,false
4669,Ġweb,false
4670,Ġfundament,false
4671,anging,false
4672,till,false
4673,order,false
4674,Ġconstit,false
4675,Ġoptim,false
4676,Ġadequ,false
4677,ĠEast,false
4678,ĠDigital,false
4679,eline,false
4680,ĠFra,false
4681,ecting,false
4682,acter,false
4683,aced,false
4684,verti,false
4685,Ġrele,false
4686,Ġdom,false
4687,Ġfron,false
4688,Ġfew,false
4689,Ġfer,false
4690,edic,false
4691,Ġseen,false
4692,Ġcust,false
4693,Ġir,false
4694,tection,false
4695,dle,false
4696,SH,false
4697,Ġbeneficiaries,false
4698,Ġwitnessed,false
4699,Ġconfidence,false
4700,erala,false
4701,Ġindividuals,false
4702,Ġcyber,false
4703,Ġstructures,false
4704,Ġstructured,false
4705,Ġachieved,false
4706,Ġextended,false
4707,ĠBoard,false
4708,Ġdefin,false
4709,Ġfocused,false
4710,ĠUnion,false
4711,value,false
4712,atis,false
4713,Ġpersist,false
4714,arnings,false
4715,Ġindicates,false
4716,Ġperiods,false
4717,ization,false
4718,Ġability,false
4719,ĠLtd,false
4720,ĠHealth,false
4721,Ġhighly,false
4722,Ġchain,false
4723,ĠInformation,false
4724,Ġexceed,false
4725,Ġline,false
4726,Ġge,false
4727,ĠAr,false
4728,ĠSpecial,false
4729,Ġequi,false
4730,Ġear,false
4731,Ġdra,false
4732,enture,false
4733,Ġfar,false
4734,Ġothers,false
4735,ery,false
4736,onetary,false
4737,ones,false
4738,indi,false
4739,with,false
4740,ume,false
4741,tech,false
4742,making,false
4743,lain,false
4744,gence,false
4745,ON,false
4746,Fin,false
4747,EN,false
4748,Bs,false
4749,92,false
4750,being,false
4751,ĠDelhi,false
4752,Ġownership,false
4753,Ġown,false
4754,Ġcontributed,false
4755,Ġpriorities,false
4756,Ġpartnership,false
4757,Ġenables,false
4758,Ġhowever,false
4759,ĠWhen,false
4760,Ġmean,false
4761,Ġconsist,false
4762,linked,false
4763,Ġglobally,false
4764,alling,false
4765,licit,false
4766,ĠOut,false
4767,Ġcompet,false
4768,ĠIntermedi,false
4769,Ġexpect,false
4770,ĠCons,false
4771,ĠTable,false
4772,mented,false
4773,atural,false
4774,Ġour,false
4775,Ġpos,false
4776,Ġsize,false
4777,Ġclos,false
4778,Ġage,false
4779,Ġz,false
4780,ule,false
4781,oid,false
4782,ging,false
4783,PF,false
4784,98,false
4785,94,false
4786,Ġarchitect,false
4787,Ġmerely,false
4788,unicipal,false
4789,Ġvehic,false
4790,Ġconsider,false
4791,Ġmonths,false
4792,Ġinformal,false
4793,Ġleaders,false
4794,Ġdifferen,false
4795,Ġregions,false
4796,ipal,false
4797,Ġefficient,false
4798,Ġlimits,false
4799,ributed,false
4800,Ġcommunication,false
4801,Ġgeneration,false
4802,Ġentrepreneur,false
4803,Ġstrategies,false
4804,Ġhead,false
4805,respon,false
4806,Ġ22,false
4807,Ġchar,false
4808,Ġcapture,false
4809,Ġresol,false
4810,ours,false
4811,Ġcomput,false
4812,ote,false
4813,Ġincomes,false
4814,Ġnature,false
4815,Ġstabil,false
4816,Ġstaff,false
4817,ĠTax,false
4818,ĠAN,false
4819,ĠSp,false
4820,ĠSa,false
4821,Ġmicro,false
4822,iting,false
4823,Ġsource,false
4824,Ġce,false
4825,ship,false
4826,market,false
4827,Bo,false
4828,Ġcrucial,false
4829,Ġbodies,false
4830,Ġhistor,false
4831,Ġconcerns,false
4832,Ġsuccessful,false
4833,Ġhighlighting,false
4834,Ġconcentrated,false
4835,Ġrepresent,false
4836,Ġjobs,false
4837,Ġgaps,false
4838,Ġelectron,false
4839,Ġrestric,false
4840,vestig,false
4841,Ġnoti,false
4842,Ġgeneral,false
4843,Ġarchit,false
4844,Ġreflected,false
4845,Ġformation,false
4846,Ġjust,false
4847,Ġpositive,false
4848,ression,false
4849,ĠGo,false
4850,rentices,false
4851,andise,false
4852,ĠMa,false
4853,Ġasp,false
4854,ĠTechnology,false
4855,Ġthird,false
4856,ĠSw,false
4857,Ġreve,false
4858,Ġdat,false
4859,Ġface,false
4860,ints,false
4861,Ġill,false
4862,eous,false
4863,ev,false
4864,aign,false
4865,ament,false
4866,En,false
4867,DS,false
4868,86,false
4869,emiconduct,false
4870,Ġdiscipline,false
4871,ĠMSMEs,false
4872,ĠParticip,false
4873,Ġcoordin,false
4874,Ġallowing,false
4875,Ġsafegu,false
4876,Ġportal,false
4877,Ġaimed,false
4878,Ġsettlement,false
4879,Ġcompetitive,false
4880,ĠChapter,false
4881,Ġfirm,false
4882,ĠLo,false
4883,Ġhighest,false
4884,chit,false
4885,ĠInv,false
4886,Ġvide,false
4887,ĠThey,false
4888,odes,false
4889,apan,false
4890,Ġnext,false
4891,ĠSub,false
4892,ĠIss,false
4893,Ġred,false
4894,Ġwide,false
4895,arant,false
4896,Ġfaster,false
4897,reach,false
4898,rates,false
4899,mm,false
4900,79,false
4901,71,false
4902,Ġtogether,false
4903,Ġexposure,false
4904,Ġdecisions,false
4905,related,false
4906,Ġnetworks,false
4907,Ġprioriti,false
4908,itories,false
4909,ĠUnited,false
4910,ĠManag,false
4911,emicon,false
4912,pecial,false
4913,Ġaccounting,false
4914,Ġsubject,false
4915,Ġcannot,false
4916,Ġprem,false
4917,amil,false
4918,hib,false
4919,Ġoversight,false
4920,cale,false
4921,overty,false
4922,umb,false
4923,egu,false
4924,Ġannoun,false
4925,ude,false
4926,Ġarea,false
4927,Ġcompar,false
4928,Ġvill,false
4929,ĠPort,false
4930,Ġongoing,false
4931,ĠTrust,false
4932,ĠSAT,false
4933,ĠIP,false
4934,vere,false
4935,Ġeval,false
4936,Ġtoget,false
4937,Ġfair,false
4938,Ġocc,false
4939,Ġpandemic,false
4940,Ġcity,false
4941,reme,false
4942,usion,false
4943,CC,false
4944,(âĤ¹,false
4945,anchay,false
4946,ĠCommittee,false
4947,ebruary,false
4948,Ġreinfor,false
4949,Ġdeter,false
4950,Ġterm,false
4951,ruary,false
4952,Ġbenefici,false
4953,Ġprocesses,false
4954,Ġimprovements,false
4955,Ġsurpl,false
4956,Ġfunding,false
4957,Ġdecade,false
4958,Ġ2019,false
4959,noun,false
4960,Ġwhat,false
4961,Ġcoverage,false
4962,Ġrating,false
4963,Ġacad,false
4964,abil,false
4965,ether,false
4966,assi,false
4967,Ġmerch,false
4968,Ġmere,false
4969,Ġcruc,false
4970,onn,false
4971,reci,false
4972,Cases,false
4973,**,false
4974,Ġlivelihoods,false
4975,ĠReport,false
4976,Ġpenal,false
4977,Ġallocation,false
4978,ixed,false
4979,Ġshows,false
4980,Ġimportance,false
4981,Ġcreate,false
4982,Ġespecially,false
4983,ellig,false
4984,ification,false
4985,Ġproductive,false
4986,Ġtransfers,false
4987,Ġtransl,false
4988,ĠStrengthening,false
4989,riculture,false
4990,akes,false
4991,tics,false
4992,ĠInternational,false
4993,Ġenrol,false
4994,Ġproced,false
4995,ĠTrade,false
4996,Ġpension,false
4997,wn,false
4998,off,false
4999,ders,false
5000,cise,false
5001,77,false
5002,YoY,false
5003,Ġlife,false
5004,Ġdynamics,false
5005,Ġlargest,false
5006,Ġ1992,false
5007,Ġobjectives,false
5008,ĠInteg,false
5009,Ġportfolio,false
5010,Ġapplication,false
5011,ĠResearch,false
5012,Ġlargely,false
5013,Ġshifts,false
5014,Ġsurvey,false
5015,Ġsurve,false
5016,holders,false
5017,Ġamid,false
5018,Ġupgrad,false
5019,Ġ40,false
5020,Ġsoci,false
5021,Ġtraditional,false
5022,Ġcommon,false
5023,Ġrose,false
5024,Ġ23,false
5025,ruction,false
5026,vention,false
5027,Ġregard,false
5028,umul,false
5029,ĠNSE,false
5030,Ġexamp,false
5031,Ġnation,false
5032,ults,false
5033,Ġgross,false
5034,omp,false
5035,Ġread,false
5036,Ġwitness,false
5037,arter,false
5038,Ġsel,false
5039,tig,false
5040,uly,false
5041,ealth,false
5042,crib,false
5043,65,false
5044,ĠEducation,false
5045,Ġassociated,false
5046,Ġminimum,false
5047,Ġestablished,false
5048,Ġenvironmental,false
5049,ategory,false
5050,ĠCont,false
5051,Ġcommunities,false
5052,Ġcompetition,false
5053,ĠAcc,false
5054,Ġindicating,false
5055,ensity,false
5056,Ġ60,false
5057,Ġenhanced,false
5058,Ġrecomm,false
5059,Ġaccounts,false
5060,lications,false
5061,Ġ21,false
5062,osit,false
5063,Ġprograms,false
5064,ĠSection,false
5065,ason,false
5066,Ġdomin,false
5067,Ġdays,false
5068,Ġtri,false
5069,sing,false
5070,sp,false
5071,pose,false
5072,Pro,false
5073,89,false
5074,63,false
5075,62,false
5076,Ġreached,false
5077,ispensability,false
5078,Ġclose,false
5079,Ġchildren,false
5080,Ġunderscore,false
5081,Ġsafety,false
5082,Ġdifferent,false
5083,Ġavailability,false
5084,Ġdirectly,false
5085,Ġaims,false
5086,Ġprogramme,false
5087,Ġstudy,false
5088,versity,false
5089,Ġbenchmark,false
5090,Ġcontinues,false
5091,Ġembed,false
5092,rict,false
5093,ĠMo,false
5094,ĠFrom,false
5095,Ġforward,false
5096,Ġstart,false
5097,Ġelig,false
5098,Ġrelev,false
5099,Ġmis,false
5100,Ġfl,false
5101,Ġpending,false
5102,ret,false
5103,Ġaff,false
5104,td,false
5105,ris,false
5106,land,false
5107,ling,false
5108,fin,false
5109,care,false
5110,LI,false
5111,CT,false
5112,CS,false
5113,AL,false
5114,Ġlandscape,false
5115,Ġcategories,false
5116,ĠSocial,false
5117,Ġbonds,false
5118,ĠInvestor,false
5119,Ġaligned,false
5120,Ġfrag,false
5121,Ġoptions,false
5122,Ġsection,false
5123,Ġregulation,false
5124,Ġindepend,false
5125,Ġchanges,false
5126,ĠBudget,false
5127,ades,false
5128,ĠCY,false
5129,lements,false
5130,vered,false
5131,Ġtour,false
5132,Ġtop,false
5133,Ġwelfare,false
5134,Ġbudget,false
5135,Ġoffic,false
5136,itness,false
5137,Ġcircul,false
5138,Ġcase,false
5139,here,false
5140,sight,false
5141,osition,false
5142,less,false
5143,ares,false
5144,Par,false
5145,Ex,false
5146,Ġadjust,false
5147,Ġnecessary,false
5148,Ġflexibility,false
5149,Ġdiversification,false
5150,Ġobjective,false
5151,erence,false
5152,Ġengagement,false
5153,Ġchallenge,false
5154,Ġeffectively,false
5155,elling,false
5156,Ġadditional,false
5157,Ġcomplement,false
5158,Ġvocational,false
5159,Ġ2021,false
5160,une,false
5161,Ġpercent,false
5162,Ġproceed,false
5163,ably,false
5164,ĠSector,false
5165,ĠSM,false
5166,ectives,false
5167,ices,false
5168,ually,false
5169,set,false
5170,arent,false
5171,75,false
5172,61,false
5173,Ġlandscap,false
5174,Ġtrajectory,false
5175,Ġsimilar,false
5176,Ġrenew,false
5177,Ġliquidity,false
5178,Ġmedia,false
5179,Ġsteady,false
5180,Ġintermediaries,false
5181,Ġhighlights,false
5182,Ġhousing,false
5183,Ġwhether,false
5184,Ġdespite,false
5185,Ġsustainability,false
5186,Ġclust,false
5187,Ġlever,false
5188,onomy,false
5189,ricity,false
5190,erves,false
5191,ends,false
5192,ĠDis,false
5193,uses,false
5194,Ġgig,false
5195,ĠSkill,false
5196,cep,false
5197,look,false
5198,Ġburd,false
5199,Ġday,false
5200,inc,false
5201,rust,false
5202,par,false
5203,fers,false
5204,ded,false
5205,aid,false
5206,64,false
5207,ĠMinistry,false
5208,echnical,false
5209,Ġacceler,false
5210,Ġcollaboration,false
5211,repreneur,false
5212,Ġnorms,false
5213,Ġinputs,false
5214,Ġmechanisms,false
5215,Ġmechanism,false
5216,ĠFurthermore,false
5217,Ġtrillion,false
5218,Ġoperations,false
5219,racts,false
5220,rengthening,false
5221,ĠOffic,false
5222,lied,false
5223,Ġonline,false
5224,Ġexer,false
5225,sia,false
5226,Ġstorage,false
5227,Ġhuman,false
5228,lear,false
5229,Ġmedium,false
5230,Ġte,false
5231,intensive,false
5232,Ġi,false
5233,pri,false
5234,lation,false
5235,efici,false
5236,core,false
5237,be,false
5238,Yo,false
5239,91,false
5240,Ġprovisions,false
5241,Ġsimpli,false
5242,Ġschools,false
5243,Ġconfid,false
5244,Ġresponse,false
5245,Ġvolatility,false
5246,Ġlands,false
5247,Ġexperienced,false
5248,pecially,false
5249,Ġbecomes,false
5250,Ġbeca,false
5251,angu,false
5252,Ġsubsid,false
5253,Ġ27,false
5254,ĠNISM,false
5255,ustry,false
5256,lier,false
5257,chmark,false
5258,reneur,false
5259,Ġalready,false
5260,Ġrange,false
5261,mentation,false
5262,Ġbar,false
5263,Ġpass,false
5264,Ġcamp,false
5265,ences,false
5266,Ġtrac,false
5267,not,false
5268,eur,false
5269,day,false
5270,dis,false
5271,March,false
5272,IN,false
5273,ES,false
5274,AG,false
5275,73,false
5276,specific,false
5277,Ġenterprises,false
5278,Ġsuggests,false
5279,Ġprimarily,false
5280,Ġretail,false
5281,ipts,false
5282,Ġlimit,false
5283,ĠCompan,false
5284,ĠChina,false
5285,Ġreduction,false
5286,artment,false
5287,ocational,false
5288,Ġ28,false
5289,Ġcross,false
5290,Ġindex,false
5291,ĠNew,false
5292,ighted,false
5293,ĠPublic,false
5294,ĠSup,false
5295,Ġreac,false
5296,Ġmitig,false
5297,anch,false
5298,ales,false
5299,erti,false
5300,enge,false
5301,tice,false
5302,ograp,false
5303,erent,false
5304,78,false
5305,Ġpredict,false
5306,Ġmacroeconomic,false
5307,Ġpopulation,false
5308,fying,false
5309,Ġmodern,false
5310,Ġfacilitate,false
5311,ĠAccording,false
5312,Ġoffers,false
5313,portion,false
5314,ĠCommit,false
5315,Ġtransformation,false
5316,Ġmany,false
5317,Ġresource,false
5318,Ġcentres,false
5319,unic,false
5320,Ġlisted,false
5321,Ġstress,false
5322,Ġbod,false
5323,Ġfive,false
5324,Ġpe,false
5325,Ġsee,false
5326,Ġtaken,false
5327,Ġ26,false
5328,itional,false
5329,ges,false
5330,cc,false
5331,54,false
5332,Ġtools,false
5333,Ġafford,false
5334,Ġtransport,false
5335,Ġprocessing,false
5336,termedi,false
5337,Ġsupporting,false
5338,ĠEduc,false
5339,duct,false
5340,Ġshared,false
5341,Ġrational,false
5342,Ġdel,false
5343,aces,false
5344,Ġhist,false
5345,ispens,false
5346,isms,false
5347,ator,false
5348,Ġca,false
5349,ened,false
5350,Ġer,false
5351,atility,false
5352,ĠAdditionally,false
5353,Ġundertaken,false
5354,Ġfiled,false
5355,Ġpressures,false
5356,ĠCentre,false
5357,Ġbuild,false
5358,Ġdoing,false
5359,Ġloc,false
5360,Ġagg,false
5361,ĠDel,false
5362,ĠGu,false
5363,Ġissue,false
5364,ured,false
5365,Ġstep,false
5366,Ġeach,false
5367,Ġfost,false
5368,Ġtest,false
5369,Ġif,false
5370,Ġve,false
5371,ged,false
5372,PM,false
5373,ID,false
5374,IC,false
5375,72,false
5376,ĠYojana,false
5377,posed,false
5378,Ġpayments,false
5379,Ġtrajector,false
5380,Ġmobility,false
5381,Ġpromoting,false
5382,Ġlaw,false
5383,ĠProgram,false
5384,Ġparticipants,false
5385,ternational,false
5386,Ġemphas,false
5387,Ġplace,false
5388,rowth,false
5389,Ġimports,false
5390,Ġcour,false
5391,Ġneg,false
5392,ĠServices,false
5393,urd,false
5394,requ,false
5395,oint,false
5396,more,false
5397,99,false
5398,Ġtrust,false
5399,mitted,false
5400,Ġknowledge,false
5401,Ġcurrency,false
5402,echnology,false
5403,Ġused,false
5404,Ġworkforce,false
5405,Ġworking,false
5406,lining,false
5407,Ġheld,false
5408,ĠCl,false
5409,Ġ(âĤ¹,false
5410,ram,false
5411,Ġhalf,false
5412,Ġcash,false
5413,Ġcal,false
5414,wide,false
5415,jector,false
5416,eal,false
5417,76,false
5418,Ġsubstantial,false
5419,ĠSecurities,false
5420,Ġadministrative,false
5421,Ġcoordination,false
5422,Ġanalysis,false
5423,Ġconstraints,false
5424,Ġissues,false
5425,Ġimprovement,false
5426,Ġintegrated,false
5427,ĠRegulatory,false
5428,Ġloans,false
5429,Ġdevelopments,false
5430,Ġdisrup,false
5431,Ġcontrast,false
5432,ĠDi,false
5433,âĢĤ,false
5434,Ġeas,false
5435,Ġwaste,false
5436,ats,false
5437,jana,false
5438,Sh,false
5439,Is,false
5440,During,false
5441,Ġlivelih,false
5442,ĠMinist,false
5443,Ġturnover,false
5444,cluding,false
5445,Ġrelatively,false
5446,Ġview,false
5447,elfare,false
5448,Ġinternal,false
5449,Ġdoes,false
5450,grap,false
5451,Ġconsolid,false
5452,ficial,false
5453,Ġdeveloping,false
5454,ĠHigh,false
5455,ĠHon,false
5456,ĠUnder,false
5457,Ġannual,false
5458,Ġshocks,false
5459,ĠDes,false
5460,ĠGST,false
5461,ĠInc,false
5462,Ġbeyond,false
5463,utes,false
5464,olding,false
5465,verse,false
5466,Ġpast,false
5467,Ġsingle,false
5468,Ġsimil,false
5469,erch,false
5470,yond,false
5471,spec,false
5472,ough,false
5473,equ,false
5474,bed,false
5475,Ġconcern,false
5476,Ġcitizens,false
5477,Ġsharp,false
5478,ĠInfrastructure,false
5479,Ġspecial,false
5480,ĠAddition,false
5481,Ġrespectively,false
5482,Ġframeworks,false
5483,Ġcommod,false
5484,Ġtransfer,false
5485,Ġ200,false
5486,echn,false
5487,Ġaddition,false
5488,Ġcover,false
5489,Ġ13,false
5490,Ġrules,false
5491,ĠMIIs,false
5492,Ġgran,false
5493,ecution,false
5494,Ġfour,false
5495,uation,false
5496,pens,false
5497,oriented,false
5498,Ġfuture,false
5499,ounts,false
5500,Ġbenefits,false
5501,Ġmobil,false
5502,Ġalongside,false
5503,Ġcertain,false
5504,Ġsegments,false
5505,Ġissued,false
5506,Ġindicators,false
5507,Ġinflu,false
5508,Ġcontinue,false
5509,Ġcho,false
5510,ircul,false
5511,ĠRs,false
5512,ime,false
5513,Ġgiven,false
5514,lying,false
5515,yp,false
5516,ya,false
5517,vent,false
5518,pandemic,false
5519,aim,false
5520,Reg,false
5521,Os,false
5522,MF,false
5523,90,false
5524,Ġsavings,false
5525,Ġadapt,false
5526,Ġpredic,false
5527,Ġachieve,false
5528,Ġattract,false
5529,Ġprofession,false
5530,Ġcreation,false
5531,Ġprincip,false
5532,tensive,false
5533,Ġchann,false
5534,Ġ2022,false
5535,Ġactive,false
5536,Ġgrad,false
5537,Ġren,false
5538,Ġmembers,false
5539,Ġmaking,false
5540,ectivity,false
5541,icro,false
5542,alf,false
5543,vis,false
5544,pon,false
5545,PS,false
5546,Ġmultiple,false
5547,Ġobserved,false
5548,going,false
5549,Ġfarmers,false
5550,Ġinclusion,false
5551,Ġperson,false
5552,Ġdistribution,false
5553,Ġreflects,false
5554,Ġskilling,false
5555,Ġpolicies,false
5556,Ġinflows,false
5557,ĠUI,false
5558,lih,false
5559,Ġ16,false
5560,Ġinvol,false
5561,orage,false
5562,time,false
5563,mark,false
5564,ll,false
5565,aff,false
5566,88,false
5567,74,false
5568,Ġautom,false
5569,Ġfunction,false
5570,cording,false
5571,Ġregional,false
5572,Ġphysical,false
5573,Ġresilient,false
5574,Ġrelated,false
5575,tility,false
5576,Ġstrengthened,false
5577,Ġcommercial,false
5578,ĠWorld,false
5579,Ġcontrol,false
5580,ĠNovember,false
5581,endment,false
5582,ford,false
5583,Ġexpos,false
5584,ĠPradesh,false
5585,ately,false
5586,Ġlast,false
5587,Ġmacro,false
5588,Ġbase,false
5589,Ġself,false
5590,ware,false
5591,ring,false
5592,ked,false
5593,ium,false
5594,IS,false
5595,FS,false
5596,CD,false
5597,96,false
5598,Ġpattern,false
5599,ĠSurvey,false
5600,radesh,false
5601,ready,false
5602,Ġguid,false
5603,ĠCapital,false
5604,Ġprimary,false
5605,Ġreceived,false
5606,Ġassessment,false
5607,Ġreturn,false
5608,Ġ2020,false
5609,ĠOctober,false
5610,overy,false
5611,ĠUrban,false
5612,uman,false
5613,Ġ14,false
5614,Ġbelow,false
5615,acro,false
5616,ĠSystem,false
5617,ĠSC,false
5618,arily,false
5619,Ġoil,false
5620,Ġsome,false
5621,Ġclo,false
5622,crore,false
5623,ĠJanuary,false
5624,sibility,false
5625,Ġbasis,false
5626,Ġinclusive,false
5627,ĠBox,false
5628,Ġfollowed,false
5629,ĠOr,false
5630,Ġhand,false
5631,Ġevery,false
5632,Ġreach,false
5633,eries,false
5634,Ġaud,false
5635,grad,false
5636,VA,false
5637,56,false
5638,ĠPolicy,false
5639,Ġfactors,false
5640,Ġsaving,false
5641,ditional,false
5642,Ġspace,false
5643,Ġroad,false
5644,Ġtransac,false
5645,Ġ24,false
5646,Ġcomple,false
5647,Ġcompon,false
5648,Ġassoci,false
5649,ĠCor,false
5650,Ġstream,false
5651,Ġmillion,false
5652,Ġderivatives,false
5653,iter,false
5654,Ġsources,false
5655,orth,false
5656,ina,false
5657,kers,false
5658,ISM,false
5659,Ġinstruments,false
5660,Ġevolving,false
5661,Ġavailable,false
5662,Ġhouseholds,false
5663,Ġexchanges,false
5664,Ġdelivery,false
5665,ysical,false
5666,Ġoffer,false
5667,edium,false
5668,grams,false
5669,Ġproviding,false
5670,Ġoutput,false
5671,soci,false
5672,ĠStrategic,false
5673,Ġvulner,false
5674,els,false
5675,Ġ17,false
5676,ĠRep,false
5677,Ġenforcement,false
5678,Ġreform,false
5679,ically,false
5680,Ġful,false
5681,Ġpen,false
5682,eral,false
5683,Ġver,false
5684,sh,false
5685,SD,false
5686,folio,false
5687,Ġimplementation,false
5688,Ġdesigned,false
5689,Ġintegr,false
5690,Ġrequires,false
5691,Ġasset,false
5692,vestment,false
5693,Ġcomplex,false
5694,ĠIndex,false
5695,ĠImp,false
5696,ale,false
5697,Ġcare,false
5698,Th,false
5699,AI,false
5700,55,false
5701,Ġmomentum,false
5702,uthority,false
5703,Ġapplications,false
5704,Ġtransparency,false
5705,Ġminim,false
5706,Ġstandard,false
5707,iii,false
5708,Ġdiscip,false
5709,ĠDep,false
5710,Ġ100,false
5711,sible,false
5712,sitive,false
5713,Ġfail,false
5714,rore,false
5715,Ps,false
5716,52,false
5717,Ġlogistics,false
5718,ĠSeptember,false
5719,Ġincentives,false
5720,Ġadoption,false
5721,Ġagriculture,false
5722,Ġimplemented,false
5723,Ġexpanding,false
5724,issions,false
5725,Ġfinancing,false
5726,Ġcapability,false
5727,elines,false
5728,Ġled,false
5729,ĠII,false
5730,uary,false
5731,tee,false
5732,80,false
5733,Ġmonitoring,false
5734,Ġtargeted,false
5735,Ġrecorded,false
5736,Ġtherefore,false
5737,Ġamount,false
5738,Ġdeclined,false
5739,Ġadj,false
5740,ĠRE,false
5741,ĠPl,false
5742,ĠMSM,false
5743,Ġacce,false
5744,Ġconcer,false
5745,Ġconver,false
5746,ĠIT,false
5747,Ġmargin,false
5748,Ġmake,false
5749,Ġcar,false
5750,Ġim,false
5751,sue,false
5752,cing,false
5753,Ts,false
5754,53,false
5755,ĠBharat,false
5756,Ġbalance,false
5757,ĠCentral,false
5758,Ġaccountability,false
5759,Ġrequired,false
5760,Ġdecline,false
5761,ĠBy,false
5762,ode,false
5763,Ġact,false
5764,Ġnutri,false
5765,Ġwid,false
5766,economic,false
5767,ections,false
5768,Ġsol,false
5769,encies,false
5770,bo,false
5771,Fs,false
5772,Am,false
5773,67,false
5774,Ġmoment,false
5775,tinyurl,false
5776,Ġspecific,false
5777,Ġexpanded,false
5778,ITs,false
5779,Ġreduced,false
5780,Ġmeet,false
5781,Ġliquid,false
5782,Ġabs,false
5783,ctober,false
5784,Ġchild,false
5785,Ġstable,false
5786,ulner,false
5787,rative,false
5788,Ġpop,false
5789,Ġcitiz,false
5790,Ġtariff,false
5791,tember,false
5792,pro,false
5793,ober,false
5794,RI,false
5795,57,false
5796,standing,false
5797,Ġconducted,false
5798,ĠInvestment,false
5799,comp,false
5800,argin,false
5801,Ġdeveloped,false
5802,Ġconsid,false
5803,Ġexam,false
5804,Ġlif,false
5805,Ġdocu,false
5806,arn,false
5807,Ġcred,false
5808,rban,false
5809,AM,false
5810,nowledge,false
5811,Ġetc,false
5812,Ġtrends,false
5813,Ġplay,false
5814,Ġuni,false
5815,aste,false
5816,Ġcapabilities,false
5817,Ġcomb,false
5818,Ġgeopolitical,false
5819,Ġgroup,false
5820,ĠSh,false
5821,ice,false
5822,ori,false
5823,Ġawareness,false
5824,incip,false
5825,ially,false
5826,ER,false
5827,59,false
5828,Ġsuccess,false
5829,Ġdeficit,false
5830,Ġcompanies,false
5831,Ġstudents,false
5832,Ġgreen,false
5833,Ġrise,false
5834,Ġalloc,false
5835,ird,false
5836,ters,false
5837,acy,false
5838,Ġgoods,false
5839,Ġmom,false
5840,Ġdynam,false
5841,Ġsince,false
5842,nder,false
5843,con,false
5844,SEBI,false
5845,Ġrapid,false
5846,Ġopportunities,false
5847,Ġregistered,false
5848,Ġafter,false
5849,Ġexchange,false
5850,Ġhighlight,false
5851,Ġrequirements,false
5852,ĠFunds,false
5853,Ġopen,false
5854,emp,false
5855,Ġaction,false
5856,ĠFDI,false
5857,ingle,false
5858,Ġpeople,false
5859,erve,false
5860,tlement,false
5861,51,false
5862,Ġratio,false
5863,Ġevidence,false
5864,Ġnearly,false
5865,arency,false
5866,Ġbecome,false
5867,Ġdisclos,false
5868,Ġusing,false
5869,ĠVi,false
5870,Ġ50,false
5871,Ġadap,false
5872,rency,false
5873,ĠPolic,false
5874,ĠCo,false
5875,ĠAss,false
5876,Ġback,false
5877,Ġdown,false
5878,Ġcases,false
5879,ier,false
5880,han,false
5881,RE,false
5882,yurl,false
5883,Ġmultip,false
5884,Ġplatforms,false
5885,Ġplatform,false
5886,Ġlimited,false
5887,ĠManagement,false
5888,uilding,false
5889,prises,false
5890,Ġbetter,false
5891,Ġtechnologies,false
5892,Ġprovided,false
5893,Ġsubstanti,false
5894,Ġdecision,false
5895,ĠWith,false
5896,Ġinsurance,false
5897,sequ,false
5898,Ġchains,false
5899,ĠBhar,false
5900,Ġany,false
5901,Ġconcent,false
5902,Ġexisting,false
5903,Ġlarg,false
5904,Ġhad,false
5905,Ġbu,false
5906,Ġdated,false
5907,ses,false
5908,70,false
5909,India,false
5910,ĠExp,false
5911,eopolitical,false
5912,Ġmonth,false
5913,Ġrecogn,false
5914,Ġleg,false
5915,ĠBank,false
5916,ĠInstit,false
5917,embers,false
5918,Ġnecess,false
5919,way,false
5920,eb,false
5921,69,false
5922,Ġpractices,false
5923,Ġdetail,false
5924,eople,false
5925,Ġcollabor,false
5926,ysis,false
5927,Ġposition,false
5928,Ġlog,false
5929,Ġplanning,false
5930,oper,false
5931,Ġwho,false
5932,ĠPar,false
5933,Ġprovision,false
5934,Ġpat,false
5935,Ġsen,false
5936,Ġcr,false
5937,rep,false
5938,king,false
5939,58,false
5940,Ġcerti,false
5941,Ġpromote,false
5942,Ġbroader,false
5943,Ġenter,false
5944,Ġrap,false
5945,ariff,false
5946,Ġabove,false
5947,epend,false
5948,Ġyield,false
5949,Ġcontext,false
5950,Ġchapter,false
5951,Ġstat,false
5952,Ġthose,false
5953,ĠSecur,false
5954,stanti,false
5955,ild,false
5956,Ġmark,false
5957,ann,false
5958,rel,false
5959,rec,false
5960,ĠX,false
5961,ynam,false
5962,yur,false
5963,driven,false
5964,PA,false
5965,Ġfollowing,false
5966,Ġinstru,false
5967,Ġexperience,false
5968,ĠRBI,false
5969,Ġease,false
5970,Ġmutual,false
5971,Ġmed,false
5972,rup,false
5973,Ġessential,false
5974,ĠCourt,false
5975,Ġterms,false
5976,Ġestimates,false
5977,Ġweak,false
5978,Ġtechnological,false
5979,Ġlive,false
5980,rategic,false
5981,ĠâĢ¢,false
5982,ĠOn,false
5983,Ġcomprehensive,false
5984,istent,false
5985,olid,false
5986,Ġearly,false
5987,ecess,false
5988,Ġfe,false
5989,68,false
5990,43,false
5991,Ġconsumption,false
5992,Ġskills,false
5993,ocu,false
5994,Ġresearch,false
5995,ĠFPI,false
5996,Ġstead,false
5997,Ġgo,false
5998,ĠSep,false
5999,ĠSur,false
6000,Ġreview,false
6001,Ġrein,false
6002,Ġflows,false
6003,Ġpred,false
6004,Ġinform,false
6005,ercial,false
6006,ai,false
6007,âĸª,false
6008,erivatives,false
6009,Ġprogress,false
6010,Ġimportant,false
6011,ovember,false
6012,Ġrepres,false
6013,Ġsecond,false
6014,ocks,false
6015,Ġ25,false
6016,ĠNo,false
6017,itig,false
6018,app,false
6019,Ġenable,false
6020,Ġflex,false
6021,âĸ,false
6022,ft,false
6023,Ġrevised,false
6024,IIs,false
6025,Ġobserv,false
6026,Ġstrategy,false
6027,thers,false
6028,ication,false
6029,mber,false
6030,Ġsuggest,false
6031,Ġestimated,false
6032,Ġthereby,false
6033,ize,false
6034,Ġefforts,false
6035,Ġdemonst,false
6036,ĠâĢĵ,false
6037,ĠOver,false
6038,Ġshar,false
6039,ĠInf,false
6040,Ġbehaviour,false
6041,ects,false
6042,Ġfut,false
6043,cap,false
6044,46,false
6045,".,",false
6046,nowled,false
6047,Ġmaintain,false
6048,Ġbuilding,false
6049,Ġmodels,false
6050,Ġundert,false
6051,Ġchange,false
6052,ĠAt,false
6053,Ġet,false
6054,Ġbanks,false
6055,Ġfil,false
6056,Ġsuc,false
6057,nual,false
6058,ler,false
6059,AR,false
6060,Ġestablish,false
6061,Ġdiversi,false
6062,Ġagricultural,false
6063,Ġgreater,false
6064,Ġapproximately,false
6065,ervices,false
6066,ĠRec,false
6067,Ġ2023,false
6068,Ġfound,false
6069,enced,false
6070,has,false
6071,Ġchallenges,false
6072,ĠFinancial,false
6073,Ġreflecting,false
6074,Ġneeds,false
6075,Ġcommit,false
6076,Ġshap,false
6077,Ġcould,false
6078,Ġ18,false
6079,itiz,false
6080,Ġactivity,false
6081,anti,false
6082,ways,false
6083,cul,false
6084,CL,false
6085,66,false
6086,Ġutil,false
6087,Ġintroduced,false
6088,ĠEconomic,false
6089,Ġreducing,false
6090,Ġmove,false
6091,Ġsustainable,false
6092,eriv,false
6093,Ġprovides,false
6094,Ġrates,false
6095,riven,false
6096,ĠTrans,false
6097,Ġmater,false
6098,ories,false
6099,Ġess,false
6100,sed,false
6101,atic,false
6102,45,false
6103,istics,false
6104,Ġclear,false
6105,Ġprogrammes,false
6106,Ġsegment,false
6107,Ġcommunity,false
6108,Ġnetwork,false
6109,Ġremained,false
6110,loyment,false
6111,Ġproducts,false
6112,Ġresources,false
6113,Ġsugg,false
6114,Ġbefore,false
6115,Ġnow,false
6116,Ġsimp,false
6117,year,false
6118,iven,false
6119,fol,false
6120,rehensive,false
6121,ĠYo,false
6122,Ġincreasingly,false
6123,Ġadvanced,false
6124,ĠJan,false
6125,Ġeffective,false
6126,Ġcore,false
6127,quid,false
6128,Ġ11,false
6129,ĠMarket,false
6130,ĠApp,false
6131,Ġow,false
6132,42,false
6133,41,false
6134,32,false
6135,ximately,false
6136,haviour,false
6137,Ġlaunched,false
6138,Ġinterventions,false
6139,Ġinitiative,false
6140,Ġresult,false
6141,Ġadminist,false
6142,ĠMin,false
6143,Ġencour,false
6144,Ġtool,false
6145,AN,false
6146,Ġindividual,false
6147,Ġsignificantly,false
6148,ized,false
6149,Ġpress,false
6150,aged,false
6151,Ġnor,false
6152,Ġoften,false
6153,ition,false
6154,100,false
6155,forcement,false
6156,Ġjob,false
6157,Ġrati,false
6158,Ġregulations,false
6159,ĠGlobal,false
6160,utri,false
6161,Ġnumber,false
6162,Ġgap,false
6163,lev,false
6164,omin,false
6165,ature,false
6166,Ġseveral,false
6167,reh,false
6168,pite,false
6169,lig,false
6170,Ġformal,false
6171,Ġintermedi,false
6172,abor,false
6173,Ġthree,false
6174,aster,false
6175,ished,false
6176,Ġinformation,false
6177,Ġse,false
6178,hic,false
6179,FY,false
6180,Ġidenti,false
6181,Ġlevels,false
6182,Ġprevious,false
6183,Ġ12,false
6184,sib,false
6185,Ġmade,false
6186,ana,false
6187,Ġpath,false
6188,ximate,false
6189,Ġenabling,false
6190,Ġvis,false
6191,Ġstock,false
6192,stand,false
6193,Ġelect,false
6194,Ġeven,false
6195,Ġreli,false
6196,Ġinternational,false
6197,Ġcompetitiveness,false
6198,Ġcontinued,false
6199,havi,false
6200,Ġoverall,false
6201,Ġexpected,false
6202,cies,false
6203,level,false
6204,Ġrobust,false
6205,Ġstandards,false
6206,Ġdiscus,false
6207,ĠCour,false
6208,ĠScheme,false
6209,Ġemerging,false
6210,Ġ199,false
6211,Ġmonitor,false
6212,Ġtrading,false
6213,Ġgrowing,false
6214,Ġ30,false
6215,Ġunders,false
6216,Ġgains,false
6217,omm,false
6218,Ġthem,false
6219,ream,false
6220,Ġturn,false
6221,gg,false
6222,ey,false
6223,Ġcorporate,false
6224,Ġincome,false
6225,ules,false
6226,ĠApril,false
6227,Ġinput,false
6228,Ġaut,false
6229,vious,false
6230,Ġconn,false
6231,Ġlink,false
6232,etary,false
6233,Ġwould,false
6234,Ġpotential,false
6235,Ġassets,false
6236,use,false
6237,Ġdefic,false
6238,imil,false
6239,Ġrest,false
6240,Ġbased,false
6241,oun,false
6242,cour,false
6243,48,false
6244,clud,false
6245,Ġcoord,false
6246,ĠPM,false
6247,Ġcateg,false
6248,now,false
6249,Ġobj,false
6250,rades,false
6251,Ġallow,false
6252,Ġentities,false
6253,âĢĶ,false
6254,ĠAm,false
6255,tin,false
6256,pos,false
6257,60,false
6258,ĠComm,false
6259,Ġenhancing,false
6260,Ġrecent,false
6261,Ġless,false
6262,onst,false
6263,ues,false
6264,nam,false
6265,ived,false
6266,her,false
6267,go,false
6268,ST,false
6269,Ġhelp,false
6270,ogn,false
6271,Ġrob,false
6272,ified,false
6273,vidual,false
6274,ĠMission,false
6275,Ġrev,false
6276,wareness,false
6277,Ġoperational,false
6278,andemic,false
6279,ety,false
6280,Ġborrow,false
6281,Ġdue,false
6282,waren,false
6283,Ġbenef,false
6284,Ġindi,false
6285,Ġorder,false
6286,Ġshort,false
6287,ĠInt,false
6288,Ġstability,false
6289,Ġwomen,false
6290,serv,false
6291,44,false
6292,Ġchalleng,false
6293,Ġensuring,false
6294,everal,false
6295,Ġimproving,false
6296,Ġservice,false
6297,isted,false
6298,Ġreduce,false
6299,Ġworld,false
6300,read,false
6301,ix,false
6302,Es,false
6303,Ġintegration,false
6304,urance,false
6305,ince,false
6306,St,false
6307,minist,false
6308,Ġprojects,false
6309,Ġcurrent,false
6310,Ġgu,false
6311,anning,false
6312,Ġopportun,false
6313,Ġcy,false
6314,ined,false
6315,AT,false
6316,Ġsmall,false
6317,rade,false
6318,Ġmost,false
6319,roup,false
6320,Ġid,false
6321,iv,false
6322,Cs,false
6323,Ġinclude,false
6324,Ġtransition,false
6325,Ġshow,false
6326,Ġevid,false
6327,Ġpur,false
6328,nership,false
6329,Ġlower,false
6330,Ġfinance,false
6331,Ġcompared,false
6332,Ġwithout,false
6333,ĠCap,false
6334,ĠAl,false
6335,Ġhttps,false
6336,49,false
6337,38,false
6338,olitical,false
6339,Ġefficiency,false
6340,Ġprotection,false
6341,Ġagainst,false
6342,aging,false
6343,Ġorgan,false
6344,Ġanal,false
6345,Ġprog,false
6346,ract,false
6347,ĠSo,false
6348,Ġbond,false
6349,Ġbal,false
6350,Ġforeign,false
6351,Total,false
6352,Ġrelative,false
6353,gical,false
6354,ĠDecember,false
6355,ribution,false
6356,Ġdeep,false
6357,Ġbank,false
6358,ics,false
6359,ars,false
6360,uthor,false
6361,pril,false
6362,Ġlead,false
6363,Ġconduc,false
6364,ceed,false
6365,Ġmechan,false
6366,orrow,false
6367,ession,false
6368,ĠGovernment,false
6369,Ġcompan,false
6370,Ġtwo,false
6371,ĠQ,false
6372,fer,false
6373,bers,false
6374,Table,false
6375,pportun,false
6376,Ġfirst,false
6377,Ġimpact,false
6378,Ġmat,false
6379,Ġbillion,false
6380,ensive,false
6381,ension,false
6382,SC,false
6383,As,false
6384,40,false
6385,Ġdepend,false
6386,vey,false
6387,Ġwater,false
6388,rop,false
6389,Ġu,false
6390,fy,false
6391,Ġparticularly,false
6392,Chart,false
6393,Ġlaun,false
6394,rans,false
6395,Ġpot,false
6396,Ġequity,false
6397,ĠHowever,false
6398,udget,false
6399,oliti,false
6400,Ġfunc,false
6401,Ġrevenue,false
6402,Ġactivities,false
6403,Ġnear,false
6404,Ġconstrain,false
6405,Ġprim,false
6406,Ġfunds,false
6407,Ġprovide,false
6408,ibility,false
6409,Ġhel,false
6410,umber,false
6411,Ġmand,false
6412,Ġpost,false
6413,Ġshift,false
6414,Ġdriven,false
6415,Ġsaf,false
6416,Ġinterven,false
6417,Ġcontribut,false
6418,Ġevol,false
6419,Ġreforms,false
6420,Ġpay,false
6421,io,false
6422,37,false
6423,Ġschemes,false
6424,Ġdiff,false
6425,abilities,false
6426,Ġprac,false
6427,31,false
6428,Ġconditions,false
6429,lined,false
6430,Ġshould,false
6431,utual,false
6432,Ġfact,false
6433,eren,false
6434,39,false
6435,34,false
6436,ttps,false
6437,ched,false
6438,Ġinvestments,false
6439,tivities,false
6440,the,false
6441,medi,false
6442,://,false
6443,35,false
6444,Ġavail,false
6445,Ġuncertainty,false
6446,Ġcountries,false
6447,Ġintroduc,false
6448,Ġincen,false
6449,ffic,false
6450,air,false
6451,//,false
6452,Ġtarget,false
6453,Ġlike,false
6454,Ġrising,false
6455,ended,false
6456,ĠDuring,false
6457,Ġstructural,false
6458,anks,false
6459,Ġpower,false
6460,tities,false
6461,ive,false
6462,ĠDevelopment,false
6463,Ġmulti,false
6464,side,false
6465,isting,false
6466,omen,false
6467,Ġrece,false
6468,Ġfood,false
6469,ful,false
6470,Ġinnovation,false
6471,Ġsustained,false
6472,Ġreport,false
6473,Ġrisks,false
6474,Ġregist,false
6475,Ġfarm,false
6476,Ġschool,false
6477,ind,false
6478,wo,false
6479,cor,false
6480,av,false
6481,36,false
6482,ield,false
6483,Ġprice,false
6484,Ġassess,false
6485,Ġimproved,false
6486,Ġrecord,false
6487,Ġregion,false
6488,owever,false
6489,Ġbeing,false
6490,ecur,false
6491,Ġamong,false
6492,Ġeconomies,false
6493,ner,false
6494,by,false
6495,view,false
6496,echan,false
6497,vision,false
6498,No,false
6499,47,false
6500,Ġhousehold,false
6501,Ġtrend,false
6502,Ġprices,false
6503,Ġsecurity,false
6504,Ġprior,false
6505,dition,false
6506,Ġadop,false
6507,tices,false
6508,Ġstructure,false
6509,ily,false
6510,Ġvi,false
6511,Ġ15,false
6512,Ġexternal,false
6513,ute,false
6514,ĠAg,false
6515,Ġmain,false
6516,Ġscheme,false
6517,Ġareas,false
6518,Ġachie,false
6519,Ġbas,false
6520,Ġport,false
6521,33,false
6522,Ġconf,false
6523,Ġret,false
6524,ening,false
6525,one,false
6526,of,false
6527,Ġestabl,false
6528,Ġstrengthening,false
6529,Ġconsum,false
6530,Ġproduction,false
6531,Ġend,false
6532,ĠFurther,false
6533,reg,false
6534,Ġtra,false
6535,ok,false
6536,gies,false
6537,Ġvarious,false
6538,anges,false
6539,Ġparticul,false
6540,ights,false
6541,Ġtr,false
6542,Ġaround,false
6543,Ġtraining,false
6544,Ġaddress,false
6545,Ġrespon,false
6546,Ġremains,false
6547,hie,false
6548,Ġlearning,false
6549,Ġatt,false
6550,ĠRe,false
6551,ecember,false
6552,Ġaf,false
6553,ination,false
6554,iel,false
6555,ĠWhile,false
6556,Ġlocal,false
6557,Ġworkers,false
6558,ĠState,false
6559,Ġenvironment,false
6560,Ġcondi,false
6561,ented,false
6562,duce,false
6563,ĠUSD,false
6564,Ġmob,false
6565,Ġmoder,false
6566,Ġdirect,false
6567,ĠâĢľ,false
6568,ĠEc,false
6569,Ġscale,false
6570,Ġfacilit,false
6571,Ġinclu,false
6572,Ġexpenditure,false
6573,Ġalong,false
6574,Ġcentral,false
6575,Ġext,false
6576,Ġbusiness,false
6577,ĠBo,false
6578,ĠGovern,false
6579,Ġprof,false
6580,ĠSche,false
6581,ead,false
6582,Ind,false
6583,ĠDevelop,false
6584,Ġdiver,false
6585,Ġapplic,false
6586,rid,false
6587,ash,false
6588,Ġcritical,false
6589,les,false
6590,porate,false
6591,Ġpart,false
6592,Ġexpansion,false
6593,ainst,false
6594,Ġstates,false
6595,Ġreal,false
6596,istic,false
6597,ans,false
6598,Ġcer,false
6599,Ġaverage,false
6600,Ġaim,false
6601,int,false
6602,21,false
6603,ultural,false
6604,âĢĿ,false
6605,DI,false
6606,Ġindustrial,false
6607,Ġvol,false
6608,Ġrate,false
6609,ently,false
6610,ines,false
6611,stit,false
6612,ehold,false
6613,Ġperformance,false
6614,Ġsupported,false
6615,ource,false
6616,Ġinterest,false
6617,man,false
6618,amp,false
6619,aking,false
6620,Ġexch,false
6621,ob,false
6622,Ġresilience,false
6623,Ġclimate,false
6624,ternal,false
6625,Ġmet,false
6626,ism,false
6627,Ġsc,false
6628,Ġensure,false
6629,earch,false
6630,ulation,false
6631,Ġmay,false
6632,ants,false
6633,Ġcountry,false
6634,ectively,false
6635,Ġhighl,false
6636,Ġcompliance,false
6637,ĠMarch,false
6638,aries,false
6639,Ġsm,false
6640,Ġemerg,false
6641,Ġfurther,false
6642,ators,false
6643,ansion,false
6644,Ġcle,false
6645,Ġest,false
6646,ees,false
6647,28,false
6648,Ġstrategic,false
6649,pport,false
6650,ink,false
6651,50,false
6652,Ġnational,false
6653,ĠAn,false
6654,ption,false
6655,Ġrequire,false
6656,oreign,false
6657,Ġland,false
6658,Ġdet,false
6659,rol,false
6660,Ġter,false
6661,fied,false
6662,own,false
6663,otal,false
6664,ulture,false
6665,loc,false
6666,Ġtechnology,false
6667,Ġinstitutions,false
6668,tiveness,false
6669,Ġwhen,false
6670,Ġdeli,false
6671,Ġprogram,false
6672,ructural,false
6673,Ġgovernance,false
6674,los,false
6675,eness,false
6676,ĠY,false
6677,ves,false
6678,Ġquality,false
6679,Ġuse,false
6680,Ġecosystem,false
6681,ateg,false
6682,Ġpromot,false
6683,Ġmeasures,false
6684,Ġplat,false
6685,Ġrole,false
6686,ĠNational,false
6687,apter,false
6688,Ġeng,false
6689,ritical,false
6690,Ġno,false
6691,Ġset,false
6692,Ġsame,false
6693,ext,false
6694,Ġdef,false
6695,Ġtarg,false
6696,Ġagric,false
6697,Ġcities,false
6698,Ġtax,false
6699,Ġchall,false
6700,unc,false
6701,Ġreven,false
6702,Ġmul,false
6703,Ġsecurities,false
6704,Ġindustry,false
6705,Ġinvestors,false
6706,ĠFor,false
6707,ĠRes,false
6708,ilit,false
6709,Ġ&,false
6710,der,false
6711,ĠEx,false
6712,âĢĵ,false
6713,Ġoutcomes,false
6714,Ġprivate,false
6715,Ġspec,false
6716,ĠStates,false
6717,very,false
6718,Ġmajor,false
6719,ering,false
6720,oods,false
6721,Ġproductivity,false
6722,Ġtransp,false
6723,Ġ31,false
6724,Ġav,false
6725,ners,false
6726,ip,false
6727,29,false
6728,chool,false
6729,Ġtowards,false
6730,Ġmanagement,false
6731,Ġseg,false
6732,to,false
6733,eop,false
6734,aken,false
6735,ĠInvest,false
6736,ĠCent,false
6737,Ġthey,false
6738,Ġsupply,false
6739,usiness,false
6740,Ġconst,false
6741,Ġlarge,false
6742,Ġeffici,false
6743,itor,false
6744,mit,false
6745,roduc,false
6746,ron,false
6747,per,false
6748,Ġinflation,false
6749,âĢ¢,false
6750,Ġfocus,false
6751,du,false
6752,Ġstrong,false
6753,Ġinnov,false
6754,Ġapproach,false
6755,ruct,false
6756,ĠFin,false
6757,ĠCon,false
6758,Ġstud,false
6759,Ch,false
6760,Ġfollow,false
6761,Ġsectors,false
6762,Ġdebt,false
6763,rial,false
6764,Ġk,false
6765,Ġinitiatives,false
6766,Ġuncertain,false
6767,Ġexports,false
6768,elf,false
6769,ound,false
6770,Ġbroad,false
6771,Ġboth,false
6772,Ġinvestor,false
6773,ose,false
6774,ards,false
6775,ĠUn,false
6776,onomic,false
6777,ources,false
6778,Ġrural,false
6779,Ġlabour,false
6780,Ġlim,false
6781,vers,false
6782,ĠTo,false
6783,Ġph,false
6784,tt,false
6785,ĠComp,false
6786,Ġintern,false
6787,hed,false
6788,Ġimplement,false
6789,ade,false
6790,ises,false
6791,ings,false
6792,erg,false
6793,val,false
6794,get,false
6795,23,false
6796,osystem,false
6797,Ġperform,false
6798,Ġbuil,false
6799,Ġwithin,false
6800,ected,false
6801,Ġinst,false
6802,ajor,false
6803,Ġabout,false
6804,ĠAct,false
6805,lex,false
6806,eng,false
6807,ru,false
6808,enditure,false
6809,ĠRegulations,false
6810,Ġone,false
6811,vironment,false
6812,ances,false
6813,Ġenabl,false
6814,Ġnew,false
6815,fication,false
6816,pl,false
6817,Ġmodel,false
6818,ocus,false
6819,Ġexport,false
6820,Ġfiscal,false
6821,22,false
6822,17,false
6823,ribut,false
6824,Ġcoll,false
6825,Ġvalue,false
6826,Ġfirms,false
6827,Ġsystems,false
6828,force,false
6829,Ġla,false
6830,ases,false
6831,orld,false
6832,ness,false
6833,certain,false
6834,Ġcosts,false
6835,erest,false
6836,Ġrather,false
6837,ĠFund,false
6838,rong,false
6839,Ġemployment,false
6840,Ġalign,false
6841,Ġmust,false
6842,gan,false
6843,ible,false
6844,ĠEn,false
6845,Ġexperi,false
6846,2024,false
6847,Ġpres,false
6848,30,false
6849,ĠMan,false
6850,Ġonly,false
6851,ilities,false
6852,Ġwell,false
6853,min,false
6854,Ġmin,false
6855,fore,false
6856,ble,false
6857,SM,false
6858,Ġcommun,false
6859,Ġnon,false
6860,arge,false
6861,emic,false
6862,ite,false
6863,rated,false
6864,har,false
6865,endit,false
6866,ake,false
6867,cho,false
6868,Ġgener,false
6869,Ġtrain,false
6870,pec,false
6871,aren,false
6872,ati,false
6873,Ġenhance,false
6874,Ġoutc,false
6875,Ġincreasing,false
6876,ages,false
6877,ĠDe,false
6878,Ġcompeti,false
6879,ticul,false
6880,ĠGDP,false
6881,Ġprot,false
6882,Ġdesign,false
6883,Ġissu,false
6884,Ġpers,false
6885,Ġhow,false
6886,Ġequ,false
6887,Ġfol,false
6888,Ġwhere,false
6889,Ġenergy,false
6890,Ġstate,false
6891,Ġhous,false
6892,viron,false
6893,Ġincrease,false
6894,ock,false
6895,nov,false
6896,Ġimport,false
6897,iscal,false
6898,ove,false
6899,ower,false
6900,arning,false
6901,Ġent,false
6902,Ġeconomy,false
6903,ĠAd,false
6904,Ġkey,false
6905,ĠWh,false
6906,Ġincreased,false
6907,anced,false
6908,ĠIt,false
6909,Ġar,false
6910,iness,false
6911,Ġ19,false
6912,iron,false
6913,ack,false
6914,Ġ9,false
6915,ys,false
6916,24,false
6917,ending,false
6918,abour,false
6919,Ġinstitutional,false
6920,ited,false
6921,Ġscal,false
6922,Ġtre,false
6923,uth,false
6924,ains,false
6925,Ġother,false
6926,Ġexpand,false
6927,vate,false
6928,com,false
6929,cent,false
6930,Ġsocial,false
6931,000,false
6932,Ġbec,false
6933,'s,false
6934,Ġgre,false
6935,Ġ0,false
6936,18,false
6937,Ġshif,false
6938,bt,false
6939,IT,false
6940,Ġparticipation,false
6941,Ġprom,false
6942,27,false
6943,Ġproject,false
6944,ting,false
6945,ps,false
6946,Ġmanufacturing,false
6947,Ġadd,false
6948,ĠAc,false
6949,Ġadv,false
6950,ass,false
6951,Ġben,false
6952,round,false
6953,rect,false
6954,ared,false
6955,Ġyears,false
6956,Ġresili,false
6957,ffici,false
6958,cl,false
6959,Ġvari,false
6960,urn,false
6961,Ġdo,false
6962,ish,false
6963,Ġdemand,false
6964,Ġ10,false
6965,Ġnet,false
6966,Ġestim,false
6967,Ġlevel,false
6968,arch,false
6969,Ġbetween,false
6970,gram,false
6971,Ġmarkets,false
6972,Ġall,false
6973,ical,false
6974,ays,false
6975,Ġlong,false
6976,tional,false
6977,ĠâĢĺ,false
6978,Ġprocess,false
6979,Ġstand,false
6980,forms,false
6981,Ġ2024,false
6982,Ġtotal,false
6983,Ġcontinu,false
6984,Ġbro,false
6985,Ġeducation,false
6986,Ġke,false
6987,Ġmeas,false
6988,Ġrisk,false
6989,formation,false
6990,ide,false
6991,Ġdri,false
6992,Ġcur,false
6993,ential,false
6994,Ġimprove,false
6995,Ġhealth,false
6996,Ġdist,false
6997,Ġcre,false
6998,liance,false
6999,Ġtoward,false
7000,Ġpr,false
7001,Ġsur,false
7002,ons,false
7003,Ġreflect,false
7004,og,false
7005,put,false
7006,ould,false
7007,PI,false
7008,Ġurban,false
7009,vol,false
7010,utions,false
7011,ather,false
7012,Ġ8,false
7013,Ġneed,false
7014,utional,false
7015,Ġfac,false
7016,ced,false
7017,ĠAs,false
7018,aj,false
7019,verage,false
7020,ine,false
7021,In,false
7022,Ġindic,false
7023,lows,false
7024,ets,false
7025,hold,false
7026,Ġshare,false
7027,tical,false
7028,ries,false
7029,ergy,false
7030,SE,false
7031,Ġform,false
7032,ĠCh,false
7033,ĠThese,false
7034,ising,false
7035,Ġgovernment,false
7036,Ġinfl,false
7037,illion,false
7038,based,false
7039,Ġaccess,false
7040,ember,false
7041,Ġcredit,false
7042,ween,false
7043,ii,false
7044,sition,false
7045,Ġreduc,false
7046,ank,false
7047,ancing,false
7048,Ġoff,false
7049,ality,false
7050,led,false
7051,Ġrel,false
7052,Ġthere,false
7053,Ġ7,false
7054,tal,false
7055,Ġoper,false
7056,Ġdomestic,false
7057,ener,false
7058,ties,false
7059,term,false
7060,ree,false
7061,Ġhigher,false
7062,arm,false
7063,Ġ-,false
7064,DP,false
7065,Ġdisc,false
7066,Ġwe,false
7067,ufacturing,false
7068,acturing,false
7069,ĠUS,false
7070,urban,false
7071,ten,false
7072,ered,false
7073,II,false
7074,ĠIndian,false
7075,Ġskill,false
7076,lion,false
7077,19,false
7078,line,false
7079,ial,false
7080,Ġincluding,false
7081,2025,false
7082,edi,false
7083,su,false
7084,The,false
7085,Ġaccount,false
7086,ency,false
7087,Ġeduc,false
7088,Ġj,false
7089,uil,false
7090,Ġcor,false
7091,Ġlow,false
7092,ef,false
7093,rent,false
7094,pr,false
7095,Ġmon,false
7096,ax,false
7097,Ġinteg,false
7098,Ġcapacity,false
7099,Ġob,false
7100,oll,false
7101,ld,false
7102,ĠRegul,false
7103,Ġregulatory,false
7104,Ġwill,false
7105,ral,false
7106,Ġwhe,false
7107,cer,false
7108,Ġsche,false
7109,Ġstrate,false
7110,Ġdes,false
7111,ection,false
7112,ision,false
7113,imate,false
7114,eti,false
7115,hip,false
7116,Ġes,false
7117,omestic,false
7118,Ġem,false
7119,Ġtime,false
7120,Ġval,false
7121,Ġcount,false
7122,Ġperiod,false
7123,Ġlakh,false
7124,ange,false
7125,Ġcontin,false
7126,Ġresp,false
7127,Ġens,false
7128,Ġtrade,false
7129,ili,false
7130,Ġdata,false
7131,arly,false
7132,ents,false
7133,mes,false
7134,ha,false
7135,Ġfund,false
7136,Ġpric,false
7137,Ġpo,false
7138,Ġsignificant,false
7139,ĠPro,false
7140,Ġbo,false
7141,educ,false
7142,uf,false
7143,alth,false
7144,Ġrequi,false
7145,Ġdigital,false
7146,its,false
7147,Ġmo,false
7148,Ġsecur,false
7149,ied,false
7150,een,false
7151,rac,false
7152,urther,false
7153,Ġbet,false
7154,Ġsignific,false
7155,ee,false
7156,ang,false
7157,Ġ2026,false
7158,Ġframework,false
7159,Ġref,false
7160,ission,false
7161,Ġperi,false
7162,ens,false
7163,til,false
7164,ever,false
7165,ian,false
7166,Ġpri,false
7167,atives,false
7168,Ġbut,false
7169,ty,false
7170,acity,false
7171,agement,false
7172,ject,false
7173,Ġeconomic,false
7174,Ġpublic,false
7175,Ġdevelopment,false
7176,uld,false
7177,redit,false
7178,ration,false
7179,sid,false
7180,ĠJ,false
7181,Ġtechnolo,false
7182,Ġsustain,false
7183,Ġqu,false
7184,Ġsust,false
7185,iz,false
7186,akh,false
7187,ĠK,false
7188,Ġparticip,false
7189,ces,false
7190,Ġinvestment,false
7191,Ġemploy,false
7192,kill,false
7193,Ġinfrastructure,false
7194,Ġstrengthen,false
7195,Ġ6,false
7196,Ġdep,false
7197,Ġra,false
7198,ord,false
7199,mework,false
7200,por,false
7201,Ġcost,false
7202,ĠReg,false
7203,Ġam,false
7204,12,false
7205,Ġindust,false
7206,igital,false
7207,ise,false
7208,Ġiniti,false
7209,ace,false
7210,Ġfir,false
7211,vel,false
7212,Ġcl,false
7213,Ġduring,false
7214,tim,false
7215,ase,false
7216,eri,false
7217,eed,false
7218,ĠCom,false
7219,ight,false
7220,gra,false
7221,ata,false
7222,Ġtim,false
7223,tern,false
7224,ban,false
7225,tivity,false
7226,isation,false
7227,old,false
7228,cess,false
7229,Ġpolicy,false
7230,Ġinto,false
7231,13,false
7232,Ġremain,false
7233,sive,false
7234,out,false
7235,Ġeff,false
7236,ning,false
7237,ath,false
7238,Ġenh,false
7239,lement,false
7240,Ġup,false
7241,Ġdem,false
7242,Ġme,false
7243,ari,false
7244,ome,false
7245,ress,false
7246,gic,false
7247,Ġappro,false
7248,Ġcons,false
7249,Ġsign,false
7250,Ġli,false
7251,qui,false
7252,Ġprovid,false
7253,echnolo,false
7254,ublic,false
7255,echno,false
7256,15,false
7257,Ġmore,false
7258,14,false
7259,Ġthese,false
7260,rib,false
7261,ond,false
7262,ult,false
7263,Ġus,false
7264,Ġinstit,false
7265,Ġwhile,false
7266,ticip,false
7267,ward,false
7268,Ġsub,false
7269,Ġass,false
7270,lect,false
7271,Ġstrength,false
7272,Ġrep,false
7273,enti,false
7274,ective,false
7275,ĠV,false
7276,ib,false
7277,16,false
7278,rastructure,false
7279,abl,false
7280,Ġfra,false
7281,vi,false
7282,ke,false
7283,rain,false
7284,11,false
7285,Ġcapital,false
7286,arg,false
7287,Ġsa,false
7288,orts,false
7289,als,false
7290,Ġtheir,false
7291,Ġmod,false
7292,Ġwere,false
7293,Ġservices,false
7294,Ġinclud,false
7295,ell,false
7296,fici,false
7297,ased,false
7298,di,false
7299,art,false
7300,Ġab,false
7301,atory,false
7302,ex,false
7303,Ġpolic,false
7304,Ġthan,false
7305,Ġsystem,false
7306,ted,false
7307,tives,false
7308,ures,false
7309,tain,false
7310,ach,false
7311,Ġdec,false
7312,ved,false
7313,Ġrem,false
7314,rength,false
7315,Ġacross,false
7316,ater,false
7317,ood,false
7318,Ġop,false
7319,ount,false
7320,ost,false
7321,ding,false
7322,Ġgovern,false
7323,work,false
7324,Ġ4,false
7325,gth,false
7326,Ġso,false
7327,Ġsupport,false
7328,ving,false
7329,ail,false
7330,cy,false
7331,Ġemp,false
7332,rate,false
7333,Ġ5,false
7334,rast,false
7335,Ġlo,false
7336,Ġfinancial,false
7337,Ġwork,false
7338,Ġimpro,false
7339,loy,false
7340,Ġwhich,false
7341,10,false
7342,Ġits,false
7343,ual,false
7344,Ġsp,false
7345,Ġcan,false
7346,Ġrec,false
7347,Ġsec,false
7348,ific,false
7349,Ġproduc,false
7350,ised,false
7351,Ġtrad,false
7352,Ġag,false
7353,ĠâĤ¹,false
7354,Ġcomm,false
7355,ich,false
7356,Ġpl,false
7357,ks,false
7358,Ġro,false
7359,Ġbeen,false
7360,ative,false
7361,Ġwas,false
7362,olic,false
7363,ating,false
7364,Ġalso,false
7365,ĠFY,false
7366,Ġpre,false
7367,Ġtrans,false
7368,ms,false
7369,Ġ20,false
7370,Ġservic,false
7371,Ġyear,false
7372,Ġthis,false
7373,Ġregul,false
7374,ĠL,false
7375,ry,false
7376,lin,false
7377,Ġdevelop,false
7378,ross,false
7379,if,false
7380,omes,false
7381,ructure,false
7382,cip,false
7383,Ġnot,false
7384,ion,false
7385,Ġsuch,false
7386,Ġincl,false
7387,ally,false
7388,act,false
7389,ĠThis,false
7390,che,false
7391,Ġris,false
7392,gy,false
7393,Ġdi,false
7394,Ġglobal,false
7395,op,false
7396,all,false
7397,Ġinter,false
7398,).,false
7399,Ġhe,false
7400,ub,false
7401,ĠW,false
7402,ural,false
7403,ĠâĢ,false
7404,are,false
7405,am,false
7406,ancial,false
7407,Ġgrowth,false
7408,ution,false
7409,Ġout,false
7410,ĠH,false
7411,ew,false
7412,Ġman,false
7413,ors,false
7414,Ġincreas,false
7415,Ġins,false
7416,overn,false
7417,Ġun,false
7418,Ġthrough,false
7419,so,false
7420,se,false
7421,Ġcrore,false
7422,âĤ¹,false
7423,hi,false
7424,ep,false
7425,ber,false
7426,ary,false
7427,25,false
7428,ech,false
7429,âĤ,false
7430,Ġunder,false
7431,Ġover,false
7432,ct,false
7433,Ġeconom,false
7434,"),",false
7435,ĠSt,false
7436,ervic,false
7437,tit,false
7438,Ġtran,false
7439,oc,false
7440,Ġdis,false
7441,no,false
7442,ile,false
7443,Ġsector,false
7444,ther,false
7445,ese,false
7446,ability,false
7447,Ġinf,false
7448,ag,false
7449,Ġsupp,false
7450,rough,false
7451,uch,false
7452,ystem,false
7453,ere,false
7454,anc,false
7455,ory,false
7456,lobal,false
7457,vid,false
7458,Ġhave,false
7459,reas,false
7460,velop,false
7461,Ġpar,false
7462,lop,false
7463,Ġacc,false
7464,yst,false
7465,Ġy,false
7466,ĠSEBI,false
7467,lic,false
7468,ous,false
7469,ĠO,false
7470,ue,false
7471,Ġgrow,false
7472,ave,false
7473,Ġhigh,false
7474,Ġ3,false
7475,Ġund,false
7476,ugh,false
7477,Ġapp,false
7478,res,false
7479,Ġ2,false
7480,cal,false
7481,Ġcro,false
7482,00,false
7483,unt,false
7484,bal,false
7485,Ġmarket,false
7486,Ġle,false
7487,ong,false
7488,ant,false
7489,ture,false
7490,EBI,false
7491,Ġfin,false
7492,mp,false
7493,ence,false
7494,Ġec,false
7495,ector,false
7496,ruc,false
7497,ates,false
7498,Ġinvest,false
7499,os,false
7500,Ġind,false
7501,up,false
7502,ill,false
7503,ational,false
7504,ff,false
7505,Ġcont,false
7506,Ġit,false
7507,ast,false
7508,ug,false
7509,Ġch,false
7510,Ġor,false
7511,over,false
7512,onom,false
7513,Ġat,false
7514,ĠTh,false
7515,ard,false
7516,ital,false
7517,ĠU,false
7518,BI,false
7519,ven,false
7520,arket,false
7521,Ġreg,false
7522,26,false
7523,ric,false
7524,erv,false
7525,ĠAI,false
7526,sion,false
7527,uring,false
7528,cial,false
7529,ork,false
7530,ran,false
7531,rad,false
7532,Ġcap,false
7533,low,false
7534,row,false
7535,ility,false
7536,um,false
7537,Ġres,false
7538,ear,false
7539,form,false
7540,ies,false
7541,tions,false
7542,ĠB,false
7543,ations,false
7544,Ġad,false
7545,Ġ2025,false
7546,our,false
7547,ĠN,false
7548,age,false
7549,ments,false
7550,ĠE,false
7551,ore,false
7552,eg,false
7553,Ġhas,false
7554,Ġint,false
7555,Ġan,false
7556,ities,false
7557,me,false
7558,ign,false
7559,ts,false
7560,end,false
7561,ark,false
7562,ow,false
7563,ak,false
7564,tiv,false
7565,able,false
7566,vest,false
7567,ay,false
7568,ust,false
7569,li,false
7570,ĠIndia,false
7571,Ġwh,false
7572,duc,false
7573,ud,false
7574,Ġfrom,false
7575,ch,false
7576,Ġimp,false
7577,Ġsh,false
7578,Ġare,false
7579,ĠD,false
7580,Ġcomp,false
7581,tic,false
7582,ĠG,false
7583,ist,false
7584,red,false
7585,ss,false
7586,Ġthat,false
7587,ren,false
7588,ot,false
7589,imp,false
7590,ated,false
7591,for,false
7592,rom,false
7593,ĠIn,false
7594,Ġv,false
7595,Ġco,false
7596,igh,false
7597,âĢĻ,false
7598,Ġexp,false
7599,qu,false
7600,tive,false
7601,ad,false
7602,fic,false
7603,ia,false
7604,Ġinc,false
7605,el,false
7606,Ġal,false
7607,em,false
7608,ance,false
7609,Ġsu,false
7610,Ġ1,false
7611,ĠInd,false
7612,Ġr,false
7613,and,false
7614,ir,false
7615,ĠThe,false
7616,od,false
7617,Ġbe,false
7618,ĠR,false
7619,ĠP,false
7620,und,false
7621,Ġ202,false
7622,ĠM,false
7623,ers,false
7624,Ġby,false
7625,pp,false
7626,ess,false
7627,ci,false
7628,ain,false
7629,est,false
7630,Ġcent,false
7631,iti,false
7632,Ġcom,false
7633,ge,false
7634,ap,false
7635,Ġac,false
7636,id,false
7637,Ġen,false
7638,ĠF,false
7639,Ġon,false
7640,Ġwith,false
7641,ter,false
7642,ĠčĊ,false
7643,Ġis,false
7644,ect,false
7645,us,false
7646,ort,false
7647,Ġde,false
7648,ith,false
7649,ure,false
7650,Ġas,false
7651,202,false
7652,ĠC,false
7653,Ġcon,false
7654,ri,false
7655,Ġex,false
7656,un,false
7657,ac,false
7658,si,false
7659,Ġper,false
7660,âĢ,false
7661,ut,false
7662,Ġpro,false
7663,Ġn,false
7664,ate,false
7665,Ġl,false
7666,ol,false
7667,Ġfor,false
7668,ab,false
7669,Ġ(,false
7670,Ġst,false
7671,th,false
7672,im,false
7673,ul,false
7674,ver,false
7675,uc,false
7676,ity,false
7677,20,false
7678,ig,false
7679,Ġg,false
7680,et,false
7681,ly,false
7682,ĠT,false
7683,ĠA,false
7684,ra,false
7685,Ġth,false
7686,ĠS,false
7687,Ġh,false
7688,ĠI,false
7689,ce,false
7690,lo,false
7691,le,false
7692,st,false
7693,ment,false
7694,ve,false
7695,om,false
7696,il,false
7697,Ġe,false
7698,ur,false
7699,as,false
7700,ation,false
7701,Ġto,false
7702,Ġre,false
7703,Ġm,false
7704,Ġw,false
7705,ec,false
7706,Ġb,false
7707,Ġd,false
7708,ic,false
7709,Ġof,false
7710,ar,false
7711,ent,false
7712,Ġf,false
7713,Ġand,false
7714,is,false
7715,at,false
7716,it,false
7717,tion,false
7718,ro,false
7719,an,false
7720,Ġthe,false
7721,Ġo,false
7722,ing,false
7723,Ġp,false
7724,ed,false
7725,Ġin,false
7726,al,false
7727,Ġs,false
7728,or,false
7729,Ġc,false
7730,he,false
7731,čĊ,false
7732,nd,false
7733,es,false
7734,er,false
7735,en,false
7736,ti,false
7737,on,false
7738,re,false
7739,Ġt,false
7740,Ġa,false
7741,in,false
7742,Ń,false
7743,ł,false
7744,Ł,false
7745,ŀ,false
7746,Ŀ,false
7747,ľ,false
7748,Ľ,false
7749,ļ,false
7750,Ļ,false
7751,ĺ,false
7752,Ĺ,false
7753,ĸ,false
7754,ķ,false
7755,Ķ,false
7756,ĵ,false
7757,Ĵ,false
7758,ĳ,false
7759,Ĳ,false
7760,ı,false
7761,İ,false
7762,į,false
7763,Į,false
7764,ĭ,false
7765,Ĭ,false
7766,ī,false
7767,Ī,false
7768,ĩ,false
7769,Ĩ,false
7770,ħ,false
7771,Ħ,false
7772,ĥ,false
7773,Ĥ,false
7774,ģ,false
7775,Ģ,false
7776,ġ,false
7777,Ġ,false
7778,ğ,false
7779,Ğ,false
7780,ĝ,false
7781,Ĝ,false
7782,ě,false
7783,Ě,false
7784,ę,false
7785,Ę,false
7786,ė,false
7787,Ė,false
7788,ĕ,false
7789,Ĕ,false
7790,ē,false
7791,Ē,false
7792,đ,false
7793,Đ,false
7794,ď,false
7795,Ď,false
7796,č,false
7797,Č,false
7798,ċ,false
7799,Ċ,false
7800,ĉ,false
7801,Ĉ,false
7802,ć,false
7803,Ć,false
7804,ą,false
7805,Ą,false
7806,ă,false
7807,Ă,false
7808,ā,false
7809,Ā,false
7810,ÿ,false
7811,þ,false
7812,ý,false
7813,ü,false
7814,û,false
7815,ú,false
7816,ù,false
7817,ø,false
7818,÷,false
7819,ö,false
7820,õ,false
7821,ô,false
7822,ó,false
7823,ò,false
7824,ñ,false
7825,ð,false
7826,ï,false
7827,î,false
7828,í,false
7829,ì,false
7830,ë,false
7831,ê,false
7832,é,false
7833,è,false
7834,ç,false
7835,æ,false
7836,å,false
7837,ä,false
7838,ã,false
7839,â,false
7840,á,false
7841,à,false
7842,ß,false
7843,Þ,false
7844,Ý,false
7845,Ü,false
7846,Û,false
7847,Ú,false
7848,Ù,false
7849,Ø,false
7850,×,false
7851,Ö,false
7852,Õ,false
7853,Ô,false
7854,Ó,false
7855,Ò,false
7856,Ñ,false
7857,Ð,false
7858,Ï,false
7859,Î,false
7860,Í,false
7861,Ì,false
7862,Ë,false
7863,Ê,false
7864,É,false
7865,È,false
7866,Ç,false
7867,Æ,false
7868,Å,false
7869,Ä,false
7870,Ã,false
7871,Â,false
7872,Á,false
7873,À,false
7874,¿,false
7875,¾,false
7876,½,false
7877,¼,false
7878,»,false
7879,º,false
7880,¹,false
7881,¸,false
7882,·,false
7883,¶,false
7884,µ,false
7885,´,false
7886,³,false
7887,²,false
7888,±,false
7889,°,false
7890,¯,false
7891,®,false
7892,¬,false
7893,«,false
7894,ª,false
7895,©,false
7896,¨,false
7897,§,false
7898,¦,false
7899,¥,false
7900,¤,false
7901,£,false
7902,¢,false
7903,¡,false
7904,~,false
7905,},false
7906,|,false
7907,{,false
7908,z,false
7909,y,false
7910,x,false
7911,w,false
7912,v,false
7913,u,false
7914,t,false
7915,s,false
7916,r,false
7917,q,false
7918,p,false
7919,o,false
7920,n,false
7921,m,false
7922,l,false
7923,k,false
7924,j,false
7925,i,false
7926,h,false
7927,g,false
7928,f,false
7929,e,false
7930,d,false
7931,c,false
7932,b,false
7933,a,false
7934,`,false
7935,_,false
7936,^,false
7937,],false
7938,\,false
7939,[,false
7940,Z,false
7941,Y,false
7942,X,false
7943,W,false
7944,V,false
7945,U,false
7946,T,false
7947,S,false
7948,R,false
7949,Q,false
7950,P,false
7951,O,false
7952,N,false
7953,M,false
7954,L,false
7955,K,false
7956,J,false
7957,I,false
7958,H,false
7959,G,false
7960,F,false
7961,E,false
7962,D,false
7963,C,false
7964,B,false
7965,A,false
7966,@,false
7967,?,false
7968,>,false
7969,=,false
7970,<,false
7971,;,false
7972,:,false
7973,9,false
7974,8,false
7975,7,false
7976,6,false
7977,5,false
7978,4,false
7979,3,false
7980,2,false
7981,1,false
7982,0,false
7983,/,false
7984,.,false
7985,-,false
7986,",",false
7987,+,false
7988,*,false
7989,),false
7990,(,false
7991,',false
7992,&,false
7993,%,false
7994,$,false
7995,#,false
7996,"""",false
7997,!,false
7998,<pad>,true
7999,<unk>,true
