annotation_id,sentence_id,sentence_index_in_set,document_id,source_id,page_number,unit_id,section_id,sentence,token_index,token,gold_pos,annotation_type,annotator,guideline,notes
POSGOLD_0001,POSGOLD_001,1,D31,SRC03,5,D31_P005_SEC_13_4_3_PAR008,D31_SEC_13_4_3,A talk and yoga session was organised for SEBI employees,0,A,DET,manual,single annotator: implementing author (Phase 2),UPOS-17; attributive participle=ADJ; predicative participle=VERB; FY/years=NUM; month=PROPN; clitic=PART,
POSGOLD_0002,POSGOLD_001,1,D31,SRC03,5,D31_P005_SEC_13_4_3_PAR008,D31_SEC_13_4_3,A talk and yoga session was organised for SEBI employees,1,talk,NOUN,manual,single annotator: implementing author (Phase 2),UPOS-17; attributive participle=ADJ; predicative participle=VERB; FY/years=NUM; month=PROPN; clitic=PART,
POSGOLD_0003,POSGOLD_001,1,D31,SRC03,5,D31_P005_SEC_13_4_3_PAR008,D31_SEC_13_4_3,A talk and yoga session was organised for SEBI employees,2,and,CCONJ,manual,single annotator: implementing author (Phase 2),UPOS-17; attributive participle=ADJ; predicative participle=VERB; FY/years=NUM; month=PROPN; clitic=PART,
POSGOLD_0004,POSGOLD_001,1,D31,SRC03,5,D31_P005_SEC_13_4_3_PAR008,D31_SEC_13_4_3,A talk and yoga session was organised for SEBI employees,3,yoga,NOUN,manual,single annotator: implementing author (Phase 2),UPOS-17; attributive participle=ADJ; predicative participle=VERB; FY/years=NUM; month=PROPN; clitic=PART,
POSGOLD_0005,POSGOLD_001,1,D31,SRC03,5,D31_P005_SEC_13_4_3_PAR008,D31_SEC_13_4_3,A talk and yoga session was organised for SEBI employees,4,session,NOUN,manual,single annotator: implementing author (Phase 2),UPOS-17; attributive participle=ADJ; predicative participle=VERB; FY/years=NUM; month=PROPN; clitic=PART,
POSGOLD_0006,POSGOLD_001,1,D31,SRC03,5,D31_P005_SEC_13_4_3_PAR008,D31_SEC_13_4_3,A talk and yoga session was organised for SEBI employees,5,was,AUX,manual,single annotator: implementing author (Phase 2),UPOS-17; attributive participle=ADJ; predicative participle=VERB; FY/years=NUM; month=PROPN; clitic=PART,
POSGOLD_0007,POSGOLD_001,1,D31,SRC03,5,D31_P005_SEC_13_4_3_PAR008,D31_SEC_13_4_3,A talk and yoga session was organised for SEBI employees,6,organised,VERB,manual,single annotator: implementing author (Phase 2),UPOS-17; attributive participle=ADJ; predicative participle=VERB; FY/years=NUM; month=PROPN; clitic=PART,
POSGOLD_0008,POSGOLD_001,1,D31,SRC03,5,D31_P005_SEC_13_4_3_PAR008,D31_SEC_13_4_3,A talk and yoga session was organised for SEBI employees,7,for,ADP,manual,single annotator: implementing author (Phase 2),UPOS-17; attributive participle=ADJ; predicative participle=VERB; FY/years=NUM; month=PROPN; clitic=PART,
POSGOLD_0009,POSGOLD_001,1,D31,SRC03,5,D31_P005_SEC_13_4_3_PAR008,D31_SEC_13_4_3,A talk and yoga session was organised for SEBI employees,8,SEBI,PROPN,manual,single annotator: implementing author (Phase 2),UPOS-17; attributive participle=ADJ; predicative participle=VERB; FY/years=NUM; month=PROPN; clitic=PART,
POSGOLD_0010,POSGOLD_001,1,D31,SRC03,5,D31_P005_SEC_13_4_3_PAR008,D31_SEC_13_4_3,A talk and yoga session was organised for SEBI employees,9,employees,NOUN,manual,single annotator: implementing author (Phase 2),UPOS-17; attributive participle=ADJ; predicative participle=VERB; FY/years=NUM; month=PROPN; clitic=PART,
POSGOLD_0011,POSGOLD_002,2,D15,SRC01,12,D15_P012_SEC_15_17_PAR001,D15_SEC_15_17,"Hence, there is room for improvement in accountability.",0,Hence,ADV,manual,single annotator: implementing author (Phase 2),UPOS-17; attributive participle=ADJ; predicative participle=VERB; FY/years=NUM; month=PROPN; clitic=PART,
POSGOLD_0012,POSGOLD_002,2,D15,SRC01,12,D15_P012_SEC_15_17_PAR001,D15_SEC_15_17,"Hence, there is room for improvement in accountability.",1,",",PUNCT,manual,single annotator: implementing author (Phase 2),UPOS-17; attributive participle=ADJ; predicative participle=VERB; FY/years=NUM; month=PROPN; clitic=PART,
POSGOLD_0013,POSGOLD_002,2,D15,SRC01,12,D15_P012_SEC_15_17_PAR001,D15_SEC_15_17,"Hence, there is room for improvement in accountability.",2,there,PRON,manual,single annotator: implementing author (Phase 2),UPOS-17; attributive participle=ADJ; predicative participle=VERB; FY/years=NUM; month=PROPN; clitic=PART,
POSGOLD_0014,POSGOLD_002,2,D15,SRC01,12,D15_P012_SEC_15_17_PAR001,D15_SEC_15_17,"Hence, there is room for improvement in accountability.",3,is,AUX,manual,single annotator: implementing author (Phase 2),UPOS-17; attributive participle=ADJ; predicative participle=VERB; FY/years=NUM; month=PROPN; clitic=PART,
POSGOLD_0015,POSGOLD_002,2,D15,SRC01,12,D15_P012_SEC_15_17_PAR001,D15_SEC_15_17,"Hence, there is room for improvement in accountability.",4,room,NOUN,manual,single annotator: implementing author (Phase 2),UPOS-17; attributive participle=ADJ; predicative participle=VERB; FY/years=NUM; month=PROPN; clitic=PART,
POSGOLD_0016,POSGOLD_002,2,D15,SRC01,12,D15_P012_SEC_15_17_PAR001,D15_SEC_15_17,"Hence, there is room for improvement in accountability.",5,for,ADP,manual,single annotator: implementing author (Phase 2),UPOS-17; attributive participle=ADJ; predicative participle=VERB; FY/years=NUM; month=PROPN; clitic=PART,
POSGOLD_0017,POSGOLD_002,2,D15,SRC01,12,D15_P012_SEC_15_17_PAR001,D15_SEC_15_17,"Hence, there is room for improvement in accountability.",6,improvement,NOUN,manual,single annotator: implementing author (Phase 2),UPOS-17; attributive participle=ADJ; predicative participle=VERB; FY/years=NUM; month=PROPN; clitic=PART,
POSGOLD_0018,POSGOLD_002,2,D15,SRC01,12,D15_P012_SEC_15_17_PAR001,D15_SEC_15_17,"Hence, there is room for improvement in accountability.",7,in,ADP,manual,single annotator: implementing author (Phase 2),UPOS-17; attributive participle=ADJ; predicative participle=VERB; FY/years=NUM; month=PROPN; clitic=PART,
POSGOLD_0019,POSGOLD_002,2,D15,SRC01,12,D15_P012_SEC_15_17_PAR001,D15_SEC_15_17,"Hence, there is room for improvement in accountability.",8,accountability,NOUN,manual,single annotator: implementing author (Phase 2),UPOS-17; attributive participle=ADJ; predicative participle=VERB; FY/years=NUM; month=PROPN; clitic=PART,
POSGOLD_0020,POSGOLD_002,2,D15,SRC01,12,D15_P012_SEC_15_17_PAR001,D15_SEC_15_17,"Hence, there is room for improvement in accountability.",9,.,PUNCT,manual,single annotator: implementing author (Phase 2),UPOS-17; attributive participle=ADJ; predicative participle=VERB; FY/years=NUM; month=PROPN; clitic=PART,
POSGOLD_0021,POSGOLD_003,3,D23,SRC03,3,D23_P003_SEC_5_1_PAR004,D23_SEC_5_1,This initiative enhances operational efficiency and provides greater convenience to investors.,0,This,DET,manual,single annotator: implementing author (Phase 2),UPOS-17; attributive participle=ADJ; predicative participle=VERB; FY/years=NUM; month=PROPN; clitic=PART,
POSGOLD_0022,POSGOLD_003,3,D23,SRC03,3,D23_P003_SEC_5_1_PAR004,D23_SEC_5_1,This initiative enhances operational efficiency and provides greater convenience to investors.,1,initiative,NOUN,manual,single annotator: implementing author (Phase 2),UPOS-17; attributive participle=ADJ; predicative participle=VERB; FY/years=NUM; month=PROPN; clitic=PART,
POSGOLD_0023,POSGOLD_003,3,D23,SRC03,3,D23_P003_SEC_5_1_PAR004,D23_SEC_5_1,This initiative enhances operational efficiency and provides greater convenience to investors.,2,enhances,VERB,manual,single annotator: implementing author (Phase 2),UPOS-17; attributive participle=ADJ; predicative participle=VERB; FY/years=NUM; month=PROPN; clitic=PART,
POSGOLD_0024,POSGOLD_003,3,D23,SRC03,3,D23_P003_SEC_5_1_PAR004,D23_SEC_5_1,This initiative enhances operational efficiency and provides greater convenience to investors.,3,operational,ADJ,manual,single annotator: implementing author (Phase 2),UPOS-17; attributive participle=ADJ; predicative participle=VERB; FY/years=NUM; month=PROPN; clitic=PART,
POSGOLD_0025,POSGOLD_003,3,D23,SRC03,3,D23_P003_SEC_5_1_PAR004,D23_SEC_5_1,This initiative enhances operational efficiency and provides greater convenience to investors.,4,efficiency,NOUN,manual,single annotator: implementing author (Phase 2),UPOS-17; attributive participle=ADJ; predicative participle=VERB; FY/years=NUM; month=PROPN; clitic=PART,
POSGOLD_0026,POSGOLD_003,3,D23,SRC03,3,D23_P003_SEC_5_1_PAR004,D23_SEC_5_1,This initiative enhances operational efficiency and provides greater convenience to investors.,5,and,CCONJ,manual,single annotator: implementing author (Phase 2),UPOS-17; attributive participle=ADJ; predicative participle=VERB; FY/years=NUM; month=PROPN; clitic=PART,
POSGOLD_0027,POSGOLD_003,3,D23,SRC03,3,D23_P003_SEC_5_1_PAR004,D23_SEC_5_1,This initiative enhances operational efficiency and provides greater convenience to investors.,6,provides,VERB,manual,single annotator: implementing author (Phase 2),UPOS-17; attributive participle=ADJ; predicative participle=VERB; FY/years=NUM; month=PROPN; clitic=PART,
POSGOLD_0028,POSGOLD_003,3,D23,SRC03,3,D23_P003_SEC_5_1_PAR004,D23_SEC_5_1,This initiative enhances operational efficiency and provides greater convenience to investors.,7,greater,ADJ,manual,single annotator: implementing author (Phase 2),UPOS-17; attributive participle=ADJ; predicative participle=VERB; FY/years=NUM; month=PROPN; clitic=PART,
POSGOLD_0029,POSGOLD_003,3,D23,SRC03,3,D23_P003_SEC_5_1_PAR004,D23_SEC_5_1,This initiative enhances operational efficiency and provides greater convenience to investors.,8,convenience,NOUN,manual,single annotator: implementing author (Phase 2),UPOS-17; attributive participle=ADJ; predicative participle=VERB; FY/years=NUM; month=PROPN; clitic=PART,
POSGOLD_0030,POSGOLD_003,3,D23,SRC03,3,D23_P003_SEC_5_1_PAR004,D23_SEC_5_1,This initiative enhances operational efficiency and provides greater convenience to investors.,9,to,ADP,manual,single annotator: implementing author (Phase 2),UPOS-17; attributive participle=ADJ; predicative participle=VERB; FY/years=NUM; month=PROPN; clitic=PART,
POSGOLD_0031,POSGOLD_003,3,D23,SRC03,3,D23_P003_SEC_5_1_PAR004,D23_SEC_5_1,This initiative enhances operational efficiency and provides greater convenience to investors.,10,investors,NOUN,manual,single annotator: implementing author (Phase 2),UPOS-17; attributive participle=ADJ; predicative participle=VERB; FY/years=NUM; month=PROPN; clitic=PART,
POSGOLD_0032,POSGOLD_003,3,D23,SRC03,3,D23_P003_SEC_5_1_PAR004,D23_SEC_5_1,This initiative enhances operational efficiency and provides greater convenience to investors.,11,.,PUNCT,manual,single annotator: implementing author (Phase 2),UPOS-17; attributive participle=ADJ; predicative participle=VERB; FY/years=NUM; month=PROPN; clitic=PART,
POSGOLD_0033,POSGOLD_004,4,D17,SRC01,32,D17_P032_UNKNOWN_PAR002,D17_SEC_S39,These experiences demonstrate how systematic deregulation translates administrative reform into improved economic outcomes.,0,These,DET,manual,single annotator: implementing author (Phase 2),UPOS-17; attributive participle=ADJ; predicative participle=VERB; FY/years=NUM; month=PROPN; clitic=PART,
POSGOLD_0034,POSGOLD_004,4,D17,SRC01,32,D17_P032_UNKNOWN_PAR002,D17_SEC_S39,These experiences demonstrate how systematic deregulation translates administrative reform into improved economic outcomes.,1,experiences,NOUN,manual,single annotator: implementing author (Phase 2),UPOS-17; attributive participle=ADJ; predicative participle=VERB; FY/years=NUM; month=PROPN; clitic=PART,
POSGOLD_0035,POSGOLD_004,4,D17,SRC01,32,D17_P032_UNKNOWN_PAR002,D17_SEC_S39,These experiences demonstrate how systematic deregulation translates administrative reform into improved economic outcomes.,2,demonstrate,VERB,manual,single annotator: implementing author (Phase 2),UPOS-17; attributive participle=ADJ; predicative participle=VERB; FY/years=NUM; month=PROPN; clitic=PART,
POSGOLD_0036,POSGOLD_004,4,D17,SRC01,32,D17_P032_UNKNOWN_PAR002,D17_SEC_S39,These experiences demonstrate how systematic deregulation translates administrative reform into improved economic outcomes.,3,how,ADV,manual,single annotator: implementing author (Phase 2),UPOS-17; attributive participle=ADJ; predicative participle=VERB; FY/years=NUM; month=PROPN; clitic=PART,
POSGOLD_0037,POSGOLD_004,4,D17,SRC01,32,D17_P032_UNKNOWN_PAR002,D17_SEC_S39,These experiences demonstrate how systematic deregulation translates administrative reform into improved economic outcomes.,4,systematic,ADJ,manual,single annotator: implementing author (Phase 2),UPOS-17; attributive participle=ADJ; predicative participle=VERB; FY/years=NUM; month=PROPN; clitic=PART,
POSGOLD_0038,POSGOLD_004,4,D17,SRC01,32,D17_P032_UNKNOWN_PAR002,D17_SEC_S39,These experiences demonstrate how systematic deregulation translates administrative reform into improved economic outcomes.,5,deregulation,NOUN,manual,single annotator: implementing author (Phase 2),UPOS-17; attributive participle=ADJ; predicative participle=VERB; FY/years=NUM; month=PROPN; clitic=PART,
POSGOLD_0039,POSGOLD_004,4,D17,SRC01,32,D17_P032_UNKNOWN_PAR002,D17_SEC_S39,These experiences demonstrate how systematic deregulation translates administrative reform into improved economic outcomes.,6,translates,VERB,manual,single annotator: implementing author (Phase 2),UPOS-17; attributive participle=ADJ; predicative participle=VERB; FY/years=NUM; month=PROPN; clitic=PART,
POSGOLD_0040,POSGOLD_004,4,D17,SRC01,32,D17_P032_UNKNOWN_PAR002,D17_SEC_S39,These experiences demonstrate how systematic deregulation translates administrative reform into improved economic outcomes.,7,administrative,ADJ,manual,single annotator: implementing author (Phase 2),UPOS-17; attributive participle=ADJ; predicative participle=VERB; FY/years=NUM; month=PROPN; clitic=PART,
POSGOLD_0041,POSGOLD_004,4,D17,SRC01,32,D17_P032_UNKNOWN_PAR002,D17_SEC_S39,These experiences demonstrate how systematic deregulation translates administrative reform into improved economic outcomes.,8,reform,NOUN,manual,single annotator: implementing author (Phase 2),UPOS-17; attributive participle=ADJ; predicative participle=VERB; FY/years=NUM; month=PROPN; clitic=PART,
POSGOLD_0042,POSGOLD_004,4,D17,SRC01,32,D17_P032_UNKNOWN_PAR002,D17_SEC_S39,These experiences demonstrate how systematic deregulation translates administrative reform into improved economic outcomes.,9,into,ADP,manual,single annotator: implementing author (Phase 2),UPOS-17; attributive participle=ADJ; predicative participle=VERB; FY/years=NUM; month=PROPN; clitic=PART,
POSGOLD_0043,POSGOLD_004,4,D17,SRC01,32,D17_P032_UNKNOWN_PAR002,D17_SEC_S39,These experiences demonstrate how systematic deregulation translates administrative reform into improved economic outcomes.,10,improved,ADJ,manual,single annotator: implementing author (Phase 2),UPOS-17; attributive participle=ADJ; predicative participle=VERB; FY/years=NUM; month=PROPN; clitic=PART,
POSGOLD_0044,POSGOLD_004,4,D17,SRC01,32,D17_P032_UNKNOWN_PAR002,D17_SEC_S39,These experiences demonstrate how systematic deregulation translates administrative reform into improved economic outcomes.,11,economic,ADJ,manual,single annotator: implementing author (Phase 2),UPOS-17; attributive participle=ADJ; predicative participle=VERB; FY/years=NUM; month=PROPN; clitic=PART,
POSGOLD_0045,POSGOLD_004,4,D17,SRC01,32,D17_P032_UNKNOWN_PAR002,D17_SEC_S39,These experiences demonstrate how systematic deregulation translates administrative reform into improved economic outcomes.,12,outcomes,NOUN,manual,single annotator: implementing author (Phase 2),UPOS-17; attributive participle=ADJ; predicative participle=VERB; FY/years=NUM; month=PROPN; clitic=PART,
POSGOLD_0046,POSGOLD_004,4,D17,SRC01,32,D17_P032_UNKNOWN_PAR002,D17_SEC_S39,These experiences demonstrate how systematic deregulation translates administrative reform into improved economic outcomes.,13,.,PUNCT,manual,single annotator: implementing author (Phase 2),UPOS-17; attributive participle=ADJ; predicative participle=VERB; FY/years=NUM; month=PROPN; clitic=PART,
POSGOLD_0047,POSGOLD_005,5,D20,SRC03,7,D20_P007_SEC_2_2_1_PAR004,D20_SEC_2_2_1,Indian equity markets had a particularly challenging year.,0,Indian,ADJ,manual,single annotator: implementing author (Phase 2),UPOS-17; attributive participle=ADJ; predicative participle=VERB; FY/years=NUM; month=PROPN; clitic=PART,
POSGOLD_0048,POSGOLD_005,5,D20,SRC03,7,D20_P007_SEC_2_2_1_PAR004,D20_SEC_2_2_1,Indian equity markets had a particularly challenging year.,1,equity,NOUN,manual,single annotator: implementing author (Phase 2),UPOS-17; attributive participle=ADJ; predicative participle=VERB; FY/years=NUM; month=PROPN; clitic=PART,
POSGOLD_0049,POSGOLD_005,5,D20,SRC03,7,D20_P007_SEC_2_2_1_PAR004,D20_SEC_2_2_1,Indian equity markets had a particularly challenging year.,2,markets,NOUN,manual,single annotator: implementing author (Phase 2),UPOS-17; attributive participle=ADJ; predicative participle=VERB; FY/years=NUM; month=PROPN; clitic=PART,
POSGOLD_0050,POSGOLD_005,5,D20,SRC03,7,D20_P007_SEC_2_2_1_PAR004,D20_SEC_2_2_1,Indian equity markets had a particularly challenging year.,3,had,VERB,manual,single annotator: implementing author (Phase 2),UPOS-17; attributive participle=ADJ; predicative participle=VERB; FY/years=NUM; month=PROPN; clitic=PART,
POSGOLD_0051,POSGOLD_005,5,D20,SRC03,7,D20_P007_SEC_2_2_1_PAR004,D20_SEC_2_2_1,Indian equity markets had a particularly challenging year.,4,a,DET,manual,single annotator: implementing author (Phase 2),UPOS-17; attributive participle=ADJ; predicative participle=VERB; FY/years=NUM; month=PROPN; clitic=PART,
POSGOLD_0052,POSGOLD_005,5,D20,SRC03,7,D20_P007_SEC_2_2_1_PAR004,D20_SEC_2_2_1,Indian equity markets had a particularly challenging year.,5,particularly,ADV,manual,single annotator: implementing author (Phase 2),UPOS-17; attributive participle=ADJ; predicative participle=VERB; FY/years=NUM; month=PROPN; clitic=PART,
POSGOLD_0053,POSGOLD_005,5,D20,SRC03,7,D20_P007_SEC_2_2_1_PAR004,D20_SEC_2_2_1,Indian equity markets had a particularly challenging year.,6,challenging,ADJ,manual,single annotator: implementing author (Phase 2),UPOS-17; attributive participle=ADJ; predicative participle=VERB; FY/years=NUM; month=PROPN; clitic=PART,
POSGOLD_0054,POSGOLD_005,5,D20,SRC03,7,D20_P007_SEC_2_2_1_PAR004,D20_SEC_2_2_1,Indian equity markets had a particularly challenging year.,7,year,NOUN,manual,single annotator: implementing author (Phase 2),UPOS-17; attributive participle=ADJ; predicative participle=VERB; FY/years=NUM; month=PROPN; clitic=PART,
POSGOLD_0055,POSGOLD_005,5,D20,SRC03,7,D20_P007_SEC_2_2_1_PAR004,D20_SEC_2_2_1,Indian equity markets had a particularly challenging year.,8,.,PUNCT,manual,single annotator: implementing author (Phase 2),UPOS-17; attributive participle=ADJ; predicative participle=VERB; FY/years=NUM; month=PROPN; clitic=PART,
POSGOLD_0056,POSGOLD_006,6,D09,SRC01,27,D09_P027_SEC_4_PAR004,D09_SEC_4,From energy access to energy agency: IES is not merely a technology initiative-,0,From,ADP,manual,single annotator: implementing author (Phase 2),UPOS-17; attributive participle=ADJ; predicative participle=VERB; FY/years=NUM; month=PROPN; clitic=PART,
POSGOLD_0057,POSGOLD_006,6,D09,SRC01,27,D09_P027_SEC_4_PAR004,D09_SEC_4,From energy access to energy agency: IES is not merely a technology initiative-,1,energy,NOUN,manual,single annotator: implementing author (Phase 2),UPOS-17; attributive participle=ADJ; predicative participle=VERB; FY/years=NUM; month=PROPN; clitic=PART,
POSGOLD_0058,POSGOLD_006,6,D09,SRC01,27,D09_P027_SEC_4_PAR004,D09_SEC_4,From energy access to energy agency: IES is not merely a technology initiative-,2,access,NOUN,manual,single annotator: implementing author (Phase 2),UPOS-17; attributive participle=ADJ; predicative participle=VERB; FY/years=NUM; month=PROPN; clitic=PART,
POSGOLD_0059,POSGOLD_006,6,D09,SRC01,27,D09_P027_SEC_4_PAR004,D09_SEC_4,From energy access to energy agency: IES is not merely a technology initiative-,3,to,ADP,manual,single annotator: implementing author (Phase 2),UPOS-17; attributive participle=ADJ; predicative participle=VERB; FY/years=NUM; month=PROPN; clitic=PART,
POSGOLD_0060,POSGOLD_006,6,D09,SRC01,27,D09_P027_SEC_4_PAR004,D09_SEC_4,From energy access to energy agency: IES is not merely a technology initiative-,4,energy,NOUN,manual,single annotator: implementing author (Phase 2),UPOS-17; attributive participle=ADJ; predicative participle=VERB; FY/years=NUM; month=PROPN; clitic=PART,
POSGOLD_0061,POSGOLD_006,6,D09,SRC01,27,D09_P027_SEC_4_PAR004,D09_SEC_4,From energy access to energy agency: IES is not merely a technology initiative-,5,agency,NOUN,manual,single annotator: implementing author (Phase 2),UPOS-17; attributive participle=ADJ; predicative participle=VERB; FY/years=NUM; month=PROPN; clitic=PART,
POSGOLD_0062,POSGOLD_006,6,D09,SRC01,27,D09_P027_SEC_4_PAR004,D09_SEC_4,From energy access to energy agency: IES is not merely a technology initiative-,6,:,PUNCT,manual,single annotator: implementing author (Phase 2),UPOS-17; attributive participle=ADJ; predicative participle=VERB; FY/years=NUM; month=PROPN; clitic=PART,
POSGOLD_0063,POSGOLD_006,6,D09,SRC01,27,D09_P027_SEC_4_PAR004,D09_SEC_4,From energy access to energy agency: IES is not merely a technology initiative-,7,IES,PROPN,manual,single annotator: implementing author (Phase 2),UPOS-17; attributive participle=ADJ; predicative participle=VERB; FY/years=NUM; month=PROPN; clitic=PART,
POSGOLD_0064,POSGOLD_006,6,D09,SRC01,27,D09_P027_SEC_4_PAR004,D09_SEC_4,From energy access to energy agency: IES is not merely a technology initiative-,8,is,AUX,manual,single annotator: implementing author (Phase 2),UPOS-17; attributive participle=ADJ; predicative participle=VERB; FY/years=NUM; month=PROPN; clitic=PART,
POSGOLD_0065,POSGOLD_006,6,D09,SRC01,27,D09_P027_SEC_4_PAR004,D09_SEC_4,From energy access to energy agency: IES is not merely a technology initiative-,9,not,PART,manual,single annotator: implementing author (Phase 2),UPOS-17; attributive participle=ADJ; predicative participle=VERB; FY/years=NUM; month=PROPN; clitic=PART,
POSGOLD_0066,POSGOLD_006,6,D09,SRC01,27,D09_P027_SEC_4_PAR004,D09_SEC_4,From energy access to energy agency: IES is not merely a technology initiative-,10,merely,ADV,manual,single annotator: implementing author (Phase 2),UPOS-17; attributive participle=ADJ; predicative participle=VERB; FY/years=NUM; month=PROPN; clitic=PART,
POSGOLD_0067,POSGOLD_006,6,D09,SRC01,27,D09_P027_SEC_4_PAR004,D09_SEC_4,From energy access to energy agency: IES is not merely a technology initiative-,11,a,DET,manual,single annotator: implementing author (Phase 2),UPOS-17; attributive participle=ADJ; predicative participle=VERB; FY/years=NUM; month=PROPN; clitic=PART,
POSGOLD_0068,POSGOLD_006,6,D09,SRC01,27,D09_P027_SEC_4_PAR004,D09_SEC_4,From energy access to energy agency: IES is not merely a technology initiative-,12,technology,NOUN,manual,single annotator: implementing author (Phase 2),UPOS-17; attributive participle=ADJ; predicative participle=VERB; FY/years=NUM; month=PROPN; clitic=PART,
POSGOLD_0069,POSGOLD_006,6,D09,SRC01,27,D09_P027_SEC_4_PAR004,D09_SEC_4,From energy access to energy agency: IES is not merely a technology initiative-,13,initiative-,NOUN,manual,single annotator: implementing author (Phase 2),UPOS-17; attributive participle=ADJ; predicative participle=VERB; FY/years=NUM; month=PROPN; clitic=PART,
POSGOLD_0070,POSGOLD_007,7,D10,SRC01,4,D10_P004_SEC_10_11_PAR001,D10_SEC_10_11,"10.11 For India, these developments carry important implications.",0,10.11,NUM,manual,single annotator: implementing author (Phase 2),UPOS-17; attributive participle=ADJ; predicative participle=VERB; FY/years=NUM; month=PROPN; clitic=PART,
POSGOLD_0071,POSGOLD_007,7,D10,SRC01,4,D10_P004_SEC_10_11_PAR001,D10_SEC_10_11,"10.11 For India, these developments carry important implications.",1,For,ADP,manual,single annotator: implementing author (Phase 2),UPOS-17; attributive participle=ADJ; predicative participle=VERB; FY/years=NUM; month=PROPN; clitic=PART,
POSGOLD_0072,POSGOLD_007,7,D10,SRC01,4,D10_P004_SEC_10_11_PAR001,D10_SEC_10_11,"10.11 For India, these developments carry important implications.",2,India,PROPN,manual,single annotator: implementing author (Phase 2),UPOS-17; attributive participle=ADJ; predicative participle=VERB; FY/years=NUM; month=PROPN; clitic=PART,
POSGOLD_0073,POSGOLD_007,7,D10,SRC01,4,D10_P004_SEC_10_11_PAR001,D10_SEC_10_11,"10.11 For India, these developments carry important implications.",3,",",PUNCT,manual,single annotator: implementing author (Phase 2),UPOS-17; attributive participle=ADJ; predicative participle=VERB; FY/years=NUM; month=PROPN; clitic=PART,
POSGOLD_0074,POSGOLD_007,7,D10,SRC01,4,D10_P004_SEC_10_11_PAR001,D10_SEC_10_11,"10.11 For India, these developments carry important implications.",4,these,DET,manual,single annotator: implementing author (Phase 2),UPOS-17; attributive participle=ADJ; predicative participle=VERB; FY/years=NUM; month=PROPN; clitic=PART,
POSGOLD_0075,POSGOLD_007,7,D10,SRC01,4,D10_P004_SEC_10_11_PAR001,D10_SEC_10_11,"10.11 For India, these developments carry important implications.",5,developments,NOUN,manual,single annotator: implementing author (Phase 2),UPOS-17; attributive participle=ADJ; predicative participle=VERB; FY/years=NUM; month=PROPN; clitic=PART,
POSGOLD_0076,POSGOLD_007,7,D10,SRC01,4,D10_P004_SEC_10_11_PAR001,D10_SEC_10_11,"10.11 For India, these developments carry important implications.",6,carry,VERB,manual,single annotator: implementing author (Phase 2),UPOS-17; attributive participle=ADJ; predicative participle=VERB; FY/years=NUM; month=PROPN; clitic=PART,
POSGOLD_0077,POSGOLD_007,7,D10,SRC01,4,D10_P004_SEC_10_11_PAR001,D10_SEC_10_11,"10.11 For India, these developments carry important implications.",7,important,ADJ,manual,single annotator: implementing author (Phase 2),UPOS-17; attributive participle=ADJ; predicative participle=VERB; FY/years=NUM; month=PROPN; clitic=PART,
POSGOLD_0078,POSGOLD_007,7,D10,SRC01,4,D10_P004_SEC_10_11_PAR001,D10_SEC_10_11,"10.11 For India, these developments carry important implications.",8,implications,NOUN,manual,single annotator: implementing author (Phase 2),UPOS-17; attributive participle=ADJ; predicative participle=VERB; FY/years=NUM; month=PROPN; clitic=PART,
POSGOLD_0079,POSGOLD_007,7,D10,SRC01,4,D10_P004_SEC_10_11_PAR001,D10_SEC_10_11,"10.11 For India, these developments carry important implications.",9,.,PUNCT,manual,single annotator: implementing author (Phase 2),UPOS-17; attributive participle=ADJ; predicative participle=VERB; FY/years=NUM; month=PROPN; clitic=PART,
POSGOLD_0080,POSGOLD_008,8,D11,SRC01,1,D11_P001_UNKNOWN_PAR003,UNKNOWN,Health outcomes have improved through infrastructure expansion and targeted policies.,0,Health,NOUN,manual,single annotator: implementing author (Phase 2),UPOS-17; attributive participle=ADJ; predicative participle=VERB; FY/years=NUM; month=PROPN; clitic=PART,
POSGOLD_0081,POSGOLD_008,8,D11,SRC01,1,D11_P001_UNKNOWN_PAR003,UNKNOWN,Health outcomes have improved through infrastructure expansion and targeted policies.,1,outcomes,NOUN,manual,single annotator: implementing author (Phase 2),UPOS-17; attributive participle=ADJ; predicative participle=VERB; FY/years=NUM; month=PROPN; clitic=PART,
POSGOLD_0082,POSGOLD_008,8,D11,SRC01,1,D11_P001_UNKNOWN_PAR003,UNKNOWN,Health outcomes have improved through infrastructure expansion and targeted policies.,2,have,AUX,manual,single annotator: implementing author (Phase 2),UPOS-17; attributive participle=ADJ; predicative participle=VERB; FY/years=NUM; month=PROPN; clitic=PART,
POSGOLD_0083,POSGOLD_008,8,D11,SRC01,1,D11_P001_UNKNOWN_PAR003,UNKNOWN,Health outcomes have improved through infrastructure expansion and targeted policies.,3,improved,VERB,manual,single annotator: implementing author (Phase 2),UPOS-17; attributive participle=ADJ; predicative participle=VERB; FY/years=NUM; month=PROPN; clitic=PART,
POSGOLD_0084,POSGOLD_008,8,D11,SRC01,1,D11_P001_UNKNOWN_PAR003,UNKNOWN,Health outcomes have improved through infrastructure expansion and targeted policies.,4,through,ADP,manual,single annotator: implementing author (Phase 2),UPOS-17; attributive participle=ADJ; predicative participle=VERB; FY/years=NUM; month=PROPN; clitic=PART,
POSGOLD_0085,POSGOLD_008,8,D11,SRC01,1,D11_P001_UNKNOWN_PAR003,UNKNOWN,Health outcomes have improved through infrastructure expansion and targeted policies.,5,infrastructure,NOUN,manual,single annotator: implementing author (Phase 2),UPOS-17; attributive participle=ADJ; predicative participle=VERB; FY/years=NUM; month=PROPN; clitic=PART,
POSGOLD_0086,POSGOLD_008,8,D11,SRC01,1,D11_P001_UNKNOWN_PAR003,UNKNOWN,Health outcomes have improved through infrastructure expansion and targeted policies.,6,expansion,NOUN,manual,single annotator: implementing author (Phase 2),UPOS-17; attributive participle=ADJ; predicative participle=VERB; FY/years=NUM; month=PROPN; clitic=PART,
POSGOLD_0087,POSGOLD_008,8,D11,SRC01,1,D11_P001_UNKNOWN_PAR003,UNKNOWN,Health outcomes have improved through infrastructure expansion and targeted policies.,7,and,CCONJ,manual,single annotator: implementing author (Phase 2),UPOS-17; attributive participle=ADJ; predicative participle=VERB; FY/years=NUM; month=PROPN; clitic=PART,
POSGOLD_0088,POSGOLD_008,8,D11,SRC01,1,D11_P001_UNKNOWN_PAR003,UNKNOWN,Health outcomes have improved through infrastructure expansion and targeted policies.,8,targeted,ADJ,manual,single annotator: implementing author (Phase 2),UPOS-17; attributive participle=ADJ; predicative participle=VERB; FY/years=NUM; month=PROPN; clitic=PART,
POSGOLD_0089,POSGOLD_008,8,D11,SRC01,1,D11_P001_UNKNOWN_PAR003,UNKNOWN,Health outcomes have improved through infrastructure expansion and targeted policies.,9,policies,NOUN,manual,single annotator: implementing author (Phase 2),UPOS-17; attributive participle=ADJ; predicative participle=VERB; FY/years=NUM; month=PROPN; clitic=PART,
POSGOLD_0090,POSGOLD_008,8,D11,SRC01,1,D11_P001_UNKNOWN_PAR003,UNKNOWN,Health outcomes have improved through infrastructure expansion and targeted policies.,10,.,PUNCT,manual,single annotator: implementing author (Phase 2),UPOS-17; attributive participle=ADJ; predicative participle=VERB; FY/years=NUM; month=PROPN; clitic=PART,
POSGOLD_0091,POSGOLD_009,9,D16,SRC01,16,D16_P016_SEC_16_54_PAR001,D16_SEC_16_54,"Some observers focus narrowly on protection, while others emphasise export orientation or macroeconomic stability.",0,Some,DET,manual,single annotator: implementing author (Phase 2),UPOS-17; attributive participle=ADJ; predicative participle=VERB; FY/years=NUM; month=PROPN; clitic=PART,
POSGOLD_0092,POSGOLD_009,9,D16,SRC01,16,D16_P016_SEC_16_54_PAR001,D16_SEC_16_54,"Some observers focus narrowly on protection, while others emphasise export orientation or macroeconomic stability.",1,observers,NOUN,manual,single annotator: implementing author (Phase 2),UPOS-17; attributive participle=ADJ; predicative participle=VERB; FY/years=NUM; month=PROPN; clitic=PART,
POSGOLD_0093,POSGOLD_009,9,D16,SRC01,16,D16_P016_SEC_16_54_PAR001,D16_SEC_16_54,"Some observers focus narrowly on protection, while others emphasise export orientation or macroeconomic stability.",2,focus,VERB,manual,single annotator: implementing author (Phase 2),UPOS-17; attributive participle=ADJ; predicative participle=VERB; FY/years=NUM; month=PROPN; clitic=PART,
POSGOLD_0094,POSGOLD_009,9,D16,SRC01,16,D16_P016_SEC_16_54_PAR001,D16_SEC_16_54,"Some observers focus narrowly on protection, while others emphasise export orientation or macroeconomic stability.",3,narrowly,ADV,manual,single annotator: implementing author (Phase 2),UPOS-17; attributive participle=ADJ; predicative participle=VERB; FY/years=NUM; month=PROPN; clitic=PART,
POSGOLD_0095,POSGOLD_009,9,D16,SRC01,16,D16_P016_SEC_16_54_PAR001,D16_SEC_16_54,"Some observers focus narrowly on protection, while others emphasise export orientation or macroeconomic stability.",4,on,ADP,manual,single annotator: implementing author (Phase 2),UPOS-17; attributive participle=ADJ; predicative participle=VERB; FY/years=NUM; month=PROPN; clitic=PART,
POSGOLD_0096,POSGOLD_009,9,D16,SRC01,16,D16_P016_SEC_16_54_PAR001,D16_SEC_16_54,"Some observers focus narrowly on protection, while others emphasise export orientation or macroeconomic stability.",5,protection,NOUN,manual,single annotator: implementing author (Phase 2),UPOS-17; attributive participle=ADJ; predicative participle=VERB; FY/years=NUM; month=PROPN; clitic=PART,
POSGOLD_0097,POSGOLD_009,9,D16,SRC01,16,D16_P016_SEC_16_54_PAR001,D16_SEC_16_54,"Some observers focus narrowly on protection, while others emphasise export orientation or macroeconomic stability.",6,",",PUNCT,manual,single annotator: implementing author (Phase 2),UPOS-17; attributive participle=ADJ; predicative participle=VERB; FY/years=NUM; month=PROPN; clitic=PART,
POSGOLD_0098,POSGOLD_009,9,D16,SRC01,16,D16_P016_SEC_16_54_PAR001,D16_SEC_16_54,"Some observers focus narrowly on protection, while others emphasise export orientation or macroeconomic stability.",7,while,SCONJ,manual,single annotator: implementing author (Phase 2),UPOS-17; attributive participle=ADJ; predicative participle=VERB; FY/years=NUM; month=PROPN; clitic=PART,
POSGOLD_0099,POSGOLD_009,9,D16,SRC01,16,D16_P016_SEC_16_54_PAR001,D16_SEC_16_54,"Some observers focus narrowly on protection, while others emphasise export orientation or macroeconomic stability.",8,others,PRON,manual,single annotator: implementing author (Phase 2),UPOS-17; attributive participle=ADJ; predicative participle=VERB; FY/years=NUM; month=PROPN; clitic=PART,
POSGOLD_0100,POSGOLD_009,9,D16,SRC01,16,D16_P016_SEC_16_54_PAR001,D16_SEC_16_54,"Some observers focus narrowly on protection, while others emphasise export orientation or macroeconomic stability.",9,emphasise,VERB,manual,single annotator: implementing author (Phase 2),UPOS-17; attributive participle=ADJ; predicative participle=VERB; FY/years=NUM; month=PROPN; clitic=PART,
POSGOLD_0101,POSGOLD_009,9,D16,SRC01,16,D16_P016_SEC_16_54_PAR001,D16_SEC_16_54,"Some observers focus narrowly on protection, while others emphasise export orientation or macroeconomic stability.",10,export,NOUN,manual,single annotator: implementing author (Phase 2),UPOS-17; attributive participle=ADJ; predicative participle=VERB; FY/years=NUM; month=PROPN; clitic=PART,
POSGOLD_0102,POSGOLD_009,9,D16,SRC01,16,D16_P016_SEC_16_54_PAR001,D16_SEC_16_54,"Some observers focus narrowly on protection, while others emphasise export orientation or macroeconomic stability.",11,orientation,NOUN,manual,single annotator: implementing author (Phase 2),UPOS-17; attributive participle=ADJ; predicative participle=VERB; FY/years=NUM; month=PROPN; clitic=PART,
POSGOLD_0103,POSGOLD_009,9,D16,SRC01,16,D16_P016_SEC_16_54_PAR001,D16_SEC_16_54,"Some observers focus narrowly on protection, while others emphasise export orientation or macroeconomic stability.",12,or,CCONJ,manual,single annotator: implementing author (Phase 2),UPOS-17; attributive participle=ADJ; predicative participle=VERB; FY/years=NUM; month=PROPN; clitic=PART,
POSGOLD_0104,POSGOLD_009,9,D16,SRC01,16,D16_P016_SEC_16_54_PAR001,D16_SEC_16_54,"Some observers focus narrowly on protection, while others emphasise export orientation or macroeconomic stability.",13,macroeconomic,ADJ,manual,single annotator: implementing author (Phase 2),UPOS-17; attributive participle=ADJ; predicative participle=VERB; FY/years=NUM; month=PROPN; clitic=PART,
POSGOLD_0105,POSGOLD_009,9,D16,SRC01,16,D16_P016_SEC_16_54_PAR001,D16_SEC_16_54,"Some observers focus narrowly on protection, while others emphasise export orientation or macroeconomic stability.",14,stability,NOUN,manual,single annotator: implementing author (Phase 2),UPOS-17; attributive participle=ADJ; predicative participle=VERB; FY/years=NUM; month=PROPN; clitic=PART,
POSGOLD_0106,POSGOLD_009,9,D16,SRC01,16,D16_P016_SEC_16_54_PAR001,D16_SEC_16_54,"Some observers focus narrowly on protection, while others emphasise export orientation or macroeconomic stability.",15,.,PUNCT,manual,single annotator: implementing author (Phase 2),UPOS-17; attributive participle=ADJ; predicative participle=VERB; FY/years=NUM; month=PROPN; clitic=PART,
POSGOLD_0107,POSGOLD_010,10,D13,SRC01,25,D13_P025_SEC_13_66_PAR004,D13_SEC_13_66,"India's tribal regions hold ecological, cultural, and economic potential.",0,India,PROPN,manual,single annotator: implementing author (Phase 2),UPOS-17; attributive participle=ADJ; predicative participle=VERB; FY/years=NUM; month=PROPN; clitic=PART,
POSGOLD_0108,POSGOLD_010,10,D13,SRC01,25,D13_P025_SEC_13_66_PAR004,D13_SEC_13_66,"India's tribal regions hold ecological, cultural, and economic potential.",1,'s,PART,manual,single annotator: implementing author (Phase 2),UPOS-17; attributive participle=ADJ; predicative participle=VERB; FY/years=NUM; month=PROPN; clitic=PART,
POSGOLD_0109,POSGOLD_010,10,D13,SRC01,25,D13_P025_SEC_13_66_PAR004,D13_SEC_13_66,"India's tribal regions hold ecological, cultural, and economic potential.",2,tribal,ADJ,manual,single annotator: implementing author (Phase 2),UPOS-17; attributive participle=ADJ; predicative participle=VERB; FY/years=NUM; month=PROPN; clitic=PART,
POSGOLD_0110,POSGOLD_010,10,D13,SRC01,25,D13_P025_SEC_13_66_PAR004,D13_SEC_13_66,"India's tribal regions hold ecological, cultural, and economic potential.",3,regions,NOUN,manual,single annotator: implementing author (Phase 2),UPOS-17; attributive participle=ADJ; predicative participle=VERB; FY/years=NUM; month=PROPN; clitic=PART,
POSGOLD_0111,POSGOLD_010,10,D13,SRC01,25,D13_P025_SEC_13_66_PAR004,D13_SEC_13_66,"India's tribal regions hold ecological, cultural, and economic potential.",4,hold,VERB,manual,single annotator: implementing author (Phase 2),UPOS-17; attributive participle=ADJ; predicative participle=VERB; FY/years=NUM; month=PROPN; clitic=PART,
POSGOLD_0112,POSGOLD_010,10,D13,SRC01,25,D13_P025_SEC_13_66_PAR004,D13_SEC_13_66,"India's tribal regions hold ecological, cultural, and economic potential.",5,ecological,ADJ,manual,single annotator: implementing author (Phase 2),UPOS-17; attributive participle=ADJ; predicative participle=VERB; FY/years=NUM; month=PROPN; clitic=PART,
POSGOLD_0113,POSGOLD_010,10,D13,SRC01,25,D13_P025_SEC_13_66_PAR004,D13_SEC_13_66,"India's tribal regions hold ecological, cultural, and economic potential.",6,",",PUNCT,manual,single annotator: implementing author (Phase 2),UPOS-17; attributive participle=ADJ; predicative participle=VERB; FY/years=NUM; month=PROPN; clitic=PART,
POSGOLD_0114,POSGOLD_010,10,D13,SRC01,25,D13_P025_SEC_13_66_PAR004,D13_SEC_13_66,"India's tribal regions hold ecological, cultural, and economic potential.",7,cultural,ADJ,manual,single annotator: implementing author (Phase 2),UPOS-17; attributive participle=ADJ; predicative participle=VERB; FY/years=NUM; month=PROPN; clitic=PART,
POSGOLD_0115,POSGOLD_010,10,D13,SRC01,25,D13_P025_SEC_13_66_PAR004,D13_SEC_13_66,"India's tribal regions hold ecological, cultural, and economic potential.",8,",",PUNCT,manual,single annotator: implementing author (Phase 2),UPOS-17; attributive participle=ADJ; predicative participle=VERB; FY/years=NUM; month=PROPN; clitic=PART,
POSGOLD_0116,POSGOLD_010,10,D13,SRC01,25,D13_P025_SEC_13_66_PAR004,D13_SEC_13_66,"India's tribal regions hold ecological, cultural, and economic potential.",9,and,CCONJ,manual,single annotator: implementing author (Phase 2),UPOS-17; attributive participle=ADJ; predicative participle=VERB; FY/years=NUM; month=PROPN; clitic=PART,
POSGOLD_0117,POSGOLD_010,10,D13,SRC01,25,D13_P025_SEC_13_66_PAR004,D13_SEC_13_66,"India's tribal regions hold ecological, cultural, and economic potential.",10,economic,ADJ,manual,single annotator: implementing author (Phase 2),UPOS-17; attributive participle=ADJ; predicative participle=VERB; FY/years=NUM; month=PROPN; clitic=PART,
POSGOLD_0118,POSGOLD_010,10,D13,SRC01,25,D13_P025_SEC_13_66_PAR004,D13_SEC_13_66,"India's tribal regions hold ecological, cultural, and economic potential.",11,potential,NOUN,manual,single annotator: implementing author (Phase 2),UPOS-17; attributive participle=ADJ; predicative participle=VERB; FY/years=NUM; month=PROPN; clitic=PART,
POSGOLD_0119,POSGOLD_010,10,D13,SRC01,25,D13_P025_SEC_13_66_PAR004,D13_SEC_13_66,"India's tribal regions hold ecological, cultural, and economic potential.",12,.,PUNCT,manual,single annotator: implementing author (Phase 2),UPOS-17; attributive participle=ADJ; predicative participle=VERB; FY/years=NUM; month=PROPN; clitic=PART,
POSGOLD_0120,POSGOLD_011,11,D28,SRC03,33,D28_P033_UNKNOWN_PAR007,D28_SEC_S13,"Accordingly, the Hon'ble Court convicted Accused Nos.",0,Accordingly,ADV,manual,single annotator: implementing author (Phase 2),UPOS-17; attributive participle=ADJ; predicative participle=VERB; FY/years=NUM; month=PROPN; clitic=PART,
POSGOLD_0121,POSGOLD_011,11,D28,SRC03,33,D28_P033_UNKNOWN_PAR007,D28_SEC_S13,"Accordingly, the Hon'ble Court convicted Accused Nos.",1,",",PUNCT,manual,single annotator: implementing author (Phase 2),UPOS-17; attributive participle=ADJ; predicative participle=VERB; FY/years=NUM; month=PROPN; clitic=PART,
POSGOLD_0122,POSGOLD_011,11,D28,SRC03,33,D28_P033_UNKNOWN_PAR007,D28_SEC_S13,"Accordingly, the Hon'ble Court convicted Accused Nos.",2,the,DET,manual,single annotator: implementing author (Phase 2),UPOS-17; attributive participle=ADJ; predicative participle=VERB; FY/years=NUM; month=PROPN; clitic=PART,
POSGOLD_0123,POSGOLD_011,11,D28,SRC03,33,D28_P033_UNKNOWN_PAR007,D28_SEC_S13,"Accordingly, the Hon'ble Court convicted Accused Nos.",3,Hon'ble,PROPN,manual,single annotator: implementing author (Phase 2),UPOS-17; attributive participle=ADJ; predicative participle=VERB; FY/years=NUM; month=PROPN; clitic=PART,
POSGOLD_0124,POSGOLD_011,11,D28,SRC03,33,D28_P033_UNKNOWN_PAR007,D28_SEC_S13,"Accordingly, the Hon'ble Court convicted Accused Nos.",4,Court,PROPN,manual,single annotator: implementing author (Phase 2),UPOS-17; attributive participle=ADJ; predicative participle=VERB; FY/years=NUM; month=PROPN; clitic=PART,
POSGOLD_0125,POSGOLD_011,11,D28,SRC03,33,D28_P033_UNKNOWN_PAR007,D28_SEC_S13,"Accordingly, the Hon'ble Court convicted Accused Nos.",5,convicted,VERB,manual,single annotator: implementing author (Phase 2),UPOS-17; attributive participle=ADJ; predicative participle=VERB; FY/years=NUM; month=PROPN; clitic=PART,
POSGOLD_0126,POSGOLD_011,11,D28,SRC03,33,D28_P033_UNKNOWN_PAR007,D28_SEC_S13,"Accordingly, the Hon'ble Court convicted Accused Nos.",6,Accused,NOUN,manual,single annotator: implementing author (Phase 2),UPOS-17; attributive participle=ADJ; predicative participle=VERB; FY/years=NUM; month=PROPN; clitic=PART,
POSGOLD_0127,POSGOLD_011,11,D28,SRC03,33,D28_P033_UNKNOWN_PAR007,D28_SEC_S13,"Accordingly, the Hon'ble Court convicted Accused Nos.",7,Nos,NOUN,manual,single annotator: implementing author (Phase 2),UPOS-17; attributive participle=ADJ; predicative participle=VERB; FY/years=NUM; month=PROPN; clitic=PART,
POSGOLD_0128,POSGOLD_011,11,D28,SRC03,33,D28_P033_UNKNOWN_PAR007,D28_SEC_S13,"Accordingly, the Hon'ble Court convicted Accused Nos.",8,.,PUNCT,manual,single annotator: implementing author (Phase 2),UPOS-17; attributive participle=ADJ; predicative participle=VERB; FY/years=NUM; month=PROPN; clitic=PART,
POSGOLD_0129,POSGOLD_012,12,D28,SRC03,1,D28_P001_UNKNOWN_PAR004,D28_SEC_S01,"This oversight ensures compliance with regulations, and protection of investor interests.",0,This,DET,manual,single annotator: implementing author (Phase 2),UPOS-17; attributive participle=ADJ; predicative participle=VERB; FY/years=NUM; month=PROPN; clitic=PART,
POSGOLD_0130,POSGOLD_012,12,D28,SRC03,1,D28_P001_UNKNOWN_PAR004,D28_SEC_S01,"This oversight ensures compliance with regulations, and protection of investor interests.",1,oversight,NOUN,manual,single annotator: implementing author (Phase 2),UPOS-17; attributive participle=ADJ; predicative participle=VERB; FY/years=NUM; month=PROPN; clitic=PART,
POSGOLD_0131,POSGOLD_012,12,D28,SRC03,1,D28_P001_UNKNOWN_PAR004,D28_SEC_S01,"This oversight ensures compliance with regulations, and protection of investor interests.",2,ensures,VERB,manual,single annotator: implementing author (Phase 2),UPOS-17; attributive participle=ADJ; predicative participle=VERB; FY/years=NUM; month=PROPN; clitic=PART,
POSGOLD_0132,POSGOLD_012,12,D28,SRC03,1,D28_P001_UNKNOWN_PAR004,D28_SEC_S01,"This oversight ensures compliance with regulations, and protection of investor interests.",3,compliance,NOUN,manual,single annotator: implementing author (Phase 2),UPOS-17; attributive participle=ADJ; predicative participle=VERB; FY/years=NUM; month=PROPN; clitic=PART,
POSGOLD_0133,POSGOLD_012,12,D28,SRC03,1,D28_P001_UNKNOWN_PAR004,D28_SEC_S01,"This oversight ensures compliance with regulations, and protection of investor interests.",4,with,ADP,manual,single annotator: implementing author (Phase 2),UPOS-17; attributive participle=ADJ; predicative participle=VERB; FY/years=NUM; month=PROPN; clitic=PART,
POSGOLD_0134,POSGOLD_012,12,D28,SRC03,1,D28_P001_UNKNOWN_PAR004,D28_SEC_S01,"This oversight ensures compliance with regulations, and protection of investor interests.",5,regulations,NOUN,manual,single annotator: implementing author (Phase 2),UPOS-17; attributive participle=ADJ; predicative participle=VERB; FY/years=NUM; month=PROPN; clitic=PART,
POSGOLD_0135,POSGOLD_012,12,D28,SRC03,1,D28_P001_UNKNOWN_PAR004,D28_SEC_S01,"This oversight ensures compliance with regulations, and protection of investor interests.",6,",",PUNCT,manual,single annotator: implementing author (Phase 2),UPOS-17; attributive participle=ADJ; predicative participle=VERB; FY/years=NUM; month=PROPN; clitic=PART,
POSGOLD_0136,POSGOLD_012,12,D28,SRC03,1,D28_P001_UNKNOWN_PAR004,D28_SEC_S01,"This oversight ensures compliance with regulations, and protection of investor interests.",7,and,CCONJ,manual,single annotator: implementing author (Phase 2),UPOS-17; attributive participle=ADJ; predicative participle=VERB; FY/years=NUM; month=PROPN; clitic=PART,
POSGOLD_0137,POSGOLD_012,12,D28,SRC03,1,D28_P001_UNKNOWN_PAR004,D28_SEC_S01,"This oversight ensures compliance with regulations, and protection of investor interests.",8,protection,NOUN,manual,single annotator: implementing author (Phase 2),UPOS-17; attributive participle=ADJ; predicative participle=VERB; FY/years=NUM; month=PROPN; clitic=PART,
POSGOLD_0138,POSGOLD_012,12,D28,SRC03,1,D28_P001_UNKNOWN_PAR004,D28_SEC_S01,"This oversight ensures compliance with regulations, and protection of investor interests.",9,of,ADP,manual,single annotator: implementing author (Phase 2),UPOS-17; attributive participle=ADJ; predicative participle=VERB; FY/years=NUM; month=PROPN; clitic=PART,
POSGOLD_0139,POSGOLD_012,12,D28,SRC03,1,D28_P001_UNKNOWN_PAR004,D28_SEC_S01,"This oversight ensures compliance with regulations, and protection of investor interests.",10,investor,NOUN,manual,single annotator: implementing author (Phase 2),UPOS-17; attributive participle=ADJ; predicative participle=VERB; FY/years=NUM; month=PROPN; clitic=PART,
POSGOLD_0140,POSGOLD_012,12,D28,SRC03,1,D28_P001_UNKNOWN_PAR004,D28_SEC_S01,"This oversight ensures compliance with regulations, and protection of investor interests.",11,interests,NOUN,manual,single annotator: implementing author (Phase 2),UPOS-17; attributive participle=ADJ; predicative participle=VERB; FY/years=NUM; month=PROPN; clitic=PART,
POSGOLD_0141,POSGOLD_012,12,D28,SRC03,1,D28_P001_UNKNOWN_PAR004,D28_SEC_S01,"This oversight ensures compliance with regulations, and protection of investor interests.",12,.,PUNCT,manual,single annotator: implementing author (Phase 2),UPOS-17; attributive participle=ADJ; predicative participle=VERB; FY/years=NUM; month=PROPN; clitic=PART,
POSGOLD_0142,POSGOLD_013,13,D07,SRC01,3,D07_P003_SEC_7_6_PAR002,D07_SEC_7_6,This has thereby reshaped the structure and growth dynamics of the services sector.,0,This,DET,manual,single annotator: implementing author (Phase 2),UPOS-17; attributive participle=ADJ; predicative participle=VERB; FY/years=NUM; month=PROPN; clitic=PART,
POSGOLD_0143,POSGOLD_013,13,D07,SRC01,3,D07_P003_SEC_7_6_PAR002,D07_SEC_7_6,This has thereby reshaped the structure and growth dynamics of the services sector.,1,has,AUX,manual,single annotator: implementing author (Phase 2),UPOS-17; attributive participle=ADJ; predicative participle=VERB; FY/years=NUM; month=PROPN; clitic=PART,
POSGOLD_0144,POSGOLD_013,13,D07,SRC01,3,D07_P003_SEC_7_6_PAR002,D07_SEC_7_6,This has thereby reshaped the structure and growth dynamics of the services sector.,2,thereby,ADV,manual,single annotator: implementing author (Phase 2),UPOS-17; attributive participle=ADJ; predicative participle=VERB; FY/years=NUM; month=PROPN; clitic=PART,
POSGOLD_0145,POSGOLD_013,13,D07,SRC01,3,D07_P003_SEC_7_6_PAR002,D07_SEC_7_6,This has thereby reshaped the structure and growth dynamics of the services sector.,3,reshaped,VERB,manual,single annotator: implementing author (Phase 2),UPOS-17; attributive participle=ADJ; predicative participle=VERB; FY/years=NUM; month=PROPN; clitic=PART,
POSGOLD_0146,POSGOLD_013,13,D07,SRC01,3,D07_P003_SEC_7_6_PAR002,D07_SEC_7_6,This has thereby reshaped the structure and growth dynamics of the services sector.,4,the,DET,manual,single annotator: implementing author (Phase 2),UPOS-17; attributive participle=ADJ; predicative participle=VERB; FY/years=NUM; month=PROPN; clitic=PART,
POSGOLD_0147,POSGOLD_013,13,D07,SRC01,3,D07_P003_SEC_7_6_PAR002,D07_SEC_7_6,This has thereby reshaped the structure and growth dynamics of the services sector.,5,structure,NOUN,manual,single annotator: implementing author (Phase 2),UPOS-17; attributive participle=ADJ; predicative participle=VERB; FY/years=NUM; month=PROPN; clitic=PART,
POSGOLD_0148,POSGOLD_013,13,D07,SRC01,3,D07_P003_SEC_7_6_PAR002,D07_SEC_7_6,This has thereby reshaped the structure and growth dynamics of the services sector.,6,and,CCONJ,manual,single annotator: implementing author (Phase 2),UPOS-17; attributive participle=ADJ; predicative participle=VERB; FY/years=NUM; month=PROPN; clitic=PART,
POSGOLD_0149,POSGOLD_013,13,D07,SRC01,3,D07_P003_SEC_7_6_PAR002,D07_SEC_7_6,This has thereby reshaped the structure and growth dynamics of the services sector.,7,growth,NOUN,manual,single annotator: implementing author (Phase 2),UPOS-17; attributive participle=ADJ; predicative participle=VERB; FY/years=NUM; month=PROPN; clitic=PART,
POSGOLD_0150,POSGOLD_013,13,D07,SRC01,3,D07_P003_SEC_7_6_PAR002,D07_SEC_7_6,This has thereby reshaped the structure and growth dynamics of the services sector.,8,dynamics,NOUN,manual,single annotator: implementing author (Phase 2),UPOS-17; attributive participle=ADJ; predicative participle=VERB; FY/years=NUM; month=PROPN; clitic=PART,
POSGOLD_0151,POSGOLD_013,13,D07,SRC01,3,D07_P003_SEC_7_6_PAR002,D07_SEC_7_6,This has thereby reshaped the structure and growth dynamics of the services sector.,9,of,ADP,manual,single annotator: implementing author (Phase 2),UPOS-17; attributive participle=ADJ; predicative participle=VERB; FY/years=NUM; month=PROPN; clitic=PART,
POSGOLD_0152,POSGOLD_013,13,D07,SRC01,3,D07_P003_SEC_7_6_PAR002,D07_SEC_7_6,This has thereby reshaped the structure and growth dynamics of the services sector.,10,the,DET,manual,single annotator: implementing author (Phase 2),UPOS-17; attributive participle=ADJ; predicative participle=VERB; FY/years=NUM; month=PROPN; clitic=PART,
POSGOLD_0153,POSGOLD_013,13,D07,SRC01,3,D07_P003_SEC_7_6_PAR002,D07_SEC_7_6,This has thereby reshaped the structure and growth dynamics of the services sector.,11,services,NOUN,manual,single annotator: implementing author (Phase 2),UPOS-17; attributive participle=ADJ; predicative participle=VERB; FY/years=NUM; month=PROPN; clitic=PART,
POSGOLD_0154,POSGOLD_013,13,D07,SRC01,3,D07_P003_SEC_7_6_PAR002,D07_SEC_7_6,This has thereby reshaped the structure and growth dynamics of the services sector.,12,sector,NOUN,manual,single annotator: implementing author (Phase 2),UPOS-17; attributive participle=ADJ; predicative participle=VERB; FY/years=NUM; month=PROPN; clitic=PART,
POSGOLD_0155,POSGOLD_013,13,D07,SRC01,3,D07_P003_SEC_7_6_PAR002,D07_SEC_7_6,This has thereby reshaped the structure and growth dynamics of the services sector.,13,.,PUNCT,manual,single annotator: implementing author (Phase 2),UPOS-17; attributive participle=ADJ; predicative participle=VERB; FY/years=NUM; month=PROPN; clitic=PART,
POSGOLD_0156,POSGOLD_014,14,D02,SRC01,6,D02_P006_SEC_2_8_PAR001,D02_SEC_2_8,Data-driven nudges also improved third-party reporting and accuracy in TDS filings.,0,Data,NOUN,manual,single annotator: implementing author (Phase 2),UPOS-17; attributive participle=ADJ; predicative participle=VERB; FY/years=NUM; month=PROPN; clitic=PART,
POSGOLD_0157,POSGOLD_014,14,D02,SRC01,6,D02_P006_SEC_2_8_PAR001,D02_SEC_2_8,Data-driven nudges also improved third-party reporting and accuracy in TDS filings.,1,-,PUNCT,manual,single annotator: implementing author (Phase 2),UPOS-17; attributive participle=ADJ; predicative participle=VERB; FY/years=NUM; month=PROPN; clitic=PART,
POSGOLD_0158,POSGOLD_014,14,D02,SRC01,6,D02_P006_SEC_2_8_PAR001,D02_SEC_2_8,Data-driven nudges also improved third-party reporting and accuracy in TDS filings.,2,driven,ADJ,manual,single annotator: implementing author (Phase 2),UPOS-17; attributive participle=ADJ; predicative participle=VERB; FY/years=NUM; month=PROPN; clitic=PART,
POSGOLD_0159,POSGOLD_014,14,D02,SRC01,6,D02_P006_SEC_2_8_PAR001,D02_SEC_2_8,Data-driven nudges also improved third-party reporting and accuracy in TDS filings.,3,nudges,NOUN,manual,single annotator: implementing author (Phase 2),UPOS-17; attributive participle=ADJ; predicative participle=VERB; FY/years=NUM; month=PROPN; clitic=PART,
POSGOLD_0160,POSGOLD_014,14,D02,SRC01,6,D02_P006_SEC_2_8_PAR001,D02_SEC_2_8,Data-driven nudges also improved third-party reporting and accuracy in TDS filings.,4,also,ADV,manual,single annotator: implementing author (Phase 2),UPOS-17; attributive participle=ADJ; predicative participle=VERB; FY/years=NUM; month=PROPN; clitic=PART,
POSGOLD_0161,POSGOLD_014,14,D02,SRC01,6,D02_P006_SEC_2_8_PAR001,D02_SEC_2_8,Data-driven nudges also improved third-party reporting and accuracy in TDS filings.,5,improved,VERB,manual,single annotator: implementing author (Phase 2),UPOS-17; attributive participle=ADJ; predicative participle=VERB; FY/years=NUM; month=PROPN; clitic=PART,
POSGOLD_0162,POSGOLD_014,14,D02,SRC01,6,D02_P006_SEC_2_8_PAR001,D02_SEC_2_8,Data-driven nudges also improved third-party reporting and accuracy in TDS filings.,6,third,ADJ,manual,single annotator: implementing author (Phase 2),UPOS-17; attributive participle=ADJ; predicative participle=VERB; FY/years=NUM; month=PROPN; clitic=PART,
POSGOLD_0163,POSGOLD_014,14,D02,SRC01,6,D02_P006_SEC_2_8_PAR001,D02_SEC_2_8,Data-driven nudges also improved third-party reporting and accuracy in TDS filings.,7,-,PUNCT,manual,single annotator: implementing author (Phase 2),UPOS-17; attributive participle=ADJ; predicative participle=VERB; FY/years=NUM; month=PROPN; clitic=PART,
POSGOLD_0164,POSGOLD_014,14,D02,SRC01,6,D02_P006_SEC_2_8_PAR001,D02_SEC_2_8,Data-driven nudges also improved third-party reporting and accuracy in TDS filings.,8,party,NOUN,manual,single annotator: implementing author (Phase 2),UPOS-17; attributive participle=ADJ; predicative participle=VERB; FY/years=NUM; month=PROPN; clitic=PART,
POSGOLD_0165,POSGOLD_014,14,D02,SRC01,6,D02_P006_SEC_2_8_PAR001,D02_SEC_2_8,Data-driven nudges also improved third-party reporting and accuracy in TDS filings.,9,reporting,NOUN,manual,single annotator: implementing author (Phase 2),UPOS-17; attributive participle=ADJ; predicative participle=VERB; FY/years=NUM; month=PROPN; clitic=PART,
POSGOLD_0166,POSGOLD_014,14,D02,SRC01,6,D02_P006_SEC_2_8_PAR001,D02_SEC_2_8,Data-driven nudges also improved third-party reporting and accuracy in TDS filings.,10,and,CCONJ,manual,single annotator: implementing author (Phase 2),UPOS-17; attributive participle=ADJ; predicative participle=VERB; FY/years=NUM; month=PROPN; clitic=PART,
POSGOLD_0167,POSGOLD_014,14,D02,SRC01,6,D02_P006_SEC_2_8_PAR001,D02_SEC_2_8,Data-driven nudges also improved third-party reporting and accuracy in TDS filings.,11,accuracy,NOUN,manual,single annotator: implementing author (Phase 2),UPOS-17; attributive participle=ADJ; predicative participle=VERB; FY/years=NUM; month=PROPN; clitic=PART,
POSGOLD_0168,POSGOLD_014,14,D02,SRC01,6,D02_P006_SEC_2_8_PAR001,D02_SEC_2_8,Data-driven nudges also improved third-party reporting and accuracy in TDS filings.,12,in,ADP,manual,single annotator: implementing author (Phase 2),UPOS-17; attributive participle=ADJ; predicative participle=VERB; FY/years=NUM; month=PROPN; clitic=PART,
POSGOLD_0169,POSGOLD_014,14,D02,SRC01,6,D02_P006_SEC_2_8_PAR001,D02_SEC_2_8,Data-driven nudges also improved third-party reporting and accuracy in TDS filings.,13,TDS,PROPN,manual,single annotator: implementing author (Phase 2),UPOS-17; attributive participle=ADJ; predicative participle=VERB; FY/years=NUM; month=PROPN; clitic=PART,
POSGOLD_0170,POSGOLD_014,14,D02,SRC01,6,D02_P006_SEC_2_8_PAR001,D02_SEC_2_8,Data-driven nudges also improved third-party reporting and accuracy in TDS filings.,14,filings,NOUN,manual,single annotator: implementing author (Phase 2),UPOS-17; attributive participle=ADJ; predicative participle=VERB; FY/years=NUM; month=PROPN; clitic=PART,
POSGOLD_0171,POSGOLD_014,14,D02,SRC01,6,D02_P006_SEC_2_8_PAR001,D02_SEC_2_8,Data-driven nudges also improved third-party reporting and accuracy in TDS filings.,15,.,PUNCT,manual,single annotator: implementing author (Phase 2),UPOS-17; attributive participle=ADJ; predicative participle=VERB; FY/years=NUM; month=PROPN; clitic=PART,
POSGOLD_0172,POSGOLD_015,15,D27,SRC03,5,D27_P005_SEC_9_2_1_PAR003,D27_SEC_9_2_1,Each dedicated UPI ID follows a specific format to ensure transparency:,0,Each,DET,manual,single annotator: implementing author (Phase 2),UPOS-17; attributive participle=ADJ; predicative participle=VERB; FY/years=NUM; month=PROPN; clitic=PART,
POSGOLD_0173,POSGOLD_015,15,D27,SRC03,5,D27_P005_SEC_9_2_1_PAR003,D27_SEC_9_2_1,Each dedicated UPI ID follows a specific format to ensure transparency:,1,dedicated,ADJ,manual,single annotator: implementing author (Phase 2),UPOS-17; attributive participle=ADJ; predicative participle=VERB; FY/years=NUM; month=PROPN; clitic=PART,
POSGOLD_0174,POSGOLD_015,15,D27,SRC03,5,D27_P005_SEC_9_2_1_PAR003,D27_SEC_9_2_1,Each dedicated UPI ID follows a specific format to ensure transparency:,2,UPI,PROPN,manual,single annotator: implementing author (Phase 2),UPOS-17; attributive participle=ADJ; predicative participle=VERB; FY/years=NUM; month=PROPN; clitic=PART,
POSGOLD_0175,POSGOLD_015,15,D27,SRC03,5,D27_P005_SEC_9_2_1_PAR003,D27_SEC_9_2_1,Each dedicated UPI ID follows a specific format to ensure transparency:,3,ID,NOUN,manual,single annotator: implementing author (Phase 2),UPOS-17; attributive participle=ADJ; predicative participle=VERB; FY/years=NUM; month=PROPN; clitic=PART,
POSGOLD_0176,POSGOLD_015,15,D27,SRC03,5,D27_P005_SEC_9_2_1_PAR003,D27_SEC_9_2_1,Each dedicated UPI ID follows a specific format to ensure transparency:,4,follows,VERB,manual,single annotator: implementing author (Phase 2),UPOS-17; attributive participle=ADJ; predicative participle=VERB; FY/years=NUM; month=PROPN; clitic=PART,
POSGOLD_0177,POSGOLD_015,15,D27,SRC03,5,D27_P005_SEC_9_2_1_PAR003,D27_SEC_9_2_1,Each dedicated UPI ID follows a specific format to ensure transparency:,5,a,DET,manual,single annotator: implementing author (Phase 2),UPOS-17; attributive participle=ADJ; predicative participle=VERB; FY/years=NUM; month=PROPN; clitic=PART,
POSGOLD_0178,POSGOLD_015,15,D27,SRC03,5,D27_P005_SEC_9_2_1_PAR003,D27_SEC_9_2_1,Each dedicated UPI ID follows a specific format to ensure transparency:,6,specific,ADJ,manual,single annotator: implementing author (Phase 2),UPOS-17; attributive participle=ADJ; predicative participle=VERB; FY/years=NUM; month=PROPN; clitic=PART,
POSGOLD_0179,POSGOLD_015,15,D27,SRC03,5,D27_P005_SEC_9_2_1_PAR003,D27_SEC_9_2_1,Each dedicated UPI ID follows a specific format to ensure transparency:,7,format,NOUN,manual,single annotator: implementing author (Phase 2),UPOS-17; attributive participle=ADJ; predicative participle=VERB; FY/years=NUM; month=PROPN; clitic=PART,
POSGOLD_0180,POSGOLD_015,15,D27,SRC03,5,D27_P005_SEC_9_2_1_PAR003,D27_SEC_9_2_1,Each dedicated UPI ID follows a specific format to ensure transparency:,8,to,ADP,manual,single annotator: implementing author (Phase 2),UPOS-17; attributive participle=ADJ; predicative participle=VERB; FY/years=NUM; month=PROPN; clitic=PART,
POSGOLD_0181,POSGOLD_015,15,D27,SRC03,5,D27_P005_SEC_9_2_1_PAR003,D27_SEC_9_2_1,Each dedicated UPI ID follows a specific format to ensure transparency:,9,ensure,VERB,manual,single annotator: implementing author (Phase 2),UPOS-17; attributive participle=ADJ; predicative participle=VERB; FY/years=NUM; month=PROPN; clitic=PART,
POSGOLD_0182,POSGOLD_015,15,D27,SRC03,5,D27_P005_SEC_9_2_1_PAR003,D27_SEC_9_2_1,Each dedicated UPI ID follows a specific format to ensure transparency:,10,transparency,NOUN,manual,single annotator: implementing author (Phase 2),UPOS-17; attributive participle=ADJ; predicative participle=VERB; FY/years=NUM; month=PROPN; clitic=PART,
POSGOLD_0183,POSGOLD_015,15,D27,SRC03,5,D27_P005_SEC_9_2_1_PAR003,D27_SEC_9_2_1,Each dedicated UPI ID follows a specific format to ensure transparency:,11,:,PUNCT,manual,single annotator: implementing author (Phase 2),UPOS-17; attributive participle=ADJ; predicative participle=VERB; FY/years=NUM; month=PROPN; clitic=PART,
POSGOLD_0184,POSGOLD_016,16,D03,SRC01,59,D03_P059_SEC_3_99_PAR003,D03_SEC_3_99,"The total number of insurers' offices stood at 22,076 as of March 2025.",0,The,DET,manual,single annotator: implementing author (Phase 2),UPOS-17; attributive participle=ADJ; predicative participle=VERB; FY/years=NUM; month=PROPN; clitic=PART,
POSGOLD_0185,POSGOLD_016,16,D03,SRC01,59,D03_P059_SEC_3_99_PAR003,D03_SEC_3_99,"The total number of insurers' offices stood at 22,076 as of March 2025.",1,total,ADJ,manual,single annotator: implementing author (Phase 2),UPOS-17; attributive participle=ADJ; predicative participle=VERB; FY/years=NUM; month=PROPN; clitic=PART,
POSGOLD_0186,POSGOLD_016,16,D03,SRC01,59,D03_P059_SEC_3_99_PAR003,D03_SEC_3_99,"The total number of insurers' offices stood at 22,076 as of March 2025.",2,number,NOUN,manual,single annotator: implementing author (Phase 2),UPOS-17; attributive participle=ADJ; predicative participle=VERB; FY/years=NUM; month=PROPN; clitic=PART,
POSGOLD_0187,POSGOLD_016,16,D03,SRC01,59,D03_P059_SEC_3_99_PAR003,D03_SEC_3_99,"The total number of insurers' offices stood at 22,076 as of March 2025.",3,of,ADP,manual,single annotator: implementing author (Phase 2),UPOS-17; attributive participle=ADJ; predicative participle=VERB; FY/years=NUM; month=PROPN; clitic=PART,
POSGOLD_0188,POSGOLD_016,16,D03,SRC01,59,D03_P059_SEC_3_99_PAR003,D03_SEC_3_99,"The total number of insurers' offices stood at 22,076 as of March 2025.",4,insurers,NOUN,manual,single annotator: implementing author (Phase 2),UPOS-17; attributive participle=ADJ; predicative participle=VERB; FY/years=NUM; month=PROPN; clitic=PART,
POSGOLD_0189,POSGOLD_016,16,D03,SRC01,59,D03_P059_SEC_3_99_PAR003,D03_SEC_3_99,"The total number of insurers' offices stood at 22,076 as of March 2025.",5,',PART,manual,single annotator: implementing author (Phase 2),UPOS-17; attributive participle=ADJ; predicative participle=VERB; FY/years=NUM; month=PROPN; clitic=PART,
POSGOLD_0190,POSGOLD_016,16,D03,SRC01,59,D03_P059_SEC_3_99_PAR003,D03_SEC_3_99,"The total number of insurers' offices stood at 22,076 as of March 2025.",6,offices,NOUN,manual,single annotator: implementing author (Phase 2),UPOS-17; attributive participle=ADJ; predicative participle=VERB; FY/years=NUM; month=PROPN; clitic=PART,
POSGOLD_0191,POSGOLD_016,16,D03,SRC01,59,D03_P059_SEC_3_99_PAR003,D03_SEC_3_99,"The total number of insurers' offices stood at 22,076 as of March 2025.",7,stood,VERB,manual,single annotator: implementing author (Phase 2),UPOS-17; attributive participle=ADJ; predicative participle=VERB; FY/years=NUM; month=PROPN; clitic=PART,
POSGOLD_0192,POSGOLD_016,16,D03,SRC01,59,D03_P059_SEC_3_99_PAR003,D03_SEC_3_99,"The total number of insurers' offices stood at 22,076 as of March 2025.",8,at,ADP,manual,single annotator: implementing author (Phase 2),UPOS-17; attributive participle=ADJ; predicative participle=VERB; FY/years=NUM; month=PROPN; clitic=PART,
POSGOLD_0193,POSGOLD_016,16,D03,SRC01,59,D03_P059_SEC_3_99_PAR003,D03_SEC_3_99,"The total number of insurers' offices stood at 22,076 as of March 2025.",9,"22,076",NUM,manual,single annotator: implementing author (Phase 2),UPOS-17; attributive participle=ADJ; predicative participle=VERB; FY/years=NUM; month=PROPN; clitic=PART,
POSGOLD_0194,POSGOLD_016,16,D03,SRC01,59,D03_P059_SEC_3_99_PAR003,D03_SEC_3_99,"The total number of insurers' offices stood at 22,076 as of March 2025.",10,as,ADV,manual,single annotator: implementing author (Phase 2),UPOS-17; attributive participle=ADJ; predicative participle=VERB; FY/years=NUM; month=PROPN; clitic=PART,
POSGOLD_0195,POSGOLD_016,16,D03,SRC01,59,D03_P059_SEC_3_99_PAR003,D03_SEC_3_99,"The total number of insurers' offices stood at 22,076 as of March 2025.",11,of,ADP,manual,single annotator: implementing author (Phase 2),UPOS-17; attributive participle=ADJ; predicative participle=VERB; FY/years=NUM; month=PROPN; clitic=PART,
POSGOLD_0196,POSGOLD_016,16,D03,SRC01,59,D03_P059_SEC_3_99_PAR003,D03_SEC_3_99,"The total number of insurers' offices stood at 22,076 as of March 2025.",12,March,PROPN,manual,single annotator: implementing author (Phase 2),UPOS-17; attributive participle=ADJ; predicative participle=VERB; FY/years=NUM; month=PROPN; clitic=PART,
POSGOLD_0197,POSGOLD_016,16,D03,SRC01,59,D03_P059_SEC_3_99_PAR003,D03_SEC_3_99,"The total number of insurers' offices stood at 22,076 as of March 2025.",13,2025,NUM,manual,single annotator: implementing author (Phase 2),UPOS-17; attributive participle=ADJ; predicative participle=VERB; FY/years=NUM; month=PROPN; clitic=PART,
POSGOLD_0198,POSGOLD_016,16,D03,SRC01,59,D03_P059_SEC_3_99_PAR003,D03_SEC_3_99,"The total number of insurers' offices stood at 22,076 as of March 2025.",14,.,PUNCT,manual,single annotator: implementing author (Phase 2),UPOS-17; attributive participle=ADJ; predicative participle=VERB; FY/years=NUM; month=PROPN; clitic=PART,
POSGOLD_0199,POSGOLD_017,17,D17,SRC01,28,D17_P028_UNKNOWN_PAR005,D17_SEC_S37,This analytical diagnosis provided the basis for moving from problem identification to institutional response.,0,This,DET,manual,single annotator: implementing author (Phase 2),UPOS-17; attributive participle=ADJ; predicative participle=VERB; FY/years=NUM; month=PROPN; clitic=PART,
POSGOLD_0200,POSGOLD_017,17,D17,SRC01,28,D17_P028_UNKNOWN_PAR005,D17_SEC_S37,This analytical diagnosis provided the basis for moving from problem identification to institutional response.,1,analytical,ADJ,manual,single annotator: implementing author (Phase 2),UPOS-17; attributive participle=ADJ; predicative participle=VERB; FY/years=NUM; month=PROPN; clitic=PART,
POSGOLD_0201,POSGOLD_017,17,D17,SRC01,28,D17_P028_UNKNOWN_PAR005,D17_SEC_S37,This analytical diagnosis provided the basis for moving from problem identification to institutional response.,2,diagnosis,NOUN,manual,single annotator: implementing author (Phase 2),UPOS-17; attributive participle=ADJ; predicative participle=VERB; FY/years=NUM; month=PROPN; clitic=PART,
POSGOLD_0202,POSGOLD_017,17,D17,SRC01,28,D17_P028_UNKNOWN_PAR005,D17_SEC_S37,This analytical diagnosis provided the basis for moving from problem identification to institutional response.,3,provided,VERB,manual,single annotator: implementing author (Phase 2),UPOS-17; attributive participle=ADJ; predicative participle=VERB; FY/years=NUM; month=PROPN; clitic=PART,
POSGOLD_0203,POSGOLD_017,17,D17,SRC01,28,D17_P028_UNKNOWN_PAR005,D17_SEC_S37,This analytical diagnosis provided the basis for moving from problem identification to institutional response.,4,the,DET,manual,single annotator: implementing author (Phase 2),UPOS-17; attributive participle=ADJ; predicative participle=VERB; FY/years=NUM; month=PROPN; clitic=PART,
POSGOLD_0204,POSGOLD_017,17,D17,SRC01,28,D17_P028_UNKNOWN_PAR005,D17_SEC_S37,This analytical diagnosis provided the basis for moving from problem identification to institutional response.,5,basis,NOUN,manual,single annotator: implementing author (Phase 2),UPOS-17; attributive participle=ADJ; predicative participle=VERB; FY/years=NUM; month=PROPN; clitic=PART,
POSGOLD_0205,POSGOLD_017,17,D17,SRC01,28,D17_P028_UNKNOWN_PAR005,D17_SEC_S37,This analytical diagnosis provided the basis for moving from problem identification to institutional response.,6,for,ADP,manual,single annotator: implementing author (Phase 2),UPOS-17; attributive participle=ADJ; predicative participle=VERB; FY/years=NUM; month=PROPN; clitic=PART,
POSGOLD_0206,POSGOLD_017,17,D17,SRC01,28,D17_P028_UNKNOWN_PAR005,D17_SEC_S37,This analytical diagnosis provided the basis for moving from problem identification to institutional response.,7,moving,VERB,manual,single annotator: implementing author (Phase 2),UPOS-17; attributive participle=ADJ; predicative participle=VERB; FY/years=NUM; month=PROPN; clitic=PART,
POSGOLD_0207,POSGOLD_017,17,D17,SRC01,28,D17_P028_UNKNOWN_PAR005,D17_SEC_S37,This analytical diagnosis provided the basis for moving from problem identification to institutional response.,8,from,ADP,manual,single annotator: implementing author (Phase 2),UPOS-17; attributive participle=ADJ; predicative participle=VERB; FY/years=NUM; month=PROPN; clitic=PART,
POSGOLD_0208,POSGOLD_017,17,D17,SRC01,28,D17_P028_UNKNOWN_PAR005,D17_SEC_S37,This analytical diagnosis provided the basis for moving from problem identification to institutional response.,9,problem,NOUN,manual,single annotator: implementing author (Phase 2),UPOS-17; attributive participle=ADJ; predicative participle=VERB; FY/years=NUM; month=PROPN; clitic=PART,
POSGOLD_0209,POSGOLD_017,17,D17,SRC01,28,D17_P028_UNKNOWN_PAR005,D17_SEC_S37,This analytical diagnosis provided the basis for moving from problem identification to institutional response.,10,identification,NOUN,manual,single annotator: implementing author (Phase 2),UPOS-17; attributive participle=ADJ; predicative participle=VERB; FY/years=NUM; month=PROPN; clitic=PART,
POSGOLD_0210,POSGOLD_017,17,D17,SRC01,28,D17_P028_UNKNOWN_PAR005,D17_SEC_S37,This analytical diagnosis provided the basis for moving from problem identification to institutional response.,11,to,ADP,manual,single annotator: implementing author (Phase 2),UPOS-17; attributive participle=ADJ; predicative participle=VERB; FY/years=NUM; month=PROPN; clitic=PART,
POSGOLD_0211,POSGOLD_017,17,D17,SRC01,28,D17_P028_UNKNOWN_PAR005,D17_SEC_S37,This analytical diagnosis provided the basis for moving from problem identification to institutional response.,12,institutional,ADJ,manual,single annotator: implementing author (Phase 2),UPOS-17; attributive participle=ADJ; predicative participle=VERB; FY/years=NUM; month=PROPN; clitic=PART,
POSGOLD_0212,POSGOLD_017,17,D17,SRC01,28,D17_P028_UNKNOWN_PAR005,D17_SEC_S37,This analytical diagnosis provided the basis for moving from problem identification to institutional response.,13,response,NOUN,manual,single annotator: implementing author (Phase 2),UPOS-17; attributive participle=ADJ; predicative participle=VERB; FY/years=NUM; month=PROPN; clitic=PART,
POSGOLD_0213,POSGOLD_017,17,D17,SRC01,28,D17_P028_UNKNOWN_PAR005,D17_SEC_S37,This analytical diagnosis provided the basis for moving from problem identification to institutional response.,14,.,PUNCT,manual,single annotator: implementing author (Phase 2),UPOS-17; attributive participle=ADJ; predicative participle=VERB; FY/years=NUM; month=PROPN; clitic=PART,
POSGOLD_0214,POSGOLD_018,18,D10,SRC01,11,D10_P011_SEC_10_28_PAR002,D10_SEC_10_28,"Collectively, these measures strengthen water security while enhancing community resilience to climate change in the state.",0,Collectively,ADV,manual,single annotator: implementing author (Phase 2),UPOS-17; attributive participle=ADJ; predicative participle=VERB; FY/years=NUM; month=PROPN; clitic=PART,
POSGOLD_0215,POSGOLD_018,18,D10,SRC01,11,D10_P011_SEC_10_28_PAR002,D10_SEC_10_28,"Collectively, these measures strengthen water security while enhancing community resilience to climate change in the state.",1,",",PUNCT,manual,single annotator: implementing author (Phase 2),UPOS-17; attributive participle=ADJ; predicative participle=VERB; FY/years=NUM; month=PROPN; clitic=PART,
POSGOLD_0216,POSGOLD_018,18,D10,SRC01,11,D10_P011_SEC_10_28_PAR002,D10_SEC_10_28,"Collectively, these measures strengthen water security while enhancing community resilience to climate change in the state.",2,these,DET,manual,single annotator: implementing author (Phase 2),UPOS-17; attributive participle=ADJ; predicative participle=VERB; FY/years=NUM; month=PROPN; clitic=PART,
POSGOLD_0217,POSGOLD_018,18,D10,SRC01,11,D10_P011_SEC_10_28_PAR002,D10_SEC_10_28,"Collectively, these measures strengthen water security while enhancing community resilience to climate change in the state.",3,measures,NOUN,manual,single annotator: implementing author (Phase 2),UPOS-17; attributive participle=ADJ; predicative participle=VERB; FY/years=NUM; month=PROPN; clitic=PART,
POSGOLD_0218,POSGOLD_018,18,D10,SRC01,11,D10_P011_SEC_10_28_PAR002,D10_SEC_10_28,"Collectively, these measures strengthen water security while enhancing community resilience to climate change in the state.",4,strengthen,VERB,manual,single annotator: implementing author (Phase 2),UPOS-17; attributive participle=ADJ; predicative participle=VERB; FY/years=NUM; month=PROPN; clitic=PART,
POSGOLD_0219,POSGOLD_018,18,D10,SRC01,11,D10_P011_SEC_10_28_PAR002,D10_SEC_10_28,"Collectively, these measures strengthen water security while enhancing community resilience to climate change in the state.",5,water,NOUN,manual,single annotator: implementing author (Phase 2),UPOS-17; attributive participle=ADJ; predicative participle=VERB; FY/years=NUM; month=PROPN; clitic=PART,
POSGOLD_0220,POSGOLD_018,18,D10,SRC01,11,D10_P011_SEC_10_28_PAR002,D10_SEC_10_28,"Collectively, these measures strengthen water security while enhancing community resilience to climate change in the state.",6,security,NOUN,manual,single annotator: implementing author (Phase 2),UPOS-17; attributive participle=ADJ; predicative participle=VERB; FY/years=NUM; month=PROPN; clitic=PART,
POSGOLD_0221,POSGOLD_018,18,D10,SRC01,11,D10_P011_SEC_10_28_PAR002,D10_SEC_10_28,"Collectively, these measures strengthen water security while enhancing community resilience to climate change in the state.",7,while,SCONJ,manual,single annotator: implementing author (Phase 2),UPOS-17; attributive participle=ADJ; predicative participle=VERB; FY/years=NUM; month=PROPN; clitic=PART,
POSGOLD_0222,POSGOLD_018,18,D10,SRC01,11,D10_P011_SEC_10_28_PAR002,D10_SEC_10_28,"Collectively, these measures strengthen water security while enhancing community resilience to climate change in the state.",8,enhancing,VERB,manual,single annotator: implementing author (Phase 2),UPOS-17; attributive participle=ADJ; predicative participle=VERB; FY/years=NUM; month=PROPN; clitic=PART,
POSGOLD_0223,POSGOLD_018,18,D10,SRC01,11,D10_P011_SEC_10_28_PAR002,D10_SEC_10_28,"Collectively, these measures strengthen water security while enhancing community resilience to climate change in the state.",9,community,NOUN,manual,single annotator: implementing author (Phase 2),UPOS-17; attributive participle=ADJ; predicative participle=VERB; FY/years=NUM; month=PROPN; clitic=PART,
POSGOLD_0224,POSGOLD_018,18,D10,SRC01,11,D10_P011_SEC_10_28_PAR002,D10_SEC_10_28,"Collectively, these measures strengthen water security while enhancing community resilience to climate change in the state.",10,resilience,NOUN,manual,single annotator: implementing author (Phase 2),UPOS-17; attributive participle=ADJ; predicative participle=VERB; FY/years=NUM; month=PROPN; clitic=PART,
POSGOLD_0225,POSGOLD_018,18,D10,SRC01,11,D10_P011_SEC_10_28_PAR002,D10_SEC_10_28,"Collectively, these measures strengthen water security while enhancing community resilience to climate change in the state.",11,to,ADP,manual,single annotator: implementing author (Phase 2),UPOS-17; attributive participle=ADJ; predicative participle=VERB; FY/years=NUM; month=PROPN; clitic=PART,
POSGOLD_0226,POSGOLD_018,18,D10,SRC01,11,D10_P011_SEC_10_28_PAR002,D10_SEC_10_28,"Collectively, these measures strengthen water security while enhancing community resilience to climate change in the state.",12,climate,NOUN,manual,single annotator: implementing author (Phase 2),UPOS-17; attributive participle=ADJ; predicative participle=VERB; FY/years=NUM; month=PROPN; clitic=PART,
POSGOLD_0227,POSGOLD_018,18,D10,SRC01,11,D10_P011_SEC_10_28_PAR002,D10_SEC_10_28,"Collectively, these measures strengthen water security while enhancing community resilience to climate change in the state.",13,change,NOUN,manual,single annotator: implementing author (Phase 2),UPOS-17; attributive participle=ADJ; predicative participle=VERB; FY/years=NUM; month=PROPN; clitic=PART,
POSGOLD_0228,POSGOLD_018,18,D10,SRC01,11,D10_P011_SEC_10_28_PAR002,D10_SEC_10_28,"Collectively, these measures strengthen water security while enhancing community resilience to climate change in the state.",14,in,ADP,manual,single annotator: implementing author (Phase 2),UPOS-17; attributive participle=ADJ; predicative participle=VERB; FY/years=NUM; month=PROPN; clitic=PART,
POSGOLD_0229,POSGOLD_018,18,D10,SRC01,11,D10_P011_SEC_10_28_PAR002,D10_SEC_10_28,"Collectively, these measures strengthen water security while enhancing community resilience to climate change in the state.",15,the,DET,manual,single annotator: implementing author (Phase 2),UPOS-17; attributive participle=ADJ; predicative participle=VERB; FY/years=NUM; month=PROPN; clitic=PART,
POSGOLD_0230,POSGOLD_018,18,D10,SRC01,11,D10_P011_SEC_10_28_PAR002,D10_SEC_10_28,"Collectively, these measures strengthen water security while enhancing community resilience to climate change in the state.",16,state,NOUN,manual,single annotator: implementing author (Phase 2),UPOS-17; attributive participle=ADJ; predicative participle=VERB; FY/years=NUM; month=PROPN; clitic=PART,
POSGOLD_0231,POSGOLD_018,18,D10,SRC01,11,D10_P011_SEC_10_28_PAR002,D10_SEC_10_28,"Collectively, these measures strengthen water security while enhancing community resilience to climate change in the state.",17,.,PUNCT,manual,single annotator: implementing author (Phase 2),UPOS-17; attributive participle=ADJ; predicative participle=VERB; FY/years=NUM; month=PROPN; clitic=PART,
POSGOLD_0232,POSGOLD_019,19,D08,SRC01,34,D08_P034_SEC_8_62_PAR001,D08_SEC_8_62,has significantly outpaced the Y-o-Y growth observed in large industry credit (Table VIII.3).63,0,has,VERB,manual,single annotator: implementing author (Phase 2),UPOS-17; attributive participle=ADJ; predicative participle=VERB; FY/years=NUM; month=PROPN; clitic=PART,
POSGOLD_0233,POSGOLD_019,19,D08,SRC01,34,D08_P034_SEC_8_62_PAR001,D08_SEC_8_62,has significantly outpaced the Y-o-Y growth observed in large industry credit (Table VIII.3).63,1,significantly,ADV,manual,single annotator: implementing author (Phase 2),UPOS-17; attributive participle=ADJ; predicative participle=VERB; FY/years=NUM; month=PROPN; clitic=PART,
POSGOLD_0234,POSGOLD_019,19,D08,SRC01,34,D08_P034_SEC_8_62_PAR001,D08_SEC_8_62,has significantly outpaced the Y-o-Y growth observed in large industry credit (Table VIII.3).63,2,outpaced,VERB,manual,single annotator: implementing author (Phase 2),UPOS-17; attributive participle=ADJ; predicative participle=VERB; FY/years=NUM; month=PROPN; clitic=PART,
POSGOLD_0235,POSGOLD_019,19,D08,SRC01,34,D08_P034_SEC_8_62_PAR001,D08_SEC_8_62,has significantly outpaced the Y-o-Y growth observed in large industry credit (Table VIII.3).63,3,the,DET,manual,single annotator: implementing author (Phase 2),UPOS-17; attributive participle=ADJ; predicative participle=VERB; FY/years=NUM; month=PROPN; clitic=PART,
POSGOLD_0236,POSGOLD_019,19,D08,SRC01,34,D08_P034_SEC_8_62_PAR001,D08_SEC_8_62,has significantly outpaced the Y-o-Y growth observed in large industry credit (Table VIII.3).63,4,Y,SYM,manual,single annotator: implementing author (Phase 2),UPOS-17; attributive participle=ADJ; predicative participle=VERB; FY/years=NUM; month=PROPN; clitic=PART,
POSGOLD_0237,POSGOLD_019,19,D08,SRC01,34,D08_P034_SEC_8_62_PAR001,D08_SEC_8_62,has significantly outpaced the Y-o-Y growth observed in large industry credit (Table VIII.3).63,5,-,PUNCT,manual,single annotator: implementing author (Phase 2),UPOS-17; attributive participle=ADJ; predicative participle=VERB; FY/years=NUM; month=PROPN; clitic=PART,
POSGOLD_0238,POSGOLD_019,19,D08,SRC01,34,D08_P034_SEC_8_62_PAR001,D08_SEC_8_62,has significantly outpaced the Y-o-Y growth observed in large industry credit (Table VIII.3).63,6,o,SYM,manual,single annotator: implementing author (Phase 2),UPOS-17; attributive participle=ADJ; predicative participle=VERB; FY/years=NUM; month=PROPN; clitic=PART,
POSGOLD_0239,POSGOLD_019,19,D08,SRC01,34,D08_P034_SEC_8_62_PAR001,D08_SEC_8_62,has significantly outpaced the Y-o-Y growth observed in large industry credit (Table VIII.3).63,7,-,PUNCT,manual,single annotator: implementing author (Phase 2),UPOS-17; attributive participle=ADJ; predicative participle=VERB; FY/years=NUM; month=PROPN; clitic=PART,
POSGOLD_0240,POSGOLD_019,19,D08,SRC01,34,D08_P034_SEC_8_62_PAR001,D08_SEC_8_62,has significantly outpaced the Y-o-Y growth observed in large industry credit (Table VIII.3).63,8,Y,SYM,manual,single annotator: implementing author (Phase 2),UPOS-17; attributive participle=ADJ; predicative participle=VERB; FY/years=NUM; month=PROPN; clitic=PART,
POSGOLD_0241,POSGOLD_019,19,D08,SRC01,34,D08_P034_SEC_8_62_PAR001,D08_SEC_8_62,has significantly outpaced the Y-o-Y growth observed in large industry credit (Table VIII.3).63,9,growth,NOUN,manual,single annotator: implementing author (Phase 2),UPOS-17; attributive participle=ADJ; predicative participle=VERB; FY/years=NUM; month=PROPN; clitic=PART,
POSGOLD_0242,POSGOLD_019,19,D08,SRC01,34,D08_P034_SEC_8_62_PAR001,D08_SEC_8_62,has significantly outpaced the Y-o-Y growth observed in large industry credit (Table VIII.3).63,10,observed,VERB,manual,single annotator: implementing author (Phase 2),UPOS-17; attributive participle=ADJ; predicative participle=VERB; FY/years=NUM; month=PROPN; clitic=PART,
POSGOLD_0243,POSGOLD_019,19,D08,SRC01,34,D08_P034_SEC_8_62_PAR001,D08_SEC_8_62,has significantly outpaced the Y-o-Y growth observed in large industry credit (Table VIII.3).63,11,in,ADP,manual,single annotator: implementing author (Phase 2),UPOS-17; attributive participle=ADJ; predicative participle=VERB; FY/years=NUM; month=PROPN; clitic=PART,
POSGOLD_0244,POSGOLD_019,19,D08,SRC01,34,D08_P034_SEC_8_62_PAR001,D08_SEC_8_62,has significantly outpaced the Y-o-Y growth observed in large industry credit (Table VIII.3).63,12,large,ADJ,manual,single annotator: implementing author (Phase 2),UPOS-17; attributive participle=ADJ; predicative participle=VERB; FY/years=NUM; month=PROPN; clitic=PART,
POSGOLD_0245,POSGOLD_019,19,D08,SRC01,34,D08_P034_SEC_8_62_PAR001,D08_SEC_8_62,has significantly outpaced the Y-o-Y growth observed in large industry credit (Table VIII.3).63,13,industry,NOUN,manual,single annotator: implementing author (Phase 2),UPOS-17; attributive participle=ADJ; predicative participle=VERB; FY/years=NUM; month=PROPN; clitic=PART,
POSGOLD_0246,POSGOLD_019,19,D08,SRC01,34,D08_P034_SEC_8_62_PAR001,D08_SEC_8_62,has significantly outpaced the Y-o-Y growth observed in large industry credit (Table VIII.3).63,14,credit,NOUN,manual,single annotator: implementing author (Phase 2),UPOS-17; attributive participle=ADJ; predicative participle=VERB; FY/years=NUM; month=PROPN; clitic=PART,
POSGOLD_0247,POSGOLD_019,19,D08,SRC01,34,D08_P034_SEC_8_62_PAR001,D08_SEC_8_62,has significantly outpaced the Y-o-Y growth observed in large industry credit (Table VIII.3).63,15,(,PUNCT,manual,single annotator: implementing author (Phase 2),UPOS-17; attributive participle=ADJ; predicative participle=VERB; FY/years=NUM; month=PROPN; clitic=PART,
POSGOLD_0248,POSGOLD_019,19,D08,SRC01,34,D08_P034_SEC_8_62_PAR001,D08_SEC_8_62,has significantly outpaced the Y-o-Y growth observed in large industry credit (Table VIII.3).63,16,Table,NOUN,manual,single annotator: implementing author (Phase 2),UPOS-17; attributive participle=ADJ; predicative participle=VERB; FY/years=NUM; month=PROPN; clitic=PART,
POSGOLD_0249,POSGOLD_019,19,D08,SRC01,34,D08_P034_SEC_8_62_PAR001,D08_SEC_8_62,has significantly outpaced the Y-o-Y growth observed in large industry credit (Table VIII.3).63,17,VIII.3).63,SYM,manual,single annotator: implementing author (Phase 2),UPOS-17; attributive participle=ADJ; predicative participle=VERB; FY/years=NUM; month=PROPN; clitic=PART,
POSGOLD_0250,POSGOLD_020,20,D12,SRC01,12,D12_P012_SEC_12_19_PAR001,D12_SEC_12_19,Vacancies mobilised exceeded 2.8 crore in FY25 and have already crossed 2.3 crore by September 2025.,0,Vacancies,NOUN,manual,single annotator: implementing author (Phase 2),UPOS-17; attributive participle=ADJ; predicative participle=VERB; FY/years=NUM; month=PROPN; clitic=PART,
POSGOLD_0251,POSGOLD_020,20,D12,SRC01,12,D12_P012_SEC_12_19_PAR001,D12_SEC_12_19,Vacancies mobilised exceeded 2.8 crore in FY25 and have already crossed 2.3 crore by September 2025.,1,mobilised,VERB,manual,single annotator: implementing author (Phase 2),UPOS-17; attributive participle=ADJ; predicative participle=VERB; FY/years=NUM; month=PROPN; clitic=PART,
POSGOLD_0252,POSGOLD_020,20,D12,SRC01,12,D12_P012_SEC_12_19_PAR001,D12_SEC_12_19,Vacancies mobilised exceeded 2.8 crore in FY25 and have already crossed 2.3 crore by September 2025.,2,exceeded,VERB,manual,single annotator: implementing author (Phase 2),UPOS-17; attributive participle=ADJ; predicative participle=VERB; FY/years=NUM; month=PROPN; clitic=PART,
POSGOLD_0253,POSGOLD_020,20,D12,SRC01,12,D12_P012_SEC_12_19_PAR001,D12_SEC_12_19,Vacancies mobilised exceeded 2.8 crore in FY25 and have already crossed 2.3 crore by September 2025.,3,2.8,NUM,manual,single annotator: implementing author (Phase 2),UPOS-17; attributive participle=ADJ; predicative participle=VERB; FY/years=NUM; month=PROPN; clitic=PART,
POSGOLD_0254,POSGOLD_020,20,D12,SRC01,12,D12_P012_SEC_12_19_PAR001,D12_SEC_12_19,Vacancies mobilised exceeded 2.8 crore in FY25 and have already crossed 2.3 crore by September 2025.,4,crore,NOUN,manual,single annotator: implementing author (Phase 2),UPOS-17; attributive participle=ADJ; predicative participle=VERB; FY/years=NUM; month=PROPN; clitic=PART,
POSGOLD_0255,POSGOLD_020,20,D12,SRC01,12,D12_P012_SEC_12_19_PAR001,D12_SEC_12_19,Vacancies mobilised exceeded 2.8 crore in FY25 and have already crossed 2.3 crore by September 2025.,5,in,ADP,manual,single annotator: implementing author (Phase 2),UPOS-17; attributive participle=ADJ; predicative participle=VERB; FY/years=NUM; month=PROPN; clitic=PART,
POSGOLD_0256,POSGOLD_020,20,D12,SRC01,12,D12_P012_SEC_12_19_PAR001,D12_SEC_12_19,Vacancies mobilised exceeded 2.8 crore in FY25 and have already crossed 2.3 crore by September 2025.,6,FY25,NUM,manual,single annotator: implementing author (Phase 2),UPOS-17; attributive participle=ADJ; predicative participle=VERB; FY/years=NUM; month=PROPN; clitic=PART,
POSGOLD_0257,POSGOLD_020,20,D12,SRC01,12,D12_P012_SEC_12_19_PAR001,D12_SEC_12_19,Vacancies mobilised exceeded 2.8 crore in FY25 and have already crossed 2.3 crore by September 2025.,7,and,CCONJ,manual,single annotator: implementing author (Phase 2),UPOS-17; attributive participle=ADJ; predicative participle=VERB; FY/years=NUM; month=PROPN; clitic=PART,
POSGOLD_0258,POSGOLD_020,20,D12,SRC01,12,D12_P012_SEC_12_19_PAR001,D12_SEC_12_19,Vacancies mobilised exceeded 2.8 crore in FY25 and have already crossed 2.3 crore by September 2025.,8,have,AUX,manual,single annotator: implementing author (Phase 2),UPOS-17; attributive participle=ADJ; predicative participle=VERB; FY/years=NUM; month=PROPN; clitic=PART,
POSGOLD_0259,POSGOLD_020,20,D12,SRC01,12,D12_P012_SEC_12_19_PAR001,D12_SEC_12_19,Vacancies mobilised exceeded 2.8 crore in FY25 and have already crossed 2.3 crore by September 2025.,9,already,ADV,manual,single annotator: implementing author (Phase 2),UPOS-17; attributive participle=ADJ; predicative participle=VERB; FY/years=NUM; month=PROPN; clitic=PART,
POSGOLD_0260,POSGOLD_020,20,D12,SRC01,12,D12_P012_SEC_12_19_PAR001,D12_SEC_12_19,Vacancies mobilised exceeded 2.8 crore in FY25 and have already crossed 2.3 crore by September 2025.,10,crossed,VERB,manual,single annotator: implementing author (Phase 2),UPOS-17; attributive participle=ADJ; predicative participle=VERB; FY/years=NUM; month=PROPN; clitic=PART,
POSGOLD_0261,POSGOLD_020,20,D12,SRC01,12,D12_P012_SEC_12_19_PAR001,D12_SEC_12_19,Vacancies mobilised exceeded 2.8 crore in FY25 and have already crossed 2.3 crore by September 2025.,11,2.3,NUM,manual,single annotator: implementing author (Phase 2),UPOS-17; attributive participle=ADJ; predicative participle=VERB; FY/years=NUM; month=PROPN; clitic=PART,
POSGOLD_0262,POSGOLD_020,20,D12,SRC01,12,D12_P012_SEC_12_19_PAR001,D12_SEC_12_19,Vacancies mobilised exceeded 2.8 crore in FY25 and have already crossed 2.3 crore by September 2025.,12,crore,NOUN,manual,single annotator: implementing author (Phase 2),UPOS-17; attributive participle=ADJ; predicative participle=VERB; FY/years=NUM; month=PROPN; clitic=PART,
POSGOLD_0263,POSGOLD_020,20,D12,SRC01,12,D12_P012_SEC_12_19_PAR001,D12_SEC_12_19,Vacancies mobilised exceeded 2.8 crore in FY25 and have already crossed 2.3 crore by September 2025.,13,by,ADP,manual,single annotator: implementing author (Phase 2),UPOS-17; attributive participle=ADJ; predicative participle=VERB; FY/years=NUM; month=PROPN; clitic=PART,
POSGOLD_0264,POSGOLD_020,20,D12,SRC01,12,D12_P012_SEC_12_19_PAR001,D12_SEC_12_19,Vacancies mobilised exceeded 2.8 crore in FY25 and have already crossed 2.3 crore by September 2025.,14,September,PROPN,manual,single annotator: implementing author (Phase 2),UPOS-17; attributive participle=ADJ; predicative participle=VERB; FY/years=NUM; month=PROPN; clitic=PART,
POSGOLD_0265,POSGOLD_020,20,D12,SRC01,12,D12_P012_SEC_12_19_PAR001,D12_SEC_12_19,Vacancies mobilised exceeded 2.8 crore in FY25 and have already crossed 2.3 crore by September 2025.,15,2025,NUM,manual,single annotator: implementing author (Phase 2),UPOS-17; attributive participle=ADJ; predicative participle=VERB; FY/years=NUM; month=PROPN; clitic=PART,
POSGOLD_0266,POSGOLD_020,20,D12,SRC01,12,D12_P012_SEC_12_19_PAR001,D12_SEC_12_19,Vacancies mobilised exceeded 2.8 crore in FY25 and have already crossed 2.3 crore by September 2025.,16,.,PUNCT,manual,single annotator: implementing author (Phase 2),UPOS-17; attributive participle=ADJ; predicative participle=VERB; FY/years=NUM; month=PROPN; clitic=PART,
POSGOLD_0267,POSGOLD_021,21,D03,SRC01,40,D03_P040_SEC_3_73_PAR001,D03_SEC_3_73,household financial savings increased from ~2 per cent in FY12 to over 15.2 per cent in FY25.,0,household,ADJ,manual,single annotator: implementing author (Phase 2),UPOS-17; attributive participle=ADJ; predicative participle=VERB; FY/years=NUM; month=PROPN; clitic=PART,1 trailing punctuation token(s) not annotated
POSGOLD_0268,POSGOLD_021,21,D03,SRC01,40,D03_P040_SEC_3_73_PAR001,D03_SEC_3_73,household financial savings increased from ~2 per cent in FY12 to over 15.2 per cent in FY25.,1,financial,ADJ,manual,single annotator: implementing author (Phase 2),UPOS-17; attributive participle=ADJ; predicative participle=VERB; FY/years=NUM; month=PROPN; clitic=PART,1 trailing punctuation token(s) not annotated
POSGOLD_0269,POSGOLD_021,21,D03,SRC01,40,D03_P040_SEC_3_73_PAR001,D03_SEC_3_73,household financial savings increased from ~2 per cent in FY12 to over 15.2 per cent in FY25.,2,savings,NOUN,manual,single annotator: implementing author (Phase 2),UPOS-17; attributive participle=ADJ; predicative participle=VERB; FY/years=NUM; month=PROPN; clitic=PART,1 trailing punctuation token(s) not annotated
POSGOLD_0270,POSGOLD_021,21,D03,SRC01,40,D03_P040_SEC_3_73_PAR001,D03_SEC_3_73,household financial savings increased from ~2 per cent in FY12 to over 15.2 per cent in FY25.,3,increased,VERB,manual,single annotator: implementing author (Phase 2),UPOS-17; attributive participle=ADJ; predicative participle=VERB; FY/years=NUM; month=PROPN; clitic=PART,1 trailing punctuation token(s) not annotated
POSGOLD_0271,POSGOLD_021,21,D03,SRC01,40,D03_P040_SEC_3_73_PAR001,D03_SEC_3_73,household financial savings increased from ~2 per cent in FY12 to over 15.2 per cent in FY25.,4,from,ADP,manual,single annotator: implementing author (Phase 2),UPOS-17; attributive participle=ADJ; predicative participle=VERB; FY/years=NUM; month=PROPN; clitic=PART,1 trailing punctuation token(s) not annotated
POSGOLD_0272,POSGOLD_021,21,D03,SRC01,40,D03_P040_SEC_3_73_PAR001,D03_SEC_3_73,household financial savings increased from ~2 per cent in FY12 to over 15.2 per cent in FY25.,5,~2,NUM,manual,single annotator: implementing author (Phase 2),UPOS-17; attributive participle=ADJ; predicative participle=VERB; FY/years=NUM; month=PROPN; clitic=PART,1 trailing punctuation token(s) not annotated
POSGOLD_0273,POSGOLD_021,21,D03,SRC01,40,D03_P040_SEC_3_73_PAR001,D03_SEC_3_73,household financial savings increased from ~2 per cent in FY12 to over 15.2 per cent in FY25.,6,per,ADP,manual,single annotator: implementing author (Phase 2),UPOS-17; attributive participle=ADJ; predicative participle=VERB; FY/years=NUM; month=PROPN; clitic=PART,1 trailing punctuation token(s) not annotated
POSGOLD_0274,POSGOLD_021,21,D03,SRC01,40,D03_P040_SEC_3_73_PAR001,D03_SEC_3_73,household financial savings increased from ~2 per cent in FY12 to over 15.2 per cent in FY25.,7,cent,NOUN,manual,single annotator: implementing author (Phase 2),UPOS-17; attributive participle=ADJ; predicative participle=VERB; FY/years=NUM; month=PROPN; clitic=PART,1 trailing punctuation token(s) not annotated
POSGOLD_0275,POSGOLD_021,21,D03,SRC01,40,D03_P040_SEC_3_73_PAR001,D03_SEC_3_73,household financial savings increased from ~2 per cent in FY12 to over 15.2 per cent in FY25.,8,in,ADP,manual,single annotator: implementing author (Phase 2),UPOS-17; attributive participle=ADJ; predicative participle=VERB; FY/years=NUM; month=PROPN; clitic=PART,1 trailing punctuation token(s) not annotated
POSGOLD_0276,POSGOLD_021,21,D03,SRC01,40,D03_P040_SEC_3_73_PAR001,D03_SEC_3_73,household financial savings increased from ~2 per cent in FY12 to over 15.2 per cent in FY25.,9,FY12,NUM,manual,single annotator: implementing author (Phase 2),UPOS-17; attributive participle=ADJ; predicative participle=VERB; FY/years=NUM; month=PROPN; clitic=PART,1 trailing punctuation token(s) not annotated
POSGOLD_0277,POSGOLD_021,21,D03,SRC01,40,D03_P040_SEC_3_73_PAR001,D03_SEC_3_73,household financial savings increased from ~2 per cent in FY12 to over 15.2 per cent in FY25.,10,to,ADP,manual,single annotator: implementing author (Phase 2),UPOS-17; attributive participle=ADJ; predicative participle=VERB; FY/years=NUM; month=PROPN; clitic=PART,1 trailing punctuation token(s) not annotated
POSGOLD_0278,POSGOLD_021,21,D03,SRC01,40,D03_P040_SEC_3_73_PAR001,D03_SEC_3_73,household financial savings increased from ~2 per cent in FY12 to over 15.2 per cent in FY25.,11,over,ADP,manual,single annotator: implementing author (Phase 2),UPOS-17; attributive participle=ADJ; predicative participle=VERB; FY/years=NUM; month=PROPN; clitic=PART,1 trailing punctuation token(s) not annotated
POSGOLD_0279,POSGOLD_021,21,D03,SRC01,40,D03_P040_SEC_3_73_PAR001,D03_SEC_3_73,household financial savings increased from ~2 per cent in FY12 to over 15.2 per cent in FY25.,12,15.2,NUM,manual,single annotator: implementing author (Phase 2),UPOS-17; attributive participle=ADJ; predicative participle=VERB; FY/years=NUM; month=PROPN; clitic=PART,1 trailing punctuation token(s) not annotated
POSGOLD_0280,POSGOLD_021,21,D03,SRC01,40,D03_P040_SEC_3_73_PAR001,D03_SEC_3_73,household financial savings increased from ~2 per cent in FY12 to over 15.2 per cent in FY25.,13,per,ADP,manual,single annotator: implementing author (Phase 2),UPOS-17; attributive participle=ADJ; predicative participle=VERB; FY/years=NUM; month=PROPN; clitic=PART,1 trailing punctuation token(s) not annotated
POSGOLD_0281,POSGOLD_021,21,D03,SRC01,40,D03_P040_SEC_3_73_PAR001,D03_SEC_3_73,household financial savings increased from ~2 per cent in FY12 to over 15.2 per cent in FY25.,14,cent,NOUN,manual,single annotator: implementing author (Phase 2),UPOS-17; attributive participle=ADJ; predicative participle=VERB; FY/years=NUM; month=PROPN; clitic=PART,1 trailing punctuation token(s) not annotated
POSGOLD_0282,POSGOLD_021,21,D03,SRC01,40,D03_P040_SEC_3_73_PAR001,D03_SEC_3_73,household financial savings increased from ~2 per cent in FY12 to over 15.2 per cent in FY25.,15,in,ADP,manual,single annotator: implementing author (Phase 2),UPOS-17; attributive participle=ADJ; predicative participle=VERB; FY/years=NUM; month=PROPN; clitic=PART,1 trailing punctuation token(s) not annotated
POSGOLD_0283,POSGOLD_021,21,D03,SRC01,40,D03_P040_SEC_3_73_PAR001,D03_SEC_3_73,household financial savings increased from ~2 per cent in FY12 to over 15.2 per cent in FY25.,16,FY25,NUM,manual,single annotator: implementing author (Phase 2),UPOS-17; attributive participle=ADJ; predicative participle=VERB; FY/years=NUM; month=PROPN; clitic=PART,1 trailing punctuation token(s) not annotated
POSGOLD_0284,POSGOLD_022,22,D04,SRC01,50,D04_P050_SEC_4_96_PAR001,D04_SEC_4_96,savings-investment balance and its resulting current account position.,0,savings,NOUN,manual,single annotator: implementing author (Phase 2),UPOS-17; attributive participle=ADJ; predicative participle=VERB; FY/years=NUM; month=PROPN; clitic=PART,
POSGOLD_0285,POSGOLD_022,22,D04,SRC01,50,D04_P050_SEC_4_96_PAR001,D04_SEC_4_96,savings-investment balance and its resulting current account position.,1,-,PUNCT,manual,single annotator: implementing author (Phase 2),UPOS-17; attributive participle=ADJ; predicative participle=VERB; FY/years=NUM; month=PROPN; clitic=PART,
POSGOLD_0286,POSGOLD_022,22,D04,SRC01,50,D04_P050_SEC_4_96_PAR001,D04_SEC_4_96,savings-investment balance and its resulting current account position.,2,investment,NOUN,manual,single annotator: implementing author (Phase 2),UPOS-17; attributive participle=ADJ; predicative participle=VERB; FY/years=NUM; month=PROPN; clitic=PART,
POSGOLD_0287,POSGOLD_022,22,D04,SRC01,50,D04_P050_SEC_4_96_PAR001,D04_SEC_4_96,savings-investment balance and its resulting current account position.,3,balance,NOUN,manual,single annotator: implementing author (Phase 2),UPOS-17; attributive participle=ADJ; predicative participle=VERB; FY/years=NUM; month=PROPN; clitic=PART,
POSGOLD_0288,POSGOLD_022,22,D04,SRC01,50,D04_P050_SEC_4_96_PAR001,D04_SEC_4_96,savings-investment balance and its resulting current account position.,4,and,CCONJ,manual,single annotator: implementing author (Phase 2),UPOS-17; attributive participle=ADJ; predicative participle=VERB; FY/years=NUM; month=PROPN; clitic=PART,
POSGOLD_0289,POSGOLD_022,22,D04,SRC01,50,D04_P050_SEC_4_96_PAR001,D04_SEC_4_96,savings-investment balance and its resulting current account position.,5,its,PRON,manual,single annotator: implementing author (Phase 2),UPOS-17; attributive participle=ADJ; predicative participle=VERB; FY/years=NUM; month=PROPN; clitic=PART,
POSGOLD_0290,POSGOLD_022,22,D04,SRC01,50,D04_P050_SEC_4_96_PAR001,D04_SEC_4_96,savings-investment balance and its resulting current account position.,6,resulting,ADJ,manual,single annotator: implementing author (Phase 2),UPOS-17; attributive participle=ADJ; predicative participle=VERB; FY/years=NUM; month=PROPN; clitic=PART,
POSGOLD_0291,POSGOLD_022,22,D04,SRC01,50,D04_P050_SEC_4_96_PAR001,D04_SEC_4_96,savings-investment balance and its resulting current account position.,7,current,ADJ,manual,single annotator: implementing author (Phase 2),UPOS-17; attributive participle=ADJ; predicative participle=VERB; FY/years=NUM; month=PROPN; clitic=PART,
POSGOLD_0292,POSGOLD_022,22,D04,SRC01,50,D04_P050_SEC_4_96_PAR001,D04_SEC_4_96,savings-investment balance and its resulting current account position.,8,account,NOUN,manual,single annotator: implementing author (Phase 2),UPOS-17; attributive participle=ADJ; predicative participle=VERB; FY/years=NUM; month=PROPN; clitic=PART,
POSGOLD_0293,POSGOLD_022,22,D04,SRC01,50,D04_P050_SEC_4_96_PAR001,D04_SEC_4_96,savings-investment balance and its resulting current account position.,9,position,NOUN,manual,single annotator: implementing author (Phase 2),UPOS-17; attributive participle=ADJ; predicative participle=VERB; FY/years=NUM; month=PROPN; clitic=PART,
POSGOLD_0294,POSGOLD_022,22,D04,SRC01,50,D04_P050_SEC_4_96_PAR001,D04_SEC_4_96,savings-investment balance and its resulting current account position.,10,.,PUNCT,manual,single annotator: implementing author (Phase 2),UPOS-17; attributive participle=ADJ; predicative participle=VERB; FY/years=NUM; month=PROPN; clitic=PART,
POSGOLD_0295,POSGOLD_023,23,D07,SRC01,15,D07_P015_SEC_7_21_PAR001,D07_SEC_7_21,"The contribution of services exports is well established in terms of output, external balances and competitiveness.",0,The,DET,manual,single annotator: implementing author (Phase 2),UPOS-17; attributive participle=ADJ; predicative participle=VERB; FY/years=NUM; month=PROPN; clitic=PART,1 trailing punctuation token(s) not annotated
POSGOLD_0296,POSGOLD_023,23,D07,SRC01,15,D07_P015_SEC_7_21_PAR001,D07_SEC_7_21,"The contribution of services exports is well established in terms of output, external balances and competitiveness.",1,contribution,NOUN,manual,single annotator: implementing author (Phase 2),UPOS-17; attributive participle=ADJ; predicative participle=VERB; FY/years=NUM; month=PROPN; clitic=PART,1 trailing punctuation token(s) not annotated
POSGOLD_0297,POSGOLD_023,23,D07,SRC01,15,D07_P015_SEC_7_21_PAR001,D07_SEC_7_21,"The contribution of services exports is well established in terms of output, external balances and competitiveness.",2,of,ADP,manual,single annotator: implementing author (Phase 2),UPOS-17; attributive participle=ADJ; predicative participle=VERB; FY/years=NUM; month=PROPN; clitic=PART,1 trailing punctuation token(s) not annotated
POSGOLD_0298,POSGOLD_023,23,D07,SRC01,15,D07_P015_SEC_7_21_PAR001,D07_SEC_7_21,"The contribution of services exports is well established in terms of output, external balances and competitiveness.",3,services,NOUN,manual,single annotator: implementing author (Phase 2),UPOS-17; attributive participle=ADJ; predicative participle=VERB; FY/years=NUM; month=PROPN; clitic=PART,1 trailing punctuation token(s) not annotated
POSGOLD_0299,POSGOLD_023,23,D07,SRC01,15,D07_P015_SEC_7_21_PAR001,D07_SEC_7_21,"The contribution of services exports is well established in terms of output, external balances and competitiveness.",4,exports,NOUN,manual,single annotator: implementing author (Phase 2),UPOS-17; attributive participle=ADJ; predicative participle=VERB; FY/years=NUM; month=PROPN; clitic=PART,1 trailing punctuation token(s) not annotated
POSGOLD_0300,POSGOLD_023,23,D07,SRC01,15,D07_P015_SEC_7_21_PAR001,D07_SEC_7_21,"The contribution of services exports is well established in terms of output, external balances and competitiveness.",5,is,AUX,manual,single annotator: implementing author (Phase 2),UPOS-17; attributive participle=ADJ; predicative participle=VERB; FY/years=NUM; month=PROPN; clitic=PART,1 trailing punctuation token(s) not annotated
POSGOLD_0301,POSGOLD_023,23,D07,SRC01,15,D07_P015_SEC_7_21_PAR001,D07_SEC_7_21,"The contribution of services exports is well established in terms of output, external balances and competitiveness.",6,well,ADV,manual,single annotator: implementing author (Phase 2),UPOS-17; attributive participle=ADJ; predicative participle=VERB; FY/years=NUM; month=PROPN; clitic=PART,1 trailing punctuation token(s) not annotated
POSGOLD_0302,POSGOLD_023,23,D07,SRC01,15,D07_P015_SEC_7_21_PAR001,D07_SEC_7_21,"The contribution of services exports is well established in terms of output, external balances and competitiveness.",7,established,VERB,manual,single annotator: implementing author (Phase 2),UPOS-17; attributive participle=ADJ; predicative participle=VERB; FY/years=NUM; month=PROPN; clitic=PART,1 trailing punctuation token(s) not annotated
POSGOLD_0303,POSGOLD_023,23,D07,SRC01,15,D07_P015_SEC_7_21_PAR001,D07_SEC_7_21,"The contribution of services exports is well established in terms of output, external balances and competitiveness.",8,in,ADP,manual,single annotator: implementing author (Phase 2),UPOS-17; attributive participle=ADJ; predicative participle=VERB; FY/years=NUM; month=PROPN; clitic=PART,1 trailing punctuation token(s) not annotated
POSGOLD_0304,POSGOLD_023,23,D07,SRC01,15,D07_P015_SEC_7_21_PAR001,D07_SEC_7_21,"The contribution of services exports is well established in terms of output, external balances and competitiveness.",9,terms,NOUN,manual,single annotator: implementing author (Phase 2),UPOS-17; attributive participle=ADJ; predicative participle=VERB; FY/years=NUM; month=PROPN; clitic=PART,1 trailing punctuation token(s) not annotated
POSGOLD_0305,POSGOLD_023,23,D07,SRC01,15,D07_P015_SEC_7_21_PAR001,D07_SEC_7_21,"The contribution of services exports is well established in terms of output, external balances and competitiveness.",10,of,ADP,manual,single annotator: implementing author (Phase 2),UPOS-17; attributive participle=ADJ; predicative participle=VERB; FY/years=NUM; month=PROPN; clitic=PART,1 trailing punctuation token(s) not annotated
POSGOLD_0306,POSGOLD_023,23,D07,SRC01,15,D07_P015_SEC_7_21_PAR001,D07_SEC_7_21,"The contribution of services exports is well established in terms of output, external balances and competitiveness.",11,output,NOUN,manual,single annotator: implementing author (Phase 2),UPOS-17; attributive participle=ADJ; predicative participle=VERB; FY/years=NUM; month=PROPN; clitic=PART,1 trailing punctuation token(s) not annotated
POSGOLD_0307,POSGOLD_023,23,D07,SRC01,15,D07_P015_SEC_7_21_PAR001,D07_SEC_7_21,"The contribution of services exports is well established in terms of output, external balances and competitiveness.",12,",",PUNCT,manual,single annotator: implementing author (Phase 2),UPOS-17; attributive participle=ADJ; predicative participle=VERB; FY/years=NUM; month=PROPN; clitic=PART,1 trailing punctuation token(s) not annotated
POSGOLD_0308,POSGOLD_023,23,D07,SRC01,15,D07_P015_SEC_7_21_PAR001,D07_SEC_7_21,"The contribution of services exports is well established in terms of output, external balances and competitiveness.",13,external,ADJ,manual,single annotator: implementing author (Phase 2),UPOS-17; attributive participle=ADJ; predicative participle=VERB; FY/years=NUM; month=PROPN; clitic=PART,1 trailing punctuation token(s) not annotated
POSGOLD_0309,POSGOLD_023,23,D07,SRC01,15,D07_P015_SEC_7_21_PAR001,D07_SEC_7_21,"The contribution of services exports is well established in terms of output, external balances and competitiveness.",14,balances,NOUN,manual,single annotator: implementing author (Phase 2),UPOS-17; attributive participle=ADJ; predicative participle=VERB; FY/years=NUM; month=PROPN; clitic=PART,1 trailing punctuation token(s) not annotated
POSGOLD_0310,POSGOLD_023,23,D07,SRC01,15,D07_P015_SEC_7_21_PAR001,D07_SEC_7_21,"The contribution of services exports is well established in terms of output, external balances and competitiveness.",15,and,CCONJ,manual,single annotator: implementing author (Phase 2),UPOS-17; attributive participle=ADJ; predicative participle=VERB; FY/years=NUM; month=PROPN; clitic=PART,1 trailing punctuation token(s) not annotated
POSGOLD_0311,POSGOLD_023,23,D07,SRC01,15,D07_P015_SEC_7_21_PAR001,D07_SEC_7_21,"The contribution of services exports is well established in terms of output, external balances and competitiveness.",16,competitiveness,NOUN,manual,single annotator: implementing author (Phase 2),UPOS-17; attributive participle=ADJ; predicative participle=VERB; FY/years=NUM; month=PROPN; clitic=PART,1 trailing punctuation token(s) not annotated
POSGOLD_0312,POSGOLD_024,24,D14,SRC01,29,D14_P029_SEC_14_68_PAR001,D14_SEC_14_68,Precise and functional data categorisation allows governance to be targeted without becoming indiscriminate.,0,Precise,ADJ,manual,single annotator: implementing author (Phase 2),UPOS-17; attributive participle=ADJ; predicative participle=VERB; FY/years=NUM; month=PROPN; clitic=PART,
POSGOLD_0313,POSGOLD_024,24,D14,SRC01,29,D14_P029_SEC_14_68_PAR001,D14_SEC_14_68,Precise and functional data categorisation allows governance to be targeted without becoming indiscriminate.,1,and,CCONJ,manual,single annotator: implementing author (Phase 2),UPOS-17; attributive participle=ADJ; predicative participle=VERB; FY/years=NUM; month=PROPN; clitic=PART,
POSGOLD_0314,POSGOLD_024,24,D14,SRC01,29,D14_P029_SEC_14_68_PAR001,D14_SEC_14_68,Precise and functional data categorisation allows governance to be targeted without becoming indiscriminate.,2,functional,ADJ,manual,single annotator: implementing author (Phase 2),UPOS-17; attributive participle=ADJ; predicative participle=VERB; FY/years=NUM; month=PROPN; clitic=PART,
POSGOLD_0315,POSGOLD_024,24,D14,SRC01,29,D14_P029_SEC_14_68_PAR001,D14_SEC_14_68,Precise and functional data categorisation allows governance to be targeted without becoming indiscriminate.,3,data,NOUN,manual,single annotator: implementing author (Phase 2),UPOS-17; attributive participle=ADJ; predicative participle=VERB; FY/years=NUM; month=PROPN; clitic=PART,
POSGOLD_0316,POSGOLD_024,24,D14,SRC01,29,D14_P029_SEC_14_68_PAR001,D14_SEC_14_68,Precise and functional data categorisation allows governance to be targeted without becoming indiscriminate.,4,categorisation,NOUN,manual,single annotator: implementing author (Phase 2),UPOS-17; attributive participle=ADJ; predicative participle=VERB; FY/years=NUM; month=PROPN; clitic=PART,
POSGOLD_0317,POSGOLD_024,24,D14,SRC01,29,D14_P029_SEC_14_68_PAR001,D14_SEC_14_68,Precise and functional data categorisation allows governance to be targeted without becoming indiscriminate.,5,allows,VERB,manual,single annotator: implementing author (Phase 2),UPOS-17; attributive participle=ADJ; predicative participle=VERB; FY/years=NUM; month=PROPN; clitic=PART,
POSGOLD_0318,POSGOLD_024,24,D14,SRC01,29,D14_P029_SEC_14_68_PAR001,D14_SEC_14_68,Precise and functional data categorisation allows governance to be targeted without becoming indiscriminate.,6,governance,NOUN,manual,single annotator: implementing author (Phase 2),UPOS-17; attributive participle=ADJ; predicative participle=VERB; FY/years=NUM; month=PROPN; clitic=PART,
POSGOLD_0319,POSGOLD_024,24,D14,SRC01,29,D14_P029_SEC_14_68_PAR001,D14_SEC_14_68,Precise and functional data categorisation allows governance to be targeted without becoming indiscriminate.,7,to,PART,manual,single annotator: implementing author (Phase 2),UPOS-17; attributive participle=ADJ; predicative participle=VERB; FY/years=NUM; month=PROPN; clitic=PART,
POSGOLD_0320,POSGOLD_024,24,D14,SRC01,29,D14_P029_SEC_14_68_PAR001,D14_SEC_14_68,Precise and functional data categorisation allows governance to be targeted without becoming indiscriminate.,8,be,AUX,manual,single annotator: implementing author (Phase 2),UPOS-17; attributive participle=ADJ; predicative participle=VERB; FY/years=NUM; month=PROPN; clitic=PART,
POSGOLD_0321,POSGOLD_024,24,D14,SRC01,29,D14_P029_SEC_14_68_PAR001,D14_SEC_14_68,Precise and functional data categorisation allows governance to be targeted without becoming indiscriminate.,9,targeted,VERB,manual,single annotator: implementing author (Phase 2),UPOS-17; attributive participle=ADJ; predicative participle=VERB; FY/years=NUM; month=PROPN; clitic=PART,
POSGOLD_0322,POSGOLD_024,24,D14,SRC01,29,D14_P029_SEC_14_68_PAR001,D14_SEC_14_68,Precise and functional data categorisation allows governance to be targeted without becoming indiscriminate.,10,without,ADP,manual,single annotator: implementing author (Phase 2),UPOS-17; attributive participle=ADJ; predicative participle=VERB; FY/years=NUM; month=PROPN; clitic=PART,
POSGOLD_0323,POSGOLD_024,24,D14,SRC01,29,D14_P029_SEC_14_68_PAR001,D14_SEC_14_68,Precise and functional data categorisation allows governance to be targeted without becoming indiscriminate.,11,becoming,VERB,manual,single annotator: implementing author (Phase 2),UPOS-17; attributive participle=ADJ; predicative participle=VERB; FY/years=NUM; month=PROPN; clitic=PART,
POSGOLD_0324,POSGOLD_024,24,D14,SRC01,29,D14_P029_SEC_14_68_PAR001,D14_SEC_14_68,Precise and functional data categorisation allows governance to be targeted without becoming indiscriminate.,12,indiscriminate,ADJ,manual,single annotator: implementing author (Phase 2),UPOS-17; attributive participle=ADJ; predicative participle=VERB; FY/years=NUM; month=PROPN; clitic=PART,
POSGOLD_0325,POSGOLD_024,24,D14,SRC01,29,D14_P029_SEC_14_68_PAR001,D14_SEC_14_68,Precise and functional data categorisation allows governance to be targeted without becoming indiscriminate.,13,.,PUNCT,manual,single annotator: implementing author (Phase 2),UPOS-17; attributive participle=ADJ; predicative participle=VERB; FY/years=NUM; month=PROPN; clitic=PART,
POSGOLD_0326,POSGOLD_025,25,D02,SRC01,30,D02_P030_UNKNOWN_PAR002,D02_SEC_S66,Some programmes also have built-in exit or review mechanisms.,0,Some,DET,manual,single annotator: implementing author (Phase 2),UPOS-17; attributive participle=ADJ; predicative participle=VERB; FY/years=NUM; month=PROPN; clitic=PART,
POSGOLD_0327,POSGOLD_025,25,D02,SRC01,30,D02_P030_UNKNOWN_PAR002,D02_SEC_S66,Some programmes also have built-in exit or review mechanisms.,1,programmes,NOUN,manual,single annotator: implementing author (Phase 2),UPOS-17; attributive participle=ADJ; predicative participle=VERB; FY/years=NUM; month=PROPN; clitic=PART,
POSGOLD_0328,POSGOLD_025,25,D02,SRC01,30,D02_P030_UNKNOWN_PAR002,D02_SEC_S66,Some programmes also have built-in exit or review mechanisms.,2,also,ADV,manual,single annotator: implementing author (Phase 2),UPOS-17; attributive participle=ADJ; predicative participle=VERB; FY/years=NUM; month=PROPN; clitic=PART,
POSGOLD_0329,POSGOLD_025,25,D02,SRC01,30,D02_P030_UNKNOWN_PAR002,D02_SEC_S66,Some programmes also have built-in exit or review mechanisms.,3,have,AUX,manual,single annotator: implementing author (Phase 2),UPOS-17; attributive participle=ADJ; predicative participle=VERB; FY/years=NUM; month=PROPN; clitic=PART,
POSGOLD_0330,POSGOLD_025,25,D02,SRC01,30,D02_P030_UNKNOWN_PAR002,D02_SEC_S66,Some programmes also have built-in exit or review mechanisms.,4,built,VERB,manual,single annotator: implementing author (Phase 2),UPOS-17; attributive participle=ADJ; predicative participle=VERB; FY/years=NUM; month=PROPN; clitic=PART,
POSGOLD_0331,POSGOLD_025,25,D02,SRC01,30,D02_P030_UNKNOWN_PAR002,D02_SEC_S66,Some programmes also have built-in exit or review mechanisms.,5,-,PUNCT,manual,single annotator: implementing author (Phase 2),UPOS-17; attributive participle=ADJ; predicative participle=VERB; FY/years=NUM; month=PROPN; clitic=PART,
POSGOLD_0332,POSGOLD_025,25,D02,SRC01,30,D02_P030_UNKNOWN_PAR002,D02_SEC_S66,Some programmes also have built-in exit or review mechanisms.,6,in,ADP,manual,single annotator: implementing author (Phase 2),UPOS-17; attributive participle=ADJ; predicative participle=VERB; FY/years=NUM; month=PROPN; clitic=PART,
POSGOLD_0333,POSGOLD_025,25,D02,SRC01,30,D02_P030_UNKNOWN_PAR002,D02_SEC_S66,Some programmes also have built-in exit or review mechanisms.,7,exit,NOUN,manual,single annotator: implementing author (Phase 2),UPOS-17; attributive participle=ADJ; predicative participle=VERB; FY/years=NUM; month=PROPN; clitic=PART,
POSGOLD_0334,POSGOLD_025,25,D02,SRC01,30,D02_P030_UNKNOWN_PAR002,D02_SEC_S66,Some programmes also have built-in exit or review mechanisms.,8,or,CCONJ,manual,single annotator: implementing author (Phase 2),UPOS-17; attributive participle=ADJ; predicative participle=VERB; FY/years=NUM; month=PROPN; clitic=PART,
POSGOLD_0335,POSGOLD_025,25,D02,SRC01,30,D02_P030_UNKNOWN_PAR002,D02_SEC_S66,Some programmes also have built-in exit or review mechanisms.,9,review,NOUN,manual,single annotator: implementing author (Phase 2),UPOS-17; attributive participle=ADJ; predicative participle=VERB; FY/years=NUM; month=PROPN; clitic=PART,
POSGOLD_0336,POSGOLD_025,25,D02,SRC01,30,D02_P030_UNKNOWN_PAR002,D02_SEC_S66,Some programmes also have built-in exit or review mechanisms.,10,mechanisms,NOUN,manual,single annotator: implementing author (Phase 2),UPOS-17; attributive participle=ADJ; predicative participle=VERB; FY/years=NUM; month=PROPN; clitic=PART,
POSGOLD_0337,POSGOLD_025,25,D02,SRC01,30,D02_P030_UNKNOWN_PAR002,D02_SEC_S66,Some programmes also have built-in exit or review mechanisms.,11,.,PUNCT,manual,single annotator: implementing author (Phase 2),UPOS-17; attributive participle=ADJ; predicative participle=VERB; FY/years=NUM; month=PROPN; clitic=PART,
POSGOLD_0338,POSGOLD_026,26,D29,SRC03,1,D29_P001_SEC_11_1_PAR004,D29_SEC_11_1,Some of SEBI's key engagements with IOSCO during 2025-26 are outlined below:,0,Some,DET,manual,single annotator: implementing author (Phase 2),UPOS-17; attributive participle=ADJ; predicative participle=VERB; FY/years=NUM; month=PROPN; clitic=PART,
POSGOLD_0339,POSGOLD_026,26,D29,SRC03,1,D29_P001_SEC_11_1_PAR004,D29_SEC_11_1,Some of SEBI's key engagements with IOSCO during 2025-26 are outlined below:,1,of,ADP,manual,single annotator: implementing author (Phase 2),UPOS-17; attributive participle=ADJ; predicative participle=VERB; FY/years=NUM; month=PROPN; clitic=PART,
POSGOLD_0340,POSGOLD_026,26,D29,SRC03,1,D29_P001_SEC_11_1_PAR004,D29_SEC_11_1,Some of SEBI's key engagements with IOSCO during 2025-26 are outlined below:,2,SEBI,PROPN,manual,single annotator: implementing author (Phase 2),UPOS-17; attributive participle=ADJ; predicative participle=VERB; FY/years=NUM; month=PROPN; clitic=PART,
POSGOLD_0341,POSGOLD_026,26,D29,SRC03,1,D29_P001_SEC_11_1_PAR004,D29_SEC_11_1,Some of SEBI's key engagements with IOSCO during 2025-26 are outlined below:,3,'s,PART,manual,single annotator: implementing author (Phase 2),UPOS-17; attributive participle=ADJ; predicative participle=VERB; FY/years=NUM; month=PROPN; clitic=PART,
POSGOLD_0342,POSGOLD_026,26,D29,SRC03,1,D29_P001_SEC_11_1_PAR004,D29_SEC_11_1,Some of SEBI's key engagements with IOSCO during 2025-26 are outlined below:,4,key,ADJ,manual,single annotator: implementing author (Phase 2),UPOS-17; attributive participle=ADJ; predicative participle=VERB; FY/years=NUM; month=PROPN; clitic=PART,
POSGOLD_0343,POSGOLD_026,26,D29,SRC03,1,D29_P001_SEC_11_1_PAR004,D29_SEC_11_1,Some of SEBI's key engagements with IOSCO during 2025-26 are outlined below:,5,engagements,NOUN,manual,single annotator: implementing author (Phase 2),UPOS-17; attributive participle=ADJ; predicative participle=VERB; FY/years=NUM; month=PROPN; clitic=PART,
POSGOLD_0344,POSGOLD_026,26,D29,SRC03,1,D29_P001_SEC_11_1_PAR004,D29_SEC_11_1,Some of SEBI's key engagements with IOSCO during 2025-26 are outlined below:,6,with,ADP,manual,single annotator: implementing author (Phase 2),UPOS-17; attributive participle=ADJ; predicative participle=VERB; FY/years=NUM; month=PROPN; clitic=PART,
POSGOLD_0345,POSGOLD_026,26,D29,SRC03,1,D29_P001_SEC_11_1_PAR004,D29_SEC_11_1,Some of SEBI's key engagements with IOSCO during 2025-26 are outlined below:,7,IOSCO,PROPN,manual,single annotator: implementing author (Phase 2),UPOS-17; attributive participle=ADJ; predicative participle=VERB; FY/years=NUM; month=PROPN; clitic=PART,
POSGOLD_0346,POSGOLD_026,26,D29,SRC03,1,D29_P001_SEC_11_1_PAR004,D29_SEC_11_1,Some of SEBI's key engagements with IOSCO during 2025-26 are outlined below:,8,during,ADP,manual,single annotator: implementing author (Phase 2),UPOS-17; attributive participle=ADJ; predicative participle=VERB; FY/years=NUM; month=PROPN; clitic=PART,
POSGOLD_0347,POSGOLD_026,26,D29,SRC03,1,D29_P001_SEC_11_1_PAR004,D29_SEC_11_1,Some of SEBI's key engagements with IOSCO during 2025-26 are outlined below:,9,2025,NUM,manual,single annotator: implementing author (Phase 2),UPOS-17; attributive participle=ADJ; predicative participle=VERB; FY/years=NUM; month=PROPN; clitic=PART,
POSGOLD_0348,POSGOLD_026,26,D29,SRC03,1,D29_P001_SEC_11_1_PAR004,D29_SEC_11_1,Some of SEBI's key engagements with IOSCO during 2025-26 are outlined below:,10,-,PUNCT,manual,single annotator: implementing author (Phase 2),UPOS-17; attributive participle=ADJ; predicative participle=VERB; FY/years=NUM; month=PROPN; clitic=PART,
POSGOLD_0349,POSGOLD_026,26,D29,SRC03,1,D29_P001_SEC_11_1_PAR004,D29_SEC_11_1,Some of SEBI's key engagements with IOSCO during 2025-26 are outlined below:,11,26,NUM,manual,single annotator: implementing author (Phase 2),UPOS-17; attributive participle=ADJ; predicative participle=VERB; FY/years=NUM; month=PROPN; clitic=PART,
POSGOLD_0350,POSGOLD_026,26,D29,SRC03,1,D29_P001_SEC_11_1_PAR004,D29_SEC_11_1,Some of SEBI's key engagements with IOSCO during 2025-26 are outlined below:,12,are,VERB,manual,single annotator: implementing author (Phase 2),UPOS-17; attributive participle=ADJ; predicative participle=VERB; FY/years=NUM; month=PROPN; clitic=PART,
POSGOLD_0351,POSGOLD_026,26,D29,SRC03,1,D29_P001_SEC_11_1_PAR004,D29_SEC_11_1,Some of SEBI's key engagements with IOSCO during 2025-26 are outlined below:,13,outlined,VERB,manual,single annotator: implementing author (Phase 2),UPOS-17; attributive participle=ADJ; predicative participle=VERB; FY/years=NUM; month=PROPN; clitic=PART,
POSGOLD_0352,POSGOLD_026,26,D29,SRC03,1,D29_P001_SEC_11_1_PAR004,D29_SEC_11_1,Some of SEBI's key engagements with IOSCO during 2025-26 are outlined below:,14,below,ADV,manual,single annotator: implementing author (Phase 2),UPOS-17; attributive participle=ADJ; predicative participle=VERB; FY/years=NUM; month=PROPN; clitic=PART,
POSGOLD_0353,POSGOLD_026,26,D29,SRC03,1,D29_P001_SEC_11_1_PAR004,D29_SEC_11_1,Some of SEBI's key engagements with IOSCO during 2025-26 are outlined below:,15,:,PUNCT,manual,single annotator: implementing author (Phase 2),UPOS-17; attributive participle=ADJ; predicative participle=VERB; FY/years=NUM; month=PROPN; clitic=PART,
POSGOLD_0354,POSGOLD_027,27,D13,SRC01,3,D13_P003_SEC_13_7_PAR001,D13_SEC_13_7,These aspirations and policy efforts are commonly assessed using benchmarks of poverty and deprivation.,0,These,DET,manual,single annotator: implementing author (Phase 2),UPOS-17; attributive participle=ADJ; predicative participle=VERB; FY/years=NUM; month=PROPN; clitic=PART,
POSGOLD_0355,POSGOLD_027,27,D13,SRC01,3,D13_P003_SEC_13_7_PAR001,D13_SEC_13_7,These aspirations and policy efforts are commonly assessed using benchmarks of poverty and deprivation.,1,aspirations,NOUN,manual,single annotator: implementing author (Phase 2),UPOS-17; attributive participle=ADJ; predicative participle=VERB; FY/years=NUM; month=PROPN; clitic=PART,
POSGOLD_0356,POSGOLD_027,27,D13,SRC01,3,D13_P003_SEC_13_7_PAR001,D13_SEC_13_7,These aspirations and policy efforts are commonly assessed using benchmarks of poverty and deprivation.,2,and,CCONJ,manual,single annotator: implementing author (Phase 2),UPOS-17; attributive participle=ADJ; predicative participle=VERB; FY/years=NUM; month=PROPN; clitic=PART,
POSGOLD_0357,POSGOLD_027,27,D13,SRC01,3,D13_P003_SEC_13_7_PAR001,D13_SEC_13_7,These aspirations and policy efforts are commonly assessed using benchmarks of poverty and deprivation.,3,policy,NOUN,manual,single annotator: implementing author (Phase 2),UPOS-17; attributive participle=ADJ; predicative participle=VERB; FY/years=NUM; month=PROPN; clitic=PART,
POSGOLD_0358,POSGOLD_027,27,D13,SRC01,3,D13_P003_SEC_13_7_PAR001,D13_SEC_13_7,These aspirations and policy efforts are commonly assessed using benchmarks of poverty and deprivation.,4,efforts,NOUN,manual,single annotator: implementing author (Phase 2),UPOS-17; attributive participle=ADJ; predicative participle=VERB; FY/years=NUM; month=PROPN; clitic=PART,
POSGOLD_0359,POSGOLD_027,27,D13,SRC01,3,D13_P003_SEC_13_7_PAR001,D13_SEC_13_7,These aspirations and policy efforts are commonly assessed using benchmarks of poverty and deprivation.,5,are,AUX,manual,single annotator: implementing author (Phase 2),UPOS-17; attributive participle=ADJ; predicative participle=VERB; FY/years=NUM; month=PROPN; clitic=PART,
POSGOLD_0360,POSGOLD_027,27,D13,SRC01,3,D13_P003_SEC_13_7_PAR001,D13_SEC_13_7,These aspirations and policy efforts are commonly assessed using benchmarks of poverty and deprivation.,6,commonly,ADV,manual,single annotator: implementing author (Phase 2),UPOS-17; attributive participle=ADJ; predicative participle=VERB; FY/years=NUM; month=PROPN; clitic=PART,
POSGOLD_0361,POSGOLD_027,27,D13,SRC01,3,D13_P003_SEC_13_7_PAR001,D13_SEC_13_7,These aspirations and policy efforts are commonly assessed using benchmarks of poverty and deprivation.,7,assessed,VERB,manual,single annotator: implementing author (Phase 2),UPOS-17; attributive participle=ADJ; predicative participle=VERB; FY/years=NUM; month=PROPN; clitic=PART,
POSGOLD_0362,POSGOLD_027,27,D13,SRC01,3,D13_P003_SEC_13_7_PAR001,D13_SEC_13_7,These aspirations and policy efforts are commonly assessed using benchmarks of poverty and deprivation.,8,using,ADP,manual,single annotator: implementing author (Phase 2),UPOS-17; attributive participle=ADJ; predicative participle=VERB; FY/years=NUM; month=PROPN; clitic=PART,
POSGOLD_0363,POSGOLD_027,27,D13,SRC01,3,D13_P003_SEC_13_7_PAR001,D13_SEC_13_7,These aspirations and policy efforts are commonly assessed using benchmarks of poverty and deprivation.,9,benchmarks,NOUN,manual,single annotator: implementing author (Phase 2),UPOS-17; attributive participle=ADJ; predicative participle=VERB; FY/years=NUM; month=PROPN; clitic=PART,
POSGOLD_0364,POSGOLD_027,27,D13,SRC01,3,D13_P003_SEC_13_7_PAR001,D13_SEC_13_7,These aspirations and policy efforts are commonly assessed using benchmarks of poverty and deprivation.,10,of,ADP,manual,single annotator: implementing author (Phase 2),UPOS-17; attributive participle=ADJ; predicative participle=VERB; FY/years=NUM; month=PROPN; clitic=PART,
POSGOLD_0365,POSGOLD_027,27,D13,SRC01,3,D13_P003_SEC_13_7_PAR001,D13_SEC_13_7,These aspirations and policy efforts are commonly assessed using benchmarks of poverty and deprivation.,11,poverty,NOUN,manual,single annotator: implementing author (Phase 2),UPOS-17; attributive participle=ADJ; predicative participle=VERB; FY/years=NUM; month=PROPN; clitic=PART,
POSGOLD_0366,POSGOLD_027,27,D13,SRC01,3,D13_P003_SEC_13_7_PAR001,D13_SEC_13_7,These aspirations and policy efforts are commonly assessed using benchmarks of poverty and deprivation.,12,and,CCONJ,manual,single annotator: implementing author (Phase 2),UPOS-17; attributive participle=ADJ; predicative participle=VERB; FY/years=NUM; month=PROPN; clitic=PART,
POSGOLD_0367,POSGOLD_027,27,D13,SRC01,3,D13_P003_SEC_13_7_PAR001,D13_SEC_13_7,These aspirations and policy efforts are commonly assessed using benchmarks of poverty and deprivation.,13,deprivation,NOUN,manual,single annotator: implementing author (Phase 2),UPOS-17; attributive participle=ADJ; predicative participle=VERB; FY/years=NUM; month=PROPN; clitic=PART,
POSGOLD_0368,POSGOLD_027,27,D13,SRC01,3,D13_P003_SEC_13_7_PAR001,D13_SEC_13_7,These aspirations and policy efforts are commonly assessed using benchmarks of poverty and deprivation.,14,.,PUNCT,manual,single annotator: implementing author (Phase 2),UPOS-17; attributive participle=ADJ; predicative participle=VERB; FY/years=NUM; month=PROPN; clitic=PART,
POSGOLD_0369,POSGOLD_028,28,D19,SRC02,2,D19_P002_UNKNOWN_PAR004,D19_SEC_S03,Seven high speed rail corridors will be developed between select cities.,0,Seven,NUM,manual,single annotator: implementing author (Phase 2),UPOS-17; attributive participle=ADJ; predicative participle=VERB; FY/years=NUM; month=PROPN; clitic=PART,
POSGOLD_0370,POSGOLD_028,28,D19,SRC02,2,D19_P002_UNKNOWN_PAR004,D19_SEC_S03,Seven high speed rail corridors will be developed between select cities.,1,high,ADJ,manual,single annotator: implementing author (Phase 2),UPOS-17; attributive participle=ADJ; predicative participle=VERB; FY/years=NUM; month=PROPN; clitic=PART,
POSGOLD_0371,POSGOLD_028,28,D19,SRC02,2,D19_P002_UNKNOWN_PAR004,D19_SEC_S03,Seven high speed rail corridors will be developed between select cities.,2,speed,NOUN,manual,single annotator: implementing author (Phase 2),UPOS-17; attributive participle=ADJ; predicative participle=VERB; FY/years=NUM; month=PROPN; clitic=PART,
POSGOLD_0372,POSGOLD_028,28,D19,SRC02,2,D19_P002_UNKNOWN_PAR004,D19_SEC_S03,Seven high speed rail corridors will be developed between select cities.,3,rail,NOUN,manual,single annotator: implementing author (Phase 2),UPOS-17; attributive participle=ADJ; predicative participle=VERB; FY/years=NUM; month=PROPN; clitic=PART,
POSGOLD_0373,POSGOLD_028,28,D19,SRC02,2,D19_P002_UNKNOWN_PAR004,D19_SEC_S03,Seven high speed rail corridors will be developed between select cities.,4,corridors,NOUN,manual,single annotator: implementing author (Phase 2),UPOS-17; attributive participle=ADJ; predicative participle=VERB; FY/years=NUM; month=PROPN; clitic=PART,
POSGOLD_0374,POSGOLD_028,28,D19,SRC02,2,D19_P002_UNKNOWN_PAR004,D19_SEC_S03,Seven high speed rail corridors will be developed between select cities.,5,will,AUX,manual,single annotator: implementing author (Phase 2),UPOS-17; attributive participle=ADJ; predicative participle=VERB; FY/years=NUM; month=PROPN; clitic=PART,
POSGOLD_0375,POSGOLD_028,28,D19,SRC02,2,D19_P002_UNKNOWN_PAR004,D19_SEC_S03,Seven high speed rail corridors will be developed between select cities.,6,be,AUX,manual,single annotator: implementing author (Phase 2),UPOS-17; attributive participle=ADJ; predicative participle=VERB; FY/years=NUM; month=PROPN; clitic=PART,
POSGOLD_0376,POSGOLD_028,28,D19,SRC02,2,D19_P002_UNKNOWN_PAR004,D19_SEC_S03,Seven high speed rail corridors will be developed between select cities.,7,developed,VERB,manual,single annotator: implementing author (Phase 2),UPOS-17; attributive participle=ADJ; predicative participle=VERB; FY/years=NUM; month=PROPN; clitic=PART,
POSGOLD_0377,POSGOLD_028,28,D19,SRC02,2,D19_P002_UNKNOWN_PAR004,D19_SEC_S03,Seven high speed rail corridors will be developed between select cities.,8,between,ADP,manual,single annotator: implementing author (Phase 2),UPOS-17; attributive participle=ADJ; predicative participle=VERB; FY/years=NUM; month=PROPN; clitic=PART,
POSGOLD_0378,POSGOLD_028,28,D19,SRC02,2,D19_P002_UNKNOWN_PAR004,D19_SEC_S03,Seven high speed rail corridors will be developed between select cities.,9,select,ADJ,manual,single annotator: implementing author (Phase 2),UPOS-17; attributive participle=ADJ; predicative participle=VERB; FY/years=NUM; month=PROPN; clitic=PART,
POSGOLD_0379,POSGOLD_028,28,D19,SRC02,2,D19_P002_UNKNOWN_PAR004,D19_SEC_S03,Seven high speed rail corridors will be developed between select cities.,10,cities,NOUN,manual,single annotator: implementing author (Phase 2),UPOS-17; attributive participle=ADJ; predicative participle=VERB; FY/years=NUM; month=PROPN; clitic=PART,
POSGOLD_0380,POSGOLD_028,28,D19,SRC02,2,D19_P002_UNKNOWN_PAR004,D19_SEC_S03,Seven high speed rail corridors will be developed between select cities.,11,.,PUNCT,manual,single annotator: implementing author (Phase 2),UPOS-17; attributive participle=ADJ; predicative participle=VERB; FY/years=NUM; month=PROPN; clitic=PART,
POSGOLD_0381,POSGOLD_029,29,D16,SRC01,16,D16_P016_SEC_16_51_PAR001,D16_SEC_16_51,"Regulatory discretion, administrative mediation, or protection can sustain profitability even when productivity lags.",0,Regulatory,ADJ,manual,single annotator: implementing author (Phase 2),UPOS-17; attributive participle=ADJ; predicative participle=VERB; FY/years=NUM; month=PROPN; clitic=PART,
POSGOLD_0382,POSGOLD_029,29,D16,SRC01,16,D16_P016_SEC_16_51_PAR001,D16_SEC_16_51,"Regulatory discretion, administrative mediation, or protection can sustain profitability even when productivity lags.",1,discretion,NOUN,manual,single annotator: implementing author (Phase 2),UPOS-17; attributive participle=ADJ; predicative participle=VERB; FY/years=NUM; month=PROPN; clitic=PART,
POSGOLD_0383,POSGOLD_029,29,D16,SRC01,16,D16_P016_SEC_16_51_PAR001,D16_SEC_16_51,"Regulatory discretion, administrative mediation, or protection can sustain profitability even when productivity lags.",2,",",PUNCT,manual,single annotator: implementing author (Phase 2),UPOS-17; attributive participle=ADJ; predicative participle=VERB; FY/years=NUM; month=PROPN; clitic=PART,
POSGOLD_0384,POSGOLD_029,29,D16,SRC01,16,D16_P016_SEC_16_51_PAR001,D16_SEC_16_51,"Regulatory discretion, administrative mediation, or protection can sustain profitability even when productivity lags.",3,administrative,ADJ,manual,single annotator: implementing author (Phase 2),UPOS-17; attributive participle=ADJ; predicative participle=VERB; FY/years=NUM; month=PROPN; clitic=PART,
POSGOLD_0385,POSGOLD_029,29,D16,SRC01,16,D16_P016_SEC_16_51_PAR001,D16_SEC_16_51,"Regulatory discretion, administrative mediation, or protection can sustain profitability even when productivity lags.",4,mediation,NOUN,manual,single annotator: implementing author (Phase 2),UPOS-17; attributive participle=ADJ; predicative participle=VERB; FY/years=NUM; month=PROPN; clitic=PART,
POSGOLD_0386,POSGOLD_029,29,D16,SRC01,16,D16_P016_SEC_16_51_PAR001,D16_SEC_16_51,"Regulatory discretion, administrative mediation, or protection can sustain profitability even when productivity lags.",5,",",PUNCT,manual,single annotator: implementing author (Phase 2),UPOS-17; attributive participle=ADJ; predicative participle=VERB; FY/years=NUM; month=PROPN; clitic=PART,
POSGOLD_0387,POSGOLD_029,29,D16,SRC01,16,D16_P016_SEC_16_51_PAR001,D16_SEC_16_51,"Regulatory discretion, administrative mediation, or protection can sustain profitability even when productivity lags.",6,or,CCONJ,manual,single annotator: implementing author (Phase 2),UPOS-17; attributive participle=ADJ; predicative participle=VERB; FY/years=NUM; month=PROPN; clitic=PART,
POSGOLD_0388,POSGOLD_029,29,D16,SRC01,16,D16_P016_SEC_16_51_PAR001,D16_SEC_16_51,"Regulatory discretion, administrative mediation, or protection can sustain profitability even when productivity lags.",7,protection,NOUN,manual,single annotator: implementing author (Phase 2),UPOS-17; attributive participle=ADJ; predicative participle=VERB; FY/years=NUM; month=PROPN; clitic=PART,
POSGOLD_0389,POSGOLD_029,29,D16,SRC01,16,D16_P016_SEC_16_51_PAR001,D16_SEC_16_51,"Regulatory discretion, administrative mediation, or protection can sustain profitability even when productivity lags.",8,can,AUX,manual,single annotator: implementing author (Phase 2),UPOS-17; attributive participle=ADJ; predicative participle=VERB; FY/years=NUM; month=PROPN; clitic=PART,
POSGOLD_0390,POSGOLD_029,29,D16,SRC01,16,D16_P016_SEC_16_51_PAR001,D16_SEC_16_51,"Regulatory discretion, administrative mediation, or protection can sustain profitability even when productivity lags.",9,sustain,VERB,manual,single annotator: implementing author (Phase 2),UPOS-17; attributive participle=ADJ; predicative participle=VERB; FY/years=NUM; month=PROPN; clitic=PART,
POSGOLD_0391,POSGOLD_029,29,D16,SRC01,16,D16_P016_SEC_16_51_PAR001,D16_SEC_16_51,"Regulatory discretion, administrative mediation, or protection can sustain profitability even when productivity lags.",10,profitability,NOUN,manual,single annotator: implementing author (Phase 2),UPOS-17; attributive participle=ADJ; predicative participle=VERB; FY/years=NUM; month=PROPN; clitic=PART,
POSGOLD_0392,POSGOLD_029,29,D16,SRC01,16,D16_P016_SEC_16_51_PAR001,D16_SEC_16_51,"Regulatory discretion, administrative mediation, or protection can sustain profitability even when productivity lags.",11,even,ADV,manual,single annotator: implementing author (Phase 2),UPOS-17; attributive participle=ADJ; predicative participle=VERB; FY/years=NUM; month=PROPN; clitic=PART,
POSGOLD_0393,POSGOLD_029,29,D16,SRC01,16,D16_P016_SEC_16_51_PAR001,D16_SEC_16_51,"Regulatory discretion, administrative mediation, or protection can sustain profitability even when productivity lags.",12,when,ADV,manual,single annotator: implementing author (Phase 2),UPOS-17; attributive participle=ADJ; predicative participle=VERB; FY/years=NUM; month=PROPN; clitic=PART,
POSGOLD_0394,POSGOLD_029,29,D16,SRC01,16,D16_P016_SEC_16_51_PAR001,D16_SEC_16_51,"Regulatory discretion, administrative mediation, or protection can sustain profitability even when productivity lags.",13,productivity,NOUN,manual,single annotator: implementing author (Phase 2),UPOS-17; attributive participle=ADJ; predicative participle=VERB; FY/years=NUM; month=PROPN; clitic=PART,
POSGOLD_0395,POSGOLD_029,29,D16,SRC01,16,D16_P016_SEC_16_51_PAR001,D16_SEC_16_51,"Regulatory discretion, administrative mediation, or protection can sustain profitability even when productivity lags.",14,lags,VERB,manual,single annotator: implementing author (Phase 2),UPOS-17; attributive participle=ADJ; predicative participle=VERB; FY/years=NUM; month=PROPN; clitic=PART,
POSGOLD_0396,POSGOLD_029,29,D16,SRC01,16,D16_P016_SEC_16_51_PAR001,D16_SEC_16_51,"Regulatory discretion, administrative mediation, or protection can sustain profitability even when productivity lags.",15,.,PUNCT,manual,single annotator: implementing author (Phase 2),UPOS-17; attributive participle=ADJ; predicative participle=VERB; FY/years=NUM; month=PROPN; clitic=PART,
POSGOLD_0397,POSGOLD_030,30,D06,SRC01,10,D06_P010_SEC_6_16_PAR001,D06_SEC_6_16,"period, accompanied by sharp increases in Fresh Fruit Bunch and crude palm oil production.",0,period,NOUN,manual,single annotator: implementing author (Phase 2),UPOS-17; attributive participle=ADJ; predicative participle=VERB; FY/years=NUM; month=PROPN; clitic=PART,
POSGOLD_0398,POSGOLD_030,30,D06,SRC01,10,D06_P010_SEC_6_16_PAR001,D06_SEC_6_16,"period, accompanied by sharp increases in Fresh Fruit Bunch and crude palm oil production.",1,",",PUNCT,manual,single annotator: implementing author (Phase 2),UPOS-17; attributive participle=ADJ; predicative participle=VERB; FY/years=NUM; month=PROPN; clitic=PART,
POSGOLD_0399,POSGOLD_030,30,D06,SRC01,10,D06_P010_SEC_6_16_PAR001,D06_SEC_6_16,"period, accompanied by sharp increases in Fresh Fruit Bunch and crude palm oil production.",2,accompanied,VERB,manual,single annotator: implementing author (Phase 2),UPOS-17; attributive participle=ADJ; predicative participle=VERB; FY/years=NUM; month=PROPN; clitic=PART,
POSGOLD_0400,POSGOLD_030,30,D06,SRC01,10,D06_P010_SEC_6_16_PAR001,D06_SEC_6_16,"period, accompanied by sharp increases in Fresh Fruit Bunch and crude palm oil production.",3,by,ADP,manual,single annotator: implementing author (Phase 2),UPOS-17; attributive participle=ADJ; predicative participle=VERB; FY/years=NUM; month=PROPN; clitic=PART,
POSGOLD_0401,POSGOLD_030,30,D06,SRC01,10,D06_P010_SEC_6_16_PAR001,D06_SEC_6_16,"period, accompanied by sharp increases in Fresh Fruit Bunch and crude palm oil production.",4,sharp,ADJ,manual,single annotator: implementing author (Phase 2),UPOS-17; attributive participle=ADJ; predicative participle=VERB; FY/years=NUM; month=PROPN; clitic=PART,
POSGOLD_0402,POSGOLD_030,30,D06,SRC01,10,D06_P010_SEC_6_16_PAR001,D06_SEC_6_16,"period, accompanied by sharp increases in Fresh Fruit Bunch and crude palm oil production.",5,increases,NOUN,manual,single annotator: implementing author (Phase 2),UPOS-17; attributive participle=ADJ; predicative participle=VERB; FY/years=NUM; month=PROPN; clitic=PART,
POSGOLD_0403,POSGOLD_030,30,D06,SRC01,10,D06_P010_SEC_6_16_PAR001,D06_SEC_6_16,"period, accompanied by sharp increases in Fresh Fruit Bunch and crude palm oil production.",6,in,ADP,manual,single annotator: implementing author (Phase 2),UPOS-17; attributive participle=ADJ; predicative participle=VERB; FY/years=NUM; month=PROPN; clitic=PART,
POSGOLD_0404,POSGOLD_030,30,D06,SRC01,10,D06_P010_SEC_6_16_PAR001,D06_SEC_6_16,"period, accompanied by sharp increases in Fresh Fruit Bunch and crude palm oil production.",7,Fresh,PROPN,manual,single annotator: implementing author (Phase 2),UPOS-17; attributive participle=ADJ; predicative participle=VERB; FY/years=NUM; month=PROPN; clitic=PART,
POSGOLD_0405,POSGOLD_030,30,D06,SRC01,10,D06_P010_SEC_6_16_PAR001,D06_SEC_6_16,"period, accompanied by sharp increases in Fresh Fruit Bunch and crude palm oil production.",8,Fruit,PROPN,manual,single annotator: implementing author (Phase 2),UPOS-17; attributive participle=ADJ; predicative participle=VERB; FY/years=NUM; month=PROPN; clitic=PART,
POSGOLD_0406,POSGOLD_030,30,D06,SRC01,10,D06_P010_SEC_6_16_PAR001,D06_SEC_6_16,"period, accompanied by sharp increases in Fresh Fruit Bunch and crude palm oil production.",9,Bunch,PROPN,manual,single annotator: implementing author (Phase 2),UPOS-17; attributive participle=ADJ; predicative participle=VERB; FY/years=NUM; month=PROPN; clitic=PART,
POSGOLD_0407,POSGOLD_030,30,D06,SRC01,10,D06_P010_SEC_6_16_PAR001,D06_SEC_6_16,"period, accompanied by sharp increases in Fresh Fruit Bunch and crude palm oil production.",10,and,CCONJ,manual,single annotator: implementing author (Phase 2),UPOS-17; attributive participle=ADJ; predicative participle=VERB; FY/years=NUM; month=PROPN; clitic=PART,
POSGOLD_0408,POSGOLD_030,30,D06,SRC01,10,D06_P010_SEC_6_16_PAR001,D06_SEC_6_16,"period, accompanied by sharp increases in Fresh Fruit Bunch and crude palm oil production.",11,crude,ADJ,manual,single annotator: implementing author (Phase 2),UPOS-17; attributive participle=ADJ; predicative participle=VERB; FY/years=NUM; month=PROPN; clitic=PART,
POSGOLD_0409,POSGOLD_030,30,D06,SRC01,10,D06_P010_SEC_6_16_PAR001,D06_SEC_6_16,"period, accompanied by sharp increases in Fresh Fruit Bunch and crude palm oil production.",12,palm,NOUN,manual,single annotator: implementing author (Phase 2),UPOS-17; attributive participle=ADJ; predicative participle=VERB; FY/years=NUM; month=PROPN; clitic=PART,
POSGOLD_0410,POSGOLD_030,30,D06,SRC01,10,D06_P010_SEC_6_16_PAR001,D06_SEC_6_16,"period, accompanied by sharp increases in Fresh Fruit Bunch and crude palm oil production.",13,oil,NOUN,manual,single annotator: implementing author (Phase 2),UPOS-17; attributive participle=ADJ; predicative participle=VERB; FY/years=NUM; month=PROPN; clitic=PART,
POSGOLD_0411,POSGOLD_030,30,D06,SRC01,10,D06_P010_SEC_6_16_PAR001,D06_SEC_6_16,"period, accompanied by sharp increases in Fresh Fruit Bunch and crude palm oil production.",14,production,NOUN,manual,single annotator: implementing author (Phase 2),UPOS-17; attributive participle=ADJ; predicative participle=VERB; FY/years=NUM; month=PROPN; clitic=PART,
POSGOLD_0412,POSGOLD_030,30,D06,SRC01,10,D06_P010_SEC_6_16_PAR001,D06_SEC_6_16,"period, accompanied by sharp increases in Fresh Fruit Bunch and crude palm oil production.",15,.,PUNCT,manual,single annotator: implementing author (Phase 2),UPOS-17; attributive participle=ADJ; predicative participle=VERB; FY/years=NUM; month=PROPN; clitic=PART,
